Sequence_ID,Frame,Pose,L_Shoulder_Angle,R_Shoulder_Angle,L_Elbow_Angle,R_Elbow_Angle,L_Hip_Angle,R_Hip_Angle,L_Knee_Angle,R_Knee_Angle
1149,1,Front/Back,151.75,141.6,180.0,158.42,151.75,163.17,180.0,180.0
1149,2,Front/Back,156.2,158.29,179.99,180.0,156.22,158.29,175.41,180.0
1149,3,Front/Back,143.68,158.29,166.19,180.0,157.49,158.29,163.23,180.0
1149,4,Front/Back,141.09,142.98,163.6,158.19,157.49,164.79,164.97,180.0
1149,5,Front/Back,140.61,140.47,150.86,153.53,158.85,144.18,140.61,157.23
1149,6,Front/Back,139.31,138.07,149.02,150.99,158.85,140.77,142.02,153.69
1149,7,Front/Back,134.0,135.88,144.27,145.79,141.98,156.01,147.6,171.0
1149,8,Front/Back,137.8,129.74,149.2,144.55,136.02,160.1,145.2,180.0
1149,9,Front/Back,138.49,138.94,150.11,163.14,132.26,155.78,156.0,179.99
1149,10,Front/Back,138.76,139.77,151.01,163.97,127.53,137.25,151.23,161.45
1149,11,Front/Back,143.96,140.03,156.14,152.08,124.7,132.42,147.09,155.37
1149,12,Front/Back,156.37,157.01,165.96,170.39,130.69,130.66,138.84,153.65
1149,13,Front/Back,156.37,157.05,164.66,165.47,130.69,132.43,143.5,155.38
1149,14,Front/Back,155.26,145.3,164.22,148.44,127.99,132.33,141.43,153.65
1149,15,Front/Back,155.26,158.68,162.56,154.03,127.99,132.37,152.73,153.69
1149,16,Front/Back,155.34,157.45,160.55,150.05,125.17,131.1,139.01,153.65
1149,17,Front/Back,155.26,156.18,156.78,148.07,116.46,128.2,141.2,152.02
1149,18,Front/Back,155.26,156.18,153.58,144.41,115.42,126.69,140.17,150.51
1149,19,Front/Back,155.26,157.57,150.56,144.41,118.95,129.63,143.7,152.06
1149,20,Front/Back,156.44,150.32,147.81,144.41,125.21,134.26,148.77,163.94
1149,21,Front/Back,154.5,151.19,141.13,145.29,123.27,130.42,148.77,159.23
1149,22,Front/Back,157.61,151.19,140.73,145.29,126.37,135.13,148.77,163.94
1149,23,Front/Back,158.92,147.87,146.81,151.78,127.68,138.59,148.77,170.73
1149,24,Front/Back,154.12,155.85,146.81,154.43,121.56,128.15,147.43,152.3
1149,25,Front/Back,154.12,155.85,148.47,156.91,124.28,131.42,150.15,155.57
1149,26,Front/Back,155.34,155.79,150.69,159.67,137.39,128.23,162.05,152.43
1149,27,Front/Back,153.04,155.85,153.07,162.86,135.09,125.23,153.92,149.38
1149,28,Front/Back,138.58,155.85,141.21,166.06,140.28,143.55,148.27,167.7
1149,29,Front/Back,142.94,155.85,144.7,180.0,156.31,155.85,160.15,180.0
1149,30,Front/Back,130.13,141.08,139.1,163.98,151.87,157.1,157.11,180.0
1149,31,Front/Back,130.42,133.61,136.72,153.7,142.0,159.91,117.47,180.0
1149,32,Front/Back,133.78,131.62,138.53,150.19,140.8,161.43,118.13,180.0
1149,33,Front/Back,133.12,129.55,142.08,149.64,138.64,159.91,149.07,180.0
1149,34,Front/Back,139.28,131.75,146.91,151.91,138.09,135.67,141.83,155.83
1149,35,Front/Back,151.24,139.27,157.56,155.28,148.82,135.53,145.21,155.69
1149,36,Front/Back,158.7,166.83,176.98,158.09,140.75,140.67,140.0,153.84
1149,37,Front/Back,161.58,152.61,179.99,163.34,137.69,146.7,151.52,147.0
1149,38,Front/Back,169.35,166.36,179.97,166.36,147.22,166.97,157.86,159.87
1149,39,Front/Back,179.98,179.98,179.97,179.97,179.98,179.98,179.97,179.97
1150,1,Side,158.69,155.07,153.7,158.89,174.76,148.33,174.83,158.99
1150,2,Side,155.22,153.59,152.2,158.59,175.16,150.04,174.34,160.0
1150,3,Side,152.51,156.28,153.05,161.45,178.35,150.33,176.16,160.64
1150,4,Side,148.48,154.71,148.46,161.08,179.93,151.78,177.2,161.59
1150,5,Side,144.9,155.66,146.68,164.52,178.96,153.04,177.61,162.22
1150,6,Side,142.0,155.66,145.72,166.21,177.14,153.67,178.59,162.86
1150,7,Side,131.44,149.87,138.53,163.76,167.31,157.61,173.83,165.35
1150,8,Side,122.17,143.2,131.43,160.78,159.95,162.55,167.51,168.57
1150,9,Side,110.71,135.7,121.83,156.8,150.7,167.71,160.29,172.25
1150,10,Side,101.02,128.96,114.39,154.51,142.09,174.05,152.78,177.26
1150,11,Side,91.05,116.06,108.83,144.21,134.08,178.96,146.87,179.53
1150,12,Side,80.18,106.06,96.64,134.82,140.43,175.72,151.91,179.69
1150,13,Side,68.76,95.84,85.16,126.79,149.52,172.62,159.77,179.91
1150,14,Side,55.01,77.47,71.72,109.08,155.63,168.43,165.01,177.2
1150,15,Side,43.54,58.03,58.85,90.25,160.76,164.77,168.75,175.37
1150,16,Side,37.35,42.3,49.46,76.67,177.03,160.38,179.36,172.02
1150,17,Side,36.19,37.91,46.58,71.76,178.46,163.79,177.38,176.27
1150,18,Side,31.28,34.18,44.95,67.0,170.15,165.55,177.33,177.32
1150,19,Side,30.59,31.53,42.97,63.37,171.06,163.27,178.72,179.17
1150,20,Side,29.12,28.88,41.5,60.06,171.72,161.4,180.0,179.06
1150,21,Side,27.19,25.63,39.5,56.86,175.87,159.63,172.74,176.93
1150,22,Side,33.4,31.81,45.62,63.87,172.06,160.93,179.27,177.7
1150,23,Side,40.54,39.61,53.89,73.31,166.31,164.77,170.65,179.8
1150,24,Side,50.85,52.42,62.54,87.69,169.71,167.02,169.45,178.53
1150,25,Side,59.15,54.99,71.12,90.18,166.14,165.15,164.64,176.74
1150,26,Side,68.22,61.11,81.95,96.43,162.37,165.51,162.63,174.11
1150,27,Side,74.53,75.64,87.82,110.33,159.26,168.0,160.22,174.97
1150,28,Side,81.37,88.11,96.33,122.03,151.52,170.97,154.15,177.02
1150,29,Side,88.2,98.43,103.44,131.01,147.45,172.27,150.35,176.51
1150,30,Side,94.74,106.49,110.23,138.22,144.08,172.71,147.23,175.23
1150,31,Side,105.2,111.99,121.43,143.59,141.66,174.57,144.79,176.99
1150,32,Side,112.45,119.94,126.98,148.25,145.74,175.15,148.36,174.05
1150,33,Side,120.5,128.24,133.03,154.2,154.23,177.15,156.06,165.69
1150,34,Side,122.81,135.39,133.74,158.07,157.25,178.9,159.01,157.65
1150,35,Side,129.44,140.7,138.79,158.12,161.38,179.79,162.65,150.02
1150,36,Side,135.16,147.73,144.67,162.63,164.52,176.09,165.74,152.56
1150,37,Side,140.77,153.12,148.07,165.47,165.94,172.92,166.02,154.11
1150,38,Side,146.57,157.83,152.8,167.6,168.7,168.43,167.69,156.97
1150,39,Side,152.65,164.65,157.75,168.84,171.09,156.97,168.95,164.7
1150,40,Side,158.71,165.87,162.98,168.69,170.62,154.48,167.43,166.74
1151,1,Side,151.52,161.94,155.58,167.0,160.7,176.24,174.52,143.33
1151,2,Side,149.94,161.38,155.14,166.44,167.09,174.43,158.35,148.66
1151,3,Side,147.18,159.87,152.82,163.74,163.17,172.63,167.86,153.39
1151,4,Side,148.89,156.48,153.76,159.52,162.72,172.83,169.39,152.85
1151,5,Side,145.29,155.97,151.75,160.43,162.38,171.01,167.46,159.62
1151,6,Side,146.89,147.28,151.66,152.1,164.27,169.36,167.46,161.52
1151,7,Side,143.12,148.48,142.89,148.24,165.57,168.37,168.52,166.12
1151,8,Side,131.77,144.85,131.66,142.55,160.44,169.42,173.9,167.37
1151,9,Side,119.25,137.34,116.45,131.17,163.03,168.56,171.99,173.4
1151,10,Side,100.99,114.25,97.97,104.85,158.67,167.15,174.5,175.76
1151,11,Side,89.07,97.57,83.43,87.95,158.73,167.13,174.87,177.17
1151,12,Side,79.79,78.57,68.53,68.11,164.35,169.22,170.71,174.09
1151,13,Side,73.24,81.13,61.69,67.57,164.27,169.51,171.29,176.17
1151,14,Side,59.42,62.95,44.79,47.5,163.44,168.96,173.1,177.19
1151,15,Side,46.69,45.17,31.26,29.96,165.3,168.23,168.04,173.91
1151,16,Side,38.13,40.97,22.65,22.83,167.4,168.44,161.97,174.71
1151,17,Side,33.13,34.02,15.67,14.22,168.02,169.51,164.15,173.99
1151,18,Side,34.79,38.49,14.95,19.93,171.84,167.79,162.82,172.81
1151,19,Side,31.31,38.98,15.2,19.42,166.84,168.46,165.4,172.94
1151,20,Side,32.71,32.32,13.88,13.01,169.68,169.04,163.46,171.58
1151,21,Side,28.03,32.08,14.48,12.2,170.42,170.24,162.21,170.71
1151,22,Side,27.72,29.2,14.48,13.47,170.46,169.08,160.27,174.62
1151,23,Side,38.7,34.78,24.32,16.77,171.4,168.29,159.07,179.57
1151,24,Side,43.51,39.98,29.48,24.27,171.52,168.36,157.84,174.28
1151,25,Side,49.24,48.08,37.1,30.01,169.79,169.67,156.94,176.22
1151,26,Side,61.49,59.79,50.67,45.0,165.81,166.13,164.75,176.51
1151,27,Side,84.49,77.25,74.04,62.48,165.21,168.08,163.97,177.4
1151,28,Side,96.47,98.89,86.39,85.83,167.35,168.33,161.81,173.8
1151,29,Side,109.85,111.86,98.43,98.82,168.84,167.05,160.24,174.22
1151,30,Side,124.91,123.9,114.46,110.1,166.96,164.97,166.04,174.75
1151,31,Side,133.78,130.85,126.84,118.54,167.55,165.44,161.24,171.97
1151,32,Side,140.35,137.94,135.3,128.39,165.87,166.26,163.17,169.5
1151,33,Side,143.45,134.35,141.45,127.93,164.58,166.35,164.11,168.33
1151,34,Side,147.23,138.2,146.99,133.85,163.38,166.9,165.74,165.95
1151,35,Side,148.15,143.83,149.36,141.42,162.81,168.0,168.77,158.22
1151,36,Side,143.28,147.12,142.81,147.3,162.54,167.58,169.72,158.29
1151,37,Side,152.68,147.16,156.18,147.38,164.45,168.57,162.77,154.91
1151,38,Side,154.48,147.64,164.83,147.47,160.16,169.46,174.64,155.61
1152,1,Front/Back,179.98,179.98,179.98,179.98,179.98,179.98,179.98,179.98
1152,2,Front/Back,173.59,164.18,160.12,168.89,173.59,164.18,180.0,143.45
1152,3,Front/Back,164.73,164.49,160.12,167.99,164.73,164.49,180.0,144.24
1152,4,Front/Back,166.32,164.38,160.12,167.21,166.32,164.38,180.0,144.24
1152,5,Front/Back,147.69,154.95,149.5,144.29,164.73,177.2,180.0,144.61
1152,6,Front/Back,146.16,160.38,147.45,165.95,164.73,160.38,180.0,140.25
1152,7,Front/Back,141.98,143.39,142.28,138.87,160.55,169.97,180.0,140.55
1152,8,Front/Back,137.21,143.6,139.65,157.41,160.57,151.21,180.0,150.53
1152,9,Front/Back,133.69,135.09,135.71,153.19,160.61,150.42,180.0,162.32
1152,10,Front/Back,142.44,122.74,142.77,135.03,159.79,155.83,180.0,158.41
1152,11,Front/Back,140.74,124.97,139.46,143.2,152.15,149.58,171.05,157.62
1152,12,Front/Back,136.03,121.64,136.51,126.34,147.55,159.4,171.05,180.0
1152,13,Front/Back,124.5,118.85,126.13,123.65,144.43,159.3,171.07,180.0
1152,14,Front/Back,119.24,108.67,121.69,124.11,137.73,148.48,165.31,180.0
1152,15,Front/Back,113.52,101.03,119.13,132.86,134.25,142.04,165.09,180.0
1152,16,Front/Back,105.49,92.91,115.66,115.54,135.84,145.18,171.24,180.0
1152,17,Front/Back,98.83,98.08,97.98,113.01,138.82,149.17,176.98,180.0
1152,18,Front/Back,92.3,95.31,94.66,109.08,138.6,147.05,180.0,180.0
1152,19,Front/Back,86.62,97.98,93.28,106.79,135.59,145.08,180.0,180.0
1152,20,Front/Back,79.81,96.6,89.55,105.61,133.86,143.03,180.0,180.0
1152,21,Front/Back,87.43,87.84,90.43,100.94,133.76,137.23,176.98,180.0
1152,22,Front/Back,81.65,87.65,88.04,103.5,133.29,133.1,180.0,180.0
1152,23,Front/Back,84.2,88.33,90.74,107.63,133.32,129.65,180.0,180.0
1152,24,Front/Back,80.74,90.42,90.07,109.9,131.65,129.7,180.0,180.0
1152,25,Front/Back,84.19,88.83,96.23,108.88,131.65,130.28,180.0,180.0
1152,26,Front/Back,94.74,95.52,102.4,113.61,132.76,132.42,180.0,180.0
1152,27,Front/Back,94.34,97.03,99.46,115.76,133.88,131.78,180.0,180.0
1152,28,Front/Back,108.66,102.25,103.28,115.15,143.18,137.61,180.0,180.0
1152,29,Front/Back,106.86,98.49,102.86,113.89,143.18,135.11,180.0,180.0
1152,30,Front/Back,99.82,106.78,98.75,111.91,139.24,145.38,180.0,180.0
1152,31,Front/Back,121.99,104.63,107.32,108.86,127.78,146.09,154.49,180.0
1152,32,Front/Back,125.53,95.21,107.19,107.63,130.33,137.91,153.1,180.0
1152,33,Front/Back,116.35,97.03,100.12,108.19,137.72,141.05,165.21,180.0
1152,34,Front/Back,118.51,100.16,102.07,109.34,151.59,143.02,180.0,180.0
1152,35,Front/Back,111.66,103.7,101.73,110.97,149.11,145.12,180.0,180.0
1152,36,Front/Back,113.7,112.52,106.49,121.91,149.88,145.83,180.0,180.0
1152,37,Front/Back,118.39,116.5,105.97,119.64,156.12,151.25,180.0,180.0
1152,38,Front/Back,125.92,124.26,114.37,124.23,155.14,150.36,180.0,180.0
1152,39,Front/Back,128.64,123.07,108.86,124.78,166.29,152.1,180.0,180.0
1152,40,Front/Back,137.21,129.44,119.09,135.59,161.91,149.71,177.18,180.0
1152,41,Front/Back,150.59,137.87,129.07,139.99,156.23,153.81,167.85,180.0
1152,42,Front/Back,150.88,144.19,144.95,135.08,168.23,156.62,180.0,169.02
1152,43,Front/Back,180.0,158.61,162.63,140.17,157.43,161.49,157.43,161.49
1152,44,Front/Back,180.0,155.75,163.02,141.2,150.43,153.89,150.43,153.89
1153,1,Side,141.23,133.96,144.64,144.59,170.44,177.66,50.77,59.3
1153,2,Side,128.85,129.71,134.05,137.2,174.81,175.77,49.05,58.9
1153,3,Side,122.76,126.31,126.61,130.63,175.38,176.87,46.15,67.04
1153,4,Side,122.39,120.78,128.16,123.4,175.38,179.1,43.62,70.35
1153,5,Side,120.15,116.55,125.93,116.13,175.39,178.16,42.3,73.45
1153,6,Side,118.99,114.88,124.77,116.65,174.25,178.81,46.09,72.18
1153,7,Side,118.32,115.26,122.5,118.8,174.16,179.03,48.42,79.86
1153,8,Side,120.74,114.93,124.55,123.08,173.35,178.01,52.08,84.85
1153,9,Side,112.07,106.79,115.54,113.2,176.93,179.97,63.18,89.67
1153,10,Side,109.86,103.81,115.05,112.32,176.99,179.84,64.06,96.69
1153,11,Side,105.52,103.91,110.57,117.05,176.99,178.99,64.82,102.91
1153,12,Side,103.88,99.81,109.95,114.6,177.38,179.96,70.28,106.18
1153,13,Side,100.66,95.78,106.72,113.5,177.3,178.26,78.86,106.53
1153,14,Side,106.62,92.7,112.06,110.87,172.99,178.27,89.57,110.68
1153,15,Side,103.57,85.98,108.99,106.11,171.79,178.71,97.41,113.01
1153,16,Side,99.06,81.47,106.5,103.32,171.63,178.52,105.76,115.7
1153,17,Side,95.75,77.54,103.17,98.69,170.2,176.06,110.45,116.47
1153,18,Side,90.33,72.96,96.34,94.11,168.61,175.3,116.64,118.78
1153,19,Side,81.84,69.87,86.9,91.47,166.37,173.58,101.64,118.91
1153,20,Side,73.23,65.52,77.72,88.57,165.32,171.23,105.26,120.72
1153,21,Side,69.91,62.61,75.74,85.77,165.17,171.71,106.08,122.5
1153,22,Side,66.9,58.88,73.41,81.74,166.12,171.42,110.21,123.2
1153,23,Side,65.43,57.85,73.29,80.25,167.74,171.28,104.48,124.04
1153,24,Side,67.62,62.71,75.47,86.17,168.93,172.67,103.37,124.38
1153,25,Side,73.86,67.98,80.99,91.85,169.82,173.41,110.06,124.58
1153,26,Side,82.77,74.9,84.22,99.35,166.27,174.31,103.73,125.57
1153,27,Side,90.37,81.07,91.82,105.52,168.27,175.17,110.27,125.16
1153,28,Side,97.66,89.45,99.85,111.73,171.71,174.21,108.43,119.33
1153,29,Side,91.51,97.65,89.77,119.16,176.7,174.23,106.46,118.58
1153,30,Side,102.08,106.73,111.85,125.91,177.84,174.89,81.81,119.31
1153,31,Side,111.09,110.53,117.71,129.71,175.35,175.77,84.64,114.79
1153,32,Side,109.65,117.13,108.89,135.1,173.9,174.82,76.24,109.45
1153,33,Side,116.11,120.64,115.35,138.37,174.11,174.95,70.84,102.59
1153,34,Side,125.53,123.95,130.49,139.86,174.43,175.55,55.93,95.39
1153,35,Side,119.35,125.23,123.44,140.81,175.78,175.57,63.26,96.12
1153,36,Side,120.23,124.16,124.97,138.5,176.38,176.95,62.07,96.49
1153,37,Side,120.71,121.62,127.7,137.55,176.89,178.57,56.64,97.3
1153,38,Side,120.27,118.28,128.07,131.16,177.4,176.98,56.34,101.24
1154,1,Front/Back,180.0,121.06,133.61,121.06,180.0,180.0,156.45,180.0
1154,2,Front/Back,180.0,121.06,133.61,121.06,180.0,180.0,152.46,180.0
1154,3,Front/Back,180.0,121.06,133.61,121.06,180.0,180.0,149.49,180.0
1154,4,Front/Back,180.0,131.13,133.72,108.58,180.0,180.0,145.76,180.0
1154,5,Front/Back,180.0,131.61,133.72,109.78,180.0,180.0,140.07,154.6
1154,6,Front/Back,180.0,134.76,134.04,105.74,180.0,180.0,137.47,146.16
1154,7,Front/Back,179.99,134.76,137.24,105.74,179.99,180.0,134.63,139.68
1154,8,Front/Back,167.23,134.76,137.56,105.74,167.23,180.0,135.47,140.78
1154,9,Front/Back,175.06,131.61,134.04,102.59,175.06,180.0,153.04,137.84
1154,10,Front/Back,166.27,131.61,150.06,102.59,166.27,180.0,180.0,143.93
1154,11,Front/Back,174.29,134.76,150.68,99.92,159.02,175.25,150.16,134.93
1154,12,Front/Back,165.97,134.76,146.03,99.38,150.81,137.54,138.28,103.69
1154,13,Front/Back,156.99,132.28,146.03,97.43,145.73,142.74,136.05,88.74
1154,14,Front/Back,150.54,126.44,141.88,97.43,141.73,136.9,142.08,88.53
1154,15,Front/Back,150.58,113.03,141.88,97.43,134.87,123.24,124.85,90.67
1154,16,Front/Back,147.76,101.72,141.88,109.7,133.87,118.42,116.68,93.37
1154,17,Front/Back,145.21,102.92,142.65,129.29,138.26,121.8,124.73,98.97
1154,18,Front/Back,142.79,97.36,142.65,126.44,142.79,126.26,131.68,120.9
1154,19,Front/Back,140.44,96.67,142.64,118.19,140.46,121.99,131.68,129.85
1154,20,Front/Back,123.91,95.19,129.29,108.71,138.27,131.1,129.07,121.35
1154,21,Front/Back,110.81,95.05,124.55,106.75,134.15,147.72,127.09,130.8
1154,22,Front/Back,106.17,94.86,117.31,116.37,132.52,150.24,126.02,131.34
1154,23,Front/Back,104.28,93.17,117.31,105.16,130.62,147.43,116.99,137.84
1154,24,Front/Back,98.28,85.57,111.31,120.74,130.62,144.83,114.88,137.84
1154,25,Front/Back,93.2,85.57,106.23,112.49,130.62,144.83,116.86,151.1
1154,26,Front/Back,93.2,83.12,102.4,112.49,130.62,142.38,116.76,141.54
1154,27,Front/Back,88.71,79.19,97.91,96.69,130.62,140.67,118.14,139.48
1154,28,Front/Back,87.66,77.46,100.22,95.31,127.25,140.33,118.24,134.46
1154,29,Front/Back,83.31,75.16,96.14,93.01,126.99,140.33,128.18,133.99
1154,30,Front/Back,84.48,68.63,98.79,90.81,125.5,136.0,123.78,133.99
1154,31,Front/Back,85.83,68.63,103.04,90.81,123.8,136.0,125.22,139.68
1154,32,Front/Back,85.81,66.59,102.68,90.81,124.14,133.96,123.78,136.76
1154,33,Front/Back,78.46,66.59,97.5,90.81,125.84,133.96,126.33,136.42
1154,34,Front/Back,82.84,65.69,92.72,82.38,127.58,134.3,126.02,139.34
1154,35,Front/Back,78.46,72.18,90.07,78.33,125.84,131.25,125.77,140.75
1154,36,Front/Back,76.73,68.97,95.37,74.78,126.25,121.54,125.58,134.66
1154,37,Front/Back,75.88,66.88,94.52,72.69,123.8,121.54,125.58,134.43
1154,38,Front/Back,72.43,71.09,87.76,65.95,122.13,118.17,124.29,122.52
1154,39,Front/Back,70.8,68.97,87.76,65.95,120.49,116.66,126.02,124.26
1154,40,Front/Back,69.19,70.75,87.76,62.04,118.88,113.38,126.02,117.71
1154,41,Front/Back,68.03,66.61,84.67,59.73,120.82,116.0,132.63,125.88
1154,42,Front/Back,65.65,66.68,83.58,59.51,119.52,111.9,136.05,121.49
1154,43,Front/Back,63.81,55.4,80.01,58.11,121.25,125.85,134.37,148.56
1154,44,Front/Back,67.9,50.8,87.04,65.99,103.01,130.86,118.94,164.57
1154,45,Front/Back,70.95,56.09,74.4,66.81,87.15,120.54,109.43,165.2
1154,46,Front/Back,74.67,64.36,85.97,74.12,82.37,113.8,106.91,151.57
1154,47,Front/Back,66.33,68.09,82.63,77.77,87.57,113.88,119.35,136.82
1154,48,Front/Back,64.63,63.95,82.23,85.58,86.72,118.95,122.1,139.2
1154,49,Front/Back,75.73,77.06,83.75,96.75,92.72,133.19,127.76,144.8
1154,50,Front/Back,57.9,59.62,75.94,100.84,86.1,121.62,143.56,144.8
1154,51,Front/Back,55.7,52.32,74.94,108.95,85.44,123.36,144.1,149.84
1154,52,Front/Back,53.54,49.81,74.19,107.92,88.0,121.88,148.07,146.16
1154,53,Front/Back,54.12,49.22,71.03,107.09,87.72,122.11,149.09,154.0
1154,54,Front/Back,54.69,57.84,71.18,113.74,87.58,119.05,128.74,148.95
1154,55,Front/Back,55.54,75.96,71.6,113.51,88.01,102.11,134.74,109.13
1154,56,Front/Back,69.87,105.44,73.43,117.7,104.09,130.02,137.98,115.85
1154,57,Front/Back,68.22,97.78,71.28,114.97,108.12,127.94,155.66,119.12
1154,58,Front/Back,62.27,56.02,74.11,109.01,106.04,127.01,140.63,158.89
1154,59,Front/Back,70.69,67.17,80.46,102.75,113.8,106.7,166.11,127.53
1154,60,Front/Back,70.02,72.98,86.76,110.66,128.14,107.45,160.21,130.36
1154,61,Front/Back,76.58,74.15,91.02,113.82,130.44,111.9,160.21,129.97
1154,62,Front/Back,75.36,71.73,94.76,111.4,128.49,115.85,152.02,155.52
1154,63,Front/Back,86.62,74.18,104.21,116.06,130.3,118.06,148.95,159.94
1154,64,Front/Back,88.18,79.18,105.59,121.06,134.15,123.72,148.95,165.61
1154,65,Front/Back,126.8,86.77,151.56,126.44,126.8,125.94,148.53,165.61
1154,66,Front/Back,128.78,98.33,151.56,144.37,128.78,133.96,151.7,180.0
1154,67,Front/Back,130.44,101.53,150.68,147.22,130.44,134.3,151.45,180.0
1154,68,Front/Back,134.29,108.99,150.68,152.97,134.29,136.0,151.7,180.0
1154,69,Front/Back,145.78,118.79,156.14,158.45,145.78,140.33,165.75,180.0
1154,70,Front/Back,151.2,142.94,164.59,165.82,151.2,132.95,151.45,155.85
1154,71,Front/Back,147.91,148.53,164.59,179.97,147.91,148.54,155.39,180.0
1154,72,Front/Back,179.97,179.98,179.97,179.97,179.98,179.98,179.98,179.98
1155,1,Front/Back,179.98,179.98,179.97,179.97,179.98,179.98,179.97,179.97
1155,2,Front/Back,154.21,165.3,130.38,165.3,179.99,171.14,179.97,171.14
1155,3,Front/Back,157.49,162.14,141.97,162.13,171.68,171.14,179.97,164.02
1155,4,Front/Back,153.7,162.14,141.04,150.99,168.1,170.5,179.98,152.29
1155,5,Front/Back,153.72,159.85,128.55,147.45,168.92,170.5,168.9,151.35
1155,6,Front/Back,152.22,155.58,127.05,143.17,165.36,166.18,165.34,153.17
1155,7,Front/Back,144.07,158.93,126.81,140.69,155.53,166.63,163.43,142.82
1155,8,Front/Back,142.43,159.9,128.55,137.9,153.58,180.0,165.34,159.54
1155,9,Front/Back,141.26,157.96,130.79,135.96,151.67,180.0,163.43,159.54
1155,10,Front/Back,145.36,154.67,123.11,127.01,163.44,180.0,163.43,159.54
1155,11,Front/Back,142.1,157.31,142.1,129.02,154.36,180.0,154.34,164.39
1155,12,Front/Back,142.97,148.56,130.54,123.05,160.48,172.63,160.46,180.0
1155,13,Front/Back,143.77,154.23,131.24,121.19,159.0,161.26,158.98,161.26
1155,14,Front/Back,132.19,155.31,117.51,120.17,145.84,158.72,157.6,158.72
1155,15,Front/Back,139.73,158.3,135.24,123.06,144.47,160.84,152.08,160.84
1155,16,Front/Back,135.18,180.0,116.58,137.84,145.08,155.53,152.98,155.53
1155,17,Front/Back,147.36,180.0,135.24,136.21,151.92,155.53,151.9,155.53
1155,18,Front/Back,146.11,138.41,133.99,120.89,150.02,153.74,150.0,156.98
1155,19,Front/Back,148.0,139.38,135.87,120.17,144.66,153.84,144.64,180.0
1155,20,Front/Back,148.67,157.8,136.54,141.16,145.43,157.8,145.41,180.0
1155,21,Front/Back,149.51,157.83,137.39,141.16,143.79,157.83,143.77,180.0
1155,22,Front/Back,149.51,180.0,137.39,139.35,142.23,161.79,142.22,161.79
1155,23,Front/Back,149.51,155.51,137.39,119.93,141.49,171.01,141.47,176.07
1155,24,Front/Back,154.36,146.41,142.24,118.78,140.77,141.69,140.75,154.74
1155,25,Front/Back,154.36,140.14,142.24,114.66,140.21,132.3,140.19,147.47
1155,26,Front/Back,154.36,139.12,142.24,111.21,138.29,129.97,138.27,140.85
1155,27,Front/Back,155.23,138.44,143.11,110.76,139.55,131.49,139.54,142.6
1155,28,Front/Back,153.84,138.4,153.84,115.51,144.56,133.14,144.55,131.66
1155,29,Front/Back,152.56,139.87,152.56,114.93,146.19,135.27,146.17,134.97
1155,30,Front/Back,145.39,144.47,145.39,117.65,148.83,138.93,148.82,152.76
1155,31,Front/Back,144.47,150.44,144.47,120.84,143.79,141.68,143.77,152.76
1155,32,Front/Back,143.77,145.91,143.77,114.66,143.79,143.75,143.77,154.83
1155,33,Front/Back,143.27,149.32,143.27,118.06,145.43,146.03,145.41,157.09
1155,34,Front/Back,144.96,143.16,144.96,114.66,146.29,143.14,146.27,156.96
1155,35,Front/Back,136.01,141.71,142.87,115.51,143.02,149.38,149.86,165.5
1155,36,Front/Back,136.11,136.36,142.97,113.83,150.53,149.76,157.37,143.38
1155,37,Front/Back,130.45,134.73,141.36,112.19,147.82,149.76,158.71,169.56
1155,38,Front/Back,132.85,132.18,143.77,107.59,146.7,152.74,157.6,170.5
1155,39,Front/Back,131.06,133.8,144.91,109.21,143.78,162.24,157.6,180.0
1155,40,Front/Back,131.55,134.56,148.0,107.66,142.55,145.8,158.98,161.26
1155,41,Front/Back,147.36,137.94,147.36,108.63,159.0,166.95,158.98,180.0
1155,42,Front/Back,145.49,135.04,145.49,108.42,157.62,164.3,157.6,180.0
1155,43,Front/Back,153.18,137.54,153.18,110.92,154.13,164.3,154.11,180.0
1155,44,Front/Back,157.86,139.14,157.86,109.86,154.13,166.95,154.11,180.0
1155,45,Front/Back,156.26,135.84,156.26,110.71,147.44,164.55,147.42,180.0
1155,46,Front/Back,154.86,142.69,154.86,112.2,145.77,169.9,145.75,180.0
1155,47,Front/Back,153.63,143.95,153.63,113.83,144.88,169.53,144.86,180.0
1155,48,Front/Back,156.26,153.75,156.26,113.28,147.83,180.0,147.82,180.0
1155,49,Front/Back,157.58,151.16,147.83,117.12,150.92,173.57,150.9,180.0
1155,50,Front/Back,158.8,153.06,149.05,119.02,153.19,173.57,153.17,180.0
1155,51,Front/Back,163.33,158.96,153.58,128.95,155.68,169.53,155.67,180.0
1155,52,Front/Back,162.9,169.21,154.65,139.53,158.47,169.21,158.45,180.0
1155,53,Front/Back,160.15,173.06,154.12,139.68,159.48,173.06,159.46,180.0
1155,54,Front/Back,160.0,180.0,159.98,139.68,159.48,180.0,159.46,180.0
1155,55,Front/Back,145.93,180.0,159.98,139.68,165.94,180.0,179.98,180.0
1155,56,Front/Back,148.57,180.0,160.0,139.88,168.57,180.0,179.98,180.0
1155,57,Front/Back,152.37,180.0,160.0,139.88,167.7,180.0,175.31,180.0
1155,58,Front/Back,153.9,180.0,153.9,139.88,166.25,180.0,166.23,180.0
1155,59,Front/Back,153.9,180.0,153.9,139.88,167.88,180.0,167.86,180.0
1155,60,Front/Back,153.9,180.0,153.9,139.88,172.08,180.0,172.06,180.0
1155,61,Front/Back,153.9,180.0,153.9,141.87,172.08,180.0,172.06,180.0
1155,62,Front/Back,153.9,180.0,153.9,141.87,172.08,180.0,172.06,180.0
1156,1,Side,147.77,119.09,152.66,69.81,165.58,170.17,171.87,165.32
1156,2,Side,144.87,117.56,150.71,73.28,167.59,171.07,175.94,165.14
1156,3,Side,133.53,117.53,139.59,76.84,166.08,171.66,176.64,164.64
1156,4,Side,140.37,117.48,145.85,80.57,166.66,173.59,176.9,165.65
1156,5,Side,127.77,115.7,133.84,83.29,164.76,173.58,177.59,164.25
1156,6,Side,122.85,108.51,128.3,77.33,164.96,172.76,178.31,163.31
1156,7,Side,122.76,100.55,128.02,73.65,165.81,172.99,180.0,162.57
1156,8,Side,119.21,103.47,123.3,80.22,167.7,168.55,177.54,157.13
1156,9,Side,116.09,94.96,120.75,73.35,169.34,169.9,175.13,157.8
1156,10,Side,116.34,89.73,123.07,71.65,169.62,171.36,173.57,157.97
1156,11,Side,118.83,87.11,125.33,71.44,169.81,173.91,173.65,159.88
1156,12,Side,116.85,85.22,123.8,73.27,171.21,172.29,170.69,157.13
1156,13,Side,113.1,83.41,118.26,76.04,173.57,173.8,168.62,156.11
1156,14,Side,105.09,75.5,110.8,71.15,173.25,172.68,168.7,156.08
1156,15,Side,98.96,70.12,102.96,69.58,174.46,173.4,167.03,155.37
1156,16,Side,92.47,64.49,95.23,67.59,175.27,176.33,165.73,156.84
1156,17,Side,80.55,60.29,83.92,66.64,167.91,177.67,171.79,156.89
1156,18,Side,75.29,58.93,74.88,67.14,169.76,173.81,170.51,152.48
1156,19,Side,64.04,53.41,61.34,63.77,170.9,172.4,171.25,150.55
1156,20,Side,58.2,42.87,53.06,55.42,170.99,172.42,170.73,149.92
1156,21,Side,65.25,36.49,57.65,50.1,172.54,171.94,169.47,150.45
1156,22,Side,58.27,28.54,48.76,42.43,179.81,167.95,161.49,147.46
1156,23,Side,52.08,22.66,43.76,38.21,179.25,168.18,162.51,147.66
1156,24,Side,45.58,17.79,37.67,34.04,179.37,166.65,162.48,146.71
1156,25,Side,36.43,14.66,28.28,30.76,176.83,161.51,159.17,142.95
1156,26,Side,34.02,10.42,24.79,27.17,173.57,160.17,157.02,142.06
1156,27,Side,34.51,6.15,26.57,23.34,172.97,159.55,156.06,142.31
1156,28,Side,25.56,1.42,23.06,18.98,171.13,158.94,155.52,142.29
1156,29,Side,23.05,4.02,21.75,13.21,169.85,156.84,154.46,141.2
1156,30,Side,23.16,5.22,25.15,13.27,170.26,157.53,154.44,141.99
1156,31,Side,19.7,6.13,25.34,12.76,170.26,156.73,154.65,141.91
1156,32,Side,14.1,10.42,19.81,9.43,165.95,158.1,151.54,143.26
1156,33,Side,11.02,9.78,19.87,9.69,167.77,154.47,154.16,140.01
1156,34,Side,9.32,13.54,19.52,5.91,169.03,155.29,155.77,141.32
1156,35,Side,8.24,10.47,20.21,8.87,170.68,157.23,158.17,143.83
1156,36,Side,6.16,11.09,18.89,8.44,170.93,152.08,159.69,138.34
1156,37,Side,8.38,7.53,19.23,11.6,171.62,152.51,160.57,139.06
1156,38,Side,10.09,9.02,17.94,10.72,174.61,154.65,163.33,141.36
1156,39,Side,13.52,7.66,17.54,11.76,175.79,155.94,165.45,142.8
1156,40,Side,19.18,5.87,20.7,12.9,176.42,154.8,165.7,141.93
1156,41,Side,24.69,4.21,20.94,13.94,175.84,154.71,164.4,141.91
1156,42,Side,26.21,3.64,23.3,14.66,174.75,155.86,164.18,143.4
1156,43,Side,28.41,1.85,24.52,19.29,173.48,159.27,162.66,146.27
1156,44,Side,31.41,0.84,25.76,16.42,176.37,159.84,165.58,146.78
1156,45,Side,39.56,1.84,29.86,15.93,177.98,162.31,167.0,148.77
1156,46,Side,44.17,1.68,32.23,15.5,179.01,160.64,169.77,147.42
1156,47,Side,47.9,1.56,38.36,15.72,175.51,162.55,172.45,149.48
1156,48,Side,55.0,1.01,45.17,15.95,176.79,162.22,171.45,149.74
1156,49,Side,56.83,0.72,46.0,15.73,170.75,162.9,178.43,151.17
1156,50,Side,60.19,1.82,51.26,14.11,173.23,162.38,172.97,151.18
1156,51,Side,65.71,1.47,58.62,13.95,174.7,160.35,172.23,148.87
1156,52,Side,70.45,2.2,63.43,12.71,174.54,161.34,172.29,151.43
1156,53,Side,77.32,1.68,69.97,12.72,175.72,159.63,171.43,150.51
1156,54,Side,80.37,2.51,73.44,11.3,175.47,157.22,171.01,148.44
1156,55,Side,85.33,3.2,78.49,11.2,175.39,158.46,170.78,148.85
1156,56,Side,91.09,1.81,83.75,12.6,175.89,160.31,171.01,150.38
1156,57,Side,94.83,1.81,88.91,12.6,174.87,161.33,172.29,151.66
1156,58,Side,99.59,2.37,93.85,12.11,174.64,162.37,172.43,152.66
1156,59,Side,100.75,4.08,94.79,12.12,175.23,169.57,172.44,158.17
1156,60,Side,98.21,4.28,92.18,12.13,174.3,170.07,172.46,158.48
1156,61,Side,104.04,4.92,97.0,10.78,174.31,168.52,173.46,157.38
1156,62,Side,107.11,4.3,100.07,11.2,175.31,169.87,172.46,158.48
1156,63,Side,108.59,2.69,101.55,11.54,175.24,162.37,172.53,152.69
1156,64,Side,114.52,3.24,109.91,11.31,175.24,163.83,172.53,153.69
1156,65,Side,111.96,1.68,108.18,11.1,174.33,160.82,172.84,151.22
1156,66,Side,113.37,2.83,109.5,10.3,174.48,161.27,172.54,151.74
1156,67,Side,116.79,3.44,114.37,9.01,174.48,160.69,172.54,151.74
1156,68,Side,117.53,3.38,115.59,8.96,172.96,160.11,173.56,151.23
1156,69,Side,117.8,3.97,114.75,7.81,171.99,160.12,174.77,151.73
1156,70,Side,120.96,3.91,119.32,7.76,172.02,161.1,174.73,153.01
1156,71,Side,126.87,3.86,124.41,7.22,171.84,162.1,176.23,154.3
1156,72,Side,130.45,3.91,128.91,7.17,172.32,162.62,176.23,154.77
1156,73,Side,133.29,3.91,133.26,7.13,172.25,163.06,176.23,155.21
1156,74,Side,136.08,4.85,137.48,7.05,172.25,168.9,176.23,160.11
1156,75,Side,137.98,4.79,140.83,6.88,172.25,168.76,176.25,160.11
1156,76,Side,139.06,3.79,143.45,7.34,172.72,168.76,176.2,160.37
1156,77,Side,135.32,3.86,141.85,7.31,169.53,169.37,179.25,160.9
1156,78,Side,136.46,2.9,144.49,7.75,171.46,169.1,177.04,160.89
1156,79,Side,144.74,5.91,150.71,5.91,173.51,170.52,176.45,161.69
1157,1,Front/Back,162.86,170.84,180.0,180.0,162.86,154.69,180.0,163.84
1157,2,Front/Back,167.82,176.7,168.91,180.0,167.82,161.17,180.0,164.48
1157,3,Front/Back,171.24,173.62,168.91,173.62,171.24,164.48,180.0,164.48
1157,4,Front/Back,178.2,165.28,168.91,165.28,178.2,164.48,164.46,164.48
1157,5,Front/Back,179.99,169.5,166.82,169.5,179.99,164.48,157.95,164.48
1157,6,Front/Back,179.99,169.5,166.82,169.5,167.65,180.0,162.94,149.87
1157,7,Front/Back,171.63,179.99,179.98,179.99,159.29,168.95,167.66,138.83
1157,8,Front/Back,179.98,179.98,179.97,179.97,179.98,179.98,179.97,179.97
1157,9,Front/Back,171.46,171.79,171.94,164.33,171.46,168.15,180.0,150.02
1157,10,Front/Back,160.6,168.73,160.92,163.95,171.63,168.73,180.0,169.19
1157,11,Front/Back,162.89,161.37,161.33,163.95,168.38,161.37,180.0,180.0
1157,12,Front/Back,144.97,148.83,165.71,169.34,159.26,159.49,147.85,180.0
1157,13,Front/Back,156.2,138.94,152.45,164.31,156.2,154.63,165.54,156.55
1157,14,Front/Back,150.54,132.35,152.45,161.68,150.54,150.67,180.0,147.04
1157,15,Front/Back,130.98,121.22,146.15,129.74,148.06,149.41,180.0,153.26
1157,16,Front/Back,127.99,115.45,147.66,131.08,143.56,148.19,174.02,161.77
1157,17,Front/Back,114.03,111.33,134.93,135.04,132.8,113.6,171.06,152.98
1157,18,Front/Back,109.14,114.03,132.78,157.98,111.89,101.9,153.24,145.85
1157,19,Front/Back,130.11,98.2,152.99,132.31,97.95,94.82,144.18,143.94
1157,20,Front/Back,112.97,86.5,148.24,129.96,98.55,104.99,157.18,163.46
1157,21,Front/Back,108.12,85.58,142.35,143.29,83.93,92.71,141.52,150.43
1157,22,Front/Back,85.55,74.99,118.64,122.91,86.83,89.21,147.47,152.14
1157,23,Front/Back,85.27,70.98,131.04,120.35,73.65,84.15,135.33,148.53
1157,24,Front/Back,119.92,76.15,164.09,126.36,74.61,88.4,134.69,152.64
1157,25,Front/Back,117.95,72.63,164.09,121.92,79.47,79.37,141.52,143.67
1157,26,Front/Back,119.92,91.42,180.0,154.16,75.46,77.12,135.54,139.87
1157,27,Front/Back,106.59,105.94,166.21,168.76,84.56,93.51,144.18,156.33
1157,28,Front/Back,120.38,116.47,180.0,180.0,115.23,116.47,174.85,180.0
1157,29,Front/Back,122.56,123.18,180.0,180.0,122.56,110.84,180.0,167.66
1157,30,Front/Back,123.22,121.6,180.0,180.0,123.22,104.19,180.0,162.59
1157,31,Front/Back,126.18,125.39,180.0,180.0,126.18,101.17,180.0,155.78
1157,32,Front/Back,125.97,124.62,180.0,180.0,125.97,119.06,180.0,174.44
1157,33,Front/Back,126.53,123.94,180.0,180.0,126.53,123.94,180.0,180.0
1157,34,Front/Back,126.34,124.7,180.0,180.0,126.34,124.7,180.0,180.0
1157,35,Front/Back,113.44,126.96,165.71,180.0,127.73,126.96,180.0,180.0
1157,36,Front/Back,114.04,110.89,162.92,163.2,131.13,127.69,180.0,180.0
1157,37,Front/Back,116.46,110.17,159.57,157.44,136.88,132.73,180.0,180.0
1157,38,Front/Back,126.53,105.66,169.62,151.29,136.91,134.37,180.0,180.0
1157,39,Front/Back,101.08,105.64,141.6,151.22,139.47,134.42,180.0,180.0
1157,40,Front/Back,108.38,105.36,142.02,146.37,146.36,138.99,180.0,180.0
1157,41,Front/Back,122.05,102.81,157.52,140.89,144.53,141.92,180.0,180.0
1157,42,Front/Back,112.1,102.22,139.94,115.81,152.16,145.12,180.0,180.0
1157,43,Front/Back,124.69,100.49,151.8,124.89,152.89,139.93,180.0,180.0
1157,44,Front/Back,130.81,110.82,155.07,148.9,152.1,141.93,176.36,180.0
1157,45,Front/Back,125.0,124.13,147.33,134.22,140.57,148.62,162.91,180.0
1157,46,Front/Back,130.64,134.37,153.22,147.53,140.33,151.18,162.91,180.0
1157,47,Front/Back,132.32,147.68,146.76,140.78,141.34,143.83,155.78,152.98
1157,48,Front/Back,135.83,176.7,144.2,175.6,167.99,144.96,176.36,148.27
1157,49,Front/Back,145.8,180.0,154.47,180.0,159.0,145.71,167.66,145.71
1157,50,Front/Back,171.27,180.0,180.0,180.0,154.17,147.84,162.91,110.85
1157,51,Front/Back,178.2,180.0,180.0,167.31,161.11,143.62,130.84,103.59
1157,52,Front/Back,178.2,180.0,180.0,167.31,160.79,148.07,130.52,94.99
1157,53,Front/Back,167.56,172.92,168.98,162.09,157.31,143.94,110.31,88.53
1157,54,Front/Back,165.71,172.92,165.71,162.09,155.78,136.03,113.27,80.62
1158,1,Front/Back,179.98,180.0,173.27,167.15,177.55,179.99,162.36,165.52
1158,2,Front/Back,179.98,179.98,179.97,179.97,179.98,179.98,179.97,179.97
1158,3,Front/Back,157.79,171.14,167.07,151.03,170.71,171.14,179.99,179.99
1158,4,Front/Back,153.93,146.99,167.07,137.63,166.86,171.14,179.99,179.99
1158,5,Front/Back,153.93,147.78,167.07,137.95,156.59,167.49,169.72,180.0
1158,6,Front/Back,156.35,167.49,156.35,148.21,143.73,167.49,143.73,172.14
1158,7,Front/Back,152.02,164.66,152.02,148.75,145.31,161.85,145.31,177.19
1158,8,Front/Back,152.02,164.66,152.02,146.11,145.31,161.85,145.31,177.19
1158,9,Front/Back,149.04,180.0,149.04,146.11,147.08,148.19,147.08,148.19
1158,10,Front/Back,149.04,180.0,149.04,146.11,148.81,151.99,148.81,151.99
1158,11,Front/Back,149.04,171.21,149.04,139.96,162.14,156.39,162.14,156.39
1158,12,Front/Back,147.15,179.99,147.15,145.58,165.44,158.84,165.44,158.84
1158,13,Front/Back,144.58,166.08,144.58,147.87,165.72,161.61,165.72,161.61
1158,14,Front/Back,148.09,162.71,148.09,144.5,180.0,161.61,180.0,161.61
1158,15,Front/Back,145.48,154.89,145.48,168.3,180.0,139.73,180.0,164.85
1158,16,Front/Back,135.67,153.4,135.67,168.3,180.0,142.17,180.0,168.77
1158,17,Front/Back,133.69,150.43,133.69,161.79,180.0,146.69,180.0,176.25
1158,18,Front/Back,134.53,147.73,134.53,146.11,180.0,147.73,180.0,180.0
1158,19,Front/Back,128.16,145.26,128.16,146.11,180.0,145.26,180.0,180.0
1158,20,Front/Back,116.54,144.06,129.03,146.11,167.51,144.06,180.0,180.0
1158,21,Front/Back,113.93,141.78,138.47,145.58,155.47,141.8,180.0,180.0
1158,22,Front/Back,110.92,139.63,129.32,157.07,151.71,139.64,170.1,180.0
1158,23,Front/Back,109.44,123.66,132.1,143.17,147.05,137.58,169.72,180.0
1158,24,Front/Back,104.29,114.85,128.83,135.36,145.18,136.58,169.72,180.0
1158,25,Front/Back,102.22,109.49,128.49,130.5,153.71,135.62,179.99,180.0
1158,26,Front/Back,100.13,105.11,128.33,115.59,149.36,134.69,177.56,180.0
1158,27,Front/Back,97.43,99.2,125.64,109.68,133.94,134.69,162.14,180.0
1158,28,Front/Back,89.56,94.11,129.78,105.58,139.78,133.7,180.0,180.0
1158,29,Front/Back,88.33,91.25,129.69,101.41,138.64,134.65,180.0,180.0
1158,30,Front/Back,84.66,87.29,128.33,97.46,136.33,134.65,180.0,180.0
1158,31,Front/Back,87.15,73.32,118.37,94.73,134.0,131.81,165.23,180.0
1158,32,Front/Back,82.51,75.69,121.55,93.55,140.96,131.82,180.0,180.0
1158,33,Front/Back,81.23,76.66,120.27,92.66,140.95,133.67,179.99,180.0
1158,34,Front/Back,80.71,79.9,119.75,92.08,115.6,112.17,154.64,151.44
1158,35,Front/Back,79.28,81.65,120.73,80.74,120.92,114.17,162.37,153.44
1158,36,Front/Back,79.05,79.33,120.5,78.45,113.19,108.5,154.64,147.79
1158,37,Front/Back,78.91,78.19,120.36,78.38,105.78,102.3,147.23,142.66
1158,38,Front/Back,84.94,79.32,120.36,80.36,95.94,96.91,131.35,138.31
1158,39,Front/Back,83.81,80.63,120.5,82.58,94.62,93.19,131.31,135.61
1158,40,Front/Back,87.32,77.29,122.81,91.37,91.06,89.9,126.55,134.31
1158,41,Front/Back,86.93,77.87,123.69,91.96,87.52,81.26,124.29,125.67
1158,42,Front/Back,87.97,81.45,126.02,95.4,84.03,83.56,122.08,127.97
1158,43,Front/Back,87.4,81.4,126.65,96.32,80.68,81.23,119.93,126.61
1158,44,Front/Back,90.69,85.73,129.94,101.6,79.62,81.12,118.87,127.45
1158,45,Front/Back,90.34,82.61,130.8,98.48,78.43,81.01,118.89,127.34
1158,46,Front/Back,92.3,90.74,132.75,110.68,77.39,81.18,117.84,128.44
1158,47,Front/Back,95.24,91.98,135.67,113.74,81.67,84.26,122.1,133.35
1158,48,Front/Back,101.94,97.13,140.02,118.22,86.22,86.45,124.3,134.63
1158,49,Front/Back,103.3,102.82,141.38,123.31,89.63,87.39,127.71,134.65
1158,50,Front/Back,104.93,104.18,146.53,125.58,94.87,92.05,136.47,140.23
1158,51,Front/Back,105.12,114.58,131.83,119.73,98.54,93.14,137.82,133.47
1158,52,Front/Back,111.42,109.55,136.42,115.01,102.37,101.33,139.22,146.7
1158,53,Front/Back,111.86,121.51,134.24,118.95,104.99,97.67,139.22,134.69
1158,54,Front/Back,113.22,124.84,134.24,123.86,107.85,97.85,140.72,136.02
1158,55,Front/Back,126.87,138.89,139.4,135.59,113.26,101.77,136.54,138.79
1158,56,Front/Back,131.02,118.06,139.4,110.0,118.77,102.98,137.9,138.79
1158,57,Front/Back,129.14,118.28,137.52,112.73,120.27,104.42,139.4,140.23
1158,58,Front/Back,118.15,116.69,135.77,108.8,118.66,107.16,145.43,141.71
1158,59,Front/Back,115.28,114.45,132.9,110.41,118.66,108.62,145.43,143.25
1158,60,Front/Back,117.51,119.68,144.19,107.66,118.89,120.02,145.57,144.84
1158,61,Front/Back,114.99,113.31,141.67,103.17,118.89,121.81,145.57,146.5
1158,62,Front/Back,109.94,113.14,136.52,102.99,117.58,123.5,144.15,148.19
1158,63,Front/Back,105.65,110.03,132.23,100.02,116.04,133.81,142.61,158.64
1158,64,Front/Back,103.95,100.04,130.64,101.22,115.93,146.58,142.61,180.0
1158,65,Front/Back,101.0,96.41,127.83,97.22,115.37,146.58,142.2,180.0
1158,66,Front/Back,97.44,104.76,122.14,99.77,117.91,143.83,142.61,168.65
1158,67,Front/Back,101.56,105.29,120.5,100.0,120.46,150.49,139.4,175.31
1158,68,Front/Back,103.29,109.17,119.75,103.44,124.36,153.95,140.83,175.31
1158,69,Front/Back,106.61,108.98,123.21,102.86,125.71,158.8,142.31,180.0
1158,70,Front/Back,110.36,114.92,124.08,110.36,131.7,160.59,145.43,180.0
1158,71,Front/Back,114.67,118.59,128.49,114.03,131.6,139.25,145.43,158.66
1158,72,Front/Back,120.79,121.52,131.13,114.64,138.36,144.16,148.7,161.4
1158,73,Front/Back,119.66,128.92,138.79,120.37,140.43,149.85,159.55,161.4
1158,74,Front/Back,125.23,131.21,144.41,121.8,143.48,150.61,162.66,161.48
1158,75,Front/Back,149.29,134.49,153.2,126.69,150.6,156.77,154.51,164.61
1158,76,Front/Back,160.62,147.27,160.62,131.64,159.19,164.61,159.19,164.61
1158,77,Front/Back,161.88,160.76,161.88,164.44,152.45,142.17,152.45,161.4
1158,78,Front/Back,166.09,180.0,180.0,144.23,166.09,158.66,180.0,158.66
1159,1,Front/Back,179.97,179.97,179.97,179.97,179.98,179.98,179.98,179.98
1159,2,Front/Back,156.56,180.0,179.99,160.67,156.55,176.47,162.93,176.47
1159,3,Front/Back,156.56,169.64,179.99,150.31,139.7,175.13,163.15,175.13
1159,4,Front/Back,180.0,165.91,179.99,146.58,141.29,175.13,141.29,175.13
1159,5,Front/Back,180.0,146.3,179.99,139.43,142.56,157.36,134.18,174.2
1159,6,Front/Back,180.0,160.15,172.87,137.41,142.56,142.8,142.56,142.8
1159,7,Front/Back,180.0,160.15,166.19,137.41,141.29,142.67,141.29,142.67
1159,8,Front/Back,180.0,164.9,166.19,143.32,142.65,142.56,142.65,142.56
1159,9,Front/Back,180.0,170.94,166.19,150.72,142.65,141.25,142.65,141.25
1159,10,Front/Back,163.29,162.93,166.19,137.39,153.47,141.35,170.18,141.35
1159,11,Front/Back,163.29,180.0,160.43,157.0,149.62,141.35,166.33,128.84
1159,12,Front/Back,166.18,173.47,160.43,154.84,146.64,140.08,160.46,127.57
1159,13,Front/Back,180.0,173.47,160.43,145.56,138.59,138.97,138.59,126.45
1159,14,Front/Back,162.48,171.77,142.91,143.86,137.34,137.75,137.34,128.98
1159,15,Front/Back,162.48,165.02,138.46,140.66,136.11,137.9,136.11,122.41
1159,16,Front/Back,160.91,180.0,136.89,155.64,133.74,137.9,133.74,121.22
1159,17,Front/Back,180.0,171.77,157.34,147.41,133.74,134.28,133.74,134.28
1159,18,Front/Back,180.0,180.0,162.05,153.32,133.83,134.28,133.83,134.28
1159,19,Front/Back,180.0,170.75,164.0,146.39,133.83,133.17,133.83,133.17
1159,20,Front/Back,180.0,170.18,146.93,145.82,133.83,133.17,133.83,133.17
1159,21,Front/Back,180.0,162.28,146.93,137.92,133.94,133.04,133.94,127.11
1159,22,Front/Back,180.0,162.28,146.93,134.37,132.92,132.07,132.92,132.07
1159,23,Front/Back,180.0,162.17,146.93,134.26,132.92,131.15,132.92,120.59
1159,24,Front/Back,180.0,180.0,148.13,165.55,131.96,130.27,131.96,117.76
1159,25,Front/Back,180.0,173.47,148.13,156.73,131.04,129.43,131.04,115.31
1159,26,Front/Back,180.0,173.47,148.13,152.03,129.76,129.65,129.76,114.16
1159,27,Front/Back,180.0,168.33,148.13,145.32,129.76,129.23,129.76,116.72
1159,28,Front/Back,180.0,175.39,145.25,152.39,129.76,129.23,129.76,115.11
1159,29,Front/Back,180.0,180.0,145.25,153.32,128.52,131.74,128.52,107.93
1159,30,Front/Back,180.0,180.0,145.25,143.37,128.52,131.74,128.52,108.74
1159,31,Front/Back,180.0,180.0,150.01,143.37,127.63,130.69,127.63,104.35
1159,32,Front/Back,180.0,180.0,153.43,143.37,127.63,130.27,127.63,108.17
1159,33,Front/Back,180.0,180.0,134.77,139.95,127.63,131.15,127.63,109.05
1159,34,Front/Back,180.0,180.0,152.22,136.78,128.52,131.32,128.52,105.73
1159,35,Front/Back,180.0,164.29,152.22,136.07,130.55,124.65,130.55,114.02
1159,36,Front/Back,180.0,158.91,152.22,136.07,133.83,119.27,133.83,114.02
1159,37,Front/Back,180.0,161.1,152.22,135.45,136.2,119.18,136.2,108.77
1159,38,Front/Back,180.0,163.93,152.22,135.45,131.8,120.65,131.8,103.87
1159,39,Front/Back,175.43,180.0,152.22,135.45,134.35,129.06,138.93,93.71
1159,40,Front/Back,175.43,180.0,152.22,135.45,127.57,131.32,132.14,90.26
1159,41,Front/Back,175.43,172.94,155.99,125.21,127.57,133.49,132.14,87.75
1159,42,Front/Back,175.43,172.94,155.99,125.21,127.57,134.6,132.14,88.87
1159,43,Front/Back,180.0,180.0,154.82,132.69,131.04,137.81,131.04,90.61
1159,44,Front/Back,180.0,180.0,144.1,136.78,131.04,140.53,131.04,99.52
1159,45,Front/Back,180.0,180.0,144.1,137.59,131.96,141.81,131.96,102.41
1159,46,Front/Back,180.0,180.0,154.82,137.59,130.85,143.13,130.85,103.73
1159,47,Front/Back,180.0,180.0,130.5,138.5,131.96,143.33,131.96,101.17
1159,48,Front/Back,180.0,180.0,131.07,139.51,130.85,141.48,130.85,108.04
1159,49,Front/Back,180.0,180.0,131.07,139.51,131.96,140.21,131.96,111.6
1159,50,Front/Back,180.0,180.0,128.33,143.02,131.96,141.48,131.96,128.97
1159,51,Front/Back,180.0,180.0,133.99,143.02,130.85,142.95,130.85,137.02
1159,52,Front/Back,180.0,180.0,133.99,143.02,129.6,145.71,129.6,124.6
1159,53,Front/Back,180.0,180.0,133.99,143.02,129.6,147.35,129.6,125.25
1159,54,Front/Back,180.0,180.0,147.9,144.27,131.8,147.35,131.8,125.25
1159,55,Front/Back,180.0,180.0,148.89,144.27,132.79,144.7,132.79,128.01
1159,56,Front/Back,180.0,176.74,148.89,141.01,136.31,143.33,136.31,126.65
1159,57,Front/Back,180.0,171.77,148.89,136.04,133.83,144.7,133.83,132.29
1159,58,Front/Back,180.0,180.0,168.49,144.27,133.83,146.1,133.83,133.7
1159,59,Front/Back,180.0,170.75,180.0,133.77,135.0,146.1,135.0,133.7
1159,60,Front/Back,180.0,162.6,180.0,128.18,135.0,146.1,135.0,133.7
1159,61,Front/Back,180.0,163.94,180.0,129.52,136.2,147.57,136.2,133.82
1159,62,Front/Back,180.0,180.0,180.0,145.58,136.2,149.34,136.2,135.6
1159,63,Front/Back,180.0,180.0,180.0,145.58,137.42,152.64,137.42,131.66
1159,64,Front/Back,180.0,180.0,180.0,145.58,138.59,158.44,138.59,134.64
1159,65,Front/Back,180.0,180.0,160.43,144.42,138.59,163.78,138.59,147.1
1159,66,Front/Back,180.0,180.0,166.19,144.42,138.59,180.0,138.59,149.18
1159,67,Front/Back,180.0,180.0,166.19,144.42,137.34,180.0,137.34,149.18
1159,68,Front/Back,180.0,180.0,166.19,144.42,138.49,180.0,138.49,163.32
1159,69,Front/Back,180.0,180.0,179.99,144.42,138.49,163.78,128.39,163.78
1159,70,Front/Back,180.0,180.0,166.19,146.04,138.49,163.78,123.21,163.78
1159,71,Front/Back,180.0,180.0,170.2,146.04,139.78,141.81,121.56,141.81
1159,72,Front/Back,180.0,180.0,170.2,148.93,139.81,141.64,120.69,141.64
1159,73,Front/Back,180.0,180.0,170.2,151.01,139.81,140.36,124.53,140.36
1159,74,Front/Back,180.0,180.0,180.0,151.01,139.81,141.48,129.71,141.48
1159,75,Front/Back,180.0,180.0,148.83,151.01,139.88,170.4,120.75,170.4
1160,1,Front/Back,179.98,179.97,179.97,179.97,179.98,179.98,179.97,179.97
1160,2,Front/Back,170.78,164.24,159.06,148.38,170.78,179.99,180.0,167.53
1160,3,Front/Back,155.84,157.02,144.11,144.12,170.78,171.28,180.0,167.53
1160,4,Front/Back,146.0,150.0,137.86,137.12,167.19,171.26,180.0,170.35
1160,5,Front/Back,146.0,146.43,133.34,132.57,156.15,167.69,168.95,163.92
1160,6,Front/Back,137.55,140.31,125.1,122.89,155.94,171.26,168.95,163.92
1160,7,Front/Back,130.37,133.99,126.62,118.98,153.96,164.94,169.88,180.0
1160,8,Front/Back,124.84,125.71,123.43,114.44,161.74,160.56,180.0,164.27
1160,9,Front/Back,119.12,111.31,117.71,119.8,161.74,156.97,180.0,169.91
1160,10,Front/Back,112.54,105.44,109.3,110.99,157.77,153.84,180.0,180.0
1160,11,Front/Back,108.83,100.05,107.42,108.38,155.94,151.05,180.0,180.0
1160,12,Front/Back,103.84,96.27,106.7,107.19,152.77,148.47,180.0,180.0
1160,13,Front/Back,100.87,91.51,108.65,106.1,148.51,146.04,180.0,180.0
1160,14,Front/Back,95.23,90.83,104.3,100.51,147.22,146.06,180.0,180.0
1160,15,Front/Back,84.67,85.67,104.59,96.5,137.22,144.91,180.0,180.0
1160,16,Front/Back,84.21,79.93,105.33,92.98,135.17,142.69,180.0,180.0
1160,17,Front/Back,74.69,79.3,90.18,94.64,135.17,141.65,180.0,180.0
1160,18,Front/Back,73.25,75.82,89.9,85.3,134.21,138.58,180.0,180.0
1160,19,Front/Back,68.99,71.79,86.63,92.14,133.22,136.64,180.0,180.0
1160,20,Front/Back,73.71,68.95,94.42,91.16,132.28,134.78,180.0,180.0
1160,21,Front/Back,73.73,65.2,94.41,94.16,133.22,129.52,180.0,180.0
1160,22,Front/Back,74.72,67.6,96.47,95.72,133.22,130.36,180.0,180.0
1160,23,Front/Back,74.66,68.49,93.53,101.26,136.09,131.25,180.0,180.0
1160,24,Front/Back,78.22,74.14,97.34,107.5,137.09,133.0,180.0,180.0
1160,25,Front/Back,79.12,74.07,98.24,108.34,137.09,132.1,180.0,180.0
1160,26,Front/Back,83.82,76.5,103.39,101.74,127.07,132.09,168.95,180.0
1160,27,Front/Back,82.62,79.49,103.18,103.85,126.07,132.97,168.95,180.0
1160,28,Front/Back,83.11,84.68,103.67,109.01,126.99,133.0,169.88,180.0
1160,29,Front/Back,84.34,82.9,104.86,104.9,127.04,131.22,169.88,180.0
1160,30,Front/Back,85.06,86.22,106.58,108.22,126.03,131.22,169.88,180.0
1160,31,Front/Back,88.22,88.13,108.69,110.13,121.69,131.23,164.48,180.0
1160,32,Front/Back,80.29,93.35,99.63,112.91,131.84,132.09,180.0,180.0
1160,33,Front/Back,80.42,96.85,106.03,118.14,129.35,130.37,180.0,180.0
1160,34,Front/Back,82.53,108.18,108.81,128.61,128.68,131.23,180.0,180.0
1160,35,Front/Back,75.17,112.24,104.77,133.53,125.36,130.37,180.0,180.0
1160,36,Front/Back,77.24,120.73,107.48,142.71,124.73,129.68,180.0,180.0
1160,37,Front/Back,75.66,123.07,105.7,149.65,124.92,129.0,180.0,180.0
1160,38,Front/Back,75.92,129.15,103.86,155.58,125.96,129.15,180.0,180.0
1160,39,Front/Back,78.33,131.02,104.35,155.58,127.88,131.02,180.0,180.0
1160,40,Front/Back,79.03,120.96,109.11,145.35,128.08,131.17,180.0,179.99
1160,41,Front/Back,80.62,124.49,109.61,147.84,129.16,115.1,180.0,162.87
1160,42,Front/Back,83.13,129.39,110.12,151.68,131.17,116.15,180.0,162.87
1160,43,Front/Back,81.53,120.3,108.3,142.42,127.74,116.18,176.36,162.72
1160,44,Front/Back,82.07,117.94,106.68,137.48,132.52,132.33,180.0,177.8
1160,45,Front/Back,81.44,114.72,104.89,133.16,133.68,135.63,180.0,180.0
1160,46,Front/Back,80.97,109.37,104.28,126.68,133.82,136.75,180.0,180.0
1160,47,Front/Back,75.61,99.49,105.6,117.57,132.17,135.99,180.0,180.0
1160,48,Front/Back,67.04,88.7,98.64,108.45,130.56,134.32,180.0,180.0
1160,49,Front/Back,55.24,81.49,89.13,118.3,127.24,132.7,180.0,180.0
1160,50,Front/Back,49.76,74.15,85.99,112.54,124.9,131.12,180.0,180.0
1160,51,Front/Back,50.64,66.76,88.33,117.18,123.44,129.58,180.0,180.0
1160,52,Front/Back,51.35,66.9,88.84,116.3,123.64,130.59,180.0,180.0
1160,53,Front/Back,55.99,66.1,93.39,115.35,122.94,130.75,180.0,180.0
1160,54,Front/Back,60.01,69.21,102.6,118.29,123.95,130.92,180.0,180.0
1160,55,Front/Back,70.53,73.73,107.84,120.9,129.23,132.84,180.0,180.0
1160,56,Front/Back,79.89,79.93,117.03,126.02,129.4,133.91,180.0,180.0
1160,57,Front/Back,85.24,85.98,121.28,130.05,130.5,135.93,180.0,180.0
1160,58,Front/Back,93.81,92.69,126.96,135.64,132.56,137.05,180.0,180.0
1160,59,Front/Back,87.69,91.79,112.53,125.04,140.86,146.75,180.0,170.8
1160,60,Front/Back,93.11,97.52,114.29,126.76,144.52,150.76,180.0,160.82
1160,61,Front/Back,99.78,102.71,133.75,131.67,146.01,151.03,180.0,156.95
1160,62,Front/Back,104.06,108.02,131.51,136.97,148.56,151.03,180.0,152.75
1160,63,Front/Back,118.78,115.45,134.07,143.04,151.25,152.4,180.0,149.13
1160,64,Front/Back,123.62,123.79,126.98,145.13,155.94,152.43,180.0,144.03
1160,65,Front/Back,133.08,135.74,130.74,155.65,161.65,153.87,180.0,160.7
1160,66,Front/Back,134.49,143.17,147.66,167.78,166.81,155.39,180.0,156.29
1160,67,Front/Back,144.17,158.69,138.19,180.0,164.83,158.69,174.05,161.35
1160,68,Front/Back,155.64,158.68,142.92,180.0,171.96,158.68,174.44,144.03
1160,69,Front/Back,152.97,164.94,147.61,180.0,180.0,152.58,157.68,132.32
1160,70,Front/Back,157.64,171.36,152.59,173.78,180.0,150.17,161.79,125.98
1161,1,Side,147.04,138.89,167.35,167.76,178.61,169.57,158.74,142.33
1161,2,Side,146.98,139.57,165.4,168.44,177.02,170.24,161.58,142.33
1161,3,Side,146.08,139.5,164.5,168.44,177.02,169.2,161.58,143.41
1161,4,Side,145.14,138.87,163.56,165.55,174.22,169.93,165.3,143.43
1161,5,Side,143.8,137.94,160.23,164.62,175.28,168.89,163.59,144.47
1161,6,Side,142.13,136.7,158.63,161.72,172.61,167.87,167.25,145.62
1161,7,Side,141.07,136.64,157.58,161.72,172.48,166.93,167.39,146.63
1161,8,Side,139.76,135.66,154.3,160.74,173.66,165.93,163.86,148.89
1161,9,Side,140.65,134.4,154.5,159.54,174.34,166.03,163.86,148.94
1161,10,Side,137.49,132.2,149.58,155.64,172.61,166.18,165.58,148.79
1161,11,Side,137.49,132.2,149.58,155.64,172.61,165.05,165.58,151.29
1161,12,Side,134.3,131.78,147.09,154.56,171.03,166.84,168.14,148.79
1161,13,Side,134.27,132.36,144.16,154.56,171.14,168.64,167.99,148.67
1161,14,Side,132.98,131.91,142.89,151.7,171.4,170.36,167.72,147.37
1161,15,Side,130.42,132.61,138.54,151.7,172.47,172.0,166.63,144.85
1161,16,Side,129.02,129.91,137.16,145.97,172.67,171.97,165.77,145.68
1161,17,Side,125.37,129.42,131.69,145.17,172.67,172.84,166.41,147.68
1161,18,Side,122.85,127.47,130.22,139.66,172.44,176.97,172.08,146.23
1161,19,Side,118.77,123.15,124.34,135.33,172.49,177.04,169.24,147.05
1161,20,Side,116.27,119.15,120.03,129.49,172.38,177.11,168.72,147.84
1161,21,Side,112.24,116.72,114.15,127.02,172.46,176.43,166.19,150.13
1161,22,Side,108.7,109.03,109.65,118.49,174.15,174.6,165.54,152.09
1161,23,Side,104.47,104.93,103.57,111.27,174.08,174.52,166.08,152.17
1161,24,Side,100.12,100.36,98.28,107.65,174.21,172.7,169.09,152.26
1161,25,Side,92.99,94.59,90.25,99.76,172.43,172.54,170.3,155.09
1161,26,Side,85.91,91.85,82.34,93.97,173.39,173.48,170.3,154.37
1161,27,Side,84.36,88.15,81.57,90.27,175.06,174.12,168.68,154.01
1161,28,Side,80.05,83.58,77.27,86.59,175.06,171.87,168.23,156.05
1161,29,Side,75.86,78.69,73.08,82.66,179.01,170.15,161.48,157.48
1161,30,Side,72.75,74.46,69.06,77.28,179.12,169.05,159.93,157.17
1161,31,Side,68.89,69.75,65.22,71.57,178.18,171.96,157.62,157.27
1161,32,Side,65.25,68.05,61.59,69.86,179.17,169.79,159.95,158.65
1161,33,Side,60.83,64.95,59.04,67.83,179.81,171.62,160.56,156.71
1161,34,Side,57.55,61.03,55.78,61.93,176.14,171.75,167.18,157.61
1161,35,Side,51.34,58.17,51.34,58.17,171.47,172.53,171.18,157.13
1161,36,Side,49.49,55.3,48.65,54.46,172.31,173.37,171.94,156.51
1161,37,Side,49.67,55.41,50.6,55.41,172.32,173.56,170.47,154.83
1161,38,Side,53.98,58.53,51.34,56.77,176.3,177.3,167.91,154.57
1161,39,Side,61.12,67.51,56.31,59.72,179.69,177.66,166.06,152.94
1161,40,Side,63.19,69.34,58.16,61.46,179.26,176.66,164.78,151.38
1161,41,Side,68.24,68.53,62.1,60.55,178.16,177.31,164.78,154.39
1161,42,Side,65.44,72.06,60.75,64.21,177.4,176.8,157.64,154.9
1161,43,Side,69.89,75.91,64.36,68.16,175.53,176.08,156.22,155.22
1161,44,Side,70.73,76.87,67.22,70.21,176.81,178.12,156.03,158.39
1161,45,Side,75.59,79.8,71.29,70.41,174.96,172.36,154.97,153.09
1161,46,Side,81.78,83.96,78.35,74.6,176.97,171.42,155.25,152.52
1161,47,Side,86.18,87.21,82.76,80.83,177.97,173.47,156.23,153.62
1161,48,Side,93.15,94.33,89.59,87.95,177.77,173.55,155.17,154.13
1161,49,Side,97.48,96.76,93.99,92.49,178.74,176.64,155.49,157.21
1161,50,Side,105.85,101.64,102.28,97.43,179.49,175.79,156.23,157.48
1161,51,Side,109.81,105.58,106.27,102.26,176.09,177.58,161.29,159.09
1161,52,Side,114.58,110.92,110.17,109.63,179.56,177.62,157.41,158.59
1161,53,Side,115.91,113.3,113.18,111.89,177.81,177.55,157.84,156.19
1161,54,Side,118.13,116.47,116.4,117.01,178.43,176.73,158.16,153.43
1161,55,Side,119.89,118.73,118.24,119.15,179.21,176.73,156.3,153.43
1161,56,Side,123.44,126.36,122.67,127.8,178.96,175.03,155.32,151.29
1161,57,Side,124.29,111.32,126.16,118.29,179.97,179.27,155.41,149.37
1161,58,Side,126.01,114.18,127.87,123.92,179.97,179.4,154.84,147.25
1161,59,Side,125.75,115.91,128.52,126.15,179.13,179.66,154.25,151.39
1161,60,Side,128.84,119.02,131.61,131.36,179.94,178.9,152.71,151.35
1161,61,Side,128.01,121.47,133.06,135.31,179.23,178.86,157.52,151.35
1161,62,Side,128.85,126.27,137.24,141.38,176.32,179.7,158.73,151.35
1161,63,Side,132.29,130.19,140.87,147.44,177.15,178.74,158.39,151.18
1161,64,Side,132.34,132.68,142.32,151.7,174.21,178.72,158.63,150.57
1161,65,Side,132.27,137.71,144.8,160.74,169.56,177.74,161.24,151.5
1161,66,Side,132.97,138.09,147.27,162.9,167.16,170.88,163.59,157.18
1161,67,Side,135.69,138.8,150.37,162.9,168.64,172.86,162.1,151.34
1161,68,Side,137.09,141.39,153.25,162.26,168.93,179.27,160.3,145.49
1161,69,Side,137.73,142.75,153.25,165.27,171.25,179.28,160.01,139.4
1161,70,Side,139.63,143.75,154.52,166.26,170.02,178.2,162.01,143.21
1161,71,Side,140.44,141.43,154.52,161.66,173.6,178.2,159.24,136.1
1161,72,Side,141.66,142.42,155.72,162.67,173.62,178.19,160.3,142.17
1162,1,Front/Back,179.98,179.97,179.97,179.97,179.97,179.97,179.97,179.97
1162,2,Front/Back,179.99,170.38,165.75,166.63,155.21,145.06,144.82,154.66
1162,3,Front/Back,173.43,170.38,159.18,166.09,154.71,145.06,154.7,154.66
1162,4,Front/Back,179.99,165.89,165.13,166.09,155.21,130.22,144.82,144.33
1162,5,Front/Back,161.95,165.89,149.9,166.09,151.89,130.22,133.82,127.93
1162,6,Front/Back,149.21,165.69,129.11,159.98,137.71,122.38,117.18,122.49
1162,7,Front/Back,156.11,165.65,139.82,156.17,133.9,134.11,114.65,127.84
1162,8,Front/Back,162.62,153.92,145.8,137.21,127.3,140.94,108.43,125.5
1162,9,Front/Back,145.32,156.84,129.73,136.9,126.07,144.34,116.87,132.76
1162,10,Front/Back,150.27,153.43,140.48,133.49,109.16,153.25,102.8,139.05
1162,11,Front/Back,148.09,147.44,138.3,127.49,109.16,144.34,103.34,130.03
1162,12,Front/Back,113.78,145.64,126.5,125.69,115.69,136.69,129.45,120.18
1162,13,Front/Back,116.47,131.39,125.18,121.97,107.82,126.16,124.58,122.38
1162,14,Front/Back,117.19,143.39,124.32,123.37,102.76,144.34,121.6,130.03
1162,15,Front/Back,120.66,141.37,127.96,121.35,102.76,144.34,121.6,132.62
1162,16,Front/Back,109.72,163.31,114.89,145.29,101.19,153.25,125.73,141.67
1162,17,Front/Back,119.96,162.68,120.28,143.92,100.18,144.34,119.87,132.76
1162,18,Front/Back,121.79,164.19,122.11,150.82,100.18,144.34,115.08,130.14
1162,19,Front/Back,118.08,172.62,115.27,158.71,100.29,144.34,115.08,130.03
1162,20,Front/Back,122.31,164.53,119.5,140.13,108.86,144.34,119.66,130.03
1162,21,Front/Back,121.1,158.41,120.27,151.48,113.85,122.23,123.93,123.12
1162,22,Front/Back,131.04,162.53,133.01,151.74,111.17,122.23,124.05,125.4
1162,23,Front/Back,139.59,162.53,141.69,151.74,113.85,122.23,126.39,125.51
1162,24,Front/Back,149.8,162.69,151.9,151.74,113.85,116.75,126.39,119.87
1162,25,Front/Back,151.53,165.56,151.9,151.8,119.35,125.64,130.15,125.89
1162,26,Front/Back,151.53,165.69,146.05,152.7,112.38,119.38,123.18,119.49
1162,27,Front/Back,149.93,170.03,146.05,156.6,113.98,123.72,126.39,117.28
1162,28,Front/Back,146.7,165.89,145.82,156.6,130.88,119.57,141.12,115.33
1162,29,Front/Back,147.03,165.89,145.82,148.43,147.03,119.57,154.65,113.56
1162,30,Front/Back,133.41,165.89,125.97,148.37,108.26,119.57,98.67,103.88
1162,31,Front/Back,133.65,165.89,126.14,148.37,114.03,119.57,106.12,105.08
1162,32,Front/Back,127.95,162.68,120.45,155.58,108.18,122.77,112.31,121.64
1162,33,Front/Back,126.49,165.89,118.94,155.53,104.69,125.97,111.38,121.64
1162,34,Front/Back,144.78,154.28,141.81,137.01,106.64,123.88,111.38,121.69
1162,35,Front/Back,159.56,144.0,152.53,129.89,108.31,130.1,111.56,130.99
1162,36,Front/Back,155.09,144.1,152.53,130.16,98.55,130.1,106.27,130.99
1162,37,Front/Back,147.62,148.23,140.6,131.55,103.02,129.9,106.27,130.03
1162,38,Front/Back,141.53,161.99,137.3,134.26,98.57,141.34,107.65,132.62
1162,39,Front/Back,142.05,158.96,139.23,134.66,106.26,141.34,113.08,132.62
1162,40,Front/Back,147.57,180.0,142.16,153.25,105.55,137.06,103.34,122.87
1162,41,Front/Back,144.44,176.64,139.05,164.11,110.82,140.59,109.1,127.44
1162,42,Front/Back,149.85,164.88,144.38,138.13,113.66,152.79,109.24,134.43
1162,43,Front/Back,152.4,179.99,143.9,153.92,122.51,180.0,114.63,161.55
1162,44,Front/Back,156.69,180.0,144.38,153.93,123.99,169.59,108.24,147.75
1162,45,Front/Back,158.39,180.0,145.91,153.25,134.45,169.59,118.52,147.69
1162,46,Front/Back,161.57,180.0,149.09,153.93,147.59,169.59,129.67,147.69
1162,47,Front/Back,180.0,180.0,156.68,153.93,180.0,180.0,147.58,152.51
1162,48,Front/Back,172.41,180.0,148.55,157.98,180.0,180.0,144.61,148.9
1162,49,Front/Back,175.52,180.0,151.66,157.21,180.0,180.0,144.26,143.64
1162,50,Front/Back,174.95,180.0,156.15,157.21,174.95,180.0,143.95,139.0
1162,51,Front/Back,180.0,180.0,155.74,157.21,180.0,180.0,166.32,139.0
1162,52,Front/Back,180.0,180.0,155.74,161.98,180.0,180.0,166.99,139.0
1162,53,Front/Back,180.0,180.0,155.74,161.98,180.0,180.0,170.28,136.4
1162,54,Front/Back,180.0,180.0,155.74,161.24,180.0,180.0,179.99,133.12
1162,55,Front/Back,180.0,180.0,156.68,167.42,180.0,180.0,169.04,130.0
1162,56,Front/Back,180.0,180.0,160.38,166.63,180.0,180.0,161.3,127.02
1162,57,Front/Back,180.0,180.0,160.38,166.63,180.0,180.0,160.89,126.98
1162,58,Front/Back,180.0,180.0,160.38,166.09,180.0,180.0,160.77,125.52
1162,59,Front/Back,180.0,180.0,160.38,166.09,180.0,180.0,147.61,124.8
1162,60,Front/Back,180.0,180.0,159.9,165.78,180.0,180.0,149.43,122.7
1162,61,Front/Back,180.0,180.0,159.37,179.99,180.0,180.0,142.63,120.74
1163,1,Front/Back,179.97,179.98,179.97,179.97,179.98,179.98,179.97,179.98
1163,2,Front/Back,166.64,158.1,166.63,167.51,157.3,167.77,157.3,177.18
1163,3,Front/Back,180.0,151.45,153.84,159.17,159.59,166.98,147.44,179.99
1163,4,Front/Back,161.46,149.34,145.89,152.99,157.3,168.23,145.15,177.18
1163,5,Front/Back,157.76,142.75,141.59,152.99,150.97,146.47,150.97,162.01
1163,6,Front/Back,148.9,141.1,132.73,147.06,150.97,149.34,150.97,162.01
1163,7,Front/Back,145.28,133.71,129.11,142.82,152.75,149.51,152.75,165.32
1163,8,Front/Back,143.58,129.2,127.06,142.82,150.97,145.0,150.97,165.32
1163,9,Front/Back,150.94,119.48,124.08,137.7,150.97,143.8,150.97,162.01
1163,10,Front/Back,146.32,122.27,119.53,135.67,150.97,144.81,150.97,165.32
1163,11,Front/Back,146.32,118.16,119.53,128.04,150.97,145.42,150.97,162.01
1163,12,Front/Back,140.59,112.53,114.04,124.72,147.97,146.44,147.97,165.32
1163,13,Front/Back,138.6,106.57,110.08,129.41,148.49,142.49,150.48,165.32
1163,14,Front/Back,128.61,110.79,107.76,131.18,156.69,154.3,148.26,179.99
1163,15,Front/Back,122.57,109.59,105.58,138.49,149.65,151.09,154.65,179.99
1163,16,Front/Back,117.4,107.02,106.41,135.92,147.33,151.09,157.82,179.99
1163,17,Front/Back,129.59,105.11,123.7,135.43,145.12,149.68,160.06,179.99
1163,18,Front/Back,125.79,100.37,119.26,130.82,145.97,149.55,160.92,179.99
1163,19,Front/Back,128.23,97.71,118.71,130.82,145.12,146.89,168.22,179.99
1163,20,Front/Back,123.77,96.18,116.11,129.29,148.74,146.89,173.68,179.99
1163,21,Front/Back,122.03,93.05,114.32,128.64,147.5,144.41,172.4,179.99
1163,22,Front/Back,119.65,91.86,113.71,127.55,147.01,144.31,173.68,179.99
1163,23,Front/Back,114.28,86.73,117.78,123.61,144.65,143.12,180.0,179.99
1163,24,Front/Back,113.0,77.41,117.78,122.95,143.37,134.46,180.0,179.99
1163,25,Front/Back,106.61,76.16,110.45,122.62,140.99,133.54,180.0,179.99
1163,26,Front/Back,106.13,76.1,111.14,122.62,139.81,133.48,180.0,179.99
1163,27,Front/Back,106.39,73.76,112.55,121.24,138.66,132.52,180.0,179.99
1163,28,Front/Back,107.44,73.49,114.73,121.91,137.54,131.58,180.0,179.99
1163,29,Front/Back,106.68,68.18,116.14,117.53,135.36,130.64,180.0,148.37
1163,30,Front/Back,110.27,68.53,119.74,118.8,135.36,129.73,180.0,180.0
1163,31,Front/Back,112.23,69.84,124.86,121.07,137.73,128.77,180.0,180.0
1163,32,Front/Back,120.29,71.52,132.92,122.74,137.73,128.77,180.0,180.0
1163,33,Front/Back,137.63,73.63,146.78,125.78,137.63,127.85,180.0,180.0
1163,34,Front/Back,136.52,75.98,146.78,128.14,136.52,127.84,180.0,180.0
1163,35,Front/Back,136.52,75.33,146.78,128.37,136.52,126.96,180.0,180.0
1163,36,Front/Back,136.52,88.64,146.78,138.04,136.52,130.6,180.0,180.0
1163,37,Front/Back,144.6,79.12,146.78,132.15,144.6,126.97,180.0,180.0
1163,38,Front/Back,143.32,87.96,146.78,133.55,143.32,134.41,180.0,180.0
1163,39,Front/Back,138.66,89.43,146.78,135.02,138.66,134.41,180.0,180.0
1163,40,Front/Back,138.66,90.98,147.39,136.56,138.66,134.41,180.0,180.0
1163,41,Front/Back,137.63,94.09,147.39,139.67,137.63,134.41,180.0,180.0
1163,42,Front/Back,139.9,99.21,147.39,144.7,139.9,134.52,180.0,180.0
1163,43,Front/Back,139.9,93.31,146.78,139.9,139.9,133.41,180.0,180.0
1163,44,Front/Back,141.08,94.06,146.78,139.67,141.08,134.39,180.0,180.0
1163,45,Front/Back,141.08,96.06,146.78,139.67,141.08,136.39,180.0,180.0
1163,46,Front/Back,142.2,96.13,146.78,139.67,142.2,136.46,180.0,180.0
1163,47,Front/Back,140.92,93.25,146.78,136.79,140.92,136.46,180.0,180.0
1163,48,Front/Back,140.92,88.47,146.78,131.05,140.92,137.42,180.0,180.0
1163,49,Front/Back,126.19,86.17,132.05,128.75,140.92,137.42,180.0,180.0
1163,50,Front/Back,124.43,83.6,127.84,126.18,143.37,137.42,180.0,180.0
1163,51,Front/Back,114.31,81.68,117.24,124.26,143.37,137.42,180.0,180.0
1163,52,Front/Back,110.25,81.09,113.23,122.62,143.32,138.47,180.0,180.0
1163,53,Front/Back,107.15,79.75,110.13,121.28,143.32,138.47,180.0,180.0
1163,54,Front/Back,109.5,77.08,111.23,118.62,144.56,138.46,180.0,180.0
1163,55,Front/Back,102.61,78.86,102.65,119.33,145.92,139.53,180.0,180.0
1163,56,Front/Back,101.64,87.48,101.69,124.5,145.92,142.98,180.0,180.0
1163,57,Front/Back,102.69,84.47,101.36,122.58,147.28,141.89,180.0,180.0
1163,58,Front/Back,103.42,85.79,95.87,122.74,153.51,143.04,180.0,180.0
1163,59,Front/Back,102.21,86.65,92.8,123.61,155.37,143.04,180.0,171.81
1163,60,Front/Back,117.7,87.62,108.95,124.58,155.05,143.04,180.0,165.32
1163,61,Front/Back,118.25,89.93,111.23,126.89,153.32,143.04,180.0,160.37
1163,62,Front/Back,122.43,94.25,113.67,130.02,155.06,144.22,180.0,156.78
1163,63,Front/Back,121.99,95.77,112.89,130.33,155.06,145.44,180.0,156.78
1163,64,Front/Back,131.97,97.41,120.98,131.96,156.95,145.44,180.0,150.9
1163,65,Front/Back,140.01,102.23,127.02,134.23,158.95,148.0,180.0,148.37
1163,66,Front/Back,158.95,104.52,145.96,135.17,158.95,149.35,180.0,143.85
1163,67,Front/Back,161.16,110.35,149.28,139.6,161.16,150.76,180.0,141.8
1163,68,Front/Back,163.65,115.18,149.28,141.4,163.65,153.78,180.0,138.57
1163,69,Front/Back,163.74,120.37,149.28,144.86,163.74,155.51,180.0,137.36
1163,70,Front/Back,163.74,124.62,153.14,148.98,163.74,155.64,180.0,133.37
1163,71,Front/Back,161.36,126.93,153.22,151.29,161.36,155.64,180.0,133.37
1163,72,Front/Back,163.74,132.29,153.22,156.65,163.74,155.64,180.0,133.37
1163,73,Front/Back,163.87,131.38,153.45,153.82,163.87,157.56,180.0,133.37
1163,74,Front/Back,166.84,134.2,153.84,156.65,166.84,157.56,180.0,133.37
1163,75,Front/Back,170.99,132.33,154.4,154.59,170.99,157.74,180.0,133.37
1163,76,Front/Back,180.0,135.33,154.4,157.59,180.0,157.74,180.0,133.37
1163,77,Front/Back,180.0,135.24,154.4,155.58,180.0,159.67,180.0,133.37
1163,78,Front/Back,170.99,138.46,154.4,158.79,170.99,159.67,170.57,133.37
1163,79,Front/Back,180.0,140.34,154.4,162.6,180.0,157.74,170.57,133.37
1163,80,Front/Back,180.0,138.03,155.13,160.29,180.0,157.74,162.02,133.37
1163,81,Front/Back,180.0,136.04,155.13,158.3,180.0,157.74,156.34,133.37
1163,82,Front/Back,180.0,140.71,150.36,164.55,180.0,156.16,146.66,133.37
1163,83,Front/Back,166.84,140.1,155.13,162.14,166.84,157.95,146.66,133.37
1163,84,Front/Back,163.87,157.95,151.02,180.0,163.87,157.95,143.15,133.37
1163,85,Front/Back,166.84,158.19,156.05,180.0,166.84,158.19,143.15,133.37
1164,1,Side,163.06,162.92,169.94,169.93,179.93,175.84,178.39,175.3
1164,2,Side,149.18,161.65,159.16,168.32,173.48,175.81,177.71,173.12
1164,3,Side,152.28,165.21,160.72,176.25,175.86,175.74,176.59,172.18
1164,4,Side,153.16,161.01,160.83,167.64,177.6,175.74,177.87,173.58
1164,5,Side,152.49,160.25,160.15,166.92,177.68,176.46,176.57,169.27
1164,6,Side,151.83,158.49,159.43,162.88,176.87,177.34,173.98,166.68
1164,7,Side,155.07,154.25,159.31,160.28,177.55,174.76,171.87,166.52
1164,8,Side,147.74,152.53,151.82,159.11,175.91,173.85,171.87,164.99
1164,9,Side,146.86,149.74,150.95,154.14,174.94,172.98,168.32,166.46
1164,10,Side,143.64,148.67,143.13,153.07,175.82,173.85,166.79,164.04
1164,11,Side,148.48,147.53,143.01,149.73,174.46,177.23,170.55,154.16
1164,12,Side,148.35,139.66,143.88,141.34,174.48,173.78,167.84,158.72
1164,13,Side,147.39,132.36,143.97,132.8,175.56,176.45,163.92,151.71
1164,14,Side,140.48,125.56,137.73,125.7,175.65,175.46,161.81,149.04
1164,15,Side,137.53,117.83,133.09,120.14,176.19,174.36,158.64,148.36
1164,16,Side,137.66,113.73,129.32,112.54,176.12,174.74,155.26,146.84
1164,17,Side,137.87,103.72,127.34,100.5,178.31,173.03,156.41,148.97
1164,18,Side,134.88,97.13,123.17,93.37,177.35,172.44,152.52,148.03
1164,19,Side,135.79,90.05,119.26,94.38,180.0,172.95,154.41,151.26
1164,20,Side,131.18,72.22,110.98,71.57,179.81,169.81,153.43,148.57
1164,21,Side,126.13,67.35,101.52,69.72,179.55,167.87,151.8,145.27
1164,22,Side,117.57,58.63,90.54,64.33,178.28,168.54,151.75,148.07
1164,23,Side,119.71,52.94,87.12,64.75,178.38,173.94,150.8,146.0
1164,24,Side,103.92,41.9,73.32,58.51,178.98,169.73,153.13,150.25
1164,25,Side,91.27,35.54,60.98,54.34,172.1,172.62,147.02,151.38
1164,26,Side,81.2,27.44,48.61,44.39,172.98,171.62,147.55,153.0
1164,27,Side,78.29,23.58,41.45,39.99,173.72,174.49,147.24,151.11
1164,28,Side,71.72,18.98,34.89,37.88,175.94,176.43,154.75,152.61
1164,29,Side,68.84,9.48,28.89,42.66,175.64,179.98,157.92,148.63
1164,30,Side,57.46,11.09,20.62,40.86,167.62,175.32,152.03,148.35
1164,31,Side,59.73,11.95,21.12,44.44,166.76,174.28,152.42,149.42
1164,32,Side,62.76,14.83,21.12,42.72,169.2,169.51,154.75,147.37
1164,33,Side,63.21,19.02,20.45,41.67,159.77,163.35,145.42,143.11
1164,34,Side,61.96,20.87,20.45,40.18,155.96,162.13,144.78,142.62
1164,35,Side,60.09,22.69,20.01,38.16,152.01,161.12,142.47,141.15
1164,36,Side,59.25,23.39,21.39,30.46,145.84,154.62,138.34,136.93
1164,37,Side,58.89,21.57,21.39,39.02,147.07,159.57,140.11,140.05
1164,38,Side,58.89,19.51,22.09,39.97,151.92,157.1,147.75,140.27
1164,39,Side,59.44,19.06,21.92,41.34,152.65,156.34,148.79,140.09
1164,40,Side,57.71,17.35,22.57,39.49,150.11,155.58,149.35,140.4
1164,41,Side,55.81,14.84,25.06,38.26,147.38,152.06,149.17,137.69
1164,42,Side,63.94,21.87,35.6,45.96,148.49,156.8,151.12,139.48
1164,43,Side,69.04,28.27,40.97,48.01,148.23,156.43,148.81,140.92
1164,44,Side,73.47,34.28,47.84,52.49,148.54,157.09,148.45,139.99
1164,45,Side,82.79,45.76,58.26,64.56,149.04,159.93,145.62,136.74
1164,46,Side,89.9,49.75,66.98,60.13,143.03,154.65,139.18,137.94
1164,47,Side,105.06,54.69,82.87,64.09,144.13,160.85,139.96,143.05
1164,48,Side,109.08,68.88,88.97,81.57,145.45,164.49,144.58,145.49
1164,49,Side,126.12,70.28,104.71,79.6,150.82,161.8,147.42,144.06
1164,50,Side,130.09,77.29,109.97,87.75,151.84,163.43,148.68,146.63
1164,51,Side,135.54,84.18,118.74,93.78,152.88,168.39,150.79,151.2
1164,52,Side,135.66,92.36,119.28,102.87,157.3,171.11,153.43,156.37
1164,53,Side,142.02,99.95,128.88,111.63,157.96,170.6,155.52,154.36
1164,54,Side,147.58,109.42,136.19,117.35,157.2,167.01,157.87,153.37
1164,55,Side,151.5,117.55,142.22,127.3,161.57,172.01,162.57,158.26
1164,56,Side,153.89,126.1,147.3,133.45,165.15,171.83,170.79,162.93
1164,57,Side,146.81,133.19,142.2,143.72,166.62,173.59,179.39,172.19
1164,58,Side,144.77,137.63,141.28,150.09,166.38,174.25,172.06,177.91
1164,59,Side,145.3,139.03,145.3,151.29,165.96,176.2,168.09,175.91
1164,60,Side,148.01,143.07,153.43,157.17,165.75,177.98,161.67,168.55
1164,61,Side,148.81,148.47,156.79,163.56,167.32,179.06,153.08,160.04
1164,62,Side,146.5,151.63,154.33,165.22,166.69,178.7,148.85,154.83
1164,63,Side,147.77,154.88,158.27,167.65,167.68,179.83,143.23,149.13
1164,64,Side,144.87,153.89,156.92,164.42,167.04,178.26,140.61,144.61
1164,65,Side,146.82,159.55,160.79,168.32,169.75,178.18,134.71,138.78
1164,66,Side,146.0,160.11,160.79,168.88,170.04,176.39,128.06,134.11
1164,67,Side,146.66,160.63,161.45,169.42,170.78,173.79,130.12,128.87
1165,1,Side,172.66,166.36,55.81,177.2,179.87,177.06,161.88,159.26
1165,2,Side,170.16,163.73,55.04,174.94,179.25,177.9,165.07,160.14
1165,3,Side,170.54,159.67,55.38,168.52,180.0,177.3,164.36,162.02
1165,4,Side,167.74,157.53,55.05,164.56,180.0,177.24,163.74,159.38
1165,5,Side,167.74,152.15,56.53,159.08,179.1,176.01,166.27,160.77
1165,6,Side,164.78,149.96,54.35,157.48,179.82,175.29,171.04,163.0
1165,7,Side,167.01,145.78,53.82,152.49,177.74,174.81,171.87,164.5
1165,8,Side,167.84,143.62,55.3,149.29,176.91,174.06,173.88,166.32
1165,9,Side,167.92,139.7,57.2,145.2,175.2,176.24,176.86,173.41
1165,10,Side,168.78,137.48,57.01,142.26,172.61,175.48,179.86,176.99
1165,11,Side,168.5,134.87,56.09,139.58,171.12,175.46,176.04,178.67
1165,12,Side,168.36,131.25,56.52,135.24,171.21,176.62,169.68,173.12
1165,13,Side,168.69,125.59,58.03,131.24,174.16,176.03,163.33,168.11
1165,14,Side,171.7,120.41,60.8,127.0,175.61,177.26,162.34,162.82
1165,15,Side,173.28,114.48,63.83,121.61,176.94,174.31,160.84,160.53
1165,16,Side,173.48,108.77,66.98,115.56,179.04,172.83,155.77,159.71
1165,17,Side,162.48,92.23,57.05,96.65,175.14,174.83,160.28,157.28
1165,18,Side,121.25,83.39,18.83,86.98,175.63,176.65,160.36,154.22
1165,19,Side,83.5,75.26,17.26,78.06,173.33,177.16,163.23,151.69
1165,20,Side,60.05,66.14,37.06,68.02,174.46,177.57,164.96,151.31
1165,21,Side,47.99,59.3,47.52,62.06,172.43,179.32,167.79,149.87
1165,22,Side,41.02,52.7,50.59,59.46,175.82,179.01,165.28,152.97
1165,23,Side,39.73,48.08,48.17,58.35,179.6,177.71,162.03,149.82
1165,24,Side,42.75,42.27,41.19,56.31,176.29,177.05,157.55,151.7
1165,25,Side,40.68,35.93,40.5,53.91,172.51,173.11,153.72,148.19
1165,26,Side,34.6,30.77,45.18,53.13,169.95,170.6,151.26,145.88
1165,27,Side,32.35,21.61,44.13,58.65,170.36,170.79,152.1,146.73
1165,28,Side,38.03,16.91,35.95,57.89,166.33,170.79,151.5,147.62
1165,29,Side,40.81,10.1,30.69,55.51,166.54,168.54,152.9,146.41
1165,30,Side,43.98,4.78,25.18,47.91,164.7,173.09,151.65,150.7
1165,31,Side,46.7,2.1,22.0,46.98,165.13,171.74,154.07,150.36
1165,32,Side,46.32,2.38,20.87,46.94,165.69,169.57,154.03,149.35
1165,33,Side,45.48,6.73,20.38,45.67,167.23,166.13,154.45,151.47
1165,34,Side,45.56,5.47,19.45,47.4,168.73,166.53,156.58,151.71
1165,35,Side,46.75,8.17,19.38,46.18,177.03,164.67,164.81,152.56
1165,36,Side,48.81,8.98,16.13,45.14,177.57,164.26,165.94,154.81
1165,37,Side,45.47,22.02,15.1,42.74,173.16,163.45,158.69,154.09
1165,38,Side,40.91,27.63,18.0,44.59,173.05,162.93,158.07,152.85
1165,39,Side,38.22,35.38,14.74,46.97,170.78,164.06,154.67,152.97
1165,40,Side,29.54,40.51,21.52,48.06,170.68,162.9,155.52,152.07
1165,41,Side,29.09,47.78,21.88,51.05,169.56,163.27,152.26,154.05
1165,42,Side,30.85,55.63,18.85,58.5,170.4,163.66,154.8,150.83
1165,43,Side,33.46,60.44,14.83,64.99,172.5,164.44,158.79,153.23
1165,44,Side,46.58,67.69,0.14,72.95,172.46,166.18,160.73,151.57
1165,45,Side,132.87,77.49,88.16,84.38,174.81,166.02,162.09,151.57
1165,46,Side,173.1,84.91,131.06,92.5,176.99,165.36,167.4,150.47
1165,47,Side,179.14,91.17,140.79,98.76,177.64,167.31,168.21,152.55
1165,48,Side,173.27,97.78,140.22,107.1,176.08,165.48,168.48,149.04
1165,49,Side,165.01,105.38,136.33,113.75,176.94,166.56,171.69,150.23
1165,50,Side,169.26,109.34,146.39,122.34,174.28,172.51,169.3,153.53
1165,51,Side,167.08,122.64,151.04,136.54,172.53,171.35,173.0,158.49
1165,52,Side,163.84,120.72,151.64,131.41,172.34,171.38,179.66,162.86
1165,53,Side,164.1,123.88,155.05,134.38,173.76,172.27,172.8,166.41
1165,54,Side,161.86,128.75,153.73,140.04,174.99,171.68,162.04,169.71
1165,55,Side,163.01,132.64,157.75,145.52,175.6,173.76,156.83,178.9
1165,56,Side,163.08,139.33,160.6,152.21,177.33,172.11,148.71,177.66
1165,57,Side,162.34,140.35,162.57,153.23,179.05,174.69,143.9,171.38
1165,58,Side,163.26,141.33,163.39,154.21,178.39,176.99,138.28,166.6
1165,59,Side,160.43,142.25,161.33,155.13,176.95,179.32,132.88,160.08
1165,60,Side,160.52,145.27,162.14,157.4,176.66,179.95,126.72,150.64
1165,61,Side,170.52,158.2,170.37,166.56,173.94,177.23,123.56,143.84
1165,62,Side,168.85,159.62,170.37,169.63,177.58,178.15,126.61,142.67
1166,1,Side,160.07,12.93,173.59,36.94,127.67,145.76,133.03,124.96
1166,2,Side,158.01,12.93,170.75,36.94,128.84,145.76,133.66,124.96
1166,3,Side,156.14,12.93,169.51,36.94,129.77,145.76,134.06,124.96
1166,4,Side,153.92,12.93,167.73,36.94,130.7,145.76,134.46,124.96
1166,5,Side,156.56,12.93,169.15,36.94,130.02,145.76,135.09,124.96
1166,6,Side,154.96,12.93,166.27,36.94,130.49,145.76,135.48,124.96
1166,7,Side,153.72,12.93,167.72,36.94,133.37,145.76,137.13,124.96
1166,8,Side,151.41,12.93,166.05,36.94,135.97,145.76,138.99,124.96
1166,9,Side,148.49,12.93,164.53,36.94,138.95,145.76,140.66,124.96
1166,10,Side,145.81,12.93,163.23,36.94,142.67,145.76,142.9,124.96
1166,11,Side,135.4,12.93,152.8,36.94,146.34,145.76,145.05,124.96
1166,12,Side,129.25,12.93,144.87,36.94,140.5,145.76,139.65,124.96
1166,13,Side,121.23,12.93,140.01,36.94,146.77,145.76,142.76,124.96
1166,14,Side,118.09,12.93,138.24,36.94,152.91,145.76,147.53,124.96
1166,15,Side,113.56,12.93,136.31,36.94,156.97,145.76,150.18,124.96
1166,16,Side,99.65,12.93,126.88,36.94,169.48,145.76,157.0,124.96
1166,17,Side,95.0,12.93,125.92,36.94,170.63,145.76,156.85,124.96
1166,18,Side,86.68,12.93,119.78,36.94,164.51,145.76,137.5,124.96
1166,19,Side,71.34,12.93,106.07,36.94,162.57,145.76,130.2,124.96
1166,20,Side,65.18,12.93,104.81,36.94,158.37,145.76,116.09,124.96
1166,21,Side,54.74,12.93,101.55,36.94,159.46,145.76,115.19,124.96
1166,22,Side,46.0,12.93,94.81,36.94,158.65,145.76,119.09,124.96
1166,23,Side,32.99,12.93,83.63,36.94,152.46,145.76,112.64,124.96
1166,24,Side,13.51,12.93,65.1,36.94,155.87,145.76,122.37,124.96
1166,25,Side,5.18,12.93,44.75,36.94,147.02,145.76,119.34,124.96
1166,26,Side,12.93,12.93,36.94,36.94,145.76,145.76,124.96,124.96
1166,27,Side,21.52,12.93,34.62,36.94,146.41,145.76,129.63,124.96
1166,28,Side,31.46,12.93,31.44,36.94,144.01,145.76,126.73,124.96
1166,29,Side,40.11,12.93,29.17,36.94,137.05,145.76,122.66,124.96
1166,30,Side,47.07,12.93,29.46,36.94,138.57,145.76,126.53,124.96
1166,31,Side,54.64,12.93,28.67,36.94,135.93,145.76,125.88,124.96
1166,32,Side,52.54,12.93,28.74,36.94,135.09,145.76,126.87,124.96
1166,33,Side,48.76,12.93,30.19,36.94,135.05,145.76,129.29,124.96
1166,34,Side,46.48,12.93,30.62,36.94,133.21,145.76,128.08,124.96
1166,35,Side,42.19,12.93,31.43,36.94,138.23,145.76,140.5,124.96
1166,36,Side,39.05,12.93,31.76,36.94,137.14,145.76,138.81,124.96
1166,37,Side,31.58,12.93,38.47,36.94,138.16,145.76,141.16,124.96
1166,38,Side,20.09,12.93,44.37,36.94,132.34,145.76,132.67,124.96
1166,39,Side,12.28,12.93,47.31,36.94,132.26,145.76,131.33,124.96
1166,40,Side,2.12,12.93,51.54,36.94,131.83,145.76,132.17,124.96
1166,41,Side,13.73,12.93,59.67,36.94,131.75,145.76,131.09,124.96
1166,42,Side,29.17,12.93,69.99,36.94,134.29,145.76,132.57,124.96
1166,43,Side,44.15,12.93,80.16,36.94,134.0,145.76,128.69,124.96
1166,44,Side,56.55,12.93,87.88,36.94,134.03,145.76,128.1,124.96
1166,45,Side,72.32,12.93,97.81,36.94,133.85,145.76,129.22,124.96
1166,46,Side,84.69,12.93,105.27,36.94,131.55,145.76,132.47,124.96
1166,47,Side,92.71,12.93,113.2,36.94,134.37,145.76,143.48,124.96
1166,48,Side,97.07,12.93,116.78,36.94,138.49,145.76,151.71,124.96
1166,49,Side,105.29,12.93,124.14,36.94,139.4,145.76,164.93,124.96
1166,50,Side,111.18,12.93,129.06,36.94,136.24,145.76,162.78,124.96
1166,51,Side,115.91,12.93,132.51,36.94,135.44,145.76,163.26,124.96
1166,52,Side,123.16,12.93,137.53,36.94,131.3,145.76,160.06,124.96
1166,53,Side,132.05,12.93,142.7,36.94,127.48,145.76,158.62,124.96
1166,54,Side,130.69,12.93,137.48,36.94,123.19,145.76,156.23,124.96
1166,55,Side,131.88,12.93,135.69,36.94,121.6,145.76,156.44,124.96
1166,56,Side,140.99,12.93,143.96,36.94,120.01,145.76,155.84,124.96
1166,57,Side,145.17,12.93,146.45,36.94,117.52,145.76,155.03,124.96
1166,58,Side,150.56,12.93,150.4,36.94,113.93,145.76,152.89,124.96
1166,59,Side,145.79,12.93,147.08,36.94,114.33,145.76,151.84,124.96
1167,1,Front/Back,179.97,179.97,179.97,179.97,179.98,179.98,179.97,179.97
1167,2,Front/Back,150.24,141.93,152.39,157.38,143.92,135.4,153.71,150.87
1167,3,Front/Back,137.55,129.56,141.44,147.84,128.4,122.09,142.76,140.39
1167,4,Front/Back,132.75,115.16,131.21,140.39,123.61,108.7,132.54,133.95
1167,5,Front/Back,128.22,113.59,143.82,146.97,98.56,93.49,126.54,126.88
1167,6,Front/Back,126.6,110.96,144.38,146.97,86.86,82.67,118.4,118.69
1167,7,Front/Back,118.0,96.29,126.11,134.98,84.4,75.1,107.27,113.81
1167,8,Front/Back,106.26,80.8,101.68,127.86,87.73,75.76,105.06,122.83
1167,9,Front/Back,91.76,62.21,103.17,111.18,75.25,75.27,102.6,124.26
1167,10,Front/Back,85.71,51.64,102.91,106.41,66.15,70.84,99.16,125.63
1167,11,Front/Back,79.29,42.55,102.91,102.18,58.6,65.96,98.03,125.61
1167,12,Front/Back,69.93,47.31,97.21,106.41,60.57,67.96,109.76,127.08
1167,13,Front/Back,80.59,60.97,105.62,118.59,64.32,69.48,110.96,127.11
1167,14,Front/Back,88.42,78.51,112.86,134.54,68.45,60.12,114.5,116.17
1167,15,Front/Back,103.67,87.33,125.46,145.53,72.36,59.28,115.75,117.5
1167,16,Front/Back,112.56,107.16,137.31,165.62,71.96,61.72,118.32,120.19
1167,17,Front/Back,124.82,108.11,145.22,165.62,80.31,65.63,122.32,123.16
1167,18,Front/Back,127.71,102.23,145.22,158.78,84.55,69.45,123.67,126.02
1167,19,Front/Back,172.19,91.82,150.58,149.33,114.5,73.23,114.5,130.76
1167,20,Front/Back,172.19,128.66,150.58,179.98,117.01,84.26,117.01,135.61
1167,21,Front/Back,168.57,122.34,146.96,172.86,119.61,90.39,119.61,140.93
1167,22,Front/Back,145.35,95.87,123.74,145.53,122.22,89.41,122.22,139.09
1167,23,Front/Back,118.06,65.93,110.81,119.93,110.58,83.08,124.94,137.1
1167,24,Front/Back,99.84,61.69,98.21,113.8,108.92,84.96,129.2,137.1
1167,25,Front/Back,93.43,60.65,94.4,110.79,107.8,85.23,130.67,135.38
1167,26,Front/Back,93.05,64.9,96.35,110.79,106.98,89.3,132.18,135.21
1167,27,Front/Back,98.7,70.35,98.74,113.8,116.71,93.63,138.65,137.1
1167,28,Front/Back,111.52,80.75,105.05,121.83,128.63,99.6,144.07,140.7
1167,29,Front/Back,123.78,93.68,120.52,130.74,131.71,105.77,150.36,142.84
1167,30,Front/Back,141.11,121.95,128.14,137.09,152.65,110.61,161.58,144.84
1167,31,Front/Back,158.15,144.13,136.15,160.91,180.0,144.13,180.0,180.0
1167,32,Front/Back,163.6,147.11,141.6,161.31,155.56,147.11,155.56,180.0
1167,33,Front/Back,180.0,150.3,158.0,161.31,155.56,150.3,155.56,180.0
1167,34,Front/Back,180.0,153.79,158.0,161.99,171.58,153.79,171.58,163.8
1167,35,Front/Back,180.0,157.83,158.0,161.99,180.0,157.83,180.0,146.72
1167,36,Front/Back,180.0,162.75,158.0,161.99,180.0,162.75,164.39,131.82
1168,1,Side,149.95,149.95,138.58,172.91,154.38,166.59,171.29,167.1
1168,2,Side,149.95,147.74,139.43,169.9,156.31,166.96,174.97,167.76
1168,3,Side,149.95,144.51,138.58,166.02,156.95,167.01,177.42,166.37
1168,4,Side,149.95,140.89,140.52,162.1,158.25,167.77,179.59,160.68
1168,5,Side,149.95,138.17,133.81,159.98,156.11,167.15,178.43,161.43
1168,6,Side,149.95,134.58,133.38,158.87,158.17,164.66,174.6,157.46
1168,7,Side,149.95,130.64,134.18,154.33,159.36,164.77,170.97,157.24
1168,8,Side,149.95,127.67,144.92,150.72,162.73,163.58,169.14,154.51
1168,9,Side,149.95,124.3,145.7,148.28,163.42,163.31,166.45,153.14
1168,10,Side,149.95,119.84,146.71,144.16,164.09,161.18,164.53,153.24
1168,11,Side,149.95,116.57,145.49,142.77,163.32,161.37,165.92,151.41
1168,12,Side,149.95,112.54,142.52,136.57,164.8,161.06,163.71,151.41
1168,13,Side,149.95,108.11,138.58,132.51,167.04,158.75,159.62,151.68
1168,14,Side,149.95,104.23,138.58,128.36,167.94,157.85,160.92,150.57
1168,15,Side,149.95,101.04,138.58,124.21,167.98,159.39,162.57,147.58
1168,16,Side,149.95,96.97,106.11,119.01,167.66,160.18,159.35,146.41
1168,17,Side,149.95,85.38,75.14,106.51,167.34,160.62,163.29,147.25
1168,18,Side,149.95,82.82,38.27,103.78,167.01,161.46,164.68,147.48
1168,19,Side,149.95,84.67,8.34,105.53,166.69,161.21,168.18,147.15
1168,20,Side,149.95,85.0,3.55,101.46,166.36,166.12,171.74,145.62
1168,21,Side,149.95,80.1,6.11,94.0,166.04,166.05,174.38,145.69
1168,22,Side,149.95,75.88,11.28,92.15,165.71,164.21,177.99,148.24
1168,23,Side,149.95,72.16,12.0,88.8,165.39,163.2,179.68,150.43
1168,24,Side,149.95,68.22,11.27,89.21,165.06,161.07,176.82,151.28
1168,25,Side,149.95,65.6,10.5,87.84,164.73,161.07,174.27,152.25
1168,26,Side,149.95,60.18,9.69,85.34,164.4,162.17,171.85,151.68
1168,27,Side,149.95,56.02,8.83,80.82,164.08,162.71,170.12,153.27
1168,28,Side,149.95,54.63,7.93,82.06,163.75,163.25,169.43,154.84
1168,29,Side,149.95,52.46,6.97,82.02,163.42,163.39,168.74,153.15
1168,30,Side,149.95,47.52,5.95,80.0,163.09,163.19,167.88,155.81
1168,31,Side,149.95,42.98,4.87,78.04,162.76,164.82,167.36,155.69
1168,32,Side,149.95,40.72,3.73,71.47,162.43,167.92,167.73,155.28
1168,33,Side,149.95,36.87,2.51,66.71,162.1,169.27,167.04,154.98
1168,34,Side,149.95,33.61,1.22,63.73,161.77,168.4,167.24,155.69
1168,35,Side,149.95,32.18,0.16,61.44,161.44,169.72,167.58,155.23
1168,36,Side,149.95,30.8,1.63,60.83,161.11,169.09,168.88,155.12
1168,37,Side,149.95,32.13,3.2,61.45,160.78,167.61,169.83,155.86
1168,38,Side,149.95,33.01,4.87,62.05,160.45,169.65,168.94,150.46
1168,39,Side,149.95,34.17,6.66,63.52,160.11,168.54,169.04,150.47
1168,40,Side,149.95,33.58,8.57,63.48,159.78,165.69,169.07,151.93
1168,41,Side,149.95,32.43,10.6,59.94,159.45,167.1,170.17,153.12
1168,42,Side,149.95,32.43,12.78,59.94,159.12,167.88,171.42,151.92
1168,43,Side,149.95,35.13,15.1,63.25,158.79,168.37,171.61,146.36
1168,44,Side,149.95,35.94,17.58,63.11,158.46,166.83,172.82,152.57
1168,45,Side,149.95,35.25,20.21,62.03,158.12,164.97,173.06,153.46
1168,46,Side,149.95,39.47,23.0,65.95,157.79,164.83,173.29,154.36
1168,47,Side,149.95,44.47,25.96,69.44,157.46,167.32,174.41,149.03
1168,48,Side,149.95,47.92,29.07,71.5,157.13,166.76,175.58,149.58
1168,49,Side,149.95,51.46,32.33,72.14,156.8,169.36,176.65,145.96
1168,50,Side,149.95,56.31,35.74,76.72,156.47,167.69,176.93,149.35
1168,51,Side,149.95,56.48,39.27,76.78,156.14,167.15,176.07,148.97
1168,52,Side,149.95,62.39,42.91,82.97,155.81,166.34,177.35,148.65
1168,53,Side,149.95,67.83,46.62,87.21,155.47,166.69,177.45,149.34
1168,54,Side,149.95,85.94,50.38,110.32,155.14,165.92,179.68,145.25
1168,55,Side,149.95,88.62,54.16,115.36,154.81,160.51,178.44,150.42
1168,56,Side,149.95,91.09,57.92,110.33,154.48,162.62,178.25,152.62
1168,57,Side,149.95,96.51,61.63,116.96,154.15,165.14,178.07,151.3
1168,58,Side,149.95,101.66,65.27,125.13,153.82,159.98,177.01,152.41
1168,59,Side,149.95,103.19,68.8,124.51,153.49,165.14,174.87,150.43
1168,60,Side,149.95,106.23,81.48,128.27,153.17,164.24,174.7,149.56
1168,61,Side,149.95,107.37,99.1,130.09,152.84,162.8,173.4,148.66
1168,62,Side,149.95,112.03,108.83,135.26,152.51,161.61,172.39,148.66
1168,63,Side,149.95,114.96,114.95,141.28,152.18,157.85,174.76,148.29
1168,64,Side,149.95,116.67,124.54,141.55,151.85,155.12,173.8,150.46
1168,65,Side,149.95,119.7,131.45,144.9,151.53,153.51,173.67,152.15
1168,66,Side,149.95,120.35,134.18,147.26,151.2,151.77,173.82,152.34
1168,67,Side,149.95,123.31,132.67,148.84,150.87,150.61,171.38,155.83
1168,68,Side,149.95,127.58,136.84,152.82,150.55,151.75,171.27,155.97
1168,69,Side,149.95,130.42,138.58,154.36,150.22,151.16,168.99,157.37
1168,70,Side,149.95,132.42,137.24,155.38,149.9,152.21,168.53,155.31
1168,71,Side,149.95,136.13,138.58,159.81,149.58,152.36,168.07,153.64
1168,72,Side,149.95,136.81,139.8,161.2,149.25,152.81,167.98,153.71
1168,73,Side,149.95,138.58,141.64,162.71,148.93,152.44,166.4,152.82
1168,74,Side,149.95,141.23,139.58,164.3,148.61,152.89,165.33,153.52
1168,75,Side,149.95,143.36,144.59,165.75,148.29,153.66,166.65,152.17
1168,76,Side,149.95,143.26,144.1,166.1,147.96,151.98,166.17,152.69
1168,77,Side,149.95,141.08,142.21,163.49,147.64,152.41,166.1,152.13
1168,78,Side,149.95,141.68,137.67,164.3,147.32,151.7,166.72,151.35
1168,79,Side,149.95,147.21,135.16,168.54,147.01,151.54,165.29,159.08
1168,80,Side,149.95,149.39,134.49,169.88,146.69,152.25,165.23,154.38
1168,81,Side,149.95,148.94,133.31,169.88,146.37,151.19,163.44,154.26
1169,1,Side,177.07,177.07,174.93,174.93,179.74,179.74,138.36,125.99
1169,2,Side,176.18,177.07,174.96,174.93,179.73,179.74,137.46,125.72
1169,3,Side,173.19,177.07,173.88,174.93,177.95,179.74,136.09,128.7
1169,4,Side,166.06,177.07,174.99,174.93,174.09,179.74,136.58,129.42
1169,5,Side,160.86,177.07,171.74,174.93,172.91,179.74,134.41,131.05
1169,6,Side,158.27,177.07,168.81,174.93,171.29,179.74,135.04,133.7
1169,7,Side,153.07,177.07,168.1,174.93,168.91,179.74,134.41,134.87
1169,8,Side,145.53,177.07,163.11,174.93,167.13,179.74,134.37,136.25
1169,9,Side,141.14,177.07,162.65,174.93,164.74,179.74,131.85,137.9
1169,10,Side,137.31,177.07,162.67,174.93,163.4,179.74,130.17,142.36
1169,11,Side,133.34,177.07,160.43,174.93,162.51,179.74,128.54,145.09
1169,12,Side,128.02,177.07,155.82,174.93,162.81,179.74,128.33,148.7
1169,13,Side,124.65,177.07,153.66,174.93,162.78,179.74,129.7,154.61
1169,14,Side,120.09,177.07,143.18,174.93,167.49,179.74,129.08,156.96
1169,15,Side,112.39,177.07,135.29,174.93,167.47,179.74,129.17,166.59
1169,16,Side,106.92,177.07,128.74,174.93,168.73,179.74,128.87,173.67
1169,17,Side,99.5,177.07,122.67,174.93,168.39,179.74,129.85,179.18
1169,18,Side,93.84,177.07,118.65,174.93,169.49,179.74,128.54,171.68
1169,19,Side,85.6,177.07,109.86,174.93,169.93,179.74,131.55,164.77
1169,20,Side,82.48,177.07,107.59,174.93,171.01,179.74,128.56,157.38
1169,21,Side,86.37,177.07,113.2,174.93,175.55,179.74,126.71,146.54
1169,22,Side,77.92,177.07,106.75,174.93,177.73,179.74,125.2,140.68
1169,23,Side,68.86,177.07,98.44,174.93,177.7,179.74,123.44,137.4
1169,24,Side,63.27,177.07,95.82,174.93,179.09,179.74,121.18,141.81
1169,25,Side,54.81,177.07,89.38,174.93,176.92,179.74,118.72,134.55
1169,26,Side,47.63,177.07,81.78,174.93,173.81,179.74,117.1,138.95
1169,27,Side,39.74,177.07,70.24,174.93,171.94,179.74,118.69,137.55
1169,28,Side,32.06,177.07,64.79,174.93,170.99,179.74,120.42,141.81
1169,29,Side,25.89,177.07,58.36,174.93,168.96,179.74,122.04,147.08
1169,30,Side,18.99,177.07,56.09,174.93,168.42,179.74,123.76,158.18
1169,31,Side,10.97,177.07,45.2,174.93,165.54,179.74,126.34,162.78
1169,32,Side,8.41,177.07,44.22,174.93,166.12,179.74,127.08,162.14
1169,33,Side,1.61,177.07,35.03,174.93,164.49,179.74,127.84,170.32
1169,34,Side,2.42,177.07,33.58,174.93,164.74,179.74,133.01,170.32
1169,35,Side,0.54,177.07,26.02,174.93,161.92,179.74,133.01,171.07
1169,36,Side,5.41,177.07,19.38,174.93,160.94,179.74,133.8,175.62
1169,37,Side,3.35,177.07,21.45,174.93,161.44,179.74,135.07,174.02
1169,38,Side,5.99,177.07,22.9,174.93,161.52,179.74,129.01,174.26
1169,39,Side,5.87,177.07,23.22,174.93,162.22,179.74,128.47,172.64
1169,40,Side,0.12,177.07,26.02,174.93,162.79,179.74,127.04,174.48
1169,41,Side,3.63,177.07,28.96,174.93,163.76,179.74,127.43,172.64
1169,42,Side,7.11,177.07,32.96,174.93,163.21,179.74,125.63,169.12
1169,43,Side,17.87,177.07,46.57,174.93,165.59,179.74,125.89,165.51
1169,44,Side,24.34,177.07,52.35,174.93,166.72,179.74,124.86,163.96
1169,45,Side,24.75,177.07,53.9,174.93,167.11,179.74,125.13,162.44
1169,46,Side,29.82,177.07,58.22,174.93,168.69,179.74,125.26,160.32
1169,47,Side,36.89,177.07,66.05,174.93,168.93,179.74,126.17,159.5
1169,48,Side,42.95,177.07,69.83,174.93,167.55,179.74,126.5,152.44
1169,49,Side,49.45,177.07,77.07,174.93,167.74,179.74,127.0,151.6
1169,50,Side,54.18,177.07,81.37,174.93,166.27,179.74,128.25,150.26
1169,51,Side,62.14,177.07,87.92,174.93,165.38,179.74,128.58,148.95
1169,52,Side,68.19,177.07,93.64,174.93,165.67,179.74,127.92,149.83
1169,53,Side,74.61,177.07,99.28,174.93,164.78,179.74,126.72,153.25
1169,54,Side,80.04,177.07,102.72,174.93,163.87,179.74,124.09,156.69
1169,55,Side,85.77,177.07,106.7,174.93,162.71,179.74,124.37,158.74
1169,56,Side,94.76,177.07,111.61,174.93,160.81,179.74,124.63,162.14
1169,57,Side,98.17,177.07,115.76,174.93,163.87,179.74,126.94,166.5
1169,58,Side,110.71,177.07,125.28,174.93,161.17,179.74,121.81,174.22
1169,59,Side,111.6,177.07,130.03,174.93,166.33,179.74,124.7,179.05
1169,60,Side,126.02,177.07,142.18,174.93,162.31,179.74,121.33,172.69
1169,61,Side,123.71,177.07,141.71,174.93,166.28,179.74,122.01,166.84
1169,62,Side,137.48,177.07,152.68,174.93,165.62,179.74,121.37,159.67
1169,63,Side,144.65,177.07,159.26,174.93,168.82,179.74,122.25,155.13
1169,64,Side,149.25,177.07,163.86,174.93,171.77,179.74,122.87,151.49
1169,65,Side,147.71,177.07,163.3,174.93,176.0,179.74,123.16,146.31
1169,66,Side,151.4,177.07,166.75,174.93,177.85,179.74,123.58,143.48
1169,67,Side,156.5,177.07,172.22,174.93,179.56,179.74,122.87,138.06
1169,68,Side,159.75,177.07,175.68,174.93,175.23,179.74,123.25,139.45
1170,1,Front/Back,179.98,179.98,179.98,179.98,179.98,179.98,179.98,179.98
1170,2,Front/Back,163.7,164.76,170.48,167.09,173.21,173.32,179.99,179.99
1170,3,Front/Back,160.01,166.41,166.54,167.17,173.47,166.46,179.99,173.26
1170,4,Front/Back,158.56,157.6,159.04,169.26,173.47,168.34,179.99,179.99
1170,5,Front/Back,154.32,157.53,159.72,167.14,168.55,170.38,179.99,179.99
1170,6,Front/Back,151.01,151.32,162.28,164.82,168.73,166.5,179.99,179.99
1170,7,Front/Back,159.37,151.13,149.16,162.85,171.01,162.93,179.99,174.64
1170,8,Front/Back,144.84,149.4,156.11,161.12,168.73,162.93,179.99,174.64
1170,9,Front/Back,140.79,145.24,149.19,161.75,167.88,158.14,179.99,174.64
1170,10,Front/Back,138.12,137.4,148.15,160.2,169.97,157.2,179.99,179.99
1170,11,Front/Back,144.39,133.56,135.78,158.19,169.97,155.37,179.99,179.99
1170,12,Front/Back,143.8,127.8,131.76,151.49,169.97,156.31,179.99,179.99
1170,13,Front/Back,141.84,123.29,129.27,146.87,170.09,156.42,179.99,179.99
1170,14,Front/Back,142.42,118.14,126.94,141.61,151.2,141.8,160.96,165.26
1170,15,Front/Back,141.01,116.77,125.08,140.12,148.71,138.94,158.3,162.28
1170,16,Front/Back,122.04,113.56,118.19,137.61,151.33,141.15,179.99,165.19
1170,17,Front/Back,117.83,109.69,115.31,134.53,149.62,143.95,179.99,168.78
1170,18,Front/Back,114.77,105.67,114.3,130.37,147.41,155.3,179.99,179.99
1170,19,Front/Back,111.84,100.44,115.06,125.9,146.68,154.54,179.99,179.99
1170,20,Front/Back,110.22,96.42,113.15,121.73,145.25,154.69,179.99,179.99
1170,21,Front/Back,108.17,92.01,113.16,117.88,143.2,154.13,179.99,179.99
1170,22,Front/Back,103.56,81.49,108.76,116.7,143.04,144.79,179.99,179.99
1170,23,Front/Back,98.64,85.3,105.71,114.48,141.17,150.82,179.99,179.99
1170,24,Front/Back,94.75,82.62,102.41,113.47,140.53,149.15,179.99,179.99
1170,25,Front/Back,90.48,70.4,98.75,111.91,139.91,138.49,179.99,179.99
1170,26,Front/Back,87.49,67.28,96.98,111.15,138.69,136.13,179.99,179.99
1170,27,Front/Back,83.96,64.42,95.89,102.29,136.25,135.58,179.99,179.99
1170,28,Front/Back,82.51,61.81,97.17,91.33,135.18,135.11,179.99,179.99
1170,29,Front/Back,81.31,58.76,97.64,92.42,133.51,134.57,179.99,179.99
1170,30,Front/Back,79.37,56.49,97.32,102.9,131.88,133.59,179.99,179.99
1170,31,Front/Back,77.68,63.16,97.23,91.13,130.3,140.34,179.99,179.99
1170,32,Front/Back,79.65,64.14,97.0,103.5,130.82,140.64,180.0,180.0
1170,33,Front/Back,79.63,66.86,96.98,106.21,130.82,140.64,180.0,180.0
1170,34,Front/Back,79.43,70.25,94.18,103.22,131.97,141.4,173.54,180.0
1170,35,Front/Back,88.56,74.29,103.76,101.64,133.04,142.01,161.66,180.0
1170,36,Front/Back,95.41,78.13,106.87,101.58,135.26,142.79,159.47,180.0
1170,37,Front/Back,97.73,77.05,108.8,107.46,135.75,136.82,157.5,168.9
1170,38,Front/Back,98.72,79.38,107.95,108.18,136.18,136.15,159.53,162.95
1170,39,Front/Back,103.82,84.12,111.57,108.08,137.81,137.16,156.63,157.6
1170,40,Front/Back,111.07,97.29,117.23,116.25,139.58,140.96,154.09,154.09
1170,41,Front/Back,115.59,113.03,120.18,124.95,140.11,150.21,151.03,150.24
1170,42,Front/Back,114.47,108.56,119.12,127.15,140.04,142.74,149.61,148.16
1170,43,Front/Back,115.95,112.15,120.86,130.19,140.04,143.3,146.15,146.85
1170,44,Front/Back,111.57,116.39,113.8,133.12,139.42,143.87,138.15,139.25
1170,45,Front/Back,123.95,119.07,121.69,134.46,143.91,145.2,136.49,138.15
1170,46,Front/Back,123.95,122.26,121.69,138.18,143.91,146.51,137.75,136.49
1170,47,Front/Back,123.95,120.1,121.69,136.72,143.91,145.81,133.87,135.91
1170,48,Front/Back,122.05,119.65,119.79,134.18,143.91,147.21,133.32,135.86
1170,49,Front/Back,120.99,116.36,117.85,131.59,144.6,146.51,133.32,136.43
1170,50,Front/Back,122.38,112.53,119.87,127.06,145.35,146.58,133.37,136.43
1170,51,Front/Back,119.24,109.38,116.55,128.37,145.35,146.58,133.87,136.96
1170,52,Front/Back,117.32,101.58,114.57,117.51,145.42,144.61,135.34,137.93
1170,53,Front/Back,106.65,93.26,106.49,111.33,142.69,141.95,136.86,138.98
1170,54,Front/Back,90.61,85.84,97.71,105.21,135.42,140.18,139.58,134.19
1170,55,Front/Back,86.79,78.82,94.9,99.62,134.29,138.33,142.42,136.16
1170,56,Front/Back,85.78,67.13,93.69,92.55,134.41,135.03,149.44,138.28
1170,57,Front/Back,84.48,65.36,91.88,97.57,134.91,134.49,161.85,146.67
1170,58,Front/Back,84.12,60.65,92.43,86.6,135.42,133.95,167.19,150.09
1170,59,Front/Back,86.22,69.01,92.33,104.71,137.71,141.4,180.0,153.14
1170,60,Front/Back,87.34,76.03,93.45,106.15,137.71,146.98,164.24,158.46
1170,61,Front/Back,88.56,76.01,94.57,109.03,137.71,146.98,164.24,158.46
1170,62,Front/Back,93.07,75.45,97.17,112.82,139.63,142.63,164.24,158.46
1170,63,Front/Back,93.66,80.07,106.47,115.51,139.02,144.55,164.24,158.46
1170,64,Front/Back,96.95,85.04,107.78,118.62,140.89,146.42,164.24,158.46
1170,65,Front/Back,99.66,89.84,110.92,121.29,142.24,148.55,164.24,158.46
1170,66,Front/Back,105.61,94.01,116.7,124.72,144.39,149.29,164.24,158.46
1170,67,Front/Back,109.51,99.76,117.78,127.33,147.16,152.43,164.24,158.46
1170,68,Front/Back,114.56,111.9,121.39,118.46,148.6,155.2,164.24,158.46
1170,69,Front/Back,120.32,120.18,134.97,124.11,151.06,157.9,164.24,158.46
1170,70,Front/Back,127.37,128.75,140.4,129.16,152.69,155.76,164.24,152.8
1170,71,Front/Back,169.55,138.35,159.25,134.84,156.47,147.72,140.72,140.74
1170,72,Front/Back,158.13,143.71,155.43,141.12,156.05,144.58,140.29,138.38
1170,73,Front/Back,158.41,154.95,157.21,154.17,154.41,142.9,138.65,138.51
1170,74,Front/Back,157.21,162.47,157.21,162.26,153.49,140.41,137.74,136.4
1170,75,Front/Back,159.19,159.92,159.19,162.49,152.01,142.69,136.25,141.23
1170,76,Front/Back,160.7,156.65,160.7,165.52,151.86,147.04,136.1,148.84
1170,77,Front/Back,161.24,157.52,161.24,165.85,153.32,147.91,137.56,148.84
1170,78,Front/Back,163.77,158.56,163.77,165.85,154.85,158.56,139.09,158.46
1170,79,Front/Back,165.85,159.64,165.85,158.1,180.0,159.64,164.24,158.46
1171,1,Side,33.19,127.43,7.76,127.93,177.81,176.28,158.41,154.33
1171,2,Side,35.59,128.64,7.85,127.77,179.96,175.82,158.98,154.45
1171,3,Side,36.88,130.82,7.8,129.07,179.12,174.65,158.98,154.16
1171,4,Side,36.9,127.45,6.98,125.97,178.37,175.23,159.42,154.28
1171,5,Side,36.99,123.54,6.03,123.6,177.81,176.15,159.42,154.28
1171,6,Side,33.7,121.8,3.09,126.04,178.19,179.46,159.86,154.41
1171,7,Side,33.3,116.31,1.64,121.5,178.02,178.79,159.75,154.41
1171,8,Side,33.09,112.73,0.45,118.88,177.91,178.46,159.86,154.41
1171,9,Side,30.35,109.06,1.82,115.53,179.53,179.57,157.84,152.11
1171,10,Side,29.9,103.79,3.33,111.5,179.39,178.61,157.71,152.52
1171,11,Side,35.33,98.54,0.15,107.0,177.37,176.83,159.46,153.55
1171,12,Side,30.12,94.94,6.42,105.19,179.91,177.46,157.3,152.8
1171,13,Side,28.94,91.71,9.43,102.72,178.88,178.81,156.1,152.38
1171,14,Side,32.64,85.46,7.77,99.87,179.71,173.35,156.78,156.15
1171,15,Side,31.2,81.92,11.18,96.56,178.56,174.83,155.63,155.38
1171,16,Side,28.7,77.73,15.6,88.71,176.61,177.59,153.8,153.72
1171,17,Side,28.39,72.09,17.53,83.33,175.24,178.77,152.93,153.21
1171,18,Side,28.15,67.91,19.13,86.69,172.94,179.68,151.45,153.7
1171,19,Side,27.09,62.56,22.31,81.97,171.17,177.73,149.09,153.72
1171,20,Side,26.7,54.84,24.62,74.65,169.35,177.07,147.11,156.04
1171,21,Side,26.49,52.5,26.8,66.93,167.33,174.73,144.93,154.72
1171,22,Side,21.23,41.87,30.56,60.94,164.13,173.62,148.25,157.1
1171,23,Side,19.37,36.95,33.42,56.14,162.67,171.14,149.66,157.48
1171,24,Side,16.84,28.87,36.92,51.66,160.71,174.97,150.41,162.52
1171,25,Side,15.0,25.8,39.43,50.56,158.86,175.6,151.88,163.27
1171,26,Side,12.89,22.64,42.09,47.04,156.46,174.08,152.31,163.98
1171,27,Side,13.0,24.76,39.84,46.25,156.6,172.8,154.63,165.76
1171,28,Side,12.89,21.93,37.47,38.29,156.91,170.77,156.9,168.06
1171,29,Side,12.86,23.77,34.2,33.65,156.48,162.97,159.66,165.76
1171,30,Side,13.45,23.56,32.25,37.99,157.32,164.26,161.77,166.29
1171,31,Side,10.78,28.83,33.48,35.15,157.67,163.77,161.96,165.94
1171,32,Side,11.55,33.71,32.07,35.42,159.35,164.24,163.5,166.11
1171,33,Side,12.74,37.62,29.99,36.17,160.57,165.11,163.95,166.3
1171,34,Side,15.07,39.52,27.15,37.24,162.5,165.11,164.39,165.41
1171,35,Side,16.67,46.46,25.03,39.32,164.31,167.76,164.8,165.12
1171,36,Side,18.3,48.75,22.87,42.22,165.78,166.22,164.24,164.56
1171,37,Side,17.02,53.56,23.69,46.85,166.77,168.32,164.08,166.75
1171,38,Side,17.59,59.39,23.06,49.29,169.91,169.62,165.66,167.65
1171,39,Side,19.37,64.65,20.08,54.14,171.04,172.14,166.4,169.0
1171,40,Side,21.35,68.96,17.04,59.08,172.65,174.96,167.5,170.62
1171,41,Side,23.11,74.63,14.47,65.14,174.9,176.35,169.03,171.61
1171,42,Side,26.15,77.69,10.91,65.93,178.52,177.49,171.68,175.61
1171,43,Side,26.55,82.09,12.63,72.06,175.54,175.04,174.03,177.15
1171,44,Side,26.15,86.93,11.79,78.58,173.83,173.83,175.55,177.8
1171,45,Side,26.61,91.48,10.6,82.8,172.06,173.33,176.63,177.8
1171,46,Side,27.44,97.52,8.7,89.91,170.64,172.57,177.77,178.33
1171,47,Side,28.53,101.23,6.86,94.38,168.8,171.68,179.01,179.31
1171,48,Side,28.43,104.94,6.27,98.16,168.16,172.06,179.05,178.84
1171,49,Side,33.11,100.3,3.38,97.01,165.07,167.1,178.36,178.83
1171,50,Side,32.68,103.67,3.12,100.38,165.34,167.57,178.87,179.3
1171,51,Side,32.16,104.9,3.14,102.7,164.71,167.55,178.73,179.28
1171,52,Side,32.53,107.29,2.32,105.09,164.59,168.01,178.73,179.74
1171,53,Side,32.64,123.33,1.45,118.82,165.12,170.76,178.73,179.33
1171,54,Side,31.97,124.7,1.09,121.61,166.72,171.24,179.8,179.62
1171,55,Side,31.19,126.35,0.78,123.42,167.74,171.59,179.7,179.12
1171,56,Side,31.59,129.05,0.24,127.14,168.29,171.44,179.67,179.11
1171,57,Side,31.71,130.01,1.07,128.18,168.8,171.34,179.67,179.12
1171,58,Side,31.63,129.96,1.47,128.57,168.06,170.84,179.7,179.19
1171,59,Side,31.53,125.47,1.56,122.0,168.19,173.6,179.72,178.7
1171,60,Side,35.77,126.19,5.54,122.66,167.87,172.73,178.8,179.63
1171,61,Side,36.11,126.84,5.98,123.3,167.89,172.73,178.82,179.63
1171,62,Side,36.47,127.53,6.34,123.93,167.91,172.82,178.83,179.61
1171,63,Side,36.83,127.59,7.3,123.93,168.44,172.88,178.85,179.61
1171,64,Side,36.73,129.25,7.3,125.21,168.55,173.28,178.87,179.59
1171,65,Side,37.21,129.79,7.27,125.81,167.94,173.21,178.87,179.61
1171,66,Side,37.49,130.77,8.16,126.39,168.59,174.14,178.91,179.07
1171,67,Side,37.59,131.38,8.25,128.09,168.47,174.07,178.89,179.09
1172,1,Side,117.13,159.63,151.86,166.73,144.66,173.96,143.37,138.23
1172,2,Side,123.45,159.23,151.5,167.08,155.99,178.96,149.58,143.19
1172,3,Side,122.94,158.01,151.02,166.27,155.88,179.37,149.62,143.19
1172,4,Side,123.01,157.15,151.5,165.8,155.65,179.63,149.69,143.74
1172,5,Side,122.09,155.35,151.14,162.15,154.6,179.21,149.2,143.74
1172,6,Side,121.93,154.13,151.14,161.35,154.48,178.76,149.24,143.78
1172,7,Side,122.25,154.34,150.89,163.87,155.53,178.28,149.73,144.21
1172,8,Side,122.22,152.65,152.01,161.85,155.41,177.89,149.76,144.18
1172,9,Side,122.35,151.35,152.28,160.96,155.41,177.03,149.76,144.63
1172,10,Side,121.19,150.26,150.08,159.56,155.53,176.1,149.73,145.08
1172,11,Side,120.57,147.99,147.89,156.91,156.59,175.71,150.23,145.06
1172,12,Side,112.59,145.86,158.27,153.64,142.43,177.54,142.82,138.61
1172,13,Side,111.1,144.64,155.98,150.28,142.33,177.21,142.91,138.68
1172,14,Side,110.3,140.31,153.86,143.15,143.31,179.05,143.31,139.67
1172,15,Side,108.86,138.12,151.44,141.7,143.97,178.64,143.97,140.25
1172,16,Side,107.74,136.83,148.96,143.05,144.85,177.15,144.46,140.81
1172,17,Side,105.75,133.17,147.37,138.6,143.97,175.99,143.97,140.87
1172,18,Side,104.66,129.76,145.14,135.3,144.96,174.5,144.38,141.31
1172,19,Side,103.29,127.29,142.59,132.52,145.85,173.37,144.88,141.8
1172,20,Side,101.83,124.6,139.95,130.91,146.74,171.67,145.38,142.28
1172,21,Side,100.07,127.38,137.2,126.92,146.85,175.33,145.3,135.25
1172,22,Side,98.6,126.3,134.69,125.53,147.43,175.6,143.73,135.83
1172,23,Side,97.21,125.09,131.18,124.06,147.09,175.92,139.03,136.4
1172,24,Side,95.54,124.9,127.31,121.68,147.06,175.33,136.51,136.59
1172,25,Side,94.32,122.95,123.39,120.12,149.69,176.86,137.7,137.73
1172,26,Side,92.45,114.85,119.14,118.49,149.8,169.21,133.94,145.2
1172,27,Side,90.25,113.0,116.79,116.01,149.95,171.09,133.79,143.01
1172,28,Side,87.95,108.76,110.89,111.13,150.16,171.29,132.97,142.27
1172,29,Side,85.56,105.24,104.96,108.16,150.29,171.2,132.8,141.25
1172,30,Side,82.73,101.16,99.04,104.42,149.58,171.92,131.42,139.5
1172,31,Side,80.06,102.37,93.15,101.27,149.62,178.37,131.33,134.5
1172,32,Side,77.72,97.84,87.31,97.06,148.96,179.25,130.16,134.02
1172,33,Side,74.83,89.06,81.56,89.21,147.66,179.74,129.42,133.76
1172,34,Side,78.31,85.78,75.91,85.23,152.83,179.55,126.4,122.63
1172,35,Side,75.76,82.99,70.37,82.05,152.52,179.41,125.46,121.57
1172,36,Side,72.94,82.95,64.98,82.8,151.38,179.54,124.11,120.1
1172,37,Side,69.7,79.41,59.73,77.91,150.47,178.19,122.87,120.53
1172,38,Side,67.14,76.01,54.65,71.81,151.44,178.14,123.56,120.83
1172,39,Side,64.17,73.46,49.74,69.33,151.41,177.67,126.73,120.72
1172,40,Side,61.07,71.34,45.01,67.69,150.51,178.02,126.85,121.0
1172,41,Side,57.95,68.36,40.47,65.96,150.04,178.85,129.8,122.22
1172,42,Side,55.65,66.65,36.11,62.98,150.47,179.26,130.53,121.83
1172,43,Side,52.69,65.09,31.94,60.34,149.47,179.38,130.0,122.35
1172,44,Side,50.39,63.25,27.96,58.16,148.89,179.88,128.74,122.35
1172,45,Side,42.65,61.4,24.16,55.09,144.06,179.59,128.64,123.24
1172,46,Side,40.96,58.03,20.54,49.38,143.61,177.64,128.31,123.57
1172,47,Side,38.85,56.31,17.1,47.25,142.58,176.7,125.48,124.16
1172,48,Side,36.83,54.85,13.82,45.87,141.38,176.23,124.05,124.33
1172,49,Side,34.53,49.77,10.71,44.33,140.64,176.98,124.93,130.22
1172,50,Side,32.32,50.05,7.76,45.33,140.26,176.87,125.52,130.27
1172,51,Side,30.71,47.73,4.95,44.35,140.02,178.65,127.11,124.7
1172,52,Side,28.54,46.65,2.28,48.74,138.98,177.29,125.75,132.24
1172,53,Side,26.68,44.51,0.25,46.6,138.7,177.61,126.3,131.21
1172,54,Side,24.65,43.09,2.66,45.23,138.17,179.49,126.59,130.19
1172,55,Side,23.23,41.84,4.94,44.84,138.17,179.18,126.89,130.5
1172,56,Side,21.35,38.43,7.11,42.42,137.64,179.64,126.89,130.0
1172,57,Side,19.75,36.57,9.18,40.14,136.81,179.55,124.95,129.52
1172,58,Side,18.14,34.66,11.14,37.82,136.43,177.7,125.81,129.12
1172,59,Side,23.88,34.66,13.01,37.28,143.13,176.79,126.17,128.35
1172,60,Side,21.97,32.32,14.53,35.45,144.13,176.47,126.51,128.46
1172,61,Side,22.63,31.06,15.61,34.1,144.88,175.15,123.84,127.78
1172,62,Side,23.04,27.52,16.33,31.21,145.48,174.58,123.64,127.86
1172,63,Side,23.19,26.16,17.5,29.36,146.86,173.97,124.95,127.74
1172,64,Side,22.49,24.7,19.03,27.99,147.96,172.82,125.27,128.21
1172,65,Side,23.03,23.55,20.29,26.31,149.23,172.05,126.28,128.26
1172,66,Side,23.27,21.64,21.6,25.5,150.63,171.04,125.49,128.54
1172,67,Side,21.87,22.59,23.26,25.88,151.56,170.61,124.7,128.36
1172,68,Side,21.17,22.34,24.96,26.23,153.25,169.71,124.91,127.24
1172,69,Side,20.0,22.36,26.71,26.9,153.8,169.15,124.89,126.69
1172,70,Side,19.28,20.99,28.49,26.55,155.34,169.68,125.82,127.18
1172,71,Side,18.07,20.76,30.3,26.86,155.92,168.73,124.58,126.37
1172,72,Side,17.34,17.09,32.13,26.28,157.51,169.68,125.04,127.18
1172,73,Side,16.58,16.6,33.98,26.92,159.08,170.94,125.04,126.98
1172,74,Side,15.78,16.88,35.83,26.88,160.84,171.16,124.8,128.01
1172,75,Side,14.92,16.89,37.68,26.49,162.32,170.88,124.33,128.14
1172,76,Side,13.93,18.06,39.29,26.82,163.53,171.51,124.58,128.4
1172,77,Side,13.16,17.78,41.09,26.48,165.47,171.63,124.54,128.52
1172,78,Side,12.41,17.57,42.87,25.82,167.4,171.76,124.95,128.09
1172,79,Side,12.15,17.08,44.62,25.76,170.07,172.83,125.63,127.96
1172,80,Side,11.34,19.62,46.33,26.54,171.46,173.26,125.15,127.71
1172,81,Side,9.84,19.53,48.37,26.87,173.01,169.59,124.11,121.42
1172,82,Side,11.17,20.55,48.61,28.15,173.32,170.45,118.5,121.66
1172,83,Side,11.25,20.55,48.15,28.15,172.97,170.58,116.95,121.79
1172,84,Side,11.29,21.61,47.28,28.23,173.16,170.7,117.14,121.18
1172,85,Side,11.29,21.85,46.78,28.93,173.16,171.29,116.11,120.92
1172,86,Side,11.29,21.7,46.28,29.31,173.35,172.39,115.36,121.11
1172,87,Side,11.83,22.4,45.83,29.05,173.94,172.39,115.29,121.5
1172,88,Side,11.83,22.79,45.33,29.45,175.44,172.39,110.66,121.5
1172,89,Side,11.83,22.79,44.82,29.45,173.94,172.39,115.29,121.87
1172,90,Side,11.79,23.17,44.37,29.89,175.44,173.96,110.5,122.46
1172,91,Side,11.79,23.52,43.87,30.3,175.61,177.71,110.66,129.82
1172,92,Side,12.25,23.58,43.36,30.3,176.52,177.57,112.14,129.74
1172,93,Side,11.21,24.26,43.99,30.04,176.98,177.65,112.14,129.82
1172,94,Side,11.21,24.63,43.49,30.47,177.14,177.71,111.09,130.26
1172,95,Side,11.27,24.52,43.05,30.91,177.27,178.8,113.37,130.81
1172,96,Side,11.21,25.46,42.19,31.32,177.14,179.13,112.16,130.73
1172,97,Side,11.67,25.85,41.69,31.78,177.59,178.82,111.09,129.9
1172,98,Side,11.6,25.85,41.26,31.78,177.43,178.82,112.14,130.34
1172,99,Side,11.6,25.29,40.76,31.82,177.59,179.92,112.16,130.88
1172,100,Side,10.7,26.03,40.63,31.56,177.46,179.76,110.9,131.17
1172,101,Side,10.7,27.08,40.12,31.77,177.46,179.92,110.9,130.88
1172,102,Side,10.65,27.08,39.29,31.77,177.32,179.92,112.01,131.69
1172,103,Side,10.7,27.8,38.87,32.23,177.46,179.52,112.01,131.69
1172,104,Side,11.15,27.81,38.37,32.72,178.51,178.58,112.61,132.15
1172,105,Side,11.07,28.44,37.95,32.44,178.36,178.58,113.73,132.6
1172,106,Side,10.66,28.85,38.32,32.95,178.8,178.41,114.94,132.67
1172,107,Side,10.71,29.47,37.92,32.67,178.95,178.41,116.11,133.02
1172,108,Side,9.96,29.63,37.69,33.8,178.94,177.05,118.16,133.76
1172,109,Side,9.66,30.23,38.11,33.5,179.7,176.99,118.32,133.48
1172,110,Side,9.66,28.27,37.62,29.68,179.7,178.92,122.61,133.76
1172,111,Side,8.51,28.96,36.81,29.54,179.86,179.07,121.82,133.69
1172,112,Side,8.67,29.36,36.48,30.02,179.7,178.92,122.6,133.32
1172,113,Side,7.87,31.28,36.94,30.02,178.94,176.76,124.81,131.36
1172,114,Side,7.01,32.58,37.35,30.85,179.56,177.26,124.49,131.12
1172,115,Side,5.86,32.82,38.65,29.21,179.6,177.26,124.77,130.67
1172,116,Side,5.0,33.47,38.86,30.24,179.08,177.65,122.97,130.67
1172,117,Side,5.17,35.41,39.09,31.5,179.88,177.88,123.46,130.06
1172,118,Side,5.03,38.04,39.34,33.92,179.73,178.57,121.87,129.79
1172,119,Side,4.57,40.25,39.61,36.94,179.52,179.09,121.69,130.06
1172,120,Side,4.76,43.7,39.91,40.05,179.82,179.86,122.27,129.37
1172,121,Side,4.23,46.37,40.23,43.18,177.71,179.86,123.72,128.81
1172,122,Side,3.95,48.19,40.59,47.73,177.8,179.86,121.83,128.43
1172,123,Side,3.0,46.92,40.97,41.13,178.5,178.52,121.5,127.83
1172,124,Side,2.26,48.91,41.4,46.4,179.11,178.62,119.54,127.16
1172,125,Side,1.22,51.2,41.86,48.25,179.86,176.46,119.53,117.2
1172,126,Side,3.0,53.25,42.38,49.86,175.7,176.13,118.79,116.33
1172,127,Side,3.48,53.7,42.94,50.68,175.98,176.39,118.7,116.32
1172,128,Side,4.04,54.58,43.57,51.92,175.84,176.54,121.66,116.59
1172,129,Side,4.55,55.95,44.26,52.29,176.41,178.22,121.31,124.56
1172,130,Side,4.88,56.04,45.04,52.66,177.56,179.0,121.67,125.07
1172,131,Side,5.97,62.49,45.9,59.57,177.74,179.55,121.85,124.29
1172,132,Side,6.9,62.63,46.86,54.98,178.49,178.94,122.48,123.75
1172,133,Side,7.97,60.0,47.95,53.61,178.75,179.32,121.81,123.66
1172,134,Side,9.06,61.53,49.17,55.47,179.45,179.56,122.81,123.56
1172,135,Side,10.44,63.88,50.55,57.9,179.52,179.54,122.09,123.47
1172,136,Side,12.4,65.64,52.12,60.57,179.22,179.03,121.91,123.98
1172,137,Side,15.33,69.94,53.92,64.63,178.35,179.37,122.05,126.05
1172,138,Side,14.87,71.49,55.97,65.25,178.87,179.6,122.05,120.9
1172,139,Side,17.51,77.15,58.33,72.79,177.68,179.0,120.98,121.23
1172,140,Side,20.75,79.13,61.04,74.76,177.9,179.0,120.98,122.05
1172,141,Side,24.33,81.1,64.19,76.74,177.54,179.53,121.48,122.99
1172,142,Side,27.79,83.2,67.82,79.62,176.55,178.93,121.98,122.05
1172,143,Side,32.1,86.09,72.02,81.66,175.97,178.93,122.24,121.62
1172,144,Side,37.13,88.04,76.85,83.6,175.84,179.03,122.24,121.73
1172,145,Side,42.63,89.23,82.35,85.78,175.12,176.07,121.9,113.55
1172,146,Side,49.52,92.15,88.52,88.7,175.48,176.07,121.21,113.9
1172,147,Side,56.66,95.67,95.29,91.8,175.48,176.14,121.21,114.28
1172,148,Side,64.53,99.28,102.5,95.55,175.23,176.88,120.43,114.65
1172,149,Side,73.04,102.8,109.9,99.14,176.45,176.95,118.61,114.53
1172,150,Side,80.56,103.02,117.22,99.64,175.86,177.72,118.36,114.9
1172,151,Side,88.8,106.7,124.19,102.97,176.69,177.37,118.98,115.16
1172,152,Side,95.76,109.14,130.59,104.99,178.5,176.94,120.23,116.06
1172,153,Side,102.08,112.28,136.32,107.77,177.9,176.69,122.74,117.07
1172,154,Side,108.2,114.22,141.34,109.28,178.51,176.36,124.58,118.0
1172,155,Side,113.17,113.88,145.67,110.56,177.94,176.43,127.14,119.42
1172,156,Side,117.54,115.37,149.36,112.06,178.07,179.61,128.82,127.57
1172,157,Side,121.74,118.19,152.4,114.01,177.88,178.97,129.94,127.51
1172,158,Side,124.97,118.65,155.85,114.9,177.21,179.97,130.85,127.15
1172,159,Side,128.17,122.84,157.8,118.93,177.45,179.67,131.23,126.75
1172,160,Side,131.04,127.21,160.49,123.13,177.56,178.97,131.23,126.21
1172,161,Side,133.73,128.79,161.98,124.77,177.41,178.47,132.4,125.65
1172,162,Side,136.16,130.38,164.13,127.22,178.79,178.4,129.55,125.58
1172,163,Side,138.27,126.56,164.94,123.44,178.54,177.47,131.28,124.61
1172,164,Side,139.93,127.17,166.69,123.99,178.64,177.33,130.67,124.52
1172,165,Side,141.42,125.1,168.29,123.7,178.62,177.61,129.53,124.44
1172,166,Side,143.44,127.41,168.6,125.54,179.75,176.48,129.4,123.36
1172,167,Side,144.58,129.35,169.75,127.11,178.9,176.21,129.1,123.46
1172,168,Side,145.9,130.4,170.63,129.14,179.18,176.31,130.77,123.55
1172,169,Side,146.74,133.2,171.42,131.15,178.97,175.12,130.89,123.16
1172,170,Side,148.38,133.71,171.37,132.76,179.3,174.79,129.93,122.78
1172,171,Side,149.09,136.89,172.03,135.02,179.52,173.61,130.05,122.41
1172,172,Side,150.21,139.95,171.73,138.0,178.66,172.34,129.58,122.05
1172,173,Side,151.29,142.37,171.51,140.83,177.79,171.44,129.11,121.59
1172,174,Side,152.01,144.2,171.24,141.9,177.57,169.8,128.98,120.78
1172,175,Side,153.29,146.58,169.94,144.67,176.07,168.57,128.18,119.99
1172,176,Side,154.3,148.58,168.5,147.13,175.23,167.97,127.8,119.8
1172,177,Side,154.49,150.33,169.11,148.42,175.87,167.03,128.12,119.34
1172,178,Side,156.09,153.26,167.0,151.71,173.27,164.93,126.65,117.68
1172,179,Side,156.62,154.21,167.48,152.63,173.05,164.94,126.5,117.73
1172,180,Side,155.36,153.83,165.61,153.1,173.68,165.99,126.82,117.92
1172,181,Side,156.77,155.39,166.56,154.21,172.6,164.62,126.2,117.0
1172,182,Side,155.97,155.4,164.92,154.21,172.82,164.6,126.35,117.0
1172,183,Side,155.13,155.77,163.08,155.41,172.6,164.43,126.2,116.85
1172,184,Side,155.77,155.59,163.94,155.66,173.27,165.93,126.65,117.92
1172,185,Side,157.22,157.23,165.0,157.68,172.41,165.03,126.19,117.44
1172,186,Side,157.41,157.46,165.18,157.91,172.41,165.03,126.19,117.44
1172,187,Side,158.08,156.4,164.61,156.09,171.78,164.69,125.89,117.12
1172,188,Side,159.31,157.03,165.49,157.49,170.93,164.21,125.44,116.66
1172,189,Side,159.46,158.42,165.65,158.34,170.93,161.5,125.44,114.49
1172,190,Side,160.82,159.48,166.6,160.15,170.08,160.99,124.99,113.98
1172,191,Side,161.23,158.27,165.77,157.36,169.23,160.48,124.54,113.48
1172,192,Side,160.24,158.27,165.18,157.36,170.3,160.98,125.14,113.98
1172,193,Side,158.65,157.92,163.16,157.36,170.3,161.84,125.14,114.49
1172,194,Side,158.58,158.14,163.23,157.58,170.52,161.84,125.3,114.49
1172,195,Side,158.68,158.14,163.4,157.58,170.74,162.03,125.45,114.68
1172,196,Side,159.26,157.79,163.57,158.37,169.89,162.38,125.01,114.68
1172,197,Side,158.36,157.8,161.81,158.37,170.96,162.87,125.6,115.18
1173,1,Front/Back,180.0,180.0,169.86,151.94,158.87,167.37,158.87,167.37
1173,2,Front/Back,180.0,180.0,169.86,149.37,158.87,167.37,158.87,167.37
1173,3,Front/Back,180.0,180.0,169.86,148.23,158.87,167.37,158.87,167.37
1173,4,Front/Back,180.0,180.0,169.4,145.92,158.87,167.37,158.87,167.37
1173,5,Front/Back,171.12,180.0,160.51,143.86,158.87,167.37,158.87,167.37
1173,6,Front/Back,163.12,180.0,163.12,143.65,158.87,167.37,158.87,167.37
1173,7,Front/Back,159.38,180.0,159.38,141.69,158.87,167.37,158.87,167.37
1173,8,Front/Back,157.73,162.44,150.06,122.16,158.87,167.37,158.87,167.37
1173,9,Front/Back,156.27,160.49,148.22,119.31,158.87,167.37,158.87,167.37
1173,10,Front/Back,156.09,157.09,141.72,122.57,158.87,167.37,158.87,167.37
1173,11,Front/Back,153.32,157.64,138.7,123.12,158.87,167.37,158.87,167.37
1173,12,Front/Back,152.01,155.14,137.39,109.5,158.87,167.37,158.87,167.37
1173,13,Front/Back,149.54,160.11,134.71,112.78,158.87,167.37,158.87,167.37
1173,14,Front/Back,147.25,157.17,132.42,107.42,158.87,167.37,158.87,167.37
1173,15,Front/Back,146.15,154.15,131.32,102.84,158.87,167.37,158.87,167.37
1173,16,Front/Back,144.05,153.19,129.04,101.12,158.87,167.37,158.87,167.37
1173,17,Front/Back,142.05,150.57,127.04,96.25,158.87,167.37,158.87,167.37
1173,18,Front/Back,140.18,147.4,125.03,91.63,158.87,167.37,158.87,167.37
1173,19,Front/Back,139.2,146.69,124.06,89.51,158.87,167.37,158.87,167.37
1173,20,Front/Back,137.4,145.39,122.25,86.14,158.87,167.37,158.87,167.37
1173,21,Front/Back,136.52,139.1,118.88,85.5,158.87,162.62,158.87,168.9
1173,22,Front/Back,134.76,137.49,117.13,82.52,160.9,162.82,160.9,169.11
1173,23,Front/Back,132.27,135.54,114.57,82.26,161.96,158.02,161.96,167.19
1173,24,Front/Back,130.65,131.09,112.94,78.96,163.17,157.47,163.17,169.11
1173,25,Front/Back,127.55,129.79,112.16,78.13,164.41,153.95,164.41,167.37
1173,26,Front/Back,126.79,129.05,109.05,75.42,164.41,152.56,164.41,165.84
1173,27,Front/Back,124.57,126.42,106.82,73.24,164.41,150.86,164.41,165.84
1173,28,Front/Back,123.84,119.91,104.0,66.66,165.77,149.53,165.77,167.56
1173,29,Front/Back,122.42,116.99,102.59,63.21,165.77,148.23,165.77,167.56
1173,30,Front/Back,119.62,115.08,99.77,59.2,165.77,146.77,165.77,166.2
1173,31,Front/Back,118.24,113.02,98.39,56.64,167.27,148.26,167.27,167.77
1173,32,Front/Back,116.21,109.69,96.37,52.81,167.27,148.85,167.27,169.57
1173,33,Front/Back,115.52,108.26,93.79,48.51,168.96,150.06,168.96,169.57
1173,34,Front/Back,113.54,114.58,91.8,50.7,168.96,152.47,168.96,169.11
1173,35,Front/Back,112.22,116.87,88.77,51.83,168.96,154.2,168.96,169.33
1173,36,Front/Back,107.47,115.53,87.48,48.88,167.58,154.22,171.05,169.11
1173,37,Front/Back,106.52,112.09,85.56,47.22,168.47,151.28,170.96,169.11
1173,38,Front/Back,105.24,108.95,84.34,44.71,166.47,149.79,168.96,169.11
1173,39,Front/Back,103.36,107.79,82.45,42.93,166.47,149.77,168.96,168.9
1173,40,Front/Back,97.66,107.49,80.19,44.79,172.43,162.18,180.0,180.0
1173,41,Front/Back,105.13,106.91,83.95,42.61,180.0,163.36,180.0,180.0
1173,42,Front/Back,103.49,104.58,82.31,41.67,180.0,161.98,180.0,180.0
1173,43,Front/Back,91.23,104.92,77.62,41.03,172.43,163.36,180.0,180.0
1173,44,Front/Back,94.0,93.37,77.26,32.69,177.51,161.7,180.0,180.0
1173,45,Front/Back,92.21,103.82,77.84,42.97,177.51,163.36,180.0,180.0
1173,46,Front/Back,90.95,103.49,76.54,43.79,177.51,163.36,180.0,180.0
1173,47,Front/Back,92.9,94.33,75.97,34.83,173.22,164.44,173.22,180.0
1173,48,Front/Back,93.66,106.82,76.7,46.13,170.72,163.16,170.72,174.98
1173,49,Front/Back,94.49,99.74,75.34,39.88,165.62,159.71,165.62,169.66
1173,50,Front/Back,96.01,109.05,76.83,42.66,164.27,166.11,164.27,167.84
1173,51,Front/Back,98.24,111.2,79.03,44.83,161.87,166.25,161.87,166.25
1173,52,Front/Back,99.39,112.38,78.21,48.43,160.78,164.83,160.78,164.83
1173,53,Front/Back,102.37,114.13,83.14,53.32,159.75,163.53,159.75,163.53
1173,54,Front/Back,105.11,115.66,86.64,57.7,157.82,162.25,157.82,162.25
1173,55,Front/Back,107.02,115.64,88.93,57.26,156.91,161.18,156.91,161.18
1173,56,Front/Back,109.71,120.4,92.22,69.21,156.04,160.11,156.04,160.11
1173,57,Front/Back,112.45,121.27,98.07,71.57,156.04,160.05,156.04,160.05
1173,58,Front/Back,121.44,123.93,121.44,80.63,152.11,154.85,152.11,154.85
1173,59,Front/Back,124.17,125.65,124.17,85.0,152.87,154.85,152.87,154.85
1173,60,Front/Back,126.46,123.64,126.46,80.49,152.09,154.03,152.09,154.03
1173,61,Front/Back,129.31,133.7,129.31,93.2,152.87,154.11,152.87,154.11
1173,62,Front/Back,130.96,135.08,130.96,97.38,152.87,154.94,152.87,154.94
1173,63,Front/Back,132.56,138.49,132.56,103.78,153.64,154.94,153.64,154.94
1173,64,Front/Back,135.14,140.21,135.14,100.62,153.64,153.95,153.64,153.95
1173,65,Front/Back,137.75,142.73,137.75,103.93,155.26,154.58,155.26,154.58
1173,66,Front/Back,140.72,137.09,140.72,101.07,156.11,153.88,156.11,153.88
1173,67,Front/Back,143.64,140.42,143.64,106.47,156.96,155.42,156.96,155.42
1173,68,Front/Back,146.78,142.39,146.78,109.51,157.87,157.18,157.87,157.18
1173,69,Front/Back,149.18,146.27,149.18,115.5,158.81,158.06,158.81,158.06
1173,70,Front/Back,152.87,150.16,152.87,123.23,159.8,159.99,159.8,159.99
1173,71,Front/Back,155.81,154.15,155.81,129.96,160.83,162.18,160.83,162.18
1173,72,Front/Back,160.89,157.17,160.89,134.47,159.8,164.61,159.8,164.61
1173,73,Front/Back,167.45,162.62,167.45,143.22,158.79,164.55,158.79,164.55
1173,74,Front/Back,167.86,167.46,167.86,149.74,157.84,164.61,157.84,164.61
1173,75,Front/Back,179.99,176.38,179.99,166.34,156.96,163.32,156.96,163.32
1173,76,Front/Back,180.0,180.0,180.0,180.0,156.08,164.67,156.08,164.67
1173,77,Front/Back,180.0,180.0,180.0,180.0,155.24,164.67,155.24,164.67
1173,78,Front/Back,180.0,180.0,180.0,180.0,153.62,164.75,153.62,164.75
1173,79,Front/Back,180.0,180.0,180.0,180.0,152.09,164.75,152.09,164.75
1173,80,Front/Back,180.0,180.0,180.0,180.0,151.35,164.75,151.35,164.75
1173,81,Front/Back,180.0,180.0,180.0,180.0,150.66,164.83,150.66,164.83
1173,82,Front/Back,180.0,180.0,180.0,180.0,150.66,163.45,150.66,163.45
1173,83,Front/Back,180.0,180.0,180.0,180.0,149.95,162.32,149.95,162.32
1173,84,Front/Back,180.0,180.0,180.0,180.0,149.95,162.32,149.95,162.32
1173,85,Front/Back,180.0,180.0,180.0,180.0,149.26,161.18,149.26,161.18
1173,86,Front/Back,180.0,180.0,180.0,180.0,149.26,160.11,149.26,160.11
1173,87,Front/Back,180.0,180.0,180.0,180.0,149.26,160.11,149.26,160.11
1173,88,Front/Back,180.0,180.0,180.0,180.0,149.26,160.18,149.26,160.18
1173,89,Front/Back,180.0,180.0,180.0,180.0,148.59,158.19,148.59,158.19
1173,90,Front/Back,180.0,180.0,180.0,180.0,148.59,159.16,148.59,159.16
1173,91,Front/Back,180.0,180.0,180.0,180.0,148.59,158.19,148.59,158.19
1173,92,Front/Back,180.0,180.0,180.0,180.0,148.59,158.19,148.59,158.19
1173,93,Front/Back,180.0,180.0,180.0,180.0,148.59,157.32,148.59,157.32
1173,94,Front/Back,180.0,180.0,180.0,180.0,147.92,157.25,147.92,157.25
1173,95,Front/Back,180.0,180.0,180.0,180.0,147.92,157.25,147.92,157.25
1173,96,Front/Back,180.0,180.0,180.0,180.0,147.92,157.25,147.92,157.25
1173,97,Front/Back,180.0,180.0,180.0,180.0,147.92,157.25,147.92,157.25
1173,98,Front/Back,180.0,180.0,180.0,180.0,148.59,157.25,148.59,157.25
1173,99,Front/Back,180.0,180.0,180.0,180.0,148.61,156.35,148.61,156.35
1173,100,Front/Back,180.0,180.0,180.0,180.0,148.61,155.48,148.61,155.48
1173,101,Front/Back,180.0,180.0,180.0,180.0,148.61,155.48,148.61,155.48
1173,102,Front/Back,180.0,180.0,180.0,180.0,148.61,156.35,148.61,156.35
1173,103,Front/Back,180.0,180.0,180.0,180.0,148.61,156.35,148.61,156.35
1173,104,Front/Back,180.0,180.0,180.0,180.0,148.61,156.35,148.61,156.35
1173,105,Front/Back,180.0,180.0,180.0,180.0,148.61,156.29,148.61,156.29
1173,106,Front/Back,180.0,180.0,180.0,180.0,148.61,156.29,148.61,156.29
1173,107,Front/Back,180.0,180.0,180.0,180.0,148.61,156.29,148.61,156.29
1173,108,Front/Back,180.0,180.0,180.0,180.0,148.61,156.29,148.61,156.29
1173,109,Front/Back,180.0,180.0,180.0,180.0,148.61,156.29,148.61,156.29
1173,110,Front/Back,180.0,180.0,180.0,180.0,148.61,156.29,148.61,156.29
1173,111,Front/Back,180.0,180.0,180.0,180.0,149.29,156.23,149.29,156.23
1173,112,Front/Back,180.0,180.0,180.0,180.0,149.29,156.23,149.29,156.23
1173,113,Front/Back,180.0,180.0,180.0,180.0,149.29,157.13,149.29,157.13
1173,114,Front/Back,180.0,180.0,180.0,180.0,149.29,157.13,149.29,157.13
1173,115,Front/Back,180.0,180.0,180.0,180.0,149.29,157.13,149.29,157.13
1173,116,Front/Back,180.0,180.0,180.0,180.0,148.64,156.23,148.64,156.23
1173,117,Front/Back,180.0,180.0,180.0,180.0,148.64,156.23,148.64,156.23
1173,118,Front/Back,180.0,180.0,180.0,180.0,149.32,156.18,149.32,156.18
1173,119,Front/Back,180.0,180.0,180.0,180.0,149.32,156.18,149.32,156.18
1173,120,Front/Back,180.0,180.0,180.0,180.0,149.32,156.18,149.32,156.18
1173,121,Front/Back,180.0,180.0,180.0,180.0,149.36,156.18,149.36,156.18
1173,122,Front/Back,180.0,180.0,180.0,180.0,149.36,156.18,149.36,156.18
1173,123,Front/Back,180.0,180.0,180.0,180.0,149.36,156.13,149.36,156.13
1173,124,Front/Back,180.0,180.0,180.0,180.0,150.05,157.03,150.05,157.03
1173,125,Front/Back,180.0,180.0,180.0,180.0,150.05,157.03,150.05,157.03
1173,126,Front/Back,180.0,180.0,180.0,180.0,150.05,157.03,150.05,157.03
1173,127,Front/Back,180.0,180.0,180.0,180.0,149.32,156.06,149.32,156.06
1173,128,Front/Back,180.0,180.0,180.0,180.0,149.32,156.06,149.32,156.06
1173,129,Front/Back,180.0,180.0,180.0,180.0,149.32,156.06,149.32,156.06
1173,130,Front/Back,180.0,180.0,180.0,180.0,150.05,156.06,150.05,156.06
1173,131,Front/Back,180.0,180.0,180.0,180.0,150.05,156.06,150.05,156.06
1173,132,Front/Back,180.0,180.0,180.0,180.0,150.05,156.03,150.05,156.03
1173,133,Front/Back,180.0,180.0,180.0,180.0,150.05,156.03,150.05,156.03
1173,134,Front/Back,180.0,180.0,180.0,180.0,150.75,156.93,150.75,156.93
1173,135,Front/Back,180.0,180.0,180.0,180.0,150.75,156.03,150.75,156.03
1173,136,Front/Back,180.0,180.0,180.0,180.0,150.84,156.03,150.84,156.03
1173,137,Front/Back,180.0,180.0,180.0,180.0,150.84,156.01,150.84,156.01
1173,138,Front/Back,180.0,180.0,180.0,180.0,150.14,156.01,150.14,156.01
1173,139,Front/Back,180.0,180.0,180.0,180.0,150.84,156.01,150.84,156.01
1173,140,Front/Back,180.0,180.0,180.0,180.0,150.84,156.9,150.84,156.9
1173,141,Front/Back,180.0,180.0,180.0,180.0,150.84,156.9,150.84,156.9
1173,142,Front/Back,180.0,180.0,180.0,180.0,150.84,156.9,150.84,156.9
1173,143,Front/Back,180.0,180.0,180.0,180.0,150.84,156.9,150.84,156.9
1173,144,Front/Back,180.0,180.0,180.0,180.0,151.62,156.9,151.62,156.9
1173,145,Front/Back,180.0,180.0,180.0,180.0,151.62,157.83,151.62,157.83
1173,146,Front/Back,180.0,180.0,180.0,180.0,151.62,157.83,151.62,157.83
1173,147,Front/Back,180.0,180.0,180.0,180.0,151.62,157.83,151.62,157.83
1173,148,Front/Back,180.0,180.0,180.0,180.0,151.62,157.83,151.62,157.83
1173,149,Front/Back,180.0,180.0,180.0,180.0,150.9,157.83,150.9,157.83
1173,150,Front/Back,180.0,180.0,180.0,180.0,151.62,157.81,151.62,157.81
1173,151,Front/Back,180.0,180.0,180.0,180.0,151.62,158.79,151.62,158.79
1173,152,Front/Back,180.0,180.0,180.0,180.0,151.62,158.79,151.62,158.79
1173,153,Front/Back,180.0,180.0,180.0,180.0,152.36,159.8,152.36,159.8
1173,154,Front/Back,180.0,180.0,180.0,180.0,153.12,159.8,153.12,159.8
1173,155,Front/Back,180.0,180.0,180.0,180.0,153.12,160.86,153.12,160.86
1173,156,Front/Back,180.0,180.0,180.0,180.0,153.96,160.86,153.96,160.86
1173,157,Front/Back,180.0,180.0,180.0,180.0,153.96,161.97,153.96,161.97
1173,158,Front/Back,180.0,180.0,180.0,180.0,154.77,161.97,154.77,161.97
1173,159,Front/Back,180.0,180.0,180.0,180.0,154.77,163.16,154.77,163.16
1173,160,Front/Back,174.34,180.0,174.34,180.0,154.77,164.42,154.77,164.42
1173,161,Front/Back,170.0,180.0,170.0,180.0,154.77,164.42,154.77,164.42
1173,162,Front/Back,167.04,180.0,167.04,180.0,155.6,164.42,155.6,164.42
1173,163,Front/Back,162.54,180.0,162.54,180.0,156.45,165.8,156.45,165.8
1173,164,Front/Back,160.32,180.0,160.32,180.0,156.45,165.8,156.45,165.8
1173,165,Front/Back,158.63,180.0,158.63,180.0,157.34,165.8,157.34,165.8
1173,166,Front/Back,157.06,180.0,157.06,180.0,157.34,165.8,157.34,165.8
1173,167,Front/Back,155.59,180.0,155.59,180.0,157.34,167.33,157.34,167.33
1173,168,Front/Back,155.59,180.0,155.59,180.0,156.52,167.33,156.52,167.33
1173,169,Front/Back,152.88,180.0,152.88,180.0,156.52,169.08,156.52,169.08
1173,170,Front/Back,151.61,180.0,151.61,180.0,155.67,169.08,155.67,169.08
1173,171,Front/Back,150.4,180.0,150.4,180.0,155.74,167.33,155.74,167.33
1173,172,Front/Back,148.09,180.0,148.09,180.0,155.74,167.32,155.74,167.32
1173,173,Front/Back,147.0,180.0,147.0,180.0,155.74,165.8,155.74,165.8
1173,174,Front/Back,141.53,180.0,141.53,164.65,155.74,163.14,155.74,163.14
1173,175,Front/Back,140.59,176.05,140.59,160.69,156.6,161.95,156.6,161.95
1173,176,Front/Back,139.67,170.78,139.67,155.42,155.74,160.84,155.74,160.84
1173,177,Front/Back,138.77,166.5,138.77,151.15,156.6,159.77,156.6,159.77
1173,178,Front/Back,138.08,165.02,138.08,147.98,156.6,159.77,156.6,159.77
1173,179,Front/Back,137.21,160.92,137.21,141.98,156.69,158.78,156.69,158.78
1173,180,Front/Back,135.52,159.16,135.52,144.24,156.69,158.78,156.69,158.78
1173,181,Front/Back,134.69,156.03,134.69,138.98,156.69,157.81,156.69,157.81
1173,182,Front/Back,133.87,154.6,133.87,135.66,156.69,157.81,156.69,157.81
1173,183,Front/Back,133.07,153.85,133.07,133.18,155.82,156.89,155.82,156.89
1173,184,Front/Back,132.27,151.96,132.27,129.39,154.99,156.9,154.99,156.9
1173,185,Front/Back,131.29,152.54,129.66,129.97,155.82,155.15,155.82,155.15
1173,186,Front/Back,130.52,150.1,127.89,127.52,154.99,156.01,154.99,156.01
1173,187,Front/Back,129.0,149.5,119.63,125.45,154.91,155.2,149.54,155.2
1173,188,Front/Back,128.26,148.38,115.26,122.93,154.99,154.34,147.38,154.33
1173,189,Front/Back,127.52,147.85,114.52,122.68,154.99,153.55,147.38,153.55
1173,190,Front/Back,126.07,146.79,113.07,121.62,153.4,153.55,145.78,153.55
1173,191,Front/Back,126.07,148.58,116.47,126.99,153.4,152.79,145.78,152.79
1173,192,Front/Back,125.36,147.52,115.76,125.94,152.63,153.55,147.25,153.55
1173,193,Front/Back,124.65,145.5,115.05,123.92,151.16,152.76,151.15,152.76
1173,194,Front/Back,123.26,144.54,113.66,124.6,151.08,153.53,151.08,153.52
1173,195,Front/Back,122.57,144.2,112.98,124.26,150.37,153.53,150.37,153.52
1173,196,Front/Back,121.89,142.39,112.3,122.44,153.18,156.89,153.17,156.88
1173,197,Front/Back,121.22,141.51,111.62,121.57,154.77,158.79,154.76,158.79
1173,198,Front/Back,120.55,139.83,110.95,119.89,154.84,158.82,154.83,158.81
1173,199,Front/Back,119.23,139.61,109.64,119.67,155.67,159.82,155.66,159.82
1173,200,Front/Back,119.23,138.81,115.3,118.87,156.52,162.0,156.52,161.99
1173,201,Front/Back,118.58,138.19,114.65,118.25,157.49,162.0,157.49,161.99
1173,202,Front/Back,117.94,136.83,114.01,116.89,157.49,162.0,157.49,161.99
1173,203,Front/Back,116.67,136.17,112.73,118.02,156.6,162.0,156.6,161.99
1173,204,Front/Back,116.04,135.53,112.11,117.38,156.6,160.88,156.6,160.88
1173,205,Front/Back,115.42,134.3,111.48,116.14,157.49,162.0,157.49,161.99
1173,206,Front/Back,114.8,133.12,114.8,114.96,156.69,160.91,156.68,160.91
1173,207,Front/Back,114.19,132.0,114.19,113.84,156.69,162.03,156.68,162.03
1173,208,Front/Back,112.98,131.45,112.98,113.3,156.69,162.03,156.68,162.03
1173,209,Front/Back,112.38,131.11,112.38,112.95,157.58,163.23,157.57,163.22
1173,210,Front/Back,111.21,130.12,111.21,111.97,157.58,164.51,157.57,164.5
1173,211,Front/Back,110.93,129.19,110.93,111.04,157.58,164.51,157.57,164.5
1173,212,Front/Back,110.36,128.75,110.36,110.59,156.69,163.23,156.68,163.22
1173,213,Front/Back,109.8,128.32,109.8,112.14,157.58,163.23,157.57,163.22
1173,214,Front/Back,108.71,127.83,108.71,110.11,157.58,163.23,157.57,163.22
1173,215,Front/Back,108.17,127.1,108.17,109.38,157.58,163.23,157.57,163.22
1173,216,Front/Back,109.93,125.69,109.93,107.54,156.69,162.0,156.68,161.99
1173,217,Front/Back,107.64,125.07,107.64,105.13,156.69,162.0,156.68,161.99
1173,218,Front/Back,107.05,124.5,107.05,104.56,156.69,163.16,156.68,163.16
1173,219,Front/Back,106.47,124.75,106.47,104.81,157.58,161.97,157.57,161.97
1173,220,Front/Back,104.88,124.31,104.88,104.36,156.69,160.88,156.68,160.88
1173,221,Front/Back,104.71,123.93,104.71,102.34,156.69,160.86,156.68,160.85
1173,222,Front/Back,103.69,123.61,103.69,102.02,156.69,160.86,156.68,160.85
1173,223,Front/Back,102.7,123.35,102.7,101.77,155.82,159.8,155.82,159.79
1173,224,Front/Back,102.7,123.16,102.7,101.58,156.6,160.84,156.6,160.83
1173,225,Front/Back,102.19,123.03,102.19,99.92,156.6,160.84,156.6,160.83
1173,226,Front/Back,101.88,122.2,101.88,98.75,156.6,160.83,156.6,160.82
1173,227,Front/Back,101.14,122.2,101.14,98.75,155.74,159.77,155.74,159.77
1173,228,Front/Back,100.47,122.26,100.47,98.81,155.74,160.83,155.74,160.82
1173,229,Front/Back,99.9,123.16,99.9,99.71,154.91,159.77,154.9,159.77
1173,230,Front/Back,100.76,122.48,100.76,98.72,154.1,159.77,154.1,159.77
1173,231,Front/Back,100.37,122.59,100.37,100.32,154.91,160.83,154.9,160.82
1173,232,Front/Back,100.11,122.71,100.11,100.44,153.32,159.77,153.31,159.77
1173,233,Front/Back,100.53,123.0,100.53,100.73,153.25,159.77,153.24,159.76
1173,234,Front/Back,99.85,123.17,99.85,100.9,153.4,159.78,153.39,159.78
1173,235,Front/Back,99.7,122.8,99.7,100.23,153.4,160.84,153.39,160.83
1173,236,Front/Back,99.39,123.26,99.39,100.68,153.4,160.84,153.39,160.83
1173,237,Front/Back,99.56,123.5,99.56,100.93,153.4,159.78,153.39,159.78
1173,238,Front/Back,100.01,123.77,100.01,101.19,153.4,160.84,153.39,160.83
1173,239,Front/Back,100.29,124.34,100.29,101.76,154.18,161.95,154.17,161.95
1173,240,Front/Back,100.92,123.93,100.92,101.06,154.99,161.95,154.98,161.95
1173,241,Front/Back,101.27,124.25,101.27,102.95,154.18,160.84,154.17,160.83
1173,242,Front/Back,101.64,125.3,101.64,104.0,155.08,161.97,155.07,161.97
1173,243,Front/Back,102.91,126.02,102.91,104.72,156.01,161.97,156.0,161.97
1173,244,Front/Back,104.25,126.4,97.04,105.1,155.17,161.97,155.16,161.97
1173,245,Front/Back,104.73,126.09,97.52,104.51,156.01,161.97,156.0,161.97
1173,246,Front/Back,105.73,126.92,98.52,105.34,156.98,163.23,156.97,163.22
1173,247,Front/Back,106.24,127.35,99.03,105.77,156.11,162.03,156.1,162.03
1173,248,Front/Back,106.97,128.27,99.3,106.68,156.11,162.03,156.1,162.03
1173,249,Front/Back,107.52,128.07,99.84,106.22,156.11,162.03,156.1,162.03
1173,250,Front/Back,108.63,128.56,100.96,108.36,156.21,162.08,156.21,162.07
1173,251,Front/Back,109.2,129.73,101.53,109.53,157.2,162.08,157.2,162.07
1173,252,Front/Back,110.35,130.78,102.3,110.58,156.33,160.95,156.32,160.95
1173,253,Front/Back,110.94,131.32,102.88,111.12,156.21,159.89,156.21,159.88
1173,254,Front/Back,112.12,122.8,104.07,102.34,155.37,158.88,155.36,158.87
1173,255,Front/Back,112.72,123.28,104.67,102.82,154.55,157.91,154.55,157.91
1173,256,Front/Back,113.33,124.27,105.28,103.81,154.66,157.91,154.65,157.91
1173,257,Front/Back,114.56,124.78,106.5,104.32,154.55,158.84,154.55,158.84
1173,258,Front/Back,115.18,124.72,107.12,104.02,154.55,158.84,154.55,158.84
1173,259,Front/Back,116.44,125.26,108.38,106.31,154.45,158.82,154.44,158.81
1173,260,Front/Back,116.86,125.81,108.5,106.86,154.45,158.82,154.44,158.81
1173,261,Front/Back,117.51,126.37,109.15,107.42,155.27,159.82,155.26,159.82
1173,262,Front/Back,118.82,126.98,110.45,107.8,155.17,159.82,155.16,159.82
1173,263,Front/Back,119.68,128.2,111.31,109.02,155.91,160.86,155.91,160.85
1173,264,Front/Back,120.82,128.83,112.21,109.64,156.69,161.97,156.68,161.97
1173,265,Front/Back,121.5,130.66,112.89,111.48,157.49,161.97,157.49,161.97
1173,266,Front/Back,122.87,127.9,114.26,111.87,158.42,163.16,158.41,163.16
1173,267,Front/Back,123.57,128.56,114.96,112.53,159.3,163.16,159.29,163.16
1173,268,Front/Back,124.98,129.23,116.37,113.2,160.31,165.82,160.3,165.82
1173,269,Front/Back,125.7,130.12,117.09,113.94,161.28,165.82,161.27,165.82
1173,270,Front/Back,126.42,130.83,117.81,114.65,162.39,169.08,162.39,169.07
1173,271,Front/Back,127.89,132.28,119.29,116.1,162.39,167.36,162.39,167.35
1173,272,Front/Back,128.64,133.03,120.03,116.85,162.31,169.11,162.3,169.1
1173,273,Front/Back,129.4,133.32,120.79,119.29,163.49,169.08,163.49,169.07
1173,274,Front/Back,130.94,134.1,122.33,120.06,164.77,173.88,164.76,173.88
1173,275,Front/Back,131.72,135.69,123.11,121.65,166.15,173.88,166.15,173.88
1173,276,Front/Back,133.49,136.51,124.88,122.47,166.15,174.02,166.15,174.01
1173,277,Front/Back,134.31,137.34,125.7,123.3,167.59,174.15,167.58,174.15
1173,278,Front/Back,135.98,138.19,127.37,124.15,167.59,174.29,167.58,174.29
1173,279,Front/Back,136.83,139.49,128.23,125.34,169.33,174.44,169.32,174.43
1173,280,Front/Back,138.59,140.39,129.98,126.24,169.33,174.58,169.32,174.58
1173,281,Front/Back,139.31,142.26,130.52,128.11,171.41,174.73,171.4,174.73
1173,282,Front/Back,140.4,144.7,131.61,130.55,171.28,174.89,171.27,174.88
1173,283,Front/Back,142.3,144.7,133.5,133.24,173.99,175.05,173.99,175.05
1173,284,Front/Back,143.27,145.25,134.48,133.68,171.28,175.22,171.27,175.21
1173,285,Front/Back,144.28,147.39,135.48,135.82,173.99,175.39,173.99,175.39
1173,286,Front/Back,146.36,148.51,137.57,136.94,171.16,175.57,171.15,175.56
1173,287,Front/Back,146.36,148.03,146.35,139.84,171.16,175.76,171.15,175.75
1173,288,Front/Back,148.56,150.37,148.55,142.18,171.16,175.96,171.15,175.95
1173,289,Front/Back,149.72,151.61,149.71,143.42,170.96,176.16,170.95,176.16
1173,290,Front/Back,152.16,154.26,152.15,146.07,170.96,176.38,170.95,176.37
1173,291,Front/Back,153.46,155.69,153.45,147.5,170.96,176.61,170.95,176.61
1173,292,Front/Back,156.26,158.83,156.25,150.64,173.55,176.86,173.54,176.86
1173,293,Front/Back,157.78,160.59,157.77,152.4,170.96,177.14,170.95,177.13
1173,294,Front/Back,161.17,161.79,161.16,153.54,173.68,177.44,173.67,177.43
1173,295,Front/Back,163.44,166.25,163.43,157.99,173.68,177.78,173.67,177.78
1173,296,Front/Back,168.31,169.13,168.3,160.87,173.68,178.19,173.67,178.18
1173,297,Front/Back,171.73,169.13,171.73,169.13,179.98,178.72,179.99,178.71
1173,298,Front/Back,179.98,179.98,179.98,179.98,179.98,179.98,179.99,179.99
1173,299,Front/Back,169.86,161.61,179.99,179.99,154.46,161.61,164.59,179.99
1173,300,Front/Back,169.86,160.28,179.99,179.99,154.46,160.28,164.59,179.99
1173,301,Front/Back,167.57,159.06,179.99,180.0,152.17,159.06,164.59,179.99
1174,1,Side,173.64,164.54,173.94,175.12,176.12,171.3,167.51,172.37
1174,2,Side,173.32,163.21,173.71,172.91,176.62,170.86,167.02,171.95
1174,3,Side,176.82,158.1,175.5,170.52,175.45,176.82,166.47,174.45
1174,4,Side,177.09,155.51,174.22,167.69,174.89,177.47,166.44,174.45
1174,5,Side,177.43,153.69,172.92,166.54,173.68,178.75,166.98,175.05
1174,6,Side,179.65,153.43,174.57,164.96,172.4,177.7,166.98,174.56
1174,7,Side,179.96,151.26,174.26,163.43,172.4,178.33,166.98,174.56
1174,8,Side,168.64,148.81,166.47,160.09,176.97,178.47,167.0,174.66
1174,9,Side,171.74,148.77,170.81,160.22,176.24,178.61,167.04,174.76
1174,10,Side,170.91,146.28,169.01,156.8,173.67,179.21,169.54,176.93
1174,11,Side,169.59,144.54,164.02,155.05,172.95,179.72,169.54,176.42
1174,12,Side,169.96,146.25,162.76,152.96,171.81,178.91,170.03,176.96
1174,13,Side,168.12,142.86,160.54,149.31,172.95,179.62,169.54,176.99
1174,14,Side,168.15,139.96,158.78,146.19,171.81,179.12,170.03,177.51
1174,15,Side,167.63,137.1,158.03,143.1,172.0,178.4,169.54,177.51
1174,16,Side,166.12,136.37,152.6,140.79,170.88,179.04,170.03,177.51
1174,17,Side,164.16,132.4,151.26,135.73,171.99,179.21,169.55,177.47
1174,18,Side,161.43,127.93,147.66,130.2,172.06,179.3,169.56,177.44
1174,19,Side,162.85,124.33,147.15,124.89,171.17,179.97,169.57,177.42
1174,20,Side,161.16,118.88,145.46,118.41,171.16,179.89,169.57,177.4
1174,21,Side,159.26,110.76,143.69,109.45,171.17,179.63,169.57,177.94
1174,22,Side,155.3,107.03,139.79,105.04,171.87,179.25,169.05,177.42
1174,23,Side,148.77,105.14,133.95,102.84,173.09,177.52,168.52,176.91
1174,24,Side,130.77,101.89,116.55,98.93,174.6,176.79,168.5,176.79
1174,25,Side,118.75,99.15,105.37,95.9,175.85,175.01,167.94,176.26
1174,26,Side,105.4,95.05,94.78,91.13,176.49,174.35,167.93,176.22
1174,27,Side,93.47,88.65,81.72,83.64,177.66,174.87,169.71,178.55
1174,28,Side,74.43,80.75,63.97,75.13,178.27,174.25,171.39,179.45
1174,29,Side,63.78,72.94,53.35,66.72,178.32,172.32,172.4,177.0
1174,30,Side,63.48,65.45,49.81,58.65,175.23,171.75,174.21,178.82
1174,31,Side,55.46,57.35,43.52,50.06,174.8,171.77,176.77,178.86
1174,32,Side,46.84,50.86,34.89,43.54,175.37,172.38,176.08,177.58
1174,33,Side,41.16,44.2,29.79,38.02,175.93,173.0,177.06,176.3
1174,34,Side,36.37,40.48,26.6,34.78,176.5,173.56,177.07,177.2
1174,35,Side,32.92,35.69,23.2,30.59,176.55,173.0,177.98,176.56
1174,36,Side,29.02,30.98,19.91,27.05,177.73,173.18,177.42,176.84
1174,37,Side,26.73,29.59,18.12,25.14,176.65,172.61,178.82,176.14
1174,38,Side,24.56,27.73,16.59,24.55,177.34,172.59,179.49,176.84
1174,39,Side,24.54,26.39,18.8,24.43,179.06,172.52,179.92,176.91
1174,40,Side,24.37,24.97,16.4,23.8,176.84,171.89,179.95,177.13
1174,41,Side,23.34,24.34,19.16,24.63,178.95,171.81,177.9,176.45
1174,42,Side,24.15,23.54,19.96,24.59,178.94,170.98,178.36,175.98
1174,43,Side,23.18,25.92,19.15,24.29,178.93,164.49,179.17,177.65
1174,44,Side,25.55,24.24,19.96,23.81,175.41,166.01,177.88,179.53
1174,45,Side,25.52,23.26,20.41,23.09,175.96,166.32,177.95,179.43
1174,46,Side,25.54,22.4,20.41,25.68,175.33,166.42,177.34,179.73
1174,47,Side,25.39,23.02,19.86,24.83,174.08,166.56,177.37,179.63
1174,48,Side,26.09,23.41,20.52,24.94,174.08,166.55,177.42,179.81
1174,49,Side,26.83,26.22,21.21,23.71,173.45,166.55,176.85,179.91
1174,50,Side,28.39,27.64,22.62,23.64,173.45,166.57,176.91,179.71
1174,51,Side,28.44,28.51,22.73,23.34,172.85,165.63,175.55,177.45
1174,52,Side,28.28,30.67,23.55,24.27,175.94,165.68,179.4,179.01
1174,53,Side,28.3,32.54,24.56,24.93,175.37,167.29,177.11,177.58
1174,54,Side,31.87,33.0,25.1,25.72,175.3,171.96,177.05,174.36
1174,55,Side,32.13,35.01,21.04,26.58,170.98,171.99,177.05,174.33
1174,56,Side,34.91,37.26,22.7,28.16,170.26,173.11,176.46,174.23
1174,57,Side,35.43,38.86,23.89,28.73,171.46,173.13,177.83,174.91
1174,58,Side,36.71,40.16,24.3,33.15,172.06,173.09,178.44,174.75
1174,59,Side,39.97,42.03,26.59,33.9,172.06,172.94,177.59,174.94
1174,60,Side,40.83,47.74,29.05,37.2,174.66,172.9,177.61,175.36
1174,61,Side,42.67,52.93,30.27,40.2,174.04,172.75,177.61,176.0
1174,62,Side,47.53,57.12,34.21,43.34,174.07,172.8,177.61,175.21
1174,63,Side,51.78,61.99,38.46,48.26,174.07,172.27,177.61,176.49
1174,64,Side,56.32,62.61,43.03,47.99,174.11,172.46,178.51,176.49
1174,65,Side,60.77,67.27,48.44,51.65,174.11,172.52,177.61,175.83
1174,66,Side,67.12,72.44,55.41,57.98,174.72,173.71,177.61,176.49
1174,67,Side,73.15,78.67,62.8,63.65,174.17,172.61,177.64,176.85
1174,68,Side,80.47,82.15,71.1,66.98,174.19,172.12,177.66,176.69
1174,69,Side,91.75,91.33,82.7,76.55,173.06,172.65,177.11,173.59
1174,70,Side,98.77,111.73,90.75,94.9,173.13,170.6,177.14,173.71
1174,71,Side,111.48,122.25,103.91,105.32,170.79,167.1,175.35,175.91
1174,72,Side,117.17,128.76,109.61,112.87,170.85,166.53,175.4,176.48
1174,73,Side,129.39,135.92,123.26,121.71,170.4,168.89,175.5,174.75
1174,74,Side,132.33,139.86,127.69,126.17,170.92,169.44,175.55,174.72
1174,75,Side,136.91,144.74,133.26,132.1,170.39,169.5,175.03,174.66
1174,76,Side,143.45,148.33,140.79,137.35,170.45,170.13,175.08,174.63
1174,77,Side,147.32,151.31,144.1,141.46,169.89,169.65,175.08,175.19
1174,78,Side,149.39,153.17,148.85,143.91,173.72,170.75,177.22,174.69
1174,79,Side,159.79,155.83,154.98,148.3,166.03,171.89,173.8,174.21
1174,80,Side,159.56,153.68,153.26,149.04,166.41,173.67,173.73,174.26
1174,81,Side,159.62,155.92,153.31,152.9,165.0,175.3,172.32,173.2
1174,82,Side,164.87,155.24,162.32,153.43,165.02,177.07,172.41,172.63
1174,83,Side,162.66,154.51,158.96,154.95,170.24,177.74,175.96,173.16
1174,84,Side,162.0,153.89,158.81,154.93,170.14,178.88,175.33,172.63
1174,85,Side,166.06,154.14,166.67,156.83,170.14,179.5,175.33,172.62
1174,86,Side,163.42,153.48,160.76,156.78,171.25,179.89,175.91,172.62
1174,87,Side,165.59,156.2,163.36,159.92,170.04,179.48,175.29,172.63
1174,88,Side,166.8,157.17,163.99,160.29,168.87,178.32,174.7,173.2
1174,89,Side,169.71,157.52,167.31,160.59,168.29,178.33,174.7,173.18
1174,90,Side,161.99,164.74,162.54,165.96,170.06,176.03,173.53,172.62
1174,91,Side,162.65,165.58,163.09,166.27,170.03,174.93,173.53,173.18
1174,92,Side,163.7,161.06,165.16,165.57,170.0,177.73,173.46,173.18
1174,93,Side,173.35,159.94,172.28,165.05,166.55,178.33,173.53,173.18
1174,94,Side,166.64,163.11,169.48,167.15,168.9,173.52,172.95,175.91
1174,95,Side,175.77,163.36,176.22,167.42,165.54,173.54,172.95,175.91
1174,96,Side,169.22,163.65,172.33,168.57,167.82,173.57,172.44,175.86
1174,97,Side,169.43,163.65,172.54,168.57,167.82,173.61,172.44,175.82
1174,98,Side,169.64,163.9,172.74,168.82,167.75,173.57,172.37,175.86
1174,99,Side,169.84,164.68,172.94,170.59,167.75,173.61,172.37,175.82
1174,100,Side,170.03,163.38,173.13,172.2,168.6,177.88,173.22,173.63
1175,1,Side,171.63,172.5,179.38,173.86,171.63,177.08,170.26,169.22
1175,2,Side,170.33,172.9,177.95,173.77,170.23,175.96,169.29,168.56
1175,3,Side,170.77,172.85,177.99,173.71,171.71,175.94,170.34,168.56
1175,4,Side,171.18,172.04,176.73,172.91,171.18,175.12,169.39,167.71
1175,5,Side,171.11,168.98,177.25,169.34,172.15,177.67,170.34,169.49
1175,6,Side,171.53,167.95,177.22,167.68,173.52,177.56,171.29,169.4
1175,7,Side,172.94,168.03,178.15,167.86,173.9,177.61,171.22,169.4
1175,8,Side,173.37,170.98,178.12,168.19,175.3,176.25,172.19,169.31
1175,9,Side,174.77,170.98,179.02,168.25,175.69,176.16,172.14,169.22
1175,10,Side,173.56,169.94,177.71,166.14,176.65,176.85,173.09,169.92
1175,11,Side,173.37,164.01,177.47,162.0,176.65,178.34,173.09,169.75
1175,12,Side,174.71,165.06,178.34,164.49,177.1,178.58,173.09,169.92
1175,13,Side,173.84,161.2,176.44,158.39,178.56,178.7,174.11,170.01
1175,14,Side,173.6,162.5,175.66,162.51,177.67,179.38,173.22,170.25
1175,15,Side,178.53,160.89,179.74,159.92,179.99,179.67,174.18,171.16
1175,16,Side,178.89,160.73,179.58,158.96,178.63,179.91,175.1,171.16
1175,17,Side,177.21,158.34,178.28,157.17,179.06,177.49,175.1,172.8
1175,18,Side,177.23,157.15,178.72,156.2,178.1,175.3,176.04,174.5
1175,19,Side,176.75,160.83,177.85,158.08,178.1,175.85,176.01,175.36
1175,20,Side,176.78,158.47,177.81,156.28,178.09,174.61,176.0,176.22
1175,21,Side,177.87,156.53,179.32,154.0,178.07,173.79,175.98,177.07
1175,22,Side,177.46,154.47,178.82,151.36,178.07,174.2,176.0,177.07
1175,23,Side,179.82,147.34,178.52,143.81,177.62,174.33,175.93,176.98
1175,24,Side,177.42,142.89,177.37,138.71,175.76,173.49,176.76,177.78
1175,25,Side,174.89,133.07,175.39,129.15,175.27,173.53,176.76,177.78
1175,26,Side,179.05,125.61,179.6,121.64,176.93,174.71,173.09,176.4
1175,27,Side,176.93,97.02,174.85,94.74,176.99,173.42,174.04,176.96
1175,28,Side,167.46,74.54,164.18,72.09,176.52,176.33,174.04,173.24
1175,29,Side,118.07,81.28,116.67,78.67,179.84,176.79,173.11,174.33
1175,30,Side,77.97,63.99,75.96,61.21,179.86,178.08,172.99,173.48
1175,31,Side,48.49,50.19,46.37,48.66,176.18,176.8,168.01,173.84
1175,32,Side,30.41,41.26,25.89,39.93,177.04,176.86,168.07,174.61
1175,33,Side,22.28,36.19,17.74,35.09,175.67,176.88,168.05,175.39
1175,34,Side,18.15,30.4,13.63,28.98,173.98,177.44,167.88,176.16
1175,35,Side,20.82,26.07,18.9,24.31,169.9,177.99,167.79,176.94
1175,36,Side,17.57,23.19,16.04,20.12,168.01,179.77,168.63,177.8
1175,37,Side,16.98,23.1,14.71,17.38,168.16,171.43,169.75,173.07
1175,38,Side,16.97,19.94,13.82,14.39,170.53,173.44,173.57,176.68
1175,39,Side,17.55,17.24,14.5,12.22,171.68,174.46,174.79,177.7
1175,40,Side,17.61,16.81,13.91,11.58,173.11,175.56,176.73,179.6
1175,41,Side,17.38,15.86,14.23,11.08,173.76,177.8,178.89,177.84
1175,42,Side,17.06,15.13,13.75,10.19,173.76,177.78,178.99,177.76
1175,43,Side,15.39,14.46,12.93,9.28,172.49,177.73,177.25,177.64
1175,44,Side,14.84,13.99,12.2,8.18,172.51,177.3,177.36,177.58
1175,45,Side,13.69,14.89,11.16,8.55,172.55,178.19,176.4,176.62
1175,46,Side,12.77,14.66,10.48,8.11,171.34,178.2,176.77,177.32
1175,47,Side,13.6,14.66,11.07,7.81,172.68,178.2,178.06,178.09
1175,48,Side,13.4,14.66,10.59,7.53,172.6,178.21,178.97,178.93
1175,49,Side,15.89,14.66,12.04,7.24,172.5,178.2,179.92,178.87
1175,50,Side,13.21,14.66,9.89,6.92,172.45,178.22,178.97,179.84
1175,51,Side,13.45,14.66,9.82,6.6,172.38,178.2,177.75,179.81
1175,52,Side,15.91,14.89,11.18,6.47,172.31,178.2,179.01,179.83
1175,53,Side,15.07,14.2,10.42,5.77,172.31,178.21,179.64,179.82
1175,54,Side,15.09,14.2,10.08,5.39,172.26,178.2,179.05,179.87
1175,55,Side,15.38,13.61,9.94,3.47,172.26,177.34,179.13,179.86
1175,56,Side,15.38,13.4,10.01,2.48,172.18,177.34,177.78,178.75
1175,57,Side,14.79,13.61,9.44,2.2,172.18,177.32,176.51,178.75
1175,58,Side,14.34,13.61,8.43,1.01,172.53,178.28,176.4,176.88
1175,59,Side,14.36,12.84,7.68,0.72,173.52,178.28,177.37,176.82
1175,60,Side,14.36,12.84,7.26,0.14,173.52,179.27,177.34,174.85
1175,61,Side,14.36,13.03,7.06,1.1,173.52,179.27,177.34,175.89
1175,62,Side,13.49,13.02,5.5,1.44,173.54,178.29,177.29,176.88
1175,63,Side,13.49,13.02,4.87,2.24,173.6,178.29,176.19,176.88
1175,64,Side,13.77,13.21,4.79,2.49,173.56,178.3,176.12,176.99
1175,65,Side,13.27,14.45,3.92,2.73,172.69,178.3,174.27,177.27
1175,66,Side,13.29,14.95,3.29,3.27,172.71,177.34,174.23,179.08
1175,67,Side,12.9,15.48,1.48,3.85,172.86,177.32,175.39,178.23
1175,68,Side,12.94,16.68,0.73,4.71,172.95,176.34,175.53,179.88
1175,69,Side,12.83,18.92,1.47,4.81,174.78,176.76,176.53,179.83
1175,70,Side,13.99,20.71,2.75,6.54,175.72,175.83,178.52,178.04
1175,71,Side,15.94,23.68,4.03,6.78,177.02,176.31,179.43,178.1
1175,72,Side,17.97,23.89,2.36,6.22,178.28,177.24,179.77,179.03
1175,73,Side,18.27,24.07,4.0,4.12,178.28,178.64,179.78,179.99
1175,74,Side,21.96,25.25,0.86,0.0,178.27,178.63,179.17,178.21
1175,75,Side,28.52,48.23,4.77,23.38,178.26,177.71,179.16,178.18
1175,76,Side,34.7,73.81,11.38,50.54,175.59,177.27,173.41,178.16
1175,77,Side,36.34,74.43,15.11,55.87,172.96,176.83,170.85,179.16
1175,78,Side,52.58,106.95,32.25,89.54,171.65,176.86,169.91,178.18
1175,79,Side,73.2,131.61,54.62,115.81,170.79,176.86,170.89,177.19
1175,80,Side,111.53,145.37,94.33,131.24,168.3,178.94,169.17,177.33
1175,81,Side,136.32,152.73,120.49,139.73,167.02,178.84,168.32,175.6
1175,82,Side,149.56,160.22,133.78,147.22,168.25,179.69,169.05,176.45
1175,83,Side,159.18,163.14,143.93,150.12,169.54,179.67,169.92,176.45
1175,84,Side,164.14,164.8,149.76,151.75,170.96,179.68,170.88,176.49
1175,85,Side,179.91,166.11,163.94,153.38,175.22,179.71,172.6,176.52
1175,86,Side,178.32,167.19,164.76,154.76,176.53,179.7,173.47,176.52
1175,87,Side,178.45,167.63,165.77,155.65,177.36,179.04,174.29,177.33
1175,88,Side,178.53,165.74,166.01,153.51,177.36,179.09,174.29,177.3
1175,89,Side,180.0,168.36,164.54,157.15,178.26,177.74,175.2,178.17
1175,90,Side,179.55,168.39,164.85,157.71,179.59,177.77,176.07,178.16
1175,91,Side,176.27,170.15,163.38,160.56,179.13,176.94,176.93,179.01
1175,92,Side,176.9,170.31,163.58,160.96,179.55,176.94,177.81,179.01
1175,93,Side,179.55,169.51,166.24,158.81,178.67,176.94,177.81,179.01
1175,94,Side,177.94,170.85,167.67,161.76,178.23,176.92,177.81,179.01
1175,95,Side,176.83,171.11,169.88,162.0,178.29,176.94,177.76,179.01
1175,96,Side,178.42,171.23,166.68,162.35,179.6,176.94,177.76,179.01
1175,97,Side,178.46,171.5,166.73,162.67,179.56,177.7,176.93,178.21
1175,98,Side,178.48,171.58,166.97,162.98,179.56,177.67,176.93,178.22
1175,99,Side,180.0,171.35,168.06,164.3,180.0,177.14,176.93,178.24
1176,1,Front/Back,179.98,179.98,179.98,179.98,179.98,179.98,179.98,179.98
1176,2,Front/Back,159.79,173.12,170.63,162.53,169.15,179.11,179.99,179.99
1176,3,Front/Back,158.52,163.99,167.29,158.51,164.6,172.27,179.99,179.99
1176,4,Front/Back,154.33,166.68,162.26,162.5,162.76,166.68,179.99,179.99
1176,5,Front/Back,155.39,164.62,164.48,159.06,159.6,164.62,179.99,179.99
1176,6,Front/Back,146.73,164.64,160.16,159.06,158.17,164.64,179.99,179.99
1176,7,Front/Back,140.44,164.75,155.11,153.45,156.92,164.75,179.99,179.99
1176,8,Front/Back,132.13,162.92,140.02,155.26,161.69,162.92,179.99,179.99
1176,9,Front/Back,130.3,162.99,136.58,152.71,161.69,162.99,179.99,179.99
1176,10,Front/Back,125.72,163.08,137.06,151.04,161.84,163.08,179.99,179.99
1176,11,Front/Back,123.6,161.5,132.61,150.37,162.01,161.5,179.99,179.99
1176,12,Front/Back,117.64,153.91,137.65,149.74,156.24,153.91,179.99,179.99
1176,13,Front/Back,114.16,142.98,129.69,135.55,153.81,157.16,179.99,179.99
1176,14,Front/Back,110.84,135.78,131.59,131.72,152.55,155.88,179.99,179.99
1176,15,Front/Back,111.71,128.31,133.19,126.72,145.31,153.42,179.99,179.99
1176,16,Front/Back,110.16,131.88,133.29,134.56,142.62,150.33,179.99,179.99
1176,17,Front/Back,107.87,126.31,126.18,129.54,143.47,149.24,179.99,179.99
1176,18,Front/Back,105.32,123.72,122.93,127.42,143.47,148.25,179.99,179.99
1176,19,Front/Back,104.9,120.62,118.52,123.91,144.35,148.19,179.99,179.99
1176,20,Front/Back,102.08,117.16,115.18,121.41,144.35,147.23,179.99,179.99
1176,21,Front/Back,101.41,115.2,114.05,121.75,144.35,146.25,179.99,179.99
1176,22,Front/Back,102.42,111.91,111.9,117.2,147.09,147.1,179.99,179.99
1176,23,Front/Back,101.7,108.78,109.85,114.1,148.05,147.07,179.99,179.99
1176,24,Front/Back,100.84,109.0,108.99,112.99,148.05,148.01,179.99,179.99
1176,25,Front/Back,103.62,110.05,103.57,112.72,150.0,148.98,179.99,179.99
1176,26,Front/Back,103.43,111.94,102.26,113.6,151.11,149.99,179.99,179.99
1176,27,Front/Back,112.68,113.25,103.94,112.87,158.44,149.99,180.0,180.0
1176,28,Front/Back,114.63,112.12,105.88,112.01,158.44,150.04,180.0,180.0
1176,29,Front/Back,114.95,121.02,104.7,115.22,158.44,154.43,180.0,180.0
1176,30,Front/Back,115.96,122.01,107.07,114.99,157.08,152.62,180.0,178.19
1176,31,Front/Back,116.8,124.98,113.42,116.4,155.79,146.16,180.0,171.69
1176,32,Front/Back,117.81,126.44,106.54,116.72,157.08,146.46,168.93,171.94
1176,33,Front/Back,120.37,125.77,107.9,115.45,157.08,142.76,164.83,168.24
1176,34,Front/Back,114.73,115.26,104.65,108.11,153.58,150.42,161.64,180.0
1176,35,Front/Back,117.88,116.96,107.28,111.28,153.48,149.4,161.64,180.0
1176,36,Front/Back,136.33,118.8,118.54,112.78,159.72,140.11,159.17,171.69
1176,37,Front/Back,121.82,118.52,110.67,112.09,152.19,140.45,171.82,171.94
1176,38,Front/Back,120.0,121.48,110.22,116.55,150.0,147.55,180.0,180.0
1176,39,Front/Back,129.7,151.37,117.12,141.92,152.04,140.25,180.0,168.87
1176,40,Front/Back,133.96,150.52,120.08,142.51,152.08,150.52,180.0,180.0
1176,41,Front/Back,143.25,133.87,127.63,118.55,154.37,151.47,180.0,180.0
1176,42,Front/Back,150.62,149.4,143.43,143.13,153.25,137.64,180.0,168.24
1176,43,Front/Back,136.6,116.67,124.95,117.45,151.11,142.33,172.31,179.99
1176,44,Front/Back,134.98,116.73,131.82,117.58,150.0,142.33,180.0,167.81
1176,45,Front/Back,133.81,117.59,129.82,117.49,151.04,135.73,159.44,159.51
1176,46,Front/Back,135.64,119.73,132.55,118.15,152.13,127.07,165.24,161.26
1176,47,Front/Back,108.11,117.35,113.78,115.63,144.49,124.65,159.44,157.82
1176,48,Front/Back,107.71,117.23,113.7,114.56,145.38,122.18,161.64,153.44
1176,49,Front/Back,109.37,117.53,114.91,114.46,147.16,121.86,161.37,152.13
1176,50,Front/Back,127.0,119.36,126.77,116.92,154.37,121.47,161.16,149.65
1176,51,Front/Back,125.51,120.18,125.64,117.54,142.5,122.51,159.23,149.6
1176,52,Front/Back,124.37,116.75,126.23,115.35,155.59,125.12,158.74,152.07
1176,53,Front/Back,123.35,117.06,129.9,117.78,155.54,127.79,158.58,153.44
1176,54,Front/Back,121.66,114.38,129.47,114.78,156.87,130.7,163.72,156.35
1176,55,Front/Back,110.3,111.11,117.91,111.51,154.49,133.82,158.58,159.47
1176,56,Front/Back,108.6,107.62,114.9,109.32,155.79,136.28,158.74,154.95
1176,57,Front/Back,108.14,108.31,113.16,107.67,157.08,138.61,166.81,163.23
1176,58,Front/Back,106.18,106.94,111.2,106.31,157.08,143.48,163.56,168.1
1176,59,Front/Back,104.64,106.21,106.95,103.95,157.08,155.09,160.98,163.14
1176,60,Front/Back,109.55,117.14,109.34,111.62,159.6,158.36,156.41,157.8
1176,61,Front/Back,106.24,115.23,107.97,110.0,158.17,158.36,156.41,157.8
1176,62,Front/Back,105.91,114.98,107.64,109.75,158.17,158.36,156.41,157.8
1176,63,Front/Back,100.81,117.99,104.41,111.4,154.37,159.72,156.41,157.8
1176,64,Front/Back,101.78,117.08,106.59,111.92,153.16,158.3,156.41,157.8
1176,65,Front/Back,107.96,116.81,104.02,110.16,159.65,158.3,156.41,157.8
1176,66,Front/Back,111.75,118.49,100.34,113.23,159.6,156.91,156.41,157.8
1176,67,Front/Back,111.45,119.69,101.87,116.94,158.22,154.4,156.41,157.8
1176,68,Front/Back,109.78,120.23,109.67,117.83,150.96,154.4,156.41,157.8
1176,69,Front/Back,113.61,123.01,112.44,119.39,152.01,155.61,156.41,157.8
1176,70,Front/Back,114.44,128.89,107.6,118.61,158.22,154.38,156.41,157.8
1176,71,Front/Back,114.9,131.56,111.28,121.63,156.87,154.37,156.41,157.8
1176,72,Front/Back,115.48,127.72,112.45,125.14,156.87,153.22,156.41,157.8
1176,73,Front/Back,115.63,132.47,115.75,129.89,154.37,153.22,156.41,157.8
1176,74,Front/Back,118.86,132.44,124.44,131.38,148.9,152.11,156.41,157.8
1176,75,Front/Back,120.16,152.12,125.75,143.4,148.9,152.12,156.41,157.8
1176,76,Front/Back,117.43,152.12,124.76,143.4,153.2,152.12,156.41,157.8
1176,77,Front/Back,120.48,153.27,133.07,143.4,148.9,153.27,156.41,157.8
1176,78,Front/Back,122.94,153.27,134.52,143.4,149.91,153.27,156.41,157.8
1176,79,Front/Back,122.83,153.27,133.25,143.78,152.13,153.27,156.41,157.8
1176,80,Front/Back,126.61,153.27,137.11,143.78,152.04,153.27,156.41,157.8
1176,81,Front/Back,128.08,154.52,138.63,143.78,153.16,154.52,156.41,157.8
1176,82,Front/Back,131.09,154.47,142.73,143.78,152.08,154.47,156.41,157.8
1176,83,Front/Back,132.88,155.74,146.9,143.78,151.0,155.74,156.41,157.8
1176,84,Front/Back,135.42,153.36,150.92,143.78,151.0,153.36,156.41,157.8
1176,85,Front/Back,135.14,152.3,148.38,144.2,153.25,152.3,156.41,157.8
1176,86,Front/Back,137.68,153.42,152.64,144.2,153.25,153.42,156.41,157.8
1176,87,Front/Back,140.73,153.5,155.69,144.2,153.25,153.5,156.41,157.8
1176,88,Front/Back,151.11,153.5,168.21,144.2,151.11,153.5,156.41,157.8
1176,89,Front/Back,151.11,153.58,168.21,144.2,151.11,153.58,156.41,157.8
1176,90,Front/Back,153.32,154.75,170.3,144.2,153.32,154.75,156.41,157.8
1176,91,Front/Back,153.39,154.85,170.3,144.2,153.39,154.85,156.41,157.8
1176,92,Front/Back,153.39,154.85,170.3,144.2,153.39,154.85,156.41,157.8
1177,1,Front/Back,179.97,179.97,179.97,179.97,179.98,179.98,179.97,179.97
1177,2,Front/Back,161.18,162.06,146.01,157.98,179.98,180.0,179.99,155.84
1177,3,Front/Back,145.25,170.17,134.2,156.23,169.78,170.17,180.0,155.77
1177,4,Front/Back,139.01,163.09,127.63,146.2,166.01,170.17,180.0,161.22
1177,5,Front/Back,136.53,166.11,122.48,151.66,165.76,166.11,180.0,179.99
1177,6,Front/Back,130.77,170.37,126.21,150.16,162.64,170.37,180.0,180.0
1177,7,Front/Back,121.38,148.97,119.48,133.93,159.98,166.11,180.0,180.0
1177,8,Front/Back,113.52,139.29,111.44,126.26,160.16,166.31,180.0,180.0
1177,9,Front/Back,107.27,126.17,106.39,115.25,151.62,163.03,173.83,180.0
1177,10,Front/Back,102.25,120.68,101.37,112.52,145.8,160.28,168.01,180.0
1177,11,Front/Back,98.61,116.92,99.88,112.04,140.18,160.28,164.54,161.25
1177,12,Front/Back,94.05,112.49,104.27,110.17,137.35,157.72,161.71,158.34
1177,13,Front/Back,90.66,103.06,104.72,108.72,133.41,149.74,161.61,158.32
1177,14,Front/Back,91.18,105.77,100.14,111.07,131.66,151.5,161.61,158.34
1177,15,Front/Back,92.37,108.61,109.83,117.98,130.0,137.65,161.61,166.09
1177,16,Front/Back,95.62,109.51,112.55,119.45,127.42,136.42,159.16,166.56
1177,17,Front/Back,102.59,112.91,108.64,122.86,129.08,149.86,159.16,165.21
1177,18,Front/Back,108.37,113.37,112.67,122.27,130.82,133.73,159.16,163.76
1177,19,Front/Back,110.96,119.31,112.97,125.75,128.86,129.85,159.16,143.75
1177,20,Front/Back,112.63,139.92,118.13,142.55,126.65,134.01,156.95,140.52
1177,21,Front/Back,114.69,139.42,120.2,143.42,126.65,134.43,156.95,137.59
1177,22,Front/Back,123.01,146.64,124.9,148.02,128.26,134.1,154.94,135.17
1177,23,Front/Back,121.97,140.7,125.12,140.1,126.49,132.08,155.01,137.53
1177,24,Front/Back,132.26,153.64,139.11,156.23,124.69,134.63,151.37,135.19
1177,25,Front/Back,134.14,151.75,142.83,156.06,122.94,135.51,151.46,135.53
1177,26,Front/Back,153.32,151.75,176.7,156.01,123.23,132.74,149.91,134.95
1177,27,Front/Back,153.32,151.89,176.7,156.06,121.63,130.45,148.31,132.52
1177,28,Front/Back,155.24,150.11,176.7,156.06,121.9,128.67,146.67,130.33
1177,29,Front/Back,155.24,156.24,180.0,156.06,119.02,132.62,143.79,128.14
1177,30,Front/Back,157.36,158.48,180.0,156.06,118.56,130.98,141.2,122.21
1177,31,Front/Back,157.36,158.48,180.0,156.06,117.27,129.22,139.91,120.45
1177,32,Front/Back,157.36,158.48,180.0,156.01,114.79,127.55,137.43,116.86
1177,33,Front/Back,157.36,158.48,180.0,156.01,113.59,127.55,136.23,113.28
1177,34,Front/Back,157.36,158.48,180.0,156.01,112.55,125.96,135.19,111.69
1177,35,Front/Back,157.36,158.48,180.0,156.06,110.27,124.43,132.92,110.17
1177,36,Front/Back,157.36,150.11,180.0,156.06,109.17,114.59,131.81,107.23
1177,37,Front/Back,155.24,158.23,180.0,156.06,107.2,121.06,131.97,105.57
1177,38,Front/Back,157.36,158.23,180.0,156.06,108.24,119.69,128.81,104.21
1177,39,Front/Back,157.36,149.97,180.0,156.23,107.35,110.11,106.32,104.8
1177,40,Front/Back,157.41,149.97,180.0,156.23,110.2,110.11,97.48,95.11
1177,41,Front/Back,157.36,158.02,180.0,156.23,110.27,118.16,95.42,95.11
1177,42,Front/Back,159.69,158.02,180.0,156.23,109.88,116.87,96.59,95.45
1177,43,Front/Back,159.69,148.28,180.0,156.51,110.95,108.66,97.66,95.35
1177,44,Front/Back,159.69,149.97,180.0,156.51,110.95,109.06,99.88,95.69
1177,45,Front/Back,157.36,149.97,180.0,156.51,109.7,110.35,100.93,96.98
1177,46,Front/Back,157.36,145.51,180.0,153.84,109.7,110.16,103.3,98.57
1177,47,Front/Back,157.36,145.43,180.0,153.84,109.7,109.81,105.86,99.77
1177,48,Front/Back,157.36,148.11,180.0,156.91,111.03,114.06,113.18,101.35
1177,49,Front/Back,155.24,137.61,180.0,148.02,108.91,113.97,116.91,102.87
1177,50,Front/Back,157.36,137.61,180.0,148.02,111.03,115.56,116.91,105.89
1177,51,Front/Back,157.36,139.21,180.0,148.02,112.16,117.17,108.31,106.15
1177,52,Front/Back,157.36,146.5,180.0,161.81,113.3,115.86,119.18,107.66
1177,53,Front/Back,153.38,148.11,176.03,161.81,113.3,117.47,123.99,107.92
1177,54,Front/Back,144.78,149.79,167.42,162.59,114.48,119.15,125.17,109.44
1177,55,Front/Back,144.78,149.79,167.42,162.59,116.91,120.83,127.6,111.12
1177,56,Front/Back,140.01,138.17,162.65,144.22,116.91,120.83,137.17,112.68
1177,57,Front/Back,134.18,138.17,158.94,144.22,117.35,119.48,139.73,114.36
1177,58,Front/Back,140.01,157.85,162.65,155.84,121.07,127.91,141.33,115.01
1177,59,Front/Back,136.3,132.0,158.94,135.38,122.46,123.02,142.71,116.65
1177,60,Front/Back,138.63,150.94,158.94,148.11,124.79,129.62,145.1,118.47
1177,61,Front/Back,137.33,148.06,157.64,146.04,126.23,129.62,122.9,118.47
1177,62,Front/Back,132.06,142.32,154.7,140.31,125.39,129.62,127.58,120.66
1177,63,Front/Back,134.39,148.52,154.7,144.22,127.2,131.9,130.79,122.63
1177,64,Front/Back,134.45,141.1,154.7,139.22,129.06,131.29,137.42,124.43
1177,65,Front/Back,131.83,137.31,152.08,135.43,129.34,131.29,147.21,124.43
1177,66,Front/Back,124.9,137.44,147.49,139.4,127.01,133.8,147.21,128.92
1177,67,Front/Back,122.93,131.38,145.43,129.49,130.47,135.31,141.08,130.55
1177,68,Front/Back,117.06,124.56,141.68,127.02,126.61,133.26,151.24,132.84
1177,69,Front/Back,116.69,124.51,141.4,124.95,127.95,135.27,152.66,132.84
1177,70,Front/Back,113.01,118.85,139.75,121.3,128.07,135.84,152.75,135.05
1177,71,Front/Back,111.59,115.94,138.33,120.28,129.71,139.93,156.44,139.3
1177,72,Front/Back,107.13,112.41,135.71,115.93,130.0,145.36,158.56,144.38
1177,73,Front/Back,104.79,109.89,133.36,113.41,130.0,145.36,158.56,144.38
1177,74,Front/Back,102.71,109.78,131.29,113.28,127.87,145.38,156.45,144.38
1177,75,Front/Back,103.61,109.82,130.35,111.45,129.71,141.82,156.45,138.64
1177,76,Front/Back,100.34,108.33,127.07,109.96,132.22,147.25,158.94,144.07
1177,77,Front/Back,98.67,109.76,127.25,109.34,132.75,143.17,161.33,139.99
1177,78,Front/Back,95.88,106.76,124.46,108.34,132.75,137.7,161.33,141.18
1177,79,Front/Back,95.0,104.02,123.57,102.94,135.04,136.82,161.53,138.34
1177,80,Front/Back,92.67,103.68,122.97,102.6,136.49,136.82,166.77,138.02
1177,81,Front/Back,92.36,103.63,122.66,102.56,127.95,136.82,158.25,140.68
1177,82,Front/Back,90.71,103.68,122.66,102.6,126.3,136.82,158.25,140.68
1177,83,Front/Back,92.48,102.01,122.78,102.94,127.95,134.81,158.25,135.63
1177,84,Front/Back,92.93,102.31,123.23,103.24,125.84,134.81,156.14,135.38
1177,85,Front/Back,92.03,99.92,123.98,98.9,128.3,132.94,160.25,135.38
1177,86,Front/Back,93.06,99.51,125.01,100.26,124.19,134.0,156.14,138.22
1177,87,Front/Back,95.33,100.31,125.63,101.06,125.84,134.0,154.08,138.02
1177,88,Front/Back,95.12,100.47,127.07,102.9,124.19,132.32,154.08,138.02
1177,89,Front/Back,97.59,101.02,127.89,105.06,125.84,130.72,154.08,140.38
1177,90,Front/Back,98.68,106.76,127.25,103.81,125.64,137.7,152.14,140.22
1177,91,Front/Back,98.93,109.72,129.23,104.77,125.84,143.17,144.25,139.15
1177,92,Front/Back,100.02,104.56,130.32,109.71,125.84,132.63,144.25,143.56
1177,93,Front/Back,101.16,109.21,131.46,105.83,125.84,146.06,154.08,146.05
1177,94,Front/Back,102.38,114.38,132.67,108.99,127.95,143.88,146.36,144.2
1177,95,Front/Back,103.65,122.52,133.95,125.43,127.95,131.27,158.25,143.14
1177,96,Front/Back,106.4,126.9,136.7,127.48,125.84,129.97,156.14,143.16
1177,97,Front/Back,106.24,130.12,138.19,130.71,122.54,129.97,154.49,140.25
1177,98,Front/Back,106.36,128.66,138.33,130.25,122.53,134.17,154.49,138.98
1177,99,Front/Back,108.0,130.27,139.96,133.23,122.53,132.32,154.49,135.5
1177,100,Front/Back,109.96,132.89,143.5,137.46,120.95,134.17,154.49,138.96
1177,101,Front/Back,110.47,139.36,144.01,143.94,122.91,134.88,156.44,137.65
1177,102,Front/Back,113.95,123.45,147.49,133.5,123.25,134.17,145.4,146.06
1177,103,Front/Back,116.15,126.82,149.69,136.87,123.25,134.17,145.4,135.04
1177,104,Front/Back,119.66,135.12,154.7,146.71,121.41,129.18,145.06,131.59
1177,105,Front/Back,122.59,144.92,157.64,156.51,119.76,129.18,154.81,131.65
1177,106,Front/Back,128.66,146.5,165.18,153.75,118.66,127.92,155.17,126.99
1177,107,Front/Back,142.08,144.96,180.0,153.28,119.25,126.38,157.17,126.99
1177,108,Front/Back,144.96,146.5,180.0,153.28,118.64,127.92,153.68,126.99
1177,109,Front/Back,144.96,148.11,180.0,156.51,120.52,140.73,155.56,133.18
1177,110,Front/Back,144.96,148.11,180.0,156.51,120.52,139.76,155.56,132.15
1177,111,Front/Back,144.96,149.79,180.0,160.19,130.14,141.44,142.05,130.6
1177,112,Front/Back,144.96,151.56,180.0,160.39,133.72,143.21,148.87,132.15
1177,113,Front/Back,146.47,153.44,180.0,160.13,140.7,145.09,151.1,133.76
1177,114,Front/Back,148.05,155.45,180.0,156.06,142.28,146.3,151.1,132.95
1177,115,Front/Back,149.7,157.57,180.0,156.06,143.93,157.57,151.1,142.09
1177,116,Front/Back,149.7,155.4,180.0,156.06,149.7,155.4,156.87,142.09
1177,117,Front/Back,149.7,155.4,180.0,156.06,149.7,155.4,160.47,143.78
1177,118,Front/Back,149.7,155.4,180.0,156.01,149.7,155.4,160.12,143.83
1177,119,Front/Back,151.44,155.4,180.0,156.01,151.44,155.4,160.47,143.83
1177,120,Front/Back,151.44,155.4,180.0,156.01,151.44,155.4,160.12,143.83
1177,121,Front/Back,149.7,155.4,180.0,156.01,149.7,155.4,160.12,145.57
1177,122,Front/Back,149.7,155.4,180.0,156.01,149.7,155.4,160.12,145.57
1177,123,Front/Back,149.7,155.4,180.0,156.01,149.7,155.4,163.65,143.83
1177,124,Front/Back,149.7,155.4,180.0,156.01,149.7,155.4,163.42,145.51
1177,125,Front/Back,151.44,155.4,180.0,156.01,151.44,155.4,163.28,151.43
1177,126,Front/Back,151.44,155.4,180.0,156.01,151.44,155.4,180.0,151.32
1177,127,Front/Back,151.44,153.37,180.0,156.01,151.44,153.37,180.0,151.32
1178,1,Front/Back,139.12,150.43,179.99,173.73,139.12,150.43,160.72,170.72
1178,2,Front/Back,125.53,149.26,156.39,173.73,140.09,149.26,160.72,170.72
1178,3,Front/Back,118.57,154.62,148.44,173.73,141.08,143.58,160.72,159.68
1178,4,Front/Back,118.2,154.39,141.55,173.73,147.6,148.68,160.72,165.0
1178,5,Front/Back,116.7,154.62,138.92,173.73,148.73,154.62,160.72,170.72
1178,6,Front/Back,116.45,136.73,134.84,166.76,152.56,149.95,160.72,170.72
1178,7,Front/Back,110.4,130.17,132.62,150.67,148.73,153.23,160.72,161.62
1178,8,Front/Back,108.18,123.36,130.38,143.59,148.75,153.49,160.72,163.42
1178,9,Front/Back,117.18,116.87,120.77,142.75,148.75,154.11,180.0,161.61
1178,10,Front/Back,117.41,116.3,120.96,141.83,148.79,154.45,180.0,163.43
1178,11,Front/Back,114.56,116.81,121.57,141.97,145.33,143.67,172.45,152.27
1178,12,Front/Back,117.76,114.35,122.5,144.82,147.6,149.52,180.0,167.84
1178,13,Front/Back,134.93,113.0,133.31,146.5,137.87,146.49,163.91,175.62
1178,14,Front/Back,142.99,110.9,138.34,139.12,137.96,146.94,160.97,175.18
1178,15,Front/Back,132.91,114.87,137.71,143.6,147.54,140.85,180.0,169.59
1178,16,Front/Back,139.29,116.35,144.07,143.6,147.56,139.18,180.0,166.44
1178,17,Front/Back,131.6,108.41,136.38,137.14,147.56,137.7,180.0,166.44
1178,18,Front/Back,128.07,111.12,135.08,143.31,145.33,146.21,180.0,178.42
1178,19,Front/Back,134.65,107.88,131.56,136.93,125.65,150.94,150.23,180.0
1178,20,Front/Back,128.4,109.93,126.57,134.68,129.27,155.23,155.1,172.12
1178,21,Front/Back,127.0,133.6,126.57,133.59,152.77,155.97,172.16,155.97
1178,22,Front/Back,128.34,133.88,127.98,133.86,152.69,155.98,172.22,155.97
1178,23,Front/Back,118.24,136.05,144.2,136.04,154.03,155.97,168.95,155.97
1178,24,Front/Back,120.33,139.14,146.22,139.12,154.09,153.52,168.91,153.52
1178,25,Front/Back,118.35,143.54,145.75,143.53,152.59,157.28,179.99,157.28
1178,26,Front/Back,128.46,132.85,147.97,132.84,150.34,152.1,169.86,152.09
1178,27,Front/Back,129.28,158.7,150.59,158.68,158.67,155.64,179.99,155.63
1178,28,Front/Back,132.4,162.51,153.7,162.49,157.13,160.15,178.44,160.14
1178,29,Front/Back,167.99,167.56,179.98,167.55,166.45,165.99,178.44,165.98
1178,30,Front/Back,179.98,179.98,179.98,179.97,179.98,179.98,179.99,179.99
1179,1,Side,136.17,160.81,159.61,100.28,167.9,163.79,155.64,170.64
1179,2,Side,135.58,160.99,155.8,100.29,170.27,165.38,155.47,173.52
1179,3,Side,134.44,163.53,154.65,100.29,170.27,167.74,157.61,170.96
1179,4,Side,136.85,162.24,156.1,100.29,173.78,167.85,154.75,175.25
1179,5,Side,136.58,161.54,156.1,100.28,173.5,168.65,154.75,179.46
1179,6,Side,136.29,161.72,156.1,100.27,173.22,170.14,156.58,177.84
1179,7,Side,128.15,159.94,156.73,100.26,170.53,168.31,156.46,175.1
1179,8,Side,120.35,156.44,151.9,100.24,169.8,167.85,152.47,165.53
1179,9,Side,111.65,155.54,145.72,100.22,168.61,168.36,151.71,161.43
1179,10,Side,104.22,154.04,141.26,100.19,167.88,168.26,147.81,155.89
1179,11,Side,97.67,153.21,137.09,100.17,167.17,170.75,148.82,149.06
1179,12,Side,93.69,153.4,133.06,100.14,170.72,172.31,146.33,146.33
1179,13,Side,87.94,153.59,128.45,100.1,169.95,172.78,149.47,146.21
1179,14,Side,87.18,153.78,127.14,100.07,173.84,174.89,147.06,143.33
1179,15,Side,86.37,153.97,124.82,100.02,174.29,176.48,150.17,140.64
1179,16,Side,85.06,154.16,122.93,99.98,177.73,178.68,150.29,137.75
1179,17,Side,77.52,151.29,117.53,102.45,178.25,177.49,149.92,138.01
1179,18,Side,70.61,152.48,107.89,102.4,178.25,180.0,151.37,136.49
1179,19,Side,66.45,153.84,101.31,102.19,177.58,178.99,149.63,137.19
1179,20,Side,62.2,154.03,96.34,102.14,176.86,177.51,152.56,134.6
1179,21,Side,60.5,154.22,91.1,102.09,179.47,176.75,165.76,132.33
1179,22,Side,55.15,155.14,83.91,101.91,177.39,176.14,162.88,133.44
1179,23,Side,53.46,152.52,81.32,106.4,171.74,174.42,155.79,138.35
1179,24,Side,49.28,156.77,75.77,103.74,170.38,173.62,154.28,139.87
1179,25,Side,43.29,156.01,68.01,105.8,170.34,172.45,157.45,142.27
1179,26,Side,39.35,158.79,67.21,105.55,175.18,169.39,157.73,144.05
1179,27,Side,40.99,158.95,68.39,105.51,174.73,171.45,153.28,147.15
1179,28,Side,42.5,159.54,70.36,105.68,175.69,170.81,153.71,146.95
1179,29,Side,42.95,159.6,70.36,105.44,175.72,171.73,152.52,147.34
1179,30,Side,45.0,160.17,72.41,105.59,175.72,172.52,152.39,149.87
1179,31,Side,47.12,163.73,74.53,103.3,177.58,171.37,157.55,149.67
1179,32,Side,49.7,153.11,75.77,108.78,176.69,176.63,156.41,148.27
1179,33,Side,52.42,152.97,78.99,109.03,176.74,176.63,154.38,148.51
1179,34,Side,58.18,158.22,81.72,105.05,177.97,175.48,155.87,147.16
1179,35,Side,60.91,156.84,84.08,104.59,176.73,177.43,155.39,145.52
1179,36,Side,61.84,154.18,81.24,106.19,174.01,178.03,160.48,144.94
1179,37,Side,72.58,152.99,96.01,106.33,175.92,177.87,158.5,149.52
1179,38,Side,80.66,154.96,105.1,106.46,177.88,178.07,159.44,147.46
1179,39,Side,90.64,157.37,113.75,104.55,176.73,178.62,156.61,148.4
1179,40,Side,98.54,158.89,121.65,104.62,176.73,176.54,153.61,149.38
1179,41,Side,108.03,164.37,136.71,101.53,176.42,173.61,152.13,148.74
1179,42,Side,114.72,171.87,142.7,107.61,177.66,170.12,153.87,151.89
1179,43,Side,119.93,178.25,146.89,117.27,177.1,169.48,152.82,156.84
1179,44,Side,126.16,174.91,152.08,125.18,177.89,169.63,155.95,164.29
1179,45,Side,134.88,168.2,161.57,131.67,176.19,167.25,154.79,166.18
1179,46,Side,142.83,160.23,167.39,138.68,174.7,165.28,157.57,172.62
1179,47,Side,144.98,150.98,169.73,145.57,179.29,162.03,163.43,180.0
1179,48,Side,139.64,146.36,165.69,141.23,176.39,165.13,166.45,174.37
1179,49,Side,144.13,139.6,170.6,140.45,172.79,164.17,162.96,169.45
1180,1,Side,157.54,149.62,168.5,153.2,161.85,167.41,171.32,169.97
1180,2,Side,147.22,150.97,161.94,153.99,157.8,167.15,172.11,171.33
1180,3,Side,143.53,141.38,157.21,145.31,157.76,169.71,171.16,170.86
1180,4,Side,140.73,138.8,155.0,141.53,157.12,170.09,171.67,172.13
1180,5,Side,136.24,150.75,150.08,149.35,155.9,168.13,172.13,170.67
1180,6,Side,133.94,154.83,148.23,150.34,155.09,166.26,174.86,172.74
1180,7,Side,131.59,155.48,144.17,151.06,155.73,166.7,174.3,173.37
1180,8,Side,127.54,158.52,138.65,152.59,155.1,165.85,175.11,173.36
1180,9,Side,124.42,159.29,134.66,152.65,154.57,165.74,176.23,172.76
1180,10,Side,122.01,159.15,129.29,150.07,156.54,165.03,175.84,173.74
1180,11,Side,118.24,160.14,126.58,150.99,157.49,166.17,175.17,172.79
1180,12,Side,113.72,160.94,121.43,151.07,157.51,166.68,175.24,170.31
1180,13,Side,111.7,160.65,118.21,148.24,161.31,166.51,167.51,169.77
1180,14,Side,105.62,162.56,114.61,150.96,155.17,166.95,173.81,167.55
1180,15,Side,103.08,160.99,113.55,148.67,156.36,166.23,172.51,168.23
1180,16,Side,99.86,162.54,110.56,147.34,157.99,165.83,169.51,166.93
1180,17,Side,96.87,164.6,106.89,148.54,157.49,165.69,169.48,167.05
1180,18,Side,94.12,165.48,104.4,148.54,158.42,164.78,168.6,169.4
1180,19,Side,89.26,170.28,99.71,147.38,157.39,164.98,163.36,166.84
1180,20,Side,86.71,169.58,96.31,143.11,157.68,163.31,162.66,168.74
1180,21,Side,87.33,169.77,97.16,142.89,156.2,164.58,163.9,168.37
1180,22,Side,82.72,165.27,90.3,135.71,156.77,165.12,165.82,167.09
1180,23,Side,76.46,156.91,83.67,128.09,160.32,167.82,164.91,166.56
1180,24,Side,72.33,146.11,80.21,116.28,160.89,170.94,164.48,160.5
1180,25,Side,69.19,96.8,77.93,69.0,160.66,175.21,163.28,157.17
1180,26,Side,66.48,89.63,78.11,58.94,158.42,176.43,163.17,156.83
1180,27,Side,64.06,72.66,75.92,40.69,160.64,175.95,159.65,155.87
1180,28,Side,61.33,64.5,72.5,30.36,163.85,176.81,154.02,154.31
1180,29,Side,59.16,56.51,70.33,22.56,166.1,177.68,153.61,155.58
1180,30,Side,54.13,48.14,66.86,12.8,163.26,174.16,154.54,157.7
1180,31,Side,51.54,46.24,63.37,9.06,166.32,171.2,150.3,159.47
1180,32,Side,51.77,51.71,60.91,13.72,171.1,172.15,150.82,161.03
1180,33,Side,48.29,45.66,59.45,7.27,166.98,173.09,154.71,163.27
1180,34,Side,46.48,38.0,57.42,3.78,167.98,173.52,156.06,164.17
1180,35,Side,45.66,40.89,55.94,5.85,168.73,174.92,159.0,164.57
1180,36,Side,44.05,39.02,53.45,4.98,170.32,179.68,163.03,164.14
1180,37,Side,41.51,40.56,51.54,5.87,170.11,178.04,164.48,163.99
1180,38,Side,39.77,46.01,49.31,6.91,170.9,177.39,164.79,165.45
1180,39,Side,38.27,44.86,46.91,6.71,172.48,174.68,169.01,162.43
1180,40,Side,36.94,43.06,46.84,5.1,172.89,172.32,165.12,160.43
1180,41,Side,36.7,41.51,49.07,4.27,171.61,171.23,163.15,159.45
1180,42,Side,37.32,40.82,49.89,4.99,171.4,170.54,164.02,159.42
1180,43,Side,37.5,41.78,50.74,4.38,170.49,174.24,165.22,162.74
1180,44,Side,39.02,41.76,51.59,5.06,170.81,172.92,164.64,162.12
1180,45,Side,39.77,41.13,53.01,5.53,169.41,174.24,166.21,163.76
1180,46,Side,40.78,41.64,53.36,7.03,170.06,173.83,166.21,163.53
1180,47,Side,42.35,42.81,54.27,7.05,171.9,178.25,164.83,165.51
1180,48,Side,43.28,44.2,55.19,8.41,171.27,178.89,166.64,166.16
1180,49,Side,43.27,47.42,60.83,9.41,170.84,178.03,167.2,168.04
1180,50,Side,42.39,48.37,60.4,10.36,170.31,178.03,167.29,167.01
1180,51,Side,44.57,49.38,60.46,10.12,170.87,177.19,168.48,168.88
1180,52,Side,48.37,49.76,60.5,11.19,173.06,178.52,166.38,165.09
1180,53,Side,49.28,49.7,61.67,9.81,172.79,177.01,164.43,165.92
1180,54,Side,52.55,50.08,59.98,11.31,173.4,176.19,163.46,165.71
1180,55,Side,52.73,51.4,59.66,12.62,172.02,176.02,164.3,163.84
1180,56,Side,53.81,52.81,64.59,14.04,172.21,175.39,162.42,163.51
1180,57,Side,55.64,53.65,65.73,14.89,172.1,175.91,165.39,162.69
1180,58,Side,57.58,54.92,69.1,16.6,170.81,174.75,169.91,163.57
1180,59,Side,59.16,56.13,69.25,18.5,170.17,175.31,170.69,163.71
1180,60,Side,60.7,54.83,67.27,20.33,171.02,175.26,169.82,163.53
1180,61,Side,62.57,57.72,70.69,25.03,170.21,177.22,169.85,163.32
1180,62,Side,66.54,60.45,75.41,28.44,170.06,175.37,169.76,165.24
1180,63,Side,68.46,62.76,77.89,31.87,170.88,174.72,168.13,167.58
1180,64,Side,71.53,69.94,83.22,38.86,169.99,172.66,166.62,170.5
1180,65,Side,75.54,70.35,85.8,41.93,170.75,172.3,166.51,172.7
1180,66,Side,75.25,83.48,85.97,54.7,170.24,171.04,164.99,173.98
1180,67,Side,78.55,89.12,88.57,61.22,169.73,171.24,166.38,174.66
1180,68,Side,81.23,111.29,92.54,83.01,169.27,171.19,164.95,173.77
1180,69,Side,84.59,111.36,95.08,86.19,168.92,174.3,166.98,172.83
1180,70,Side,81.62,114.21,94.86,91.36,162.67,173.52,171.16,173.45
1180,71,Side,84.25,130.98,98.13,109.32,161.46,175.2,171.74,171.95
1180,72,Side,89.25,134.28,102.5,112.86,162.35,174.83,173.8,172.61
1180,73,Side,92.27,147.93,104.88,128.09,162.48,174.48,174.31,172.22
1180,74,Side,95.36,163.44,107.21,142.13,163.17,173.0,173.48,172.3
1180,75,Side,98.28,171.57,109.49,150.26,163.88,172.38,174.31,172.85
1180,76,Side,101.14,172.65,111.71,154.13,165.09,173.79,172.84,172.85
1180,77,Side,102.96,178.48,114.74,159.82,164.75,173.85,173.48,174.4
1180,78,Side,105.84,174.38,116.29,156.29,168.32,174.38,170.93,174.43
1180,79,Side,107.0,159.99,120.96,140.75,165.67,174.65,170.73,175.04
1180,80,Side,108.09,171.87,121.95,156.99,165.82,175.29,171.66,175.05
1180,81,Side,109.24,155.08,128.17,139.9,163.86,176.46,173.87,174.72
1180,82,Side,111.29,159.91,132.16,146.08,162.36,176.46,173.96,173.79
1180,83,Side,112.41,157.98,133.16,146.41,162.55,176.55,174.29,174.04
1180,84,Side,113.75,166.33,135.11,154.93,161.45,175.83,171.53,171.64
1180,85,Side,115.61,167.84,136.98,157.76,161.45,175.24,173.04,172.23
1180,86,Side,117.91,165.65,138.56,157.66,162.8,175.91,170.09,170.39
1180,87,Side,119.61,164.93,140.15,158.96,162.27,176.63,170.44,170.39
1180,88,Side,122.56,165.58,142.6,160.95,162.77,176.08,170.15,170.69
1180,89,Side,124.25,158.4,144.19,157.07,162.22,176.88,170.49,172.77
1180,90,Side,125.03,161.67,144.73,159.68,161.75,177.41,170.33,169.46
1180,91,Side,128.08,159.88,148.46,159.83,162.35,177.47,170.99,169.88
1180,92,Side,129.71,160.56,150.09,161.77,162.35,176.2,169.65,172.4
1180,93,Side,131.82,159.88,151.26,163.04,161.7,177.46,169.85,170.93
1180,94,Side,133.38,160.51,152.81,164.94,161.14,177.46,170.03,169.86
1180,95,Side,135.25,152.96,156.9,160.43,161.13,179.45,169.75,167.79
1180,96,Side,138.27,151.61,159.11,161.61,160.98,179.25,170.42,167.55
1180,97,Side,137.75,154.39,159.11,164.35,160.47,178.29,168.96,168.73
1180,98,Side,139.31,160.02,160.68,169.88,159.79,176.42,169.64,169.04
1180,99,Side,139.4,160.11,161.27,170.28,158.59,175.16,169.9,168.65
1181,1,Side,158.4,161.8,164.86,164.75,179.77,169.48,172.21,174.78
1181,2,Side,157.46,157.8,164.42,159.99,178.9,170.02,170.67,175.6
1181,3,Side,156.48,157.23,163.96,159.42,178.34,167.49,170.26,176.78
1181,4,Side,154.48,158.87,162.28,165.89,177.01,168.59,168.75,177.27
1181,5,Side,154.48,155.67,163.64,163.22,176.07,169.0,167.33,176.17
1181,6,Side,143.29,154.28,153.21,161.83,174.03,171.88,166.69,178.56
1181,7,Side,139.83,150.33,150.26,157.43,173.52,169.13,167.33,175.64
1181,8,Side,140.26,145.53,150.42,151.99,176.92,169.64,175.06,177.19
1181,9,Side,141.6,142.58,146.38,150.11,172.22,169.84,177.36,176.13
1181,10,Side,139.7,138.9,144.48,145.96,171.49,170.26,175.8,175.81
1181,11,Side,136.58,130.98,140.16,133.26,173.96,172.31,179.13,179.69
1181,12,Side,132.94,126.03,138.53,126.57,173.93,167.67,179.02,172.98
1181,13,Side,128.94,122.72,134.46,122.08,173.08,166.91,179.52,176.92
1181,14,Side,119.12,119.36,128.95,117.55,176.52,165.95,174.29,171.09
1181,15,Side,113.36,117.32,122.03,114.25,176.48,165.54,174.21,171.77
1181,16,Side,106.35,111.81,114.38,108.73,177.92,164.51,177.71,170.18
1181,17,Side,100.15,106.41,107.59,100.79,176.4,163.72,176.59,167.91
1181,18,Side,96.78,102.2,103.75,94.77,177.9,162.1,177.55,167.11
1181,19,Side,91.31,105.68,97.2,94.4,177.84,159.66,176.63,166.33
1181,20,Side,85.59,97.91,90.8,84.82,177.27,158.02,178.45,164.4
1181,21,Side,79.37,92.02,82.09,78.28,178.28,155.99,179.37,160.75
1181,22,Side,79.6,85.52,77.07,71.57,179.64,156.21,178.82,162.02
1181,23,Side,78.06,78.09,70.05,62.92,169.68,155.28,172.12,159.96
1181,24,Side,69.23,73.03,64.06,59.08,177.37,156.72,179.64,159.1
1181,25,Side,64.65,66.37,57.53,52.5,177.36,155.7,177.36,158.01
1181,26,Side,56.77,64.58,46.01,51.87,173.63,154.68,177.27,157.15
1181,27,Side,55.94,58.86,47.6,44.84,175.22,153.17,176.25,156.68
1181,28,Side,51.47,50.41,43.66,42.78,176.58,171.11,179.48,169.51
1181,29,Side,48.68,46.8,39.65,39.14,175.48,170.77,178.37,169.1
1181,30,Side,44.71,44.15,36.91,36.45,175.35,172.03,174.76,171.56
1181,31,Side,42.52,37.36,34.68,34.17,174.93,174.42,173.34,173.72
1181,32,Side,41.28,35.81,35.43,32.93,175.6,175.09,172.48,176.48
1181,33,Side,40.6,35.15,34.59,32.07,175.43,177.02,172.47,178.91
1181,34,Side,45.98,36.38,31.29,35.65,162.49,175.68,164.19,177.74
1181,35,Side,45.98,36.38,31.54,35.65,162.25,174.57,163.99,176.63
1181,36,Side,46.48,35.53,31.29,36.11,161.45,175.04,162.65,176.81
1181,37,Side,46.44,30.03,32.85,29.68,162.63,174.32,164.83,178.24
1181,38,Side,47.12,38.08,33.53,32.1,163.43,157.38,166.64,166.68
1181,39,Side,48.59,40.18,34.96,33.46,163.38,157.87,168.49,166.52
1181,40,Side,53.41,45.76,37.35,37.92,161.55,157.11,169.08,162.18
1181,41,Side,54.78,48.52,39.4,40.64,162.2,157.43,168.29,162.54
1181,42,Side,61.03,57.85,46.48,47.35,162.2,162.11,168.29,169.23
1181,43,Side,64.52,54.01,50.03,48.48,161.49,179.44,168.49,179.6
1181,44,Side,62.92,48.95,55.38,48.68,177.25,179.88,178.78,178.99
1181,45,Side,67.09,60.09,59.55,54.59,178.47,179.61,178.29,178.3
1181,46,Side,76.24,54.18,64.16,54.87,162.01,179.44,169.07,172.4
1181,47,Side,77.38,68.85,70.36,64.58,179.76,179.18,177.07,172.15
1181,48,Side,84.08,62.56,77.08,64.86,177.89,176.59,178.88,169.15
1181,49,Side,91.46,70.12,83.99,71.05,177.42,175.38,179.82,166.96
1181,50,Side,98.08,75.61,91.27,78.62,179.05,173.32,177.36,169.53
1181,51,Side,91.24,82.26,85.97,86.35,178.41,172.26,176.21,168.34
1181,52,Side,97.92,87.75,92.66,91.47,177.31,173.87,173.42,169.69
1181,53,Side,102.8,96.39,97.53,101.19,177.35,173.96,173.47,167.8
1181,54,Side,108.55,100.69,103.87,105.49,175.87,175.1,171.64,170.7
1181,55,Side,114.31,107.71,109.63,109.96,174.95,176.77,169.88,172.98
1181,56,Side,118.31,113.2,112.56,116.57,172.27,176.7,166.22,172.43
1181,57,Side,125.58,116.9,120.83,120.71,174.06,178.75,167.48,178.28
1181,58,Side,130.39,121.61,127.41,128.19,173.79,178.54,167.68,179.1
1181,59,Side,136.27,125.86,134.13,134.12,175.52,176.75,168.19,177.89
1181,60,Side,139.68,129.49,139.36,139.35,175.11,174.13,168.25,175.79
1181,61,Side,141.26,130.84,142.7,141.88,174.75,174.77,168.28,176.45
1181,62,Side,143.86,134.38,146.11,145.07,176.35,175.05,169.3,176.45
1181,63,Side,143.97,137.25,147.93,148.56,177.76,175.34,172.1,176.45
1181,64,Side,146.29,140.09,152.74,152.11,177.76,174.82,172.12,175.06
1181,65,Side,147.97,142.05,152.31,154.71,176.72,175.16,175.63,174.28
1182,1,Side,141.13,150.57,157.95,165.64,173.7,177.9,78.11,39.16
1182,2,Side,139.53,149.98,156.49,165.41,174.11,177.9,77.33,34.52
1182,3,Side,137.43,149.93,155.01,162.59,174.74,178.4,78.36,32.09
1182,4,Side,134.73,149.21,152.87,159.88,175.44,178.35,75.5,11.85
1182,5,Side,131.8,149.42,149.08,159.18,175.87,179.02,75.39,6.07
1182,6,Side,128.91,149.98,146.62,157.23,176.65,179.52,74.66,4.17
1182,7,Side,125.26,149.83,142.13,155.63,177.08,179.99,75.52,15.6
1182,8,Side,120.78,148.93,136.65,153.69,177.5,179.93,76.3,20.36
1182,9,Side,117.86,148.19,133.01,151.6,178.03,177.58,77.05,57.34
1182,10,Side,111.6,135.77,125.05,140.76,179.64,174.54,81.75,85.97
1182,11,Side,108.47,135.42,123.04,139.86,179.5,174.99,82.72,85.18
1182,12,Side,105.48,131.76,118.01,134.83,178.82,174.88,81.92,89.12
1182,13,Side,101.22,129.07,112.27,133.35,179.17,174.73,79.94,67.89
1182,14,Side,97.34,126.83,108.81,130.6,179.63,175.13,81.56,68.68
1182,15,Side,94.07,123.05,105.66,125.4,179.08,175.21,81.53,76.68
1182,16,Side,91.23,118.03,102.4,118.3,177.99,178.85,80.8,63.83
1182,17,Side,86.56,113.53,96.36,113.75,177.82,177.79,82.05,92.16
1182,18,Side,83.06,107.43,92.98,107.65,178.95,177.69,81.63,101.04
1182,19,Side,78.47,101.24,88.4,100.84,178.12,179.78,82.13,108.51
1182,20,Side,74.55,93.92,85.03,92.2,178.65,179.62,82.75,116.38
1182,21,Side,71.75,86.83,81.67,83.72,177.01,179.46,81.48,125.73
1182,22,Side,65.95,79.95,76.18,76.95,178.17,178.53,83.14,127.87
1182,23,Side,62.73,71.85,75.14,67.03,177.01,178.93,83.83,135.21
1182,24,Side,59.12,64.92,70.87,57.65,175.36,179.36,83.54,127.09
1182,25,Side,56.56,65.13,68.2,56.32,174.23,179.03,82.52,121.35
1182,26,Side,52.92,58.31,65.27,50.83,173.34,177.65,83.1,113.86
1182,27,Side,49.49,52.0,61.94,45.61,172.74,174.79,79.51,109.95
1182,28,Side,46.77,48.75,59.32,43.15,173.05,177.96,79.65,88.7
1182,29,Side,45.06,47.4,58.06,42.36,172.87,177.4,80.45,88.7
1182,30,Side,43.77,45.3,56.39,41.14,171.97,178.45,79.94,82.96
1182,31,Side,38.99,41.12,53.81,39.67,173.73,177.71,80.86,75.93
1182,32,Side,40.87,42.79,56.15,41.34,175.1,178.32,81.76,82.87
1182,33,Side,42.18,43.1,56.21,41.11,175.35,178.86,84.16,89.22
1182,34,Side,38.7,43.1,53.23,41.02,174.69,177.53,84.24,116.54
1182,35,Side,42.41,45.12,58.24,41.26,176.66,177.25,85.49,103.41
1182,36,Side,44.78,46.34,59.74,40.77,177.12,177.53,85.49,103.28
1182,37,Side,46.03,50.43,61.44,42.79,177.57,177.13,85.38,103.41
1182,38,Side,48.43,54.16,62.41,45.21,177.46,177.59,86.07,81.25
1182,39,Side,47.94,55.78,61.22,50.01,178.09,175.93,85.95,93.16
1182,40,Side,49.8,60.06,62.96,52.96,177.98,176.18,85.95,84.82
1182,41,Side,52.05,63.06,63.89,55.64,178.16,173.45,86.02,65.7
1182,42,Side,55.91,67.07,67.22,60.12,177.64,172.13,85.45,60.74
1182,43,Side,61.83,71.06,69.87,64.14,175.88,171.26,84.24,55.97
1182,44,Side,65.17,75.35,73.21,68.9,175.88,170.79,84.24,54.39
1182,45,Side,68.08,79.72,74.16,73.3,176.14,169.92,83.81,49.61
1182,46,Side,71.93,84.64,77.47,77.04,176.06,171.72,82.14,49.5
1182,47,Side,74.44,85.67,79.91,77.8,175.6,168.76,79.59,45.0
1182,48,Side,77.89,90.81,83.72,82.06,177.14,172.65,79.44,49.92
1182,49,Side,81.84,95.11,88.3,86.32,177.29,174.25,81.03,45.0
1182,50,Side,84.84,101.77,93.16,95.87,177.83,173.9,80.29,46.97
1182,51,Side,88.28,103.1,96.55,94.17,177.83,176.12,80.29,51.3
1182,52,Side,90.98,105.64,98.98,96.74,178.18,176.69,80.15,46.01
1182,53,Side,94.03,110.83,103.22,106.26,178.54,176.11,80.03,37.87
1182,54,Side,94.97,112.06,104.38,108.85,178.05,177.5,80.43,8.33
1182,55,Side,98.22,114.5,107.04,111.32,178.64,177.47,79.71,8.33
1182,56,Side,100.6,115.82,111.12,113.2,177.82,177.63,79.51,16.31
1182,57,Side,103.4,118.07,113.84,116.77,177.26,177.54,80.16,19.1
1182,58,Side,105.77,121.29,116.03,120.01,177.65,177.38,79.97,23.63
1182,59,Side,109.25,124.55,120.69,123.98,177.56,178.18,78.87,130.0
1182,60,Side,110.98,125.55,122.77,127.27,176.82,176.61,77.85,174.43
1182,61,Side,115.51,127.52,128.47,129.09,176.1,176.81,77.32,174.56
1182,62,Side,116.59,128.33,131.53,133.21,173.51,174.02,77.9,127.57
1182,63,Side,119.58,129.45,136.76,136.07,174.97,176.46,75.58,35.48
1182,64,Side,122.96,131.82,142.95,139.7,174.89,176.45,74.88,43.17
1182,65,Side,123.47,131.33,145.19,140.94,174.6,176.02,73.42,43.12
1182,66,Side,126.46,134.17,149.07,146.7,176.02,170.1,71.76,170.1
1182,67,Side,128.96,135.33,154.29,149.54,174.97,173.89,71.2,109.67
1182,68,Side,131.32,136.94,158.02,152.35,174.81,174.75,69.24,94.76
1182,69,Side,131.96,139.99,160.02,156.94,175.4,175.6,67.22,93.92
1182,70,Side,135.58,142.85,164.52,160.99,176.52,177.16,65.38,92.35
1183,1,Side,172.68,176.97,168.69,176.72,158.13,156.03,146.6,148.68
1183,2,Side,172.68,175.7,168.69,173.99,156.92,154.27,151.04,149.05
1183,3,Side,170.26,176.04,167.47,173.66,157.41,154.27,147.94,149.05
1183,4,Side,169.8,178.92,167.01,167.68,157.41,150.37,148.43,145.65
1183,5,Side,167.15,178.43,160.99,167.85,157.41,150.37,146.71,146.29
1183,6,Side,161.32,177.9,156.65,167.36,158.14,149.35,146.45,148.64
1183,7,Side,166.53,178.58,160.16,160.42,158.77,149.09,150.68,148.64
1183,8,Side,165.56,178.58,154.44,160.05,157.57,149.09,144.04,148.1
1183,9,Side,164.8,179.14,153.58,160.05,158.17,149.18,144.73,148.17
1183,10,Side,163.96,178.34,152.65,159.25,158.71,149.18,144.46,147.53
1183,11,Side,160.22,178.96,145.42,159.25,158.71,150.5,144.46,152.71
1183,12,Side,156.39,180.0,140.79,160.3,157.97,152.47,145.56,157.7
1183,13,Side,151.55,178.96,135.95,158.84,157.28,151.94,151.07,157.81
1183,14,Side,145.0,164.77,130.09,148.43,156.53,157.29,148.73,160.16
1183,15,Side,138.01,152.59,124.38,133.67,161.34,156.5,153.47,162.02
1183,16,Side,135.37,144.46,117.34,125.54,160.65,158.77,151.21,164.42
1183,17,Side,125.02,126.96,100.6,97.25,155.25,162.63,148.71,166.59
1183,18,Side,104.1,103.62,79.81,70.69,155.38,164.97,150.55,168.93
1183,19,Side,85.17,82.28,60.88,41.82,155.38,162.95,152.42,169.26
1183,20,Side,76.33,65.72,50.53,22.27,155.25,165.05,154.49,171.36
1183,21,Side,62.65,65.37,31.53,19.39,154.48,164.64,157.13,173.3
1183,22,Side,43.74,58.24,22.64,10.3,154.65,164.64,157.01,175.59
1183,23,Side,39.86,53.58,18.76,5.4,154.65,166.57,157.01,175.59
1183,24,Side,35.86,41.44,19.65,3.96,160.48,169.27,163.4,175.51
1183,25,Side,32.8,38.39,16.59,9.22,160.48,169.47,163.4,175.51
1183,26,Side,28.14,33.35,10.49,9.46,159.04,171.09,163.4,173.3
1183,27,Side,27.0,35.1,10.49,7.13,167.21,169.27,172.41,173.22
1183,28,Side,29.16,43.95,12.65,2.56,167.21,167.54,170.11,168.65
1183,29,Side,35.43,45.85,22.38,6.55,170.41,167.73,172.15,167.99
1183,30,Side,41.6,41.4,28.5,1.22,167.32,162.72,166.91,163.29
1183,31,Side,36.29,40.18,24.08,4.73,168.54,165.16,168.01,165.3
1183,32,Side,48.01,51.1,37.39,16.62,170.13,165.96,165.9,165.56
1183,33,Side,69.99,69.98,57.58,38.45,167.32,163.15,164.88,161.11
1183,34,Side,100.03,100.01,85.72,68.2,165.82,162.87,163.17,161.57
1183,35,Side,127.64,136.16,113.07,103.74,166.27,159.92,163.64,157.54
1183,36,Side,149.39,145.72,133.21,121.01,163.82,168.25,159.78,166.14
1183,37,Side,154.2,152.88,143.13,133.49,163.96,170.41,157.41,165.9
1183,38,Side,157.25,173.5,146.73,157.94,164.09,164.45,157.41,160.61
1183,39,Side,164.54,176.9,156.41,166.42,157.59,162.96,151.86,157.07
1183,40,Side,172.87,171.87,172.05,155.34,157.71,163.79,151.86,154.44
1183,41,Side,173.91,174.57,173.32,162.09,154.75,163.01,146.62,149.08
1183,42,Side,173.8,175.05,173.32,162.57,157.28,162.67,146.94,151.32
1183,43,Side,172.68,170.66,172.5,160.07,161.39,164.56,147.85,151.32
1183,44,Side,173.69,166.48,173.08,158.04,158.16,163.79,142.13,147.09
1183,45,Side,172.5,166.43,172.27,158.04,157.75,163.85,136.36,147.09
1183,46,Side,174.3,167.02,173.79,162.01,159.97,161.66,140.43,144.01
1184,1,Front/Back,161.2,151.2,143.03,153.4,161.2,177.81,176.42,157.92
1184,2,Front/Back,154.87,129.13,146.24,141.91,154.88,162.82,180.0,157.1
1184,3,Front/Back,140.06,124.97,133.35,144.81,153.03,160.15,180.0,180.0
1184,4,Front/Back,141.93,126.12,141.16,140.3,151.29,165.81,173.05,180.0
1184,5,Front/Back,148.26,118.66,147.36,135.2,148.26,153.83,173.05,167.63
1184,6,Front/Back,153.25,127.48,152.56,144.4,153.25,151.11,180.0,168.03
1184,7,Front/Back,140.85,119.28,119.13,138.85,167.97,160.43,180.0,180.0
1184,8,Front/Back,132.9,114.07,114.81,140.05,165.39,154.02,180.0,180.0
1184,9,Front/Back,124.09,99.76,112.8,115.21,154.39,148.66,180.0,180.0
1184,10,Front/Back,122.87,95.04,111.57,111.98,154.39,147.17,180.0,180.0
1184,11,Front/Back,123.85,95.17,113.63,126.22,141.28,148.95,168.83,180.0
1184,12,Front/Back,124.56,113.04,120.82,120.62,149.11,160.3,180.0,180.0
1184,13,Front/Back,130.21,113.44,124.91,117.25,127.77,160.3,157.1,180.0
1184,14,Front/Back,120.56,99.32,123.3,121.55,141.88,147.17,179.99,180.0
1184,15,Front/Back,114.77,86.3,120.08,116.71,119.24,138.99,159.93,180.0
1184,16,Front/Back,107.21,86.89,113.07,129.14,118.08,125.98,159.93,168.24
1184,17,Front/Back,106.0,87.81,113.07,119.55,113.77,113.71,156.82,156.04
1184,18,Front/Back,116.94,89.6,115.85,114.14,121.94,109.38,156.82,147.95
1184,19,Front/Back,118.39,87.08,115.85,114.14,123.38,114.84,156.82,155.94
1184,20,Front/Back,117.48,87.49,113.84,113.27,122.33,116.22,154.06,156.04
1184,21,Front/Back,137.44,104.3,113.61,119.9,125.66,126.41,134.47,156.04
1184,22,Front/Back,146.88,105.62,114.87,124.72,134.47,126.34,134.47,156.04
1184,23,Front/Back,132.03,93.42,109.17,98.67,130.47,124.55,139.62,155.94
1184,24,Front/Back,126.52,110.09,108.63,105.66,131.77,143.19,145.12,163.05
1184,25,Front/Back,124.48,106.47,103.18,102.44,136.0,145.92,149.34,168.03
1184,26,Front/Back,132.6,108.23,114.43,106.07,143.51,156.64,156.85,178.75
1184,27,Front/Back,126.83,104.29,116.97,106.22,141.98,153.79,163.63,180.0
1184,28,Front/Back,127.98,101.78,117.0,103.59,146.8,153.91,168.53,180.0
1184,29,Front/Back,134.56,117.98,117.65,107.91,161.18,165.77,178.02,179.99
1184,30,Front/Back,143.97,123.91,134.54,118.29,158.2,169.72,180.0,180.0
1184,31,Front/Back,138.42,127.13,143.32,121.41,160.69,169.83,180.0,180.0
1184,32,Front/Back,139.18,134.98,145.38,118.45,166.66,179.99,173.05,179.99
1184,33,Front/Back,139.57,138.85,148.72,114.57,170.85,180.0,180.0,180.0
1184,34,Front/Back,142.33,144.78,151.48,122.5,170.85,176.79,161.52,180.0
1184,35,Front/Back,138.36,144.12,159.54,124.79,158.82,176.79,150.47,180.0
1184,36,Front/Back,148.37,141.87,164.87,129.16,163.49,169.69,144.3,180.0
1184,37,Front/Back,158.35,166.01,176.7,151.99,158.35,166.01,159.99,166.2
1184,38,Front/Back,163.34,170.0,176.19,151.99,163.34,170.0,158.72,160.21
1184,39,Front/Back,170.3,179.99,176.7,151.89,170.3,179.99,159.99,155.6
1184,40,Front/Back,179.97,179.98,179.97,179.97,179.98,179.98,179.97,179.97
1185,1,Side,20.49,150.54,51.62,158.63,123.14,163.57,65.37,179.46
1185,2,Side,20.49,151.16,51.62,156.89,123.65,168.9,65.95,179.85
1185,3,Side,20.49,149.67,51.62,153.18,123.58,170.4,67.51,179.53
1185,4,Side,20.49,145.42,51.62,148.05,124.93,169.79,68.25,179.55
1185,5,Side,20.49,144.86,51.62,146.77,122.67,171.29,68.9,179.22
1185,6,Side,20.49,140.25,51.62,141.29,124.05,169.71,69.75,177.25
1185,7,Side,20.49,138.9,51.62,137.51,124.85,171.3,71.61,177.16
1185,8,Side,20.49,135.92,51.62,133.03,125.7,172.17,71.78,179.01
1185,9,Side,20.49,140.53,51.62,141.31,128.05,173.73,78.54,177.98
1185,10,Side,20.49,133.84,51.62,136.56,128.66,166.82,79.37,179.73
1185,11,Side,20.49,135.92,51.62,135.0,129.35,175.28,82.32,175.22
1185,12,Side,20.49,130.27,51.62,130.37,130.37,175.79,84.8,173.73
1185,13,Side,20.49,120.62,51.62,128.48,132.12,163.96,88.4,179.46
1185,14,Side,20.49,114.29,51.62,123.72,133.5,162.42,90.47,179.44
1185,15,Side,20.49,110.35,51.62,122.98,136.47,160.84,90.39,179.42
1185,16,Side,20.49,100.18,51.62,116.53,138.17,160.64,95.35,178.88
1185,17,Side,20.49,102.05,51.62,120.66,140.33,159.7,98.8,178.85
1185,18,Side,20.49,97.22,51.62,117.06,143.01,161.57,105.88,174.66
1185,19,Side,20.49,90.46,51.62,104.6,145.2,173.85,111.15,168.17
1185,20,Side,20.49,86.39,51.62,100.75,147.55,175.08,115.67,166.69
1185,21,Side,20.49,91.01,51.62,107.7,146.39,173.3,118.51,165.88
1185,22,Side,20.49,84.16,51.62,102.78,151.51,171.93,123.95,166.61
1185,23,Side,20.49,80.26,51.62,99.21,153.91,174.44,130.84,163.69
1185,24,Side,20.49,74.44,51.62,99.16,157.13,166.05,139.03,166.26
1185,25,Side,20.49,70.63,51.62,97.91,158.81,168.43,144.9,163.19
1185,26,Side,20.49,68.64,51.62,97.7,162.03,168.25,154.64,161.62
1185,27,Side,20.49,64.92,51.62,94.76,163.11,169.75,159.75,159.37
1185,28,Side,20.49,66.52,51.62,91.59,164.25,174.15,164.58,168.22
1185,29,Side,20.49,60.79,51.62,85.24,164.41,177.98,165.6,163.52
1185,30,Side,20.49,51.97,51.62,77.47,166.29,178.81,171.74,160.27
1185,31,Side,20.49,47.41,51.62,75.66,165.74,179.99,171.71,157.39
1185,32,Side,20.49,42.37,51.62,72.06,164.99,177.01,170.09,160.21
1185,33,Side,20.49,38.66,51.62,69.06,164.22,175.18,168.49,163.9
1185,34,Side,20.49,34.95,51.62,66.93,164.6,171.7,168.51,167.21
1185,35,Side,20.49,32.12,51.62,64.82,164.6,179.44,168.51,153.93
1185,36,Side,20.49,30.79,51.62,67.67,164.79,176.96,169.31,154.34
1185,37,Side,20.49,26.95,51.62,62.41,164.99,169.01,170.09,174.12
1185,38,Side,20.49,25.26,51.62,60.08,165.95,172.49,172.47,170.67
1185,39,Side,20.49,22.93,51.62,56.36,165.2,176.92,170.84,167.33
1185,40,Side,20.49,21.21,51.62,54.0,165.41,179.7,171.58,164.59
1185,41,Side,20.49,20.49,51.62,51.62,165.41,174.67,171.58,162.09
1185,42,Side,20.49,23.02,50.63,50.62,165.63,165.5,171.28,158.09
1185,43,Side,20.49,23.72,49.66,50.62,165.63,161.9,169.33,155.18
1185,44,Side,20.49,22.26,48.7,48.18,169.36,159.46,172.45,154.4
1185,45,Side,20.49,22.06,47.77,47.01,168.12,156.3,172.3,148.27
1185,46,Side,20.49,20.79,46.86,47.93,166.89,143.63,172.24,129.41
1185,47,Side,20.49,22.32,45.96,49.46,165.68,139.9,169.39,125.94
1185,48,Side,20.49,22.76,45.09,49.46,164.5,137.41,165.41,122.84
1185,49,Side,20.49,24.23,44.23,50.96,163.34,133.68,161.26,120.3
1185,50,Side,20.49,23.8,43.4,49.83,162.2,131.11,155.85,117.4
1185,51,Side,20.49,24.97,42.58,51.0,161.08,128.7,151.19,114.99
1185,52,Side,20.49,13.46,41.78,55.86,159.99,144.94,148.0,123.56
1185,53,Side,20.49,12.05,41.0,57.05,158.92,145.7,142.93,124.98
1185,54,Side,20.49,10.2,40.24,56.41,157.87,143.84,140.91,125.99
1185,55,Side,20.49,7.63,39.49,54.82,156.84,143.54,140.47,128.04
1185,56,Side,20.49,4.6,38.76,55.18,155.84,143.64,141.74,130.1
1185,57,Side,20.49,4.16,38.05,54.76,154.86,143.4,142.77,130.98
1185,58,Side,20.49,1.11,37.35,52.92,153.9,144.03,143.67,133.27
1185,59,Side,20.49,1.17,36.67,55.13,152.96,142.95,143.23,133.27
1185,60,Side,20.49,1.98,36.01,53.06,152.05,144.42,145.72,136.56
1185,61,Side,20.49,0.4,35.36,54.99,151.16,143.36,149.41,137.56
1185,62,Side,20.49,5.11,34.73,52.77,150.28,142.31,149.66,137.37
1185,63,Side,20.49,3.34,34.11,52.83,149.43,143.75,147.69,140.0
1185,64,Side,20.49,5.11,33.5,52.77,148.6,145.2,146.55,141.45
1185,65,Side,20.49,5.11,32.91,52.77,147.79,146.66,145.3,143.9
1185,66,Side,20.49,4.88,32.33,52.77,147.0,147.12,145.57,145.32
1185,67,Side,20.49,3.11,31.76,52.83,146.23,147.12,144.37,144.35
1185,68,Side,20.49,2.93,31.21,53.23,145.48,148.83,142.59,145.84
1185,69,Side,20.49,2.7,30.67,53.23,144.75,148.54,142.17,145.56
1185,70,Side,20.49,0.9,30.15,53.22,144.03,149.32,141.76,144.42
1185,71,Side,20.49,1.36,29.63,51.34,143.33,150.07,140.62,144.97
1185,72,Side,20.49,1.36,29.12,51.34,142.65,151.6,138.94,146.5
1185,73,Side,20.49,0.43,28.63,51.18,141.98,154.71,138.59,147.88
1185,74,Side,20.49,0.08,28.15,49.81,141.34,154.8,138.25,147.8
1185,75,Side,20.49,0.08,27.68,49.81,140.7,156.38,137.92,149.38
1185,76,Side,20.49,0.2,27.22,48.19,140.09,157.02,137.61,149.3
1185,77,Side,20.49,9.53,26.77,48.14,139.48,136.32,137.3,137.59
1185,78,Side,20.49,9.53,26.32,48.14,138.89,137.0,135.75,139.05
1185,79,Side,20.49,10.45,25.89,49.79,138.32,138.61,135.47,141.02
1185,80,Side,20.49,12.07,25.47,49.6,138.51,139.45,133.71,142.05
1185,81,Side,20.49,12.71,25.06,50.24,138.32,139.45,134.25,143.21
1185,82,Side,20.49,12.52,24.65,50.92,139.07,141.05,135.0,143.72
1185,83,Side,20.49,13.46,24.26,49.07,139.82,141.87,135.75,145.71
1185,84,Side,20.49,13.6,23.87,49.07,139.82,141.74,135.75,145.71
1185,85,Side,20.49,13.57,23.49,49.79,139.99,143.22,135.93,147.64
1185,86,Side,20.49,13.57,23.12,49.79,140.57,144.03,136.51,148.71
1185,87,Side,20.49,15.99,22.75,50.31,140.57,144.03,135.32,149.96
1185,88,Side,20.49,14.46,22.39,48.7,139.71,153.68,134.46,162.78
1185,89,Side,20.49,15.26,22.04,49.5,140.76,152.35,136.7,160.55
1185,90,Side,20.49,16.87,21.7,49.22,139.91,152.94,134.66,161.13
1185,91,Side,20.49,19.34,21.37,49.74,140.76,152.35,136.23,162.62
1185,92,Side,20.49,24.27,21.04,49.65,140.76,153.08,135.51,162.31
1185,93,Side,20.49,24.96,20.71,51.06,141.62,153.65,135.21,161.03
1185,94,Side,20.49,24.96,20.4,50.56,141.62,153.65,135.21,159.87
1185,95,Side,20.49,25.6,20.09,49.81,143.2,154.37,138.67,159.48
1185,96,Side,20.49,26.71,19.78,50.92,144.08,154.37,139.55,158.33
1185,97,Side,20.49,29.19,19.49,51.26,144.97,153.76,140.44,160.24
1185,98,Side,20.49,29.51,19.19,52.47,144.84,155.4,141.01,160.63
1185,99,Side,20.49,29.51,18.91,52.15,145.75,154.66,141.91,158.88
1185,100,Side,20.49,29.38,18.62,49.69,146.56,155.44,143.39,159.15
1185,101,Side,20.49,31.05,18.35,49.98,147.49,155.56,146.62,158.22
1185,102,Side,20.49,24.96,18.08,51.2,148.49,173.54,147.63,169.22
1185,103,Side,20.49,28.59,17.81,54.03,148.57,175.46,147.07,169.67
1185,104,Side,20.49,29.25,17.55,53.13,149.47,177.31,149.8,171.52
1185,105,Side,20.49,31.53,17.29,53.56,150.42,177.68,150.14,172.23
1185,106,Side,20.49,30.38,17.04,51.34,150.5,177.25,149.57,172.56
1185,107,Side,20.49,31.66,16.79,50.51,150.5,177.27,150.83,171.77
1185,108,Side,20.49,36.19,16.55,56.04,149.19,179.62,150.18,173.48
1185,109,Side,20.49,40.03,16.31,59.07,149.24,178.11,149.57,172.77
1185,110,Side,20.49,41.9,16.08,61.41,149.24,178.89,150.93,171.06
1185,111,Side,20.49,43.14,15.85,63.1,149.34,179.77,149.67,171.73
1185,112,Side,20.49,45.91,15.62,64.73,148.59,179.38,147.51,172.35
1185,113,Side,20.49,47.71,15.4,67.0,148.47,179.85,148.8,163.43
1185,114,Side,20.49,51.34,15.18,69.83,147.7,179.74,146.7,162.86
1185,115,Side,20.49,56.89,14.97,75.22,147.7,179.05,146.7,161.06
1185,116,Side,20.49,53.34,14.75,72.6,147.63,178.72,147.31,161.21
1185,117,Side,20.49,62.09,14.55,79.43,146.08,178.66,143.23,160.26
1185,118,Side,20.49,62.56,14.34,79.75,145.98,177.9,143.82,162.68
1185,119,Side,20.49,63.38,14.14,79.57,145.88,177.85,144.38,163.72
1185,120,Side,20.49,71.17,13.94,79.9,144.17,171.96,141.0,159.37
1185,121,Side,20.49,73.97,13.75,81.5,144.05,171.23,141.51,158.39
1185,122,Side,20.49,76.48,13.56,85.03,142.87,173.19,136.08,160.72
1185,123,Side,20.49,79.13,13.37,85.45,142.1,172.38,134.22,159.33
1185,124,Side,20.49,84.79,13.19,88.89,138.48,170.82,128.75,156.99
1185,125,Side,20.49,88.15,13.0,92.25,137.58,171.49,123.74,157.66
1185,126,Side,20.49,92.45,12.82,95.25,136.33,169.51,119.91,156.71
1185,127,Side,20.49,94.24,12.65,95.22,135.84,170.68,117.73,158.06
1185,128,Side,20.49,98.75,12.47,98.92,136.87,169.86,114.23,156.82
1185,129,Side,20.49,99.25,12.3,98.92,137.73,169.79,114.94,157.23
1185,130,Side,20.49,103.19,12.13,103.42,136.79,168.15,110.29,155.48
1185,131,Side,20.49,98.32,11.97,105.01,134.03,178.08,105.63,164.0
1185,132,Side,20.49,100.31,11.81,105.29,135.08,179.83,105.32,165.12
1185,133,Side,20.49,102.2,11.64,106.84,134.25,179.67,104.84,161.67
1185,134,Side,20.49,106.01,11.49,112.25,133.01,178.63,102.29,162.61
1185,135,Side,20.49,107.79,11.33,113.7,131.42,178.12,97.92,163.33
1185,136,Side,20.49,110.56,11.18,116.46,130.24,176.27,95.66,166.6
1185,137,Side,20.49,112.03,11.66,117.78,130.24,175.73,95.66,167.38
1185,138,Side,20.49,115.93,12.13,122.65,129.91,175.38,93.85,169.88
1185,139,Side,20.49,117.14,12.59,125.47,129.33,173.92,92.79,172.98
1185,140,Side,20.49,118.4,13.04,126.73,128.76,173.92,91.75,172.98
1185,141,Side,20.49,120.64,13.91,129.11,127.94,172.91,91.4,173.85
1185,142,Side,20.49,123.52,13.91,131.36,127.9,172.67,89.07,174.73
1185,143,Side,20.49,124.6,14.33,132.44,127.35,171.8,88.11,175.6
1185,144,Side,20.49,127.44,14.74,134.64,126.81,171.56,87.16,175.05
1185,145,Side,20.49,129.25,14.74,136.58,126.54,172.52,85.6,171.4
1185,146,Side,20.49,131.47,15.14,140.25,125.75,171.68,83.21,170.79
1185,147,Side,20.49,131.69,15.54,141.11,125.75,169.25,83.21,172.84
1185,148,Side,20.49,132.52,15.3,141.94,124.72,166.5,81.52,178.1
1185,149,Side,20.49,133.32,16.67,142.74,124.45,165.61,82.12,179.06
1185,150,Side,20.49,135.89,15.46,144.58,123.71,165.4,79.9,179.98
1185,151,Side,20.49,137.92,15.82,148.11,122.93,163.71,79.66,169.71
1185,152,Side,20.49,141.64,15.6,150.54,122.43,164.19,78.87,177.39
1185,153,Side,20.49,142.4,15.17,151.13,120.85,163.43,78.31,176.52
1185,154,Side,20.49,144.38,14.61,152.37,120.2,162.44,76.31,174.78
1185,155,Side,20.49,146.86,14.61,154.21,120.2,162.34,76.31,174.11
1185,156,Side,20.49,148.86,14.61,157.17,120.03,162.37,75.11,173.47
1185,157,Side,20.49,148.23,14.61,157.17,120.03,160.91,75.11,174.03
1185,158,Side,20.49,147.15,14.96,156.61,119.26,162.51,74.84,177.41
1185,159,Side,20.49,148.23,14.77,157.17,118.8,160.76,74.13,176.48
1185,160,Side,20.49,148.23,14.57,157.17,118.02,160.76,73.84,177.64
1185,161,Side,20.49,150.24,14.57,158.46,118.02,163.52,73.84,175.09
1185,162,Side,20.49,150.33,14.57,158.46,117.57,162.71,73.14,176.9
1185,163,Side,20.49,150.12,14.42,158.96,118.96,161.1,72.56,176.61
1185,164,Side,20.49,150.22,14.42,158.96,118.96,161.03,72.56,176.77
1185,165,Side,20.49,153.43,14.42,162.15,118.82,162.65,71.45,175.6
1186,1,Side,126.08,160.67,137.61,173.37,163.19,167.89,163.35,156.58
1186,2,Side,123.71,160.34,135.25,174.72,163.95,168.39,163.91,158.74
1186,3,Side,120.79,160.21,133.99,174.59,158.52,169.1,172.88,159.42
1186,4,Side,110.74,159.87,124.66,174.45,159.93,170.21,171.69,159.7
1186,5,Side,110.74,159.92,124.66,174.29,161.57,171.19,170.05,160.2
1186,6,Side,109.44,156.89,123.36,172.38,163.2,170.56,169.69,161.77
1186,7,Side,105.52,156.67,118.58,173.66,163.38,171.24,169.95,162.31
1186,8,Side,104.16,157.16,117.38,173.42,164.2,173.31,171.02,162.15
1186,9,Side,103.49,156.9,116.34,173.16,166.12,174.65,170.34,160.96
1186,10,Side,102.32,156.4,114.95,172.87,169.85,174.96,166.07,161.56
1186,11,Side,99.48,156.18,112.88,172.87,170.2,175.4,166.14,162.0
1186,12,Side,96.56,152.74,109.96,169.22,170.89,176.27,166.32,161.73
1186,13,Side,94.99,152.43,106.32,168.69,172.34,177.45,167.31,161.89
1186,14,Side,95.19,152.21,106.32,168.69,174.18,178.06,165.7,162.05
1186,15,Side,95.83,152.38,106.84,168.11,175.83,179.69,165.54,161.47
1186,16,Side,93.71,148.0,103.37,164.48,175.83,179.56,167.19,163.14
1186,17,Side,92.63,147.35,101.85,163.61,177.9,179.16,165.55,162.9
1186,18,Side,91.08,146.39,100.3,162.65,177.9,178.27,166.36,162.79
1186,19,Side,89.5,141.21,98.73,158.2,178.12,178.78,166.91,164.05
1186,20,Side,90.46,138.23,99.22,155.22,179.4,177.87,166.84,163.82
1186,21,Side,89.29,132.97,96.93,149.74,179.75,176.73,165.03,163.67
1186,22,Side,88.83,135.34,95.79,152.82,178.26,175.06,165.01,163.3
1186,23,Side,83.88,139.51,91.27,158.49,177.99,174.8,165.48,163.81
1186,24,Side,82.19,140.23,89.58,158.49,177.99,172.82,166.26,162.38
1186,25,Side,84.36,143.61,91.06,161.13,176.66,171.09,167.38,161.38
1186,26,Side,83.36,143.42,88.08,161.13,175.97,170.98,167.29,160.96
1186,27,Side,83.36,176.19,89.15,162.61,177.1,164.36,168.6,160.61
1186,28,Side,82.35,169.81,87.45,157.17,175.56,162.03,167.94,158.55
1186,29,Side,83.05,169.93,87.67,157.17,173.41,161.8,166.39,158.2
1186,30,Side,77.87,172.89,82.89,155.62,173.96,169.79,167.69,162.36
1186,31,Side,80.37,172.28,82.83,155.62,172.77,168.39,168.12,161.57
1186,32,Side,79.44,167.19,81.2,151.52,171.74,165.36,167.79,159.78
1186,33,Side,76.67,120.07,78.18,139.51,165.03,168.37,157.89,159.01
1186,34,Side,75.54,88.59,76.34,110.05,164.77,168.49,158.34,158.62
1186,35,Side,73.66,49.05,74.56,69.44,167.11,165.91,161.19,156.47
1186,36,Side,73.5,37.13,74.34,57.35,167.71,164.99,161.03,155.78
1186,37,Side,71.51,25.98,70.53,46.79,164.73,161.86,159.81,154.18
1186,38,Side,69.86,28.97,68.74,46.79,164.67,154.05,159.1,149.36
1186,39,Side,68.91,29.65,66.97,46.79,162.63,151.44,157.16,146.77
1186,40,Side,68.91,25.36,66.97,41.82,162.66,149.53,157.19,145.55
1186,41,Side,67.28,21.42,65.22,37.69,161.68,148.97,155.61,145.05
1186,42,Side,65.56,22.1,63.51,37.87,161.68,147.04,157.2,140.95
1186,43,Side,63.99,22.1,62.04,37.87,160.66,146.45,156.29,140.38
1186,44,Side,63.14,22.01,60.38,37.87,159.38,145.95,155.14,139.78
1186,45,Side,61.51,18.92,58.53,34.7,158.88,145.24,154.69,139.19
1186,46,Side,61.39,18.33,56.94,34.7,152.83,148.21,150.16,140.77
1186,47,Side,59.84,18.22,55.39,34.7,151.16,147.65,147.69,141.69
1186,48,Side,58.32,15.73,53.87,32.09,151.16,146.31,149.17,140.46
1186,49,Side,55.4,14.96,51.18,3.96,151.16,140.94,150.0,142.05
1186,50,Side,52.59,17.76,47.57,5.47,153.46,139.67,155.42,140.82
1186,51,Side,51.31,16.83,46.23,4.57,152.73,139.04,155.63,141.8
1186,52,Side,50.01,16.03,46.17,3.78,152.03,138.42,155.6,141.72
1186,53,Side,48.75,16.82,45.42,2.58,150.95,139.1,154.52,142.49
1186,54,Side,47.52,14.26,44.2,0.21,150.95,137.62,156.05,140.44
1186,55,Side,47.66,14.37,45.09,0.32,147.32,137.62,147.13,141.29
1186,56,Side,45.81,14.45,45.09,0.43,153.3,136.31,152.02,139.91
1186,57,Side,44.7,14.52,43.98,0.53,152.34,134.91,151.17,139.21
1186,58,Side,44.37,14.63,40.32,0.64,142.43,134.31,144.49,138.6
1186,59,Side,44.64,14.16,42.08,0.24,148.67,133.54,153.16,138.64
1186,60,Side,44.23,14.23,40.32,0.34,141.66,133.92,145.09,142.7
1186,61,Side,44.23,14.33,40.32,0.44,145.47,134.66,152.8,143.16
1186,62,Side,43.43,15.6,40.32,1.87,144.4,132.75,150.02,141.17
1186,63,Side,44.53,15.06,41.19,1.41,143.43,131.93,149.38,141.01
1186,64,Side,44.45,15.17,41.19,1.51,142.58,129.43,148.44,138.19
1186,65,Side,44.36,15.24,41.19,1.61,138.18,128.08,142.14,136.73
1186,66,Side,43.26,15.31,40.09,1.72,137.22,127.27,141.92,136.51
1186,67,Side,44.36,17.26,41.19,2.42,134.4,126.44,138.36,136.42
1186,68,Side,44.36,17.32,41.19,2.51,133.36,125.6,138.07,137.18
1186,69,Side,43.26,17.38,40.09,2.87,133.36,124.75,138.97,136.36
1186,70,Side,42.0,18.54,39.84,5.24,139.44,122.44,144.36,134.12
1186,71,Side,43.1,18.58,42.37,5.57,138.48,121.56,142.99,134.15
1186,72,Side,43.1,21.36,42.37,6.86,137.49,120.66,142.76,133.99
1186,73,Side,43.32,21.4,43.84,6.93,136.47,119.28,142.68,131.93
1186,74,Side,44.01,21.99,43.84,8.24,138.75,117.68,147.03,131.76
1186,75,Side,44.12,22.82,44.56,9.09,140.49,116.75,148.19,130.86
1186,76,Side,44.12,22.06,44.56,8.37,140.4,115.8,149.68,130.84
1186,77,Side,44.12,24.83,44.56,9.59,138.44,114.84,146.26,130.62
1186,78,Side,44.01,24.86,44.56,9.65,138.56,112.91,146.15,129.22
1186,79,Side,42.99,24.89,43.42,9.72,137.42,113.28,146.15,130.53
1186,80,Side,43.89,24.92,44.76,10.11,137.66,109.91,146.39,127.21
1186,81,Side,43.89,23.43,44.76,9.33,137.46,108.85,147.26,127.08
1186,82,Side,43.89,24.14,46.24,9.39,137.46,110.83,147.0,128.87
1186,83,Side,45.06,28.75,47.26,13.28,137.46,111.56,146.2,127.48
1186,84,Side,47.0,28.79,47.26,13.35,129.33,112.89,138.74,130.47
1186,85,Side,47.0,28.82,45.3,13.42,129.33,112.85,137.49,128.85
1186,86,Side,47.09,31.04,45.3,14.43,129.25,113.8,136.76,130.98
1186,87,Side,47.0,33.74,45.3,16.81,131.65,112.79,139.25,129.29
1186,88,Side,47.09,33.77,45.3,16.87,131.56,114.15,138.5,129.76
1186,89,Side,47.0,33.79,48.79,16.93,130.87,115.1,136.05,129.82
1186,90,Side,47.09,33.8,46.79,16.99,129.65,114.5,134.77,129.08
1186,91,Side,49.08,37.53,47.85,19.87,129.99,115.47,136.05,129.88
1186,92,Side,49.16,35.36,47.85,18.95,130.69,116.89,137.58,131.33
1186,93,Side,50.33,35.38,49.1,19.01,131.88,116.85,137.94,130.46
1186,94,Side,49.53,35.4,49.57,19.06,132.62,117.8,138.76,131.98
1186,95,Side,50.48,37.04,49.1,20.73,133.4,118.27,139.46,132.11
1186,96,Side,50.55,34.72,49.1,19.69,134.22,119.2,140.19,132.38
1186,97,Side,51.46,36.35,48.6,22.08,135.25,121.25,141.15,134.65
1186,98,Side,50.18,30.75,46.51,17.19,136.54,122.91,142.39,137.01
1186,99,Side,48.34,26.83,45.8,16.87,145.45,125.43,148.5,138.86
1186,100,Side,50.91,28.12,48.18,18.2,145.45,127.79,148.39,139.97
1186,101,Side,50.98,29.53,48.18,19.64,146.85,129.91,149.11,142.27
1186,102,Side,54.46,31.25,51.93,22.32,148.45,130.67,148.19,142.99
1186,103,Side,54.55,30.4,51.93,22.81,149.75,132.01,148.84,143.5
1186,104,Side,55.15,32.17,53.28,25.28,152.97,133.3,152.04,144.75
1186,105,Side,55.94,33.88,52.9,27.02,153.5,134.55,150.58,145.27
1186,106,Side,57.4,33.9,54.01,27.07,154.6,136.32,151.77,146.43
1186,107,Side,58.79,35.74,56.73,28.94,155.72,136.86,152.14,146.9
1186,108,Side,58.59,35.12,51.86,30.3,156.17,139.67,153.26,151.25
1186,109,Side,60.89,37.07,57.41,32.32,157.19,139.44,153.55,149.3
1186,110,Side,61.12,35.16,53.13,30.58,152.93,140.43,150.6,149.55
1186,111,Side,61.83,39.28,54.42,34.55,154.4,141.99,150.71,149.78
1186,112,Side,63.62,45.71,55.0,41.73,159.12,141.24,157.68,149.72
1186,113,Side,65.01,51.25,56.63,48.81,155.77,142.05,151.42,149.96
1186,114,Side,65.16,57.62,57.97,55.26,162.02,143.05,156.49,151.81
1186,115,Side,68.58,64.81,59.16,61.25,161.74,142.97,156.25,150.94
1186,116,Side,69.37,72.77,58.42,69.24,161.06,142.94,157.01,150.99
1186,117,Side,71.54,77.01,61.95,72.77,163.3,144.71,157.88,152.0
1186,118,Side,73.79,81.32,64.43,78.17,164.77,144.75,158.04,151.25
1186,119,Side,76.59,86.51,67.32,87.21,166.1,145.81,160.02,152.31
1186,120,Side,79.86,96.82,68.41,97.44,163.93,145.81,159.29,152.27
1186,121,Side,89.65,96.9,82.48,97.44,166.65,146.56,160.52,152.94
1186,122,Side,92.18,106.58,84.33,107.05,165.96,146.94,159.78,153.36
1186,123,Side,88.27,111.04,80.86,111.51,166.41,146.94,159.78,152.61
1186,124,Side,91.5,115.2,83.75,111.82,167.61,147.61,160.97,154.03
1186,125,Side,95.94,119.1,84.61,115.68,171.09,150.75,164.83,158.88
1186,126,Side,91.06,125.92,81.38,122.34,167.61,151.07,160.25,159.27
1186,127,Side,94.08,132.31,84.01,128.05,172.6,151.75,168.94,159.41
1186,128,Side,95.57,135.03,85.5,134.79,172.6,151.75,168.94,160.07
1186,129,Side,100.11,137.5,88.42,137.26,169.02,152.07,162.87,159.8
1186,130,Side,100.59,139.18,90.19,137.33,168.97,152.77,165.81,161.14
1186,131,Side,103.57,138.01,92.78,136.83,168.97,152.11,165.08,161.14
1186,132,Side,106.15,139.8,98.18,138.62,170.29,152.11,167.16,161.06
1186,133,Side,107.63,141.46,99.66,140.27,170.29,152.11,167.13,160.26
1186,134,Side,111.26,142.98,104.36,141.8,170.23,149.76,166.42,156.85
1186,135,Side,112.68,144.44,105.78,139.4,170.23,149.43,166.42,155.7
1186,136,Side,123.4,142.38,114.08,138.65,168.26,148.12,164.65,156.44
1186,137,Side,126.07,143.69,116.13,139.91,167.64,148.54,164.65,156.1
1186,138,Side,127.57,145.98,119.68,141.99,168.95,148.89,164.65,156.49
1186,139,Side,130.3,149.15,119.96,143.03,168.62,155.34,164.93,162.72
1186,140,Side,131.31,150.11,120.96,143.99,169.91,155.64,166.97,163.09
1186,141,Side,132.35,148.12,123.8,143.17,169.62,154.77,165.96,163.46
1186,142,Side,134.97,149.86,125.81,144.69,169.26,155.5,166.22,164.95
1186,143,Side,138.07,153.64,131.9,149.75,170.52,156.2,167.47,165.61
1186,144,Side,138.1,152.08,132.14,146.95,170.26,156.47,166.51,165.88
1186,145,Side,140.12,151.27,135.63,144.71,170.7,157.21,166.95,166.53
1186,146,Side,142.14,151.94,139.12,150.92,171.67,158.2,167.93,167.52
1186,147,Side,143.95,151.43,140.45,152.54,172.24,157.19,169.1,166.14
1186,148,Side,146.65,153.58,144.64,156.11,169.96,157.01,162.1,165.88
1186,149,Side,149.84,154.18,147.21,158.75,170.46,155.72,163.79,162.71
1186,150,Side,150.18,152.48,150.5,160.22,176.03,156.42,168.75,165.14
1186,151,Side,152.62,151.73,152.36,159.4,177.63,157.17,170.39,165.01
1186,152,Side,155.63,153.07,156.77,162.14,179.3,156.69,172.58,162.08
1186,153,Side,157.97,152.96,158.47,164.06,179.54,157.62,174.2,163.62
1186,154,Side,161.53,152.82,162.8,165.83,179.68,157.68,175.85,164.3
1186,155,Side,165.02,153.96,167.08,166.28,179.84,159.05,176.53,163.34
1186,156,Side,169.16,153.43,172.17,167.5,180.0,159.2,177.32,163.99
1186,157,Side,169.16,152.03,172.17,166.69,179.23,159.45,177.46,164.0
1186,158,Side,169.16,161.78,170.63,174.46,177.68,162.1,179.76,164.0
1187,1,Side,55.19,131.03,79.96,143.46,171.45,162.14,145.45,141.58
1187,2,Side,55.19,125.27,79.96,137.79,171.45,162.38,145.45,141.58
1187,3,Side,55.19,122.03,79.96,135.88,171.45,162.68,145.45,141.58
1187,4,Side,55.19,117.42,79.96,130.69,171.45,162.38,145.45,141.58
1187,5,Side,55.19,111.36,79.96,124.73,171.45,162.62,145.45,141.58
1187,6,Side,55.19,104.88,79.96,119.72,171.45,163.0,145.45,141.58
1187,7,Side,55.19,99.61,79.96,115.4,171.45,166.86,145.45,144.37
1187,8,Side,55.19,93.66,79.96,110.56,171.45,171.38,145.45,147.63
1187,9,Side,55.19,88.72,79.96,106.22,171.45,171.74,145.45,147.26
1187,10,Side,55.19,84.99,79.96,104.83,171.45,172.73,145.45,146.94
1187,11,Side,55.19,76.55,79.96,98.4,171.45,177.22,145.45,149.3
1187,12,Side,55.19,71.31,79.96,92.06,171.45,173.9,145.45,146.94
1187,13,Side,55.19,64.37,79.96,85.86,171.45,173.09,145.45,146.52
1187,14,Side,55.19,55.19,79.96,79.96,171.45,171.45,145.45,145.45
1187,15,Side,55.19,49.07,79.96,74.32,171.45,173.78,145.45,150.61
1187,16,Side,55.19,44.89,79.96,67.9,171.45,171.87,145.45,149.34
1187,17,Side,55.19,41.09,79.96,64.29,171.45,174.42,145.45,155.91
1187,18,Side,55.19,34.16,79.96,58.77,171.45,171.62,145.45,154.51
1187,19,Side,55.19,29.91,79.96,57.36,171.45,172.76,145.45,157.57
1187,20,Side,55.19,24.05,79.96,53.33,171.45,172.45,145.45,159.86
1187,21,Side,55.19,20.64,79.96,46.66,171.45,172.88,145.45,161.22
1187,22,Side,55.19,19.28,79.96,45.03,171.45,173.74,145.45,162.85
1187,23,Side,55.19,16.96,79.96,43.69,171.45,177.75,145.45,166.84
1187,24,Side,55.19,19.29,79.96,44.24,171.45,173.26,145.45,162.85
1187,25,Side,55.19,23.99,79.96,57.6,171.45,176.08,145.45,163.2
1187,26,Side,55.19,27.93,79.96,58.49,171.45,178.87,145.45,166.42
1187,27,Side,55.19,36.12,79.96,61.64,171.45,178.62,145.45,163.98
1187,28,Side,55.19,42.74,79.96,65.56,171.45,177.15,145.45,161.14
1187,29,Side,55.19,48.65,79.96,66.77,171.45,172.36,145.45,154.08
1187,30,Side,55.19,56.95,79.96,73.66,171.45,177.41,145.45,158.02
1187,31,Side,55.19,63.16,79.96,82.79,171.45,177.5,145.45,161.45
1187,32,Side,55.19,69.35,79.96,86.46,171.45,175.66,145.45,163.49
1187,33,Side,55.19,76.43,79.96,91.97,171.45,177.49,145.45,163.24
1187,34,Side,55.19,84.49,79.96,97.17,171.45,177.78,145.45,160.14
1187,35,Side,55.19,91.88,79.96,103.56,171.45,173.16,145.45,156.52
1187,36,Side,55.19,97.62,79.96,105.17,171.45,170.87,145.45,155.34
1187,37,Side,55.19,105.12,79.96,110.08,171.45,164.73,145.45,151.78
1187,38,Side,55.19,112.8,79.96,113.98,171.45,157.81,145.45,147.51
1187,39,Side,55.19,122.28,79.96,125.67,171.45,157.05,145.45,147.51
1187,40,Side,55.19,131.41,79.96,133.94,171.45,156.2,145.45,147.51
1187,41,Side,55.19,134.99,79.96,139.82,171.45,157.29,145.45,147.51
1187,42,Side,55.19,136.71,79.96,141.52,171.45,157.27,145.45,147.51
1187,43,Side,55.19,137.54,79.96,142.55,171.45,157.47,145.45,147.51
1187,44,Side,55.19,138.37,79.96,143.57,171.45,157.66,145.45,147.51
1187,45,Side,55.19,139.27,79.96,142.52,171.45,155.72,145.45,147.51
1187,46,Side,55.19,142.95,79.96,144.97,171.45,154.48,145.45,147.51
1187,47,Side,55.19,142.08,79.96,146.25,171.45,156.63,145.45,147.51
1188,1,Front/Back,179.97,179.97,179.97,179.97,179.98,179.98,179.98,179.97
1188,2,Front/Back,180.0,171.82,166.55,172.55,171.31,171.83,171.3,168.76
1188,3,Front/Back,180.0,168.33,165.67,168.48,180.0,168.35,157.6,167.24
1188,4,Front/Back,180.0,149.84,148.69,164.11,180.0,165.71,155.17,158.66
1188,5,Front/Back,180.0,155.07,164.28,161.2,180.0,163.48,155.17,157.9
1188,6,Front/Back,180.0,147.68,147.92,155.77,180.0,161.51,154.27,154.48
1188,7,Front/Back,180.0,143.5,147.6,152.82,180.0,158.1,150.07,160.3
1188,8,Front/Back,171.88,138.08,147.34,147.19,171.88,156.56,139.53,145.08
1188,9,Front/Back,165.85,130.74,142.16,143.63,165.85,156.56,139.27,149.21
1188,10,Front/Back,159.8,127.37,143.99,141.69,159.8,155.12,139.27,153.93
1188,11,Front/Back,156.59,122.59,141.87,136.5,156.59,153.78,139.27,159.63
1188,12,Front/Back,155.22,123.71,146.84,134.98,136.87,144.68,161.65,148.12
1188,13,Front/Back,143.15,123.11,127.62,134.38,141.41,138.01,142.21,139.33
1188,14,Front/Back,135.81,135.8,121.52,139.4,148.08,135.75,143.24,130.04
1188,15,Front/Back,135.17,136.02,122.2,136.53,154.06,136.65,144.91,121.68
1188,16,Front/Back,136.57,139.3,121.5,133.42,152.73,134.23,139.94,122.36
1188,17,Front/Back,127.43,134.02,113.48,129.72,151.59,158.23,138.41,133.6
1188,18,Front/Back,123.94,126.83,111.22,128.73,150.37,155.24,141.53,138.35
1188,19,Front/Back,127.3,125.52,115.06,128.73,151.59,141.8,141.51,132.53
1188,20,Front/Back,119.47,122.75,107.79,127.18,149.33,138.03,144.91,139.24
1188,21,Front/Back,121.24,120.11,104.98,125.15,130.72,129.74,125.05,153.87
1188,22,Front/Back,115.71,115.52,102.0,124.21,126.37,126.29,127.06,157.22
1188,23,Front/Back,121.54,125.79,107.77,128.45,124.36,125.21,124.99,153.76
1188,24,Front/Back,123.28,134.48,112.9,141.57,122.71,124.15,131.07,154.1
1188,25,Front/Back,126.48,137.43,117.22,148.0,119.91,122.21,137.65,150.96
1188,26,Front/Back,145.35,145.62,136.09,158.05,116.51,121.15,151.15,151.13
1188,27,Front/Back,144.36,180.0,136.21,163.17,112.83,129.5,148.47,129.5
1188,28,Front/Back,144.36,180.0,136.21,167.17,112.83,130.29,148.47,130.29
1188,29,Front/Back,144.41,165.91,136.37,147.74,111.74,118.08,147.33,132.17
1188,30,Front/Back,144.41,152.45,136.37,148.19,112.5,111.22,148.1,138.77
1188,31,Front/Back,146.51,148.83,136.56,148.19,111.95,113.09,145.45,144.26
1188,32,Front/Back,148.73,152.44,136.56,148.19,111.06,110.01,142.32,137.57
1188,33,Front/Back,149.9,152.45,135.22,148.19,107.54,107.92,137.64,135.47
1188,34,Front/Back,149.9,153.76,135.22,147.74,106.01,108.33,136.11,134.57
1188,35,Front/Back,149.9,155.12,136.56,147.74,104.97,108.7,135.07,133.57
1188,36,Front/Back,149.9,156.57,134.78,147.34,104.97,105.36,135.07,128.8
1188,37,Front/Back,151.18,156.57,136.37,149.72,108.48,105.36,137.31,128.8
1188,38,Front/Back,151.18,156.59,136.37,147.34,109.72,104.47,138.55,127.88
1188,39,Front/Back,151.18,156.64,136.21,150.13,107.43,104.52,136.25,127.88
1188,40,Front/Back,151.18,155.15,137.84,147.34,107.43,104.75,136.25,129.6
1188,41,Front/Back,151.18,153.76,136.21,149.37,107.29,103.36,136.11,129.6
1188,42,Front/Back,151.18,152.56,136.11,149.37,107.29,102.81,136.11,130.25
1188,43,Front/Back,152.44,152.63,134.52,149.37,108.42,102.87,135.99,130.25
1188,44,Front/Back,152.44,152.63,134.46,149.09,107.39,102.04,134.95,129.42
1188,45,Front/Back,153.75,152.71,136.04,148.87,108.6,103.0,134.85,130.29
1188,46,Front/Back,155.22,154.13,136.02,146.38,112.27,103.43,137.04,129.3
1188,47,Front/Back,155.22,154.13,134.44,146.38,112.16,108.26,136.94,134.13
1188,48,Front/Back,139.01,156.97,122.51,146.29,111.56,111.09,139.04,134.12
1188,49,Front/Back,133.25,147.74,113.93,132.98,113.27,114.1,137.93,137.24
1188,50,Front/Back,128.06,139.01,110.04,126.33,113.1,116.29,139.04,139.43
1188,51,Front/Back,118.83,150.75,102.0,126.45,115.56,123.54,142.69,135.15
1188,52,Front/Back,134.83,155.11,103.63,129.57,120.69,129.15,131.76,137.32
1188,53,Front/Back,137.34,150.35,104.11,124.81,126.39,129.15,133.74,137.32
1188,54,Front/Back,136.85,134.19,105.35,122.31,128.38,122.56,135.73,144.15
1188,55,Front/Back,136.06,130.9,106.38,113.53,131.62,128.02,138.97,144.26
1188,56,Front/Back,135.22,142.08,105.79,128.11,137.3,121.39,144.97,140.88
1188,57,Front/Back,133.43,129.92,107.79,115.06,130.9,132.98,142.35,149.4
1188,58,Front/Back,143.11,129.19,105.99,116.23,140.02,125.82,140.02,144.15
1188,59,Front/Back,147.01,126.76,109.89,113.62,144.82,131.21,144.82,149.44
1188,60,Front/Back,145.89,140.94,108.8,128.01,147.43,132.51,147.43,150.96
1188,61,Front/Back,151.73,166.43,114.63,128.45,150.26,144.15,150.26,144.15
1188,62,Front/Back,151.39,167.19,114.36,129.2,147.43,139.42,147.43,139.42
1188,63,Front/Back,152.83,170.88,115.91,132.9,144.81,139.42,144.81,139.42
1188,64,Front/Back,161.11,168.77,126.08,130.78,146.11,142.93,146.11,142.93
1188,65,Front/Back,166.49,180.0,131.46,142.01,144.82,140.56,134.55,140.56
1188,66,Front/Back,170.4,180.0,139.63,146.29,147.43,141.71,129.66,141.71
1188,67,Front/Back,179.98,180.0,147.32,146.29,144.82,141.7,130.61,141.7
1188,68,Front/Back,174.98,180.0,140.58,146.38,144.82,141.71,130.61,141.71
1188,69,Front/Back,172.65,180.0,138.9,146.38,137.79,142.93,137.79,142.93
1188,70,Front/Back,167.12,162.36,131.84,126.68,137.79,154.0,137.79,154.0
1188,71,Front/Back,173.43,159.81,136.73,124.34,137.79,159.52,137.79,159.52
1188,72,Front/Back,174.98,157.59,138.77,122.39,142.35,161.7,128.15,161.7
1188,73,Front/Back,174.98,153.11,138.77,117.41,150.26,164.18,124.16,164.18
1188,74,Front/Back,174.98,153.11,140.63,117.41,180.0,167.08,149.73,167.08
1188,75,Front/Back,174.98,151.65,140.63,116.51,175.37,157.54,152.45,157.54
1189,1,Side,152.74,149.99,170.76,162.05,178.81,178.89,175.91,173.63
1189,2,Side,155.05,149.13,171.66,160.9,179.41,179.4,177.92,174.46
1189,3,Side,156.14,149.18,170.18,161.6,178.92,178.46,179.91,174.73
1189,4,Side,156.33,146.41,167.0,155.99,176.35,178.1,178.87,174.78
1189,5,Side,160.06,146.45,169.88,155.99,173.98,177.13,177.8,175.08
1189,6,Side,163.69,140.72,168.74,153.11,172.32,177.62,178.9,172.39
1189,7,Side,162.59,136.74,167.1,148.05,172.87,180.0,179.05,175.99
1189,8,Side,161.45,131.06,163.16,142.13,173.08,179.26,179.85,173.86
1189,9,Side,161.83,129.22,161.97,140.29,171.53,176.81,177.24,172.47
1189,10,Side,163.65,124.29,160.31,134.07,170.69,178.34,177.15,173.43
1189,11,Side,164.32,125.77,157.6,137.07,170.18,175.67,175.99,173.23
1189,12,Side,162.41,120.86,151.54,133.87,170.0,172.04,175.96,166.4
1189,13,Side,158.36,114.23,146.8,125.25,170.37,172.49,177.19,167.11
1189,14,Side,156.75,108.46,148.23,114.33,170.16,169.87,175.88,166.11
1189,15,Side,150.04,111.54,141.34,113.09,173.09,166.33,178.84,165.46
1189,16,Side,140.79,105.75,130.3,105.75,174.95,164.48,178.22,164.48
1189,17,Side,123.99,102.11,113.74,109.22,178.1,167.44,175.85,165.81
1189,18,Side,112.63,97.37,103.19,105.44,178.58,171.92,170.81,171.16
1189,19,Side,99.08,93.27,88.41,99.13,178.87,171.53,170.36,171.53
1189,20,Side,73.57,80.71,56.35,90.3,176.58,175.28,173.39,170.72
1189,21,Side,68.02,78.43,51.23,88.75,174.27,174.53,175.88,169.73
1189,22,Side,67.83,76.59,49.33,84.7,171.28,174.13,178.52,169.07
1189,23,Side,66.8,78.9,48.84,81.87,170.49,171.86,179.79,169.41
1189,24,Side,64.28,78.48,46.94,85.21,170.13,171.39,179.89,167.64
1189,25,Side,60.95,77.77,45.15,81.79,168.05,170.76,179.01,165.94
1189,26,Side,58.3,69.31,44.79,65.22,170.4,170.72,177.09,165.34
1189,27,Side,55.57,66.39,43.57,65.58,168.46,169.46,179.06,165.44
1189,28,Side,54.83,66.39,43.57,63.55,167.35,171.49,178.17,167.47
1189,29,Side,52.5,69.5,45.0,65.42,168.21,172.55,179.13,167.77
1189,30,Side,53.97,70.14,42.06,62.72,168.21,172.91,180.0,167.53
1189,31,Side,57.87,71.93,46.54,62.68,167.95,174.28,179.25,171.69
1189,32,Side,63.84,75.49,49.7,66.93,167.2,172.71,178.65,168.87
1189,33,Side,67.74,89.09,51.78,79.51,168.63,174.04,179.47,170.13
1189,34,Side,75.75,93.83,58.19,83.61,169.7,169.93,178.85,165.22
1189,35,Side,79.34,99.6,62.64,88.78,168.35,168.02,177.21,163.47
1189,36,Side,90.18,103.87,76.08,91.24,171.65,166.23,177.26,162.61
1189,37,Side,100.77,108.88,89.67,98.84,174.16,166.34,176.68,161.85
1189,38,Side,113.63,117.52,103.71,115.92,175.55,168.2,175.51,164.06
1189,39,Side,135.37,122.45,127.92,121.02,174.77,168.27,175.6,167.44
1189,40,Side,144.85,125.25,138.59,125.64,173.92,170.11,178.71,171.0
1189,41,Side,147.45,129.81,145.3,134.73,177.85,172.72,172.65,172.66
1189,42,Side,151.8,133.91,151.41,139.8,177.83,172.09,173.95,166.78
1189,43,Side,162.6,138.68,167.48,146.68,175.92,173.61,176.63,170.2
1190,1,Front/Back,179.97,179.97,179.97,179.97,179.97,179.98,179.97,179.97
1190,2,Front/Back,154.15,153.29,165.18,166.91,168.95,166.37,148.37,163.35
1190,3,Front/Back,143.79,147.87,162.1,157.36,161.67,163.51,148.13,161.31
1190,4,Front/Back,141.43,159.65,157.34,152.65,164.09,180.0,146.19,159.61
1190,5,Front/Back,137.5,157.63,155.37,150.63,162.13,180.0,144.43,156.46
1190,6,Front/Back,129.62,155.94,145.35,152.03,164.28,174.14,146.36,158.02
1190,7,Front/Back,124.23,150.59,137.41,157.03,166.82,161.76,157.04,163.01
1190,8,Front/Back,130.54,144.54,130.54,156.25,180.0,156.5,141.13,152.93
1190,9,Front/Back,124.31,145.58,124.31,159.68,180.0,154.1,135.02,133.7
1190,10,Front/Back,118.51,151.18,118.51,180.0,180.0,151.18,144.41,150.86
1190,11,Front/Back,113.03,150.34,113.03,180.0,180.0,150.34,144.61,163.35
1190,12,Front/Back,107.76,150.35,107.76,165.21,180.0,150.35,141.03,139.6
1190,13,Front/Back,102.67,134.59,102.67,155.74,180.0,152.07,148.22,131.57
1190,14,Front/Back,97.73,131.15,97.73,144.68,170.12,139.48,140.71,127.37
1190,15,Front/Back,93.13,127.85,93.13,139.18,164.8,133.46,138.56,128.77
1190,16,Front/Back,93.05,127.44,87.49,138.13,163.72,126.74,140.81,126.4
1190,17,Front/Back,97.63,131.05,97.63,132.82,164.71,130.56,139.28,117.22
1190,18,Front/Back,101.62,134.56,101.62,130.94,161.98,133.86,134.82,110.39
1190,19,Front/Back,106.3,134.59,102.71,127.84,160.45,133.86,133.19,108.12
1190,20,Front/Back,106.14,158.25,93.14,151.94,159.08,138.35,126.31,107.85
1190,21,Front/Back,109.49,180.0,97.02,161.46,159.98,149.12,125.34,115.91
1190,22,Front/Back,111.92,168.77,94.25,160.83,167.03,142.53,127.05,108.93
1190,23,Front/Back,115.43,166.49,98.27,160.81,172.71,143.29,130.51,111.03
1190,24,Front/Back,117.98,165.92,101.45,160.83,170.89,161.87,128.34,134.26
1190,25,Front/Back,120.17,164.55,103.64,160.81,180.0,164.57,132.89,136.85
1190,26,Front/Back,121.8,163.93,106.06,160.28,180.0,163.94,129.94,135.62
1190,27,Front/Back,121.48,146.75,105.74,145.82,167.14,146.48,124.35,131.61
1190,28,Front/Back,118.67,136.79,102.93,140.2,169.01,142.15,127.63,133.26
1190,29,Front/Back,116.92,135.24,101.17,129.23,174.69,136.25,136.1,130.9
1190,30,Front/Back,116.08,118.51,100.34,115.11,180.0,132.37,134.13,123.35
1190,31,Front/Back,113.02,119.3,98.23,118.11,180.0,129.98,132.69,135.16
1190,32,Front/Back,111.07,120.46,95.33,114.49,180.0,129.76,137.11,130.49
1190,33,Front/Back,109.05,132.54,93.31,126.12,170.59,131.58,139.92,128.14
1190,34,Front/Back,107.54,134.85,90.41,128.28,180.0,159.62,143.86,136.49
1190,35,Front/Back,107.04,144.21,85.43,132.6,164.78,164.57,146.32,140.48
1190,36,Front/Back,107.22,146.78,85.27,137.94,163.95,161.76,153.13,145.32
1190,37,Front/Back,107.19,142.8,79.87,125.62,166.5,167.57,153.53,148.63
1190,38,Front/Back,108.3,154.93,80.14,125.42,160.05,148.12,134.75,148.12
1190,39,Front/Back,110.7,143.71,78.43,115.57,169.43,148.63,140.71,148.63
1190,40,Front/Back,114.4,145.04,81.24,116.9,180.0,151.5,153.03,151.5
1190,41,Front/Back,123.16,148.55,91.77,120.88,180.0,180.0,152.46,152.12
1190,42,Front/Back,118.28,148.21,86.85,118.57,180.0,180.0,174.63,146.18
1190,43,Front/Back,119.41,151.59,88.02,129.42,180.0,180.0,176.07,143.95
1190,44,Front/Back,120.56,149.34,89.28,134.55,180.0,180.0,180.0,144.67
1190,45,Front/Back,121.72,149.76,90.62,136.33,180.0,180.0,180.0,144.67
1190,46,Front/Back,123.16,152.67,89.25,140.88,180.0,180.0,146.36,145.09
1190,47,Front/Back,125.56,154.32,89.26,142.52,180.0,180.0,146.21,145.09
1190,48,Front/Back,126.8,151.59,90.52,141.83,180.0,180.0,146.21,141.88
1190,49,Front/Back,129.33,155.22,93.06,140.12,180.0,180.0,144.41,139.96
1190,50,Front/Back,130.63,155.01,96.82,145.24,180.0,180.0,144.41,138.89
1190,51,Front/Back,133.32,157.15,99.51,143.73,180.0,180.0,142.72,137.07
1190,52,Front/Back,133.59,170.07,99.79,144.98,180.0,180.0,152.2,137.07
1190,53,Front/Back,135.29,180.0,104.0,152.36,180.0,180.0,152.31,139.96
1190,54,Front/Back,137.06,180.0,105.78,154.91,180.0,180.0,152.46,153.02
1190,55,Front/Back,141.26,180.0,109.98,152.36,180.0,180.0,150.54,149.07
1190,56,Front/Back,142.88,180.0,111.6,164.9,180.0,180.0,155.2,146.79
1191,1,Front/Back,179.98,179.98,179.98,179.98,179.98,179.98,179.98,179.98
1191,2,Front/Back,157.07,158.15,150.35,180.0,180.0,158.15,179.99,180.0
1191,3,Front/Back,155.22,140.77,146.07,175.07,180.0,145.69,179.99,180.0
1191,4,Front/Back,145.58,120.68,142.88,141.98,171.96,152.85,179.99,180.0
1191,5,Front/Back,149.79,111.66,137.95,138.81,180.0,152.85,168.42,180.0
1191,6,Front/Back,138.31,107.14,138.48,134.0,167.25,153.14,161.72,180.0
1191,7,Front/Back,129.75,122.34,126.85,122.12,163.28,162.75,171.79,180.0
1191,8,Front/Back,121.47,117.45,118.22,124.57,163.53,163.3,155.35,180.0
1191,9,Front/Back,121.93,112.77,116.2,112.1,166.11,162.75,161.72,180.0
1191,10,Front/Back,96.48,111.44,111.88,110.33,145.26,163.3,180.0,180.0
1191,11,Front/Back,96.06,99.76,124.42,122.4,140.89,139.9,150.35,155.54
1191,12,Front/Back,91.96,94.32,113.76,119.5,140.99,137.36,180.0,162.87
1191,13,Front/Back,102.43,94.46,109.91,107.3,149.93,144.09,168.95,168.96
1191,14,Front/Back,94.5,96.44,108.13,104.74,143.79,144.09,164.73,180.0
1191,15,Front/Back,136.23,128.73,113.64,97.19,151.52,159.28,151.52,159.28
1191,16,Front/Back,138.78,127.02,112.66,113.54,145.14,142.1,145.14,156.23
1191,17,Front/Back,139.47,137.77,109.49,106.23,149.26,156.01,149.26,156.01
1191,18,Front/Back,105.93,139.12,103.87,104.05,145.48,156.01,180.0,156.01
1191,19,Front/Back,107.98,103.22,103.12,103.53,145.36,144.41,180.0,180.0
1191,20,Front/Back,112.34,97.58,107.58,104.93,145.26,137.36,180.0,180.0
1191,21,Front/Back,106.32,89.77,103.15,97.4,140.93,133.77,180.0,180.0
1191,22,Front/Back,98.78,89.91,100.92,96.37,138.36,134.94,180.0,180.0
1191,23,Front/Back,93.26,92.32,97.91,99.6,135.85,137.36,180.0,180.0
1191,24,Front/Back,93.38,94.41,99.71,104.12,137.09,138.53,180.0,180.0
1191,25,Front/Back,95.05,102.8,100.94,135.24,138.36,139.75,180.0,180.0
1191,26,Front/Back,94.58,100.68,103.66,121.32,138.36,142.49,180.0,180.0
1191,27,Front/Back,114.49,94.22,112.72,113.82,153.78,150.62,180.0,180.0
1191,28,Front/Back,120.85,100.92,109.33,124.64,163.53,126.19,180.0,155.75
1191,29,Front/Back,114.56,103.28,114.33,125.06,154.1,152.37,180.0,180.0
1191,30,Front/Back,122.97,106.37,112.07,126.38,163.28,131.21,180.0,159.03
1191,31,Front/Back,131.27,116.12,127.0,134.29,160.35,154.02,180.0,180.0
1191,32,Front/Back,132.07,120.09,136.58,132.36,162.91,158.15,180.0,180.0
1191,33,Front/Back,130.53,124.5,134.11,134.2,163.28,160.52,180.0,180.0
1191,34,Front/Back,131.52,125.43,144.84,142.22,154.1,163.21,180.0,180.0
1191,35,Front/Back,138.65,131.72,148.68,145.32,158.12,166.4,180.0,180.0
1191,36,Front/Back,144.79,140.46,147.74,150.27,166.3,170.19,180.0,180.0
1191,37,Front/Back,127.48,155.16,144.57,174.85,162.91,160.31,180.0,180.0
1192,1,Front/Back,179.98,179.98,179.97,179.97,179.98,179.98,179.98,179.98
1192,2,Front/Back,149.15,151.88,154.13,152.43,143.14,165.19,155.22,174.2
1192,3,Front/Back,123.94,126.05,144.61,148.1,150.01,144.68,180.0,177.25
1192,4,Front/Back,119.89,130.81,141.93,152.28,141.71,142.7,174.19,166.1
1192,5,Front/Back,113.1,115.83,137.09,138.47,145.23,140.82,180.0,166.2
1192,6,Front/Back,113.54,111.36,140.61,145.68,147.87,139.0,174.93,166.49
1192,7,Front/Back,96.78,105.49,133.7,129.32,143.08,139.08,180.0,179.99
1192,8,Front/Back,94.81,113.92,121.2,135.14,143.17,135.56,180.0,179.99
1192,9,Front/Back,90.41,123.48,118.95,143.12,141.02,137.25,180.0,166.49
1192,10,Front/Back,86.34,137.33,129.23,148.5,137.11,137.33,165.56,160.84
1192,11,Front/Back,81.75,137.33,126.46,148.5,135.3,137.33,151.37,156.78
1192,12,Front/Back,85.17,137.33,129.88,144.71,135.3,137.33,147.94,153.05
1192,13,Front/Back,87.57,137.44,130.44,144.71,137.13,137.44,147.94,143.73
1192,14,Front/Back,92.02,152.67,132.98,144.71,133.97,134.69,174.92,162.02
1192,15,Front/Back,115.54,153.11,139.96,144.71,122.76,127.76,147.19,154.65
1192,16,Front/Back,150.47,155.77,150.48,148.07,140.73,119.62,140.74,143.85
1192,17,Front/Back,115.33,155.77,139.64,145.28,118.47,122.03,142.78,146.26
1192,18,Front/Back,108.28,157.78,135.51,141.24,115.54,124.04,142.78,146.26
1192,19,Front/Back,103.17,146.96,114.15,141.8,112.89,115.86,142.78,129.53
1192,20,Front/Back,98.8,146.83,112.25,141.8,110.43,113.09,142.78,126.89
1192,21,Front/Back,98.01,139.08,115.24,140.85,108.27,121.09,142.93,142.58
1192,22,Front/Back,86.37,139.08,110.32,140.85,115.36,120.93,158.23,148.05
1192,23,Front/Back,88.91,124.16,110.97,128.63,117.27,122.67,158.23,148.05
1192,24,Front/Back,91.45,135.83,110.53,130.94,122.96,128.2,158.94,139.23
1192,25,Front/Back,99.71,133.25,125.16,129.09,127.03,130.94,141.54,158.27
1192,26,Front/Back,108.56,128.62,132.98,130.65,142.18,150.26,146.35,180.0
1192,27,Front/Back,99.04,128.85,124.37,130.61,132.27,139.05,163.45,168.79
1192,28,Front/Back,102.3,131.63,132.03,133.29,132.45,139.05,162.18,166.04
1192,29,Front/Back,103.4,147.38,135.59,156.78,134.72,147.38,166.92,180.0
1192,30,Front/Back,108.64,153.91,138.37,156.89,132.07,131.81,161.8,157.9
1192,31,Front/Back,113.15,151.37,142.88,156.89,132.07,129.27,161.8,157.9
1192,32,Front/Back,117.72,163.59,144.54,152.29,135.12,141.49,161.94,144.0
1192,33,Front/Back,138.75,179.99,138.76,152.29,158.22,154.52,158.23,130.77
1193,1,Side,162.38,166.74,140.65,166.01,162.94,166.05,142.82,163.26
1193,2,Side,162.38,160.53,140.65,165.48,162.94,158.85,145.04,167.07
1193,3,Side,162.38,155.21,140.65,163.28,162.94,158.27,145.82,167.78
1193,4,Side,162.38,162.38,140.65,170.91,162.94,162.94,148.29,165.07
1193,5,Side,162.38,158.94,144.34,172.21,162.94,162.35,150.05,165.31
1193,6,Side,162.38,154.62,147.41,172.67,162.94,161.67,152.85,164.99
1193,7,Side,162.38,146.87,152.47,165.81,162.94,160.44,154.15,163.2
1193,8,Side,162.38,137.05,159.02,154.0,162.94,160.91,155.56,160.49
1193,9,Side,162.38,131.77,167.73,152.6,162.94,158.21,157.57,159.44
1193,10,Side,162.38,124.11,178.03,147.64,162.94,155.56,159.33,159.38
1193,11,Side,162.38,118.87,170.66,144.28,162.94,154.64,159.92,157.13
1193,12,Side,162.38,113.49,165.46,141.38,162.94,153.87,169.56,157.86
1193,13,Side,162.38,105.42,155.4,135.56,162.94,154.27,178.82,156.79
1193,14,Side,162.38,88.99,144.09,120.09,162.94,154.06,169.68,156.91
1193,15,Side,162.38,85.75,115.48,118.35,162.94,155.24,154.02,155.51
1193,16,Side,162.38,84.21,105.43,112.56,162.94,164.36,146.9,156.98
1193,17,Side,162.38,73.63,95.72,102.64,162.94,168.2,138.56,156.49
1193,18,Side,162.38,69.28,95.0,100.82,162.94,171.02,130.71,156.96
1193,19,Side,162.38,66.87,81.99,97.39,162.94,174.68,122.66,158.39
1193,20,Side,162.38,61.15,75.89,93.45,162.94,179.89,114.13,157.88
1193,21,Side,162.38,56.08,62.22,88.0,162.94,177.09,111.64,161.45
1193,22,Side,162.38,49.64,43.79,81.24,162.94,178.55,109.54,163.82
1193,23,Side,162.38,44.87,34.29,73.61,162.94,178.33,109.48,165.11
1193,24,Side,162.38,41.33,25.79,63.71,162.94,174.51,107.56,166.43
1193,25,Side,162.38,34.56,25.35,60.75,162.94,174.51,105.91,167.42
1193,26,Side,162.38,27.48,26.83,52.98,162.94,170.12,104.67,168.97
1193,27,Side,162.38,18.43,28.38,46.97,162.94,177.8,109.84,174.86
1193,28,Side,162.38,13.0,30.01,41.25,162.94,173.52,113.14,171.42
1193,29,Side,162.38,10.54,31.71,42.66,162.94,174.36,114.86,173.22
1193,30,Side,162.38,10.19,33.49,36.87,162.94,171.1,117.9,170.31
1193,31,Side,162.38,1.13,35.36,28.46,162.94,171.78,118.54,171.58
1193,32,Side,162.38,5.33,37.31,34.58,162.94,175.2,119.8,170.25
1193,33,Side,162.38,7.38,39.35,37.76,162.94,170.91,121.96,167.08
1193,34,Side,162.38,10.24,41.47,42.08,162.94,174.31,123.1,166.21
1193,35,Side,162.38,20.4,43.67,47.29,162.94,176.63,125.61,163.22
1193,36,Side,162.38,25.72,45.96,50.44,162.94,178.64,128.2,159.83
1193,37,Side,162.38,29.28,48.33,53.99,162.94,175.43,129.65,163.92
1193,38,Side,162.38,36.11,50.77,60.08,162.94,175.98,132.26,162.28
1193,39,Side,162.38,44.02,53.28,65.75,162.94,173.91,134.12,163.79
1193,40,Side,162.38,52.15,55.86,72.68,162.94,174.5,137.09,163.4
1193,41,Side,162.38,59.35,58.49,77.94,162.94,175.87,134.86,161.85
1193,42,Side,162.38,68.52,59.28,84.29,162.94,174.96,142.54,161.44
1193,43,Side,162.38,75.23,83.84,94.86,162.94,172.34,147.51,162.1
1193,44,Side,162.38,85.76,105.43,102.62,162.94,170.31,158.14,167.8
1193,45,Side,162.38,95.28,131.1,111.58,162.94,168.86,165.61,166.64
1193,46,Side,162.38,103.3,151.22,116.33,162.94,170.24,172.9,166.3
1193,47,Side,162.38,114.9,168.53,133.37,162.94,168.76,179.23,168.0
1193,48,Side,162.38,121.68,179.63,139.3,162.94,164.29,176.97,172.61
1193,49,Side,162.38,124.19,178.47,140.72,162.94,162.82,175.73,174.75
1193,50,Side,162.38,130.64,164.57,146.77,162.94,160.8,168.25,176.67
1193,51,Side,162.38,139.25,159.6,151.53,162.94,163.29,164.9,173.81
1193,52,Side,162.38,143.69,153.26,156.09,162.94,163.07,161.97,172.71
1193,53,Side,162.38,146.4,155.65,162.55,162.94,157.75,162.97,172.76
1193,54,Side,162.38,151.79,151.73,167.53,162.94,157.48,160.46,172.23
1193,55,Side,162.38,157.97,141.86,172.22,162.94,158.97,151.44,170.65
1193,56,Side,162.38,161.67,146.13,175.43,162.94,159.47,154.84,169.46
1193,57,Side,162.38,163.03,138.56,172.78,162.94,159.65,146.71,167.83
1193,58,Side,162.38,163.08,138.08,168.85,162.94,159.83,145.12,169.46
1193,59,Side,162.38,164.6,137.63,168.32,162.94,159.37,143.53,170.52
1194,1,Side,154.99,167.6,157.47,164.79,153.49,145.77,143.09,112.78
1194,2,Side,153.43,170.98,156.58,170.85,156.14,150.55,145.0,116.61
1194,3,Side,158.02,170.13,161.29,170.79,157.08,154.12,143.31,116.02
1194,4,Side,157.94,170.34,161.29,167.44,157.16,151.76,143.31,114.66
1194,5,Side,152.48,169.41,156.51,167.31,169.37,154.44,155.55,116.4
1194,6,Side,152.32,169.31,156.51,169.28,170.46,156.2,155.54,118.99
1194,7,Side,151.18,165.41,158.7,167.24,175.6,161.9,161.57,127.26
1194,8,Side,127.37,161.22,137.28,165.08,178.89,168.38,165.57,138.64
1194,9,Side,122.97,143.96,132.88,150.4,174.85,175.25,175.91,153.52
1194,10,Side,103.2,143.4,115.95,154.36,165.12,175.16,175.14,165.59
1194,11,Side,85.85,131.65,100.71,149.53,159.84,163.11,178.51,179.15
1194,12,Side,75.58,128.59,91.53,147.84,156.4,168.8,178.31,174.3
1194,13,Side,62.94,123.66,80.1,145.52,155.56,168.38,179.89,174.34
1194,14,Side,53.7,116.93,69.36,141.4,157.56,167.93,179.0,175.22
1194,15,Side,42.29,104.36,58.9,132.75,156.79,166.49,179.59,175.28
1194,16,Side,36.7,93.26,54.53,124.62,158.77,166.9,173.06,175.24
1194,17,Side,28.92,82.01,43.9,110.25,161.58,170.22,175.53,178.27
1194,18,Side,21.95,60.21,35.41,83.97,164.34,173.89,175.43,178.14
1194,19,Side,8.38,13.29,12.96,2.52,174.38,173.65,175.32,176.32
1194,20,Side,4.68,31.59,5.96,17.79,179.84,168.92,174.02,171.65
1194,21,Side,6.47,32.84,0.43,17.89,178.09,170.09,176.19,174.82
1194,22,Side,8.18,29.06,5.86,18.98,176.43,164.68,177.2,173.07
1194,23,Side,9.86,33.3,14.83,21.25,174.87,161.14,176.1,172.02
1194,24,Side,11.56,34.2,21.1,23.58,173.31,159.42,177.2,173.03
1194,25,Side,11.56,32.86,27.33,25.87,174.61,157.9,177.27,174.32
1194,26,Side,13.24,30.95,33.36,27.17,171.71,158.52,174.85,176.98
1194,27,Side,13.23,31.28,37.16,27.39,171.86,157.45,174.83,174.49
1194,28,Side,12.3,31.81,38.85,26.76,173.99,157.28,176.99,174.03
1194,29,Side,12.4,33.37,40.41,28.2,175.54,157.4,179.64,172.75
1194,30,Side,11.64,33.0,42.31,26.89,176.44,158.34,178.49,172.6
1194,31,Side,14.77,33.94,43.75,27.02,167.46,156.24,172.5,171.09
1194,32,Side,11.78,34.62,43.55,28.26,173.58,155.5,175.49,168.15
1194,33,Side,11.84,34.72,43.34,28.24,172.17,153.59,173.99,170.24
1194,34,Side,11.9,35.65,43.13,28.22,170.57,149.3,173.47,161.39
1194,35,Side,11.2,36.94,40.8,30.98,169.9,147.49,171.96,160.52
1194,36,Side,10.97,37.05,40.58,30.96,169.36,148.15,172.26,161.3
1194,37,Side,10.75,42.42,40.35,38.43,168.55,147.13,172.27,162.53
1194,38,Side,10.52,43.37,40.13,38.47,166.56,149.19,169.89,167.0
1194,39,Side,10.29,43.55,39.9,38.51,165.7,148.17,167.36,169.38
1194,40,Side,10.06,47.11,35.88,40.64,167.76,147.38,169.12,169.78
1194,41,Side,9.82,47.34,35.63,40.73,162.4,147.53,159.72,171.87
1194,42,Side,9.59,47.57,35.39,40.81,167.97,147.67,167.15,171.87
1194,43,Side,9.34,45.48,37.19,38.52,163.02,147.88,158.32,171.87
1194,44,Side,9.1,45.73,36.94,38.57,164.07,147.45,158.9,169.16
1194,45,Side,8.85,45.93,36.69,38.63,165.11,148.22,159.48,170.13
1194,46,Side,8.61,45.26,36.44,38.69,168.02,147.48,163.02,171.2
1194,47,Side,8.35,45.46,36.18,38.75,169.05,147.62,163.57,169.78
1194,48,Side,8.1,33.96,48.53,27.31,173.23,149.2,168.34,171.98
1194,49,Side,7.84,43.64,31.6,37.13,172.53,147.28,167.23,169.16
1194,50,Side,7.58,43.82,31.32,37.17,175.26,149.2,170.62,172.35
1194,51,Side,7.32,43.18,31.05,37.2,176.48,146.74,171.36,169.16
1194,52,Side,7.05,41.69,28.59,34.7,177.46,148.93,171.84,169.26
1194,53,Side,6.78,41.84,28.3,34.7,179.73,149.69,175.44,168.0
1194,54,Side,6.51,42.87,23.75,34.7,179.77,146.91,173.15,159.04
1194,55,Side,6.24,43.02,23.43,34.7,177.98,148.96,176.12,160.58
1194,56,Side,5.96,40.27,16.34,30.91,178.33,149.32,174.02,158.68
1194,57,Side,5.68,40.63,11.87,30.21,177.79,150.37,174.02,157.64
1194,58,Side,5.4,40.35,3.87,27.91,177.57,154.95,172.47,160.34
1194,59,Side,5.11,47.34,0.65,34.7,177.51,153.94,172.13,157.0
1194,60,Side,4.83,49.47,6.98,34.7,178.1,157.29,169.93,158.21
1194,61,Side,4.54,108.47,12.49,124.04,178.73,157.88,167.75,158.89
1194,62,Side,6.21,102.3,13.52,115.42,179.17,158.81,166.29,156.0
1194,63,Side,10.7,110.13,18.15,124.29,179.02,161.37,166.03,157.24
1194,64,Side,14.88,87.91,20.01,100.51,178.7,160.55,165.69,157.3
1194,65,Side,19.3,87.55,24.4,101.16,178.67,163.6,165.59,160.3
1194,66,Side,22.86,88.14,28.09,102.35,179.92,168.27,167.9,167.41
1194,67,Side,24.34,101.61,26.36,111.37,179.41,163.12,169.1,164.83
1194,68,Side,30.29,107.15,26.75,115.2,178.7,162.76,171.87,163.07
1194,69,Side,29.43,112.15,24.98,119.2,179.62,162.52,172.92,162.67
1194,70,Side,34.99,115.34,27.64,120.67,179.48,162.7,174.01,161.54
1194,71,Side,36.45,120.89,30.24,126.31,177.69,163.62,175.64,165.32
1194,72,Side,34.87,121.98,28.52,124.62,176.33,163.3,178.32,161.93
1194,73,Side,37.61,125.44,31.37,129.22,176.1,166.33,178.44,163.82
1194,74,Side,39.54,132.57,32.18,136.3,175.14,166.89,177.37,164.35
1194,75,Side,40.33,139.74,33.1,142.7,169.58,172.35,170.48,172.66
1194,76,Side,42.24,137.57,38.54,141.56,162.8,174.73,168.48,175.48
1194,77,Side,46.72,141.29,43.34,143.63,162.48,175.12,168.76,176.82
1194,78,Side,55.46,148.44,49.23,150.93,164.36,170.03,169.99,167.7
1194,79,Side,59.38,149.23,52.42,149.81,166.24,170.22,171.21,166.6
1194,80,Side,67.82,153.18,61.15,154.21,165.94,171.99,171.46,168.94
1194,81,Side,78.33,154.21,71.98,155.58,166.79,171.01,174.24,166.54
1194,82,Side,78.65,152.85,72.62,155.31,167.59,171.7,175.49,167.21
1194,83,Side,89.16,152.1,82.41,155.78,168.78,177.38,176.61,174.14
1194,84,Side,89.72,148.46,82.9,151.29,169.97,178.85,177.73,174.38
1194,85,Side,90.26,147.23,83.38,151.07,171.22,178.77,177.58,172.08
1194,86,Side,94.25,145.83,90.35,153.69,171.29,179.56,179.91,171.81
1194,87,Side,81.32,138.34,76.96,141.92,172.86,178.84,178.69,172.09
1194,88,Side,80.79,135.48,77.17,140.47,173.23,179.38,177.58,172.09
1194,89,Side,81.19,135.38,77.69,140.32,174.21,179.17,176.37,173.2
1194,90,Side,80.6,131.69,77.82,138.3,174.59,178.05,175.27,175.63
1194,91,Side,83.47,129.84,81.6,137.5,174.78,178.11,174.08,174.28
1194,92,Side,87.13,130.12,88.43,137.5,173.45,178.71,174.37,174.97
1194,93,Side,91.0,131.94,92.42,136.48,173.52,177.34,174.08,170.06
1194,94,Side,96.6,133.2,97.58,137.75,174.84,177.34,171.91,169.89
1194,95,Side,105.1,134.38,107.51,138.93,173.61,176.24,170.27,168.79
1194,96,Side,107.93,135.49,110.47,140.03,173.48,176.6,170.27,169.33
1194,97,Side,110.21,135.7,114.57,140.03,173.96,176.39,171.35,169.33
1194,98,Side,115.16,138.83,119.52,148.32,173.05,178.26,172.19,169.13
1194,99,Side,115.65,139.74,119.52,147.91,173.98,179.27,171.82,169.46
1194,100,Side,117.35,139.18,122.01,147.91,172.01,179.09,171.67,169.25
1194,101,Side,119.89,140.18,124.3,148.67,171.44,178.24,173.76,172.91
1194,102,Side,123.14,134.66,126.77,144.46,172.03,176.93,172.65,169.04
1194,103,Side,121.59,135.51,126.77,145.3,168.03,176.93,172.52,166.44
1194,104,Side,121.84,137.68,126.77,149.74,167.04,179.32,173.76,158.99
1194,105,Side,122.6,137.93,126.77,149.74,169.04,178.64,170.07,156.47
1194,106,Side,125.5,138.39,131.55,150.46,168.04,179.41,170.06,156.18
1194,107,Side,129.36,138.14,134.42,150.67,167.79,177.51,171.19,156.67
1194,108,Side,131.87,136.8,136.38,151.34,166.99,170.86,172.3,161.02
1194,109,Side,131.87,136.8,136.38,151.34,165.77,168.47,172.2,163.42
1194,110,Side,133.64,137.73,138.15,152.38,164.6,162.04,171.67,170.4
1194,111,Side,136.02,138.3,139.76,152.96,164.26,159.23,172.59,174.56
1194,112,Side,137.7,139.48,143.18,152.96,163.53,160.41,172.32,173.37
1194,113,Side,134.25,142.77,140.29,153.51,161.78,162.04,172.65,173.34
1194,114,Side,134.45,144.08,140.29,154.03,160.84,161.69,171.18,174.48
1194,115,Side,134.82,147.83,140.29,158.26,158.8,162.33,173.89,175.84
1194,116,Side,131.57,150.18,137.56,161.76,157.13,161.9,174.42,177.24
1194,117,Side,134.48,150.18,142.45,161.76,160.25,161.9,168.93,177.24
1194,118,Side,135.35,150.18,142.45,161.76,161.12,160.74,170.04,179.62
1194,119,Side,135.51,160.23,142.45,168.69,159.99,164.62,171.02,177.11
1194,120,Side,135.51,160.23,142.45,168.69,159.99,165.88,171.02,174.72
1194,121,Side,140.44,158.69,149.04,167.15,160.52,167.09,172.16,173.69
1194,122,Side,149.7,160.08,156.16,170.54,164.38,163.83,171.59,178.44
1195,1,Side,175.97,168.04,176.83,168.12,134.41,156.15,115.72,115.72
1195,2,Side,178.1,169.48,168.69,173.19,134.17,161.39,115.72,129.72
1195,3,Side,170.13,169.15,159.62,173.11,135.23,166.95,115.72,140.19
1195,4,Side,164.19,167.96,154.3,173.05,136.05,174.62,115.72,152.76
1195,5,Side,153.23,171.01,141.78,176.36,136.88,176.74,115.72,168.04
1195,6,Side,148.83,175.14,137.39,180.0,136.88,179.71,115.72,171.03
1195,7,Side,131.73,165.4,106.13,174.56,135.21,170.84,113.76,175.68
1195,8,Side,120.22,168.93,94.62,180.0,134.99,166.07,115.74,178.92
1195,9,Side,107.4,164.44,81.81,172.3,134.74,166.36,117.61,174.97
1195,10,Side,93.21,161.79,67.61,172.13,135.21,163.67,119.56,173.16
1195,11,Side,82.79,162.82,63.99,175.75,132.9,163.24,118.77,173.51
1195,12,Side,69.13,162.43,50.34,175.27,133.7,164.87,119.09,173.77
1195,13,Side,61.12,164.4,42.32,179.53,132.9,164.87,118.77,175.76
1195,14,Side,60.8,163.87,36.67,179.4,133.7,164.48,119.09,177.84
1195,15,Side,55.65,153.7,34.06,175.67,130.95,160.76,113.11,180.0
1195,16,Side,52.61,165.23,30.65,172.45,133.28,169.54,117.8,178.12
1195,17,Side,48.14,164.99,26.18,173.79,132.08,168.12,116.25,177.27
1195,18,Side,43.85,170.46,21.89,168.38,133.65,166.94,117.33,178.46
1195,19,Side,38.85,171.13,17.25,150.0,136.99,169.81,120.56,177.31
1195,20,Side,35.13,162.89,13.54,145.9,137.7,172.63,121.32,176.26
1195,21,Side,31.65,136.95,10.05,125.22,139.61,178.86,124.27,171.7
1195,22,Side,31.07,132.56,9.48,116.64,138.41,175.94,122.07,172.72
1195,23,Side,31.07,130.95,9.48,115.01,137.24,178.29,119.91,171.46
1195,24,Side,30.53,121.13,9.27,103.95,135.44,178.29,117.73,172.51
1195,25,Side,30.02,107.59,8.76,90.7,134.99,177.87,115.74,167.77
1195,26,Side,30.02,88.85,11.22,72.88,132.83,179.25,111.76,173.62
1195,27,Side,36.31,155.99,15.05,135.72,124.75,175.56,101.9,175.04
1195,28,Side,38.73,154.98,17.47,176.07,121.17,178.13,96.63,170.71
1195,29,Side,38.73,121.66,17.47,140.19,120.32,178.31,95.05,167.59
1195,30,Side,39.54,131.31,18.28,149.83,115.98,175.9,91.01,166.3
1195,31,Side,42.13,122.52,20.87,141.8,115.98,174.08,91.01,163.71
1195,32,Side,42.13,117.2,20.87,138.74,115.98,176.34,91.01,161.64
1195,33,Side,43.08,121.65,21.82,144.72,115.98,175.82,91.01,157.32
1195,34,Side,44.09,123.98,22.83,149.14,115.98,172.69,91.01,145.24
1195,35,Side,45.83,101.4,24.57,129.17,115.98,178.7,91.01,144.24
1195,36,Side,46.94,105.29,25.68,133.67,115.98,176.46,91.01,137.98
1195,37,Side,46.94,117.46,25.68,145.48,115.98,174.57,91.01,133.96
1195,38,Side,48.12,113.29,26.86,140.32,115.98,174.92,91.01,130.72
1195,39,Side,49.37,110.43,28.11,135.77,115.98,179.89,91.01,136.81
1195,40,Side,41.38,117.08,20.12,134.73,115.98,173.42,91.01,133.14
1195,41,Side,42.44,118.46,21.18,142.64,115.98,173.64,91.01,126.79
1195,42,Side,44.41,117.28,20.71,140.68,115.98,173.95,91.01,130.2
1195,43,Side,45.59,120.99,21.89,144.31,115.98,174.25,91.01,129.41
1195,44,Side,44.41,123.27,21.49,147.21,115.98,175.6,91.01,128.2
1195,45,Side,44.41,122.54,21.49,145.72,115.98,175.26,91.01,126.99
1195,46,Side,47.52,112.22,24.6,130.82,115.98,175.19,91.01,126.53
1195,47,Side,47.52,111.73,24.6,129.61,115.98,174.48,91.01,123.62
1195,48,Side,48.82,114.34,25.9,132.16,115.98,175.14,91.01,122.01
1195,49,Side,50.7,113.88,25.56,131.03,115.98,174.47,91.01,115.67
1195,50,Side,52.12,117.5,26.98,133.38,115.98,172.75,91.01,112.11
1195,51,Side,53.93,112.76,28.79,131.08,115.98,173.93,91.01,111.52
1195,52,Side,55.46,119.79,30.32,136.65,115.98,170.88,91.01,110.28
1195,53,Side,57.09,122.95,31.95,138.59,115.98,167.79,91.01,111.87
1195,54,Side,57.09,123.17,31.95,137.67,115.98,165.72,91.01,112.77
1195,55,Side,58.83,126.47,33.69,139.48,115.98,163.34,91.01,112.56
1195,56,Side,60.56,122.34,35.43,134.96,115.98,162.95,91.01,114.32
1195,57,Side,60.68,128.39,35.54,140.29,115.98,163.12,91.01,112.36
1195,58,Side,68.61,128.8,43.47,142.52,115.98,164.94,91.01,111.3
1195,59,Side,70.92,131.07,45.78,143.68,115.98,159.72,91.01,98.09
1195,60,Side,69.32,135.03,44.18,146.18,115.98,159.27,91.01,97.38
1195,61,Side,71.82,137.13,46.68,147.18,115.98,157.15,91.01,95.53
1195,62,Side,70.14,129.26,45.0,136.82,115.98,153.4,91.01,95.95
1195,63,Side,72.4,130.65,47.26,138.22,115.98,154.34,91.01,98.66
1195,64,Side,72.4,131.55,47.26,137.55,115.98,152.77,91.01,98.77
1195,65,Side,74.77,132.87,49.64,138.88,115.98,153.74,91.01,99.61
1195,66,Side,77.26,134.09,52.13,140.11,115.98,160.03,91.01,111.59
1195,67,Side,77.26,139.19,54.34,143.97,115.98,152.7,91.01,100.61
1195,68,Side,80.2,140.36,57.28,144.96,115.98,152.52,91.01,99.71
1195,69,Side,82.03,146.14,59.11,148.58,115.98,148.55,91.01,98.81
1195,70,Side,85.39,147.04,62.47,149.35,115.98,148.43,91.01,96.27
1195,71,Side,103.83,153.66,80.91,158.07,115.98,157.39,91.01,100.78
1195,72,Side,103.83,152.15,80.91,157.74,115.98,158.57,91.01,100.78
1195,73,Side,99.74,146.74,76.82,154.07,115.98,161.29,91.01,101.76
1195,74,Side,99.74,145.55,76.82,153.69,115.98,163.11,91.01,102.77
1195,75,Side,113.29,152.9,90.37,160.52,115.98,163.61,91.01,105.51
1195,76,Side,117.86,152.08,94.95,160.78,115.98,164.7,91.01,104.66
1195,77,Side,119.08,154.16,96.16,162.87,115.98,166.34,91.01,106.29
1195,78,Side,113.29,146.99,90.37,155.1,115.98,167.83,91.01,105.44
1195,79,Side,117.86,146.04,94.95,155.47,115.98,177.16,91.01,116.21
1195,80,Side,117.86,145.07,94.95,155.16,115.98,172.48,91.01,108.12
1195,81,Side,122.26,145.45,99.34,155.52,115.98,179.32,91.01,116.79
1195,82,Side,123.81,147.48,100.89,157.54,115.98,178.2,91.01,114.72
1195,83,Side,130.39,151.05,107.47,160.12,115.98,176.81,91.01,115.28
1195,84,Side,130.39,149.82,107.47,159.86,115.98,175.94,91.01,117.02
1195,85,Side,134.79,150.05,111.87,160.07,115.98,174.22,91.01,116.13
1195,86,Side,151.55,150.42,128.64,161.79,115.98,175.57,91.01,116.3
1195,87,Side,154.54,152.35,131.62,163.72,115.98,175.57,91.01,116.3
1195,88,Side,156.96,152.61,134.04,163.98,115.98,174.39,91.01,114.13
1195,89,Side,162.22,154.3,141.55,166.05,115.98,178.37,91.01,114.2
1195,90,Side,162.22,157.53,141.55,167.88,115.98,175.89,91.01,113.11
1195,91,Side,164.08,155.51,143.41,164.51,115.98,175.42,91.01,113.62
1195,92,Side,164.08,154.3,143.41,164.69,115.98,177.92,91.01,115.76
1195,93,Side,165.76,157.53,145.08,166.53,115.98,175.42,91.01,112.65
1195,94,Side,165.76,158.89,145.08,166.53,115.98,169.77,91.01,106.41
1195,95,Side,163.57,157.99,142.9,166.64,115.98,170.79,91.01,104.54
1195,96,Side,163.57,158.32,142.9,166.64,115.98,170.46,91.01,104.54
1195,97,Side,169.05,164.64,148.38,168.43,115.98,159.88,91.01,95.52
1195,98,Side,172.79,164.64,152.12,168.43,115.98,159.88,91.01,95.52
1195,99,Side,174.17,164.69,153.5,168.48,115.98,159.88,91.01,95.35
1195,100,Side,179.41,159.83,159.92,168.48,115.98,171.87,91.01,100.78
1195,101,Side,178.7,159.88,160.63,168.53,115.98,171.87,91.01,100.78
1195,102,Side,178.7,165.89,160.63,168.53,115.98,159.46,91.01,94.15
1195,103,Side,175.14,161.07,164.18,168.53,115.98,173.01,91.01,100.87
1195,104,Side,175.14,152.71,164.18,165.63,115.98,179.32,91.01,105.44
1195,105,Side,174.7,153.89,164.63,165.63,115.98,179.26,91.01,107.17
1195,106,Side,177.48,153.89,161.85,165.63,115.98,177.23,91.01,107.26
1195,107,Side,176.96,155.05,162.37,165.63,115.98,180.0,91.01,107.47
1195,108,Side,176.96,152.5,162.37,164.24,115.98,177.61,91.01,108.71
1195,109,Side,176.96,153.66,162.37,164.24,115.98,179.16,91.01,109.59
1195,110,Side,176.96,156.42,162.37,167.65,115.98,179.98,91.01,109.59
1195,111,Side,174.3,157.55,167.47,167.65,115.98,178.44,91.01,110.41
1195,112,Side,174.3,157.55,167.47,167.65,115.98,179.74,91.01,111.72
1195,113,Side,174.3,159.52,167.47,167.65,115.98,170.77,91.01,98.0
1195,114,Side,174.3,160.6,167.47,167.65,115.98,173.65,91.01,108.67
1195,115,Side,174.3,164.87,167.47,169.15,115.98,169.08,91.01,106.88
1195,116,Side,174.3,168.59,167.47,172.75,115.98,166.36,91.01,106.12
1195,117,Side,174.3,166.74,167.47,169.15,115.98,167.21,91.01,107.63
1195,118,Side,174.3,167.6,167.47,169.15,115.98,166.85,91.01,107.89
1195,119,Side,174.3,165.72,167.47,165.89,115.98,163.54,91.01,99.0
1195,120,Side,174.3,166.57,167.47,165.89,115.98,162.68,91.01,99.93
1195,121,Side,174.3,167.52,167.47,165.89,115.98,161.74,91.01,99.46
1195,122,Side,174.3,177.44,167.47,172.65,115.98,158.34,91.01,99.46
1195,123,Side,174.3,177.44,167.47,172.65,115.98,158.34,91.01,99.46
1195,124,Side,174.3,178.29,167.47,172.65,115.98,156.3,91.01,98.28
1195,125,Side,174.3,178.29,167.47,172.65,115.98,156.3,91.01,98.28
1196,1,Front/Back,179.98,179.98,179.98,179.98,179.98,179.98,179.98,179.98
1196,2,Front/Back,161.62,165.9,151.46,169.2,156.96,157.29,156.96,159.11
1196,3,Front/Back,156.69,155.39,145.52,158.01,151.69,147.91,151.69,153.04
1196,4,Front/Back,152.95,148.76,151.38,150.81,132.97,143.9,147.19,145.58
1196,5,Front/Back,147.19,143.66,150.8,141.66,125.84,142.87,145.81,143.86
1196,6,Front/Back,156.69,139.41,139.81,137.04,134.18,139.6,134.18,146.69
1196,7,Front/Back,151.76,128.81,134.88,143.06,135.53,137.65,135.53,136.87
1196,8,Front/Back,118.46,122.47,140.4,142.56,122.76,130.53,144.7,138.33
1196,9,Front/Back,111.5,118.25,139.63,140.76,118.04,126.91,146.17,140.45
1196,10,Front/Back,108.67,115.05,134.34,122.68,119.33,126.6,145.0,148.23
1196,11,Front/Back,104.95,110.76,120.18,117.78,118.54,124.96,143.88,148.62
1196,12,Front/Back,108.64,111.5,109.28,112.1,121.69,125.44,140.03,148.05
1196,13,Front/Back,113.18,113.07,102.47,110.7,128.68,129.75,140.93,147.1
1196,14,Front/Back,128.16,126.65,97.15,106.78,137.33,145.37,137.33,145.37
1196,15,Front/Back,126.0,127.11,92.89,102.49,136.22,139.89,136.22,139.89
1196,16,Front/Back,124.1,125.28,89.21,98.62,135.05,137.73,135.05,137.73
1196,17,Front/Back,115.8,124.25,80.79,95.69,131.99,137.16,131.99,137.16
1196,18,Front/Back,114.23,123.93,79.15,95.36,131.99,136.14,131.99,136.14
1196,19,Front/Back,116.95,123.21,80.26,91.11,132.11,136.14,132.11,136.14
1196,20,Front/Back,116.75,120.71,80.1,86.98,132.86,136.68,132.86,136.68
1196,21,Front/Back,116.39,123.21,81.27,92.79,132.11,137.73,132.11,137.73
1196,22,Front/Back,121.2,125.96,86.19,99.25,133.13,137.91,133.13,137.91
1196,23,Front/Back,121.06,125.3,85.98,94.9,135.05,141.71,117.98,141.71
1196,24,Front/Back,131.6,130.66,99.85,102.05,136.13,145.85,119.07,145.85
1196,25,Front/Back,144.67,142.91,114.8,114.3,138.37,147.17,112.5,147.17
1196,26,Front/Back,160.89,153.92,131.01,125.3,143.06,147.17,102.26,147.17
1196,27,Front/Back,180.0,160.8,150.4,132.19,147.11,149.44,116.23,149.44
1196,28,Front/Back,180.0,180.0,150.59,151.44,148.55,155.84,121.98,155.84
1196,29,Front/Back,180.0,180.0,150.81,151.44,153.34,159.09,127.24,159.09
1196,30,Front/Back,180.0,180.0,159.84,151.52,158.99,171.87,135.08,171.87
1196,31,Front/Back,180.0,180.0,159.84,151.63,164.15,180.0,141.68,180.0
1196,32,Front/Back,180.0,180.0,159.5,153.7,171.76,180.0,159.27,180.0
1196,33,Front/Back,180.0,180.0,159.21,153.89,172.99,180.0,156.61,180.0
1196,34,Front/Back,180.0,180.0,161.69,158.0,168.82,180.0,130.58,180.0
1196,35,Front/Back,168.67,180.0,150.35,160.71,174.93,180.0,134.13,180.0
1196,36,Front/Back,180.0,180.0,164.87,163.91,180.0,180.0,139.32,180.0
1196,37,Front/Back,155.64,162.9,140.84,141.37,180.0,180.0,137.01,171.94
1196,38,Front/Back,140.76,154.1,126.35,141.56,180.0,180.0,134.62,180.0
1196,39,Front/Back,137.26,146.18,127.81,133.63,180.0,180.0,137.01,180.0
1196,40,Front/Back,131.44,136.05,114.56,127.89,180.0,180.0,139.83,180.0
1196,41,Front/Back,124.38,132.92,110.97,132.92,180.0,180.0,151.6,180.0
1196,42,Front/Back,123.28,129.58,114.63,129.58,180.0,180.0,172.24,180.0
1196,43,Front/Back,120.45,130.24,110.33,130.24,180.0,180.0,180.0,180.0
1196,44,Front/Back,125.18,131.57,110.38,131.57,180.0,180.0,180.0,180.0
1196,45,Front/Back,134.72,147.78,123.62,147.78,180.0,180.0,180.0,180.0
1196,46,Front/Back,143.09,157.83,143.09,157.83,180.0,180.0,180.0,180.0
1196,47,Front/Back,152.67,169.16,152.67,169.16,180.0,180.0,180.0,180.0
1196,48,Front/Back,180.0,156.56,180.0,156.56,180.0,180.0,153.49,180.0
1196,49,Front/Back,180.0,180.0,180.0,180.0,180.0,180.0,151.25,180.0
1196,50,Front/Back,180.0,180.0,180.0,180.0,180.0,180.0,152.4,180.0
1197,1,Side,156.55,158.92,176.33,170.0,177.51,178.97,132.7,164.0
1197,2,Side,157.41,158.88,176.02,171.19,178.51,179.74,132.15,166.97
1197,3,Side,158.68,158.09,175.74,170.35,175.59,178.43,138.49,171.98
1197,4,Side,155.34,161.88,171.9,172.33,173.13,165.44,139.45,175.82
1197,5,Side,156.12,163.06,171.25,173.98,172.97,163.35,146.21,171.78
1197,6,Side,156.12,162.84,168.33,173.22,170.13,159.58,153.77,164.81
1197,7,Side,158.24,157.88,168.09,170.79,164.16,158.78,169.15,157.3
1197,8,Side,161.26,153.33,167.25,169.19,154.24,153.43,166.79,143.08
1197,9,Side,166.5,150.37,169.37,169.15,149.78,144.79,154.68,135.4
1197,10,Side,179.81,130.42,176.38,159.08,156.69,157.13,155.47,124.72
1197,11,Side,177.08,135.26,174.96,163.74,161.55,144.98,157.39,111.6
1197,12,Side,178.46,118.59,171.03,152.41,163.94,152.98,157.15,112.23
1197,13,Side,176.43,111.02,161.91,147.33,170.89,148.12,161.42,111.68
1197,14,Side,179.92,105.87,167.05,149.21,179.16,164.65,165.38,112.83
1197,15,Side,176.44,99.23,162.8,143.86,176.92,173.17,162.11,116.88
1197,16,Side,177.42,92.54,162.54,134.15,174.67,179.02,164.65,117.89
1197,17,Side,156.73,86.26,136.09,114.71,178.93,171.06,159.71,112.25
1197,18,Side,165.67,88.89,143.91,106.84,174.56,166.62,160.91,112.25
1197,19,Side,156.18,83.26,132.06,98.95,168.73,170.02,163.44,114.16
1197,20,Side,109.06,79.91,87.46,93.34,169.82,172.23,168.44,125.24
1197,21,Side,74.98,75.94,51.65,86.82,172.54,173.29,173.42,129.44
1197,22,Side,80.15,76.45,55.1,85.81,169.43,174.31,175.22,125.46
1197,23,Side,76.52,75.25,53.84,82.08,170.41,175.4,177.02,128.09
1197,24,Side,73.05,75.77,51.92,81.01,168.91,175.39,178.91,128.9
1197,25,Side,68.19,78.19,49.07,88.62,169.81,175.97,178.54,131.04
1197,26,Side,67.17,78.82,48.78,89.55,169.57,174.87,178.1,130.92
1197,27,Side,70.31,75.42,53.62,91.46,170.8,178.32,178.52,131.84
1197,28,Side,73.98,87.57,56.62,100.83,171.57,176.42,176.52,135.14
1197,29,Side,88.68,83.99,72.15,98.75,172.95,178.99,173.2,137.34
1197,30,Side,103.71,86.59,87.61,91.6,175.41,178.21,173.59,143.05
1197,31,Side,142.11,91.14,128.29,97.24,175.99,177.97,171.88,136.74
1197,32,Side,158.62,98.09,142.81,106.31,175.44,175.18,169.25,136.44
1197,33,Side,166.91,107.3,154.9,117.91,177.14,174.42,173.38,131.9
1197,34,Side,168.96,118.85,158.58,136.74,177.32,172.72,164.6,131.57
1197,35,Side,176.0,125.7,168.26,145.6,177.42,168.77,161.8,125.05
1197,36,Side,176.3,126.38,174.52,143.84,179.39,172.74,148.19,129.2
1197,37,Side,172.29,131.96,173.61,148.61,178.82,176.66,149.92,129.29
1197,38,Side,153.58,138.03,164.5,151.11,175.66,178.52,132.78,136.59
1197,39,Side,161.39,140.88,171.73,156.89,179.31,179.36,119.77,152.89
1197,40,Side,160.4,142.0,172.36,154.08,177.61,178.57,102.29,174.33
1197,41,Side,158.59,152.74,175.71,166.78,177.71,177.99,97.85,172.21
1197,42,Side,159.02,152.34,177.26,166.52,177.69,175.17,98.0,167.51
1197,43,Side,158.92,154.98,178.07,166.94,177.69,177.76,98.0,165.51
1198,1,Front/Back,179.98,179.98,179.97,179.97,179.98,179.98,179.98,179.98
1198,2,Front/Back,168.51,163.78,168.52,163.79,174.59,179.99,174.58,179.99
1198,3,Front/Back,161.56,152.61,171.34,159.5,170.21,173.11,179.99,179.99
1198,4,Front/Back,156.32,154.28,165.53,154.28,168.0,161.06,179.99,161.05
1198,5,Front/Back,151.77,151.75,167.27,151.75,164.49,161.63,179.99,161.62
1198,6,Front/Back,153.66,150.63,169.17,150.63,164.49,160.01,179.99,160.0
1198,7,Front/Back,149.53,148.68,166.29,148.68,161.63,180.0,179.99,179.99
1198,8,Front/Back,145.0,146.98,153.55,146.98,160.35,180.0,179.99,180.0
1198,9,Front/Back,138.72,141.19,146.14,144.26,160.42,176.92,164.74,171.49
1198,10,Front/Back,139.09,130.79,142.13,143.08,160.42,159.79,174.86,172.08
1198,11,Front/Back,135.14,129.72,139.07,141.95,159.21,156.64,180.0,168.87
1198,12,Front/Back,133.69,120.57,135.72,142.02,158.07,158.55,180.0,180.0
1198,13,Front/Back,134.03,117.73,134.66,139.29,156.98,158.44,180.0,180.0
1198,14,Front/Back,127.98,117.98,127.78,142.94,136.85,155.04,158.78,180.0
1198,15,Front/Back,128.12,118.69,132.42,144.68,135.29,145.34,158.31,171.32
1198,16,Front/Back,126.67,117.41,138.07,144.33,134.11,139.54,160.14,166.46
1198,17,Front/Back,120.65,116.55,128.89,143.4,133.17,143.15,160.14,170.0
1198,18,Front/Back,118.46,115.24,127.37,142.02,139.29,141.73,169.27,168.51
1198,19,Front/Back,118.82,111.93,127.27,121.51,133.94,143.63,163.08,167.42
1198,20,Front/Back,129.59,111.07,134.54,117.17,136.33,141.65,163.08,165.35
1198,21,Front/Back,127.64,109.77,137.53,120.68,132.39,156.51,159.14,180.0
1198,22,Front/Back,126.02,108.67,137.46,124.39,129.77,152.48,157.43,180.0
1198,23,Front/Back,123.72,105.93,126.79,122.45,120.91,151.69,148.57,180.0
1198,24,Front/Back,120.52,106.63,124.06,122.06,119.61,138.66,148.16,168.67
1198,25,Front/Back,121.04,103.85,123.69,123.36,118.57,133.69,146.23,164.5
1198,26,Front/Back,120.05,104.96,121.51,127.37,118.41,134.79,145.25,165.51
1198,27,Front/Back,120.29,105.77,123.53,127.37,123.81,132.14,152.43,162.05
1198,28,Front/Back,118.88,106.1,123.55,129.57,117.53,129.24,147.91,159.15
1198,29,Front/Back,117.77,99.45,124.05,121.79,117.16,128.85,149.15,158.66
1198,30,Front/Back,116.07,98.1,120.25,128.73,117.44,126.19,151.77,156.82
1198,31,Front/Back,117.33,97.74,121.5,128.14,121.13,125.39,155.46,155.79
1198,32,Front/Back,124.84,105.04,133.17,136.25,120.06,123.89,154.38,155.1
1198,33,Front/Back,130.46,104.15,137.23,132.68,120.17,120.29,152.94,152.28
1198,34,Front/Back,132.21,104.94,135.94,137.58,111.67,119.08,143.66,151.72
1198,35,Front/Back,138.62,105.81,141.55,139.93,110.69,112.16,141.88,146.28
1198,36,Front/Back,149.56,104.96,154.0,140.46,109.43,110.79,139.87,146.28
1198,37,Front/Back,147.95,108.23,155.93,143.58,107.82,108.65,139.87,144.0
1198,38,Front/Back,148.81,113.38,153.55,142.03,108.68,111.7,139.87,143.81
1198,39,Front/Back,148.01,106.35,153.55,123.94,108.55,110.19,140.54,141.99
1198,40,Front/Back,148.08,117.7,151.74,140.86,111.0,111.03,142.93,142.49
1198,41,Front/Back,147.3,115.4,151.74,133.9,110.96,109.72,143.66,142.44
1198,42,Front/Back,147.44,112.79,149.66,128.72,112.54,107.71,145.1,141.9
1198,43,Front/Back,148.23,118.94,149.66,138.76,112.22,109.62,144.0,125.82
1198,44,Front/Back,148.31,114.57,149.66,131.88,113.76,107.76,145.45,127.74
1198,45,Front/Back,148.4,126.49,149.66,141.1,115.38,112.9,146.98,126.08
1198,46,Front/Back,148.4,128.48,151.38,148.1,113.86,112.4,145.45,137.21
1198,47,Front/Back,149.2,135.72,151.38,153.87,113.92,113.94,144.72,138.74
1198,48,Front/Back,149.2,136.48,153.38,148.92,114.32,112.62,145.11,135.45
1198,49,Front/Back,149.2,137.38,153.15,152.2,114.72,114.03,145.52,135.95
1198,50,Front/Back,150.86,140.95,155.29,155.71,116.39,114.18,145.52,137.12
1198,51,Front/Back,150.77,138.7,155.29,151.68,117.41,115.76,146.64,144.81
1198,52,Front/Back,150.02,136.56,157.61,152.97,118.27,115.44,148.25,143.64
1198,53,Front/Back,126.92,132.04,124.09,149.23,111.65,117.46,143.04,145.51
1198,54,Front/Back,143.77,128.0,141.16,143.97,113.86,121.23,144.43,148.05
1198,55,Front/Back,138.38,123.93,134.09,140.85,116.35,122.23,145.25,148.87
1198,56,Front/Back,155.71,121.73,148.53,138.67,126.5,118.21,150.79,143.46
1198,57,Front/Back,136.97,118.43,130.74,141.68,117.75,118.76,144.95,142.0
1198,58,Front/Back,132.2,113.16,125.97,135.24,116.64,134.58,143.84,156.65
1198,59,Front/Back,130.05,99.67,121.73,106.04,117.17,133.18,142.49,154.4
1198,60,Front/Back,131.32,108.66,122.98,128.73,117.45,124.9,142.75,144.97
1198,61,Front/Back,128.48,106.88,120.92,125.99,118.17,122.76,144.43,141.87
1198,62,Front/Back,124.52,98.41,120.26,101.71,122.23,125.96,150.25,144.3
1198,63,Front/Back,123.12,107.84,118.56,122.08,122.86,132.9,149.0,133.6
1198,64,Front/Back,123.77,112.74,120.06,123.86,123.39,140.11,148.57,127.49
1198,65,Front/Back,123.64,118.36,120.92,115.34,124.39,146.73,148.57,124.92
1198,66,Front/Back,120.82,124.88,122.02,124.88,125.02,154.9,148.16,123.05
1198,67,Front/Back,125.96,126.02,119.7,126.02,129.09,154.4,151.09,122.93
1198,68,Front/Back,130.11,127.7,125.86,127.7,135.54,153.5,157.54,122.87
1198,69,Front/Back,133.0,133.77,128.15,123.49,137.93,154.75,158.78,122.91
1198,70,Front/Back,141.87,136.39,134.53,136.39,143.78,156.53,162.15,121.8
1198,71,Front/Back,150.17,136.14,144.09,126.53,141.72,156.98,158.78,121.61
1198,72,Front/Back,151.73,143.51,144.56,133.51,142.73,164.11,158.31,126.07
1198,73,Front/Back,146.87,145.61,142.81,145.61,144.92,169.85,158.78,129.03
1198,74,Front/Back,154.44,151.3,146.46,151.3,148.14,175.81,160.14,133.78
1198,75,Front/Back,158.26,146.48,146.56,146.48,149.9,178.16,156.62,137.09
1198,76,Front/Back,165.94,140.73,148.41,148.1,153.17,172.63,153.17,140.17
1198,77,Front/Back,173.28,140.08,159.75,151.6,145.15,168.48,151.87,139.45
1198,78,Front/Back,168.12,139.53,160.62,156.15,139.99,163.38,151.87,136.52
1199,1,Side,162.73,177.47,170.19,174.93,173.88,177.9,156.19,161.92
1199,2,Side,161.9,178.02,169.84,176.04,173.91,177.88,157.19,163.07
1199,3,Side,160.28,177.46,172.73,179.01,174.41,178.46,158.77,164.44
1199,4,Side,158.11,178.55,170.61,179.7,173.94,179.54,160.02,164.02
1199,5,Side,156.39,179.76,169.34,178.4,173.98,178.48,161.01,165.86
1199,6,Side,154.34,179.36,167.36,175.77,173.95,179.18,162.84,167.98
1199,7,Side,151.31,177.38,164.48,175.91,174.3,178.05,166.21,169.62
1199,8,Side,148.56,167.33,161.99,176.92,175.17,176.35,171.26,175.09
1199,9,Side,144.28,162.74,158.38,175.73,175.71,175.05,175.44,177.15
1199,10,Side,141.54,157.17,152.02,170.84,176.65,174.3,179.61,179.88
1199,11,Side,138.54,152.43,151.24,167.98,178.35,173.78,175.32,176.92
1199,12,Side,135.09,150.22,150.15,168.16,178.32,173.6,172.95,175.25
1199,13,Side,131.56,154.54,146.77,179.77,178.6,174.75,171.07,173.37
1199,14,Side,128.24,150.03,142.97,176.56,178.6,174.92,168.42,170.58
1199,15,Side,124.85,141.58,139.71,171.16,178.95,173.01,164.97,168.02
1199,16,Side,123.23,136.75,138.06,169.23,178.95,173.79,163.77,164.5
1199,17,Side,118.32,137.74,133.46,170.4,178.12,173.86,162.68,164.74
1199,18,Side,114.49,135.09,135.33,166.88,176.92,173.58,162.87,164.29
1199,19,Side,110.78,130.45,132.31,161.74,175.68,172.87,162.42,163.12
1199,20,Side,105.3,127.08,128.05,157.42,174.14,172.21,162.49,162.86
1199,21,Side,101.48,123.4,124.96,153.01,173.09,171.31,162.55,162.35
1199,22,Side,98.34,117.82,121.9,144.83,172.42,169.86,161.46,162.56
1199,23,Side,96.23,111.23,120.04,134.63,172.49,169.01,160.05,161.85
1199,24,Side,95.06,105.28,118.83,127.97,172.29,167.98,159.63,162.05
1199,25,Side,92.94,98.96,116.93,118.74,172.39,167.13,159.8,163.0
1199,26,Side,91.15,100.03,114.72,121.73,173.2,166.11,158.56,162.88
1199,27,Side,88.51,109.25,109.85,140.8,173.07,166.68,158.05,161.06
1199,28,Side,84.61,108.6,103.67,141.12,173.79,166.19,158.56,161.89
1199,29,Side,85.53,110.36,104.52,143.5,173.17,166.23,159.04,163.2
1199,30,Side,83.07,113.43,101.12,148.02,173.49,165.99,159.12,163.63
1199,31,Side,80.57,114.18,97.3,153.06,171.19,165.86,163.1,164.55
1199,32,Side,79.33,115.97,97.26,154.79,169.35,166.11,164.77,165.82
1199,33,Side,76.33,116.42,94.44,160.16,168.3,164.59,165.46,167.79
1199,34,Side,74.22,118.2,88.56,168.03,170.46,162.44,166.14,173.75
1199,35,Side,74.21,118.58,88.48,179.73,169.6,161.58,166.74,174.96
1199,36,Side,72.7,120.55,87.46,165.34,168.32,162.0,167.25,175.06
1199,37,Side,72.74,116.96,78.45,9.61,170.91,162.06,166.33,174.81
1199,38,Side,71.59,118.36,83.35,30.66,170.66,162.73,168.06,172.85
1199,39,Side,70.89,120.59,72.06,30.11,172.39,164.28,168.39,171.51
1199,40,Side,69.83,122.43,73.83,22.7,172.56,164.86,169.86,170.68
1199,41,Side,69.69,124.42,71.98,16.68,172.72,166.17,171.45,168.97
1199,42,Side,69.35,124.98,71.16,19.05,173.32,165.53,170.65,169.61
1199,43,Side,68.65,125.7,70.14,21.26,175.63,165.61,165.57,169.67
1199,44,Side,68.2,127.37,70.14,20.05,176.19,167.14,164.66,169.15
1199,45,Side,65.66,128.08,72.56,20.88,175.5,168.8,167.09,167.98
1199,46,Side,65.09,129.12,72.54,18.6,175.56,169.2,173.54,166.62
1199,47,Side,64.32,129.98,71.57,18.54,173.38,169.42,179.41,167.04
1199,48,Side,64.49,128.69,71.47,18.51,173.7,167.51,178.49,167.47
1199,49,Side,63.89,129.83,71.36,18.51,172.58,167.94,177.19,167.41
1199,50,Side,63.38,130.68,70.25,18.55,173.18,167.55,179.81,168.53
1199,51,Side,62.24,131.66,69.12,18.62,172.7,168.53,179.09,168.36
1199,52,Side,61.53,132.06,69.12,18.73,172.99,168.79,179.33,168.36
1199,53,Side,60.91,132.88,69.23,18.89,173.46,169.46,179.04,168.38
1199,54,Side,60.42,133.41,69.23,19.08,174.64,170.53,179.27,170.08
1199,55,Side,59.66,134.23,69.33,19.32,175.46,171.07,177.71,171.02
1199,56,Side,59.41,134.75,69.58,19.6,179.0,171.51,171.38,171.13
1199,57,Side,59.66,134.5,69.38,19.94,176.73,171.3,177.46,171.81
1199,58,Side,51.09,134.09,69.94,20.33,160.57,170.58,173.84,170.98
1199,59,Side,54.73,133.67,65.68,20.77,160.85,169.4,172.79,172.77
1199,60,Side,54.31,133.24,66.23,21.28,161.75,168.86,175.83,174.77
1199,61,Side,55.49,132.91,66.83,21.84,162.27,168.89,175.31,176.58
1199,62,Side,52.95,132.99,73.2,22.47,162.64,168.68,176.64,176.24
1199,63,Side,55.21,132.75,73.54,23.17,163.53,168.62,179.17,179.86
1199,64,Side,56.85,132.31,72.57,23.94,164.95,168.96,178.95,179.57
1199,65,Side,59.13,132.5,71.89,24.78,165.84,170.15,176.73,179.55
1199,66,Side,60.67,132.27,70.42,25.7,166.38,170.23,174.93,179.67
1199,67,Side,61.58,132.88,72.55,26.7,167.2,171.0,173.44,179.06
1199,68,Side,61.58,133.48,72.55,27.79,169.05,173.15,170.79,176.16
1199,69,Side,61.58,133.66,72.99,28.96,170.44,172.95,168.74,171.04
1199,70,Side,62.4,134.25,72.15,30.22,172.13,174.91,166.38,167.27
1199,71,Side,69.98,134.42,72.2,31.58,174.75,174.74,160.81,166.11
1199,72,Side,67.93,135.0,70.88,33.02,173.99,176.81,161.66,151.53
1199,73,Side,68.14,135.8,70.88,34.56,172.73,175.1,163.37,150.73
1199,74,Side,60.21,136.36,71.65,36.19,173.86,175.66,172.58,157.23
1199,75,Side,60.5,137.14,72.85,37.9,178.0,175.44,168.93,150.92
1199,76,Side,60.19,137.7,72.72,39.71,179.13,174.51,171.79,147.2
1199,77,Side,61.33,139.91,73.59,41.6,179.72,174.14,170.4,153.49
1199,78,Side,53.98,142.1,66.38,43.57,179.56,169.33,169.2,150.19
1199,79,Side,50.6,143.84,63.34,45.61,179.54,167.17,169.19,158.93
1199,80,Side,50.33,145.57,62.9,47.71,179.06,165.44,169.42,159.69
1199,81,Side,51.31,147.68,63.95,49.87,179.13,168.98,169.53,172.64
1199,82,Side,57.36,148.93,74.99,52.07,179.06,168.68,168.77,171.38
1199,83,Side,60.66,150.43,78.99,54.3,178.79,162.26,167.61,152.85
1199,84,Side,63.85,151.78,81.98,56.56,179.67,168.9,168.69,173.62
1199,85,Side,66.8,153.0,85.63,58.81,179.31,169.4,170.58,177.03
1199,86,Side,78.66,153.92,97.65,61.06,178.72,170.73,172.21,178.38
1199,87,Side,81.87,155.72,100.14,63.3,178.08,170.29,171.98,176.24
1199,88,Side,86.45,156.97,105.16,65.5,177.05,168.37,171.67,170.36
1199,89,Side,89.9,158.34,109.07,67.66,176.58,169.87,171.3,171.78
1199,90,Side,93.32,159.6,112.95,69.77,175.1,170.82,171.95,172.0
1199,91,Side,97.2,160.88,117.53,71.82,172.26,171.6,176.51,170.13
1199,92,Side,102.65,162.55,121.56,73.8,172.66,172.38,175.95,170.06
1199,93,Side,116.41,163.87,127.51,143.3,172.2,172.51,173.21,173.2
1199,94,Side,122.4,164.63,132.16,154.68,172.12,174.35,178.25,178.02
1199,95,Side,128.67,164.85,138.67,165.7,170.15,175.48,178.82,179.26
1199,96,Side,134.2,166.18,142.56,169.29,168.64,176.65,178.74,175.67
1199,97,Side,134.92,167.77,144.28,172.0,169.77,178.66,173.87,165.88
1199,98,Side,136.77,169.78,146.54,172.63,170.82,178.79,166.15,157.41
1199,99,Side,136.91,170.14,146.5,172.52,171.78,179.44,162.58,152.86
1199,100,Side,139.36,171.07,149.41,173.68,172.94,178.3,157.42,147.29
1199,101,Side,139.75,172.09,150.71,174.48,174.57,177.92,152.59,143.48
1199,102,Side,142.69,173.0,155.49,171.83,175.92,177.45,147.76,141.25
1199,103,Side,145.76,173.9,158.94,172.56,176.83,176.97,143.58,139.1
1199,104,Side,148.54,175.3,163.46,173.22,179.69,177.48,128.47,137.52
1199,105,Side,152.69,176.72,169.29,173.63,179.41,179.24,123.11,143.55
1199,106,Side,155.7,179.86,178.92,179.74,177.65,177.32,117.76,139.38
1199,107,Side,156.93,179.48,176.43,178.73,177.69,178.94,117.28,136.83
1199,108,Side,158.89,178.96,174.24,178.73,178.16,179.5,117.34,134.87
1199,109,Side,161.31,179.8,173.41,179.42,178.17,178.34,116.13,132.82
1199,110,Side,163.75,179.66,169.95,179.41,179.05,177.82,116.89,130.56
1199,111,Side,165.42,174.69,172.32,175.76,178.55,174.57,117.62,131.04
1199,112,Side,165.42,174.73,171.64,175.82,177.14,173.53,115.82,129.22
1199,113,Side,167.38,173.81,167.86,171.92,176.61,174.4,114.77,126.67
1199,114,Side,167.38,174.52,165.53,172.67,175.72,172.95,113.03,123.66
1200,1,Side,145.78,150.2,149.49,157.66,177.94,175.21,155.73,166.06
1200,2,Side,145.67,145.08,149.4,150.87,179.92,173.59,154.73,166.59
1200,3,Side,144.1,143.17,143.64,148.42,179.9,175.19,154.75,165.51
1200,4,Side,143.08,141.59,141.57,145.86,177.9,177.28,153.67,162.78
1200,5,Side,141.39,138.03,140.94,141.84,179.6,176.7,152.92,162.78
1200,6,Side,139.59,134.28,139.75,137.07,179.71,177.21,151.05,162.28
1200,7,Side,135.44,133.13,133.43,134.78,179.66,179.41,150.49,159.48
1200,8,Side,133.16,130.31,127.52,130.5,179.66,179.16,150.49,157.21
1200,9,Side,131.15,128.08,125.91,127.79,179.24,179.71,149.69,155.9
1200,10,Side,129.19,124.96,125.15,124.2,176.51,179.82,148.91,150.94
1200,11,Side,126.04,119.53,120.88,118.92,177.04,179.09,147.78,146.49
1200,12,Side,121.94,118.88,116.18,117.08,175.01,176.94,160.32,144.25
1200,13,Side,119.16,113.55,112.6,110.96,179.25,177.54,149.66,147.2
1200,14,Side,113.07,109.14,107.12,103.13,178.07,177.25,152.83,144.51
1200,15,Side,108.11,106.89,101.03,100.74,175.45,175.89,161.4,143.57
1200,16,Side,104.09,103.23,95.99,96.42,177.08,175.74,158.34,143.23
1200,17,Side,97.43,99.64,87.03,92.79,177.49,175.38,160.96,143.05
1200,18,Side,96.41,92.57,86.24,85.93,176.43,174.68,166.37,141.92
1200,19,Side,92.33,93.39,81.28,85.09,178.14,173.49,165.08,142.71
1200,20,Side,88.95,100.28,75.69,87.02,179.9,167.71,163.89,142.13
1200,21,Side,86.07,96.0,72.7,82.45,178.89,166.68,162.99,142.27
1200,22,Side,80.68,84.14,64.13,69.08,177.11,164.05,163.46,143.17
1200,23,Side,75.45,74.61,58.61,64.98,176.55,169.24,163.93,144.02
1200,24,Side,71.92,78.9,57.47,64.41,177.62,164.55,168.68,145.66
1200,25,Side,68.18,76.01,51.74,61.21,175.84,163.97,168.09,144.87
1200,26,Side,64.71,73.18,48.26,58.39,175.84,163.62,166.09,146.91
1200,27,Side,60.88,60.41,46.04,53.06,176.98,168.13,168.73,146.54
1200,28,Side,58.21,57.51,43.98,52.13,179.35,167.85,172.35,148.94
1200,29,Side,56.29,54.25,41.89,47.97,178.21,167.85,175.37,151.49
1200,30,Side,53.95,52.22,37.54,44.71,176.92,167.53,176.05,154.0
1200,31,Side,52.89,50.44,35.86,41.11,177.45,167.28,176.57,157.22
1200,32,Side,49.91,50.26,34.68,40.32,176.54,166.88,177.84,160.23
1200,33,Side,48.95,49.55,33.14,37.87,176.83,164.03,178.53,157.99
1200,34,Side,46.87,48.58,31.65,35.8,176.12,162.85,177.8,159.1
1200,35,Side,46.74,47.13,29.65,33.79,176.33,162.56,178.48,159.46
1200,36,Side,46.74,46.39,29.65,32.02,176.03,162.19,178.52,162.24
1200,37,Side,46.74,45.8,29.65,32.57,176.11,164.96,178.38,166.06
1200,38,Side,47.39,45.79,30.31,32.4,176.18,165.81,178.23,168.99
1200,39,Side,48.07,43.21,26.83,31.8,175.48,167.57,179.86,171.81
1200,40,Side,48.76,43.86,27.52,30.78,175.57,169.3,176.81,177.82
1200,41,Side,49.46,44.29,28.22,31.21,175.73,170.17,179.97,179.8
1200,42,Side,50.3,45.13,29.03,32.64,175.99,170.3,176.22,178.05
1200,43,Side,51.06,45.74,29.79,32.31,176.33,170.94,176.3,176.78
1200,44,Side,51.98,50.96,31.76,37.21,175.67,170.76,178.6,174.93
1200,45,Side,52.96,52.5,32.74,38.82,175.75,171.19,179.91,174.33
1200,46,Side,55.58,51.11,35.37,39.96,175.58,173.03,177.9,176.33
1200,47,Side,60.24,61.39,41.68,46.02,175.37,169.1,178.51,175.28
1200,48,Side,71.66,68.74,52.42,55.47,177.49,170.43,179.18,175.2
1200,49,Side,83.52,70.58,69.63,64.52,176.83,177.34,179.64,175.01
1200,50,Side,94.29,80.85,81.05,70.41,177.56,170.34,176.3,172.04
1200,51,Side,103.03,85.09,90.95,78.58,177.5,178.73,175.22,177.12
1200,52,Side,109.38,98.75,96.28,95.78,174.96,179.28,168.79,177.19
1200,53,Side,115.86,108.67,108.21,106.03,178.68,175.2,171.16,179.12
1200,54,Side,126.49,115.49,120.99,116.04,179.71,176.16,168.25,179.93
1200,55,Side,132.1,122.48,129.46,125.21,179.01,176.88,168.16,178.56
1200,56,Side,136.88,126.39,135.02,135.09,178.8,176.28,167.13,175.02
1200,57,Side,142.32,134.68,141.44,142.0,179.75,177.11,166.27,171.9
1200,58,Side,143.37,140.5,144.19,145.05,179.26,175.03,165.97,175.73
1200,59,Side,143.4,140.91,147.47,150.33,173.77,178.48,169.14,174.22
1200,60,Side,146.24,141.14,150.02,151.74,174.99,178.0,169.14,174.96
1200,61,Side,147.39,144.77,154.97,156.37,173.28,175.91,169.77,176.3
1201,1,Front/Back,118.09,101.43,125.06,139.97,144.64,141.46,180.0,157.17
1201,2,Front/Back,114.04,99.62,122.5,138.16,145.76,141.46,180.0,146.86
1201,3,Front/Back,114.68,98.7,118.31,136.22,146.87,142.49,180.0,153.43
1201,4,Front/Back,109.03,98.92,116.81,136.49,142.51,142.43,180.0,154.98
1201,5,Front/Back,108.17,99.67,115.14,136.19,143.53,143.48,180.0,165.13
1201,6,Front/Back,132.61,101.09,115.36,137.61,157.51,143.48,169.76,180.0
1201,7,Front/Back,125.96,95.15,112.08,121.39,165.01,142.64,180.0,180.0
1201,8,Front/Back,103.2,96.87,105.98,117.41,145.66,141.77,180.0,180.0
1201,9,Front/Back,105.15,92.75,120.22,112.22,147.92,142.85,180.0,180.0
1201,10,Front/Back,107.9,93.34,138.8,115.9,149.1,143.11,180.0,180.0
1201,11,Front/Back,119.1,92.71,142.95,117.27,150.35,143.42,180.0,180.0
1201,12,Front/Back,109.55,92.2,119.45,116.38,147.96,141.49,180.0,180.0
1201,13,Front/Back,109.36,87.94,120.2,104.12,146.82,140.55,180.0,180.0
1201,14,Front/Back,110.14,88.77,122.02,105.87,145.72,138.74,180.0,180.0
1201,15,Front/Back,113.86,94.51,126.82,116.82,144.64,138.74,180.0,180.0
1201,16,Front/Back,147.02,97.26,168.81,121.47,147.02,136.83,180.0,180.0
1201,17,Front/Back,130.41,96.31,139.34,120.16,144.83,136.14,180.0,180.0
1201,18,Front/Back,142.76,96.16,162.28,119.12,142.76,136.14,180.0,180.0
1201,19,Front/Back,141.76,95.16,157.6,119.12,141.76,135.14,180.0,180.0
1201,20,Front/Back,139.82,95.11,157.6,139.97,139.82,135.14,180.0,180.0
1201,21,Front/Back,106.42,95.63,130.69,141.31,133.39,134.32,180.0,180.0
1201,22,Front/Back,106.38,94.49,130.69,140.02,133.36,134.47,180.0,180.0
1201,23,Front/Back,137.96,93.47,157.66,139.97,137.96,133.5,180.0,175.6
1201,24,Front/Back,137.05,93.47,157.6,139.97,137.05,133.5,180.0,166.25
1201,25,Front/Back,137.05,92.57,157.6,140.02,137.05,132.55,180.0,180.0
1201,26,Front/Back,137.05,92.57,157.66,140.02,137.05,132.55,180.0,180.0
1201,27,Front/Back,107.4,93.97,130.82,141.41,134.24,132.55,180.0,180.0
1201,28,Front/Back,105.65,91.93,129.27,140.17,134.24,131.76,180.0,180.0
1201,29,Front/Back,102.57,85.67,126.13,133.91,134.29,131.76,180.0,180.0
1201,30,Front/Back,96.53,85.67,115.94,133.91,134.29,131.76,180.0,180.0
1201,31,Front/Back,107.99,84.6,118.22,132.84,112.46,131.76,148.76,180.0
1201,32,Front/Back,103.12,85.39,114.13,132.84,109.01,132.55,146.26,180.0
1201,33,Front/Back,102.22,91.44,108.69,138.21,107.85,133.23,143.98,180.0
1201,34,Front/Back,100.35,90.42,107.06,137.19,105.68,133.23,141.9,180.0
1201,35,Front/Back,99.54,92.06,106.25,137.19,105.68,134.87,141.9,180.0
1201,36,Front/Back,99.12,102.71,104.79,136.22,102.53,123.65,137.7,157.15
1201,37,Front/Back,103.74,94.46,118.61,129.02,103.54,126.37,139.76,160.93
1201,38,Front/Back,102.95,90.8,117.89,127.38,105.6,143.42,141.9,180.0
1201,39,Front/Back,104.07,88.37,119.61,125.93,105.6,142.44,141.9,180.0
1201,40,Front/Back,105.3,86.15,121.59,124.66,107.86,141.49,144.15,180.0
1201,41,Front/Back,105.78,76.64,121.03,123.13,108.91,133.5,144.15,180.0
1201,42,Front/Back,106.86,82.58,121.03,128.41,110.22,134.17,144.39,180.0
1201,43,Front/Back,108.19,82.11,118.23,127.79,114.52,134.32,148.76,180.0
1201,44,Front/Back,107.33,77.21,117.37,122.07,114.52,135.14,148.76,180.0
1201,45,Front/Back,108.9,78.03,119.78,123.03,120.24,135.0,154.53,180.0
1201,46,Front/Back,109.71,78.65,119.49,122.81,121.3,135.84,154.48,180.0
1201,47,Front/Back,110.22,78.62,122.04,122.78,123.57,135.84,157.85,162.48
1201,48,Front/Back,103.07,77.89,121.9,122.89,138.7,135.0,180.0,143.48
1201,49,Front/Back,95.29,78.03,107.72,123.03,138.7,135.0,180.0,157.36
1201,50,Front/Back,100.1,77.63,118.92,123.46,137.78,134.17,180.0,136.82
1201,51,Front/Back,100.42,77.46,119.24,124.11,137.78,133.36,180.0,132.77
1201,52,Front/Back,102.13,76.49,122.79,100.0,136.87,133.36,180.0,134.73
1201,53,Front/Back,102.91,77.77,123.58,100.46,136.87,134.17,180.0,136.69
1201,54,Front/Back,101.79,78.84,121.54,101.53,136.84,134.17,180.0,138.79
1201,55,Front/Back,103.02,79.45,122.78,102.14,136.84,134.17,180.0,141.04
1201,56,Front/Back,104.46,80.81,125.11,99.72,135.95,134.17,180.0,148.43
1201,57,Front/Back,105.38,83.56,126.03,105.74,135.95,134.87,180.0,146.13
1201,58,Front/Back,108.17,85.18,127.02,107.36,137.74,134.87,180.0,142.15
1201,59,Front/Back,105.85,86.54,123.01,107.89,138.65,135.71,180.0,150.98
1201,60,Front/Back,108.82,95.78,124.08,108.86,140.54,143.96,180.0,136.15
1201,61,Front/Back,116.49,97.87,123.75,110.96,147.89,143.96,180.0,135.0
1201,62,Front/Back,118.95,96.87,129.12,123.6,145.22,136.44,176.15,151.46
1201,63,Front/Back,111.18,99.32,129.28,126.95,140.54,136.44,180.0,148.43
1201,64,Front/Back,113.28,100.03,137.06,125.9,140.54,137.31,180.0,146.86
1201,65,Front/Back,111.31,102.86,127.65,128.72,141.52,137.31,180.0,149.96
1201,66,Front/Back,117.11,107.37,139.17,124.56,141.51,136.34,180.0,146.86
1201,67,Front/Back,113.56,108.61,135.38,124.76,140.53,137.11,180.0,146.86
1201,68,Front/Back,120.74,121.29,144.7,126.69,138.64,147.69,180.0,144.9
1201,69,Front/Back,124.22,122.36,147.94,134.93,138.64,148.76,180.0,154.98
1201,70,Front/Back,136.81,127.13,162.36,139.68,136.81,148.71,180.0,152.85
1201,71,Front/Back,136.81,131.14,162.59,142.64,136.81,149.84,180.0,149.27
1201,72,Front/Back,137.72,132.33,162.59,142.86,137.72,151.03,180.0,142.15
1201,73,Front/Back,139.58,131.57,162.99,143.0,139.58,151.03,180.0,144.9
1201,74,Front/Back,140.54,134.94,169.79,146.38,140.54,151.02,180.0,138.85
1201,75,Front/Back,141.54,132.46,170.74,144.26,141.54,152.28,180.0,138.85
1201,76,Front/Back,143.54,137.19,174.2,148.8,143.54,153.6,180.0,138.79
1201,77,Front/Back,158.43,144.47,167.71,154.95,136.75,153.59,151.84,140.08
1201,78,Front/Back,155.02,150.2,167.4,160.43,142.46,154.97,154.86,140.08
1201,79,Front/Back,158.71,159.61,170.95,165.21,150.43,159.61,162.69,157.45
1201,80,Front/Back,176.99,168.27,165.3,166.61,159.28,168.29,162.29,162.37
1201,81,Front/Back,179.98,179.98,179.97,179.97,179.97,179.97,179.96,179.97
1201,82,Front/Back,166.58,179.99,166.58,173.81,179.98,179.99,179.98,159.42
1201,83,Front/Back,164.99,171.72,164.99,173.81,180.0,171.72,173.51,155.69
1201,84,Front/Back,162.46,171.72,162.46,173.81,180.0,171.72,162.78,162.84
1201,85,Front/Back,161.44,171.72,161.44,173.81,180.0,171.72,167.18,144.62
1201,86,Front/Back,161.44,171.72,161.44,173.81,180.0,171.72,159.69,137.63
1202,1,Front/Back,173.04,180.0,173.04,171.01,172.33,180.0,146.33,151.94
1202,2,Front/Back,179.98,179.98,179.97,179.97,179.98,179.98,179.97,179.98
1202,3,Front/Back,164.21,161.91,171.97,164.47,172.22,172.77,179.99,180.0
1202,4,Front/Back,158.53,150.88,169.16,163.27,145.75,167.61,156.4,180.0
1202,5,Front/Back,152.86,147.81,165.87,162.14,143.37,165.66,156.4,180.0
1202,6,Front/Back,152.67,146.99,169.28,164.51,139.47,154.72,156.09,172.24
1202,7,Front/Back,148.09,142.3,166.32,161.24,136.37,149.95,154.61,168.89
1202,8,Front/Back,144.34,139.08,166.32,160.53,139.92,151.62,161.91,173.08
1202,9,Front/Back,140.85,133.45,164.02,156.04,131.18,146.65,154.36,169.24
1202,10,Front/Back,140.42,129.76,154.98,153.47,127.36,145.93,152.68,169.64
1202,11,Front/Back,134.84,129.49,151.38,155.25,126.85,135.7,154.15,161.46
1202,12,Front/Back,134.62,125.53,147.84,151.29,123.5,133.55,152.63,159.31
1202,13,Front/Back,118.75,131.83,122.37,158.48,131.63,129.23,151.17,155.87
1202,14,Front/Back,127.67,129.56,142.68,154.24,116.96,128.03,148.47,152.7
1202,15,Front/Back,112.67,130.34,117.68,154.97,125.69,140.65,147.19,165.28
1202,16,Front/Back,110.2,128.37,115.05,152.95,123.72,136.09,145.99,160.66
1202,17,Front/Back,118.17,126.39,134.84,152.02,109.23,131.26,143.68,156.89
1202,18,Front/Back,114.04,124.57,133.95,151.17,107.21,127.11,141.51,153.71
1202,19,Front/Back,112.18,117.2,131.48,153.59,106.36,143.61,140.5,180.0
1202,20,Front/Back,107.86,115.63,125.9,152.77,104.62,134.24,137.61,171.38
1202,21,Front/Back,104.2,116.77,107.53,155.35,116.53,129.26,134.81,167.84
1202,22,Front/Back,102.81,116.31,116.87,156.24,104.18,125.21,133.08,165.14
1202,23,Front/Back,100.98,117.54,110.76,154.71,108.81,123.74,133.24,160.91
1202,24,Front/Back,97.16,119.91,107.72,151.24,111.1,121.97,136.06,159.14
1202,25,Front/Back,98.65,123.35,104.59,153.22,115.47,118.61,135.45,154.32
1202,26,Front/Back,102.83,122.88,101.44,152.78,131.91,117.44,147.93,153.18
1202,27,Front/Back,101.0,127.01,100.23,156.14,117.36,118.21,136.35,153.18
1202,28,Front/Back,103.26,128.9,101.93,156.52,117.1,119.73,135.04,153.18
1202,29,Front/Back,119.84,135.08,101.15,161.87,135.33,110.34,135.33,142.97
1202,30,Front/Back,119.89,147.24,101.2,174.16,135.98,105.15,135.98,137.9
1202,31,Front/Back,121.54,147.25,107.08,174.16,135.98,104.5,135.98,137.25
1202,32,Front/Back,121.76,148.07,107.29,173.8,137.61,103.8,137.61,135.73
1202,33,Front/Back,123.24,153.27,108.78,173.8,136.68,108.11,136.68,134.84
1202,34,Front/Back,123.01,154.29,104.96,173.8,137.99,106.56,137.99,132.27
1202,35,Front/Back,124.7,157.41,106.0,167.81,138.55,107.54,138.55,130.13
1202,36,Front/Back,126.65,159.79,108.6,167.92,140.72,106.06,140.72,126.28
1202,37,Front/Back,126.78,162.48,105.74,167.92,137.46,106.95,137.46,124.47
1202,38,Front/Back,127.68,165.51,106.63,168.11,136.96,109.25,136.96,123.75
1202,39,Front/Back,125.66,169.43,101.98,168.11,136.49,111.43,136.49,121.99
1202,40,Front/Back,127.59,180.0,104.49,168.11,138.29,123.43,138.29,123.43
1202,41,Front/Back,125.66,180.0,104.61,180.0,138.76,124.89,138.76,124.89
1202,42,Front/Back,125.66,160.26,104.04,180.0,138.29,115.87,138.29,135.61
1202,43,Front/Back,124.74,160.16,103.13,180.0,138.29,116.52,138.29,136.36
1202,44,Front/Back,125.75,156.69,104.13,180.0,139.75,116.96,139.75,140.27
1202,45,Front/Back,121.0,152.71,97.72,180.0,142.73,118.21,142.73,145.5
1202,46,Front/Back,119.65,150.05,96.37,180.0,139.75,121.82,139.75,151.77
1202,47,Front/Back,118.13,139.33,94.58,169.34,144.42,124.65,144.42,154.67
1202,48,Front/Back,117.44,134.89,93.89,164.84,160.63,127.76,160.63,157.71
1202,49,Front/Back,117.49,132.71,91.5,162.65,165.37,133.7,165.37,163.65
1202,50,Front/Back,108.37,120.47,91.63,153.01,170.75,126.33,180.0,158.87
1202,51,Front/Back,107.08,120.32,91.24,151.29,169.65,126.14,180.0,157.11
1202,52,Front/Back,118.13,118.36,91.93,150.2,170.97,130.92,170.97,162.76
1202,53,Front/Back,121.07,117.69,97.29,150.4,164.11,132.57,164.11,165.28
1202,54,Front/Back,106.3,131.78,98.42,152.88,164.1,138.96,180.0,171.69
1202,55,Front/Back,108.97,135.83,101.32,152.78,164.1,135.11,180.0,167.84
1202,56,Front/Back,110.36,147.24,102.83,164.21,163.76,132.38,180.0,165.14
1202,57,Front/Back,110.54,146.47,102.71,160.96,163.76,134.31,180.0,167.84
1202,58,Front/Back,128.11,146.49,103.97,160.89,159.09,134.33,159.09,167.84
1202,59,Front/Back,123.33,144.98,130.53,160.89,148.62,136.36,180.0,171.38
1202,60,Front/Back,129.22,144.98,138.28,180.0,146.79,136.36,180.0,171.38
1202,61,Front/Back,145.85,143.57,153.53,180.0,145.85,143.57,180.0,180.0
1202,62,Front/Back,146.68,147.24,153.53,180.0,146.68,147.24,180.0,180.0
1202,63,Front/Back,148.38,148.05,151.31,180.0,148.38,148.05,180.0,180.0
1202,64,Front/Back,149.26,149.7,151.31,157.14,124.2,149.7,154.94,180.0
1203,1,Front/Back,142.28,155.97,122.02,129.56,157.99,143.38,157.99,143.38
1203,2,Front/Back,141.03,152.71,127.13,130.66,162.26,147.78,162.26,147.78
1203,3,Front/Back,140.38,142.35,140.38,137.3,167.64,139.7,167.64,150.19
1203,4,Front/Back,137.79,137.6,137.79,148.08,168.06,142.31,168.06,144.55
1203,5,Front/Back,138.2,133.44,138.2,144.0,180.0,143.59,180.0,138.74
1203,6,Front/Back,139.2,144.6,139.2,144.6,180.0,158.88,180.0,134.94
1203,7,Front/Back,138.03,143.64,138.03,143.64,180.0,155.66,180.0,132.65
1203,8,Front/Back,137.15,142.7,137.15,142.7,180.0,155.66,180.0,129.18
1203,9,Front/Back,134.71,141.77,134.71,141.77,162.09,152.93,162.09,131.2
1203,10,Front/Back,138.55,145.74,138.55,145.74,162.09,147.9,162.09,130.73
1203,11,Front/Back,139.96,147.78,139.96,147.78,154.52,147.9,154.52,126.17
1203,12,Front/Back,144.28,147.78,144.28,147.78,151.45,143.5,151.45,132.67
1203,13,Front/Back,146.15,154.12,146.15,154.12,151.45,141.6,151.45,135.37
1203,14,Front/Back,142.95,152.5,142.95,152.5,154.52,145.78,154.52,130.94
1203,15,Front/Back,140.32,151.07,140.32,151.07,157.99,145.78,157.99,130.94
1203,16,Front/Back,135.7,147.78,135.7,147.78,157.99,148.05,157.99,137.23
1203,17,Front/Back,134.07,146.29,134.07,146.29,162.09,148.05,162.09,137.23
1203,18,Front/Back,132.91,141.82,132.91,141.82,162.09,150.48,162.09,150.48
1203,19,Front/Back,129.8,141.82,129.8,141.82,162.03,150.48,162.03,150.48
1203,20,Front/Back,129.62,142.7,129.62,142.7,162.03,153.1,162.03,153.1
1203,21,Front/Back,127.3,142.29,127.3,141.88,162.09,148.79,162.09,153.1
1203,22,Front/Back,128.2,146.05,128.2,141.33,157.99,155.98,157.99,125.42
1203,23,Front/Back,130.15,149.63,130.15,149.61,157.99,155.98,157.99,134.25
1203,24,Front/Back,135.41,153.98,135.41,153.96,157.99,155.98,157.99,122.24
1203,25,Front/Back,138.73,164.88,130.3,168.1,157.99,152.75,157.99,116.6
1203,26,Front/Back,144.28,168.11,144.27,168.1,157.95,155.98,157.95,126.65
1203,27,Front/Back,151.46,179.99,151.45,179.98,157.95,155.98,157.95,155.98
1203,28,Front/Back,157.78,167.83,157.77,167.82,162.03,159.24,162.03,148.42
1203,29,Front/Back,161.82,167.83,161.81,167.82,167.32,163.08,167.32,143.38
1203,30,Front/Back,179.98,179.98,179.98,179.98,179.98,179.98,179.98,155.83
1203,31,Front/Back,179.98,179.98,179.98,179.98,179.98,179.98,179.98,179.98
1204,1,Side,128.33,157.81,84.39,167.13,123.11,169.22,142.2,167.54
1204,2,Side,128.33,151.9,84.39,162.49,126.11,166.94,145.2,170.41
1204,3,Side,128.33,140.26,84.39,152.53,128.33,164.37,147.42,167.99
1204,4,Side,128.33,133.72,84.39,146.89,129.5,165.66,148.58,165.22
1204,5,Side,128.33,130.77,84.39,141.04,133.2,163.16,153.57,164.73
1204,6,Side,128.33,123.07,84.39,137.86,134.24,165.2,154.35,155.32
1204,7,Side,128.33,116.18,84.39,127.08,140.09,159.92,161.84,167.43
1204,8,Side,128.33,110.99,84.39,129.82,141.57,162.0,165.12,160.05
1204,9,Side,128.33,103.24,84.39,120.26,144.04,164.31,169.84,153.47
1204,10,Side,128.33,96.97,84.39,114.62,149.01,168.83,179.17,143.77
1204,11,Side,128.33,102.07,84.39,115.46,152.48,175.85,174.63,135.05
1204,12,Side,128.33,98.09,84.39,111.8,145.67,171.26,172.53,144.29
1204,13,Side,128.33,81.82,84.39,99.89,143.7,165.42,167.88,143.64
1204,14,Side,128.33,75.43,84.39,92.12,143.4,165.43,166.28,147.17
1204,15,Side,128.33,67.83,84.39,83.99,141.4,165.96,162.22,150.07
1204,16,Side,128.33,63.41,84.39,77.2,140.64,166.22,159.77,152.82
1204,17,Side,128.33,61.34,84.39,75.38,138.64,165.96,155.83,153.43
1204,18,Side,128.33,66.2,84.39,79.7,139.34,166.5,157.96,152.7
1204,19,Side,128.33,68.7,84.39,81.87,139.34,166.83,157.83,153.43
1204,20,Side,128.33,84.93,84.39,93.51,140.0,170.32,158.46,152.33
1204,21,Side,128.33,87.75,84.39,96.33,140.0,169.22,158.33,157.89
1204,22,Side,128.33,79.43,84.39,92.6,138.64,168.05,156.65,156.67
1204,23,Side,128.33,88.84,84.39,102.99,139.38,169.3,158.69,155.56
1204,24,Side,128.33,93.94,84.39,110.94,142.45,168.71,161.76,160.6
1204,25,Side,128.33,98.13,84.39,116.57,144.65,170.92,163.96,157.55
1204,26,Side,128.33,102.73,84.39,120.57,145.22,174.84,164.53,152.74
1204,27,Side,128.33,109.08,84.39,127.08,145.22,174.12,164.53,156.06
1204,28,Side,128.33,109.65,84.39,129.6,145.22,168.83,164.65,164.26
1204,29,Side,128.33,116.08,84.39,137.96,146.28,168.38,164.26,167.03
1204,30,Side,128.33,120.31,84.39,145.56,137.73,166.45,155.62,167.45
1204,31,Side,128.33,128.33,84.39,149.97,145.35,167.75,163.24,167.73
1204,32,Side,128.33,132.77,84.96,157.62,143.95,169.01,160.34,166.15
1204,33,Side,128.33,133.84,84.63,158.69,141.82,169.01,159.89,159.02
1204,34,Side,128.33,134.02,85.14,156.97,140.53,168.88,158.59,159.37
1204,35,Side,128.33,139.64,85.6,160.11,139.26,171.42,158.96,156.55
1204,36,Side,128.33,142.64,87.21,161.47,136.81,174.13,154.97,151.95
1204,37,Side,128.33,148.05,87.57,164.92,136.28,176.1,156.12,151.95
1204,38,Side,128.33,149.16,88.97,163.16,133.34,177.3,153.03,152.43
1204,39,Side,128.33,153.67,90.48,168.29,130.43,178.08,153.35,151.81
1205,1,Side,136.75,137.17,157.19,158.97,177.27,178.93,180.0,180.0
1205,2,Side,134.79,134.41,154.26,154.71,177.3,179.71,180.0,179.71
1205,3,Side,132.33,132.11,150.64,150.78,177.04,179.42,179.71,179.42
1205,4,Side,129.82,130.03,147.21,147.44,176.77,178.5,179.42,178.84
1205,5,Side,128.65,127.85,144.31,143.87,177.37,178.5,179.71,178.84
1205,6,Side,126.31,126.24,139.9,141.55,177.4,178.21,179.41,178.55
1205,7,Side,123.12,125.12,135.24,139.07,177.42,177.26,179.41,178.25
1205,8,Side,121.07,125.11,130.6,137.5,178.3,176.6,179.71,178.25
1205,9,Side,117.73,119.32,125.17,132.39,178.31,177.24,179.7,178.2
1205,10,Side,115.46,117.85,120.56,128.45,178.59,176.59,179.69,177.87
1205,11,Side,113.92,115.69,117.65,124.69,179.23,176.48,179.67,178.06
1205,12,Side,111.65,109.85,112.86,119.5,179.46,176.81,180.0,177.74
1205,13,Side,109.59,105.63,108.64,114.41,177.72,179.36,177.99,179.67
1205,14,Side,106.77,101.31,103.47,109.65,178.8,178.35,179.34,178.35
1205,15,Side,104.94,98.13,98.99,105.06,177.59,178.66,178.65,178.66
1205,16,Side,103.04,94.04,95.45,100.51,177.63,178.91,178.96,178.61
1205,17,Side,99.44,90.73,91.79,97.07,176.9,178.94,178.21,178.94
1205,18,Side,96.48,88.53,89.73,93.12,176.41,178.25,177.45,180.0
1205,19,Side,94.09,85.5,87.01,89.91,176.91,177.25,178.21,179.28
1205,20,Side,91.05,83.07,84.22,86.86,177.52,177.63,178.57,179.64
1205,21,Side,88.22,80.12,81.32,83.35,177.87,176.69,178.92,179.25
1205,22,Side,84.9,76.93,77.73,80.27,178.32,175.93,179.64,178.47
1205,23,Side,81.28,73.57,74.82,78.12,178.31,176.21,179.64,178.46
1205,24,Side,78.62,70.59,73.29,75.26,177.68,176.21,179.29,178.45
1205,25,Side,73.44,68.51,67.85,74.86,177.05,176.98,178.92,178.39
1205,26,Side,69.56,64.88,64.46,71.52,176.79,177.25,178.92,178.38
1205,27,Side,65.6,59.15,62.25,66.09,177.07,176.36,178.94,178.04
1205,28,Side,63.21,56.49,60.32,62.84,176.8,175.02,178.94,177.29
1205,29,Side,61.8,54.06,58.62,60.81,176.15,175.7,178.59,177.69
1205,30,Side,60.09,51.12,57.38,57.86,175.87,175.7,178.59,177.71
1205,31,Side,58.21,48.8,55.67,56.4,174.96,175.33,178.26,177.35
1205,32,Side,56.17,47.31,54.03,54.61,174.3,174.65,177.97,176.97
1205,33,Side,54.81,45.65,53.34,52.92,173.95,174.71,177.71,177.05
1205,34,Side,58.34,44.34,54.5,51.29,170.51,174.35,177.4,177.01
1205,35,Side,55.98,44.82,53.14,52.94,170.45,176.39,177.11,178.89
1205,36,Side,52.87,43.02,51.42,52.04,171.4,178.77,177.43,179.63
1205,37,Side,51.1,42.41,50.78,50.82,172.09,177.04,177.74,179.26
1205,38,Side,48.46,41.21,50.78,50.71,173.03,175.59,178.31,178.44
1205,39,Side,46.34,39.58,50.96,50.16,174.96,174.98,177.94,178.44
1205,40,Side,45.92,39.05,50.56,52.09,174.89,176.12,177.84,177.95
1205,41,Side,45.22,39.49,50.21,52.61,175.55,177.0,178.15,177.91
1205,42,Side,45.32,37.82,49.87,48.54,175.85,175.01,178.14,178.33
1205,43,Side,45.7,41.13,50.25,50.57,175.85,174.58,178.14,178.33
1205,44,Side,45.96,41.43,49.5,50.19,175.58,174.32,178.13,178.75
1205,45,Side,45.93,38.33,49.5,48.1,175.59,176.78,178.12,179.16
1205,46,Side,46.45,41.73,51.34,51.4,175.98,176.72,178.21,179.21
1205,47,Side,46.03,42.06,50.94,51.51,176.35,177.75,178.57,179.61
1205,48,Side,46.41,41.96,50.56,50.95,176.37,177.06,178.56,179.22
1205,49,Side,46.8,43.17,50.95,51.04,176.38,175.99,178.57,178.43
1205,50,Side,47.57,43.43,51.03,51.04,176.4,175.33,178.57,178.03
1205,51,Side,51.35,43.29,52.45,49.67,174.04,175.06,178.57,178.01
1205,52,Side,51.76,43.96,52.08,49.22,174.06,174.77,178.57,178.0
1205,53,Side,51.72,44.32,49.58,49.49,174.11,174.79,178.57,177.98
1205,54,Side,51.67,45.15,49.58,49.53,174.15,174.81,178.57,177.97
1205,55,Side,52.08,45.23,49.23,49.78,173.82,174.25,178.22,177.95
1205,56,Side,52.46,44.62,48.88,48.16,173.86,174.05,178.22,177.94
1205,57,Side,52.57,45.42,48.52,48.96,174.53,174.05,178.58,177.94
1205,58,Side,53.18,46.27,49.4,48.92,174.8,174.04,178.58,177.91
1205,59,Side,54.53,47.09,49.98,49.76,174.8,174.04,178.58,177.89
1205,60,Side,55.13,48.23,50.86,49.74,175.08,173.75,178.58,177.88
1205,61,Side,55.11,49.38,50.87,50.63,175.1,173.06,178.58,177.44
1205,62,Side,57.36,51.91,52.86,52.6,175.97,173.31,178.94,177.46
1205,63,Side,60.33,54.45,56.05,55.18,176.23,173.8,178.98,177.97
1205,64,Side,62.55,58.31,58.58,58.53,177.19,174.07,179.66,178.0
1205,65,Side,66.3,61.64,62.88,61.9,178.43,173.69,179.65,177.63
1205,66,Side,72.1,65.14,67.51,64.52,175.91,173.73,178.99,177.71
1205,67,Side,77.17,69.85,71.74,69.78,174.07,174.31,178.01,177.74
1205,68,Side,83.11,74.43,77.66,75.77,175.02,173.66,178.98,176.52
1205,69,Side,88.2,80.35,83.03,81.68,175.31,174.05,178.99,176.93
1205,70,Side,84.36,77.97,80.19,80.19,176.63,174.17,179.33,176.93
1205,71,Side,88.35,82.5,87.89,83.91,179.73,174.19,180.0,176.93
1205,72,Side,92.18,87.38,91.99,89.34,179.45,173.55,180.0,176.57
1205,73,Side,101.73,91.47,97.96,93.33,176.96,175.58,180.0,177.87
1205,74,Side,105.38,102.71,102.82,102.89,176.39,171.17,179.67,175.08
1205,75,Side,108.88,107.52,107.76,107.14,177.69,168.91,179.04,173.38
1205,76,Side,111.96,112.73,111.51,111.77,177.98,167.08,178.75,172.12
1205,77,Side,121.5,108.7,121.88,109.21,175.83,170.78,179.68,174.36
1205,78,Side,124.44,110.86,126.12,111.29,176.73,169.54,179.38,173.13
1205,79,Side,126.41,112.45,129.89,113.15,176.62,170.75,180.0,174.08
1205,80,Side,129.69,115.2,133.21,115.77,176.57,170.72,180.0,174.12
1205,81,Side,131.97,118.48,135.04,120.94,176.8,170.92,180.0,174.08
1205,82,Side,132.65,119.47,135.01,124.9,176.47,171.8,179.69,174.39
1205,83,Side,121.24,120.47,127.15,127.25,179.72,172.75,180.0,174.77
1205,84,Side,122.43,120.77,128.34,128.91,179.72,173.35,180.0,174.81
1205,85,Side,123.01,122.07,128.92,131.61,179.42,173.8,179.7,175.26
1205,86,Side,123.6,124.18,130.07,133.16,179.97,173.24,179.7,175.26
1205,87,Side,124.26,124.85,131.05,134.11,179.7,173.53,179.7,175.26
1205,88,Side,124.65,126.21,132.11,136.24,179.7,173.53,179.7,175.26
1205,89,Side,124.63,131.1,134.15,140.48,179.47,172.28,179.7,175.26
1205,90,Side,125.04,128.36,135.22,139.14,179.48,172.93,179.7,175.26
1205,91,Side,124.77,128.78,135.76,140.12,179.2,172.93,179.7,175.26
1205,92,Side,125.2,130.34,136.83,142.59,179.21,172.93,179.7,175.26
1205,93,Side,126.21,131.04,137.84,143.76,179.21,172.66,179.7,175.26
1205,94,Side,126.66,131.59,138.93,144.31,179.22,172.66,179.7,175.26
1205,95,Side,127.78,132.0,139.5,146.04,179.76,173.25,179.7,175.26
1205,96,Side,128.34,132.53,140.07,146.79,179.76,173.26,179.7,175.26
1205,97,Side,128.72,132.23,140.85,147.52,179.49,173.55,179.7,175.26
1205,98,Side,128.62,133.36,141.94,148.05,178.94,172.96,179.7,175.26
1205,99,Side,128.35,134.11,141.94,149.23,178.67,172.67,179.7,175.26
1205,100,Side,128.89,135.09,142.48,151.19,178.67,172.69,179.7,175.26
1205,101,Side,128.9,135.07,142.48,151.19,178.68,172.7,179.7,175.26
1205,102,Side,129.36,135.07,143.59,151.19,178.68,172.7,179.7,175.26
1205,103,Side,129.36,135.07,143.59,151.19,178.68,172.7,179.7,175.26
1205,104,Side,129.36,135.07,143.59,151.19,178.68,172.7,179.7,175.26
1205,105,Side,129.83,135.07,144.7,151.19,178.68,172.7,179.7,175.26
1206,1,Front/Back,179.98,179.98,179.98,179.98,179.99,179.99,179.99,179.99
1206,2,Front/Back,160.76,169.11,160.76,164.92,173.9,171.36,173.9,171.35
1206,3,Front/Back,166.66,169.63,158.31,162.54,171.37,167.73,171.37,167.72
1206,4,Front/Back,156.52,166.13,156.52,167.53,180.0,157.37,179.99,171.23
1206,5,Front/Back,158.78,169.17,154.55,166.52,162.98,156.87,162.97,167.69
1206,6,Front/Back,155.2,177.82,155.2,165.71,160.73,162.79,160.72,164.97
1206,7,Front/Back,170.14,163.46,170.14,148.53,157.15,160.64,157.14,160.63
1206,8,Front/Back,166.66,162.75,166.66,147.55,154.65,157.92,154.64,157.92
1206,9,Front/Back,160.93,160.65,160.93,142.88,149.43,151.89,149.42,151.88
1206,10,Front/Back,156.75,160.51,156.75,142.42,146.88,149.28,146.87,149.28
1206,11,Front/Back,153.41,159.1,153.41,140.79,144.61,146.87,144.6,146.86
1206,12,Front/Back,151.88,156.57,151.88,138.2,143.41,145.15,143.4,145.14
1206,13,Front/Back,151.65,154.91,151.65,136.49,142.77,144.04,142.76,144.04
1206,14,Front/Back,150.45,152.4,150.45,133.99,142.14,142.97,142.13,142.96
1206,15,Front/Back,148.8,150.46,148.8,132.09,141.52,142.44,141.51,142.43
1206,16,Front/Back,148.12,149.7,148.12,129.37,140.5,140.9,140.49,140.89
1206,17,Front/Back,146.62,150.05,146.62,131.96,140.41,140.89,140.4,140.89
1206,18,Front/Back,146.47,152.56,146.47,130.68,139.82,140.89,139.81,140.88
1206,19,Front/Back,147.4,151.98,147.4,126.89,139.15,140.89,139.15,140.89
1206,20,Front/Back,146.74,154.51,137.45,133.37,141.53,143.52,141.53,143.51
1206,21,Front/Back,136.4,146.62,123.69,127.05,141.02,148.07,141.01,156.43
1206,22,Front/Back,135.68,154.08,122.96,124.9,153.99,143.53,153.98,143.52
1206,23,Front/Back,145.88,152.95,130.52,122.44,153.26,143.55,153.25,143.54
1206,24,Front/Back,151.01,152.1,151.01,120.3,153.2,143.03,153.19,143.03
1206,25,Front/Back,154.49,153.06,154.49,121.26,153.2,143.06,153.19,143.05
1206,26,Front/Back,156.75,152.78,156.75,120.98,150.5,140.96,150.49,140.95
1206,27,Front/Back,148.79,152.85,129.26,121.21,152.48,142.01,152.48,142.0
1206,28,Front/Back,148.01,153.39,126.46,121.76,152.48,153.31,152.48,153.3
1206,29,Front/Back,150.14,154.1,127.0,121.23,152.48,153.31,152.48,153.3
1206,30,Front/Back,151.48,155.48,128.34,122.6,152.48,152.61,152.48,152.6
1206,31,Front/Back,153.22,151.12,130.37,123.99,151.73,146.85,151.72,152.6
1206,32,Front/Back,154.82,150.25,130.22,125.74,150.38,144.24,150.38,152.6
1206,33,Front/Back,158.46,151.44,132.5,126.73,149.09,143.93,149.09,151.91
1206,34,Front/Back,160.02,150.15,132.8,129.46,147.24,139.91,147.23,151.9
1206,35,Front/Back,165.17,152.49,136.76,131.8,133.92,138.7,133.91,151.91
1206,36,Front/Back,143.65,156.44,113.8,137.09,132.67,136.69,132.66,151.24
1206,37,Front/Back,145.77,165.67,115.63,147.3,134.37,137.59,134.36,151.91
1206,38,Front/Back,147.12,180.0,115.35,156.16,135.28,138.6,135.27,138.59
1206,39,Front/Back,148.09,180.0,116.07,145.92,136.67,139.54,136.66,139.53
1206,40,Front/Back,138.24,180.0,115.73,144.59,138.01,140.03,149.04,140.03
1206,41,Front/Back,137.28,180.0,117.87,144.45,135.39,140.0,149.73,140.0
1206,42,Front/Back,136.65,180.0,120.77,143.2,133.62,140.0,150.38,140.0
1206,43,Front/Back,136.78,180.0,121.56,141.9,133.41,141.01,150.99,141.0
1206,44,Front/Back,140.52,180.0,123.91,141.9,134.13,140.98,150.33,140.97
1206,45,Front/Back,140.77,167.85,125.14,140.76,133.67,139.14,150.99,151.28
1206,46,Front/Back,142.63,169.47,126.72,151.8,133.39,140.76,150.44,151.28
1206,47,Front/Back,143.51,169.47,128.03,140.76,133.63,140.76,145.48,145.56
1206,48,Front/Back,142.35,169.47,126.49,153.25,133.17,140.76,150.49,145.56
1206,49,Front/Back,143.51,166.41,127.92,153.14,132.9,138.38,144.75,143.85
1206,50,Front/Back,140.91,166.15,126.27,153.14,131.7,138.12,144.56,143.85
1206,51,Front/Back,140.91,166.15,126.27,153.05,129.78,138.12,148.42,151.96
1206,52,Front/Back,141.69,165.91,126.2,141.9,129.95,137.84,147.8,151.94
1206,53,Front/Back,140.24,165.67,124.75,154.57,129.34,136.94,147.19,151.27
1206,54,Front/Back,142.78,180.0,127.52,154.57,130.43,141.07,147.19,141.07
1206,55,Front/Back,142.5,180.0,126.07,143.0,131.0,140.57,146.6,140.57
1206,56,Front/Back,163.24,180.0,166.8,143.0,129.25,139.57,146.01,139.57
1206,57,Front/Back,180.0,180.0,167.02,143.0,135.67,139.05,135.67,139.05
1206,58,Front/Back,180.0,180.0,167.02,154.57,135.2,138.6,135.2,138.6
1206,59,Front/Back,180.0,180.0,167.02,156.18,135.2,138.09,135.2,138.09
1206,60,Front/Back,180.0,180.0,167.02,144.13,134.3,137.64,134.3,137.64
1206,61,Front/Back,180.0,180.0,167.02,144.13,133.85,137.14,133.85,137.14
1206,62,Front/Back,180.0,180.0,167.02,144.22,133.85,136.67,133.85,136.67
1206,63,Front/Back,180.0,180.0,167.02,156.27,134.3,137.14,134.3,137.14
1206,64,Front/Back,180.0,180.0,167.02,156.27,135.2,137.14,135.2,137.14
1206,65,Front/Back,180.0,180.0,167.02,156.27,135.2,136.67,135.2,136.67
1206,66,Front/Back,180.0,180.0,167.02,145.38,135.2,136.67,135.2,136.67
1206,67,Front/Back,180.0,180.0,167.02,145.49,135.67,136.67,135.67,136.67
1206,68,Front/Back,180.0,180.0,167.02,158.12,135.2,136.67,135.2,136.67
1206,69,Front/Back,180.0,180.0,167.02,158.12,135.2,136.67,135.2,136.67
1206,70,Front/Back,180.0,180.0,167.02,146.81,135.2,136.67,135.2,136.67
1206,71,Front/Back,180.0,180.0,164.16,145.61,135.2,136.67,135.2,136.67
1206,72,Front/Back,180.0,180.0,164.38,145.61,134.75,136.24,134.75,136.24
1206,73,Front/Back,180.0,180.0,167.6,146.81,134.75,136.24,134.75,136.24
1206,74,Front/Back,180.0,180.0,167.6,158.27,134.75,135.78,134.75,135.78
1206,75,Front/Back,180.0,180.0,167.6,158.44,134.3,135.33,134.3,135.33
1206,76,Front/Back,180.0,180.0,167.6,158.44,133.85,134.88,133.85,134.88
1206,77,Front/Back,180.0,180.0,167.97,147.12,133.4,134.43,133.4,134.43
1206,78,Front/Back,180.0,180.0,167.97,158.64,132.59,133.54,132.59,133.54
1206,79,Front/Back,159.15,180.0,128.91,158.64,141.12,132.67,141.12,132.67
1206,80,Front/Back,159.15,180.0,130.35,158.86,140.09,132.24,140.09,132.24
1206,81,Front/Back,160.8,180.0,133.67,159.11,138.6,131.38,138.6,131.38
1206,82,Front/Back,156.18,180.0,129.06,159.11,139.19,132.2,139.19,132.2
1206,83,Front/Back,153.86,180.0,128.33,161.06,139.69,133.07,139.69,133.07
1206,84,Front/Back,160.52,180.0,154.0,161.36,140.19,133.95,140.19,133.95
1206,85,Front/Back,158.15,180.0,158.15,161.36,141.6,135.41,141.6,135.41
1206,86,Front/Back,154.1,169.38,154.1,150.74,141.64,135.78,141.64,135.78
1206,87,Front/Back,152.39,167.24,152.39,151.16,143.2,137.17,143.2,137.17
1206,88,Front/Back,141.69,157.99,121.66,141.55,143.74,137.64,143.74,137.64
1206,89,Front/Back,148.49,157.43,130.42,141.35,144.86,138.6,144.86,138.6
1206,90,Front/Back,146.15,155.69,127.88,142.21,146.06,139.57,146.06,139.57
1206,91,Front/Back,138.55,152.94,122.72,139.03,147.19,140.11,147.19,140.11
1206,92,Front/Back,138.63,152.74,122.6,138.83,148.37,141.62,148.37,141.62
1206,93,Front/Back,144.89,151.24,128.72,140.44,149.64,142.66,149.64,142.66
1206,94,Front/Back,139.64,150.46,126.26,139.18,150.95,143.73,150.95,143.73
1206,95,Front/Back,139.78,150.36,126.41,138.66,151.63,144.82,151.63,144.82
1206,96,Front/Back,140.03,152.53,126.51,140.46,143.46,145.94,143.46,145.94
1206,97,Front/Back,145.8,151.98,132.19,136.78,142.45,144.82,142.45,144.82
1206,98,Front/Back,145.77,151.57,135.55,138.9,141.33,143.73,141.33,143.73
1206,99,Front/Back,147.61,152.68,142.82,139.77,141.02,143.65,141.02,143.65
1206,100,Front/Back,148.51,155.07,143.77,141.96,140.58,143.08,140.58,143.08
1206,101,Front/Back,148.28,156.16,148.28,142.89,140.07,142.56,140.07,142.56
1206,102,Front/Back,148.51,156.51,148.51,143.11,141.09,143.62,141.09,143.62
1206,103,Front/Back,148.09,157.01,148.09,143.53,141.61,144.71,141.61,144.71
1206,104,Front/Back,157.43,157.68,157.43,144.15,142.59,145.86,142.59,145.86
1206,105,Front/Back,150.11,158.52,150.11,144.98,143.12,147.02,143.12,147.02
1206,106,Front/Back,162.98,159.91,162.98,149.61,143.66,148.25,143.66,148.25
1206,107,Front/Back,165.02,161.08,165.02,150.81,144.29,149.45,144.29,149.45
1206,108,Front/Back,166.66,162.52,166.66,152.31,145.41,150.08,145.41,150.08
1206,109,Front/Back,158.2,166.47,158.2,156.37,145.99,151.39,145.99,151.39
1206,110,Front/Back,159.87,169.17,159.87,159.24,147.25,152.02,147.25,152.02
1206,111,Front/Back,176.8,172.86,176.8,168.67,147.85,152.68,147.85,152.68
1206,112,Front/Back,160.8,173.23,160.8,169.68,148.46,153.38,148.46,153.38
1206,113,Front/Back,161.24,180.0,161.24,177.4,149.09,154.11,149.09,154.11
1206,114,Front/Back,163.71,169.29,163.71,179.99,147.77,142.04,147.77,152.75
1206,115,Front/Back,164.39,166.23,164.39,165.37,148.38,139.68,148.38,153.46
1206,116,Front/Back,169.72,162.59,169.72,165.71,152.31,140.72,152.31,158.13
1206,117,Front/Back,171.37,161.54,173.96,180.0,151.15,141.45,153.73,159.91
1206,118,Front/Back,161.88,161.54,180.0,165.71,143.66,143.4,161.78,161.86
1207,1,Side,170.81,175.21,178.71,174.25,162.24,158.78,154.49,144.14
1207,2,Side,164.64,168.57,177.31,178.94,154.87,159.46,149.07,148.6
1207,3,Side,149.65,157.69,177.37,177.55,152.67,160.57,144.14,148.77
1207,4,Side,136.62,152.95,177.03,178.84,160.91,158.42,136.6,140.0
1207,5,Side,126.64,146.13,179.59,177.32,161.64,156.93,125.52,128.57
1207,6,Side,114.13,138.34,172.87,176.14,165.09,149.99,118.03,109.67
1207,7,Side,94.71,133.57,154.86,174.78,179.58,168.33,121.69,116.37
1207,8,Side,74.95,131.67,137.9,172.96,164.65,175.75,131.24,126.4
1207,9,Side,53.65,133.41,116.14,175.14,152.53,179.79,134.33,121.95
1207,10,Side,37.47,132.11,96.76,170.27,148.56,167.05,134.93,127.59
1207,11,Side,26.86,126.87,82.31,171.03,150.66,157.32,133.29,130.35
1207,12,Side,25.74,82.3,71.74,138.07,158.51,168.26,132.77,126.52
1207,13,Side,33.76,4.22,68.91,40.24,166.77,178.36,136.42,132.18
1207,14,Side,26.07,32.47,45.98,0.2,177.0,171.46,139.84,133.9
1207,15,Side,20.04,16.21,30.38,18.19,176.25,171.69,143.81,135.2
1207,16,Side,16.35,39.7,18.73,17.71,171.37,163.72,149.02,145.4
1207,17,Side,18.01,42.74,21.31,18.33,170.39,163.3,145.92,151.52
1207,18,Side,14.38,46.09,23.84,21.46,179.37,169.75,149.84,155.19
1207,19,Side,13.89,47.05,30.43,20.36,177.9,172.42,154.53,156.05
1207,20,Side,12.91,47.69,30.95,17.1,175.8,175.55,156.81,156.13
1207,21,Side,16.01,55.69,35.46,25.58,174.39,177.16,159.37,155.12
1207,22,Side,24.32,61.64,40.52,30.32,175.41,176.18,153.84,152.58
1207,23,Side,35.23,160.26,57.33,151.95,178.18,174.65,147.3,151.9
1207,24,Side,47.88,146.37,74.08,161.25,176.01,174.49,150.77,153.29
1207,25,Side,60.22,136.39,88.6,179.41,177.52,179.87,148.34,148.51
1207,26,Side,75.15,131.16,107.08,175.29,175.6,179.29,150.84,152.85
1207,27,Side,90.94,141.0,122.06,177.78,177.43,178.49,154.69,154.53
1207,28,Side,97.88,142.95,130.31,179.04,175.51,178.04,160.39,156.84
1207,29,Side,107.09,150.11,139.36,178.35,176.15,175.7,161.83,154.44
1207,30,Side,119.11,151.48,150.9,179.37,176.03,175.19,161.42,154.28
1207,31,Side,140.61,154.82,171.95,179.38,178.4,172.3,158.03,149.48
1207,32,Side,140.82,159.77,166.56,179.14,172.22,179.57,156.73,154.1
1207,33,Side,151.69,165.82,171.04,176.83,167.51,175.03,155.04,149.76
1207,34,Side,160.79,169.1,174.29,178.04,164.62,170.69,149.78,142.64
1207,35,Side,168.37,178.56,176.82,179.91,160.81,168.46,145.7,138.19
1207,36,Side,166.33,174.85,161.67,179.31,154.76,167.25,136.27,128.4
1208,1,Front/Back,179.98,179.98,179.98,179.98,179.98,179.98,179.97,179.97
1208,2,Front/Back,157.55,157.65,157.55,154.02,180.0,167.31,173.67,173.59
1208,3,Front/Back,146.93,150.72,154.08,145.85,172.85,162.71,180.0,171.87
1208,4,Front/Back,138.17,143.14,158.73,139.14,159.44,168.9,180.0,180.0
1208,5,Front/Back,133.23,135.41,156.26,134.89,156.97,165.42,180.0,180.0
1208,6,Front/Back,127.24,131.58,153.52,133.4,153.72,165.62,159.52,180.0
1208,7,Front/Back,119.98,126.9,149.21,132.47,150.77,159.07,152.42,180.0
1208,8,Front/Back,115.31,121.54,146.36,129.43,148.95,156.03,147.22,180.0
1208,9,Front/Back,111.04,119.47,136.31,129.69,154.73,147.67,141.84,175.2
1208,10,Front/Back,105.76,118.2,134.08,138.63,151.68,124.14,134.86,159.21
1208,11,Front/Back,105.04,114.51,133.36,137.63,147.62,118.54,127.18,156.3
1208,12,Front/Back,100.25,109.21,130.44,131.8,133.77,112.67,120.16,150.44
1208,13,Front/Back,97.75,105.35,128.84,119.33,125.96,110.86,120.82,148.62
1208,14,Front/Back,110.41,104.06,127.88,109.74,117.88,106.03,118.81,143.8
1208,15,Front/Back,101.08,100.74,128.03,104.71,104.41,101.8,131.36,139.47
1208,16,Front/Back,99.52,99.88,126.47,101.34,99.9,100.35,126.85,135.51
1208,17,Front/Back,106.18,96.84,126.56,100.58,102.78,93.97,123.16,131.73
1208,18,Front/Back,106.84,96.27,115.75,98.81,102.44,90.01,121.46,128.4
1208,19,Front/Back,101.09,95.63,107.87,97.21,92.46,89.1,117.57,126.78
1208,20,Front/Back,112.57,94.44,111.53,96.64,95.61,87.08,113.33,125.38
1208,21,Front/Back,115.07,94.42,112.45,96.31,95.16,82.94,111.3,121.15
1208,22,Front/Back,118.84,93.71,108.99,95.59,95.16,82.63,109.48,120.84
1208,23,Front/Back,120.83,95.73,110.82,97.52,94.51,81.04,108.73,119.35
1208,24,Front/Back,124.92,95.89,110.52,97.68,94.86,82.36,106.95,120.66
1208,25,Front/Back,129.89,98.86,110.77,100.02,97.41,86.03,106.89,123.7
1208,26,Front/Back,132.69,98.53,111.61,105.8,96.85,89.98,106.33,128.28
1208,27,Front/Back,139.94,107.41,118.81,108.81,97.48,93.45,106.74,131.75
1208,28,Front/Back,125.53,106.57,110.07,100.32,86.69,97.24,106.66,134.81
1208,29,Front/Back,125.49,113.07,102.72,104.91,85.74,101.95,107.01,138.89
1208,30,Front/Back,138.09,118.45,113.31,106.39,86.95,104.83,108.22,141.67
1208,31,Front/Back,136.19,144.7,108.53,126.85,85.85,104.01,107.12,138.41
1208,32,Front/Back,139.66,133.35,107.06,117.4,88.08,101.47,106.67,136.64
1208,33,Front/Back,138.5,124.83,107.3,113.67,90.18,99.14,107.28,135.63
1208,34,Front/Back,136.0,114.17,105.88,106.05,94.99,95.72,110.46,134.02
1208,35,Front/Back,135.74,109.7,105.97,106.6,98.89,93.66,112.55,133.19
1208,36,Front/Back,135.52,107.55,103.58,108.66,103.43,92.11,115.0,131.73
1208,37,Front/Back,135.52,108.15,102.14,108.83,105.69,89.15,114.43,128.32
1208,38,Front/Back,137.84,103.43,101.2,104.96,108.48,86.75,112.8,125.31
1208,39,Front/Back,140.73,107.65,102.5,107.99,111.52,84.6,111.52,121.97
1208,40,Front/Back,130.32,107.35,106.72,108.64,97.72,81.48,111.0,118.28
1208,41,Front/Back,134.65,109.37,110.52,111.63,98.91,80.05,110.02,116.26
1208,42,Front/Back,145.54,110.4,110.11,111.33,106.67,79.37,106.67,114.24
1208,43,Front/Back,146.72,111.65,112.82,113.59,106.26,80.6,106.26,114.78
1208,44,Front/Back,147.4,114.22,113.29,114.76,111.09,83.73,111.09,116.44
1208,45,Front/Back,149.83,119.05,117.44,115.65,108.92,85.19,108.92,117.17
1208,46,Front/Back,146.36,121.88,115.82,118.86,109.26,88.05,109.26,118.61
1208,47,Front/Back,150.41,124.13,119.93,119.05,109.61,90.99,109.61,120.7
1208,48,Front/Back,154.02,127.96,123.62,121.5,118.24,93.7,118.24,121.81
1208,49,Front/Back,157.0,131.21,128.71,123.51,123.48,98.05,123.48,124.38
1208,50,Front/Back,161.18,141.29,133.28,132.62,129.63,100.62,129.63,125.31
1208,51,Front/Back,165.47,156.26,140.66,147.44,132.68,106.03,132.68,129.76
1208,52,Front/Back,163.73,158.28,141.74,149.09,130.68,110.72,130.68,132.44
1208,53,Front/Back,163.08,154.49,142.15,144.57,134.15,117.2,134.15,134.13
1208,54,Front/Back,161.67,165.99,143.55,153.71,138.47,123.54,138.47,137.55
1208,55,Front/Back,160.37,159.89,142.97,136.23,135.35,140.0,135.35,140.0
1208,56,Front/Back,161.36,157.14,148.42,140.24,137.85,145.55,137.85,145.55
1208,57,Front/Back,158.09,175.14,150.39,155.48,150.36,152.23,141.22,152.23
1209,1,Side,140.43,133.73,153.25,149.93,161.86,166.14,175.78,170.1
1209,2,Side,140.78,131.4,153.1,146.73,162.21,165.21,175.78,170.33
1209,3,Side,141.57,130.74,152.02,145.03,164.36,165.7,178.1,169.13
1209,4,Side,141.51,128.34,152.02,141.86,164.42,165.36,178.22,169.01
1209,5,Side,140.48,127.65,149.46,140.14,165.42,165.86,179.77,168.51
1209,6,Side,141.1,124.52,149.6,136.94,166.03,160.1,174.45,167.1
1209,7,Side,142.87,123.87,154.59,135.62,165.22,166.05,172.25,160.76
1209,8,Side,142.37,123.27,152.62,134.02,166.19,165.8,176.19,166.17
1209,9,Side,141.44,121.78,150.67,131.5,165.7,165.8,173.44,165.14
1209,10,Side,141.86,120.23,149.6,129.86,166.12,166.33,173.33,164.06
1209,11,Side,139.45,118.76,144.41,126.81,165.38,165.82,168.38,162.68
1209,12,Side,137.85,116.86,142.83,125.81,166.32,165.82,170.52,163.15
1209,13,Side,137.85,115.96,141.88,124.98,165.63,165.85,168.66,162.11
1209,14,Side,140.4,113.57,142.99,120.78,166.67,161.93,170.36,165.84
1209,15,Side,137.59,112.82,139.51,119.91,165.35,165.88,169.44,162.47
1209,16,Side,135.37,110.56,135.0,118.57,164.77,160.53,167.77,165.51
1209,17,Side,132.32,111.84,131.92,117.85,163.62,160.94,163.26,160.83
1209,18,Side,130.96,110.0,133.46,115.71,163.96,162.98,161.99,158.76
1209,19,Side,127.37,108.31,123.81,113.0,163.32,163.58,158.74,157.81
1209,20,Side,126.16,103.98,125.53,110.41,163.24,159.25,159.81,164.67
1209,21,Side,125.1,100.77,121.79,102.56,162.85,160.01,158.08,165.43
1209,22,Side,122.28,98.86,119.04,100.47,162.01,166.45,154.02,154.11
1209,23,Side,131.5,97.06,121.98,98.71,166.05,167.07,155.38,153.64
1209,24,Side,119.37,95.32,113.43,100.18,159.62,166.95,149.27,154.42
1209,25,Side,117.01,94.19,106.0,99.11,157.76,167.61,147.01,153.87
1209,26,Side,117.01,92.45,105.83,97.31,159.98,167.5,152.31,156.67
1209,27,Side,115.11,89.78,104.89,94.59,159.69,168.3,152.03,155.65
1209,28,Side,109.75,86.56,98.15,90.86,159.53,167.81,150.86,155.46
1209,29,Side,106.42,85.97,93.43,88.97,158.54,168.97,150.82,154.69
1209,30,Side,100.49,82.35,87.52,85.35,157.41,169.82,149.6,153.59
1209,31,Side,106.25,78.56,89.2,81.71,158.53,162.26,145.79,159.99
1209,32,Side,93.46,75.14,79.08,79.09,155.38,160.19,145.12,161.59
1209,33,Side,90.69,72.18,72.21,74.29,157.99,160.99,145.6,161.27
1209,34,Side,80.21,70.02,64.08,70.96,155.64,162.47,145.43,161.11
1209,35,Side,70.24,65.81,50.59,66.93,157.06,162.86,144.7,162.75
1209,36,Side,62.89,69.49,45.92,65.13,154.86,167.03,143.58,162.48
1209,37,Side,62.55,68.5,46.53,63.24,152.8,167.59,141.8,160.05
1209,38,Side,54.65,62.91,39.53,58.63,150.93,171.21,140.02,154.54
1209,39,Side,50.02,57.09,34.79,54.97,149.6,164.94,138.73,163.39
1209,40,Side,47.48,56.38,32.91,55.36,147.21,165.01,138.18,161.37
1209,41,Side,45.0,51.96,30.24,49.42,147.21,167.95,138.97,159.22
1209,42,Side,42.6,49.94,29.39,47.47,145.02,176.18,136.93,153.51
1209,43,Side,38.9,45.44,26.79,44.25,145.74,175.79,139.15,153.86
1209,44,Side,35.45,42.59,23.8,39.49,148.44,175.66,142.02,155.39
1209,45,Side,33.57,39.58,18.81,37.25,143.07,177.18,137.37,155.13
1209,46,Side,32.37,38.1,19.31,35.66,143.3,178.12,134.73,153.38
1209,47,Side,31.86,36.27,20.13,36.33,144.09,176.6,136.66,155.05
1209,48,Side,33.98,36.56,21.69,38.12,145.96,170.79,138.8,158.45
1209,49,Side,32.46,36.31,20.04,38.66,145.37,172.57,139.45,157.35
1209,50,Side,29.31,36.62,18.01,40.21,146.74,177.68,142.63,153.94
1209,51,Side,29.3,34.43,18.39,38.62,147.82,179.17,144.09,153.16
1209,52,Side,29.7,38.11,20.44,38.53,150.18,179.58,149.71,152.57
1209,53,Side,31.24,40.14,20.86,40.14,149.46,180.0,146.49,153.15
1209,54,Side,32.09,39.49,21.73,38.25,149.88,178.76,146.05,151.89
1209,55,Side,33.94,43.57,23.22,43.21,150.59,175.63,147.64,154.18
1209,56,Side,33.3,47.35,22.15,45.78,152.56,178.59,149.32,149.62
1209,57,Side,35.24,47.75,23.47,43.38,151.84,177.92,147.54,150.52
1209,58,Side,37.9,50.04,22.27,49.99,154.68,170.0,150.03,155.91
1209,59,Side,37.04,53.66,22.24,52.95,155.94,173.03,147.98,156.19
1209,60,Side,39.55,51.47,25.18,49.37,156.62,165.81,149.52,162.54
1209,61,Side,43.44,53.73,31.24,52.74,154.8,167.63,149.01,158.69
1209,62,Side,44.33,52.78,30.23,50.41,158.76,169.98,148.19,158.31
1209,63,Side,49.99,56.33,38.55,53.13,156.11,167.57,148.26,160.61
1209,64,Side,55.99,62.47,44.68,62.78,156.0,160.09,149.57,170.75
1209,65,Side,68.53,67.1,56.24,67.03,158.05,160.13,151.49,171.06
1209,66,Side,74.76,71.27,63.38,72.35,156.78,161.57,151.08,168.54
1209,67,Side,76.41,78.8,66.48,78.75,156.96,166.94,151.79,159.85
1209,68,Side,79.32,81.88,70.95,77.31,159.57,167.75,156.32,159.61
1209,69,Side,83.91,89.35,76.38,80.82,157.72,178.55,153.81,149.68
1209,70,Side,89.44,85.71,82.5,80.08,158.43,167.26,153.29,155.53
1209,71,Side,100.14,90.03,93.17,84.05,158.06,170.06,152.04,151.57
1209,72,Side,105.72,93.77,99.9,90.19,158.63,166.94,152.55,154.05
1209,73,Side,112.85,97.03,106.59,93.45,160.54,166.13,154.03,155.85
1209,74,Side,129.63,111.21,122.32,102.3,163.23,173.17,156.09,153.97
1209,75,Side,121.33,108.49,114.87,102.54,161.35,171.47,158.82,157.29
1209,76,Side,125.54,108.97,122.1,108.43,161.57,165.8,161.57,162.94
1209,77,Side,128.88,112.57,126.16,113.6,162.84,168.72,162.41,158.99
1209,78,Side,130.6,114.17,128.31,117.55,162.61,160.05,163.45,165.28
1209,79,Side,132.71,119.81,132.27,123.74,164.23,161.52,165.5,164.58
1209,80,Side,133.26,124.53,133.26,128.22,164.58,164.63,167.18,162.23
1209,81,Side,133.73,123.56,134.17,126.44,164.75,159.98,168.71,166.23
1209,82,Side,136.2,125.44,137.68,130.3,164.75,161.12,167.79,164.1
1209,83,Side,139.03,127.07,141.11,132.51,166.28,162.63,168.8,163.49
1209,84,Side,141.4,128.54,144.96,136.28,166.47,161.64,167.76,160.85
1209,85,Side,142.69,132.39,146.25,143.93,167.24,160.14,170.24,165.59
1209,86,Side,142.77,136.85,145.61,147.92,163.41,162.84,167.64,163.05
1209,87,Side,146.69,138.3,153.69,150.12,162.33,166.97,169.89,162.0
1209,88,Side,147.9,138.1,155.78,148.33,168.0,165.98,174.66,160.76
1209,89,Side,149.19,139.11,159.07,150.09,168.83,162.93,175.57,163.58
1209,90,Side,147.76,139.95,159.15,152.1,163.51,161.61,171.05,165.51
1209,91,Side,152.63,140.85,163.93,153.49,167.09,163.29,171.1,163.15
1209,92,Side,153.4,141.13,165.21,152.87,168.27,165.4,174.52,164.29
1210,1,Front/Back,179.98,179.98,179.97,179.97,179.98,179.98,179.98,179.98
1210,2,Front/Back,160.07,164.5,170.98,171.07,169.06,164.49,161.57,157.44
1210,3,Front/Back,153.03,157.99,172.36,162.2,153.03,146.58,157.82,139.13
1210,4,Front/Back,150.82,150.76,172.36,145.28,150.82,134.34,154.21,126.35
1210,5,Front/Back,146.81,144.89,156.39,140.88,146.81,128.6,148.14,119.57
1210,6,Front/Back,144.8,155.38,155.4,136.95,124.54,135.35,130.55,106.33
1210,7,Front/Back,143.04,150.78,155.4,139.56,127.06,130.93,131.96,104.41
1210,8,Front/Back,143.04,150.78,154.6,146.24,123.14,124.92,130.91,100.15
1210,9,Front/Back,129.89,146.76,145.5,145.89,128.67,123.56,128.24,101.02
1210,10,Front/Back,126.05,146.74,135.55,150.05,128.69,118.18,128.54,95.71
1210,11,Front/Back,125.63,144.89,136.98,150.05,126.39,116.47,120.61,94.22
1210,12,Front/Back,123.78,127.69,132.21,126.85,118.71,111.93,109.93,87.95
1210,13,Front/Back,117.21,122.9,129.2,130.56,115.23,110.05,103.8,85.97
1210,14,Front/Back,118.69,116.72,124.78,113.95,104.48,104.48,94.66,84.27
1210,15,Front/Back,108.45,115.17,113.62,108.86,98.92,99.52,91.0,80.68
1210,16,Front/Back,105.42,113.7,111.11,107.39,94.76,97.75,77.88,76.93
1210,17,Front/Back,97.71,110.39,114.21,110.7,84.9,91.53,81.18,76.27
1210,18,Front/Back,95.96,103.24,110.36,107.11,84.72,91.74,79.19,78.09
1210,19,Front/Back,111.35,104.28,113.68,105.78,84.19,92.08,77.64,81.7
1210,20,Front/Back,111.1,107.94,115.34,109.52,83.29,84.56,82.33,84.88
1210,21,Front/Back,121.89,109.72,125.5,115.24,83.77,87.22,86.16,83.15
1210,22,Front/Back,126.75,112.95,127.41,115.03,94.05,91.33,89.28,93.63
1210,23,Front/Back,138.12,114.32,142.8,115.91,99.27,94.74,92.94,99.08
1210,24,Front/Back,139.69,122.36,146.16,117.44,103.18,104.76,97.33,98.94
1210,25,Front/Back,141.32,145.39,145.79,139.56,109.03,102.66,101.54,104.8
1210,26,Front/Back,160.77,160.3,145.79,139.56,117.35,108.14,90.52,98.38
1210,27,Front/Back,160.87,163.61,153.57,142.55,121.48,111.38,94.56,90.19
1210,28,Front/Back,131.2,131.74,135.65,131.75,119.99,106.74,109.15,103.32
1210,29,Front/Back,157.8,156.61,153.57,149.95,130.3,117.54,110.51,117.91
1210,30,Front/Back,136.63,131.95,125.11,134.23,120.86,108.7,98.13,122.07
1210,31,Front/Back,110.55,126.28,116.68,124.18,117.8,108.92,112.72,122.46
1210,32,Front/Back,104.35,136.77,112.18,145.0,107.75,108.92,111.62,122.46
1210,33,Front/Back,110.92,130.47,118.57,138.7,108.1,107.12,111.71,113.28
1210,34,Front/Back,111.04,125.64,120.2,131.11,108.59,109.12,113.75,113.28
1210,35,Front/Back,116.87,127.3,127.61,132.77,107.01,109.12,113.87,113.72
1210,36,Front/Back,136.87,131.19,153.32,125.66,110.78,119.09,114.79,110.28
1210,37,Front/Back,138.41,130.06,153.23,124.44,114.9,119.06,117.36,110.24
1210,38,Front/Back,139.99,135.75,149.23,130.16,116.48,118.45,117.36,113.22
1210,39,Front/Back,147.37,137.43,153.57,131.75,123.86,120.65,117.36,115.96
1210,40,Front/Back,151.43,140.27,139.68,124.51,122.71,130.83,117.4,120.56
1210,41,Front/Back,153.41,145.5,149.84,130.72,137.43,128.34,122.99,120.13
1210,42,Front/Back,151.43,151.18,150.39,136.41,140.69,132.9,130.48,121.03
1210,43,Front/Back,143.51,158.34,151.1,135.8,132.77,143.84,132.51,120.86
1210,44,Front/Back,147.14,140.96,151.99,131.31,131.17,146.64,129.78,125.83
1210,45,Front/Back,146.96,154.77,153.07,136.97,130.98,153.9,164.03,126.45
1210,46,Front/Back,148.91,158.87,151.99,143.59,132.94,156.66,138.24,128.63
1210,47,Front/Back,148.91,165.06,153.07,180.0,132.94,138.96,164.03,132.81
1210,48,Front/Back,148.91,160.02,157.61,160.02,148.9,156.69,161.57,144.34
1210,49,Front/Back,148.91,160.02,165.25,160.02,148.91,156.69,161.58,156.69
1210,50,Front/Back,148.91,165.86,165.25,165.86,148.91,163.58,179.99,163.58
1211,1,Side,150.75,160.97,167.86,173.95,173.85,162.76,173.62,148.6
1211,2,Side,149.67,160.52,166.77,173.9,174.63,164.51,174.36,148.48
1211,3,Side,149.1,161.65,166.2,177.8,176.42,165.2,178.1,148.08
1211,4,Side,147.93,161.65,164.99,178.86,176.42,164.8,178.07,143.61
1211,5,Side,151.5,161.6,165.93,179.43,179.01,164.43,178.02,138.85
1211,6,Side,149.39,158.62,164.68,177.96,179.81,165.65,178.94,131.56
1211,7,Side,146.77,154.03,161.19,175.19,177.75,168.49,179.7,129.09
1211,8,Side,143.47,148.79,156.71,167.62,174.17,166.92,174.17,114.89
1211,9,Side,145.89,139.54,157.52,150.16,173.52,170.28,174.62,106.72
1211,10,Side,143.82,139.15,153.12,152.53,169.96,169.73,170.96,92.73
1211,11,Side,143.95,132.9,149.71,141.31,166.34,164.67,173.55,90.85
1211,12,Side,138.62,124.87,140.51,133.26,163.68,165.69,175.6,93.68
1211,13,Side,131.68,110.62,125.43,113.63,160.19,169.25,177.91,102.8
1211,14,Side,120.24,101.75,112.25,106.42,164.34,168.32,179.01,114.92
1211,15,Side,110.25,84.72,100.42,90.26,163.17,175.11,179.01,127.59
1211,16,Side,92.08,78.02,83.58,78.02,167.75,174.51,174.06,136.63
1211,17,Side,82.03,71.68,74.53,73.35,171.23,179.34,172.15,142.94
1211,18,Side,69.26,65.43,65.48,61.62,176.1,177.95,172.04,150.2
1211,19,Side,62.65,64.44,62.65,63.35,178.92,178.26,172.41,154.24
1211,20,Side,60.52,61.84,57.58,60.96,178.04,176.21,173.94,158.96
1211,21,Side,55.16,63.35,45.13,55.98,179.79,179.14,172.11,162.19
1211,22,Side,62.02,62.21,54.17,62.27,178.94,178.15,172.88,161.22
1211,23,Side,76.48,66.46,67.4,69.27,179.93,177.18,172.83,161.22
1211,24,Side,83.81,72.63,72.75,74.48,179.06,178.15,174.81,164.93
1211,25,Side,90.92,80.95,77.91,83.66,179.86,179.86,173.97,162.99
1211,26,Side,96.91,90.57,85.6,87.82,178.94,177.93,172.79,157.41
1211,27,Side,105.92,98.02,99.26,95.28,178.04,178.95,173.01,160.71
1211,28,Side,111.81,105.6,107.4,104.71,179.06,175.94,174.64,154.29
1211,29,Side,123.23,111.51,119.66,111.54,180.0,175.76,174.12,153.6
1211,30,Side,127.72,117.7,125.08,117.73,178.0,174.75,172.13,153.7
1211,31,Side,136.04,124.99,136.97,126.87,177.98,175.87,171.27,155.17
1211,32,Side,138.0,129.58,143.42,135.12,178.15,176.04,173.48,153.64
1211,33,Side,137.41,134.84,146.92,142.21,177.4,174.97,173.39,152.08
1211,34,Side,144.39,148.54,159.75,159.93,177.36,170.43,173.29,150.48
1211,35,Side,143.79,152.48,161.46,164.99,175.38,167.17,171.25,146.83
1211,36,Side,151.56,154.7,166.43,169.84,179.05,166.46,175.48,144.47
1211,37,Side,144.97,147.53,159.91,166.64,177.44,171.23,173.66,142.5
1211,38,Side,151.03,155.97,166.56,172.05,178.18,169.47,172.28,148.34
1211,39,Side,152.26,155.94,168.41,172.05,177.34,169.5,172.34,149.26
1211,40,Side,152.83,148.75,168.97,168.38,177.36,171.33,171.27,144.85
1211,41,Side,153.43,150.17,169.88,167.45,177.4,169.73,171.25,144.13
1212,1,Side,158.82,169.39,159.14,170.66,177.34,152.19,161.76,170.63
1212,2,Side,155.92,173.0,161.18,175.65,179.72,153.6,155.67,168.54
1212,3,Side,152.38,177.1,161.33,179.14,179.92,153.4,151.07,168.81
1212,4,Side,150.14,178.5,164.19,177.49,178.12,155.94,143.17,166.4
1212,5,Side,146.44,176.04,164.19,179.9,177.8,153.31,140.19,169.19
1212,6,Side,143.77,173.32,164.66,178.15,176.14,154.22,135.31,167.16
1212,7,Side,138.34,174.23,156.89,179.29,177.27,155.31,134.33,168.61
1212,8,Side,133.39,169.08,150.89,178.47,177.95,156.47,131.76,163.51
1212,9,Side,128.12,166.99,138.41,178.8,177.43,158.18,128.02,159.67
1212,10,Side,124.2,164.64,135.31,179.43,177.78,160.01,125.71,155.77
1212,11,Side,117.36,164.55,125.36,177.4,178.43,160.78,122.78,155.53
1212,12,Side,113.53,169.73,123.74,169.37,178.14,160.69,120.7,154.71
1212,13,Side,112.93,174.25,120.3,164.72,176.99,160.71,116.92,151.8
1212,14,Side,109.52,177.94,113.36,161.19,176.48,160.75,114.8,156.34
1212,15,Side,103.34,178.0,103.67,154.01,175.51,160.74,112.59,150.31
1212,16,Side,98.4,175.78,97.6,151.55,175.17,160.56,108.9,143.94
1212,17,Side,99.65,177.82,98.18,153.42,173.03,160.79,111.16,143.94
1212,18,Side,105.08,179.72,101.88,155.25,164.85,162.47,105.64,139.64
1212,19,Side,101.26,174.7,98.13,174.78,166.58,164.59,106.95,133.78
1212,20,Side,102.71,170.93,99.51,179.39,166.47,159.81,108.68,136.16
1212,21,Side,97.01,170.89,92.27,179.07,164.37,158.62,108.05,135.82
1212,22,Side,98.51,170.16,94.57,177.35,164.37,159.88,108.05,132.53
1212,23,Side,98.51,172.25,94.57,169.03,164.98,160.32,107.53,134.15
1212,24,Side,97.01,172.7,94.64,170.29,165.74,164.33,99.0,127.87
1212,25,Side,97.01,175.15,94.31,155.54,167.37,164.98,99.08,131.42
1212,26,Side,96.11,176.83,92.79,96.69,165.42,164.62,95.29,129.47
1212,27,Side,93.94,176.84,92.87,63.31,166.69,164.8,97.11,129.47
1212,28,Side,95.29,179.8,92.33,53.07,164.8,165.8,96.36,131.42
1212,29,Side,85.98,177.35,86.51,45.89,172.1,168.0,100.76,128.41
1212,30,Side,83.58,162.42,84.76,21.26,172.75,172.36,100.06,130.24
1212,31,Side,82.0,161.52,83.17,14.83,171.3,172.59,100.37,130.2
1212,32,Side,83.74,164.08,83.23,16.76,165.82,173.4,106.12,132.14
1212,33,Side,80.74,178.9,81.63,28.13,165.88,173.4,102.15,132.16
1212,34,Side,77.66,178.62,80.02,25.93,162.5,173.06,97.13,139.17
1212,35,Side,76.13,179.2,78.39,22.48,159.23,175.51,89.31,123.49
1212,36,Side,74.17,173.55,78.39,27.08,164.93,177.06,90.56,123.42
1212,37,Side,74.51,173.48,76.77,22.76,156.82,174.18,99.83,131.87
1212,38,Side,74.1,172.88,76.95,17.19,156.25,174.38,116.43,134.8
1212,39,Side,74.27,176.25,75.46,20.35,156.25,168.93,135.0,141.83
1212,40,Side,79.62,174.63,80.0,22.14,155.06,161.13,146.31,150.47
1212,41,Side,79.66,171.69,78.4,21.31,156.74,157.48,157.21,158.25
1212,42,Side,75.5,177.87,74.67,18.67,157.45,159.24,164.04,168.76
1212,43,Side,73.92,177.33,71.33,6.54,158.42,160.16,167.53,176.44
1212,44,Side,68.97,179.33,63.43,0.62,165.16,161.72,177.08,180.0
1212,45,Side,67.56,175.76,61.93,8.08,166.41,163.35,178.49,176.42
1212,46,Side,69.62,172.07,61.95,15.75,165.31,166.03,176.9,176.05
1212,47,Side,69.36,175.1,63.09,13.91,165.22,166.73,176.9,177.42
1212,48,Side,71.49,176.57,64.65,13.85,161.64,165.96,179.92,177.37
1212,49,Side,77.02,171.53,74.46,18.55,163.41,168.47,179.08,178.86
1212,50,Side,78.41,171.73,75.96,19.32,164.01,170.82,179.57,178.83
1212,51,Side,79.3,172.66,77.47,19.79,165.09,171.87,179.51,177.8
1212,52,Side,80.81,173.47,78.98,21.24,165.09,171.25,179.51,176.63
1212,53,Side,80.28,171.09,78.94,27.93,165.59,170.11,178.67,178.81
1212,54,Side,81.77,171.9,83.51,32.2,169.67,171.25,179.74,178.7
1212,55,Side,82.06,169.5,83.51,61.91,167.76,171.25,177.46,178.7
1212,56,Side,85.1,169.79,86.69,135.4,168.33,171.16,177.72,177.46
1212,57,Side,86.12,170.5,89.75,169.66,168.39,170.64,175.28,177.4
1212,58,Side,88.48,169.16,92.74,173.56,169.97,171.89,177.29,174.95
1212,59,Side,96.58,171.99,104.4,172.15,165.26,169.53,171.5,176.01
1212,60,Side,99.07,169.75,107.34,161.03,166.21,168.93,171.34,174.69
1212,61,Side,102.56,171.61,110.82,161.71,166.21,167.86,169.29,172.06
1212,62,Side,105.47,176.19,115.99,170.35,167.33,166.5,168.79,174.47
1212,63,Side,109.24,178.43,119.91,170.78,166.91,162.96,167.95,175.36
1212,64,Side,111.95,179.99,124.89,171.25,167.5,161.11,165.87,175.15
1212,65,Side,115.62,170.31,128.12,176.85,167.06,155.52,164.6,175.92
1212,66,Side,118.25,177.9,131.34,167.85,167.08,159.49,161.94,173.57
1212,67,Side,122.79,176.84,136.97,168.35,167.06,154.37,160.0,177.64
1212,68,Side,124.67,174.7,139.69,164.92,171.27,157.22,162.48,175.75
1212,69,Side,128.11,177.22,143.13,171.63,174.21,159.02,168.11,173.93
1212,70,Side,130.6,179.85,147.3,176.21,174.59,158.89,167.54,172.64
1212,71,Side,132.96,178.62,150.31,179.35,176.23,157.85,166.39,173.3
1212,72,Side,138.81,177.35,154.04,178.66,172.74,159.75,159.19,173.3
1212,73,Side,141.73,167.49,153.97,173.02,173.8,161.42,160.4,174.89
1212,74,Side,147.63,163.53,157.75,170.32,175.06,161.44,162.73,176.85
1212,75,Side,153.43,159.78,161.57,169.14,174.59,161.49,162.07,178.46
1212,76,Side,159.55,155.71,163.06,167.96,173.68,163.15,164.0,178.03
1212,77,Side,161.37,155.66,165.68,167.96,169.98,161.84,158.7,175.79
1212,78,Side,161.42,155.83,165.68,170.46,169.94,161.33,156.02,175.93
1212,79,Side,162.59,155.79,166.24,170.46,168.72,162.19,153.76,168.84
1212,80,Side,164.33,153.79,167.35,168.52,169.56,161.39,151.43,168.9
1212,81,Side,164.55,155.89,167.59,172.28,170.78,161.39,150.29,164.5
1212,82,Side,162.85,155.26,166.5,172.28,171.88,162.02,146.73,164.5
1212,83,Side,162.01,154.63,165.7,172.28,171.68,162.65,145.0,164.5
1212,84,Side,158.64,154.0,163.61,172.28,174.35,163.28,146.39,164.5
1212,85,Side,159.51,156.02,163.91,173.67,174.74,160.05,147.96,169.32
1212,86,Side,158.12,156.02,163.2,173.67,175.42,161.52,146.53,164.24
1212,87,Side,158.12,157.44,164.84,175.09,174.77,160.41,146.31,168.16
1212,88,Side,158.12,158.9,164.84,176.55,177.14,159.31,150.49,170.73
1212,89,Side,158.75,158.9,164.84,176.55,176.32,159.31,151.17,169.26
1212,90,Side,157.14,160.41,163.85,178.04,178.13,158.59,151.68,171.43
1212,91,Side,157.77,160.39,163.85,178.04,177.49,161.85,152.09,161.67
1212,92,Side,156.16,161.93,162.88,179.55,178.13,162.15,151.04,161.35
1212,93,Side,157.07,161.93,163.2,179.55,178.01,162.15,150.16,160.04
1213,1,Front/Back,179.97,179.97,179.97,179.97,179.98,179.98,179.97,179.96
1213,2,Front/Back,161.03,165.51,170.68,152.83,158.48,178.97,168.11,179.98
1213,3,Front/Back,150.4,151.84,164.39,140.67,150.51,171.83,164.48,179.98
1213,4,Front/Back,154.96,145.16,173.97,139.91,144.88,165.92,163.87,179.98
1213,5,Front/Back,143.24,139.07,162.68,135.63,139.8,163.92,159.22,179.98
1213,6,Front/Back,149.19,135.66,172.32,131.61,133.7,164.53,156.82,179.98
1213,7,Front/Back,136.75,130.91,158.46,124.39,136.53,162.92,158.21,179.98
1213,8,Front/Back,126.23,126.04,149.57,119.39,123.19,163.2,146.51,179.98
1213,9,Front/Back,125.43,123.8,147.38,113.58,126.41,163.51,148.33,179.98
1213,10,Front/Back,129.93,130.84,147.12,111.74,126.08,161.85,149.57,179.98
1213,11,Front/Back,119.36,125.52,143.3,106.54,133.13,162.17,164.3,179.98
1213,12,Front/Back,117.86,118.23,143.5,98.69,135.31,160.35,168.69,179.98
1213,13,Front/Back,117.32,114.25,142.81,94.13,136.4,158.67,169.77,179.98
1213,14,Front/Back,113.92,108.37,141.68,89.8,144.49,157.11,179.98,179.98
1213,15,Front/Back,110.7,102.71,131.69,85.33,143.46,155.92,179.98,179.98
1213,16,Front/Back,100.89,97.48,138.4,81.5,142.49,154.52,179.98,179.98
1213,17,Front/Back,97.51,95.17,135.0,80.82,142.51,151.24,180.0,179.98
1213,18,Front/Back,98.94,92.92,134.25,79.37,144.69,148.35,180.0,179.98
1213,19,Front/Back,96.04,91.07,131.26,78.08,144.78,145.79,180.0,179.98
1213,20,Front/Back,95.98,86.5,130.17,76.95,145.81,140.41,180.0,179.98
1213,21,Front/Back,93.59,75.89,127.68,73.13,145.91,138.63,179.98,179.98
1213,22,Front/Back,102.55,92.87,113.86,94.61,148.07,139.49,165.09,132.12
1213,23,Front/Back,102.98,131.44,113.19,171.95,149.09,139.49,158.55,119.02
1213,24,Front/Back,106.64,143.55,114.57,180.0,151.37,143.55,158.23,122.84
1213,25,Front/Back,100.92,143.55,114.57,180.0,145.65,143.55,153.25,111.84
1213,26,Front/Back,104.27,144.56,116.92,180.0,146.65,144.56,180.0,108.47
1213,27,Front/Back,101.59,144.49,127.64,180.0,146.71,144.49,180.0,126.24
1213,28,Front/Back,99.5,144.56,127.64,180.0,144.62,144.56,180.0,140.08
1213,29,Front/Back,102.59,143.55,113.11,180.0,144.69,143.55,170.82,147.38
1213,30,Front/Back,101.58,144.49,113.11,180.0,143.69,144.49,174.58,146.72
1213,31,Front/Back,101.91,143.42,113.45,180.0,143.69,143.42,180.0,180.0
1213,32,Front/Back,101.41,140.42,110.31,180.0,142.79,140.42,158.12,151.93
1213,33,Front/Back,115.51,151.29,113.33,180.0,137.57,151.29,139.43,153.88
1213,34,Front/Back,113.54,155.17,113.92,180.0,138.72,155.17,142.85,147.38
1213,35,Front/Back,112.99,161.76,111.4,180.0,150.16,161.76,163.81,143.14
1213,36,Front/Back,112.63,168.8,112.27,180.0,149.09,168.8,168.54,158.45
1213,37,Front/Back,110.47,161.65,111.02,180.0,148.18,161.65,141.52,122.84
1213,38,Front/Back,110.48,158.18,113.3,180.0,146.15,158.18,134.96,114.58
1213,39,Front/Back,108.53,141.37,112.11,180.0,145.39,141.37,127.28,110.97
1213,40,Front/Back,104.9,138.58,110.15,180.0,143.72,138.58,122.05,107.1
1213,41,Front/Back,102.45,135.96,108.29,180.0,143.13,135.96,117.02,100.72
1213,42,Front/Back,106.28,135.96,110.15,180.0,145.1,135.96,104.91,100.72
1213,43,Front/Back,108.22,152.31,111.26,180.0,145.92,152.31,103.21,104.04
1213,44,Front/Back,108.49,154.97,110.49,180.0,146.97,154.97,100.28,112.13
1213,45,Front/Back,115.79,156.42,114.99,180.0,150.11,156.42,103.21,110.06
1213,46,Front/Back,116.24,159.61,114.25,180.0,151.3,159.61,98.71,112.13
1213,47,Front/Back,116.01,157.99,112.64,164.01,152.34,157.99,99.18,121.74
1213,48,Front/Back,115.21,157.99,111.64,152.36,152.54,157.99,100.49,125.4
1213,49,Front/Back,113.7,156.49,108.83,150.68,153.83,156.49,98.46,127.89
1213,50,Front/Back,113.21,156.49,108.35,143.3,153.83,156.49,100.28,133.51
1213,51,Front/Back,112.93,155.1,108.07,137.15,153.83,155.1,102.54,138.08
1213,52,Front/Back,114.32,156.63,108.1,132.69,155.19,156.63,102.54,143.14
1213,53,Front/Back,114.35,147.96,108.35,121.03,154.97,155.17,102.37,136.69
1213,54,Front/Back,116.51,137.79,110.89,106.86,154.59,155.26,102.54,134.9
1213,55,Front/Back,116.19,131.77,108.93,97.44,155.99,155.26,105.06,130.52
1213,56,Front/Back,116.88,128.83,112.96,92.97,155.82,153.97,105.06,135.69
1213,57,Front/Back,117.84,123.15,114.07,83.04,155.67,153.97,105.06,141.7
1213,58,Front/Back,117.05,120.02,113.27,78.33,155.53,153.97,105.06,145.02
1213,59,Front/Back,115.61,117.36,111.89,74.97,155.41,153.97,105.06,145.02
1213,60,Front/Back,115.66,115.55,112.1,72.37,155.31,152.76,105.06,145.02
1213,61,Front/Back,117.79,115.19,117.85,74.4,155.22,151.62,105.06,145.02
1213,62,Front/Back,119.03,112.48,120.38,72.53,153.93,152.89,105.06,145.02
1213,63,Front/Back,121.91,112.72,123.43,74.26,153.93,154.23,105.06,145.02
1213,64,Front/Back,112.67,113.35,139.95,76.88,152.72,155.63,105.06,145.02
1213,65,Front/Back,115.39,114.39,142.67,80.32,152.72,157.11,105.06,145.02
1213,66,Front/Back,117.28,116.84,145.71,86.94,151.57,157.27,105.06,145.02
1213,67,Front/Back,117.41,119.36,145.84,89.46,151.57,157.27,105.06,145.02
1213,68,Front/Back,122.0,113.11,151.64,92.79,150.36,155.63,105.06,145.02
1213,69,Front/Back,124.26,116.67,153.9,94.68,150.36,157.11,105.06,145.02
1213,70,Front/Back,131.61,120.59,162.41,100.22,149.19,155.49,105.06,145.02
1213,71,Front/Back,141.41,123.35,172.32,105.15,149.09,155.36,105.06,145.02
1213,72,Front/Back,146.65,126.39,176.29,108.25,150.36,155.26,105.06,145.02
1213,73,Front/Back,150.62,130.32,180.0,114.56,150.62,155.17,105.06,145.02
1213,74,Front/Back,151.83,130.25,180.0,117.04,151.83,155.1,105.06,145.02
1213,75,Front/Back,153.43,137.38,180.0,122.82,153.43,156.45,105.06,145.02
1213,76,Front/Back,153.82,141.52,179.98,131.14,153.83,154.97,105.06,145.02
1213,77,Front/Back,152.54,156.4,180.0,144.87,152.54,156.42,105.06,145.02
1213,78,Front/Back,152.53,156.41,179.98,147.94,152.54,156.42,105.06,145.02
1213,79,Front/Back,152.76,156.45,180.0,150.87,152.76,156.45,105.06,145.02
1214,1,Side,154.01,161.62,158.11,162.82,176.22,176.39,179.58,177.05
1214,2,Side,152.1,159.98,155.49,159.27,175.79,178.14,179.18,175.96
1214,3,Side,148.57,158.58,150.18,156.34,175.39,177.86,179.18,176.54
1214,4,Side,157.85,157.34,156.93,153.25,177.15,179.56,178.38,175.52
1214,5,Side,155.9,139.81,154.82,136.74,176.71,177.24,178.39,175.55
1214,6,Side,153.65,134.85,152.37,130.55,175.46,179.51,177.58,174.01
1214,7,Side,150.44,131.96,148.55,127.48,175.46,179.94,177.61,173.64
1214,8,Side,146.85,126.57,143.53,121.54,175.46,179.78,177.65,173.29
1214,9,Side,142.88,142.56,139.66,134.24,175.46,176.77,177.68,172.96
1214,10,Side,137.01,137.24,133.22,129.65,175.57,177.48,177.83,173.05
1214,11,Side,133.18,132.04,129.03,123.83,176.05,177.36,177.87,172.81
1214,12,Side,120.95,121.14,116.85,112.46,176.38,176.93,178.25,172.86
1214,13,Side,85.13,82.82,84.09,76.74,173.06,178.9,177.93,172.49
1214,14,Side,71.94,71.65,70.52,65.34,172.9,178.13,177.97,172.07
1214,15,Side,59.99,60.65,58.81,53.68,172.27,175.93,177.51,170.65
1214,16,Side,44.99,48.79,38.93,42.06,176.23,175.48,177.21,170.21
1214,17,Side,40.31,41.34,33.11,33.93,177.7,175.3,177.7,170.93
1214,18,Side,37.43,35.61,33.34,27.5,173.72,174.78,177.67,171.1
1214,19,Side,31.87,29.95,29.43,22.79,172.91,175.6,177.35,173.13
1214,20,Side,26.88,25.39,23.01,18.18,173.46,175.33,177.83,173.08
1214,21,Side,22.84,22.08,19.3,14.95,173.14,176.01,177.83,174.06
1214,22,Side,21.22,20.73,18.86,15.32,173.86,177.18,178.42,174.63
1214,23,Side,20.84,19.58,16.5,13.65,175.06,178.27,178.72,175.13
1214,24,Side,18.15,17.12,12.82,12.47,177.99,178.97,179.88,175.58
1214,25,Side,17.31,16.85,13.05,12.95,178.68,179.0,179.46,175.51
1214,26,Side,17.97,17.73,14.63,14.53,178.52,179.38,179.23,176.44
1214,27,Side,21.13,20.18,15.74,16.47,179.61,179.45,178.82,176.37
1214,28,Side,26.57,22.39,19.7,19.15,179.18,179.78,178.41,176.77
1214,29,Side,31.98,26.02,25.53,22.11,179.99,179.87,178.81,176.7
1214,30,Side,38.47,31.42,31.06,25.58,179.58,179.41,178.82,177.19
1214,31,Side,44.56,38.22,37.56,31.09,178.77,179.41,179.23,177.22
1214,32,Side,51.05,43.74,44.52,36.91,178.4,178.71,179.23,177.62
1214,33,Side,57.47,49.34,50.0,42.54,178.43,178.4,179.23,178.03
1214,34,Side,68.37,57.82,62.31,51.43,176.83,178.16,179.94,177.98
1214,35,Side,80.84,66.24,74.61,59.11,177.37,178.29,179.51,177.98
1214,36,Side,98.49,72.66,93.17,65.61,177.9,178.51,179.06,177.94
1214,37,Side,107.88,109.61,102.17,102.04,178.74,179.65,179.51,178.4
1214,38,Side,119.54,122.3,114.46,114.73,179.16,179.63,179.94,178.42
1214,39,Side,128.8,133.23,123.97,126.25,179.96,179.21,179.64,178.86
1214,40,Side,137.35,140.08,133.16,134.07,179.62,178.42,179.23,179.3
1214,41,Side,145.29,145.73,141.62,139.5,178.46,177.56,178.81,179.76
1214,42,Side,147.73,150.65,144.43,145.22,179.25,178.44,179.23,179.3
1214,43,Side,151.69,154.64,149.67,149.51,179.25,178.86,179.23,179.29
1214,44,Side,153.23,156.96,151.23,152.16,179.67,178.55,179.64,179.28
1214,45,Side,158.82,160.92,155.01,156.35,175.03,179.91,177.44,178.3
1214,46,Side,161.24,162.71,158.03,158.07,175.03,179.58,177.48,178.7
1214,47,Side,163.34,165.41,158.6,163.19,175.37,179.23,177.48,179.09
1214,48,Side,163.74,168.32,157.87,167.53,176.08,179.24,177.48,179.47
1214,49,Side,165.35,170.76,158.05,177.01,176.43,178.91,177.48,179.84
1214,50,Side,166.73,168.75,158.65,174.84,176.77,178.59,177.48,179.8
1215,1,Side,150.98,152.65,161.41,151.92,177.24,172.46,149.42,144.41
1215,2,Side,151.2,151.16,160.14,150.52,175.13,173.02,147.92,144.89
1215,3,Side,148.96,150.28,155.68,150.25,174.39,175.98,147.59,147.43
1215,4,Side,145.17,148.81,150.19,149.29,173.88,177.34,147.05,148.27
1215,5,Side,144.9,148.15,149.67,148.36,173.53,177.25,146.95,148.51
1215,6,Side,141.77,145.61,145.0,145.63,173.44,178.77,146.72,149.42
1215,7,Side,148.7,143.89,149.08,143.87,171.7,178.94,146.99,149.55
1215,8,Side,137.08,140.52,136.72,139.71,170.79,176.63,145.01,148.1
1215,9,Side,132.86,136.41,130.08,135.63,170.83,175.98,145.01,147.43
1215,10,Side,129.16,131.89,127.88,131.98,170.08,175.58,144.26,147.03
1215,11,Side,123.99,124.14,120.52,123.9,170.12,175.99,144.26,147.03
1215,12,Side,119.11,117.79,114.93,117.58,171.51,176.23,145.55,147.23
1215,13,Side,113.66,112.64,109.55,111.75,171.76,176.43,145.72,147.33
1215,14,Side,104.88,103.81,100.48,103.49,170.8,177.12,145.18,147.52
1215,15,Side,98.0,97.14,94.96,96.86,171.53,177.06,145.84,149.8
1215,16,Side,87.58,90.56,82.04,89.1,171.24,176.1,143.55,147.92
1215,17,Side,79.89,81.18,74.42,80.36,171.65,176.56,145.88,148.9
1215,18,Side,71.51,73.07,64.86,71.09,171.28,171.63,146.3,143.62
1215,19,Side,69.22,66.54,64.42,64.54,171.85,170.81,147.48,141.25
1215,20,Side,61.29,56.82,56.1,53.69,171.46,169.25,147.88,141.05
1215,21,Side,52.15,50.55,47.52,46.67,171.54,168.84,150.93,140.09
1215,22,Side,45.77,45.99,39.19,41.07,172.69,170.31,154.05,144.18
1215,23,Side,40.55,41.83,32.43,35.33,173.43,170.56,158.24,149.51
1215,24,Side,37.34,37.42,25.69,31.0,173.55,172.3,160.96,156.18
1215,25,Side,32.11,36.59,21.25,27.3,175.55,172.59,164.83,161.22
1215,26,Side,28.98,31.88,18.99,22.35,176.48,179.23,169.28,170.48
1215,27,Side,28.82,32.0,15.48,21.28,175.75,174.83,174.1,168.54
1215,28,Side,32.9,28.73,15.32,17.97,174.62,176.66,173.14,173.39
1215,29,Side,33.45,29.89,15.34,18.11,176.05,177.84,177.83,175.55
1215,30,Side,33.91,29.86,15.07,18.11,176.37,178.83,178.67,177.82
1215,31,Side,29.28,28.9,16.4,16.89,171.05,178.34,171.61,175.49
1215,32,Side,30.06,29.02,14.1,18.64,171.7,176.56,170.7,179.15
1215,33,Side,31.06,31.21,14.9,19.42,172.2,177.59,169.32,175.18
1215,34,Side,35.64,31.39,17.08,19.42,178.96,177.31,177.69,171.21
1215,35,Side,36.95,34.58,18.8,21.32,178.54,179.16,176.32,172.58
1215,36,Side,39.36,35.61,22.31,22.62,178.54,178.47,176.41,170.99
1215,37,Side,43.8,41.42,28.05,27.11,179.57,178.39,175.91,171.36
1215,38,Side,50.08,46.49,35.63,32.54,179.11,178.22,177.21,170.73
1215,39,Side,56.78,52.55,43.66,38.94,178.65,178.64,178.64,171.45
1215,40,Side,65.33,60.2,52.7,45.62,178.17,179.58,180.0,171.96
1215,41,Side,72.83,67.91,61.37,53.63,177.21,179.45,178.67,171.9
1215,42,Side,81.22,76.57,70.6,63.53,176.66,179.53,179.17,173.38
1215,43,Side,89.81,82.99,80.48,70.37,176.79,179.55,177.14,175.5
1215,44,Side,95.37,91.58,87.49,83.0,176.4,178.63,176.19,175.3
1215,45,Side,103.5,100.61,96.91,93.27,175.98,177.76,176.19,174.81
1215,46,Side,108.9,107.12,103.08,100.32,176.65,176.89,175.61,174.3
1215,47,Side,114.13,113.86,106.9,108.27,175.2,176.04,176.19,173.8
1215,48,Side,119.19,120.05,113.25,114.13,174.23,177.6,176.76,174.87
1215,49,Side,125.08,127.55,119.74,122.03,175.27,178.04,176.19,174.85
1215,50,Side,128.25,132.99,124.34,127.44,174.3,178.6,176.76,175.38
1215,51,Side,132.59,139.7,134.63,135.09,173.92,180.0,176.76,175.88
1215,52,Side,133.84,139.36,133.39,135.63,174.21,177.2,176.19,173.96
1215,53,Side,136.21,142.4,136.4,138.3,174.37,178.34,176.19,174.61
1215,54,Side,138.07,141.78,139.51,138.08,172.87,178.65,177.4,175.21
1215,55,Side,140.27,145.22,142.45,141.92,172.99,179.77,177.44,175.9
1215,56,Side,144.85,146.5,147.63,143.12,173.06,179.97,177.49,176.01
1215,57,Side,143.41,147.25,148.5,145.07,173.36,179.0,176.85,175.42
1215,58,Side,146.09,149.28,152.98,147.91,173.32,179.09,176.85,175.48
1215,59,Side,147.86,149.43,155.63,150.02,173.99,178.04,176.19,174.77
1215,60,Side,150.42,149.56,159.95,151.38,173.99,177.75,176.19,174.82
1215,61,Side,151.16,151.02,160.69,154.88,173.99,176.69,176.19,174.12
1215,62,Side,151.74,151.41,162.07,155.28,174.07,176.65,176.19,174.11
1216,1,Side,171.14,173.71,179.62,178.21,177.24,172.99,169.61,174.89
1216,2,Side,171.42,172.72,179.6,177.46,176.76,173.44,170.51,176.0
1216,3,Side,169.03,170.48,173.64,174.94,175.04,172.92,168.54,176.0
1216,4,Side,159.15,168.31,167.33,172.2,179.05,173.14,169.0,176.65
1216,5,Side,158.48,167.27,165.17,170.35,177.36,173.1,169.46,177.26
1216,6,Side,158.49,158.42,165.31,163.97,177.95,171.29,170.77,178.57
1216,7,Side,158.13,156.53,165.11,161.08,178.56,171.92,172.27,179.75
1216,8,Side,158.24,155.36,163.84,158.99,178.68,172.58,173.65,179.07
1216,9,Side,164.78,153.76,167.54,156.32,175.85,173.05,174.43,178.23
1216,10,Side,163.47,151.33,165.33,153.35,175.28,173.25,173.13,177.22
1216,11,Side,163.15,150.42,164.97,153.48,175.24,174.2,173.88,175.18
1216,12,Side,160.46,148.7,161.63,151.14,175.67,173.75,173.96,174.56
1216,13,Side,159.55,147.45,159.71,148.78,176.3,173.95,175.31,174.39
1216,14,Side,159.62,146.63,159.71,145.33,177.49,174.26,177.94,174.71
1216,15,Side,156.44,145.62,155.89,144.78,177.96,173.27,177.92,175.23
1216,16,Side,155.54,148.46,153.92,143.93,177.96,174.8,177.92,175.38
1216,17,Side,152.2,148.04,149.47,145.61,177.35,174.95,176.52,175.19
1216,18,Side,150.67,144.75,146.31,142.87,176.25,173.66,175.9,176.07
1216,19,Side,149.42,143.24,145.1,140.33,176.28,173.77,175.85,175.83
1216,20,Side,142.03,138.63,137.22,131.51,176.96,173.74,174.98,175.87
1216,21,Side,142.22,136.79,136.5,128.16,175.43,174.2,174.36,175.87
1216,22,Side,142.25,134.28,135.27,125.68,175.31,174.17,174.62,176.01
1216,23,Side,139.65,134.14,132.71,126.46,176.01,174.44,176.84,175.11
1216,24,Side,136.8,132.49,129.89,123.61,176.07,174.44,176.42,175.85
1216,25,Side,133.25,129.64,126.8,121.9,177.92,174.95,178.49,174.86
1216,26,Side,129.75,126.92,122.59,118.09,179.81,174.83,179.36,174.95
1216,27,Side,125.7,125.21,120.18,115.16,179.78,174.71,179.87,174.91
1216,28,Side,119.53,114.21,113.78,105.19,178.27,173.57,179.58,175.0
1216,29,Side,116.86,112.68,111.13,103.25,178.2,173.89,179.87,175.7
1216,30,Side,111.18,108.11,104.79,101.88,177.73,174.09,179.83,175.91
1216,31,Side,108.81,108.74,100.85,97.41,178.17,174.25,179.61,175.53
1216,32,Side,106.55,99.68,98.92,92.02,176.98,173.42,178.91,176.93
1216,33,Side,101.98,95.37,93.19,87.32,176.3,172.98,178.27,178.83
1216,34,Side,93.74,89.45,85.88,80.64,173.84,174.32,177.78,178.46
1216,35,Side,86.67,83.27,77.68,73.08,173.03,175.09,177.05,178.21
1216,36,Side,79.63,78.41,69.94,67.85,172.82,176.04,178.38,176.93
1216,37,Side,76.15,75.83,65.86,64.22,173.98,175.92,179.87,178.03
1216,38,Side,69.84,71.39,56.0,59.85,177.14,175.61,177.39,178.77
1216,39,Side,66.61,69.29,51.67,56.71,177.09,176.22,177.29,177.78
1216,40,Side,65.44,66.7,50.47,54.12,177.87,176.1,174.55,178.14
1216,41,Side,65.44,70.21,50.53,53.56,176.15,177.1,175.24,177.61
1216,42,Side,63.3,67.06,48.39,53.53,175.42,176.98,175.83,177.95
1216,43,Side,62.67,64.59,45.1,51.07,175.75,177.21,175.92,177.72
1216,44,Side,60.42,64.59,42.47,45.8,175.31,177.96,177.45,175.94
1216,45,Side,57.55,60.78,40.56,46.13,175.73,177.96,177.32,176.06
1216,46,Side,56.91,59.04,38.85,44.79,176.43,177.66,177.42,175.52
1216,47,Side,55.71,58.35,36.56,44.34,176.3,177.7,177.52,174.74
1216,48,Side,54.79,58.4,35.64,43.65,176.2,177.11,178.46,175.17
1216,49,Side,54.79,57.75,35.33,43.4,176.2,176.51,178.34,175.6
1216,50,Side,53.9,55.95,34.44,41.62,179.1,178.95,173.05,171.45
1216,51,Side,55.17,56.37,32.37,40.49,179.91,179.3,171.41,171.13
1216,52,Side,53.76,55.03,32.84,38.8,179.91,179.45,172.23,170.75
1216,53,Side,54.03,54.21,30.46,37.98,178.87,179.45,171.56,170.87
1216,54,Side,52.55,53.14,30.9,36.48,178.9,178.91,172.23,170.76
1216,55,Side,51.72,52.35,30.07,35.7,178.05,176.99,171.38,177.64
1216,56,Side,53.93,51.61,31.9,34.21,179.54,177.74,173.91,177.64
1216,57,Side,53.93,50.48,31.51,33.47,179.49,176.67,173.75,178.32
1216,58,Side,53.96,50.12,31.51,32.72,179.43,176.27,173.82,179.62
1216,59,Side,53.12,50.12,30.69,32.72,179.45,175.49,174.42,179.09
1216,60,Side,53.14,54.9,30.69,38.1,179.39,174.89,174.48,179.09
1216,61,Side,52.6,55.2,29.42,38.8,179.44,173.71,175.93,177.79
1216,62,Side,52.62,55.23,29.42,38.8,179.51,173.9,175.18,177.94
1216,63,Side,52.62,55.23,29.42,38.8,178.77,173.13,176.63,176.66
1216,64,Side,53.42,55.23,29.78,38.8,178.77,172.37,177.33,175.76
1216,65,Side,52.62,55.23,28.99,38.8,178.77,171.61,177.42,174.46
1216,66,Side,52.62,55.23,28.99,38.8,178.77,171.05,177.42,173.41
1216,67,Side,52.09,55.68,28.88,37.68,178.35,173.14,177.42,175.61
1216,68,Side,53.05,55.27,26.47,37.68,178.83,172.0,177.36,174.95
1216,69,Side,53.26,55.3,27.08,37.68,178.42,172.93,177.36,176.32
1216,70,Side,54.03,55.3,27.35,37.68,178.5,172.93,177.31,176.4
1216,71,Side,55.41,54.75,27.61,37.79,179.15,172.51,176.25,176.4
1216,72,Side,55.0,54.78,28.71,37.79,178.69,173.43,176.39,177.84
1216,73,Side,55.02,53.96,28.71,36.99,178.02,173.53,177.75,178.07
1216,74,Side,55.02,54.37,28.71,37.79,178.02,172.44,177.75,177.44
1216,75,Side,55.82,54.4,29.49,37.79,177.3,173.32,179.15,178.76
1216,76,Side,55.83,53.72,29.49,38.2,176.65,173.32,179.52,178.86
1216,77,Side,56.41,53.72,28.96,38.2,176.65,173.32,179.81,178.86
1216,78,Side,56.64,47.33,30.28,31.62,176.67,174.35,179.81,179.69
1216,79,Side,56.64,48.0,30.28,31.62,176.67,177.51,179.15,177.25
1216,80,Side,57.45,47.04,31.09,30.24,176.59,178.0,179.22,176.97
1216,81,Side,57.43,46.32,31.09,30.24,176.5,175.53,179.3,178.82
1216,82,Side,57.84,46.28,33.04,30.24,176.08,175.39,178.55,178.94
1216,83,Side,57.83,46.28,33.04,30.24,175.99,176.09,178.71,177.66
1216,84,Side,58.67,46.94,33.88,30.9,175.99,175.98,178.05,177.88
1216,85,Side,57.81,46.88,34.63,31.62,175.97,174.48,177.96,178.6
1216,86,Side,56.64,47.55,36.15,32.29,177.6,173.64,174.09,179.9
1216,87,Side,56.63,54.68,36.15,39.17,177.41,174.03,174.51,179.97
1216,88,Side,56.02,55.55,37.05,40.03,177.35,174.03,175.24,179.57
1216,89,Side,56.0,49.73,37.05,34.42,177.27,173.95,175.41,179.69
1216,90,Side,56.86,50.47,37.91,35.16,178.0,173.95,174.68,179.79
1216,91,Side,56.85,50.47,37.91,35.38,177.93,174.07,174.84,179.99
1216,92,Side,57.33,52.04,39.93,36.92,177.59,174.1,174.57,179.88
1216,93,Side,57.32,56.37,40.25,41.13,177.52,174.46,175.78,179.44
1216,94,Side,57.3,57.27,40.25,40.96,177.02,174.46,176.44,179.44
1216,95,Side,58.2,58.2,41.15,41.89,177.08,174.68,176.29,178.88
1216,96,Side,58.19,58.11,41.15,41.89,177.12,173.81,176.13,179.84
1216,97,Side,59.46,59.04,43.55,42.84,177.07,173.78,176.29,179.94
1216,98,Side,57.8,61.0,39.56,44.8,179.46,173.78,175.77,179.82
1216,99,Side,62.28,58.61,41.11,42.79,179.44,174.49,175.53,179.7
1216,100,Side,63.36,60.35,42.19,44.13,179.32,174.88,175.89,178.41
1216,101,Side,64.46,65.65,43.65,49.74,179.32,174.86,176.93,177.76
1216,102,Side,73.21,74.46,58.49,57.66,177.6,175.09,175.53,177.51
1216,103,Side,79.51,79.4,65.47,64.05,177.99,173.89,175.83,176.86
1216,104,Side,86.54,82.34,73.58,67.46,177.21,172.98,177.74,176.42
1216,105,Side,89.45,88.79,77.82,73.47,177.14,173.26,177.38,176.36
1216,106,Side,92.53,98.85,81.09,84.55,177.05,172.27,177.65,175.39
1216,107,Side,97.31,103.85,86.95,91.07,178.34,170.93,174.96,174.46
1216,108,Side,100.66,108.59,91.42,97.33,178.38,170.33,174.79,174.18
1216,109,Side,106.98,114.09,97.71,103.94,178.54,170.33,174.57,174.18
1216,110,Side,110.49,119.57,101.35,110.53,179.59,170.14,173.63,173.89
1216,111,Side,117.48,122.19,107.86,114.77,179.83,169.49,173.28,173.69
1216,112,Side,121.02,127.35,112.59,121.03,179.46,169.29,174.83,173.3
1216,113,Side,125.84,131.27,118.51,124.98,179.39,169.26,175.09,173.22
1216,114,Side,127.09,137.29,120.27,131.7,178.24,169.67,177.59,174.85
1216,115,Side,125.78,140.91,119.04,134.94,178.11,170.83,177.73,175.75
1216,116,Side,131.39,141.77,125.7,133.67,178.05,171.26,177.87,176.76
1216,117,Side,131.18,142.16,125.97,134.49,177.63,171.04,177.97,175.61
1216,118,Side,133.87,152.4,130.1,145.87,177.23,171.99,178.12,175.1
1216,119,Side,141.69,154.3,138.5,148.84,175.4,173.2,178.11,176.18
1216,120,Side,145.61,156.98,142.13,152.58,179.22,173.73,179.45,176.76
1216,121,Side,147.04,159.51,143.62,156.56,178.66,174.44,179.5,178.29
1216,122,Side,147.99,160.81,146.03,157.43,178.37,176.0,179.73,179.78
1216,123,Side,150.28,159.9,149.31,156.91,179.61,176.25,177.69,178.82
1216,124,Side,151.88,159.79,151.85,157.3,178.0,175.79,178.81,178.6
1216,125,Side,151.7,160.98,152.99,159.62,174.17,176.53,176.4,176.95
1216,126,Side,154.22,160.89,156.5,161.0,175.9,176.17,179.73,176.59
1216,127,Side,153.35,161.24,156.06,161.35,174.82,175.67,178.4,177.72
1216,128,Side,155.19,162.37,158.9,162.03,173.84,176.83,176.58,177.02
1216,129,Side,154.3,162.7,158.45,162.36,174.38,177.44,178.46,175.9
1216,130,Side,150.26,162.98,155.36,162.67,173.52,177.32,179.95,175.45
1216,131,Side,150.75,162.95,155.85,162.67,173.52,177.19,179.96,175.55
1216,132,Side,151.23,163.67,157.35,163.46,174.75,177.65,177.12,173.93
1216,133,Side,157.97,164.44,162.8,164.26,175.98,176.85,177.18,174.7
1216,134,Side,158.33,164.32,163.15,162.44,175.98,175.76,176.38,176.13
1217,1,Front/Back,179.97,179.97,179.97,179.97,179.98,179.98,179.98,179.98
1217,2,Front/Back,154.63,141.47,142.11,151.46,166.6,170.02,159.9,149.86
1217,3,Front/Back,147.57,133.22,129.88,152.8,166.43,160.42,152.56,140.81
1217,4,Front/Back,139.15,125.45,121.62,145.09,161.11,158.0,134.52,135.74
1217,5,Front/Back,125.54,119.64,112.66,129.55,171.28,152.19,151.2,142.2
1217,6,Front/Back,134.7,112.33,114.12,119.85,172.05,150.58,141.22,143.64
1217,7,Front/Back,129.06,105.06,104.53,115.59,161.49,144.51,127.09,143.54
1217,8,Front/Back,126.21,89.42,95.8,107.83,151.81,133.57,123.78,126.35
1217,9,Front/Back,126.58,83.28,99.33,102.58,151.81,130.18,123.78,127.52
1217,10,Front/Back,114.61,75.38,103.8,96.56,138.95,126.05,125.88,127.43
1217,11,Front/Back,99.13,72.95,104.42,90.52,138.23,122.03,138.9,131.86
1217,12,Front/Back,106.89,70.34,106.96,100.93,127.11,122.03,121.77,131.93
1217,13,Front/Back,110.87,66.4,129.76,99.81,123.4,121.07,118.18,131.86
1217,14,Front/Back,101.63,65.98,107.88,99.48,115.73,120.04,118.37,133.1
1217,15,Front/Back,102.58,75.18,100.51,109.34,114.46,120.04,118.02,133.1
1217,16,Front/Back,77.88,114.28,89.38,138.38,103.84,127.2,117.55,136.71
1217,17,Front/Back,88.85,85.93,116.83,117.92,95.16,121.07,120.82,142.04
1217,18,Front/Back,93.22,107.24,124.92,129.68,93.78,104.96,113.83,121.35
1217,19,Front/Back,78.19,132.23,97.22,155.72,96.31,105.22,123.18,122.77
1217,20,Front/Back,79.24,135.62,106.26,151.29,95.43,110.29,121.17,122.72
1217,21,Front/Back,94.52,139.15,133.18,151.29,88.59,112.08,116.28,122.68
1217,22,Front/Back,80.28,138.0,99.73,144.44,90.79,112.67,117.77,122.73
1217,23,Front/Back,77.65,121.54,95.2,128.39,94.05,114.79,117.16,121.47
1217,24,Front/Back,101.91,107.6,110.23,112.09,105.56,117.01,119.12,119.56
1217,25,Front/Back,107.61,102.88,123.25,108.07,109.6,119.21,140.35,121.76
1217,26,Front/Back,108.9,95.14,116.97,105.01,110.52,115.39,143.63,123.2
1217,27,Front/Back,108.2,88.89,115.18,95.92,113.82,115.84,142.4,114.08
1217,28,Front/Back,108.27,87.79,111.98,93.1,119.96,116.27,141.2,109.31
1217,29,Front/Back,112.22,87.08,107.92,89.46,125.66,119.34,138.89,106.96
1217,30,Front/Back,120.08,117.2,102.55,87.43,137.78,158.55,137.78,105.86
1217,31,Front/Back,120.17,95.08,102.64,92.29,135.62,155.84,135.62,125.15
1217,32,Front/Back,118.82,118.68,106.6,91.3,140.03,158.51,140.03,104.74
1217,33,Front/Back,110.88,124.45,104.68,98.65,132.97,158.62,142.4,105.98
1217,34,Front/Back,113.17,127.89,121.89,101.47,138.77,160.82,136.01,108.14
1217,35,Front/Back,125.45,129.33,125.45,105.04,151.9,156.52,136.38,120.06
1217,36,Front/Back,130.52,146.81,121.13,138.81,153.42,140.24,136.57,121.54
1217,37,Front/Back,131.49,163.84,121.05,139.17,156.95,154.67,136.6,121.24
1217,38,Front/Back,134.58,172.0,134.58,147.33,158.92,154.71,136.0,124.68
1217,39,Front/Back,136.62,180.0,136.62,155.03,161.16,152.98,137.85,124.73
1217,40,Front/Back,138.06,180.0,138.06,154.82,163.7,151.41,140.39,127.07
1217,41,Front/Back,134.7,180.0,122.17,154.7,163.83,151.5,140.52,129.35
1217,42,Front/Back,134.7,180.0,134.7,151.99,163.7,151.35,132.43,129.21
1218,1,Front/Back,179.98,179.98,179.98,179.98,179.98,179.98,179.98,179.98
1218,2,Front/Back,171.93,170.44,158.09,164.42,179.99,170.13,179.99,170.12
1218,3,Front/Back,171.26,141.8,165.31,150.75,171.26,171.04,179.99,179.98
1218,4,Front/Back,160.17,139.08,154.22,151.75,171.26,167.32,179.99,179.98
1218,5,Front/Back,149.41,136.8,151.47,149.33,162.6,167.47,179.99,179.99
1218,6,Front/Back,151.22,135.73,155.37,148.08,160.5,167.65,179.99,179.99
1218,7,Front/Back,145.65,130.66,149.91,145.93,160.39,164.73,179.99,179.99
1218,8,Front/Back,136.18,128.64,137.59,143.91,162.75,164.73,179.99,179.99
1218,9,Front/Back,135.61,127.91,136.67,143.0,162.75,164.92,179.99,179.99
1218,10,Front/Back,133.19,126.5,134.41,144.07,162.6,162.44,179.99,179.99
1218,11,Front/Back,132.89,124.65,133.9,142.21,162.6,162.44,179.99,179.99
1218,12,Front/Back,129.17,125.96,130.18,143.33,162.6,162.63,179.99,179.99
1218,13,Front/Back,130.79,124.96,129.32,144.53,160.5,160.44,179.99,179.99
1218,14,Front/Back,130.63,124.41,129.22,143.97,160.5,160.44,179.99,179.99
1218,15,Front/Back,128.71,130.84,127.47,150.2,160.5,160.64,179.99,179.99
1218,16,Front/Back,128.63,130.5,133.74,149.87,158.5,160.64,179.99,179.99
1218,17,Front/Back,130.73,131.91,124.35,151.47,158.6,160.44,179.99,179.99
1218,18,Front/Back,129.06,130.03,124.66,149.6,156.85,160.44,179.99,179.99
1218,19,Front/Back,127.78,119.97,125.21,141.52,155.32,158.46,179.99,179.99
1218,20,Front/Back,122.91,118.27,123.35,141.64,152.31,156.63,179.99,179.99
1218,21,Front/Back,116.69,118.18,119.62,143.24,149.83,154.94,179.99,179.99
1218,22,Front/Back,115.84,115.53,120.46,140.59,148.54,154.94,179.99,179.99
1218,23,Front/Back,112.99,116.07,119.69,142.72,149.83,153.35,179.99,179.99
1218,24,Front/Back,112.33,115.74,120.45,142.24,148.41,153.51,179.99,179.99
1218,25,Front/Back,118.0,116.16,130.01,137.52,144.53,158.64,179.99,179.99
1218,26,Front/Back,118.88,114.89,130.27,141.55,145.69,153.35,179.99,179.99
1218,27,Front/Back,122.07,113.52,123.0,140.17,152.74,153.35,179.99,179.99
1218,28,Front/Back,121.1,116.44,121.84,137.99,152.92,158.46,179.99,179.99
1218,29,Front/Back,122.44,117.12,123.79,138.66,152.92,158.46,167.69,180.0
1218,30,Front/Back,120.02,114.8,122.78,138.16,151.51,156.63,167.69,180.0
1218,31,Front/Back,119.67,112.83,121.02,137.72,152.92,155.11,167.69,180.0
1218,32,Front/Back,117.5,110.85,120.26,137.34,151.51,153.51,167.69,180.0
1218,33,Front/Back,112.11,109.01,123.83,137.02,150.15,151.99,166.99,180.0
1218,34,Front/Back,110.37,107.47,123.39,136.76,148.85,150.72,167.69,180.0
1218,35,Front/Back,112.94,107.62,116.07,138.46,154.62,149.16,163.15,180.0
1218,36,Front/Back,104.31,108.62,115.97,138.22,146.09,150.4,162.62,180.0
1218,37,Front/Back,107.77,103.11,118.88,136.55,147.44,146.56,162.62,180.0
1218,38,Front/Back,108.04,95.4,119.15,127.7,147.44,147.7,166.99,180.0
1218,39,Front/Back,107.07,102.78,119.38,131.19,146.23,151.59,166.99,180.0
1218,40,Front/Back,111.04,106.56,122.29,131.98,147.29,154.58,173.88,180.0
1218,41,Front/Back,107.96,109.03,123.94,134.53,142.56,154.5,173.88,180.0
1218,42,Front/Back,108.65,110.08,124.01,135.58,140.44,154.5,161.55,180.0
1218,43,Front/Back,111.0,120.42,125.17,147.49,142.56,152.92,165.96,180.0
1218,44,Front/Back,109.77,123.3,129.19,150.37,137.31,152.92,165.96,180.0
1218,45,Front/Back,119.62,123.26,130.67,150.34,134.09,152.92,150.22,180.0
1218,46,Front/Back,119.36,125.48,131.56,154.1,132.93,151.38,154.36,180.0
1218,47,Front/Back,123.86,125.94,134.96,154.51,132.51,151.43,148.7,180.0
1218,48,Front/Back,124.53,129.03,133.5,159.03,140.65,150.0,160.81,180.0
1218,49,Front/Back,108.87,130.06,129.27,160.06,135.39,150.0,166.99,180.0
1218,50,Front/Back,109.58,131.62,129.16,161.61,135.39,150.0,167.69,180.0
1218,51,Front/Back,111.61,133.9,129.01,163.83,136.26,150.07,166.99,180.0
1218,52,Front/Back,117.67,142.28,132.62,172.21,138.21,150.07,166.99,180.0
1218,53,Front/Back,121.4,150.07,134.94,180.0,139.22,150.07,172.77,180.0
1218,54,Front/Back,131.5,150.07,147.0,180.0,140.25,150.07,158.2,180.0
1218,55,Front/Back,132.77,150.16,144.66,180.0,140.33,150.16,158.2,180.0
1218,56,Front/Back,142.46,150.16,152.09,180.0,142.46,150.16,158.2,180.0
1218,57,Front/Back,143.56,150.16,149.1,180.0,143.56,150.16,165.62,180.0
1218,58,Front/Back,142.46,148.79,146.43,180.0,142.46,148.79,161.82,180.0
1218,59,Front/Back,143.67,150.16,146.55,180.0,143.67,150.16,161.82,180.0
1218,60,Front/Back,145.96,150.16,146.75,180.0,145.96,150.16,158.2,180.0
1218,61,Front/Back,145.96,160.44,149.48,180.0,145.96,160.44,161.55,180.0
1218,62,Front/Back,147.29,160.44,146.75,180.0,147.29,160.44,161.55,180.0
1218,63,Front/Back,149.48,158.46,153.16,180.0,149.48,158.46,161.55,180.0
1218,64,Front/Back,150.82,158.64,157.09,179.99,150.82,158.64,161.55,180.0
1218,65,Front/Back,150.82,158.64,156.53,180.0,150.82,158.64,161.55,180.0
1218,66,Front/Back,150.82,156.81,156.53,180.0,150.82,156.81,161.35,180.0
1218,67,Front/Back,150.82,158.64,156.53,180.0,150.82,158.64,161.35,180.0
1218,68,Front/Back,150.82,158.64,156.53,180.0,150.82,158.64,161.35,180.0
1218,69,Front/Back,150.82,158.64,156.53,180.0,150.82,158.64,161.55,180.0
1218,70,Front/Back,150.82,158.64,156.09,180.0,150.82,158.64,161.55,180.0
1218,71,Front/Back,149.48,158.64,156.09,179.99,149.48,158.64,158.2,180.0
1218,72,Front/Back,149.48,158.64,156.09,179.99,149.48,158.64,158.2,180.0
1218,73,Front/Back,148.2,158.64,156.09,179.99,148.2,158.64,158.03,180.0
1218,74,Front/Back,148.12,160.64,155.74,180.0,148.12,160.64,158.2,180.0
1218,75,Front/Back,148.12,160.64,155.74,180.0,148.12,160.64,161.35,180.0
1218,76,Front/Back,158.5,160.64,155.74,180.0,158.5,160.64,161.55,180.0
1218,77,Front/Back,150.63,158.64,155.74,173.97,143.82,158.64,148.47,180.0
1218,78,Front/Back,158.5,158.64,149.48,173.97,151.69,158.64,148.47,180.0
1218,79,Front/Back,155.32,154.94,149.48,173.97,155.32,154.94,155.5,180.0
1218,80,Front/Back,155.32,154.94,146.75,173.97,155.32,154.94,155.5,180.0
1218,81,Front/Back,155.32,156.63,146.75,180.0,155.32,156.63,158.74,180.0
1218,82,Front/Back,155.32,158.46,146.55,180.0,155.32,158.46,158.2,180.0
1218,83,Front/Back,155.32,158.46,146.55,180.0,155.32,158.46,155.78,180.0
1218,84,Front/Back,164.98,160.64,146.55,180.0,152.96,160.64,143.75,180.0
1218,85,Front/Back,162.75,160.64,146.43,180.0,150.73,160.64,141.09,180.0
1218,86,Front/Back,162.75,172.72,146.43,180.0,155.94,172.72,146.31,180.0
1218,87,Front/Back,162.75,172.72,146.43,180.0,153.9,172.72,141.83,180.0
1218,88,Front/Back,165.15,162.63,146.43,180.0,151.84,162.63,137.37,180.0
1218,89,Front/Back,162.93,172.72,149.1,180.0,148.49,168.35,138.43,175.62
1218,90,Front/Back,162.93,162.63,149.1,180.0,148.49,162.63,138.43,180.0
1218,91,Front/Back,160.8,162.63,149.1,180.0,150.28,162.63,142.35,180.0
1218,92,Front/Back,160.8,162.63,149.1,180.0,150.28,162.63,142.35,180.0
1218,93,Front/Back,160.8,165.14,149.14,180.0,150.28,165.14,142.35,180.0
1218,94,Front/Back,160.8,162.63,149.14,180.0,150.28,162.63,142.61,180.0
1218,95,Front/Back,160.8,165.14,139.25,180.0,152.13,165.14,144.2,180.0
1218,96,Front/Back,160.8,162.63,146.43,180.0,150.28,162.63,140.17,180.0
1218,97,Front/Back,160.8,162.63,139.36,180.0,150.28,162.63,139.93,180.0
1218,98,Front/Back,160.98,172.23,139.36,180.0,160.98,172.23,150.68,180.0
1218,99,Front/Back,160.98,160.26,146.43,180.0,160.98,160.26,150.98,180.0
1218,100,Front/Back,160.98,164.92,149.14,180.0,160.98,164.92,150.98,180.0
1218,101,Front/Back,160.98,162.44,149.14,180.0,160.98,162.44,153.43,180.0
1218,102,Front/Back,159.05,162.44,146.55,180.0,159.05,162.44,153.81,180.0
1218,103,Front/Back,152.44,162.44,149.48,180.0,152.44,162.44,154.26,180.0
1218,104,Front/Back,151.04,141.3,149.77,161.04,151.04,160.26,157.01,180.0
1218,105,Front/Back,127.09,138.47,132.06,158.21,144.8,160.26,157.01,180.0
1218,106,Front/Back,127.09,136.12,138.38,151.93,144.8,158.16,157.01,180.0
1218,107,Front/Back,130.54,140.24,142.27,151.93,144.8,162.28,157.01,180.0
1218,108,Front/Back,125.85,129.92,142.62,137.85,143.67,156.48,154.77,180.0
1218,109,Front/Back,119.28,106.85,124.63,123.43,144.8,147.84,157.57,180.0
1218,110,Front/Back,118.49,105.79,124.97,123.78,143.67,146.42,157.57,180.0
1218,111,Front/Back,119.63,107.07,124.6,125.05,144.8,147.7,161.47,180.0
1218,112,Front/Back,114.73,107.54,120.83,139.85,143.67,147.7,161.47,180.0
1218,113,Front/Back,110.45,105.17,117.65,138.75,142.56,146.42,161.47,180.0
1218,114,Front/Back,107.01,104.14,114.21,137.72,142.56,146.42,161.47,180.0
1218,115,Front/Back,104.52,107.1,111.73,139.4,142.56,147.7,161.47,180.0
1218,116,Front/Back,103.1,106.47,111.49,140.17,141.38,146.3,161.47,180.0
1218,117,Front/Back,102.35,115.89,112.55,139.25,142.56,142.23,164.55,165.6
1218,118,Front/Back,100.38,119.12,110.68,142.48,142.46,142.23,164.55,165.6
1218,119,Front/Back,99.55,138.02,109.84,150.37,142.46,153.25,164.55,165.6
1218,120,Front/Back,98.78,131.56,109.08,143.91,142.46,154.89,163.79,167.24
1218,121,Front/Back,115.36,134.96,127.26,147.49,140.41,167.47,153.28,180.0
1218,122,Front/Back,105.93,138.74,125.08,147.49,143.67,171.24,168.56,168.97
1218,123,Front/Back,112.59,137.21,124.37,145.96,151.04,171.24,168.56,166.72
1218,124,Front/Back,115.49,132.96,127.0,145.31,143.78,167.65,155.13,166.72
1218,125,Front/Back,117.04,132.37,128.67,144.71,143.65,167.65,155.13,166.72
1218,126,Front/Back,116.51,129.96,128.15,142.09,143.65,167.88,155.13,166.72
1218,127,Front/Back,116.06,135.69,127.7,144.19,143.65,171.5,155.13,166.72
1218,128,Front/Back,115.58,135.23,126.18,143.73,143.55,171.5,155.13,166.72
1218,129,Front/Back,117.04,127.8,126.18,145.53,145.01,162.28,155.13,166.72
1218,130,Front/Back,116.73,127.46,125.87,145.18,153.67,162.28,160.75,168.97
1218,131,Front/Back,118.73,127.18,127.96,144.9,153.58,162.28,160.75,168.97
1218,132,Front/Back,118.66,129.13,133.68,146.98,149.92,162.14,157.15,168.97
1218,133,Front/Back,119.97,133.9,132.18,146.73,151.4,167.17,161.83,168.97
1218,134,Front/Back,119.21,128.84,129.74,146.69,146.16,162.14,150.24,168.97
1218,135,Front/Back,119.25,131.31,129.71,149.26,148.09,162.04,152.09,180.0
1218,136,Front/Back,121.03,131.47,129.74,149.43,149.83,162.04,155.89,180.0
1218,137,Front/Back,115.24,129.87,124.63,142.46,146.24,159.9,149.61,180.0
1218,138,Front/Back,115.24,132.48,133.27,142.84,146.24,162.14,149.07,180.0
1218,139,Front/Back,115.77,130.55,133.8,140.77,146.24,162.28,149.61,180.0
1218,140,Front/Back,116.57,131.61,134.6,141.83,142.32,162.28,145.15,180.0
1218,141,Front/Back,115.6,134.55,131.75,142.46,138.26,164.58,146.94,180.0
1218,142,Front/Back,114.37,140.05,130.42,136.87,139.34,162.99,145.65,171.94
1218,143,Front/Back,108.23,134.21,125.13,137.7,148.41,164.38,166.41,180.0
1218,144,Front/Back,106.96,136.09,124.44,139.63,147.17,164.33,166.99,180.0
1218,145,Front/Back,110.37,137.19,121.88,140.73,148.41,164.33,166.41,180.0
1218,146,Front/Back,110.97,139.72,120.81,143.26,143.52,160.87,166.6,176.54
1218,147,Front/Back,111.76,141.27,117.56,138.85,149.7,167.17,163.15,180.0
1218,148,Front/Back,114.64,144.9,118.97,143.3,139.58,158.21,151.02,167.4
1218,149,Front/Back,117.24,150.9,118.55,142.2,135.94,162.01,149.58,164.11
1218,150,Front/Back,118.84,149.97,115.1,152.07,135.17,159.29,147.08,161.38
1218,151,Front/Back,120.54,147.0,116.8,156.17,135.17,152.21,147.94,161.38
1218,152,Front/Back,120.64,141.77,115.28,147.35,136.83,148.53,159.38,161.38
1218,153,Front/Back,122.31,136.75,113.6,153.35,143.84,133.16,163.05,160.24
1218,154,Front/Back,120.05,140.15,110.28,156.04,143.34,131.67,160.41,160.24
1218,155,Front/Back,119.82,141.44,112.18,155.69,141.21,131.67,160.41,160.24
1218,156,Front/Back,125.39,127.11,120.26,132.88,141.05,138.88,160.41,160.24
1218,157,Front/Back,124.52,128.91,117.05,131.91,141.05,140.68,160.41,160.24
1218,158,Front/Back,127.5,129.77,122.6,132.05,141.05,140.68,160.41,160.24
1218,159,Front/Back,129.21,130.77,120.13,132.56,143.16,143.24,160.41,162.81
1218,160,Front/Back,132.69,131.94,123.76,133.43,143.01,143.24,160.41,162.81
1218,161,Front/Back,137.47,135.29,117.75,132.2,143.06,144.11,158.09,159.19
1218,162,Front/Back,138.45,138.79,119.24,135.89,144.36,147.54,159.38,162.81
1218,163,Front/Back,141.25,141.53,121.53,135.89,144.36,149.11,159.38,161.64
1218,164,Front/Back,153.89,144.22,130.99,138.81,144.36,148.97,159.38,161.64
1218,165,Front/Back,168.01,147.33,139.8,142.03,146.1,147.8,158.09,160.57
1218,166,Front/Back,167.8,151.17,139.8,145.86,145.89,145.46,158.09,158.23
1218,167,Front/Back,168.01,154.85,139.8,145.86,146.1,149.14,158.09,158.23
1218,168,Front/Back,168.01,160.65,140.14,144.42,148.42,156.67,160.41,158.23
1218,169,Front/Back,168.01,162.21,140.14,144.42,146.1,156.11,158.09,156.11
1218,170,Front/Back,168.01,162.21,139.8,144.42,146.1,153.09,158.09,153.09
1218,171,Front/Back,168.01,158.64,139.8,148.32,143.99,151.39,155.98,151.39
1218,172,Front/Back,165.15,158.64,140.14,140.86,141.13,150.63,155.98,150.63
1218,173,Front/Back,168.01,157.34,140.14,139.26,142.05,149.96,154.05,149.96
1218,174,Front/Back,165.15,157.34,140.14,139.26,141.13,149.96,155.98,149.96
1218,175,Front/Back,168.01,157.34,140.14,139.26,142.05,149.35,154.05,149.35
1218,176,Front/Back,168.01,160.71,140.55,142.63,140.25,148.81,152.24,148.81
1218,177,Front/Back,168.01,160.71,146.35,142.63,140.25,148.34,152.24,148.34
1218,178,Front/Back,168.01,160.71,146.35,142.63,138.55,146.98,150.55,146.98
1218,179,Front/Back,143.92,160.71,112.9,142.63,152.24,147.94,152.24,147.94
1218,180,Front/Back,172.43,160.71,141.41,142.63,150.55,154.21,150.55,154.21
1218,181,Front/Back,165.74,160.71,137.56,142.63,151.36,155.27,151.36,155.27
1218,182,Front/Back,148.18,160.71,120.0,142.63,153.09,153.21,153.09,153.21
1218,183,Front/Back,153.31,160.71,129.1,142.63,154.94,147.6,154.94,147.6
1219,1,Front/Back,179.98,179.98,179.98,179.98,179.98,179.98,179.98,179.98
1219,2,Front/Back,163.99,168.96,174.08,159.09,169.91,177.13,179.99,179.99
1219,3,Front/Back,163.37,165.85,167.08,155.21,176.27,177.13,179.98,179.99
1219,4,Front/Back,156.94,151.37,160.66,137.86,176.28,180.0,179.99,179.99
1219,5,Front/Back,155.23,151.37,158.94,137.24,176.28,165.14,179.99,165.13
1219,6,Front/Back,158.94,150.44,158.94,136.31,162.35,165.14,162.34,165.13
1219,7,Front/Back,157.48,149.67,157.48,135.04,165.97,169.06,165.96,169.05
1219,8,Front/Back,156.23,146.21,156.23,131.59,162.35,169.06,162.34,169.05
1219,9,Front/Back,151.41,154.65,151.41,135.48,167.23,180.0,167.22,179.99
1219,10,Front/Back,135.67,144.84,146.91,125.68,145.94,159.4,157.17,159.39
1219,11,Front/Back,130.33,143.15,145.0,123.98,145.97,161.3,160.63,161.29
1219,12,Front/Back,129.6,140.02,144.27,120.64,145.97,164.27,160.63,164.26
1219,13,Front/Back,125.08,140.02,142.52,120.51,146.46,164.27,163.9,164.26
1219,14,Front/Back,120.52,138.63,142.52,119.13,146.02,167.93,168.01,167.92
1219,15,Front/Back,119.98,144.59,141.98,113.53,158.0,180.0,179.99,179.99
1219,16,Front/Back,120.44,143.02,144.41,111.97,156.03,180.0,179.99,179.99
1219,17,Front/Back,114.34,141.73,138.31,110.71,156.03,175.65,179.98,175.64
1219,18,Front/Back,110.88,135.55,136.9,112.65,153.98,177.13,179.99,179.99
1219,19,Front/Back,118.12,132.12,143.16,109.39,154.96,165.29,179.98,175.64
1219,20,Front/Back,116.38,118.93,141.46,117.54,154.93,153.31,179.99,179.99
1219,21,Front/Back,117.14,115.75,140.32,116.22,156.82,151.45,179.99,179.99
1219,22,Front/Back,114.81,121.28,137.99,102.47,156.82,165.92,179.99,179.99
1219,23,Front/Back,116.8,125.76,137.88,105.73,158.92,170.05,179.99,179.99
1219,24,Front/Back,117.58,132.44,138.71,102.47,151.81,175.65,172.93,175.64
1219,25,Front/Back,120.06,132.07,141.19,99.76,158.87,180.0,179.99,179.99
1219,26,Front/Back,117.87,135.73,138.95,104.24,158.92,180.0,179.99,179.99
1219,27,Front/Back,116.03,136.1,137.03,102.86,159.0,180.0,166.63,180.0
1219,28,Front/Back,95.33,137.1,125.76,103.86,149.57,163.78,161.24,157.42
1219,29,Front/Back,92.75,132.16,122.65,108.87,150.1,170.05,155.73,155.49
1219,30,Front/Back,91.18,145.36,121.08,112.67,150.1,165.14,154.47,139.2
1219,31,Front/Back,86.21,146.41,116.99,113.72,149.22,180.0,151.62,148.69
1219,32,Front/Back,93.07,146.21,120.75,113.52,152.32,180.0,150.81,146.94
1219,33,Front/Back,96.09,145.72,122.09,112.48,154.0,180.0,151.89,148.69
1219,34,Front/Back,104.76,135.73,127.06,102.49,157.7,180.0,153.07,146.94
1219,35,Front/Back,108.48,136.8,131.18,101.44,157.3,159.23,146.68,131.11
1219,36,Front/Back,113.42,136.37,134.46,100.54,158.97,158.74,144.8,129.37
1219,37,Front/Back,118.54,141.54,136.9,110.05,161.64,159.4,143.88,131.28
1219,38,Front/Back,128.33,140.14,141.0,104.31,167.34,157.72,143.03,132.41
1219,39,Front/Back,132.19,141.48,145.45,104.88,166.74,157.72,152.04,134.77
1219,40,Front/Back,150.86,141.54,150.87,104.64,179.99,158.44,150.17,146.13
1219,41,Front/Back,155.2,143.02,155.21,104.14,179.99,160.93,147.22,147.33
1219,42,Front/Back,153.54,144.84,153.54,105.72,180.0,160.93,145.83,147.33
1219,43,Front/Back,155.91,144.84,155.91,103.82,180.0,180.0,150.83,151.52
1219,44,Front/Back,145.2,146.64,155.91,105.44,169.29,180.0,140.87,155.15
1219,45,Front/Back,137.75,148.56,152.01,107.36,165.74,180.0,142.72,153.08
1219,46,Front/Back,132.47,150.62,152.01,109.28,160.46,180.0,142.72,155.15
1219,47,Front/Back,128.88,152.85,150.59,109.69,158.29,180.0,142.24,157.41
1219,48,Front/Back,126.85,155.28,148.56,112.05,158.29,180.0,144.67,155.15
1219,49,Front/Back,121.12,158.0,146.65,114.77,154.46,180.0,142.72,159.37
1219,50,Front/Back,118.17,161.12,145.42,117.89,152.74,180.0,143.86,156.95
1219,51,Front/Back,114.54,164.88,143.66,121.62,150.88,180.0,142.72,159.37
1219,52,Front/Back,114.54,163.6,143.66,118.6,150.88,180.0,140.87,155.15
1219,53,Front/Back,116.15,163.6,143.66,118.6,152.5,180.0,139.09,153.08
1219,54,Front/Back,112.86,160.15,141.98,115.15,150.88,180.0,139.61,153.08
1219,55,Front/Back,115.66,157.23,143.16,112.23,152.5,180.0,137.37,153.08
1219,56,Front/Back,112.42,154.65,141.54,109.65,150.88,180.0,137.89,154.78
1219,57,Front/Back,115.66,152.32,143.16,107.32,152.5,180.0,136.24,152.79
1219,58,Front/Back,115.66,150.19,143.16,105.19,152.5,180.0,143.32,154.78
1219,59,Front/Back,114.04,148.22,141.54,103.22,152.5,180.0,141.5,156.95
1219,60,Front/Back,114.04,146.38,141.54,101.38,152.5,180.0,142.24,154.78
1219,61,Front/Back,113.71,146.25,141.21,101.25,152.5,180.0,143.03,156.95
1219,62,Front/Back,116.48,147.95,142.5,103.03,153.98,180.0,144.88,159.37
1219,63,Front/Back,116.79,146.25,141.0,101.33,155.8,170.59,144.88,152.71
1219,64,Front/Back,115.15,144.65,139.57,99.73,155.59,180.0,145.75,162.12
1219,65,Front/Back,117.03,143.15,139.51,98.23,157.52,170.59,145.75,155.99
1219,66,Front/Back,117.83,141.73,138.2,96.81,159.63,165.03,145.75,154.73
1219,67,Front/Back,117.83,140.14,138.2,95.22,159.63,165.03,147.71,147.88
1219,68,Front/Back,117.73,138.82,135.76,93.9,161.98,165.03,147.71,147.88
1219,69,Front/Back,120.42,137.56,135.76,92.64,164.66,162.05,147.71,148.44
1219,70,Front/Back,116.59,136.37,134.62,91.45,161.98,158.57,145.75,149.86
1219,71,Front/Back,119.28,135.24,134.62,90.32,164.66,158.57,145.75,149.86
1219,72,Front/Back,122.53,134.18,134.62,89.39,167.91,161.02,146.82,144.82
1219,73,Front/Back,118.19,134.18,133.53,89.39,164.66,163.84,145.75,144.52
1219,74,Front/Back,121.44,133.17,133.53,88.38,167.91,163.84,149.8,144.52
1219,75,Front/Back,108.28,132.23,133.53,87.44,154.75,163.84,148.87,144.52
1219,76,Front/Back,110.78,131.34,132.49,86.55,158.29,163.84,151.07,144.52
1219,77,Front/Back,112.96,129.83,132.49,85.04,160.46,163.84,152.04,142.6
1219,78,Front/Back,111.97,128.99,131.5,84.2,160.46,171.97,143.32,146.66
1219,79,Front/Back,130.57,128.21,130.57,83.42,167.23,167.24,134.05,144.29
1219,80,Front/Back,130.57,128.21,130.57,83.42,167.23,167.24,137.03,142.73
1219,81,Front/Back,129.68,127.49,129.68,82.7,162.35,179.99,136.6,149.86
1219,82,Front/Back,128.05,128.36,128.05,83.76,159.35,162.77,132.42,135.51
1219,83,Front/Back,126.62,128.36,126.62,83.76,156.72,156.93,127.53,134.48
1219,84,Front/Back,125.98,127.77,125.98,83.16,154.35,160.09,126.24,136.52
1219,85,Front/Back,124.86,127.23,124.86,82.63,152.87,155.57,127.21,134.66
1219,86,Front/Back,123.95,126.76,123.95,82.15,150.15,152.9,124.49,152.9
1219,87,Front/Back,123.58,124.41,123.58,79.8,151.53,151.09,127.26,151.09
1219,88,Front/Back,123.0,122.56,123.0,77.95,149.53,170.41,126.78,170.41
1219,89,Front/Back,122.65,122.15,122.65,77.55,149.53,170.41,130.33,170.41
1219,90,Front/Back,122.53,120.47,122.53,75.68,149.53,180.0,130.33,180.0
1219,91,Front/Back,122.65,120.61,122.65,75.82,151.53,172.08,132.33,172.08
1219,92,Front/Back,123.0,119.27,123.0,74.48,153.68,169.06,131.66,169.06
1219,93,Front/Back,123.58,119.52,123.58,74.73,159.35,165.14,134.11,159.95
1219,94,Front/Back,124.86,121.71,124.86,76.92,158.55,165.14,131.04,159.95
1219,95,Front/Back,125.98,122.15,125.98,77.36,163.91,145.09,133.03,139.9
1219,96,Front/Back,130.86,123.22,130.86,78.43,174.66,145.09,143.78,145.09
1219,97,Front/Back,133.13,124.54,133.13,79.75,171.07,146.62,136.5,137.37
1219,98,Front/Back,133.98,124.7,133.98,79.78,180.0,146.62,149.91,137.37
1219,99,Front/Back,130.57,125.19,130.57,80.27,180.0,146.62,144.3,142.12
1219,100,Front/Back,131.5,127.23,131.5,82.31,180.0,146.62,144.3,142.12
1219,101,Front/Back,131.5,137.07,131.5,92.15,180.0,147.75,144.3,147.75
1219,102,Front/Back,132.22,131.95,132.22,87.03,180.0,146.74,144.3,129.47
1219,103,Front/Back,133.32,132.07,133.32,87.15,180.0,145.93,144.3,126.17
1219,104,Front/Back,121.86,133.45,135.65,88.53,166.21,143.73,144.3,121.98
1219,105,Front/Back,121.5,136.37,138.2,91.45,163.3,141.97,144.3,122.51
1219,106,Front/Back,124.29,136.8,141.0,91.8,163.3,137.58,144.3,118.11
1219,107,Front/Back,125.79,138.42,142.5,93.42,163.3,137.58,144.3,118.11
1219,108,Front/Back,129.03,140.11,145.74,95.11,163.3,138.92,144.3,119.46
1219,109,Front/Back,147.5,143.75,147.5,98.75,163.91,140.3,128.21,120.83
1219,110,Front/Back,151.37,145.72,151.37,100.72,160.58,140.3,124.88,120.83
1219,111,Front/Back,154.28,147.81,154.28,102.81,160.58,140.3,124.88,120.83
1219,112,Front/Back,155.91,152.47,155.91,107.47,164.51,141.72,128.81,122.26
1219,113,Front/Back,158.55,155.12,158.55,110.12,168.11,141.97,132.41,122.51
1219,114,Front/Back,172.58,161.52,172.58,116.52,168.11,140.55,132.41,121.08
1219,115,Front/Back,180.0,165.75,180.0,120.75,168.11,140.55,132.41,121.08
1219,116,Front/Back,171.52,180.0,180.0,135.0,171.52,151.79,144.3,132.32
1219,117,Front/Back,171.52,180.0,180.0,135.0,171.52,151.79,144.3,132.32
1219,118,Front/Back,167.31,180.0,180.0,135.0,167.31,149.95,144.3,130.48
1219,119,Front/Back,167.09,180.0,180.0,135.0,167.09,151.79,144.3,132.32
1219,120,Front/Back,164.0,180.0,180.0,135.0,164.0,151.79,144.3,132.32
1219,121,Front/Back,164.0,180.0,180.0,135.0,164.0,151.79,144.3,132.32
1219,122,Front/Back,164.0,180.0,180.0,135.0,164.0,149.95,144.3,130.48
1220,1,Front/Back,179.98,179.97,179.97,179.97,179.98,179.98,179.98,179.98
1220,2,Front/Back,162.75,179.98,162.75,167.02,165.88,163.23,165.88,139.94
1220,3,Front/Back,157.98,180.0,136.75,153.09,157.95,163.62,157.95,163.62
1220,4,Front/Back,154.09,160.36,137.06,132.73,155.86,147.91,155.86,142.1
1220,5,Front/Back,149.93,162.37,130.59,131.71,141.22,143.07,141.22,93.41
1220,6,Front/Back,180.0,165.13,141.82,131.7,130.49,133.27,120.04,80.61
1220,7,Front/Back,156.6,152.27,117.46,110.24,128.69,129.49,94.56,76.51
1220,8,Front/Back,138.78,141.46,125.56,95.51,108.01,127.58,77.79,78.19
1220,9,Front/Back,120.86,143.48,113.92,90.64,104.06,126.09,68.01,72.05
1220,10,Front/Back,114.56,150.82,101.92,94.34,98.16,120.17,60.48,64.43
1220,11,Front/Back,109.35,141.53,97.69,87.2,95.19,123.43,53.0,62.05
1220,12,Front/Back,108.01,142.71,89.86,84.79,90.15,117.68,57.75,56.23
1220,13,Front/Back,117.3,159.42,106.91,104.42,88.7,118.66,64.98,60.6
1220,14,Front/Back,145.57,180.0,127.81,126.33,103.2,122.36,69.1,62.88
1220,15,Front/Back,162.82,180.0,149.19,128.63,108.1,125.96,71.11,69.1
1220,16,Front/Back,148.57,178.4,159.09,132.47,97.98,127.19,77.11,76.13
1220,17,Front/Back,150.15,169.57,151.46,135.79,101.81,123.91,83.82,85.88
1220,18,Front/Back,146.99,156.84,157.21,133.7,104.34,115.05,89.51,105.09
1220,19,Front/Back,144.11,150.59,165.02,133.42,99.08,111.35,95.47,114.37
1220,20,Front/Back,145.57,150.59,160.66,131.39,101.72,118.49,98.5,105.66
1220,21,Front/Back,148.79,152.47,165.02,127.32,104.94,109.44,102.02,123.84
1220,22,Front/Back,152.2,154.54,149.11,130.08,109.54,118.31,108.13,130.65
1220,23,Front/Back,133.39,156.78,132.02,130.08,106.23,132.74,137.29,127.19
1220,24,Front/Back,129.89,154.54,143.19,132.03,120.69,135.06,153.33,131.74
1220,25,Front/Back,129.64,164.98,144.98,117.02,120.63,162.88,148.26,162.89
1220,26,Front/Back,115.84,143.25,137.33,111.53,115.8,151.11,145.19,165.7
1220,27,Front/Back,111.65,146.96,145.96,133.42,115.93,132.37,150.24,139.26
1220,28,Front/Back,119.09,152.47,151.88,135.51,122.86,132.21,145.78,136.1
1220,29,Front/Back,127.69,159.32,162.21,139.96,125.73,136.58,160.25,130.9
1220,30,Front/Back,134.67,162.04,167.74,141.98,119.26,144.39,152.34,131.32
1220,31,Front/Back,145.37,169.57,180.0,147.35,123.87,141.68,158.5,128.62
1220,32,Front/Back,145.37,180.0,180.0,147.35,119.53,142.09,154.15,109.05
1220,33,Front/Back,143.96,169.53,180.0,147.57,118.11,145.24,151.77,129.76
1220,34,Front/Back,145.41,169.53,180.0,129.71,119.57,149.49,151.77,134.26
1220,35,Front/Back,148.46,178.15,180.0,130.08,124.83,163.85,144.56,143.02
1220,36,Front/Back,148.5,180.0,180.0,152.36,132.92,170.72,158.7,151.11
1221,1,Front/Back,179.98,179.98,179.98,179.98,179.98,179.98,179.98,179.98
1221,2,Front/Back,171.28,154.12,159.59,153.91,179.99,168.44,159.83,179.99
1221,3,Front/Back,159.67,147.57,151.52,150.83,171.7,165.7,159.83,180.0
1221,4,Front/Back,160.14,142.29,151.87,150.8,168.25,161.36,165.25,180.0
1221,5,Front/Back,159.23,135.69,151.06,140.51,165.21,159.66,165.25,180.0
1221,6,Front/Back,149.93,133.38,143.95,141.57,163.02,157.96,162.14,180.0
1221,7,Front/Back,144.72,123.84,139.94,128.57,159.3,156.38,159.53,180.0
1221,8,Front/Back,132.87,117.13,132.7,124.19,154.69,154.78,157.18,180.0
1221,9,Front/Back,126.72,116.88,129.43,115.67,151.8,155.98,155.09,180.0
1221,10,Front/Back,118.16,114.43,119.53,111.09,149.36,155.98,155.04,180.0
1221,11,Front/Back,114.48,111.06,119.21,108.32,145.99,155.98,155.03,180.0
1221,12,Front/Back,108.84,105.9,111.22,104.81,145.82,151.82,153.06,180.0
1221,13,Front/Back,106.44,100.72,110.47,103.67,144.61,146.07,153.11,180.0
1221,14,Front/Back,101.4,97.78,105.43,100.59,144.61,144.02,157.23,180.0
1221,15,Front/Back,101.76,94.91,105.07,99.75,130.36,141.98,166.92,180.0
1221,16,Front/Back,107.98,95.51,108.58,99.27,130.24,140.99,164.09,179.99
1221,17,Front/Back,97.78,95.98,101.08,100.82,143.44,141.98,155.09,177.35
1221,18,Front/Back,96.78,96.86,101.08,99.67,142.44,144.02,153.11,150.22
1221,19,Front/Back,96.74,98.08,105.49,98.74,141.6,146.16,151.34,150.22
1221,20,Front/Back,95.78,102.76,105.49,104.12,140.64,148.33,141.9,146.64
1221,21,Front/Back,94.39,103.75,105.04,103.91,139.7,149.52,139.18,143.37
1221,22,Front/Back,93.61,101.26,104.11,101.95,139.85,148.33,139.11,154.25
1221,23,Front/Back,90.49,101.58,101.1,102.26,139.09,148.33,140.45,156.56
1221,24,Front/Back,91.22,95.46,104.44,100.38,139.09,147.18,140.45,159.05
1221,25,Front/Back,92.02,95.84,105.23,100.76,139.09,147.18,143.25,161.85
1221,26,Front/Back,94.92,102.56,107.03,116.2,140.19,147.18,143.21,165.15
1221,27,Front/Back,94.61,102.97,105.18,114.43,141.14,148.43,144.68,169.62
1221,28,Front/Back,98.73,105.31,107.54,115.58,142.9,149.62,146.21,169.41
1221,29,Front/Back,101.84,106.35,108.61,114.45,144.93,150.97,147.8,156.67
1221,30,Front/Back,106.73,109.25,111.53,116.06,137.67,139.14,150.27,166.88
1221,31,Front/Back,110.73,110.94,112.73,119.87,139.94,137.58,160.03,163.83
1221,32,Front/Back,113.01,114.87,111.29,108.93,139.83,142.05,146.45,166.88
1221,33,Front/Back,119.64,117.57,111.64,109.75,159.18,156.67,151.21,156.67
1221,34,Front/Back,121.14,120.6,111.29,116.67,161.04,155.17,149.45,156.67
1221,35,Front/Back,126.02,123.87,114.27,118.12,162.93,156.67,149.45,165.31
1221,36,Front/Back,130.82,120.86,117.04,125.32,167.73,158.45,146.2,165.31
1221,37,Front/Back,129.38,134.42,128.33,125.73,132.62,136.42,157.62,154.75
1222,1,Side,149.81,155.87,161.86,155.49,174.94,177.79,154.4,164.48
1222,2,Side,154.83,153.38,164.68,154.84,178.37,177.19,153.93,162.85
1222,3,Side,153.48,151.47,162.22,151.59,178.39,178.21,153.91,160.9
1222,4,Side,154.09,148.75,161.05,147.53,178.98,178.26,156.01,159.33
1222,5,Side,154.68,146.93,159.01,144.8,178.75,176.67,154.98,160.96
1222,6,Side,155.3,153.88,157.72,151.39,178.13,178.61,156.8,160.89
1222,7,Side,153.15,150.14,155.55,147.65,178.11,178.61,155.46,161.5
1222,8,Side,151.58,147.92,151.97,143.82,176.45,178.64,153.98,162.08
1222,9,Side,151.07,147.04,150.09,142.87,176.42,178.69,153.98,160.68
1222,10,Side,148.01,143.65,145.41,137.89,174.33,178.63,152.31,158.6
1222,11,Side,146.07,141.39,143.47,137.22,174.28,178.41,153.13,159.82
1222,12,Side,139.79,136.15,141.04,130.42,175.99,178.31,154.17,159.9
1222,13,Side,127.3,128.52,130.48,121.13,178.99,178.17,158.39,160.48
1222,14,Side,117.65,121.07,120.83,115.34,179.01,179.16,157.94,158.36
1222,15,Side,109.98,112.4,111.57,103.85,178.98,177.53,157.39,159.37
1222,16,Side,98.75,103.58,93.98,95.06,178.96,176.21,157.41,161.16
1222,17,Side,92.12,93.41,85.78,85.49,178.94,175.71,157.86,162.97
1222,18,Side,79.28,80.54,71.97,70.53,177.29,174.29,158.37,164.14
1222,19,Side,75.83,72.71,66.97,58.32,177.28,175.32,157.85,164.46
1222,20,Side,68.64,71.03,59.5,57.4,177.29,172.61,157.85,166.53
1222,21,Side,62.86,67.01,52.13,51.76,177.22,172.75,157.43,166.4
1222,22,Side,57.08,62.1,45.68,44.75,177.18,173.66,156.99,165.93
1222,23,Side,53.17,54.64,42.44,42.3,176.06,173.54,157.69,164.89
1222,24,Side,50.91,52.0,35.46,37.53,177.18,174.05,152.45,165.78
1222,25,Side,44.45,45.36,32.12,33.57,179.45,173.5,151.31,165.39
1222,26,Side,45.0,44.45,30.58,30.96,180.0,174.59,151.7,163.74
1222,27,Side,46.79,45.35,32.37,31.87,180.0,174.78,153.0,162.66
1222,28,Side,49.69,46.13,35.27,30.96,177.88,175.94,156.01,162.48
1222,29,Side,52.52,45.6,38.9,32.66,176.19,174.05,157.25,163.83
1222,30,Side,57.01,47.8,44.03,34.86,174.67,174.05,158.12,163.83
1222,31,Side,64.42,53.3,48.3,39.14,177.51,178.37,152.97,158.52
1222,32,Side,69.06,60.96,52.94,46.43,178.48,179.29,154.88,160.83
1222,33,Side,70.62,67.61,56.39,52.48,179.63,177.71,154.41,158.68
1222,34,Side,77.87,77.29,64.94,62.12,177.64,177.66,156.87,157.54
1222,35,Side,83.5,87.37,72.31,72.31,173.66,177.32,158.14,161.17
1222,36,Side,91.18,104.04,81.13,91.31,171.37,177.69,159.78,158.62
1222,37,Side,97.44,111.75,88.21,99.03,172.06,176.76,159.18,160.67
1222,38,Side,105.55,120.38,95.75,107.66,172.63,175.43,158.22,164.54
1222,39,Side,111.91,115.42,101.53,107.4,173.21,172.51,158.22,164.54
1222,40,Side,119.23,140.14,111.22,130.37,172.63,177.12,158.22,163.04
1222,41,Side,124.54,148.3,117.64,140.31,171.94,176.12,159.31,166.06
1222,42,Side,128.48,148.12,122.7,140.78,176.62,175.23,154.35,165.21
1222,43,Side,142.6,137.52,136.81,133.71,178.35,171.57,154.35,165.34
1222,44,Side,135.44,152.69,130.81,149.66,178.29,174.34,152.38,166.56
1222,45,Side,145.81,154.62,141.53,151.59,179.47,174.47,152.36,166.01
1222,46,Side,147.62,153.87,145.24,152.1,179.47,175.19,152.36,167.01
1222,47,Side,149.98,158.81,147.03,156.45,179.95,176.97,152.75,164.26
1222,48,Side,149.39,158.76,148.82,156.97,179.48,175.56,151.74,164.19
1222,49,Side,146.46,152.24,148.77,154.03,175.27,174.9,154.56,163.3
1222,50,Side,145.52,152.84,148.34,155.17,174.71,173.39,154.56,164.21
1222,51,Side,147.32,152.84,152.4,156.8,173.18,175.59,155.5,159.71
1223,1,Side,134.61,161.79,151.58,155.97,166.89,168.47,166.06,166.22
1223,2,Side,129.39,162.79,145.01,154.48,167.27,166.25,165.35,160.28
1223,3,Side,122.79,162.5,137.09,153.73,166.13,165.23,166.72,161.57
1223,4,Side,115.47,161.07,129.25,149.42,165.7,163.72,167.27,163.11
1223,5,Side,108.72,163.01,120.09,148.05,165.54,161.77,165.93,164.93
1223,6,Side,101.04,163.23,110.82,143.13,164.5,159.9,164.85,164.65
1223,7,Side,96.48,161.57,102.04,139.76,164.88,158.2,165.98,166.22
1223,8,Side,90.75,155.27,96.57,130.2,165.56,156.71,166.07,166.7
1223,9,Side,84.85,144.11,88.01,117.26,165.19,154.15,170.38,168.91
1223,10,Side,77.47,114.44,79.51,86.42,166.73,155.56,169.79,169.22
1223,11,Side,71.39,97.28,72.59,65.77,167.14,154.8,171.01,171.36
1223,12,Side,66.09,92.23,68.93,59.32,166.62,155.16,171.06,171.2
1223,13,Side,59.61,88.47,63.34,55.92,167.71,154.74,169.94,171.84
1223,14,Side,53.67,87.7,57.55,54.27,166.52,152.76,170.86,175.38
1223,15,Side,47.73,85.08,54.43,50.57,164.54,152.45,169.31,175.95
1223,16,Side,41.65,80.03,55.3,45.55,161.95,154.6,170.57,175.05
1223,17,Side,49.36,83.33,66.75,51.08,164.58,153.16,171.59,179.86
1223,18,Side,59.24,91.77,69.69,59.98,163.84,155.03,170.61,174.5
1223,19,Side,66.2,101.84,74.91,68.26,162.41,155.79,170.73,173.2
1223,20,Side,73.81,109.61,83.06,78.39,160.38,155.17,172.68,175.36
1223,21,Side,83.91,124.32,95.64,89.62,160.15,155.31,173.29,173.92
1223,22,Side,89.29,132.62,101.65,102.64,160.74,159.97,170.48,171.44
1223,23,Side,97.42,137.8,109.88,110.85,160.86,160.76,170.36,171.43
1223,24,Side,109.01,148.1,122.01,120.96,163.38,159.78,168.92,173.09
1223,25,Side,118.52,158.33,130.82,138.81,164.17,159.76,168.83,173.84
1223,26,Side,126.41,164.6,141.68,147.35,164.93,160.4,169.59,172.86
1223,27,Side,126.7,162.23,147.54,147.56,159.63,161.5,171.19,173.71
1223,28,Side,130.39,166.03,151.84,153.31,161.32,161.91,170.57,173.72
1223,29,Side,131.93,164.99,153.9,154.68,160.74,162.2,170.63,174.47
1223,30,Side,135.21,168.4,157.9,156.76,162.29,157.59,169.71,176.88
1223,31,Side,137.24,167.54,162.42,153.35,161.19,157.09,170.47,177.75
1224,1,Front/Back,180.0,154.43,149.15,140.37,173.78,180.0,148.3,180.0
1224,2,Front/Back,169.67,151.96,140.43,136.96,180.0,180.0,155.02,180.0
1224,3,Front/Back,163.7,150.84,140.43,150.84,169.02,180.0,148.78,180.0
1224,4,Front/Back,158.4,154.32,141.6,154.32,168.57,180.0,152.44,180.0
1224,5,Front/Back,154.48,158.67,141.01,151.52,166.71,180.0,148.24,180.0
1224,6,Front/Back,146.0,156.42,141.3,156.42,163.69,180.0,148.17,180.0
1224,7,Front/Back,142.64,147.48,137.19,147.48,159.78,180.0,144.45,180.0
1224,8,Front/Back,144.69,146.52,138.05,146.52,158.65,180.0,139.45,180.0
1224,9,Front/Back,137.82,144.65,129.42,144.65,155.64,180.0,140.39,180.0
1224,10,Front/Back,127.45,132.92,123.9,143.18,153.85,169.74,140.35,180.0
1224,11,Front/Back,119.93,125.55,118.77,142.87,151.25,162.68,140.93,180.0
1224,12,Front/Back,116.81,121.96,118.04,139.28,148.85,162.67,148.17,180.0
1224,13,Front/Back,117.64,118.52,121.38,138.47,146.55,160.04,152.57,180.0
1224,14,Front/Back,115.01,108.19,123.11,117.12,144.38,152.75,165.62,180.0
1224,15,Front/Back,113.02,103.43,125.29,115.77,142.28,149.28,180.0,180.0
1224,16,Front/Back,110.91,101.48,124.09,112.7,141.63,147.74,180.0,180.0
1224,17,Front/Back,110.33,101.74,122.77,114.49,142.37,146.2,180.0,180.0
1224,18,Front/Back,106.43,106.45,119.5,115.23,139.89,147.83,180.0,180.0
1224,19,Front/Back,117.55,107.07,130.64,117.5,141.73,144.04,180.0,180.0
1224,20,Front/Back,127.25,97.01,140.12,109.12,141.68,140.41,180.0,180.0
1224,21,Front/Back,141.09,103.58,156.53,113.91,141.09,140.41,180.0,180.0
1224,22,Front/Back,142.43,105.72,154.12,112.89,142.43,141.65,180.0,180.0
1224,23,Front/Back,142.43,123.14,153.96,132.68,142.43,142.93,167.66,180.0
1224,24,Front/Back,142.49,126.36,151.9,135.82,142.49,143.01,160.28,180.0
1224,25,Front/Back,143.09,126.85,151.83,132.8,143.09,142.93,158.67,180.0
1224,26,Front/Back,143.76,143.01,151.78,149.21,143.76,143.01,158.44,180.0
1224,27,Front/Back,143.76,142.93,151.83,153.29,143.76,142.93,153.54,180.0
1224,28,Front/Back,141.73,143.96,152.01,152.88,141.73,143.96,152.43,180.0
1224,29,Front/Back,121.36,146.13,135.57,152.61,139.74,146.13,151.63,180.0
1224,30,Front/Back,116.24,116.53,131.47,114.98,139.09,148.83,152.4,180.0
1224,31,Front/Back,114.42,115.54,120.79,113.93,139.67,150.49,160.32,180.0
1224,32,Front/Back,109.9,106.07,125.53,108.76,140.9,147.96,159.29,180.0
1224,33,Front/Back,106.48,105.71,123.37,106.81,141.54,149.51,151.79,180.0
1224,34,Front/Back,102.71,105.02,114.36,106.21,146.55,151.27,161.49,180.0
1224,35,Front/Back,106.52,118.66,117.4,114.11,149.45,159.01,161.47,180.0
1224,36,Front/Back,111.35,111.18,120.41,115.16,150.97,150.49,163.94,180.0
1224,37,Front/Back,126.45,119.61,115.6,111.55,136.68,156.89,134.35,180.0
1224,38,Front/Back,131.35,123.1,118.63,115.91,134.36,157.92,129.93,180.0
1224,39,Front/Back,133.64,146.23,119.35,117.07,138.27,152.02,128.66,152.02
1224,40,Front/Back,146.06,137.28,121.96,120.59,149.19,163.06,128.77,175.2
1224,41,Front/Back,137.6,151.39,127.46,124.68,154.04,180.0,154.88,180.0
1224,42,Front/Back,142.03,156.96,130.83,130.03,147.25,171.4,137.94,171.4
1224,43,Front/Back,143.42,157.68,134.82,133.01,147.83,175.55,130.91,175.55
1224,44,Front/Back,146.29,167.22,139.68,140.76,148.21,177.55,129.98,177.55
1224,45,Front/Back,151.13,169.09,145.25,144.69,146.81,180.0,140.67,180.0
1224,46,Front/Back,150.63,160.53,147.99,142.13,146.2,180.0,136.74,180.0
1224,47,Front/Back,168.18,162.38,156.21,145.78,149.48,180.0,134.7,180.0
1224,48,Front/Back,168.18,161.19,157.87,147.98,153.48,180.0,139.1,180.0
1224,49,Front/Back,170.4,163.07,166.31,151.87,170.41,179.99,163.67,179.99
1224,50,Front/Back,179.98,179.98,179.98,179.98,179.98,179.98,179.98,179.97
1225,1,Side,129.11,178.13,137.17,170.78,152.3,153.85,160.04,160.35
1225,2,Side,130.48,179.05,138.17,169.03,152.89,152.61,160.23,160.02
1225,3,Side,127.99,178.59,135.0,169.96,152.74,152.63,160.6,160.56
1225,4,Side,127.99,178.62,137.66,165.67,152.43,152.47,160.29,160.06
1225,5,Side,129.93,178.62,136.33,164.79,154.5,152.61,160.41,160.2
1225,6,Side,129.89,179.24,137.6,165.46,154.64,152.14,160.6,160.2
1225,7,Side,128.8,174.79,137.9,169.47,154.25,151.99,160.29,160.38
1225,8,Side,128.7,161.29,136.93,179.83,155.3,147.98,160.47,159.38
1225,9,Side,131.12,163.52,142.77,177.62,155.57,148.72,160.29,159.19
1225,10,Side,129.08,162.03,140.79,178.97,155.68,148.22,160.47,158.69
1225,11,Side,112.69,162.52,128.11,178.48,151.97,149.15,160.47,158.69
1225,12,Side,112.65,161.41,127.66,179.85,153.34,150.08,161.44,159.7
1225,13,Side,108.72,160.94,121.11,179.02,153.94,150.11,162.09,160.2
1225,14,Side,107.02,161.41,117.65,178.85,154.9,151.43,162.57,161.05
1225,15,Side,109.01,162.68,119.19,176.58,155.77,151.95,163.06,161.57
1225,16,Side,100.1,161.25,111.01,177.9,156.17,152.91,164.2,162.45
1225,17,Side,99.02,162.8,107.74,176.82,157.12,153.37,164.2,162.45
1225,18,Side,96.63,162.31,104.31,177.31,158.65,153.54,164.69,162.61
1225,19,Side,94.56,164.58,101.74,176.04,159.01,154.92,164.54,162.98
1225,20,Side,96.45,166.5,105.37,174.6,159.98,155.55,164.54,163.14
1225,21,Side,94.73,166.29,102.69,174.81,161.43,155.55,165.04,163.14
1225,22,Side,88.51,166.03,95.15,176.54,160.5,156.77,165.5,163.9
1225,23,Side,86.79,168.95,93.81,174.46,161.69,158.0,165.74,164.29
1225,24,Side,83.01,162.74,89.52,150.07,162.29,162.53,165.84,165.26
1225,25,Side,79.25,153.24,85.28,140.99,163.46,163.39,166.52,165.68
1225,26,Side,78.5,140.65,83.72,126.72,164.49,164.13,166.66,165.96
1225,27,Side,72.52,126.92,79.05,113.44,164.49,165.89,166.11,167.28
1225,28,Side,72.03,99.52,76.47,86.04,165.94,166.15,166.67,167.54
1225,29,Side,65.45,162.46,69.8,147.35,166.21,165.68,166.66,168.69
1225,30,Side,62.98,146.14,67.34,131.04,166.47,165.79,166.92,168.8
1225,31,Side,55.97,119.58,63.76,104.47,163.83,166.47,166.43,169.49
1225,32,Side,55.36,66.42,59.66,51.34,166.04,166.5,163.71,169.2
1225,33,Side,53.23,15.47,57.55,27.57,165.73,167.1,163.41,170.06
1225,34,Side,53.31,2.31,60.53,9.13,166.72,168.6,163.96,170.91
1225,35,Side,52.38,10.86,58.73,0.33,167.29,170.89,163.66,173.17
1225,36,Side,46.98,13.93,52.56,4.17,169.06,171.27,164.95,173.09
1225,37,Side,49.74,13.46,55.65,5.14,168.15,172.33,164.37,173.69
1225,38,Side,48.27,15.95,55.51,8.22,166.25,171.53,163.8,171.82
1225,39,Side,48.88,20.56,56.54,13.32,165.25,172.52,163.22,172.63
1225,40,Side,48.45,20.09,56.54,14.27,164.24,174.2,162.65,174.43
1225,41,Side,49.52,36.93,57.62,28.74,164.25,174.68,162.65,175.19
1225,42,Side,50.68,40.21,59.65,32.5,163.94,175.89,163.8,176.23
1225,43,Side,51.82,43.57,60.78,35.87,165.09,176.08,165.82,176.72
1225,44,Side,52.16,47.86,56.59,39.68,165.81,175.71,166.84,177.15
1225,45,Side,53.9,48.92,58.77,40.27,165.95,175.34,167.99,177.26
1225,46,Side,56.21,29.26,61.09,23.94,164.34,176.0,166.09,178.54
1225,47,Side,58.48,44.51,64.25,39.19,162.53,176.64,164.88,179.21
1225,48,Side,62.3,56.31,68.08,50.5,161.57,176.19,163.64,179.26
1225,49,Side,65.14,160.55,71.37,151.89,155.85,175.69,158.09,178.28
1225,50,Side,69.33,163.43,76.02,154.77,155.15,175.73,157.58,178.55
1225,51,Side,77.38,171.79,87.66,164.49,154.57,176.23,157.18,178.69
1225,52,Side,79.39,171.77,87.8,164.49,155.37,176.18,157.26,179.37
1225,53,Side,82.64,171.05,89.55,162.41,155.47,176.12,157.12,179.96
1225,54,Side,86.14,171.53,92.59,162.9,156.05,176.06,156.99,179.3
1225,55,Side,95.12,171.97,99.31,163.34,157.46,176.62,157.28,179.28
1225,56,Side,93.0,172.72,102.19,164.1,149.05,173.09,153.68,175.19
1225,57,Side,100.67,173.05,103.89,164.44,152.9,172.77,152.69,174.33
1225,58,Side,103.05,173.35,105.78,164.74,151.39,170.41,150.45,171.44
1225,59,Side,106.09,171.25,108.81,163.12,149.29,168.72,148.1,168.78
1225,60,Side,108.55,171.57,110.8,163.44,151.09,170.12,149.2,169.69
1225,61,Side,99.17,172.15,101.31,164.02,146.63,165.02,144.47,164.11
1225,62,Side,101.15,170.99,103.28,162.41,145.01,161.23,142.62,160.31
1225,63,Side,103.63,167.28,105.34,159.15,147.59,162.35,144.56,160.53
1225,64,Side,104.47,166.4,105.77,157.83,144.57,155.24,140.91,153.43
1225,65,Side,106.19,165.61,107.46,157.04,143.7,152.51,139.83,150.27
1226,1,Side,153.04,151.96,166.09,163.7,179.11,177.02,158.75,102.98
1226,2,Side,152.16,151.2,163.72,161.13,179.68,177.98,158.17,102.38
1226,3,Side,147.92,149.68,156.73,157.66,179.35,178.61,158.82,102.04
1226,4,Side,149.72,148.89,159.2,155.7,179.67,179.45,158.84,101.53
1226,5,Side,147.71,144.94,156.51,153.27,178.68,173.39,159.5,105.23
1226,6,Side,145.41,143.11,152.73,150.6,177.67,173.88,160.18,104.75
1226,7,Side,143.1,142.29,149.57,147.83,177.04,174.8,160.81,104.16
1226,8,Side,138.26,140.95,140.09,145.28,177.37,175.72,160.81,103.59
1226,9,Side,135.99,139.21,137.34,142.68,176.39,175.72,161.47,103.59
1226,10,Side,134.66,136.81,135.17,138.54,175.73,175.72,162.12,103.59
1226,11,Side,130.53,135.35,130.72,135.87,172.93,174.75,163.56,104.91
1226,12,Side,128.06,132.86,128.59,132.51,172.79,173.58,160.82,111.52
1226,13,Side,125.54,131.21,125.56,130.5,172.07,172.09,159.64,115.12
1226,14,Side,122.99,127.2,122.47,125.63,171.31,171.91,155.64,113.32
1226,15,Side,119.56,125.27,118.54,123.35,170.57,172.49,153.29,117.0
1226,16,Side,118.33,122.0,117.26,120.42,169.49,172.24,155.14,115.95
1226,17,Side,114.58,119.84,113.53,117.9,169.81,170.88,159.1,124.47
1226,18,Side,110.58,117.19,109.53,115.25,170.09,170.66,160.87,127.43
1226,19,Side,105.96,115.37,105.28,113.41,169.56,171.85,162.58,125.81
1226,20,Side,102.6,112.51,101.94,110.54,169.19,171.64,165.56,128.52
1226,21,Side,97.85,109.54,98.43,108.43,171.47,171.76,159.97,132.82
1226,22,Side,98.84,107.14,96.2,105.64,179.24,171.26,154.79,136.49
1226,23,Side,92.37,103.93,90.57,102.41,170.0,171.37,161.99,137.63
1226,24,Side,89.84,100.47,88.09,98.05,169.44,171.4,163.04,135.6
1226,25,Side,86.42,99.11,84.33,98.01,164.5,171.53,172.78,136.37
1226,26,Side,83.91,94.02,83.27,93.25,163.53,169.98,174.9,137.39
1226,27,Side,80.85,88.16,78.1,86.5,166.25,170.71,169.57,137.16
1226,28,Side,76.19,83.14,71.25,81.87,169.36,170.14,161.52,137.83
1226,29,Side,69.9,76.71,63.66,74.57,167.37,169.59,165.04,139.56
1226,30,Side,66.73,71.49,59.06,69.35,164.34,170.18,171.01,139.51
1226,31,Side,62.48,67.83,53.06,63.57,163.21,165.47,172.03,144.01
1226,32,Side,59.62,63.4,52.65,58.21,157.75,162.88,169.91,150.11
1226,33,Side,56.16,59.83,49.12,53.34,158.36,162.99,164.55,152.15
1226,34,Side,53.45,57.3,45.74,49.84,158.68,161.88,168.09,154.95
1226,35,Side,52.51,53.37,44.2,46.77,157.5,161.52,168.81,157.46
1226,36,Side,49.25,49.87,39.59,44.56,158.85,159.98,164.95,160.05
1226,37,Side,48.07,47.6,38.73,43.16,158.53,161.64,165.19,156.74
1226,38,Side,47.45,45.86,38.06,42.3,158.58,163.34,166.8,155.12
1226,39,Side,49.25,44.73,35.49,41.17,171.53,163.83,157.88,152.62
1226,40,Side,47.41,39.08,32.56,41.2,174.51,165.12,158.07,149.41
1226,41,Side,48.57,38.55,32.6,40.67,175.8,166.31,157.98,149.08
1226,42,Side,48.43,41.46,32.1,48.99,173.85,161.41,162.15,154.43
1226,43,Side,45.87,41.61,31.24,49.92,161.41,162.58,175.1,157.43
1226,44,Side,49.17,40.9,32.98,50.74,172.52,161.42,164.58,162.0
1226,45,Side,51.61,46.1,34.19,50.63,172.56,161.19,168.06,167.67
1226,46,Side,53.17,46.97,36.21,51.19,171.9,159.2,172.23,171.63
1226,47,Side,54.28,49.44,32.66,52.73,178.39,158.09,169.22,174.29
1226,48,Side,57.65,53.08,36.03,55.08,178.79,159.21,171.61,174.05
1226,49,Side,59.17,56.66,39.61,56.94,173.69,161.34,172.97,173.19
1226,50,Side,63.36,57.91,44.06,53.99,172.9,165.59,174.26,174.15
1226,51,Side,65.0,62.68,47.6,59.01,164.17,164.29,177.16,172.84
1226,52,Side,68.83,67.2,52.44,63.18,166.27,165.21,178.68,170.36
1226,53,Side,75.47,72.13,59.02,68.71,167.87,165.83,175.19,169.27
1226,54,Side,80.83,77.52,64.93,75.66,166.15,165.06,179.16,168.82
1226,55,Side,86.11,82.69,71.57,81.25,164.89,166.29,177.87,160.63
1226,56,Side,90.85,90.15,77.56,87.98,162.92,167.65,178.34,158.33
1226,57,Side,94.71,96.57,83.1,94.6,162.05,170.1,179.99,155.47
1226,58,Side,103.48,103.53,90.55,102.05,166.21,171.57,174.96,154.66
1226,59,Side,106.1,111.54,95.22,108.28,168.06,175.4,168.67,153.28
1226,60,Side,112.17,117.29,100.95,114.88,167.12,176.4,167.9,150.71
1226,61,Side,117.66,123.52,107.16,120.97,167.16,179.19,168.1,147.62
1226,62,Side,121.0,128.17,112.49,126.1,166.83,179.44,168.1,151.17
1226,63,Side,126.57,128.31,121.72,130.52,166.51,170.49,168.1,158.85
1226,64,Side,129.48,129.36,127.97,135.72,163.04,167.35,169.92,159.47
1226,65,Side,131.34,135.97,131.01,145.02,162.55,167.24,170.08,159.55
1226,66,Side,134.03,137.57,134.5,147.34,162.71,167.29,169.92,159.55
1226,67,Side,137.49,139.19,141.34,150.14,160.82,166.39,170.08,160.1
1226,68,Side,139.84,141.07,145.67,152.01,160.14,165.94,170.41,160.54
1226,69,Side,141.06,142.88,148.84,154.63,159.82,165.97,170.41,160.54
1226,70,Side,144.1,144.24,153.95,157.17,158.99,165.18,170.89,160.98
1226,71,Side,145.29,144.68,158.63,158.69,157.99,164.83,171.2,161.08
1226,72,Side,146.49,146.02,160.57,160.58,156.7,165.5,172.19,160.83
1226,73,Side,147.78,146.69,162.97,162.81,155.24,165.93,173.33,160.47
1226,74,Side,148.74,146.74,165.07,163.96,154.23,165.46,174.0,160.66
1226,75,Side,150.37,147.67,167.13,166.69,154.59,166.06,174.0,160.09
1226,76,Side,150.32,147.96,167.44,168.9,154.14,165.86,174.09,160.0
1226,77,Side,150.32,152.29,167.44,170.19,154.14,170.02,174.09,158.85
1227,1,Side,157.96,160.87,165.47,174.65,166.51,173.44,164.26,111.29
1227,2,Side,155.74,158.53,161.74,170.8,166.16,171.1,162.53,102.36
1227,3,Side,155.17,157.73,159.55,167.74,165.71,167.42,159.92,95.09
1227,4,Side,154.5,163.05,161.74,170.81,166.24,162.83,159.85,88.74
1227,5,Side,156.78,163.09,160.34,170.81,163.41,160.65,159.14,81.39
1227,6,Side,152.14,162.78,156.33,169.93,167.22,157.7,160.87,74.53
1227,7,Side,151.18,159.07,155.01,166.98,168.31,156.07,162.65,71.91
1227,8,Side,151.08,152.59,151.81,160.72,166.64,161.27,162.62,72.78
1227,9,Side,147.5,149.35,144.47,154.66,163.44,154.44,161.72,70.15
1227,10,Side,143.09,146.68,137.28,149.78,165.05,151.55,163.7,57.93
1227,11,Side,140.64,141.03,137.28,144.62,169.13,155.84,165.54,55.94
1227,12,Side,138.78,122.91,131.38,128.67,167.89,160.9,166.53,59.2
1227,13,Side,120.58,112.78,120.28,114.44,171.36,157.22,168.45,70.19
1227,14,Side,108.14,97.34,106.02,100.3,171.98,166.62,169.49,81.57
1227,15,Side,102.8,85.24,95.71,83.73,166.45,156.5,169.55,80.92
1227,16,Side,87.54,84.07,80.01,80.06,165.64,157.68,170.62,89.51
1227,17,Side,82.26,71.94,72.0,65.44,165.87,158.47,170.71,98.81
1227,18,Side,79.99,65.95,66.1,54.28,168.96,158.9,172.81,101.03
1227,19,Side,73.89,56.23,59.17,43.83,162.47,159.83,171.19,105.91
1227,20,Side,68.43,48.05,53.42,34.7,162.7,162.67,172.24,112.29
1227,21,Side,61.8,42.13,46.79,28.11,162.42,164.4,171.96,116.77
1227,22,Side,52.44,43.27,37.13,31.46,166.63,168.19,170.05,121.68
1227,23,Side,55.0,39.63,41.79,32.85,165.36,175.5,167.78,123.97
1227,24,Side,60.9,44.2,49.4,36.67,166.12,173.96,168.87,122.25
1227,25,Side,64.83,47.53,54.09,41.77,167.58,173.03,170.79,115.04
1227,26,Side,72.45,54.76,59.29,48.15,163.22,171.7,170.77,110.91
1227,27,Side,74.56,59.85,60.88,53.21,162.69,171.4,170.82,107.32
1227,28,Side,81.6,65.69,69.07,59.94,161.01,172.63,167.77,106.33
1227,29,Side,88.84,75.09,79.1,69.29,160.58,172.15,165.0,108.69
1227,30,Side,97.75,89.28,88.23,80.49,161.94,167.45,173.24,104.45
1227,31,Side,107.26,106.21,97.58,96.48,161.88,167.32,174.27,97.49
1227,32,Side,124.01,109.12,113.48,107.74,160.03,173.81,174.3,91.97
1227,33,Side,116.97,116.12,109.58,115.77,164.26,176.6,178.1,92.37
1227,34,Side,148.61,122.39,142.28,122.04,161.62,175.52,177.86,93.02
1227,35,Side,155.07,132.23,147.34,131.53,156.16,174.02,178.55,95.29
1227,36,Side,154.71,137.42,150.68,136.73,163.05,173.89,177.8,96.83
1227,37,Side,157.36,143.54,154.32,144.57,161.63,174.89,175.37,96.59
1227,38,Side,154.07,138.07,152.66,144.19,163.35,179.97,172.77,98.82
1227,39,Side,158.11,143.66,159.34,150.42,163.62,179.0,171.56,98.93
1227,40,Side,140.91,146.67,151.31,155.22,171.28,175.98,168.53,103.02
1227,41,Side,141.98,147.99,152.11,156.33,172.35,175.59,169.31,107.12
1227,42,Side,143.08,150.46,154.19,160.69,173.37,178.04,167.67,100.35
1227,43,Side,150.38,153.01,158.44,162.21,170.03,174.31,165.91,96.14
1227,44,Side,151.1,153.52,160.45,162.62,170.08,174.91,163.4,97.31
1227,45,Side,156.89,154.0,168.68,163.02,170.24,174.82,163.09,96.24
1227,46,Side,159.86,163.91,171.51,170.1,169.43,170.05,162.69,101.6
1227,47,Side,154.5,161.25,168.95,168.16,170.71,172.39,160.44,105.95
1228,1,Front/Back,120.15,139.55,68.84,162.44,152.34,157.12,113.86,159.64
1228,2,Front/Back,118.79,135.4,67.14,159.68,153.52,155.73,112.5,146.71
1228,3,Front/Back,117.8,135.44,68.77,158.21,152.33,157.23,111.34,143.66
1228,4,Front/Back,116.49,133.26,66.27,156.04,153.52,157.23,110.33,148.37
1228,5,Front/Back,113.13,127.29,62.56,150.06,154.78,157.23,110.15,147.21
1228,6,Front/Back,113.4,124.73,61.92,147.5,154.78,157.23,109.16,153.84
1228,7,Front/Back,108.24,118.58,58.71,134.36,156.11,157.18,110.33,146.21
1228,8,Front/Back,105.65,116.64,56.95,126.22,157.53,155.78,111.06,139.84
1228,9,Front/Back,102.36,112.86,57.45,122.44,156.19,134.42,113.66,112.91
1228,10,Front/Back,100.22,111.12,56.48,115.53,141.16,121.62,98.53,89.8
1228,11,Front/Back,96.6,109.47,55.37,113.88,135.83,114.06,93.59,79.0
1228,12,Front/Back,90.52,101.5,56.82,105.98,120.26,106.02,84.17,76.11
1228,13,Front/Back,94.02,94.68,58.54,102.14,119.08,97.83,78.07,72.92
1228,14,Front/Back,89.94,88.14,60.8,94.17,116.82,91.9,86.66,72.73
1228,15,Front/Back,85.44,83.81,60.23,89.6,116.63,85.91,89.89,74.39
1228,16,Front/Back,76.29,80.31,67.47,98.98,114.64,81.08,90.72,78.14
1228,17,Front/Back,65.55,80.4,79.51,120.35,115.93,75.27,93.7,77.26
1228,18,Front/Back,59.18,84.26,92.2,125.06,115.14,70.6,94.59,91.31
1228,19,Front/Back,64.81,77.71,98.78,124.15,114.42,61.36,95.5,98.68
1228,20,Front/Back,66.56,84.38,105.96,130.82,114.64,58.1,101.85,104.54
1228,21,Front/Back,77.61,96.42,117.73,136.9,116.78,55.18,105.43,95.66
1228,22,Front/Back,84.59,103.93,125.55,144.56,114.14,55.03,104.36,95.66
1228,23,Front/Back,86.59,103.58,127.54,150.06,107.65,56.27,98.62,91.66
1228,24,Front/Back,97.09,115.82,138.94,161.53,106.98,57.02,99.62,87.66
1228,25,Front/Back,141.42,134.3,180.0,180.0,108.94,57.06,99.1,84.56
1228,26,Front/Back,139.7,135.11,180.0,180.0,107.45,57.87,100.13,82.29
1228,27,Front/Back,141.38,135.91,180.0,180.0,108.56,58.64,100.39,82.26
1228,28,Front/Back,142.24,136.68,180.0,180.0,106.81,58.58,98.63,79.38
1228,29,Front/Back,142.22,140.35,180.0,180.0,106.38,54.57,99.08,64.94
1228,30,Front/Back,143.12,145.98,180.0,180.0,104.93,60.2,97.62,63.6
1228,31,Front/Back,144.04,147.1,180.0,180.0,106.61,61.31,99.3,65.32
1228,32,Front/Back,144.04,146.98,180.0,180.0,106.82,61.2,100.44,77.0
1228,33,Front/Back,148.98,145.98,180.0,180.0,103.88,59.75,93.51,69.02
1228,34,Front/Back,151.17,145.89,180.0,180.0,105.23,60.18,93.66,72.17
1228,35,Front/Back,152.32,143.62,180.0,180.0,108.67,66.47,96.96,92.65
1228,36,Front/Back,152.33,143.65,180.0,180.0,109.29,67.35,98.61,103.7
1228,37,Front/Back,144.06,143.6,180.0,180.0,109.19,67.86,107.85,104.26
1228,38,Front/Back,144.06,143.6,180.0,180.0,109.48,67.67,109.25,104.07
1228,39,Front/Back,144.06,140.0,180.0,180.0,111.11,64.65,112.01,104.64
1228,40,Front/Back,126.2,142.22,162.12,180.0,111.37,62.44,113.43,100.23
1228,41,Front/Back,117.62,139.17,147.56,180.0,112.76,66.8,110.07,107.63
1228,42,Front/Back,118.32,140.88,145.97,180.0,114.41,84.17,110.7,99.08
1228,43,Front/Back,108.16,127.95,134.64,165.28,111.69,86.69,108.13,100.94
1228,44,Front/Back,104.14,121.62,129.36,157.07,111.32,90.56,107.9,106.96
1228,45,Front/Back,99.8,119.34,125.03,152.83,115.62,93.33,110.28,108.55
1228,46,Front/Back,93.03,116.62,118.26,148.04,118.41,97.3,109.71,102.24
1228,47,Front/Back,92.4,109.44,114.93,140.86,122.4,99.3,111.34,105.67
1228,48,Front/Back,88.38,103.89,110.91,136.36,122.92,101.64,115.54,110.91
1228,49,Front/Back,73.48,110.44,104.41,139.64,128.75,106.65,130.26,118.12
1228,50,Front/Back,77.08,107.19,106.93,125.71,131.61,112.55,133.37,119.24
1228,51,Front/Back,72.97,104.69,102.86,118.19,143.18,117.64,144.98,118.91
1228,52,Front/Back,69.43,104.17,99.32,117.66,150.11,122.18,154.21,124.06
1228,53,Front/Back,65.99,105.54,96.96,112.19,149.03,120.04,155.21,125.74
1228,54,Front/Back,70.19,107.96,100.08,112.51,150.11,121.2,157.94,130.72
1228,55,Front/Back,73.96,127.95,104.93,114.12,149.03,126.54,149.66,119.75
1228,56,Front/Back,78.51,117.98,104.07,128.63,149.03,132.21,146.81,136.93
1228,57,Front/Back,82.51,118.42,103.83,127.42,149.07,133.85,155.21,146.59
1228,58,Front/Back,87.38,118.98,108.0,129.7,149.03,133.97,159.06,153.68
1228,59,Front/Back,92.28,120.48,114.2,127.66,149.03,137.64,163.77,155.63
1228,60,Front/Back,107.66,119.6,118.88,131.66,137.92,132.77,158.95,155.63
1228,61,Front/Back,111.15,120.68,132.21,129.92,137.23,136.34,158.29,157.75
1228,62,Front/Back,119.53,124.35,128.26,132.01,137.89,140.26,158.95,160.1
1228,63,Front/Back,126.98,126.47,135.4,144.56,136.61,144.66,157.68,162.76
1228,64,Front/Back,134.08,133.81,131.65,151.9,151.55,147.85,162.75,165.95
1228,65,Front/Back,142.83,136.72,137.05,152.88,172.09,153.83,174.13,169.99
1228,66,Front/Back,153.82,150.31,153.82,147.57,179.99,166.82,163.89,178.12
1228,67,Front/Back,161.57,158.85,161.56,152.97,179.99,171.84,168.58,180.0
1228,68,Front/Back,179.98,179.98,179.97,179.97,179.98,179.98,179.98,179.98
1229,1,Front/Back,141.23,140.39,153.61,156.97,151.67,163.41,164.04,173.75
1229,2,Front/Back,139.63,140.79,151.95,159.82,150.99,160.97,147.84,165.74
1229,3,Front/Back,133.36,137.56,148.35,156.59,148.32,160.06,144.44,164.83
1229,4,Front/Back,128.96,135.89,143.85,152.47,148.42,153.32,138.98,151.91
1229,5,Front/Back,125.44,133.47,142.68,150.05,146.07,149.18,134.48,148.41
1229,6,Front/Back,120.57,134.84,143.4,153.87,143.69,144.45,135.69,149.71
1229,7,Front/Back,117.74,128.13,138.83,149.08,139.53,149.47,127.86,170.42
1229,8,Front/Back,117.13,125.09,126.97,149.67,131.64,155.43,123.33,171.49
1229,9,Front/Back,116.01,119.21,135.09,143.78,136.18,141.69,119.25,159.93
1229,10,Front/Back,115.89,117.43,132.43,140.14,121.66,137.54,116.34,160.26
1229,11,Front/Back,112.91,112.67,129.3,138.57,115.82,122.97,115.77,148.87
1229,12,Front/Back,105.73,114.31,128.14,133.72,121.72,121.83,125.5,148.29
1229,13,Front/Back,105.37,111.57,121.63,113.45,121.27,127.1,122.7,150.04
1229,14,Front/Back,103.53,110.32,119.0,112.01,119.5,126.85,124.03,149.79
1229,15,Front/Back,102.57,111.57,125.15,113.26,118.3,128.47,130.95,151.41
1229,16,Front/Back,103.33,108.35,129.3,117.9,116.0,135.34,132.03,146.41
1229,17,Front/Back,106.16,114.07,124.18,121.96,114.46,137.96,138.8,142.79
1229,18,Front/Back,110.21,116.51,128.19,125.15,117.37,142.22,140.08,145.1
1229,19,Front/Back,111.46,117.47,135.79,124.23,118.42,131.65,142.76,157.32
1229,20,Front/Back,118.61,137.33,138.11,128.66,120.18,148.01,139.68,157.32
1229,21,Front/Back,122.19,149.04,139.57,134.68,122.24,152.88,139.63,152.88
1229,22,Front/Back,123.54,150.62,136.2,130.34,122.24,149.13,139.63,149.13
1229,23,Front/Back,119.14,146.28,133.16,127.94,118.37,141.28,139.63,147.33
1229,24,Front/Back,119.21,154.18,125.1,126.26,115.91,142.65,137.11,142.65
1229,25,Front/Back,152.46,155.97,136.91,127.69,137.09,142.65,137.11,142.65
1229,26,Front/Back,154.51,160.97,138.97,132.69,135.88,141.18,135.89,141.18
1229,27,Front/Back,148.77,160.97,128.07,136.19,135.89,142.58,135.89,142.58
1229,28,Front/Back,147.08,161.07,126.38,137.21,135.89,144.1,135.89,144.1
1229,29,Front/Back,147.2,160.97,126.51,145.24,134.69,142.53,134.69,142.53
1229,30,Front/Back,145.68,161.07,124.98,145.92,134.69,142.52,134.69,142.52
1229,31,Front/Back,148.84,143.1,140.93,135.94,135.9,132.52,135.9,145.63
1229,32,Front/Back,134.65,130.52,135.14,133.41,127.65,127.58,135.89,145.62
1229,33,Front/Back,117.86,121.82,117.31,121.61,121.13,123.99,135.89,144.05
1229,34,Front/Back,114.69,117.71,133.76,120.06,116.81,120.5,135.89,142.53
1229,35,Front/Back,101.79,119.37,99.79,126.62,111.98,121.05,134.69,140.34
1229,36,Front/Back,102.45,114.05,93.42,135.23,115.63,119.37,134.7,140.56
1229,37,Front/Back,103.31,112.83,94.41,134.01,116.73,119.37,135.94,140.56
1229,38,Front/Back,97.14,110.64,91.62,133.78,113.5,117.42,136.08,140.56
1229,39,Front/Back,100.08,109.56,89.71,130.97,115.34,119.16,136.0,140.56
1229,40,Front/Back,105.31,110.76,93.02,132.16,122.22,122.07,140.96,143.48
1229,41,Front/Back,108.7,109.71,110.0,131.31,124.34,123.19,140.95,144.79
1229,42,Front/Back,128.86,113.44,113.56,133.17,138.35,125.06,138.35,144.79
1229,43,Front/Back,135.57,116.3,108.11,120.08,134.7,127.09,134.7,146.62
1229,44,Front/Back,145.71,125.3,118.24,120.11,131.3,131.29,131.3,146.38
1229,45,Front/Back,142.08,124.79,118.76,140.14,137.3,134.44,137.3,149.79
1229,46,Front/Back,147.68,134.28,124.36,143.4,139.83,140.67,139.83,149.79
1229,47,Front/Back,151.16,137.92,137.75,147.04,141.15,144.47,141.15,153.6
1229,48,Front/Back,155.08,139.92,128.09,149.04,143.9,148.61,143.9,157.73
1229,49,Front/Back,155.17,146.31,135.33,149.04,139.82,160.41,146.97,163.14
1229,50,Front/Back,170.98,144.4,144.0,153.53,150.33,161.7,150.33,170.82
1229,51,Front/Back,179.97,141.19,179.97,158.09,155.87,163.1,155.88,180.0
1229,52,Front/Back,179.97,143.62,156.13,158.09,154.61,165.53,154.62,180.0
1229,53,Front/Back,179.97,143.99,156.13,158.09,159.16,165.9,159.17,180.0
1229,54,Front/Back,179.97,145.5,156.13,156.59,164.99,168.9,165.0,179.99
1229,55,Front/Back,179.97,179.97,179.97,179.97,179.98,179.98,179.97,179.97
1230,1,Front/Back,179.97,179.97,179.96,179.97,179.98,179.98,179.97,179.97
1230,2,Front/Back,179.98,166.35,165.12,166.68,170.91,166.35,170.89,159.45
1230,3,Front/Back,166.57,155.78,151.7,161.25,167.25,161.22,167.25,159.45
1230,4,Front/Back,158.42,141.05,143.55,152.94,164.31,154.8,164.31,156.49
1230,5,Front/Back,146.53,135.89,141.48,152.49,147.95,149.64,157.77,156.49
1230,6,Front/Back,131.04,130.08,146.97,152.49,138.36,143.83,154.28,156.49
1230,7,Front/Back,120.43,117.84,143.46,142.21,132.98,141.6,156.01,156.49
1230,8,Front/Back,113.41,108.06,140.18,135.6,131.31,138.34,158.08,163.59
1230,9,Front/Back,115.0,98.17,126.98,127.59,129.78,136.46,162.83,155.96
1230,10,Front/Back,110.47,91.65,125.2,123.26,120.42,115.7,156.22,161.43
1230,11,Front/Back,105.46,85.25,123.12,109.86,113.98,116.35,153.59,149.62
1230,12,Front/Back,98.68,77.34,120.35,104.49,107.38,110.97,151.65,157.32
1230,13,Front/Back,87.05,68.81,128.58,98.95,103.1,101.0,152.45,150.0
1230,14,Front/Back,80.71,65.26,134.07,95.17,101.06,98.62,154.42,147.39
1230,15,Front/Back,78.93,61.98,133.88,90.1,92.93,94.31,147.88,140.81
1230,16,Front/Back,75.07,58.68,132.85,88.66,87.37,93.1,145.14,140.81
1230,17,Front/Back,72.14,63.39,130.52,89.73,91.39,97.22,149.77,140.51
1230,18,Front/Back,73.44,66.01,133.23,93.31,93.87,97.88,153.66,141.14
1230,19,Front/Back,73.15,70.89,134.26,105.73,97.11,95.32,158.22,139.06
1230,20,Front/Back,75.59,77.13,108.38,105.04,97.48,96.43,157.48,139.06
1230,21,Front/Back,86.1,81.24,146.28,104.21,91.89,95.13,152.07,136.76
1230,22,Front/Back,87.35,86.54,149.38,110.03,88.83,96.3,150.87,138.44
1230,23,Front/Back,83.17,68.67,146.28,100.21,85.38,88.14,148.49,139.46
1230,24,Front/Back,93.23,70.25,154.34,103.19,88.66,89.95,149.77,142.68
1230,25,Front/Back,100.57,87.52,159.0,116.69,90.83,96.84,149.26,144.67
1230,26,Front/Back,106.46,88.64,162.81,122.76,91.65,97.02,148.0,145.86
1230,27,Front/Back,97.19,77.3,154.66,112.17,95.03,95.04,152.5,145.86
1230,28,Front/Back,95.82,75.92,136.41,117.28,98.04,96.83,155.51,147.09
1230,29,Front/Back,90.95,73.53,139.8,113.89,98.73,99.1,157.16,148.36
1230,30,Front/Back,91.25,73.38,148.71,110.62,101.47,100.94,158.94,147.09
1230,31,Front/Back,86.7,84.27,144.03,113.77,98.64,108.68,155.97,147.09
1230,32,Front/Back,85.81,63.01,140.18,96.82,103.91,104.01,158.28,148.36
1230,33,Front/Back,87.56,56.4,139.73,89.45,103.25,106.42,155.42,150.0
1230,34,Front/Back,87.13,49.93,137.21,81.41,101.82,114.86,151.89,158.07
1230,35,Front/Back,88.64,58.87,136.37,69.12,101.42,108.96,149.16,152.17
1230,36,Front/Back,91.96,65.23,137.46,78.79,102.38,111.68,147.88,155.26
1230,37,Front/Back,92.92,72.38,137.06,84.55,103.32,119.33,147.46,161.75
1230,38,Front/Back,96.52,79.09,137.8,92.41,105.42,118.17,146.7,161.75
1230,39,Front/Back,103.29,86.15,131.8,99.33,108.19,114.49,147.96,158.07
1230,40,Front/Back,111.8,94.78,135.71,109.09,113.73,119.02,148.9,163.74
1230,41,Front/Back,116.21,94.27,140.12,137.48,119.52,117.92,154.69,161.13
1230,42,Front/Back,121.98,109.56,156.08,121.54,120.32,120.98,133.47,163.41
1230,43,Front/Back,128.54,117.64,162.3,128.48,119.14,122.16,131.98,163.41
1230,44,Front/Back,134.29,125.11,166.57,133.25,121.57,124.71,129.99,163.12
1230,45,Front/Back,148.1,135.81,180.0,140.2,124.23,126.46,131.26,160.87
1230,46,Front/Back,149.64,145.59,171.71,149.98,121.6,131.29,129.59,165.7
1230,47,Front/Back,148.1,145.59,180.0,149.98,119.75,130.99,128.87,165.4
1230,48,Front/Back,134.67,147.02,166.57,149.98,118.97,129.65,126.03,162.63
1230,49,Front/Back,125.55,147.02,158.93,149.98,119.34,131.94,133.27,164.92
1230,50,Front/Back,117.4,148.95,152.2,152.95,116.56,131.23,145.52,162.28
1230,51,Front/Back,112.1,147.45,148.27,152.95,117.31,132.03,139.09,164.58
1230,52,Front/Back,118.06,148.95,152.86,152.95,119.49,136.28,151.0,167.33
1230,53,Front/Back,123.4,147.45,155.69,152.95,119.37,138.28,133.95,145.94
1230,54,Front/Back,134.18,127.68,163.7,158.73,121.59,146.86,133.31,150.37
1230,55,Front/Back,140.47,133.54,166.9,163.01,124.53,141.44,130.5,140.96
1230,56,Front/Back,157.48,138.42,174.15,168.78,125.82,148.08,130.54,146.23
1230,57,Front/Back,161.72,138.42,174.15,168.78,130.28,149.64,134.16,142.5
1230,58,Front/Back,161.72,149.25,179.98,180.0,136.0,149.25,132.1,150.04
1230,59,Front/Back,164.53,150.86,174.15,180.0,135.52,143.09,150.99,172.23
1231,1,Side,169.68,163.74,173.04,171.08,171.72,178.05,179.0,170.56
1231,2,Side,164.66,168.01,167.8,180.0,170.15,177.34,178.89,167.5
1231,3,Side,161.71,166.0,165.58,172.74,169.33,179.89,178.68,172.41
1231,4,Side,158.51,164.12,163.14,171.45,168.56,178.86,178.58,169.49
1231,5,Side,155.63,166.46,161.03,172.87,168.63,179.78,179.42,169.59
1231,6,Side,148.67,166.79,153.91,170.54,167.01,179.48,179.33,171.68
1231,7,Side,144.95,166.79,150.86,170.8,166.25,179.48,179.14,171.68
1231,8,Side,138.47,167.17,146.07,170.29,165.55,177.65,178.89,172.67
1231,9,Side,132.8,165.11,139.3,166.63,164.84,176.66,180.0,175.63
1231,10,Side,121.22,164.5,130.2,166.02,159.3,176.66,173.96,175.61
1231,11,Side,121.86,162.31,130.13,162.22,159.9,176.66,173.84,175.61
1231,12,Side,112.65,166.81,123.5,163.09,158.35,172.49,174.81,174.03
1231,13,Side,108.85,165.22,119.5,160.03,158.96,172.58,178.85,174.0
1231,14,Side,105.42,167.73,117.0,161.61,158.03,172.66,179.81,173.01
1231,15,Side,100.87,165.16,113.86,158.46,157.54,177.48,178.04,168.22
1231,16,Side,97.62,162.9,109.44,156.8,156.91,178.9,178.76,167.55
1231,17,Side,92.24,162.48,104.32,153.24,158.33,178.8,175.87,166.19
1231,18,Side,88.85,159.98,100.69,148.67,161.03,179.07,172.33,165.23
1231,19,Side,85.07,161.0,98.07,148.24,160.45,178.4,172.19,164.53
1231,20,Side,81.55,157.16,94.34,144.16,162.25,178.77,170.49,163.83
1231,21,Side,77.95,157.17,90.5,140.86,164.79,177.95,167.17,163.07
1231,22,Side,71.82,156.99,86.52,145.66,166.2,178.26,166.69,160.7
1231,23,Side,66.26,153.08,80.39,139.92,168.48,178.14,167.03,158.84
1231,24,Side,62.2,121.06,77.44,101.68,170.0,177.87,167.13,161.1
1231,25,Side,56.5,113.63,71.12,97.13,173.2,176.52,165.55,160.02
1231,26,Side,49.91,85.66,65.41,67.47,174.96,174.42,165.68,159.14
1231,27,Side,46.33,74.79,61.46,56.02,178.15,172.84,162.87,157.89
1231,28,Side,42.32,74.05,58.78,52.36,178.1,172.68,162.53,157.7
1231,29,Side,37.18,70.21,56.31,48.04,179.3,171.52,163.61,158.12
1231,30,Side,36.28,70.52,55.78,45.22,178.84,171.46,163.5,157.29
1231,31,Side,31.84,71.32,53.39,45.0,177.37,171.02,164.2,157.8
1231,32,Side,30.01,62.26,50.94,35.93,175.84,169.33,164.56,157.2
1231,33,Side,26.94,62.16,47.12,33.76,173.91,167.75,164.28,158.83
1231,34,Side,17.31,55.91,42.19,27.51,173.14,166.75,166.54,159.73
1231,35,Side,14.79,53.0,40.42,22.02,173.07,165.34,165.72,160.92
1231,36,Side,12.73,52.83,39.39,19.28,170.22,165.24,165.11,162.21
1231,37,Side,11.28,49.03,42.81,18.86,171.99,163.98,163.86,162.21
1231,38,Side,11.19,47.05,37.87,17.72,165.86,162.13,164.99,160.58
1231,39,Side,8.94,44.16,36.69,15.68,167.22,160.14,169.0,159.16
1231,40,Side,10.2,43.39,34.15,13.57,164.76,158.77,169.55,157.9
1231,41,Side,10.0,42.17,35.63,12.72,165.05,157.8,169.13,157.29
1231,42,Side,10.0,43.56,35.63,15.31,162.67,155.32,165.17,154.81
1231,43,Side,9.66,44.84,35.63,16.25,163.01,156.45,164.88,155.36
1231,44,Side,9.66,46.2,35.3,17.73,165.51,156.14,167.59,153.54
1231,45,Side,10.92,47.27,34.82,18.8,164.4,156.95,163.88,157.2
1231,46,Side,12.24,44.66,34.82,17.26,163.73,156.34,163.82,157.86
1231,47,Side,12.55,45.98,34.82,18.24,164.24,158.76,164.42,159.94
1231,48,Side,14.12,47.02,33.07,19.28,163.97,160.19,165.72,161.12
1231,49,Side,14.12,47.08,32.85,20.97,165.26,159.7,166.28,160.78
1231,50,Side,21.7,49.96,36.48,24.78,169.12,160.24,170.85,161.39
1231,51,Side,18.43,53.2,34.94,29.31,167.63,161.92,170.85,161.71
1231,52,Side,21.16,53.28,35.94,32.76,166.87,161.13,167.25,162.23
1231,53,Side,23.18,57.09,37.39,36.57,169.33,163.79,168.3,164.89
1231,54,Side,26.4,56.56,38.66,36.87,170.29,164.56,168.59,163.23
1231,55,Side,31.26,60.58,41.63,41.37,173.29,167.79,169.17,163.86
1231,56,Side,33.67,65.93,42.22,47.01,175.01,169.12,171.03,163.67
1231,57,Side,39.32,67.62,44.87,50.19,173.55,168.35,169.82,165.43
1231,58,Side,42.44,74.74,47.76,57.53,176.09,169.51,170.37,166.73
1231,59,Side,46.69,76.4,51.49,61.61,176.88,170.18,171.43,167.06
1231,60,Side,50.37,90.54,54.13,75.75,178.51,172.67,172.6,170.96
1231,61,Side,53.32,100.41,55.99,86.05,179.33,171.97,173.14,171.32
1231,62,Side,58.04,114.35,60.44,101.31,178.77,169.84,173.96,169.63
1231,63,Side,61.39,123.36,63.54,110.63,178.02,170.48,174.0,169.57
1231,64,Side,66.46,137.57,68.36,126.75,178.27,170.75,173.04,168.85
1231,65,Side,68.34,148.01,70.32,138.29,177.68,169.12,172.83,167.54
1231,66,Side,73.56,151.04,75.32,142.61,177.08,169.18,172.76,169.04
1231,67,Side,77.37,156.98,78.69,150.64,175.86,168.94,174.37,168.12
1231,68,Side,82.93,159.66,85.63,153.43,175.94,169.3,174.6,168.78
1231,69,Side,88.19,164.31,90.89,160.05,175.82,169.19,173.73,168.78
1231,70,Side,96.4,165.92,101.52,161.86,176.1,169.74,172.89,167.02
1231,71,Side,98.24,169.55,104.45,167.32,174.3,169.64,172.78,165.92
1231,72,Side,102.29,168.61,108.31,166.47,171.97,171.09,177.42,168.56
1231,73,Side,108.26,171.58,114.7,171.32,173.28,173.69,177.36,174.65
1231,74,Side,111.05,167.91,117.15,168.66,173.69,171.56,175.17,170.12
1231,75,Side,116.57,165.7,120.71,167.48,175.71,170.52,175.1,170.12
1231,76,Side,117.18,166.11,120.55,167.84,175.09,170.23,178.86,169.94
1231,77,Side,124.26,166.61,128.91,170.05,174.4,171.2,178.62,170.92
1231,78,Side,128.32,166.02,132.97,169.46,174.4,172.0,177.58,171.65
1231,79,Side,129.27,166.38,133.22,171.62,173.68,171.73,179.78,170.45
1231,80,Side,132.16,165.84,136.01,171.09,172.97,172.54,180.0,171.22
1231,81,Side,135.37,165.42,140.76,172.91,172.27,171.86,179.2,170.35
1231,82,Side,141.91,163.67,146.4,171.45,172.3,172.8,178.39,170.27
1231,83,Side,144.74,164.05,149.16,173.54,172.38,173.56,179.43,173.08
1231,84,Side,157.75,162.43,162.65,174.4,172.71,172.85,179.7,171.19
1231,85,Side,157.09,161.65,162.65,173.64,171.27,172.71,178.94,170.06
1231,86,Side,149.55,160.12,157.89,174.56,167.74,172.69,178.24,170.86
1231,87,Side,149.29,159.46,158.5,173.88,166.87,173.5,179.32,171.69
1231,88,Side,150.18,162.56,161.65,173.24,165.47,178.15,178.54,175.33
1232,1,Front/Back,121.87,143.87,134.97,168.94,149.82,154.93,180.0,180.0
1232,2,Front/Back,120.37,153.54,137.2,180.0,149.82,153.54,180.0,180.0
1232,3,Front/Back,120.52,152.22,137.35,180.0,148.74,152.22,180.0,180.0
1232,4,Front/Back,123.51,151.0,143.47,180.0,144.72,151.0,180.0,180.0
1232,5,Front/Back,119.52,149.78,139.69,180.0,143.78,149.78,179.99,180.0
1232,6,Front/Back,119.36,148.61,138.45,157.11,143.79,148.61,159.74,177.0
1232,7,Front/Back,115.12,149.85,139.35,160.23,143.79,149.85,169.94,177.0
1232,8,Front/Back,115.27,149.85,133.99,160.23,143.79,149.85,178.47,175.95
1232,9,Front/Back,112.91,149.93,132.3,160.58,142.86,149.93,180.0,180.0
1232,10,Front/Back,112.33,149.93,119.41,153.91,142.86,149.93,180.0,180.0
1232,11,Front/Back,109.93,135.48,116.07,139.46,143.8,149.93,180.0,180.0
1232,12,Front/Back,107.52,135.23,114.55,139.63,142.91,149.93,180.0,180.0
1232,13,Front/Back,104.15,126.88,118.15,139.02,141.12,148.75,180.0,180.0
1232,14,Front/Back,99.44,122.17,110.95,134.3,141.12,148.75,180.0,180.0
1232,15,Front/Back,96.64,123.04,108.68,134.4,140.34,141.52,180.0,171.59
1232,16,Front/Back,94.83,120.09,117.5,132.63,139.44,140.34,180.0,171.59
1232,17,Front/Back,93.41,117.54,116.82,131.8,138.65,139.25,180.0,171.71
1232,18,Front/Back,90.8,115.13,115.03,130.55,137.82,138.25,180.0,171.89
1232,19,Front/Back,90.9,116.64,112.29,144.74,137.01,128.39,180.0,163.15
1232,20,Front/Back,92.42,117.07,113.04,138.93,137.78,126.35,180.0,161.1
1232,21,Front/Back,94.63,117.37,115.73,140.27,137.82,136.31,180.0,172.11
1232,22,Front/Back,96.72,122.94,116.99,144.83,138.65,133.8,180.0,168.59
1232,23,Front/Back,99.0,128.82,119.28,151.76,138.65,125.64,180.0,161.47
1232,24,Front/Back,104.29,136.11,123.37,159.01,139.55,123.79,180.0,159.59
1232,25,Front/Back,109.27,144.2,128.34,166.31,139.55,121.94,180.0,157.73
1232,26,Front/Back,130.97,144.2,146.54,165.67,143.06,120.33,180.0,156.13
1232,27,Front/Back,143.13,147.36,155.58,165.67,143.13,123.49,180.0,156.13
1232,28,Front/Back,152.14,144.31,152.38,157.38,125.12,120.34,152.98,156.03
1232,29,Front/Back,152.14,156.35,149.54,154.33,125.26,119.1,153.12,142.76
1232,30,Front/Back,152.24,154.93,147.07,151.36,126.82,118.62,154.58,143.7
1232,31,Front/Back,151.15,154.93,134.6,148.69,125.73,117.58,154.58,142.65
1232,32,Front/Back,151.03,153.6,140.37,144.08,124.01,116.15,152.98,142.56
1232,33,Front/Back,147.71,154.98,136.49,140.0,120.7,116.52,152.98,141.54
1232,34,Front/Back,146.77,141.39,132.84,138.06,119.89,115.78,153.12,154.38
1232,35,Front/Back,143.87,140.37,127.83,134.47,116.74,116.25,152.87,155.88
1232,36,Front/Back,134.71,137.62,124.49,127.81,134.71,118.58,180.0,160.96
1232,37,Front/Back,133.94,136.73,124.52,127.81,133.94,119.73,180.0,163.0
1232,38,Front/Back,134.78,137.56,126.36,132.73,134.78,118.53,166.37,160.96
1232,39,Front/Back,135.55,139.33,127.98,132.73,135.55,116.75,166.37,152.71
1232,40,Front/Back,135.55,139.38,127.73,134.44,135.54,115.32,170.13,155.94
1232,41,Front/Back,134.78,140.27,129.36,136.22,134.78,119.44,166.37,159.17
1232,42,Front/Back,135.55,140.37,131.09,138.09,133.1,119.49,160.37,159.12
1232,43,Front/Back,135.55,140.37,132.84,140.0,126.36,114.75,161.23,154.38
1232,44,Front/Back,135.55,140.37,134.72,141.99,135.55,114.75,162.82,154.38
1232,45,Front/Back,134.78,139.44,136.57,144.17,134.78,113.82,162.82,154.38
1232,46,Front/Back,135.55,139.44,138.64,146.36,135.55,112.4,160.06,152.96
1232,47,Front/Back,135.55,139.59,140.4,148.85,135.55,112.51,162.82,152.92
1232,48,Front/Back,136.34,140.44,142.48,151.59,133.89,112.05,160.37,151.61
1232,49,Front/Back,137.14,141.48,144.66,154.33,127.72,111.79,153.62,150.31
1232,50,Front/Back,137.95,142.45,147.07,154.65,124.91,111.52,149.99,149.07
1232,51,Front/Back,138.03,143.45,147.23,158.16,122.16,111.32,147.16,147.86
1232,52,Front/Back,138.95,144.47,147.23,151.59,120.65,111.17,144.74,146.7
1232,53,Front/Back,147.9,156.39,147.23,154.65,113.69,113.22,132.16,136.83
1232,54,Front/Back,148.95,156.39,147.23,158.16,114.81,113.22,128.67,136.83
1232,55,Front/Back,153.52,157.94,149.94,167.11,118.13,114.77,130.72,136.83
1232,56,Front/Back,156.1,157.94,149.94,175.14,118.35,114.77,132.39,133.83
1232,57,Front/Back,156.02,159.67,149.94,163.13,118.35,116.42,132.27,136.74
1232,58,Front/Back,155.95,161.58,149.94,163.99,118.29,119.11,142.33,137.53
1232,59,Front/Back,155.95,163.59,152.95,163.99,119.45,120.2,143.5,136.6
1232,60,Front/Back,155.9,166.03,152.95,165.0,119.4,122.63,143.5,136.6
1232,61,Front/Back,154.59,166.03,152.95,170.83,119.29,122.63,144.7,136.6
1232,62,Front/Back,157.29,165.88,152.95,170.83,120.89,123.41,143.6,137.53
1232,63,Front/Back,157.25,163.59,152.95,172.89,122.06,123.08,144.8,139.48
1232,64,Front/Back,153.52,165.76,147.75,172.89,126.04,126.22,147.32,140.46
1232,65,Front/Back,148.63,163.49,145.85,172.89,127.37,122.97,148.65,139.48
1232,66,Front/Back,143.12,161.41,140.34,172.89,128.88,122.87,150.16,141.46
1232,67,Front/Back,146.69,154.75,144.37,164.24,128.86,124.8,150.16,141.39
1232,68,Front/Back,137.6,146.92,135.25,156.46,128.88,125.83,150.16,142.48
1232,69,Front/Back,138.24,140.6,135.91,167.05,130.3,124.1,151.61,154.31
1232,70,Front/Back,122.13,137.15,134.05,162.38,135.02,123.9,167.12,152.9
1232,71,Front/Back,124.35,130.58,139.91,159.58,131.98,126.81,167.12,155.8
1232,72,Front/Back,121.8,135.84,136.8,163.57,139.75,128.08,170.8,155.8
1232,73,Front/Back,121.92,141.96,136.92,163.95,139.75,133.8,170.8,155.8
1232,74,Front/Back,119.62,141.28,140.15,163.28,139.83,133.8,170.8,155.8
1232,75,Front/Back,117.71,153.48,148.68,180.0,149.02,129.27,179.99,155.8
1232,76,Front/Back,117.59,153.48,149.68,180.0,147.9,130.86,180.0,157.38
1232,77,Front/Back,129.38,153.47,161.54,180.0,147.84,130.85,179.99,157.38
1232,78,Front/Back,132.69,150.88,165.92,180.0,146.77,131.8,165.76,160.92
1232,79,Front/Back,143.8,152.15,180.0,180.0,143.8,135.1,165.76,162.94
1232,80,Front/Back,142.86,150.89,180.0,180.0,142.86,136.14,159.91,151.69
1232,81,Front/Back,141.96,149.67,180.0,180.0,141.96,137.64,157.49,154.41
1232,82,Front/Back,142.86,150.91,180.0,179.99,142.86,138.88,155.2,153.95
1232,83,Front/Back,143.79,150.89,180.0,180.0,143.79,150.89,157.33,165.98
1232,84,Front/Back,144.73,159.61,180.0,180.0,144.73,151.2,155.15,158.04
1232,85,Front/Back,146.7,161.41,180.0,180.0,146.7,161.41,151.29,160.19
1232,86,Front/Back,147.71,163.41,180.0,180.0,147.71,155.12,155.42,158.7
1232,87,Front/Back,147.7,165.67,180.0,169.92,147.7,165.67,147.89,151.17
1232,88,Front/Back,148.76,165.6,180.0,180.0,148.76,165.6,151.37,153.1
1232,89,Front/Back,150.93,168.27,180.0,180.0,150.93,168.27,151.29,159.86
1232,90,Front/Back,155.52,168.22,173.4,180.0,162.1,168.22,151.29,157.39
1232,91,Front/Back,166.21,165.56,179.97,180.0,166.22,165.56,165.9,162.65
1232,92,Front/Back,168.74,168.22,179.97,180.0,168.76,168.22,165.9,165.98
1232,93,Front/Back,179.98,179.97,179.97,179.97,179.98,179.98,179.98,179.98
1233,1,Front/Back,145.52,155.95,145.52,131.53,180.0,157.06,164.28,157.06
1233,2,Front/Back,142.61,156.74,146.11,131.37,176.5,157.1,180.0,157.1
1233,3,Front/Back,140.89,153.35,144.39,129.43,176.5,163.76,180.0,163.76
1233,4,Front/Back,141.81,151.12,145.31,129.86,176.5,161.29,180.0,161.29
1233,5,Front/Back,136.68,149.34,145.2,130.56,171.48,180.0,180.0,180.0
1233,6,Front/Back,136.34,149.8,145.16,135.0,171.17,180.0,180.0,180.0
1233,7,Front/Back,131.24,145.26,142.78,130.47,168.47,180.0,180.0,180.0
1233,8,Front/Back,127.89,146.24,141.81,130.45,166.08,180.0,180.0,180.0
1233,9,Front/Back,124.02,145.77,139.78,129.7,164.24,180.0,180.0,180.0
1233,10,Front/Back,121.57,139.63,139.15,128.47,162.41,174.9,180.0,180.0
1233,11,Front/Back,121.62,135.13,139.21,128.33,162.4,170.49,179.99,180.0
1233,12,Front/Back,110.96,136.14,137.01,124.55,153.95,164.97,180.0,177.42
1233,13,Front/Back,110.88,132.91,129.93,122.76,153.82,163.11,180.0,180.0
1233,14,Front/Back,117.5,132.43,128.28,121.48,152.49,158.7,170.41,177.42
1233,15,Front/Back,117.94,132.27,120.33,120.64,152.49,157.03,170.41,177.42
1233,16,Front/Back,116.92,131.85,136.48,120.8,146.69,140.36,166.25,163.76
1233,17,Front/Back,116.43,128.99,120.31,117.12,143.76,142.09,163.17,166.67
1233,18,Front/Back,112.84,127.63,125.15,113.58,146.96,153.46,180.0,178.03
1233,19,Front/Back,120.74,126.54,122.34,110.42,136.57,153.46,163.15,178.03
1233,20,Front/Back,112.76,127.3,123.53,110.85,144.21,154.11,180.0,180.0
1233,21,Front/Back,111.45,125.51,131.46,110.1,143.37,153.06,180.0,180.0
1233,22,Front/Back,110.26,121.36,122.74,106.82,142.5,151.85,180.0,180.0
1233,23,Front/Back,112.04,121.13,121.25,104.67,142.5,142.41,180.0,170.56
1233,24,Front/Back,108.47,129.42,119.32,113.9,140.87,135.56,180.0,166.78
1233,25,Front/Back,110.57,128.32,121.55,112.06,140.87,134.49,180.0,166.78
1233,26,Front/Back,110.14,124.21,122.11,108.64,140.12,133.73,180.0,166.93
1233,27,Front/Back,108.67,121.53,117.41,104.18,140.12,130.52,180.0,163.85
1233,28,Front/Back,107.35,118.11,113.29,99.97,140.04,129.51,180.0,163.85
1233,29,Front/Back,103.54,119.64,100.0,99.01,140.04,127.69,180.0,161.24
1233,30,Front/Back,101.05,116.57,95.44,95.33,140.12,124.5,180.0,159.05
1233,31,Front/Back,98.82,113.01,93.4,91.87,140.12,122.5,180.0,157.05
1233,32,Front/Back,97.82,111.47,90.63,88.9,140.12,122.51,180.0,157.06
1233,33,Front/Back,96.9,110.74,88.09,88.41,140.12,122.51,180.0,157.06
1233,34,Front/Back,96.6,106.07,88.21,83.38,140.12,123.62,180.0,159.05
1233,35,Front/Back,102.18,105.73,86.07,83.43,129.61,128.26,163.17,163.69
1233,36,Front/Back,100.57,103.96,85.98,82.95,128.67,127.41,163.17,163.69
1233,37,Front/Back,100.57,110.74,85.98,84.23,128.65,120.65,163.15,151.88
1233,38,Front/Back,99.03,105.57,85.36,84.68,125.11,122.66,160.52,159.05
1233,39,Front/Back,99.03,110.74,85.36,84.68,120.7,117.65,156.11,148.87
1233,40,Front/Back,99.03,113.77,85.36,83.98,120.7,119.96,156.11,147.46
1233,41,Front/Back,99.43,111.63,87.97,83.03,119.8,117.42,156.11,146.1
1233,42,Front/Back,100.44,111.38,87.97,81.42,120.85,117.48,156.15,144.8
1233,43,Front/Back,98.95,109.37,87.38,82.58,124.34,120.93,160.54,151.88
1233,44,Front/Back,94.26,109.37,86.67,82.58,130.7,122.56,170.3,153.51
1233,45,Front/Back,95.08,108.48,86.67,81.68,127.5,119.5,166.27,150.44
1233,46,Front/Back,97.71,106.57,90.17,80.85,127.5,120.05,166.27,152.06
1233,47,Front/Back,97.71,106.72,90.17,80.46,127.47,121.83,166.25,153.69
1233,48,Front/Back,95.49,110.3,85.54,84.21,128.43,121.38,166.25,152.17
1233,49,Front/Back,96.16,117.78,86.32,94.42,125.21,121.38,163.15,152.17
1233,50,Front/Back,95.84,120.01,85.02,97.2,126.19,122.49,163.15,152.17
1233,51,Front/Back,97.01,123.11,88.63,100.43,125.21,122.33,163.15,152.17
1233,52,Front/Back,96.56,120.91,88.19,97.08,128.34,123.48,166.27,152.17
1233,53,Front/Back,99.33,119.91,94.34,97.79,132.37,125.11,170.3,153.8
1233,54,Front/Back,98.38,122.14,92.87,99.03,133.23,127.76,170.3,155.42
1233,55,Front/Back,101.22,119.76,99.61,95.25,142.92,129.16,179.99,155.42
1233,56,Front/Back,100.98,119.6,96.29,98.77,143.7,130.85,180.0,157.26
1233,57,Front/Back,102.28,122.84,101.32,104.27,144.7,126.91,180.0,157.26
1233,58,Front/Back,103.19,125.93,104.6,106.39,144.7,128.17,180.0,157.39
1233,59,Front/Back,103.59,124.25,102.89,105.21,146.81,131.47,180.0,159.4
1233,60,Front/Back,104.71,127.76,106.63,107.72,146.81,134.78,180.0,161.48
1233,61,Front/Back,106.69,127.64,109.45,109.44,148.91,137.28,180.0,163.98
1233,62,Front/Back,109.07,131.88,107.86,116.95,149.94,138.56,180.0,163.98
1233,63,Front/Back,107.84,132.2,106.59,114.5,149.94,136.52,180.0,159.17
1233,64,Front/Back,109.49,133.45,110.16,118.1,151.0,136.77,180.0,159.27
1233,65,Front/Back,117.35,135.66,111.07,116.97,148.36,138.11,170.41,157.26
1233,66,Front/Back,118.6,146.85,115.62,121.51,157.95,141.68,180.0,151.98
1233,67,Front/Back,118.67,140.62,115.89,120.14,157.95,143.57,180.0,159.17
1233,68,Front/Back,120.42,143.76,121.9,120.76,157.79,146.09,180.0,159.17
1233,69,Front/Back,124.14,145.12,124.59,121.75,159.21,148.28,179.99,161.37
1233,70,Front/Back,128.38,150.1,127.84,123.67,159.94,151.06,179.18,161.37
1233,71,Front/Back,129.93,154.98,135.2,126.74,160.75,160.49,180.0,166.93
1233,72,Front/Back,130.35,162.94,138.13,128.08,159.94,153.8,179.18,153.8
1233,73,Front/Back,131.77,161.89,149.35,129.31,152.68,152.06,170.27,152.06
1233,74,Front/Back,147.51,164.48,137.25,134.52,154.51,153.69,170.27,153.69
1233,75,Front/Back,149.57,173.75,141.62,143.9,156.57,150.44,170.27,150.44
1233,76,Front/Back,152.83,176.82,144.87,150.26,162.11,150.52,170.27,150.52
1233,77,Front/Back,161.13,180.0,142.98,153.79,163.72,151.98,166.25,151.98
1233,78,Front/Back,161.53,180.0,144.51,158.05,167.74,153.6,170.27,153.6
1233,79,Front/Back,162.42,180.0,154.69,158.74,170.3,166.93,170.3,166.93
1233,80,Front/Back,166.41,180.0,168.92,164.83,177.46,166.93,179.97,166.93
1233,81,Front/Back,179.98,179.98,179.97,179.97,179.98,179.98,179.97,179.97
1233,82,Front/Back,167.31,170.2,167.31,162.95,180.0,155.26,157.19,153.28
1234,1,Front/Back,161.79,157.83,155.71,147.22,161.79,180.0,180.0,168.54
1234,2,Front/Back,159.54,147.55,158.62,142.28,159.54,173.88,180.0,180.0
1234,3,Front/Back,157.86,142.95,158.62,140.85,157.86,170.07,180.0,180.0
1234,4,Front/Back,159.54,146.3,158.62,137.56,159.54,176.72,180.0,180.0
1234,5,Front/Back,152.94,147.43,150.34,134.92,157.51,180.0,180.0,180.0
1234,6,Front/Back,162.6,180.0,144.95,162.75,157.53,169.19,157.53,169.19
1234,7,Front/Back,144.35,160.35,131.74,151.47,153.15,152.98,161.74,161.35
1234,8,Front/Back,139.91,152.37,122.38,147.31,151.7,149.08,164.08,161.47
1234,9,Front/Back,119.38,144.74,118.0,143.19,157.86,146.11,180.0,162.01
1234,10,Front/Back,117.26,136.19,110.55,137.03,155.92,143.09,178.06,164.95
1234,11,Front/Back,113.25,130.65,113.24,133.12,146.16,142.17,167.01,165.69
1234,12,Front/Back,109.24,126.2,123.99,130.26,140.6,142.07,162.12,167.15
1234,13,Front/Back,105.53,122.25,127.67,123.44,136.15,141.54,158.29,166.72
1234,14,Front/Back,110.32,120.96,124.82,122.25,136.58,140.93,151.07,166.1
1234,15,Front/Back,106.3,119.14,121.78,119.39,133.05,141.16,148.52,167.83
1234,16,Front/Back,115.03,121.39,115.03,118.78,146.48,144.18,146.48,167.79
1234,17,Front/Back,107.44,116.44,107.44,113.22,142.99,139.18,142.99,162.18
1234,18,Front/Back,102.47,118.89,102.47,111.69,143.54,138.64,143.54,157.4
1234,19,Front/Back,102.58,115.96,102.58,105.4,143.33,137.77,143.33,155.65
1234,20,Front/Back,100.32,117.46,100.32,99.41,141.77,143.36,141.77,153.46
1234,21,Front/Back,97.74,113.29,97.74,99.94,140.39,139.72,140.39,154.15
1234,22,Front/Back,95.79,115.6,95.79,101.75,148.1,137.54,148.1,151.48
1234,23,Front/Back,99.24,115.2,99.24,104.33,148.1,131.92,148.1,148.42
1234,24,Front/Back,104.79,120.73,104.79,107.3,147.97,135.66,147.97,149.6
1234,25,Front/Back,107.05,125.03,107.05,112.61,146.74,132.87,146.74,147.82
1234,26,Front/Back,108.76,130.05,108.76,118.1,149.25,130.65,149.25,145.6
1234,27,Front/Back,110.69,127.37,110.69,118.77,148.58,126.81,148.58,145.11
1234,28,Front/Back,115.59,130.84,115.59,120.38,146.18,121.25,146.18,139.55
1234,29,Front/Back,108.69,131.32,116.0,118.98,143.87,127.15,151.17,144.07
1234,30,Front/Back,112.21,134.57,119.52,122.62,144.57,127.34,151.88,144.65
1234,31,Front/Back,123.72,131.76,123.72,120.07,151.88,125.92,151.88,145.69
1234,32,Front/Back,129.15,137.22,129.15,124.42,150.53,126.6,150.53,145.69
1234,33,Front/Back,134.58,130.68,134.58,118.74,148.58,125.84,148.58,146.17
1234,34,Front/Back,143.6,130.77,143.6,118.82,146.18,125.27,146.18,145.6
1234,35,Front/Back,146.23,131.38,146.23,117.32,141.24,125.45,141.24,143.99
1234,36,Front/Back,150.96,134.55,150.96,120.35,138.15,127.48,138.15,144.0
1234,37,Front/Back,146.23,138.68,146.23,122.43,141.67,131.98,141.67,146.17
1234,38,Front/Back,147.93,148.39,147.93,113.28,144.47,141.47,144.47,141.47
1234,39,Front/Back,147.93,149.14,147.93,114.02,146.33,143.51,146.33,143.51
1234,40,Front/Back,147.93,149.07,147.93,113.79,149.68,140.56,149.68,140.56
1234,41,Front/Back,155.18,144.86,155.18,107.66,149.59,143.2,149.59,143.2
1234,42,Front/Back,152.68,142.75,152.68,105.72,150.55,144.28,150.55,144.28
1234,43,Front/Back,147.65,127.81,147.65,104.28,151.15,138.66,151.15,151.95
1234,44,Front/Back,143.75,126.94,143.75,104.95,153.43,138.18,153.43,151.09
1234,45,Front/Back,139.71,142.41,139.71,107.78,152.74,152.07,152.74,152.07
1234,46,Front/Back,134.42,139.55,134.42,103.29,150.4,151.69,150.4,151.69
1234,47,Front/Back,129.58,138.49,129.58,104.54,151.21,153.12,151.21,153.12
1234,48,Front/Back,125.63,136.71,125.63,103.18,150.63,152.74,150.63,152.74
1234,49,Front/Back,119.12,135.75,119.12,102.69,151.88,155.43,151.88,155.43
1234,50,Front/Back,111.81,135.75,111.81,108.86,151.43,158.88,151.43,158.88
1234,51,Front/Back,104.96,133.62,104.96,106.72,152.79,159.99,152.79,159.99
1234,52,Front/Back,97.5,115.0,100.62,98.69,150.85,148.29,153.97,163.95
1234,53,Front/Back,97.66,110.65,97.66,98.49,149.25,148.33,149.25,166.61
1234,54,Front/Back,95.69,110.65,95.69,98.49,152.16,147.41,152.16,165.69
1234,55,Front/Back,96.61,110.88,96.61,100.97,155.38,153.4,155.38,171.68
1234,56,Front/Back,92.94,114.23,92.94,97.12,157.2,168.91,157.2,180.0
1234,57,Front/Back,95.46,112.31,85.02,99.89,157.25,166.06,157.25,180.0
1234,58,Front/Back,99.11,109.72,89.19,101.36,159.23,161.46,159.23,180.0
1234,59,Front/Back,99.94,114.01,90.93,109.49,159.3,157.14,159.3,180.0
1234,60,Front/Back,103.92,115.06,90.84,113.08,163.95,154.2,163.95,180.0
1234,61,Front/Back,107.21,119.63,89.79,120.64,164.08,153.35,164.08,180.0
1234,62,Front/Back,110.34,120.84,92.44,122.72,167.74,154.87,167.74,180.0
1234,63,Front/Back,113.95,125.16,96.05,123.42,167.45,158.22,167.45,180.0
1234,64,Front/Back,106.37,128.24,101.06,124.4,167.41,160.1,180.0,180.0
1234,65,Front/Back,112.53,139.41,103.9,120.95,170.73,174.57,180.0,180.0
1234,66,Front/Back,113.26,125.74,107.95,124.18,167.41,160.55,180.0,180.0
1234,67,Front/Back,114.05,128.84,111.87,128.85,163.92,158.94,180.0,180.0
1234,68,Front/Back,116.3,128.02,116.0,133.62,161.79,156.84,180.0,180.0
1234,69,Front/Back,118.69,133.73,120.83,137.55,159.19,158.62,180.0,180.0
1234,70,Front/Back,122.25,137.45,126.4,156.9,157.18,160.55,180.0,180.0
1234,71,Front/Back,130.15,133.89,137.88,154.95,153.6,158.94,180.0,180.0
1234,72,Front/Back,128.76,134.69,143.09,156.07,151.72,158.62,180.0,180.0
1234,73,Front/Back,133.17,143.49,146.41,152.36,153.34,158.62,180.0,180.0
1234,74,Front/Back,137.16,145.77,150.4,152.36,153.34,160.9,180.0,180.0
1234,75,Front/Back,141.92,148.22,155.64,154.81,153.34,160.9,180.0,180.0
1234,76,Front/Back,142.58,147.19,165.27,160.73,153.34,162.68,180.0,180.0
1234,77,Front/Back,155.06,151.8,176.03,164.95,155.06,163.08,180.0,180.0
1234,78,Front/Back,155.33,152.8,179.98,163.46,155.33,165.57,180.0,172.19
1234,79,Front/Back,168.58,169.31,168.56,169.3,179.99,167.15,179.97,167.13
1234,80,Front/Back,179.97,179.98,179.97,179.97,179.98,179.98,179.97,179.98
1235,1,Side,156.64,146.56,157.75,151.63,179.32,176.29,175.64,172.4
1235,2,Side,155.95,148.7,156.33,151.94,179.96,176.85,176.35,170.46
1235,3,Side,155.38,148.19,155.76,151.43,179.97,174.94,175.93,176.38
1235,4,Side,154.78,145.36,155.16,149.18,179.97,175.01,175.99,174.99
1235,5,Side,154.79,149.47,155.16,151.93,179.96,177.11,176.12,173.59
1235,6,Side,154.17,147.69,154.54,151.63,179.96,177.73,176.12,172.2
1235,7,Side,155.56,143.33,155.2,146.6,179.24,177.15,176.19,172.2
1235,8,Side,154.21,142.59,153.85,145.86,179.24,177.15,176.25,172.2
1235,9,Side,154.21,141.82,153.85,145.09,179.96,176.44,178.46,172.91
1235,10,Side,153.51,141.01,153.12,144.29,179.94,176.41,178.25,172.48
1235,11,Side,152.75,140.17,152.36,143.45,179.24,175.62,176.81,173.7
1235,12,Side,154.16,138.86,153.03,140.99,178.49,176.39,176.81,172.56
1235,13,Side,151.13,142.26,150.72,142.19,179.21,178.6,176.74,172.56
1235,14,Side,149.58,137.06,148.48,138.47,178.51,177.14,176.69,172.54
1235,15,Side,147.35,133.81,146.28,135.16,177.83,177.23,175.1,172.57
1235,16,Side,144.87,131.33,143.8,132.68,177.83,177.23,175.03,172.57
1235,17,Side,142.07,128.66,141.0,129.87,177.83,177.29,175.86,171.84
1235,18,Side,133.07,127.75,131.63,128.26,178.57,177.99,175.79,171.76
1235,19,Side,131.62,123.38,129.47,121.9,177.85,178.71,175.86,171.71
1235,20,Side,127.37,117.62,125.22,116.79,177.85,178.1,175.79,171.68
1235,21,Side,121.92,113.51,117.93,112.68,176.43,177.35,177.66,171.11
1235,22,Side,114.08,109.71,110.13,107.0,176.47,177.91,175.02,172.89
1235,23,Side,105.32,104.95,101.41,102.23,176.49,177.93,175.08,172.95
1235,24,Side,99.13,97.29,95.22,94.58,176.48,177.91,175.07,172.89
1235,25,Side,89.61,92.92,85.7,89.51,176.48,177.91,175.07,174.39
1235,26,Side,80.23,87.21,76.35,83.8,176.52,177.91,175.01,174.32
1235,27,Side,73.64,81.46,70.44,78.09,178.66,177.88,178.24,173.66
1235,28,Side,67.56,73.17,63.68,69.76,177.98,177.21,176.47,176.95
1235,29,Side,60.54,65.44,55.97,62.0,176.55,177.24,175.73,176.95
1235,30,Side,56.04,60.64,51.47,57.23,176.55,177.21,175.67,176.86
1235,31,Side,50.14,54.22,45.61,50.77,177.33,177.24,177.32,176.86
1235,32,Side,46.09,48.61,42.24,45.14,179.5,176.52,179.67,178.43
1235,33,Side,42.4,43.74,37.87,40.27,178.82,176.51,179.45,178.47
1235,34,Side,39.88,40.88,35.35,37.4,179.61,175.73,177.83,179.94
1235,35,Side,36.23,37.11,29.91,33.6,179.73,175.74,176.24,179.37
1235,36,Side,34.42,34.84,28.09,31.37,179.46,174.92,174.6,179.1
1235,37,Side,32.78,35.15,26.45,30.28,179.4,174.41,176.17,178.75
1235,38,Side,30.6,33.86,24.27,28.32,178.71,175.09,176.26,178.02
1235,39,Side,28.67,32.04,21.67,26.52,179.38,175.61,177.05,179.27
1235,40,Side,27.54,33.04,20.54,28.98,179.45,174.18,177.16,179.32
1235,41,Side,26.57,31.34,19.51,27.28,179.57,174.18,177.23,179.32
1235,42,Side,25.12,30.93,18.12,27.62,177.58,172.66,172.87,177.75
1235,43,Side,24.75,29.71,17.49,24.98,177.64,174.88,174.44,178.56
1235,44,Side,23.38,28.29,15.57,24.27,178.01,173.37,174.29,177.75
1235,45,Side,23.38,27.08,15.57,22.94,177.91,172.58,174.21,176.03
1235,46,Side,23.31,26.53,15.57,22.3,176.91,171.73,172.49,174.28
1235,47,Side,24.44,27.16,15.95,22.94,178.13,172.43,173.78,176.62
1235,48,Side,24.83,30.53,16.34,22.94,177.13,180.0,171.97,179.14
1235,49,Side,25.18,28.27,16.74,19.53,176.78,179.88,171.71,178.98
1235,50,Side,25.54,28.26,17.16,19.53,176.27,179.89,171.25,178.98
1235,51,Side,26.77,27.68,17.84,19.53,175.73,178.62,171.42,178.06
1235,52,Side,26.46,28.26,18.77,20.1,175.52,178.65,171.24,178.09
1235,53,Side,27.45,30.07,19.76,22.47,174.75,178.09,169.61,178.93
1235,54,Side,29.3,31.43,22.13,23.83,175.46,178.15,172.52,178.99
1235,55,Side,30.45,33.69,22.66,26.1,176.23,178.18,172.67,179.04
1235,56,Side,31.81,35.36,24.02,27.77,176.37,178.21,172.78,179.05
1235,57,Side,33.27,38.16,25.53,30.56,176.45,178.21,172.94,179.05
1235,58,Side,34.89,38.35,27.2,32.59,176.4,176.78,172.94,178.2
1235,59,Side,38.79,41.81,31.67,36.06,175.83,176.81,172.94,178.24
1235,60,Side,41.0,44.42,33.87,38.66,176.65,176.85,174.61,178.28
1235,61,Side,43.14,48.81,37.36,43.06,176.48,176.88,174.48,178.37
1235,62,Side,48.96,52.11,43.7,46.36,176.08,176.89,174.61,178.37
1235,63,Side,52.5,57.66,47.27,51.9,176.04,176.9,173.71,179.21
1235,64,Side,58.71,64.54,53.48,58.2,177.12,178.34,176.46,179.22
1235,65,Side,66.03,68.2,60.8,63.12,177.22,178.36,176.61,179.26
1235,66,Side,71.55,75.96,66.32,70.88,178.22,178.39,178.56,179.31
1235,67,Side,81.4,84.29,76.17,79.21,179.1,178.39,179.5,179.33
1235,68,Side,90.75,90.0,85.52,84.92,179.95,178.39,178.7,179.34
1235,69,Side,97.07,98.53,91.88,93.45,179.97,179.19,178.56,178.87
1235,70,Side,107.68,106.7,103.24,101.62,177.88,179.22,175.98,178.78
1235,71,Side,113.84,112.83,109.44,109.02,177.95,180.0,176.21,177.04
1235,72,Side,120.42,118.27,116.57,115.0,178.47,179.74,176.08,175.26
1235,73,Side,125.28,122.49,121.43,119.21,178.47,178.97,176.27,173.5
1235,74,Side,131.73,128.12,127.87,124.85,177.7,178.18,174.74,171.84
1235,75,Side,137.21,133.0,133.36,129.72,177.68,178.18,174.62,171.74
1235,76,Side,140.4,135.34,136.55,132.58,177.7,178.71,175.84,170.18
1235,77,Side,144.6,139.12,140.71,136.38,176.89,178.72,173.34,170.99
1235,78,Side,144.97,143.78,141.63,142.32,177.43,177.94,173.11,169.14
1235,79,Side,148.27,145.68,144.87,144.22,176.6,178.0,170.68,170.02
1235,80,Side,152.47,148.2,150.37,146.76,175.76,179.39,169.6,173.89
1235,81,Side,154.11,150.95,151.97,148.96,174.94,177.95,168.1,171.69
1235,82,Side,156.29,152.26,154.12,150.27,174.88,177.09,167.08,172.13
1235,83,Side,158.19,154.02,155.99,152.05,174.04,177.1,165.32,172.13
1235,84,Side,159.28,154.99,157.63,154.89,173.79,177.65,162.74,172.15
1236,1,Side,175.22,122.07,162.68,118.53,161.62,170.59,150.83,161.38
1236,2,Side,174.92,117.5,162.1,114.55,161.96,171.74,150.29,161.69
1236,3,Side,178.89,114.02,157.87,111.24,162.48,171.73,150.81,161.51
1236,4,Side,178.56,108.81,158.6,107.02,162.83,173.71,150.27,162.01
1236,5,Side,177.24,104.35,154.03,102.57,163.18,173.35,150.26,161.41
1236,6,Side,176.34,99.65,154.13,98.35,163.29,174.27,150.28,161.38
1236,7,Side,170.04,94.2,145.76,93.27,163.34,175.36,148.87,162.34
1236,8,Side,155.96,89.7,129.74,88.37,161.76,176.42,147.71,162.76
1236,9,Side,138.37,84.45,111.19,82.75,161.1,178.28,147.04,164.18
1236,10,Side,115.53,80.14,86.78,77.93,158.78,179.52,145.01,164.62
1236,11,Side,96.4,76.2,67.88,74.67,159.08,178.56,145.44,166.09
1236,12,Side,85.0,71.13,56.01,68.42,159.02,179.01,145.0,165.79
1236,13,Side,74.89,67.15,45.78,63.98,158.61,178.67,144.21,166.51
1236,14,Side,66.39,62.58,37.16,59.95,158.2,177.64,143.45,167.01
1236,15,Side,59.59,58.15,31.29,54.34,159.17,177.41,144.68,168.1
1236,16,Side,53.99,55.38,25.56,51.91,159.65,176.89,144.75,168.63
1236,17,Side,52.6,54.43,24.3,50.27,160.04,177.4,145.53,167.25
1236,18,Side,56.31,56.54,29.42,53.75,160.72,178.08,146.65,165.79
1236,19,Side,62.87,60.78,36.49,58.11,160.06,179.5,147.23,165.81
1236,20,Side,70.74,65.53,45.19,61.96,159.13,179.75,147.43,165.96
1236,21,Side,79.08,70.98,56.35,67.03,157.77,177.22,147.89,164.66
1236,22,Side,102.69,79.36,80.48,74.91,157.81,177.47,148.2,165.17
1236,23,Side,129.47,87.94,108.87,83.79,156.85,176.38,148.1,165.42
1236,24,Side,143.35,98.52,120.32,93.67,157.27,176.12,149.41,166.06
1236,25,Side,156.95,106.32,134.85,100.08,158.45,175.53,150.97,166.57
1236,26,Side,163.23,115.04,140.75,109.18,157.52,175.26,150.39,166.47
1236,27,Side,167.5,120.74,145.09,115.61,157.8,174.14,150.98,166.26
1236,28,Side,170.47,127.44,146.96,119.85,158.34,171.53,151.93,164.72
1236,29,Side,174.17,132.21,150.03,125.36,159.05,171.16,151.5,164.72
1236,30,Side,178.67,135.87,152.64,129.56,159.85,170.82,150.89,163.61
1237,1,Side,174.2,169.04,167.55,174.31,170.7,177.66,162.58,178.67
1237,2,Side,173.09,168.44,164.21,174.95,172.52,174.3,164.41,178.3
1237,3,Side,171.24,167.37,161.92,174.74,173.23,173.43,165.11,177.77
1237,4,Side,170.75,164.88,163.74,171.15,171.76,175.62,163.26,179.71
1237,5,Side,171.64,164.4,165.42,172.43,171.86,175.3,163.35,179.71
1237,6,Side,172.53,161.54,167.11,167.8,172.43,173.59,163.92,179.23
1237,7,Side,171.12,161.94,166.55,170.95,172.89,173.3,164.01,179.27
1237,8,Side,176.4,157.39,178.18,162.91,175.8,168.39,166.92,175.04
1237,9,Side,176.47,154.87,179.37,159.76,175.82,167.5,166.92,174.48
1237,10,Side,172.59,151.94,173.15,158.33,174.62,168.79,165.35,176.43
1237,11,Side,176.62,147.4,176.71,153.92,178.4,164.15,168.77,172.81
1237,12,Side,177.57,144.79,173.82,154.02,178.99,162.02,169.37,171.7
1237,13,Side,177.25,146.94,173.42,154.41,179.94,163.32,169.99,172.04
1237,14,Side,169.33,147.15,175.01,153.16,170.55,164.46,174.08,172.61
1237,15,Side,173.26,135.6,175.98,143.08,177.94,161.2,170.6,173.48
1237,16,Side,173.72,135.49,175.54,144.19,178.96,161.1,169.9,173.78
1237,17,Side,172.81,133.32,177.68,140.28,179.75,161.6,167.83,172.5
1237,18,Side,167.68,129.0,179.44,134.25,179.63,161.97,167.02,172.87
1237,19,Side,165.58,126.96,178.67,132.9,178.81,160.14,166.21,171.82
1237,20,Side,164.0,123.71,177.57,130.43,179.09,158.38,164.94,170.07
1237,21,Side,161.94,121.71,175.96,130.04,179.35,158.66,163.73,172.52
1237,22,Side,161.07,118.92,177.18,125.78,178.93,158.36,163.18,173.37
1237,23,Side,152.34,115.9,165.57,122.52,178.18,157.49,165.19,170.25
1237,24,Side,149.45,113.61,164.02,120.58,179.0,157.18,162.61,171.08
1237,25,Side,148.12,108.37,162.85,117.18,179.08,155.77,162.65,173.32
1237,26,Side,145.52,109.1,161.64,119.98,178.68,155.64,161.98,174.13
1237,27,Side,143.02,107.96,161.26,118.38,178.34,157.5,161.32,176.87
1237,28,Side,141.52,105.27,162.24,114.56,178.39,157.93,159.34,178.49
1237,29,Side,138.05,102.03,159.83,111.72,178.99,157.47,157.42,179.74
1237,30,Side,148.54,103.18,175.97,108.9,179.65,160.14,151.64,176.42
1237,31,Side,132.31,99.45,156.58,105.1,177.71,160.99,151.44,176.81
1237,32,Side,127.9,96.55,152.6,101.14,177.28,161.45,149.82,175.41
1237,33,Side,124.76,91.53,150.4,98.96,176.66,160.69,148.4,174.86
1237,34,Side,117.47,88.21,146.19,95.89,175.92,160.84,147.1,174.1
1237,35,Side,125.08,89.01,156.41,96.59,176.89,161.23,147.65,172.59
1237,36,Side,119.2,85.58,152.92,93.06,173.91,161.5,143.67,172.72
1237,37,Side,111.45,82.96,147.85,90.18,174.1,162.52,143.27,171.56
1237,38,Side,102.49,80.18,140.98,86.43,173.32,164.37,142.01,169.46
1237,39,Side,101.46,75.22,141.76,80.79,172.43,162.75,141.24,169.36
1237,40,Side,88.9,71.37,131.03,76.09,173.42,162.25,142.23,169.93
1237,41,Side,81.93,68.46,126.06,73.05,174.46,162.31,142.61,168.94
1237,42,Side,70.57,66.71,116.68,70.82,175.06,161.98,142.66,170.23
1237,43,Side,72.07,64.11,120.96,65.98,176.8,162.32,142.03,169.99
1237,44,Side,63.5,65.41,113.88,65.66,177.52,162.67,142.78,169.82
1237,45,Side,57.0,62.23,109.07,63.01,177.89,161.7,143.3,171.69
1237,46,Side,48.76,59.55,102.06,58.22,177.2,161.64,142.21,172.15
1237,47,Side,42.25,55.81,96.62,53.99,176.89,160.99,142.33,173.05
1237,48,Side,38.88,52.12,94.62,52.03,176.95,160.9,141.91,172.77
1237,49,Side,28.84,48.88,85.15,50.56,175.56,160.98,140.97,174.29
1237,50,Side,24.24,46.86,81.79,48.96,176.32,160.47,142.75,174.37
1237,51,Side,20.56,42.38,79.02,45.7,175.6,161.25,142.77,173.46
1237,52,Side,16.97,40.3,76.48,43.5,175.78,163.64,144.04,171.96
1237,53,Side,17.38,38.68,77.7,39.37,175.78,165.14,144.59,171.09
1237,54,Side,14.04,35.74,75.49,37.76,176.31,167.21,144.43,168.83
1237,55,Side,8.87,34.4,69.97,37.87,173.84,166.15,142.85,169.83
1237,56,Side,6.42,32.89,67.66,34.37,172.38,166.41,141.58,170.16
1237,57,Side,0.96,31.68,61.99,33.23,171.34,167.08,142.75,168.82
1237,58,Side,0.51,29.47,60.55,28.43,170.58,169.02,142.41,167.55
1237,59,Side,1.86,28.51,60.1,29.48,170.88,168.43,142.83,168.69
1237,60,Side,2.53,27.96,59.22,29.46,171.52,170.11,143.07,167.87
1237,61,Side,2.62,26.81,59.19,27.58,172.44,168.84,143.49,170.18
1237,62,Side,3.04,26.01,61.0,25.49,172.47,170.9,142.65,167.2
1237,63,Side,3.1,24.23,59.44,25.02,170.37,170.54,141.0,167.47
1237,64,Side,2.53,23.23,60.54,24.84,166.45,170.54,138.62,167.47
1237,65,Side,4.12,21.98,59.47,24.21,167.08,171.59,138.85,166.77
1237,66,Side,3.91,22.29,58.22,25.18,165.78,172.58,137.94,166.57
1237,67,Side,5.54,21.4,56.48,24.82,166.49,173.58,138.39,165.03
1237,68,Side,6.44,20.42,55.46,24.54,165.92,173.89,137.94,164.89
1237,69,Side,7.24,19.84,55.68,24.17,167.41,174.6,138.57,165.4
1237,70,Side,7.31,19.41,55.21,24.82,167.48,174.48,138.39,165.28
1237,71,Side,8.14,19.1,54.2,25.18,167.48,174.85,138.39,165.28
1237,72,Side,8.9,17.05,52.82,23.1,166.06,175.93,137.75,165.28
1237,73,Side,9.68,16.67,51.85,23.44,166.06,176.89,137.94,164.65
1237,74,Side,10.05,15.95,50.62,22.74,165.38,176.22,137.83,165.32
1237,75,Side,10.35,15.56,49.68,23.09,164.28,177.18,136.63,164.71
1237,76,Side,10.28,15.17,49.55,22.35,164.85,176.87,137.26,166.02
1237,77,Side,11.27,14.45,47.2,22.68,163.91,176.92,137.36,166.0
1237,78,Side,10.56,14.07,48.2,21.64,164.69,175.91,137.73,166.63
1237,79,Side,11.31,14.08,46.84,20.89,163.91,176.67,138.12,167.17
1237,80,Side,10.83,14.08,47.16,20.89,164.53,176.67,138.22,167.17
1237,81,Side,10.83,12.02,46.66,22.22,164.8,176.67,137.74,167.17
1237,82,Side,10.02,12.05,46.9,22.33,164.13,176.71,137.31,166.53
1237,83,Side,10.4,12.21,46.39,21.56,165.4,175.05,137.44,168.44
1237,84,Side,10.48,12.21,45.86,21.56,165.46,175.05,136.72,167.82
1237,85,Side,11.93,12.45,44.84,21.8,165.4,175.05,136.72,167.82
1237,86,Side,11.93,13.22,44.32,21.48,165.4,175.05,136.17,168.18
1237,87,Side,9.69,13.65,44.33,22.25,165.4,174.7,135.96,167.2
1237,88,Side,9.69,13.39,43.8,21.93,165.4,174.7,135.96,167.2
1237,89,Side,11.18,14.18,42.45,21.6,165.13,174.08,135.69,168.47
1237,90,Side,11.18,14.41,41.92,21.87,165.93,174.04,135.85,169.72
1237,91,Side,11.1,14.83,41.07,21.54,165.61,173.03,135.59,169.77
1237,92,Side,9.7,14.83,41.26,21.56,165.67,173.05,135.81,169.63
1237,93,Side,10.38,15.33,40.32,20.92,166.06,173.73,137.23,168.48
1237,94,Side,10.46,15.33,39.74,20.92,166.12,173.73,137.23,168.62
1237,95,Side,9.64,16.52,39.24,19.97,165.79,173.76,136.96,168.75
1237,96,Side,9.64,18.96,38.67,23.72,165.79,172.45,137.16,168.0
1237,97,Side,8.89,19.66,38.45,24.81,165.79,171.39,136.96,168.68
1237,98,Side,8.89,19.61,37.87,24.85,165.79,171.34,136.96,168.82
1237,99,Side,8.83,19.66,36.98,24.85,166.1,172.05,138.09,167.69
1237,100,Side,8.89,20.38,36.09,24.52,165.69,172.05,135.33,167.69
1237,101,Side,8.83,20.76,35.5,24.9,165.63,172.04,135.33,167.83
1237,102,Side,7.75,21.85,36.31,25.29,166.34,171.72,135.38,167.1
1237,103,Side,7.72,21.08,35.11,24.97,166.01,170.65,135.33,167.93
1237,104,Side,8.06,22.17,35.1,25.04,166.48,170.65,135.86,167.79
1237,105,Side,8.06,22.17,34.22,25.04,166.48,170.68,134.64,167.01
1237,106,Side,8.1,22.17,33.63,25.13,169.9,170.68,141.05,167.01
1237,107,Side,7.33,22.08,33.09,25.5,170.14,168.99,141.28,169.67
1237,108,Side,6.58,21.24,32.84,22.9,170.65,169.04,140.95,170.89
1237,109,Side,5.86,22.47,32.06,24.95,170.71,168.9,141.15,169.74
1237,110,Side,5.54,24.51,31.99,23.67,171.59,169.3,141.79,169.72
1237,111,Side,4.76,23.92,31.93,25.41,170.58,168.96,140.21,169.1
1237,112,Side,3.04,29.46,32.05,26.6,170.29,169.28,140.4,167.85
1237,113,Side,2.73,30.63,31.82,25.83,170.07,169.36,140.37,165.75
1237,114,Side,2.52,29.5,31.49,26.06,169.84,169.47,140.33,165.75
1237,115,Side,3.63,32.69,28.74,24.84,168.52,173.19,139.56,162.87
1237,116,Side,3.93,31.08,28.28,24.98,169.76,173.3,140.42,163.05
1237,117,Side,3.87,32.95,27.55,24.78,169.7,173.36,140.42,163.37
1237,118,Side,3.24,32.72,28.03,27.29,170.52,173.8,140.66,163.87
1237,119,Side,3.02,34.46,27.71,27.23,170.52,173.8,139.91,164.46
1237,120,Side,3.98,35.59,26.51,29.03,170.74,173.28,139.92,164.39
1237,121,Side,3.67,37.38,26.46,30.39,170.74,171.81,139.37,166.41
1237,122,Side,1.96,40.01,27.44,29.93,171.19,172.23,138.38,166.41
1237,123,Side,0.32,41.74,29.32,31.27,171.96,171.75,139.04,166.41
1237,124,Side,0.29,44.08,28.59,37.28,171.74,171.12,138.73,165.96
1237,125,Side,0.59,42.15,28.06,35.01,173.27,172.3,139.96,163.15
1237,126,Side,0.2,44.08,27.92,38.26,173.07,171.32,139.09,165.26
1237,127,Side,0.63,43.73,28.45,39.19,172.24,170.96,138.61,166.66
1237,128,Side,0.86,44.59,28.15,41.27,172.24,170.89,138.4,166.66
1237,129,Side,1.34,45.97,28.1,41.87,172.24,170.96,138.18,165.82
1237,130,Side,1.86,46.85,28.1,41.21,172.66,170.54,138.6,165.82
1237,131,Side,1.24,48.81,26.49,42.33,172.21,171.05,138.38,164.02
1237,132,Side,1.82,50.73,26.56,43.91,172.64,170.56,138.81,163.29
1237,133,Side,3.23,52.28,27.06,45.46,171.83,170.56,138.15,162.38
1237,134,Side,4.73,53.93,27.76,46.62,170.91,169.7,136.46,163.34
1237,135,Side,5.95,57.14,28.09,49.64,169.91,169.62,135.34,164.14
1237,136,Side,8.25,62.14,29.88,54.05,169.28,168.85,136.56,166.49
1237,137,Side,7.56,59.28,27.86,51.35,168.48,167.48,135.95,168.14
1237,138,Side,7.13,61.98,27.35,53.41,169.76,167.24,136.89,169.24
1237,139,Side,7.47,62.24,27.18,54.88,169.95,166.28,137.95,169.88
1237,140,Side,6.32,64.89,25.52,57.51,170.59,166.02,138.69,170.56
1237,141,Side,5.41,66.88,24.16,59.5,171.31,166.07,139.43,169.79
1237,142,Side,5.41,68.69,23.65,62.2,171.52,166.11,139.51,169.63
1237,143,Side,4.51,73.94,22.25,69.59,171.52,166.43,138.79,169.56
1237,144,Side,6.0,76.11,23.31,73.24,172.23,166.47,140.69,170.04
1237,145,Side,6.29,77.85,23.16,75.77,174.06,167.66,141.67,168.32
1237,146,Side,7.94,80.61,24.31,79.08,172.5,168.58,141.22,168.37
1237,147,Side,9.58,82.94,25.08,81.41,171.48,168.6,141.29,168.92
1237,148,Side,10.44,82.28,25.38,76.82,171.21,168.09,142.05,170.92
1237,149,Side,10.82,83.37,24.89,78.92,171.04,168.2,142.78,170.26
1237,150,Side,10.4,86.54,23.98,80.82,171.44,167.48,143.08,173.08
1237,151,Side,11.97,89.53,25.39,82.94,171.95,166.76,143.82,175.39
1237,152,Side,12.29,91.97,24.91,86.05,171.83,167.81,144.81,174.72
1237,153,Side,11.98,94.96,24.0,89.05,171.52,167.17,144.76,176.15
1237,154,Side,10.14,98.74,20.88,94.44,171.15,167.48,146.23,175.84
1237,155,Side,9.43,102.31,19.28,98.49,169.9,167.44,144.86,175.9
1237,156,Side,11.15,105.3,19.91,104.81,169.07,166.85,145.04,177.63
1237,157,Side,9.03,107.39,17.6,109.8,169.56,167.49,145.81,176.44
1237,158,Side,6.67,113.75,16.08,117.2,175.17,168.76,151.71,177.22
1237,159,Side,6.65,114.85,17.34,117.89,176.62,169.25,151.49,176.07
1237,160,Side,9.05,116.8,17.25,119.78,173.66,169.29,154.16,176.99
1237,161,Side,8.32,120.82,16.15,122.04,174.08,169.77,155.77,177.02
1237,162,Side,8.36,123.2,16.56,124.37,174.04,169.29,155.8,178.48
1237,163,Side,9.01,123.73,16.84,124.48,173.82,170.28,156.66,178.06
1237,164,Side,9.37,126.01,16.41,126.76,173.6,169.82,157.73,179.37
1237,165,Side,9.37,128.29,16.39,130.39,173.6,169.95,157.97,179.15
1237,166,Side,9.33,130.65,14.85,132.89,171.9,169.56,158.48,177.6
1237,167,Side,8.54,132.31,13.31,134.96,169.06,168.01,154.34,175.32
1237,168,Side,8.34,137.08,12.4,140.81,167.72,167.24,153.92,173.64
1237,169,Side,8.1,135.16,12.16,139.11,168.53,166.46,155.8,172.91
1237,170,Side,8.32,136.87,12.4,139.55,171.3,166.26,160.74,171.24
1237,171,Side,8.1,137.84,12.15,141.78,168.86,165.86,156.33,171.99
1237,172,Side,8.08,135.75,12.14,138.11,168.88,166.4,156.71,173.3
1237,173,Side,4.95,137.58,9.34,140.83,171.4,166.19,162.86,173.86
1237,174,Side,8.45,139.75,12.14,143.22,168.07,169.74,158.84,177.49
1237,175,Side,8.47,140.83,12.14,144.22,166.77,170.23,156.9,178.62
1237,176,Side,8.69,142.68,12.39,145.59,165.67,171.66,155.13,179.67
1237,177,Side,9.85,143.63,13.17,146.46,163.84,172.76,152.69,177.97
1237,178,Side,9.87,145.2,13.17,148.57,162.39,174.27,150.65,176.23
1237,179,Side,9.5,146.38,13.17,149.32,162.21,175.27,149.52,175.06
1237,180,Side,9.5,147.88,13.17,151.78,160.96,175.78,147.7,173.89
1237,181,Side,9.5,149.81,13.17,154.2,159.68,176.78,145.87,172.73
1237,182,Side,8.12,149.07,12.13,151.56,159.04,176.83,144.73,172.17
1237,183,Side,7.0,149.4,10.98,151.95,158.05,176.82,143.24,171.62
1237,184,Side,6.98,150.14,11.34,153.61,157.05,177.43,141.71,170.49
1237,185,Side,6.81,151.31,11.12,154.36,155.24,178.51,139.46,169.34
1237,186,Side,5.67,151.58,10.34,153.65,154.52,178.55,138.26,168.82
1237,187,Side,3.34,151.93,10.14,152.81,166.13,179.25,147.26,167.67
1237,188,Side,1.32,151.25,8.86,151.01,168.33,179.3,148.26,167.2
1237,189,Side,1.14,151.26,8.86,151.33,167.19,179.26,146.9,166.48
1237,190,Side,1.85,151.66,7.67,151.57,167.09,177.81,146.85,163.21
1237,191,Side,2.5,151.07,9.95,150.14,168.87,177.89,146.57,162.65
1237,192,Side,1.5,150.59,9.95,149.28,170.42,179.1,146.73,162.68
1237,193,Side,0.48,152.03,6.34,147.71,168.89,172.82,146.44,157.81
1237,194,Side,2.17,152.33,6.23,148.01,154.42,172.08,134.34,156.69
1237,195,Side,2.17,151.98,6.23,146.58,153.21,171.18,132.76,155.42
1237,196,Side,172.72,152.64,168.69,145.41,78.18,75.26,57.4,59.5
1237,197,Side,0.84,118.64,13.82,145.29,173.31,141.96,141.56,170.4
1238,1,Front/Back,145.61,162.91,137.36,169.6,160.64,134.89,180.0,151.99
1238,2,Front/Back,142.54,150.74,139.52,160.28,158.64,137.26,180.0,151.99
1238,3,Front/Back,153.15,143.99,150.88,153.82,161.6,135.43,180.0,150.44
1238,4,Front/Back,155.82,144.94,151.82,146.78,161.44,138.2,180.0,150.44
1238,5,Front/Back,150.2,142.47,148.01,151.54,150.8,134.59,167.0,143.66
1238,6,Front/Back,146.49,144.84,152.18,148.53,145.38,137.52,164.06,141.22
1238,7,Front/Back,154.19,135.25,148.56,136.77,145.23,129.39,161.58,142.43
1238,8,Front/Back,150.43,130.99,147.66,135.32,143.41,124.99,164.06,144.93
1238,9,Front/Back,150.4,121.77,148.28,132.81,144.44,122.35,167.0,150.44
1238,10,Front/Back,141.87,119.78,144.87,138.77,151.23,131.87,180.0,163.88
1238,11,Front/Back,140.37,126.77,146.82,147.87,146.0,134.05,180.0,170.76
1238,12,Front/Back,142.56,119.57,154.62,137.89,142.56,131.74,180.0,170.52
1238,13,Front/Back,129.29,118.54,140.71,158.35,140.33,140.19,180.0,180.0
1238,14,Front/Back,102.28,125.59,117.33,167.4,137.39,138.19,180.0,180.0
1238,15,Front/Back,121.29,127.17,137.24,170.91,137.32,136.27,180.0,180.0
1238,16,Front/Back,135.0,134.41,153.27,180.0,135.0,134.41,180.0,180.0
1238,17,Front/Back,120.61,133.5,140.25,180.0,132.27,133.5,180.0,180.0
1238,18,Front/Back,130.42,132.61,148.84,180.0,130.42,132.61,180.0,180.0
1238,19,Front/Back,131.19,133.5,149.91,180.0,131.19,133.5,180.0,180.0
1238,20,Front/Back,131.19,133.43,148.19,172.87,131.19,133.43,180.0,180.0
1238,21,Front/Back,130.27,132.69,150.84,179.99,130.27,132.69,180.0,180.0
1238,22,Front/Back,130.27,131.24,148.39,168.49,130.27,131.24,180.0,180.0
1238,23,Front/Back,128.47,130.59,147.5,171.7,128.47,130.59,180.0,180.0
1238,24,Front/Back,125.72,127.43,149.25,168.49,125.72,127.43,180.0,180.0
1238,25,Front/Back,125.0,126.1,151.16,162.05,125.0,126.1,180.0,180.0
1238,26,Front/Back,126.71,128.02,151.15,162.05,126.72,128.02,180.0,180.0
1238,27,Front/Back,130.27,128.21,147.5,166.19,130.27,128.21,180.0,180.0
1238,28,Front/Back,133.07,131.66,148.39,158.92,133.07,131.66,180.0,180.0
1238,29,Front/Back,116.59,132.49,133.52,162.05,134.17,132.49,168.71,180.0
1238,30,Front/Back,89.75,133.43,110.72,166.19,131.42,133.43,179.99,179.99
1238,31,Front/Back,111.89,124.16,129.68,151.4,136.15,137.15,179.99,179.99
1238,32,Front/Back,109.79,117.9,123.73,142.73,137.16,138.12,179.99,179.99
1238,33,Front/Back,112.38,116.89,125.04,146.07,139.25,139.18,179.99,179.99
1238,34,Front/Back,113.93,115.27,126.56,154.05,141.6,141.22,179.99,179.99
1238,35,Front/Back,120.3,119.62,132.24,155.15,144.09,144.47,179.99,179.99
1238,36,Front/Back,106.73,124.77,120.57,157.9,144.77,146.87,179.99,179.99
1238,37,Front/Back,111.52,122.68,122.73,152.03,148.13,150.65,179.99,179.99
1238,38,Front/Back,117.5,124.92,130.8,149.98,152.25,154.93,179.99,179.99
1238,39,Front/Back,121.83,129.99,133.47,149.78,155.35,160.21,179.99,179.99
1238,40,Front/Back,125.03,131.32,150.05,148.89,154.98,162.43,179.99,179.99
1238,41,Front/Back,126.89,134.56,153.82,147.37,153.07,167.19,179.99,179.99
1238,42,Front/Back,131.4,138.39,155.11,139.42,156.29,165.79,179.99,178.33
1238,43,Front/Back,137.14,140.69,156.72,144.94,160.42,167.45,179.99,179.99
1238,44,Front/Back,148.31,145.42,166.18,154.48,162.13,170.93,179.99,179.99
1238,45,Front/Back,158.51,149.63,167.42,158.7,171.08,170.93,179.99,179.99
1238,46,Front/Back,179.98,179.98,179.98,179.98,179.98,179.98,179.99,179.99
1239,1,Front/Back,146.34,141.68,160.43,162.02,156.06,159.65,180.0,180.0
1239,2,Front/Back,140.03,138.86,153.83,149.35,155.26,158.73,180.0,180.0
1239,3,Front/Back,136.48,129.64,150.84,150.89,153.73,158.76,180.0,180.0
1239,4,Front/Back,131.62,127.68,145.87,148.93,153.0,158.76,180.0,180.0
1239,5,Front/Back,128.13,124.77,143.04,145.05,151.56,148.25,180.0,168.53
1239,6,Front/Back,127.22,122.56,141.46,142.85,150.9,146.17,180.0,166.45
1239,7,Front/Back,123.53,119.38,139.18,141.48,148.91,145.58,180.0,167.67
1239,8,Front/Back,120.43,115.86,136.79,139.64,147.67,147.61,180.0,171.38
1239,9,Front/Back,117.28,111.92,134.96,137.99,145.86,147.24,180.0,173.3
1239,10,Front/Back,123.7,110.21,131.32,137.01,147.13,153.2,180.0,180.0
1239,11,Front/Back,119.86,106.17,127.85,135.07,146.53,151.1,180.0,180.0
1239,12,Front/Back,116.85,105.15,125.79,135.37,145.36,149.77,180.0,180.0
1239,13,Front/Back,118.77,102.84,130.79,133.67,142.09,149.17,180.0,180.0
1239,14,Front/Back,115.43,101.39,128.81,134.12,142.12,147.27,180.0,180.0
1239,15,Front/Back,113.94,100.37,127.65,136.07,141.63,144.31,180.0,180.0
1239,16,Front/Back,120.79,111.36,125.76,134.6,137.83,132.88,167.59,156.13
1239,17,Front/Back,106.51,96.84,127.01,133.09,140.07,143.75,180.0,180.0
1239,18,Front/Back,103.29,96.86,119.41,132.55,144.19,144.31,180.0,180.0
1239,19,Front/Back,103.69,96.27,118.59,131.98,145.33,144.28,180.0,180.0
1239,20,Front/Back,104.22,97.61,112.25,132.78,145.31,144.83,180.0,180.0
1239,21,Front/Back,105.65,97.57,113.07,132.72,145.89,144.85,180.0,180.0
1239,22,Front/Back,107.98,101.54,114.81,130.99,146.46,150.56,180.0,180.0
1239,23,Front/Back,112.61,104.78,118.89,132.82,147.06,151.96,180.0,180.0
1239,24,Front/Back,120.33,107.24,132.99,135.27,147.66,151.96,180.0,180.0
1239,25,Front/Back,127.61,111.71,139.77,139.05,148.27,152.67,180.0,180.0
1239,26,Front/Back,153.9,116.3,156.93,142.85,146.15,153.44,168.45,180.0
1239,27,Front/Back,158.58,120.31,160.73,146.13,146.86,154.18,168.29,180.0
1239,28,Front/Back,130.69,122.94,141.53,147.93,136.14,155.01,166.55,180.0
1239,29,Front/Back,125.94,109.66,140.66,134.49,143.61,147.54,180.0,180.0
1239,30,Front/Back,127.67,114.06,139.38,137.29,144.78,148.84,180.0,180.0
1239,31,Front/Back,136.02,118.38,147.07,139.9,145.42,150.12,180.0,180.0
1239,32,Front/Back,133.61,121.67,143.7,143.18,144.85,150.12,180.0,180.0
1239,33,Front/Back,135.01,124.61,143.67,141.66,144.88,150.78,180.0,180.0
1239,34,Front/Back,136.52,122.08,143.9,129.29,140.69,151.53,175.76,180.0
1239,35,Front/Back,138.23,125.3,145.07,130.31,144.36,152.15,180.0,180.0
1239,36,Front/Back,138.31,140.09,144.11,152.14,144.41,152.92,180.0,180.0
1239,37,Front/Back,137.8,136.85,145.48,153.01,143.9,151.6,180.0,180.0
1239,38,Front/Back,132.11,129.12,141.82,146.64,142.75,150.26,180.0,180.0
1239,39,Front/Back,142.16,122.46,153.31,144.91,142.16,149.05,180.0,180.0
1239,40,Front/Back,141.55,115.92,153.39,139.62,137.98,147.81,176.43,180.0
1239,41,Front/Back,120.05,106.76,129.47,122.61,141.03,146.76,180.0,180.0
1239,42,Front/Back,128.05,104.89,146.79,123.03,141.49,146.85,180.0,180.0
1239,43,Front/Back,152.96,103.19,160.43,123.53,152.96,147.44,180.0,180.0
1239,44,Front/Back,152.24,104.32,162.88,136.88,152.24,147.44,180.0,180.0
1239,45,Front/Back,152.97,103.0,166.18,134.86,152.97,148.14,179.99,179.99
1239,46,Front/Back,152.26,118.95,166.18,142.28,152.26,156.68,179.99,179.99
1239,47,Front/Back,146.88,116.16,157.0,138.64,152.98,157.51,179.99,179.99
1239,48,Front/Back,135.78,113.38,144.93,134.92,153.73,158.47,179.99,179.99
1239,49,Front/Back,128.76,110.45,137.71,131.98,153.75,158.47,179.99,179.99
1239,50,Front/Back,123.76,108.75,132.53,129.28,153.78,152.15,179.99,172.67
1239,51,Front/Back,121.84,127.68,128.92,127.68,155.34,145.59,179.99,145.58
1239,52,Front/Back,120.12,126.57,127.07,118.0,155.38,145.55,179.99,145.54
1239,53,Front/Back,115.97,126.01,123.58,117.51,154.6,145.59,179.99,145.58
1239,54,Front/Back,115.18,104.75,119.92,112.75,155.38,146.48,179.99,166.25
1239,55,Front/Back,114.18,121.29,118.93,109.72,155.38,145.55,179.99,145.54
1239,56,Front/Back,114.42,102.26,118.41,111.27,156.18,144.51,179.99,164.83
1239,57,Front/Back,114.77,102.95,119.58,109.63,155.42,145.98,179.99,166.4
1239,58,Front/Back,139.9,105.98,120.22,112.12,151.09,143.82,151.08,163.4
1239,59,Front/Back,141.36,108.29,119.87,114.98,152.61,145.06,152.6,164.83
1239,60,Front/Back,143.05,110.94,121.69,115.33,152.7,145.06,152.69,164.83
1239,61,Front/Back,144.39,117.81,123.36,125.79,152.7,140.42,152.69,163.4
1239,62,Front/Back,145.92,120.21,125.09,127.8,153.53,142.81,153.52,164.99
1239,63,Front/Back,125.58,119.05,127.88,124.93,157.1,152.41,179.99,172.41
1239,64,Front/Back,122.4,122.52,127.08,129.03,155.26,152.28,179.99,172.41
1239,65,Front/Back,123.35,125.76,127.53,129.81,156.06,156.27,179.99,176.45
1239,66,Front/Back,125.24,131.06,131.0,131.56,156.93,163.82,179.99,179.99
1239,67,Front/Back,126.46,132.25,131.77,135.49,157.79,149.82,179.99,164.83
1239,68,Front/Back,128.0,135.8,134.2,137.91,157.82,152.58,179.99,164.83
1239,69,Front/Back,129.38,138.85,136.12,147.78,157.82,144.36,179.99,166.58
1239,70,Front/Back,130.13,141.17,138.12,151.69,157.79,145.31,179.99,168.38
1239,71,Front/Back,131.47,158.57,142.41,159.98,158.68,142.05,179.99,154.25
1239,72,Front/Back,133.16,160.23,145.14,159.98,158.64,145.58,179.99,156.12
1239,73,Front/Back,135.56,162.15,149.63,161.04,157.73,148.5,179.99,157.11
1239,74,Front/Back,138.78,159.22,153.69,162.82,156.9,154.11,179.99,164.69
1239,75,Front/Back,140.59,161.19,158.89,162.82,156.88,157.63,179.99,166.25
1239,76,Front/Back,143.95,163.7,162.28,164.83,156.85,164.18,179.99,170.28
1239,77,Front/Back,168.55,166.62,168.54,167.74,172.87,166.87,172.86,172.97
1239,78,Front/Back,179.98,179.98,179.98,179.98,179.98,179.98,179.99,179.99
1240,1,Front/Back,179.98,179.98,179.98,179.98,179.98,179.98,179.98,179.98
1240,2,Front/Back,159.56,160.52,153.13,160.52,166.48,179.98,166.48,179.99
1240,3,Front/Back,147.73,152.4,139.04,152.39,160.93,179.99,160.93,169.53
1240,4,Front/Back,146.04,147.64,135.94,140.92,156.88,179.99,156.88,180.0
1240,5,Front/Back,145.52,142.26,134.51,135.55,153.27,179.99,153.27,169.53
1240,6,Front/Back,153.3,137.58,153.3,128.43,147.37,180.0,147.37,158.89
1240,7,Front/Back,149.9,125.81,149.9,129.92,150.18,166.74,150.18,179.99
1240,8,Front/Back,139.96,132.43,139.96,127.29,150.18,160.82,150.18,180.0
1240,9,Front/Back,134.59,128.86,134.59,129.55,147.37,154.75,147.37,180.0
1240,10,Front/Back,135.07,125.49,135.07,129.55,150.18,147.4,150.18,176.03
1240,11,Front/Back,133.77,128.61,133.77,135.7,137.71,144.36,137.71,176.03
1240,12,Front/Back,131.45,119.56,131.45,126.66,139.96,143.04,139.96,174.7
1240,13,Front/Back,134.49,115.68,124.39,123.02,144.75,142.26,144.75,173.92
1240,14,Front/Back,109.83,110.48,133.43,119.49,126.58,140.18,150.18,173.5
1240,15,Front/Back,108.78,108.77,131.25,118.18,124.51,140.04,153.41,173.37
1240,16,Front/Back,104.59,105.4,138.01,116.51,146.57,138.91,180.0,173.37
1240,17,Front/Back,95.44,104.85,120.07,108.62,146.68,134.14,180.0,166.04
1240,18,Front/Back,95.69,114.5,118.88,110.33,142.46,137.37,174.33,161.33
1240,19,Front/Back,95.84,116.93,119.03,114.59,134.2,135.54,166.08,161.33
1240,20,Front/Back,96.49,107.18,109.48,109.23,126.65,127.38,156.88,157.56
1240,21,Front/Back,95.73,107.46,110.04,109.23,143.7,127.66,180.0,157.56
1240,22,Front/Back,104.47,109.67,109.46,111.44,129.75,121.52,156.72,151.42
1240,23,Front/Back,106.65,103.36,111.78,112.72,133.57,123.99,160.69,161.48
1240,24,Front/Back,114.5,106.31,115.98,115.68,133.25,123.99,156.72,161.48
1240,25,Front/Back,119.53,107.85,126.96,121.17,137.09,120.03,160.69,161.48
1240,26,Front/Back,125.68,115.11,131.08,120.06,139.13,106.61,160.69,139.7
1240,27,Front/Back,123.8,107.85,126.96,121.17,130.85,120.03,150.18,161.48
1240,28,Front/Back,119.65,107.36,114.48,119.51,127.89,126.29,144.71,166.58
1240,29,Front/Back,108.48,103.56,117.14,113.6,143.67,123.21,174.33,161.74
1240,30,Front/Back,110.39,101.17,115.83,112.42,133.32,134.96,160.75,174.7
1240,31,Front/Back,109.17,101.37,120.45,118.58,133.48,138.88,160.93,180.0
1240,32,Front/Back,103.23,98.23,108.68,110.86,133.5,138.88,160.93,180.0
1240,33,Front/Back,97.63,97.1,103.89,109.53,150.91,139.08,180.0,180.0
1240,34,Front/Back,95.0,97.01,102.83,110.36,149.34,138.15,180.0,180.0
1240,35,Front/Back,93.5,99.68,102.83,113.04,147.84,138.15,180.0,180.0
1240,36,Front/Back,88.22,104.54,106.09,117.65,138.68,138.39,180.0,180.0
1240,37,Front/Back,93.8,108.85,102.5,120.81,147.84,139.55,180.0,180.0
1240,38,Front/Back,105.41,113.94,108.79,124.72,150.91,140.73,180.0,180.0
1240,39,Front/Back,108.58,117.87,116.74,114.91,150.9,154.46,180.0,180.0
1240,40,Front/Back,110.37,125.34,115.83,120.81,152.55,156.03,180.0,180.0
1240,41,Front/Back,114.65,130.27,119.26,123.78,152.56,158.0,180.0,179.99
1240,42,Front/Back,115.9,147.67,118.76,151.29,154.31,147.67,180.0,155.84
1240,43,Front/Back,112.28,147.67,120.88,151.22,147.94,147.67,180.0,155.84
1240,44,Front/Back,112.16,146.91,123.88,147.63,149.38,146.91,180.0,155.84
1240,45,Front/Back,115.58,148.34,127.19,147.83,149.38,148.34,180.0,145.65
1240,46,Front/Back,114.98,149.82,132.28,148.17,152.6,149.82,180.0,145.65
1240,47,Front/Back,115.69,151.38,132.65,148.17,154.35,151.38,180.0,141.54
1240,48,Front/Back,129.94,154.75,133.97,148.64,169.53,154.75,180.0,153.23
1240,49,Front/Back,136.34,158.61,133.97,148.64,175.93,158.61,180.0,145.65
1240,50,Front/Back,139.57,163.3,139.56,149.26,180.0,163.3,180.0,136.76
1240,51,Front/Back,138.84,169.29,138.84,149.26,180.0,169.29,180.0,130.8
1240,52,Front/Back,138.84,169.29,138.84,149.26,180.0,169.29,180.0,136.76
1240,53,Front/Back,138.84,169.29,138.84,149.26,180.0,155.87,180.0,166.58
1240,54,Front/Back,138.84,174.86,138.84,149.26,180.0,153.08,180.0,158.22
1241,1,Side,61.6,149.02,39.96,144.1,179.23,178.58,166.75,161.39
1241,2,Side,61.95,142.63,40.55,138.96,179.23,177.4,167.09,163.01
1241,3,Side,61.58,139.61,40.53,137.02,178.6,176.43,167.0,162.76
1241,4,Side,61.5,135.34,40.68,132.66,179.25,176.07,168.52,164.14
1241,5,Side,62.3,130.0,41.62,132.95,179.63,168.47,169.75,160.54
1241,6,Side,64.37,128.73,42.73,132.05,179.63,168.65,168.48,160.98
1241,7,Side,63.82,127.52,43.19,130.84,178.89,168.67,168.66,161.49
1241,8,Side,65.13,127.88,43.31,131.45,178.81,170.19,167.2,160.47
1241,9,Side,66.12,126.58,43.97,131.02,179.4,169.65,169.16,160.09
1241,10,Side,66.37,134.25,44.01,136.4,179.84,172.02,168.91,159.6
1241,11,Side,64.98,135.21,44.09,136.56,179.84,173.44,170.66,162.93
1241,12,Side,63.98,132.05,44.02,134.05,179.71,172.65,171.51,163.46
1241,13,Side,63.25,128.59,44.32,131.95,178.72,172.82,171.82,164.6
1241,14,Side,62.95,124.76,44.4,124.99,178.32,172.05,171.39,164.6
1241,15,Side,59.94,113.85,43.38,116.25,176.22,170.46,171.82,165.96
1241,16,Side,61.48,111.48,45.38,114.28,177.92,170.66,177.66,168.38
1241,17,Side,63.87,107.45,46.5,109.7,179.73,170.37,179.04,170.43
1241,18,Side,64.1,104.33,46.86,106.17,179.95,171.58,179.56,171.86
1241,19,Side,64.66,111.39,46.83,110.42,179.91,177.79,179.43,175.89
1241,20,Side,65.68,108.09,47.02,107.07,178.19,178.44,177.45,177.14
1241,21,Side,65.06,103.92,48.6,103.41,179.69,178.19,177.45,177.27
1241,22,Side,64.84,102.49,49.36,103.08,179.59,177.76,176.43,177.94
1241,23,Side,65.51,99.59,50.73,99.7,179.31,179.53,176.42,179.92
1241,24,Side,65.63,95.1,51.6,96.06,178.46,178.67,174.95,179.26
1241,25,Side,65.75,93.26,52.55,93.79,178.34,179.6,175.1,177.22
1241,26,Side,65.98,89.26,53.56,89.26,177.77,176.98,174.76,175.68
1241,27,Side,66.07,83.71,54.76,82.01,177.19,176.83,174.18,176.42
1241,28,Side,65.62,81.54,55.5,79.85,176.79,176.73,173.78,177.05
1241,29,Side,64.23,77.77,57.43,76.91,178.6,176.31,177.11,175.8
1241,30,Side,63.91,76.04,58.4,74.76,178.73,175.78,177.85,176.39
1241,31,Side,63.45,74.0,60.04,72.72,178.18,176.29,177.68,177.6
1241,32,Side,63.45,71.08,61.73,68.5,178.78,175.45,176.35,176.19
1241,33,Side,63.32,67.24,63.6,64.23,178.49,173.91,176.52,174.2
1241,34,Side,63.51,64.1,66.26,58.45,178.83,172.38,175.03,174.33
1241,35,Side,64.19,59.99,68.35,53.48,179.5,170.91,175.35,173.64
1241,36,Side,63.26,61.4,71.18,56.85,179.0,173.0,174.43,173.69
1241,37,Side,63.27,58.04,71.1,53.0,179.91,171.78,174.39,173.71
1241,38,Side,63.69,52.51,71.55,46.05,179.31,169.61,173.77,173.05
1241,39,Side,64.87,51.38,72.64,44.51,177.58,168.43,171.42,173.05
1241,40,Side,65.34,49.82,73.14,42.96,176.76,167.49,170.6,172.21
1241,41,Side,66.37,47.4,73.67,40.69,175.39,168.73,170.85,176.81
1241,42,Side,66.53,46.63,74.28,39.81,175.56,167.99,171.36,176.01
1241,43,Side,68.05,44.22,76.09,37.4,175.22,167.18,171.52,176.15
1241,44,Side,70.14,43.24,77.94,38.32,175.54,167.93,174.78,179.51
1241,45,Side,69.95,37.38,78.08,32.5,175.22,166.34,174.93,178.63
1241,46,Side,70.6,35.25,78.77,30.34,174.97,166.13,176.41,178.88
1241,47,Side,71.7,33.61,79.49,28.26,174.3,164.21,176.89,175.22
1241,48,Side,72.71,31.99,80.25,27.08,171.9,164.01,173.55,173.99
1241,49,Side,73.76,30.52,81.05,25.02,170.18,160.43,172.12,169.42
1241,50,Side,75.45,29.5,82.61,23.98,170.29,158.57,173.7,166.64
1241,51,Side,76.04,28.52,82.82,22.99,169.0,158.22,172.85,166.76
1241,52,Side,78.19,27.69,84.46,21.73,167.58,158.07,171.99,168.89
1241,53,Side,81.06,26.89,87.62,20.78,167.82,158.7,171.71,170.36
1241,54,Side,82.9,26.05,89.27,19.53,166.96,158.82,171.85,171.94
1241,55,Side,84.48,25.25,89.8,18.29,165.29,158.64,170.26,174.11
1241,56,Side,85.74,26.66,90.88,21.47,164.42,164.65,169.61,175.24
1241,57,Side,86.23,27.57,91.86,22.37,165.75,164.65,171.54,176.46
1241,58,Side,87.74,28.66,92.99,20.69,165.64,158.65,171.37,172.81
1241,59,Side,89.21,30.04,94.95,22.51,167.23,159.71,173.59,173.2
1241,60,Side,89.73,27.62,95.95,23.56,168.83,168.6,174.28,176.42
1241,61,Side,93.69,30.98,98.69,25.76,168.13,168.17,174.58,174.21
1241,62,Side,94.25,35.32,99.74,26.58,169.15,159.44,173.34,168.7
1241,63,Side,93.31,36.96,99.19,28.65,170.67,161.86,174.28,170.99
1241,64,Side,94.0,39.9,100.25,30.34,171.32,161.23,172.84,168.78
1241,65,Side,92.93,42.89,99.97,32.49,172.66,161.0,172.25,169.14
1241,66,Side,96.36,45.27,103.17,34.87,173.61,161.0,172.73,168.25
1241,67,Side,94.34,45.45,101.33,36.29,173.98,164.54,172.23,170.79
1241,68,Side,95.73,47.23,102.79,37.44,174.85,167.95,172.32,175.08
1241,69,Side,97.1,50.82,104.13,40.72,176.86,170.65,174.76,178.26
1241,70,Side,98.92,50.58,105.92,41.22,177.15,172.08,174.12,179.69
1241,71,Side,100.63,54.38,107.3,43.73,176.73,173.61,172.79,178.31
1241,72,Side,101.96,58.09,108.71,52.35,177.52,174.25,172.77,178.62
1241,73,Side,104.01,60.04,110.54,54.3,178.0,174.25,173.27,177.98
1241,74,Side,101.29,65.02,107.29,57.68,177.98,173.83,172.95,178.88
1241,75,Side,102.68,67.15,108.87,60.98,178.24,174.47,172.22,178.63
1241,76,Side,103.35,70.77,109.64,64.61,179.16,174.47,174.03,178.63
1241,77,Side,104.91,75.69,111.3,67.93,179.8,174.78,176.5,179.08
1241,78,Side,107.31,79.44,113.5,72.4,179.51,174.24,177.72,179.17
1241,79,Side,108.7,83.78,114.4,75.9,178.68,172.85,176.09,178.94
1241,80,Side,109.99,89.17,115.89,79.88,179.83,173.07,178.08,177.53
1241,81,Side,112.6,94.55,118.62,84.85,179.34,170.52,179.28,178.56
1241,82,Side,114.57,97.82,120.31,87.54,179.75,173.71,179.13,176.12
1241,83,Side,115.96,101.7,121.42,91.42,179.52,174.27,178.99,174.95
1241,84,Side,117.83,106.04,123.42,96.36,179.01,175.34,177.95,173.54
1241,85,Side,125.47,108.34,130.78,97.68,178.77,174.53,175.54,175.24
1241,86,Side,126.66,111.25,132.03,101.0,178.98,175.52,175.85,174.81
1241,87,Side,128.8,112.7,134.83,105.5,179.18,175.1,175.02,166.94
1241,88,Side,130.53,114.34,137.52,107.51,178.45,174.05,173.86,165.48
1241,89,Side,131.52,119.32,139.88,113.7,177.2,174.01,172.72,165.48
1241,90,Side,134.88,125.42,144.82,116.17,178.5,177.12,173.26,169.72
1241,91,Side,136.51,128.36,146.59,119.56,178.93,178.26,172.79,168.46
1241,92,Side,138.27,131.8,147.33,122.57,178.28,178.52,171.47,166.02
1241,93,Side,141.28,131.7,150.53,121.77,177.98,178.88,170.38,163.74
1241,94,Side,139.5,135.82,148.07,126.85,177.89,178.3,170.05,164.08
1241,95,Side,138.59,140.22,148.94,130.85,175.54,178.54,165.78,163.67
1241,96,Side,138.97,142.28,148.59,132.14,175.61,179.17,165.7,161.89
1241,97,Side,142.0,143.8,152.95,133.65,174.99,179.58,164.53,160.68
1241,98,Side,144.4,144.01,155.64,134.27,175.77,179.18,164.48,158.34
1241,99,Side,146.65,145.07,157.74,136.69,176.26,178.76,163.58,158.05
1241,100,Side,147.97,142.98,160.97,136.03,175.21,177.49,162.94,158.05
1241,101,Side,147.38,142.88,161.39,136.58,175.28,175.49,164.22,158.35
1241,102,Side,150.67,143.41,166.73,137.92,176.19,176.47,165.4,159.33
1241,103,Side,152.15,146.27,169.3,141.35,176.19,176.45,165.63,159.82
1241,104,Side,147.64,147.11,153.94,143.14,176.39,175.85,165.56,158.53
1241,105,Side,149.34,147.56,156.89,143.61,177.01,175.83,166.8,158.77
1241,106,Side,151.24,148.0,161.27,145.41,176.79,174.79,166.95,158.6
1241,107,Side,149.52,148.42,157.26,145.86,176.79,174.77,167.16,158.82
1241,108,Side,150.37,148.44,159.26,145.86,176.79,174.77,167.38,159.02
1242,1,Side,169.91,165.08,170.3,170.48,173.09,169.16,101.36,121.13
1242,2,Side,169.68,164.87,171.47,170.27,173.53,169.63,101.34,121.6
1242,3,Side,169.45,166.97,171.24,169.0,173.53,164.42,101.34,118.7
1242,4,Side,169.23,166.17,171.77,167.2,173.5,164.53,101.34,118.85
1242,5,Side,169.01,167.27,171.52,167.81,173.49,164.04,101.36,118.85
1242,6,Side,166.56,167.55,169.64,166.58,173.97,162.14,101.36,121.58
1242,7,Side,165.29,165.71,167.71,165.21,173.27,162.79,101.31,120.19
1242,8,Side,163.92,166.61,167.27,167.09,173.3,161.22,101.28,111.42
1242,9,Side,164.69,163.56,167.66,164.56,172.85,167.47,101.23,113.41
1242,10,Side,165.08,158.59,166.2,157.22,168.07,168.65,98.4,113.13
1242,11,Side,163.9,159.16,165.9,158.74,167.39,169.0,97.72,99.03
1242,12,Side,163.3,158.96,165.25,158.04,167.94,168.17,98.61,97.46
1242,13,Side,162.28,158.4,164.58,159.33,169.53,167.87,99.86,94.97
1242,14,Side,161.61,156.58,164.87,158.93,169.43,168.62,101.3,93.46
1242,15,Side,163.24,154.08,166.64,157.82,168.97,169.35,99.52,90.67
1242,16,Side,162.21,153.59,166.03,159.05,170.59,168.75,101.04,91.4
1242,17,Side,162.13,151.04,165.53,157.3,167.04,169.15,100.15,96.09
1242,18,Side,159.64,138.49,162.57,147.04,167.72,170.05,107.72,98.33
1242,19,Side,157.03,132.58,159.4,142.18,168.01,171.51,111.63,102.21
1242,20,Side,153.41,127.4,154.72,136.89,167.25,173.06,112.9,111.72
1242,21,Side,152.21,120.57,152.48,130.09,166.43,172.99,115.85,115.47
1242,22,Side,137.38,115.12,136.66,124.18,165.5,171.43,118.33,115.82
1242,23,Side,132.99,111.05,130.75,120.46,163.35,170.95,119.86,119.34
1242,24,Side,131.73,104.92,126.97,113.81,162.48,168.41,129.93,122.5
1242,25,Side,127.76,109.56,123.08,116.49,160.21,170.3,127.9,128.25
1242,26,Side,100.35,105.07,87.75,110.88,158.9,168.54,127.34,129.46
1242,27,Side,94.13,96.84,81.79,104.43,157.9,173.74,128.41,134.32
1242,28,Side,85.21,103.77,71.97,106.23,158.55,175.5,130.09,138.56
1242,29,Side,81.76,97.1,68.36,98.27,157.59,175.07,129.01,139.57
1242,30,Side,74.01,91.43,59.78,92.04,158.53,175.95,128.44,140.43
1242,31,Side,74.02,85.52,57.82,84.29,155.21,173.99,127.13,141.01
1242,32,Side,67.93,83.23,50.87,78.26,155.74,170.2,128.86,140.13
1242,33,Side,65.48,78.3,50.07,73.95,155.48,169.21,126.82,137.94
1242,34,Side,59.49,75.25,44.08,70.96,156.02,169.41,131.55,137.47
1242,35,Side,52.64,71.34,37.32,65.89,155.29,169.57,128.29,139.26
1242,36,Side,49.21,66.78,32.95,62.43,155.54,169.25,131.36,139.59
1242,37,Side,48.19,66.82,29.34,61.91,155.14,168.05,130.44,137.46
1242,38,Side,44.46,50.97,26.26,45.72,161.04,163.15,141.96,130.5
1242,39,Side,40.73,39.96,23.58,36.01,161.73,161.57,143.53,129.63
1242,40,Side,40.69,38.52,27.06,33.4,165.73,164.18,143.11,134.85
1242,41,Side,37.96,36.11,24.97,31.59,164.34,164.62,141.34,134.59
1242,42,Side,37.94,35.69,24.73,31.33,165.56,164.97,142.48,131.88
1242,43,Side,36.84,32.73,24.04,30.38,167.1,167.51,149.13,131.64
1242,44,Side,35.86,30.36,22.91,30.41,168.06,168.0,147.45,130.42
1242,45,Side,33.21,32.11,18.65,31.08,166.67,160.3,149.28,123.73
1242,46,Side,32.56,30.13,17.83,30.65,166.66,160.43,148.83,121.36
1242,47,Side,33.48,26.77,19.58,29.99,166.78,165.15,147.76,123.23
1242,48,Side,29.75,25.95,19.7,29.22,174.11,164.98,153.43,123.52
1242,49,Side,31.73,25.91,19.3,29.24,166.89,163.2,149.17,123.78
1242,50,Side,32.71,27.79,20.53,26.08,174.81,159.64,154.8,122.92
1242,51,Side,31.67,28.17,21.1,24.62,173.87,155.32,149.32,112.67
1242,52,Side,31.09,28.1,20.62,26.36,173.21,156.51,147.7,112.68
1242,53,Side,31.02,28.57,21.1,26.83,173.02,158.08,150.69,117.34
1242,54,Side,31.18,32.04,20.74,32.81,171.71,162.23,148.94,118.39
1242,55,Side,31.04,33.88,21.25,34.64,172.37,162.93,149.48,119.78
1242,56,Side,31.0,35.21,19.59,35.94,162.37,164.74,141.63,120.26
1242,57,Side,31.19,36.12,20.46,38.61,162.13,165.96,139.26,120.96
1242,58,Side,32.52,37.65,21.37,40.08,163.37,166.14,140.34,118.13
1242,59,Side,33.88,39.29,21.96,41.73,162.56,165.96,139.05,117.15
1242,60,Side,33.85,41.99,22.6,44.42,164.39,166.14,136.14,116.5
1242,61,Side,34.99,43.96,24.23,46.4,165.62,166.31,137.0,116.67
1242,62,Side,34.5,47.85,25.34,51.94,164.55,165.68,136.35,110.06
1242,63,Side,31.22,56.2,21.94,60.84,164.43,166.22,137.38,112.02
1242,64,Side,34.16,62.35,24.84,69.43,164.67,172.08,134.97,115.0
1242,65,Side,32.34,56.29,24.78,59.29,162.85,163.35,135.82,128.67
1242,66,Side,42.94,59.69,31.15,64.18,160.93,169.87,129.89,126.35
1242,67,Side,49.26,63.3,38.45,67.79,160.93,171.69,129.5,130.83
1242,68,Side,59.78,73.86,49.41,77.22,161.37,171.61,131.68,126.9
1242,69,Side,81.88,86.72,76.99,90.09,165.78,171.24,133.75,129.06
1242,70,Side,90.55,98.69,85.68,98.64,168.13,172.43,136.03,128.41
1242,71,Side,107.78,102.51,98.52,102.42,165.1,173.23,134.64,125.66
1242,72,Side,119.85,107.98,111.72,107.88,166.17,173.06,134.1,127.76
1242,73,Side,119.29,118.18,114.32,119.74,169.51,171.31,130.1,118.08
1242,74,Side,126.98,122.27,124.01,125.36,171.88,172.31,129.49,114.12
1242,75,Side,131.02,134.97,128.05,142.79,172.02,172.99,128.86,112.91
1242,76,Side,140.64,137.17,141.87,145.38,171.05,173.19,126.73,109.82
1242,77,Side,138.85,142.83,139.41,150.65,170.04,172.99,124.55,109.13
1242,78,Side,158.36,144.78,156.9,152.54,167.11,173.46,130.45,120.46
1242,79,Side,161.05,146.0,161.09,153.7,167.65,175.52,127.11,126.57
1242,80,Side,165.29,147.14,165.43,154.79,166.72,175.53,125.92,127.55
1242,81,Side,166.75,147.72,166.93,155.81,166.76,176.68,118.32,116.95
1242,82,Side,168.13,150.47,171.26,158.1,167.21,175.05,118.62,119.84
1242,83,Side,169.06,150.84,172.19,158.96,168.51,175.25,119.91,119.54
1242,84,Side,168.97,153.38,172.06,160.98,167.75,174.43,119.2,119.24
1242,85,Side,168.08,147.47,171.67,155.19,168.71,173.86,119.65,118.55
1242,86,Side,167.37,147.08,171.03,155.19,168.04,174.7,118.9,119.0
1243,1,Front/Back,162.95,174.53,124.76,139.02,178.76,174.53,133.27,154.48
1243,2,Front/Back,148.95,180.0,108.83,137.36,162.76,172.56,126.69,152.3
1243,3,Front/Back,147.19,179.99,107.07,137.35,148.29,153.43,116.58,147.26
1243,4,Front/Back,144.1,180.0,103.98,137.48,145.73,150.45,121.85,150.45
1243,5,Front/Back,144.34,180.0,106.23,137.65,143.04,146.52,126.15,146.52
1243,6,Front/Back,141.7,175.83,103.51,133.7,140.78,142.81,140.78,123.48
1243,7,Front/Back,139.94,166.89,101.82,124.76,150.35,139.55,121.04,134.55
1243,8,Front/Back,138.77,162.17,100.79,118.34,148.62,137.53,119.22,137.53
1243,9,Front/Back,138.92,155.89,101.12,115.3,149.98,134.52,120.83,134.52
1243,10,Front/Back,138.74,159.5,101.19,122.85,135.85,132.6,135.85,132.6
1243,11,Front/Back,141.55,160.58,104.64,126.2,142.49,129.93,142.49,129.93
1243,12,Front/Back,140.4,158.56,103.49,120.59,139.32,127.27,139.32,127.27
1243,13,Front/Back,134.15,149.52,98.38,118.37,136.36,118.86,136.36,116.62
1243,14,Front/Back,153.75,148.09,117.25,116.95,134.91,117.17,134.91,106.19
1243,15,Front/Back,146.56,147.24,111.03,116.1,132.24,115.69,132.24,101.0
1243,16,Front/Back,150.54,147.95,115.01,116.2,130.54,114.68,130.54,92.72
1243,17,Front/Back,151.77,156.98,116.24,120.93,128.89,119.32,128.89,90.62
1243,18,Front/Back,154.23,162.17,119.0,121.84,127.65,117.76,127.65,85.1
1243,19,Front/Back,157.59,142.54,120.33,120.07,128.89,106.13,109.43,85.64
1243,20,Front/Back,171.81,151.05,142.5,129.89,116.82,103.37,125.0,81.91
1243,21,Front/Back,167.85,137.64,142.5,116.81,112.73,100.71,109.14,76.73
1243,22,Front/Back,168.02,136.05,142.5,118.45,109.2,96.71,121.19,74.57
1243,23,Front/Back,162.75,140.18,143.06,122.45,107.3,95.81,107.25,73.54
1243,24,Front/Back,160.77,126.3,142.45,116.55,106.08,87.05,102.72,72.59
1243,25,Front/Back,155.56,152.9,143.17,138.44,102.42,92.08,99.03,71.43
1243,26,Front/Back,154.0,151.66,146.77,138.44,101.65,95.64,95.4,67.76
1243,27,Front/Back,152.53,151.66,145.71,136.17,96.99,95.32,98.96,67.44
1243,28,Front/Back,152.4,153.03,145.79,135.79,96.47,97.02,93.92,65.11
1243,29,Front/Back,152.4,152.9,145.9,135.79,96.47,96.12,88.88,64.34
1243,30,Front/Back,152.4,152.9,145.02,135.79,96.47,95.35,85.32,63.81
1243,31,Front/Back,153.87,151.66,146.88,139.02,97.17,94.11,81.12,65.01
1243,32,Front/Back,153.77,150.21,145.79,135.67,97.07,93.43,84.56,66.99
1243,33,Front/Back,156.95,150.21,142.1,134.02,99.9,93.1,87.76,68.16
1243,34,Front/Back,162.53,147.41,140.33,135.67,106.23,91.07,89.53,70.19
1243,35,Front/Back,167.72,145.15,139.57,140.86,110.53,90.35,94.99,71.5
1243,36,Front/Back,180.0,145.15,140.62,140.93,112.39,87.15,94.42,74.77
1243,37,Front/Back,180.0,145.15,140.62,142.75,111.87,86.38,97.96,76.8
1243,38,Front/Back,180.0,146.29,141.33,142.75,115.25,86.75,84.02,78.99
1243,39,Front/Back,180.0,172.26,142.1,142.83,115.87,102.88,82.59,67.02
1243,40,Front/Back,180.0,180.0,147.71,142.95,113.34,115.48,89.46,62.65
1243,41,Front/Back,180.0,180.0,148.72,145.11,114.64,116.82,84.76,62.77
1243,42,Front/Back,180.0,180.0,148.72,145.11,115.59,117.43,91.4,69.68
1243,43,Front/Back,180.0,180.0,149.81,145.34,117.35,119.79,97.52,85.05
1243,44,Front/Back,160.77,180.0,153.26,147.43,109.33,120.5,120.56,96.37
1243,45,Front/Back,160.63,159.57,150.98,147.72,113.05,108.16,121.19,119.54
1243,46,Front/Back,160.77,159.57,154.6,147.72,114.47,110.86,133.7,131.29
1243,47,Front/Back,162.9,163.62,154.6,148.07,119.43,116.61,136.53,132.98
1243,48,Front/Back,180.0,164.16,157.2,150.32,129.63,122.57,129.63,138.4
1243,49,Front/Back,180.0,166.37,158.54,150.32,132.96,128.12,132.96,141.75
1243,50,Front/Back,180.0,180.0,160.1,150.32,136.85,141.68,136.85,141.68
1243,51,Front/Back,151.5,180.0,136.52,152.74,137.55,143.56,146.4,143.56
1243,52,Front/Back,149.02,164.8,132.95,139.77,140.21,148.53,149.03,148.53
1243,53,Front/Back,144.71,165.24,120.67,143.11,146.39,152.58,146.39,152.58
1243,54,Front/Back,146.31,164.42,125.3,141.91,148.97,155.99,148.97,138.75
1243,55,Front/Back,146.84,163.29,128.27,143.7,151.78,161.78,151.78,134.37
1243,56,Front/Back,163.31,163.19,147.1,147.12,157.02,156.24,133.54,132.39
1243,57,Front/Back,153.25,180.0,137.62,163.93,159.87,176.79,137.13,145.47
1243,58,Front/Back,155.24,162.36,137.72,150.95,162.01,180.0,142.55,150.57
1243,59,Front/Back,152.08,160.32,143.19,148.72,171.03,180.0,148.29,151.44
1243,60,Front/Back,169.59,162.79,158.85,161.63,179.99,180.0,157.25,153.5
1243,61,Front/Back,160.84,171.24,169.59,179.99,167.13,171.24,175.87,168.14
1243,62,Front/Back,179.97,179.97,179.97,179.97,179.98,179.98,179.97,179.98
1244,1,Front/Back,179.98,179.98,179.98,179.98,179.98,179.98,179.98,179.98
1244,2,Front/Back,160.2,180.0,156.42,158.02,172.65,177.29,170.17,177.28
1244,3,Front/Back,151.51,168.86,153.91,153.07,165.92,176.32,165.95,163.17
1244,4,Front/Back,132.93,162.99,150.16,147.09,150.31,166.66,162.82,150.78
1244,5,Front/Back,129.24,149.19,146.2,150.23,150.31,157.18,162.82,150.78
1244,6,Front/Back,128.46,146.63,143.72,143.79,147.97,152.68,162.82,143.92
1244,7,Front/Back,124.25,141.14,142.86,146.15,144.59,145.53,155.63,144.09
1244,8,Front/Back,121.91,133.56,141.7,144.24,143.53,154.19,153.68,148.33
1244,9,Front/Back,135.63,129.13,163.47,144.69,135.63,149.76,151.88,148.43
1244,10,Front/Back,124.92,121.57,155.79,140.97,133.08,147.11,150.22,148.43
1244,11,Front/Back,120.72,137.77,155.58,167.25,129.84,137.77,150.22,148.43
1244,12,Front/Back,107.58,123.21,136.77,148.45,132.23,138.82,150.22,150.1
1244,13,Front/Back,102.78,115.12,131.13,138.19,133.94,140.98,150.32,151.75
1244,14,Front/Back,98.57,108.07,122.26,131.15,135.71,140.98,154.05,151.85
1244,15,Front/Back,99.24,108.04,116.32,129.62,142.32,143.24,153.91,153.72
1244,16,Front/Back,102.08,107.53,113.77,124.57,145.59,144.42,154.05,155.59
1244,17,Front/Back,106.92,107.59,115.6,122.15,149.07,146.91,155.89,153.6
1244,18,Front/Back,106.25,115.36,112.47,124.59,149.17,149.6,163.09,151.85
1244,19,Front/Back,110.94,116.41,114.61,124.18,151.71,151.07,160.27,151.75
1244,20,Front/Back,113.87,119.92,117.91,122.08,151.83,154.19,179.99,149.99
1244,21,Front/Back,118.34,124.64,119.2,125.15,153.34,155.83,180.0,148.33
1244,22,Front/Back,110.63,140.37,118.18,130.42,147.2,167.09,180.0,155.87
1244,23,Front/Back,122.79,159.17,120.9,136.3,156.65,180.0,180.0,151.75
1244,24,Front/Back,124.83,157.76,121.52,134.89,158.06,180.0,180.0,169.91
1244,25,Front/Back,106.76,154.42,113.9,130.76,147.05,180.0,180.0,180.0
1244,26,Front/Back,117.47,154.14,119.14,130.48,154.76,164.2,180.0,164.2
1244,27,Front/Back,110.23,147.82,114.14,126.66,151.98,164.2,180.0,164.2
1244,28,Front/Back,110.2,143.03,116.66,121.08,151.83,164.2,180.0,164.2
1244,29,Front/Back,106.02,127.36,114.6,118.58,149.17,153.88,180.0,167.05
1244,30,Front/Back,100.24,123.64,118.24,120.34,142.39,155.45,180.0,171.38
1244,31,Front/Back,97.73,117.29,117.21,117.65,140.39,151.0,180.0,171.38
1244,32,Front/Back,97.61,109.16,121.52,122.03,138.39,147.11,177.47,162.81
1244,33,Front/Back,99.42,107.84,123.86,107.9,137.39,154.19,180.0,160.12
1244,34,Front/Back,101.48,109.99,130.18,112.31,136.47,154.31,170.43,151.85
1244,35,Front/Back,105.33,111.64,138.68,115.27,135.52,152.64,160.27,153.52
1244,36,Front/Back,110.94,113.65,145.18,119.54,134.63,152.64,157.83,153.52
1244,37,Front/Back,113.08,118.61,152.46,125.98,135.52,151.16,157.77,148.26
1244,38,Front/Back,123.8,127.41,161.39,137.55,137.31,152.64,157.77,151.85
1244,39,Front/Back,124.42,144.49,166.18,162.26,138.24,144.49,162.93,157.88
1244,40,Front/Back,139.19,144.45,180.0,165.32,139.19,144.45,160.41,160.44
1244,41,Front/Back,154.12,145.66,180.0,164.49,154.12,145.66,157.91,163.43
1244,42,Front/Back,143.2,148.21,180.0,168.39,143.2,148.21,165.87,157.75
1244,43,Front/Back,145.33,152.42,180.0,168.09,145.33,152.42,162.93,155.59
1244,44,Front/Back,147.63,155.59,180.0,174.08,147.63,155.59,160.11,145.15
1244,45,Front/Back,150.06,159.28,180.0,173.99,150.06,159.28,180.0,143.64
1244,46,Front/Back,143.08,159.21,165.84,180.0,157.24,159.21,160.27,145.15
1244,47,Front/Back,145.48,159.17,169.81,180.0,155.67,159.17,155.89,155.87
1244,48,Front/Back,148.59,161.66,172.92,161.66,155.67,180.0,158.2,157.66
1245,1,Side,160.34,110.86,151.64,120.66,174.29,175.72,163.3,172.74
1245,2,Side,163.19,109.63,154.98,120.32,172.85,178.86,162.54,170.02
1245,3,Side,163.23,108.77,154.65,120.45,171.02,178.61,162.73,168.66
1245,4,Side,167.59,107.55,160.69,119.25,169.93,175.93,163.14,166.72
1245,5,Side,168.44,107.91,160.69,120.25,169.01,172.25,165.54,165.78
1245,6,Side,162.09,105.76,150.31,119.03,167.53,169.58,166.51,164.69
1245,7,Side,164.02,102.19,149.99,116.21,164.95,166.82,167.81,163.57
1245,8,Side,159.81,97.9,142.43,113.03,161.4,164.91,168.67,163.03
1245,9,Side,156.21,93.45,136.09,111.13,159.1,162.65,170.74,162.01
1245,10,Side,146.82,89.57,118.24,109.18,156.02,160.13,173.22,160.0
1245,11,Side,140.15,85.36,112.12,107.47,153.21,158.38,178.5,159.14
1245,12,Side,139.43,82.05,111.09,104.6,153.81,158.96,176.34,167.45
1245,13,Side,118.28,76.43,90.4,99.26,153.96,161.07,175.64,169.36
1245,14,Side,122.08,72.97,93.92,96.31,154.35,162.2,173.46,171.4
1245,15,Side,98.29,69.4,70.2,93.09,154.9,163.41,173.65,172.32
1245,16,Side,0.44,64.89,27.94,88.97,155.49,165.2,171.61,174.07
1245,17,Side,31.89,68.27,4.46,92.9,155.48,166.87,171.48,173.88
1245,18,Side,32.47,66.88,5.86,88.49,155.07,168.07,170.17,172.87
1245,19,Side,26.43,67.02,0.29,85.08,155.01,170.37,169.1,173.03
1245,20,Side,27.59,64.73,1.92,82.73,156.24,172.54,165.72,171.58
1245,21,Side,35.74,64.41,10.52,81.12,156.96,174.37,166.8,172.06
1245,22,Side,34.71,70.0,13.79,84.29,160.44,176.77,169.91,175.09
1245,23,Side,49.7,76.96,27.48,87.87,164.53,178.68,175.4,178.85
1245,24,Side,67.61,82.61,48.38,90.91,167.43,179.38,179.35,177.11
1245,25,Side,94.76,88.65,74.29,93.82,171.36,177.12,176.6,173.54
1245,26,Side,118.8,94.6,98.91,98.0,174.54,175.76,172.61,171.19
1245,27,Side,127.08,98.71,109.11,102.11,176.98,174.49,170.03,169.22
1245,28,Side,142.63,102.74,131.78,106.94,178.3,172.43,168.64,167.97
1245,29,Side,146.59,108.41,136.64,113.64,179.6,171.21,166.27,166.04
1245,30,Side,152.69,113.38,144.69,119.02,177.92,169.01,163.7,162.3
1245,31,Side,155.95,118.0,148.88,124.73,176.55,168.43,160.92,160.01
1245,32,Side,155.09,116.46,149.44,124.04,176.45,167.67,161.81,162.7
1245,33,Side,158.48,117.03,153.77,124.67,176.44,168.26,165.06,167.4
1245,34,Side,159.74,115.48,156.32,123.06,177.01,167.48,163.94,166.87
1246,1,Side,147.82,147.08,164.68,160.37,173.89,177.0,179.49,176.37
1246,2,Side,144.34,143.37,156.32,154.99,172.89,176.12,178.32,178.66
1246,3,Side,141.84,137.67,151.31,149.69,174.38,173.95,177.75,176.93
1246,4,Side,138.24,135.25,142.33,145.56,173.45,173.02,175.74,179.0
1246,5,Side,135.0,131.63,136.97,140.19,173.35,172.02,175.64,179.96
1246,6,Side,132.4,129.14,131.76,135.98,174.74,171.95,175.37,179.98
1246,7,Side,127.84,128.39,125.21,134.76,175.81,173.52,177.49,179.02
1246,8,Side,125.27,125.54,122.62,132.06,175.83,173.54,177.49,177.69
1246,9,Side,120.23,120.44,117.02,124.47,173.99,174.3,176.06,179.53
1246,10,Side,117.32,117.75,114.13,119.98,173.97,174.3,174.73,179.38
1246,11,Side,114.25,115.78,111.07,116.57,173.88,176.73,174.64,178.3
1246,12,Side,105.41,103.26,102.61,107.49,173.87,172.64,174.64,177.76
1246,13,Side,98.37,89.78,93.81,92.2,173.24,172.61,174.04,179.02
1246,14,Side,87.4,81.76,81.09,81.57,172.38,172.55,171.89,176.81
1246,15,Side,80.29,69.88,72.24,67.87,171.52,171.7,171.08,175.93
1246,16,Side,72.65,61.72,62.03,57.06,173.85,172.61,176.24,174.73
1246,17,Side,63.34,52.13,55.02,50.03,172.25,170.86,175.47,173.76
1246,18,Side,53.72,44.51,49.88,46.22,170.66,171.68,175.93,176.89
1246,19,Side,50.6,38.72,45.12,42.47,174.25,171.68,174.75,176.75
1246,20,Side,43.6,32.43,40.86,40.45,174.19,171.61,178.68,176.59
1246,21,Side,37.16,33.19,38.1,38.93,173.48,175.4,176.8,178.8
1246,22,Side,41.63,32.0,39.79,41.94,172.67,169.92,177.96,177.61
1246,23,Side,42.64,37.01,42.31,44.82,169.41,171.54,178.07,178.58
1246,24,Side,46.7,45.57,42.89,52.26,169.46,170.7,178.07,178.32
1246,25,Side,52.17,52.42,46.61,56.82,170.34,170.97,179.88,178.56
1246,26,Side,57.58,62.47,49.76,62.23,172.03,171.75,179.02,176.49
1246,27,Side,66.89,71.31,56.16,71.86,172.98,171.07,178.94,177.87
1246,28,Side,77.24,81.01,65.68,79.47,174.58,171.64,178.3,177.2
1246,29,Side,87.54,90.86,74.28,89.57,173.89,172.73,179.86,175.77
1246,30,Side,101.37,99.14,85.54,96.8,177.95,170.98,179.89,177.61
1246,31,Side,106.42,102.45,89.59,98.02,178.58,170.58,179.82,176.89
1246,32,Side,117.14,112.78,104.5,111.82,178.65,173.88,179.65,176.86
1246,33,Side,124.19,119.18,115.7,121.9,178.0,173.92,179.42,176.47
1246,34,Side,130.99,129.32,127.87,135.74,176.11,173.89,175.7,179.65
1246,35,Side,137.44,137.46,137.73,146.31,177.37,176.86,178.31,174.81
1246,36,Side,141.61,142.75,147.43,155.05,176.84,177.56,178.57,173.59
1246,37,Side,143.82,148.41,152.86,163.37,176.93,177.77,178.84,175.14
1246,38,Side,149.62,159.41,160.77,176.33,179.97,178.55,179.19,175.4
1247,1,Side,148.42,154.21,166.56,169.88,175.54,178.37,126.56,158.1
1247,2,Side,146.77,150.76,162.96,164.91,176.43,178.82,129.48,156.14
1247,3,Side,142.88,148.3,157.62,160.66,176.04,179.26,129.67,156.39
1247,4,Side,142.06,147.16,155.12,158.23,177.86,179.36,129.41,156.71
1247,5,Side,139.4,142.62,152.37,151.31,175.97,179.75,132.59,158.98
1247,6,Side,132.67,139.51,143.03,148.04,175.56,179.47,134.19,158.99
1247,7,Side,129.02,133.49,138.06,138.03,175.06,179.47,135.51,160.78
1247,8,Side,125.86,131.28,133.26,134.01,175.38,179.48,135.71,161.67
1247,9,Side,123.91,127.44,131.02,127.87,174.77,179.05,137.6,163.31
1247,10,Side,119.21,123.8,124.56,122.43,174.64,178.54,138.81,166.08
1247,11,Side,116.3,119.74,120.39,115.21,174.97,179.0,144.74,168.47
1247,12,Side,109.55,116.11,111.76,109.67,174.41,179.0,146.83,167.82
1247,13,Side,102.01,113.43,100.99,104.67,174.8,180.0,147.26,168.33
1247,14,Side,95.02,106.04,92.1,95.46,174.68,179.98,148.51,168.32
1247,15,Side,87.23,100.34,83.63,87.45,174.04,178.95,150.07,168.06
1247,16,Side,81.33,93.66,75.02,79.16,174.51,177.93,151.22,166.74
1247,17,Side,73.63,86.93,67.0,70.77,172.93,177.38,151.7,166.74
1247,18,Side,65.64,80.12,59.72,63.21,172.85,176.85,152.58,167.19
1247,19,Side,60.03,73.71,54.01,55.66,172.79,175.23,152.56,165.93
1247,20,Side,54.07,68.56,48.14,49.32,172.7,175.18,152.29,166.15
1247,21,Side,53.17,62.98,43.62,44.0,176.85,176.2,154.14,165.7
1247,22,Side,45.57,59.87,41.84,40.8,172.97,175.18,154.51,164.69
1247,23,Side,47.03,57.18,40.29,38.59,172.8,178.5,153.91,171.75
1247,24,Side,47.55,59.31,39.82,40.05,172.8,177.37,153.23,170.53
1247,25,Side,47.59,60.1,40.77,40.8,171.17,174.96,152.03,164.01
1247,26,Side,48.08,61.72,40.25,36.71,170.74,170.23,150.49,164.03
1247,27,Side,49.48,62.25,38.48,42.64,169.63,174.66,151.37,163.56
1247,28,Side,57.55,66.63,42.14,48.71,170.84,175.37,147.49,162.92
1247,29,Side,66.92,74.5,49.2,58.83,172.4,175.92,144.16,160.77
1247,30,Side,77.01,84.56,59.73,69.41,173.45,176.44,141.31,160.82
1247,31,Side,86.45,94.41,69.9,74.12,173.97,176.46,141.88,158.83
1247,32,Side,91.35,101.93,78.31,85.93,173.48,176.99,141.98,158.42
1247,33,Side,97.62,110.37,87.56,97.5,172.13,176.5,136.85,155.24
1247,34,Side,106.09,116.07,100.91,110.76,172.37,176.97,133.59,158.67
1247,35,Side,112.66,123.84,112.36,122.43,172.17,176.45,129.57,155.31
1247,36,Side,118.06,128.66,121.36,126.75,173.0,176.36,130.75,152.86
1247,37,Side,122.79,146.46,129.51,146.44,172.13,174.47,128.84,152.86
1247,38,Side,127.9,139.94,138.5,145.47,172.17,176.88,130.04,153.99
1247,39,Side,132.27,143.53,145.46,151.66,172.77,177.4,127.05,154.04
1247,40,Side,139.37,147.14,158.06,158.63,172.27,177.4,126.47,153.56
1248,1,Front/Back,154.29,132.62,154.29,148.32,180.0,164.3,133.62,133.84
1248,2,Front/Back,151.23,128.16,151.23,146.58,180.0,161.58,136.1,136.39
1248,3,Front/Back,148.47,124.0,148.47,145.04,180.0,158.96,138.69,139.07
1248,4,Front/Back,147.32,120.42,147.32,143.56,180.0,156.86,141.43,141.91
1248,5,Front/Back,144.91,111.94,144.91,135.94,180.0,156.0,144.35,144.94
1248,6,Front/Back,144.23,103.65,144.23,127.12,180.0,156.53,147.49,148.23
1248,7,Front/Back,139.77,97.77,139.77,121.24,180.0,156.53,150.93,151.86
1248,8,Front/Back,135.72,92.72,135.72,116.72,180.0,156.0,154.79,155.99
1248,9,Front/Back,130.54,77.63,130.54,112.32,180.0,145.31,159.3,160.93
1248,10,Front/Back,126.8,73.04,126.8,107.22,160.46,145.82,145.52,167.65
1248,11,Front/Back,124.78,68.41,124.78,103.07,151.1,145.34,146.61,180.0
1248,12,Front/Back,119.44,65.47,119.44,99.1,142.52,126.8,142.52,160.42
1248,13,Front/Back,116.55,76.0,116.55,96.47,141.76,124.36,141.76,144.83
1248,14,Front/Back,110.34,76.19,110.34,95.81,140.52,124.51,140.52,144.14
1248,15,Front/Back,112.44,72.4,112.44,92.42,140.47,124.2,140.47,144.22
1248,16,Front/Back,115.8,72.45,115.8,93.89,141.03,122.02,136.89,143.46
1248,17,Front/Back,118.0,83.62,118.0,101.37,140.98,125.81,140.98,143.56
1248,18,Front/Back,121.88,87.87,121.88,104.58,142.19,126.95,137.58,142.47
1248,19,Front/Back,127.91,95.05,127.91,109.38,143.48,128.58,135.6,136.34
1248,20,Front/Back,133.47,105.54,133.47,118.49,142.83,130.71,138.09,138.61
1248,21,Front/Back,140.61,131.59,140.61,136.92,146.11,139.87,146.11,145.2
1248,22,Front/Back,144.92,140.74,144.92,140.74,143.42,145.99,143.42,138.93
1248,23,Front/Back,141.64,137.77,141.64,144.94,146.09,140.46,139.51,142.02
1248,24,Front/Back,143.15,148.12,143.15,151.53,144.1,145.19,144.1,142.99
1248,25,Front/Back,144.27,142.34,144.27,151.45,144.1,138.63,144.1,144.18
1248,26,Front/Back,146.62,151.05,146.62,157.88,142.16,140.08,142.16,146.92
1248,27,Front/Back,143.79,138.74,143.79,149.87,141.53,133.29,141.53,144.42
1248,28,Front/Back,142.99,141.46,142.99,154.27,139.69,128.74,139.69,141.55
1248,29,Front/Back,139.68,132.01,139.68,144.82,140.27,130.2,140.27,143.01
1248,30,Front/Back,137.65,122.32,137.65,136.18,139.66,130.56,139.66,144.42
1248,31,Front/Back,135.11,120.52,135.11,130.04,139.69,135.79,139.69,145.31
1248,32,Front/Back,130.57,112.57,130.57,120.73,139.06,136.48,139.06,144.65
1248,33,Front/Back,128.46,101.67,128.46,108.08,138.45,138.12,131.95,139.27
1248,34,Front/Back,120.95,96.41,120.95,102.82,140.22,138.23,128.29,136.53
1248,35,Front/Back,120.95,94.5,120.95,99.77,140.42,139.5,132.68,138.42
1248,36,Front/Back,117.75,93.02,117.75,100.07,141.53,138.5,130.52,135.65
1248,37,Front/Back,112.8,102.69,112.8,102.69,140.3,145.05,131.31,135.23
1248,38,Front/Back,112.84,105.38,112.84,105.38,139.09,143.67,132.75,135.14
1248,39,Front/Back,114.01,109.04,114.01,109.04,131.27,140.37,131.27,140.36
1248,40,Front/Back,116.35,111.69,116.35,111.69,131.79,140.37,131.79,140.36
1248,41,Front/Back,119.56,115.3,119.56,112.96,131.27,138.99,131.27,138.99
1248,42,Front/Back,122.18,119.54,122.18,91.3,132.84,140.95,132.83,140.95
1248,43,Front/Back,124.49,124.96,124.49,96.72,133.37,141.67,133.36,141.66
1248,44,Front/Back,126.8,126.0,126.8,99.77,144.77,142.28,144.77,142.27
1248,45,Front/Back,126.78,130.33,126.78,117.2,141.61,138.47,141.6,138.46
1248,46,Front/Back,130.81,137.24,130.81,123.24,144.85,140.54,144.85,140.54
1248,47,Front/Back,134.7,139.66,134.7,125.66,146.18,141.35,146.18,141.34
1248,48,Front/Back,138.94,133.4,138.92,122.93,136.15,144.32,136.15,144.31
1248,49,Front/Back,141.3,135.68,141.28,124.31,139.6,149.73,139.59,149.72
1248,50,Front/Back,146.43,136.92,136.36,124.8,155.65,152.51,155.65,152.5
1248,51,Front/Back,150.46,139.39,139.27,126.63,158.66,154.51,158.65,154.51
1248,52,Front/Back,169.31,140.74,180.0,132.5,151.46,159.25,162.14,159.24
1248,53,Front/Back,170.82,144.94,179.99,136.01,155.76,162.17,164.93,162.16
1248,54,Front/Back,172.36,166.07,178.66,155.82,164.15,167.58,170.46,167.58
1248,55,Front/Back,179.98,179.98,179.97,179.97,179.98,179.98,179.99,179.99
1249,1,Side,178.99,176.46,177.88,170.58,177.43,179.8,178.91,177.66
1249,2,Side,175.81,174.18,172.68,168.3,178.52,179.84,180.0,177.65
1249,3,Side,172.49,174.18,167.38,168.3,178.53,179.86,178.4,177.63
1249,4,Side,168.51,174.02,162.9,168.11,178.38,179.93,178.85,174.67
1249,5,Side,162.65,176.3,156.06,163.93,175.91,174.85,179.81,171.73
1249,6,Side,158.2,175.37,149.77,157.59,177.27,177.45,178.83,177.2
1249,7,Side,155.22,175.41,147.09,159.55,176.1,177.41,179.83,177.23
1249,8,Side,173.23,179.49,160.72,161.31,178.3,173.55,179.04,174.44
1249,9,Side,154.21,179.28,146.5,160.39,174.02,173.54,178.84,174.36
1249,10,Side,160.44,179.42,153.8,159.52,175.15,173.4,178.65,174.62
1249,11,Side,151.1,177.62,146.31,154.44,173.37,173.17,179.21,174.42
1249,12,Side,142.67,170.0,136.26,147.32,174.73,173.75,179.28,175.71
1249,13,Side,138.23,168.45,130.65,147.67,175.9,171.2,179.28,174.33
1249,14,Side,128.64,159.95,116.31,136.12,175.74,171.31,179.29,174.38
1249,15,Side,126.87,133.97,122.63,112.17,176.91,172.12,179.4,174.15
1249,16,Side,105.95,103.86,97.2,84.84,176.53,169.43,178.92,170.02
1249,17,Side,119.74,121.05,109.44,98.13,178.32,171.0,179.25,171.59
1249,18,Side,123.69,112.92,117.68,88.99,178.32,170.62,178.18,170.02
1249,19,Side,129.81,116.2,122.68,93.37,175.6,169.7,175.6,169.52
1249,20,Side,119.05,76.92,112.99,50.43,176.92,174.28,173.1,172.65
1249,21,Side,68.3,65.84,50.91,34.38,175.14,171.2,176.42,174.91
1249,22,Side,30.32,51.45,2.97,21.45,172.87,168.97,177.61,167.92
1249,23,Side,25.56,23.88,5.53,9.84,171.24,161.52,174.71,168.9
1249,24,Side,22.38,24.57,8.71,9.03,171.24,162.51,174.71,167.48
1249,25,Side,19.22,24.82,10.74,8.81,171.28,162.96,174.76,165.44
1249,26,Side,21.72,22.87,10.41,10.46,171.88,163.5,175.09,165.56
1249,27,Side,18.61,27.61,8.8,6.34,175.43,164.48,176.42,165.92
1249,28,Side,20.66,28.5,5.48,8.11,176.7,164.38,176.42,164.65
1249,29,Side,22.68,29.16,4.79,5.4,176.76,168.29,176.5,164.83
1249,30,Side,22.27,30.49,2.98,4.16,179.29,168.19,179.4,165.18
1249,31,Side,22.24,25.49,2.98,1.13,179.2,169.59,179.45,166.55
1249,32,Side,25.2,32.31,3.4,1.51,178.26,170.57,179.46,169.52
1249,33,Side,29.94,38.0,10.11,9.35,175.16,171.8,176.19,169.71
1249,34,Side,36.03,39.39,15.17,11.8,176.73,172.12,176.73,169.54
1249,35,Side,41.19,65.71,15.84,31.89,178.45,169.8,178.45,168.36
1249,36,Side,42.27,82.34,28.3,49.71,173.37,169.82,174.91,169.61
1249,37,Side,61.23,99.29,45.0,67.95,172.6,170.98,173.64,168.08
1249,38,Side,101.31,116.78,82.87,84.38,176.73,173.26,174.34,169.12
1249,39,Side,120.96,127.33,103.31,96.18,178.6,172.9,177.27,169.64
1249,40,Side,140.19,140.35,122.54,110.37,178.67,174.3,177.27,171.14
1249,41,Side,179.32,145.47,156.91,116.57,176.63,174.3,177.27,171.14
1249,42,Side,162.9,158.56,148.28,131.48,180.0,173.06,178.78,170.05
1249,43,Side,165.96,161.12,153.16,135.0,180.0,173.7,178.75,169.26
1249,44,Side,167.47,179.7,154.67,152.39,178.41,167.88,177.19,167.88
1249,45,Side,167.47,179.64,154.67,152.69,178.36,168.15,177.09,169.13
1249,46,Side,168.11,175.5,155.31,151.04,178.32,168.05,177.12,169.33
1249,47,Side,178.86,178.28,164.91,157.36,178.25,168.28,177.12,170.4
1249,48,Side,178.84,177.62,164.99,161.69,178.32,170.99,178.32,171.87
1249,49,Side,178.61,176.61,165.15,156.07,178.2,171.07,178.36,171.94
1249,50,Side,178.68,177.63,165.69,161.8,178.27,171.26,179.51,171.89
1249,51,Side,178.54,178.29,165.83,162.63,178.22,171.33,178.41,171.83
1249,52,Side,177.45,178.8,165.89,162.47,175.6,171.67,177.66,171.7
1249,53,Side,177.34,176.9,165.46,166.4,175.6,171.95,177.61,173.52
1249,54,Side,177.37,170.63,165.51,157.38,175.68,175.51,176.27,173.55
1249,55,Side,177.67,164.52,167.21,152.3,175.76,176.36,175.49,173.09
1249,56,Side,171.48,163.74,160.67,151.94,179.06,177.52,175.68,174.63
1249,57,Side,179.29,173.18,170.67,158.66,179.06,173.39,179.01,171.52
1249,58,Side,179.03,172.22,167.94,156.5,176.42,174.62,177.27,173.58
1249,59,Side,175.9,172.81,164.53,154.47,177.34,172.42,177.09,172.75
1249,60,Side,172.87,174.67,165.75,149.94,175.24,169.14,179.9,171.99
1250,1,Side,147.83,170.46,152.38,179.69,165.84,149.82,96.43,64.13
1250,2,Side,145.58,174.93,151.84,179.46,167.68,150.8,90.89,64.19
1250,3,Side,138.98,178.95,149.24,177.96,171.97,158.25,165.27,60.26
1250,4,Side,136.6,170.1,151.86,178.31,161.88,162.95,157.73,59.42
1250,5,Side,139.25,151.8,162.98,140.48,147.18,151.22,121.43,66.09
1250,6,Side,128.7,116.6,155.58,100.54,134.46,148.26,98.25,68.8
1250,7,Side,120.44,102.67,154.61,71.9,135.17,135.95,90.63,53.61
1250,8,Side,103.59,101.68,153.35,57.49,146.82,126.82,96.29,45.64
1250,9,Side,102.0,92.81,163.87,58.47,153.28,140.39,94.76,64.09
1250,10,Side,88.59,90.82,154.99,61.34,163.29,157.16,102.13,94.19
1250,11,Side,79.18,94.05,143.97,69.36,167.32,165.69,106.61,117.71
1250,12,Side,68.23,94.57,127.49,74.66,163.69,175.03,108.43,129.54
1250,13,Side,60.71,94.85,111.84,75.26,160.31,178.39,110.17,141.52
1250,14,Side,50.46,98.94,98.13,79.63,161.74,179.92,120.25,154.42
1250,15,Side,47.36,104.18,94.06,88.15,166.52,176.33,126.33,160.73
1250,16,Side,43.44,112.85,84.76,97.72,159.94,179.1,127.38,160.73
1250,17,Side,41.8,115.72,84.81,102.39,165.38,178.57,132.44,160.73
1250,18,Side,45.15,115.73,83.23,105.71,162.78,177.83,133.88,162.98
1250,19,Side,47.15,120.93,83.06,113.5,162.78,174.14,130.87,161.52
1250,20,Side,48.64,126.32,78.69,122.05,163.57,170.1,133.52,159.95
1250,21,Side,50.22,128.16,78.02,128.78,163.98,168.56,129.28,159.31
1250,22,Side,58.97,129.49,81.92,136.91,163.75,170.08,123.18,158.55
1250,23,Side,69.68,139.8,89.34,150.66,162.01,165.04,119.54,156.75
1250,24,Side,85.93,141.52,97.78,160.61,151.74,173.15,112.81,171.36
1250,25,Side,93.72,149.43,102.34,174.54,156.61,175.12,112.72,170.29
1250,26,Side,98.25,156.71,112.75,172.47,172.7,175.7,133.58,168.84
1250,27,Side,99.16,162.9,115.99,158.77,179.65,179.98,137.86,174.05
1250,28,Side,107.35,165.47,121.84,157.28,174.4,175.35,146.06,171.11
1250,29,Side,116.8,170.1,126.91,159.2,172.97,173.25,158.81,157.4
1250,30,Side,124.16,178.5,145.63,157.9,174.28,171.7,155.76,141.77
1250,31,Side,124.55,177.78,135.82,161.43,171.37,170.36,164.63,140.71
1250,32,Side,131.82,179.74,146.07,163.24,164.0,169.45,167.96,134.94
1250,33,Side,133.38,178.79,148.34,176.65,162.16,172.81,160.62,132.35
1250,34,Side,140.51,179.96,151.33,176.79,164.76,166.91,150.48,107.11
1250,35,Side,143.35,178.8,153.88,176.79,164.04,174.99,145.92,129.11
1250,36,Side,141.31,178.8,154.2,176.79,160.99,174.06,138.94,123.61
1250,37,Side,142.44,177.6,154.2,176.79,165.39,176.19,146.65,124.54
1251,1,Front/Back,179.98,179.97,179.97,179.97,179.98,179.98,179.97,179.97
1251,2,Front/Back,155.02,160.12,163.75,157.29,171.26,161.8,154.65,170.37
1251,3,Front/Back,142.38,153.53,157.54,149.05,164.84,156.91,147.58,166.17
1251,4,Front/Back,127.17,152.01,144.69,143.81,152.17,153.53,132.74,166.17
1251,5,Front/Back,128.55,149.51,138.53,133.29,155.52,160.57,124.92,166.42
1251,6,Front/Back,121.93,147.53,134.65,133.41,149.77,157.32,112.58,163.17
1251,7,Front/Back,114.6,137.25,134.65,128.69,142.44,146.76,111.81,160.26
1251,8,Front/Back,105.17,128.36,135.75,131.04,131.91,131.35,112.97,157.75
1251,9,Front/Back,101.48,125.89,134.58,120.93,120.3,122.96,107.16,153.6
1251,10,Front/Back,98.35,122.97,134.93,119.88,118.95,118.6,105.62,151.67
1251,11,Front/Back,95.52,120.08,135.31,118.87,120.98,113.05,107.17,148.2
1251,12,Front/Back,105.73,116.94,123.42,111.27,123.84,107.96,113.88,140.84
1251,13,Front/Back,107.05,109.16,120.34,109.84,128.32,114.21,124.24,146.63
1251,14,Front/Back,108.42,116.71,117.46,112.45,129.38,119.9,129.21,149.86
1251,15,Front/Back,112.74,123.84,122.01,114.91,134.63,125.74,140.85,155.44
1251,16,Front/Back,116.75,139.42,132.78,123.03,141.72,152.21,143.04,180.0
1251,17,Front/Back,116.93,160.03,123.9,134.07,126.95,142.64,139.33,162.61
1251,18,Front/Back,111.41,158.25,109.3,132.29,122.42,140.88,138.2,150.74
1251,19,Front/Back,116.67,156.6,114.45,132.26,118.42,142.45,137.16,149.03
1251,20,Front/Back,164.97,138.21,127.95,113.43,147.06,141.4,129.86,151.99
1251,21,Front/Back,128.8,133.43,129.28,110.2,145.01,153.94,159.87,151.31
1251,22,Front/Back,117.53,125.95,119.42,102.64,143.8,153.94,154.99,151.75
1251,23,Front/Back,111.57,122.86,113.46,98.76,143.8,154.72,150.3,150.21
1251,24,Front/Back,110.73,108.8,110.29,96.85,146.13,142.56,138.41,146.98
1251,25,Front/Back,110.56,93.31,110.16,92.75,146.09,134.95,138.55,143.59
1251,26,Front/Back,110.39,97.93,109.99,95.35,146.09,136.97,137.15,148.31
1251,27,Front/Back,110.64,99.94,109.31,96.87,147.31,137.71,138.72,146.06
1251,28,Front/Back,111.09,112.05,110.12,109.2,147.31,138.66,145.02,146.06
1251,29,Front/Back,108.46,114.21,113.61,110.91,141.65,139.45,148.72,142.71
1251,30,Front/Back,111.77,121.11,119.14,118.87,140.58,140.44,148.72,137.42
1251,31,Front/Back,119.93,132.87,118.02,131.28,149.88,140.44,143.67,139.6
1251,32,Front/Back,118.71,142.32,122.49,131.93,143.93,142.32,143.67,134.59
1251,33,Front/Back,135.49,161.79,120.66,130.74,161.99,151.2,140.38,131.39
1251,34,Front/Back,133.77,163.97,120.12,129.64,164.55,160.06,141.87,138.06
1251,35,Front/Back,137.6,166.5,120.86,130.74,170.78,166.5,154.65,145.3
1252,1,Front/Back,146.22,171.12,146.22,161.11,153.98,142.16,153.98,151.04
1252,2,Front/Back,146.44,168.18,146.44,160.69,145.95,133.28,145.95,145.1
1252,3,Front/Back,145.07,168.09,145.07,157.13,138.1,125.51,112.83,137.42
1252,4,Front/Back,148.6,165.83,140.76,154.09,131.37,117.86,104.07,132.04
1252,5,Front/Back,127.13,147.01,133.05,136.36,117.95,112.4,105.35,127.81
1252,6,Front/Back,120.42,148.01,127.95,138.29,106.33,104.03,96.5,123.0
1252,7,Front/Back,124.08,131.39,128.09,127.21,105.97,97.38,86.44,119.35
1252,8,Front/Back,121.1,125.52,124.49,121.44,99.3,91.2,81.39,115.84
1252,9,Front/Back,131.83,122.95,122.04,119.08,98.04,85.95,70.64,113.12
1252,10,Front/Back,128.43,119.12,116.0,111.96,95.56,83.79,65.62,109.78
1252,11,Front/Back,126.03,118.16,111.16,112.3,92.72,79.37,62.78,106.53
1252,12,Front/Back,126.25,118.33,108.71,109.22,95.0,80.37,62.99,106.35
1252,13,Front/Back,126.39,120.05,106.95,108.88,90.16,79.81,65.96,101.65
1252,14,Front/Back,129.17,122.12,104.84,105.34,94.76,81.74,63.44,91.25
1252,15,Front/Back,128.05,133.4,105.7,115.59,94.47,84.61,66.68,88.31
1252,16,Front/Back,147.21,146.2,118.92,126.54,101.29,87.47,69.12,90.37
1252,17,Front/Back,146.96,158.92,120.07,137.84,100.39,91.19,74.54,88.13
1252,18,Front/Back,147.44,157.51,123.06,137.84,99.59,90.49,79.25,90.25
1252,19,Front/Back,156.63,154.92,132.25,139.38,101.33,89.74,82.64,92.09
1252,20,Front/Back,163.84,153.71,143.7,143.31,102.55,94.62,95.69,85.84
1252,21,Front/Back,161.99,150.37,143.03,143.31,104.42,92.02,99.4,87.24
1252,22,Front/Back,163.96,152.38,143.7,143.09,106.39,96.09,101.91,84.34
1252,23,Front/Back,173.52,154.56,143.12,143.09,115.95,98.18,101.91,87.44
1252,24,Front/Back,175.1,158.33,138.56,144.9,122.28,99.97,104.46,91.21
1252,25,Front/Back,168.79,161.2,132.24,142.92,121.33,101.05,88.71,103.76
1252,26,Front/Back,159.39,162.9,122.85,139.09,121.4,101.85,90.61,118.93
1252,27,Front/Back,153.31,162.9,117.01,139.02,120.4,106.42,91.31,100.57
1252,28,Front/Back,146.78,148.18,110.8,126.0,131.45,107.62,100.81,100.78
1252,29,Front/Back,140.89,139.46,104.9,119.24,131.37,110.49,100.58,101.41
1252,30,Front/Back,136.54,132.48,100.55,112.26,133.63,105.55,101.43,124.52
1252,31,Front/Back,134.03,127.84,98.41,107.61,133.55,108.61,102.91,127.58
1252,32,Front/Back,131.84,121.41,96.64,107.22,135.89,116.95,103.69,110.24
1252,33,Front/Back,133.3,116.99,96.06,102.29,138.24,116.54,104.39,111.42
1252,34,Front/Back,137.34,115.82,101.39,100.59,140.7,116.23,106.55,115.29
1252,35,Front/Back,131.66,117.35,106.54,108.75,131.67,115.99,107.87,117.8
1252,36,Front/Back,136.33,121.7,115.86,113.1,131.96,117.25,105.13,125.8
1252,37,Front/Back,145.04,149.2,124.56,148.96,133.44,108.6,109.22,139.41
1252,38,Front/Back,145.92,151.29,139.7,151.31,134.53,111.91,112.5,140.63
1252,39,Front/Back,152.63,141.68,133.4,153.94,152.82,130.34,115.69,168.66
1252,40,Front/Back,155.49,143.4,136.99,154.09,154.85,143.4,120.82,180.0
1252,41,Front/Back,159.39,146.15,145.2,157.13,156.57,146.15,122.54,180.0
1252,42,Front/Back,161.94,165.67,148.86,161.11,166.74,136.14,134.23,150.47
1252,43,Front/Back,165.06,165.71,159.38,165.73,180.0,145.96,147.37,160.24
1252,44,Front/Back,179.98,179.97,179.97,179.97,179.98,179.98,179.98,179.97
1253,1,Front/Back,169.04,180.0,164.33,180.0,180.0,138.68,146.56,138.68
1253,2,Front/Back,167.6,180.0,167.6,180.0,180.0,138.68,150.58,138.68
1253,3,Front/Back,157.55,180.0,157.55,179.98,180.0,140.52,148.3,140.52
1253,4,Front/Back,161.83,180.0,161.83,163.81,180.0,140.52,142.41,140.52
1253,5,Front/Back,157.95,174.16,157.95,160.82,180.0,142.33,137.04,129.72
1253,6,Front/Back,158.79,180.0,158.79,180.0,180.0,148.68,137.98,123.16
1253,7,Front/Back,157.04,171.73,157.04,171.73,180.0,148.68,137.98,120.12
1253,8,Front/Back,152.24,162.23,152.24,162.23,180.0,142.35,138.33,117.01
1253,9,Front/Back,158.79,159.37,137.34,159.37,180.0,144.35,136.66,113.93
1253,10,Front/Back,151.98,159.7,145.81,159.7,180.0,142.35,137.98,115.24
1253,11,Front/Back,148.1,161.11,122.23,161.11,180.0,148.68,137.67,122.12
1253,12,Front/Back,145.52,131.4,119.65,131.4,180.0,140.41,135.74,117.83
1253,13,Front/Back,152.05,133.78,136.17,133.78,179.99,140.44,137.41,127.92
1253,14,Front/Back,139.27,136.74,132.76,136.74,170.61,146.67,135.74,127.13
1253,15,Front/Back,143.74,140.33,137.29,140.33,170.44,144.56,143.06,138.79
1253,16,Front/Back,149.97,140.33,142.89,125.03,158.69,144.56,144.81,130.73
1253,17,Front/Back,180.0,152.94,180.0,146.57,153.58,135.48,133.58,135.48
1253,18,Front/Back,179.99,165.1,175.29,149.25,166.64,163.39,154.5,163.41
1253,19,Front/Back,179.97,179.97,179.96,179.96,179.97,179.97,179.97,179.97
1253,20,Front/Back,180.0,166.08,180.0,166.66,180.0,166.08,180.0,180.0
1253,21,Front/Back,180.0,177.55,180.0,180.0,180.0,148.69,180.0,151.14
1253,22,Front/Back,180.0,170.02,180.0,180.0,180.0,170.02,180.0,180.0
1253,23,Front/Back,180.0,143.77,168.27,160.75,180.0,163.02,180.0,174.23
1253,24,Front/Back,180.0,140.7,180.0,155.43,180.0,160.42,147.07,166.17
1253,25,Front/Back,180.0,150.27,179.98,160.73,180.0,169.52,147.41,174.23
1253,26,Front/Back,180.0,145.18,173.83,116.02,180.0,159.76,145.34,159.76
1253,27,Front/Back,174.27,136.74,167.37,107.1,180.0,159.76,143.38,159.76
1253,28,Front/Back,180.0,155.49,164.0,125.51,180.0,159.64,143.75,159.64
1253,29,Front/Back,158.26,154.91,151.37,124.93,180.0,133.45,160.48,133.45
1253,30,Front/Back,151.98,139.73,136.94,113.64,153.16,144.74,130.46,144.74
1253,31,Front/Back,149.22,162.23,134.19,162.23,150.06,144.43,127.86,144.43
1253,32,Front/Back,147.07,171.73,132.03,171.73,144.35,136.83,125.4,111.71
1253,33,Front/Back,147.07,175.87,132.03,175.87,180.0,148.68,141.87,120.25
1253,34,Front/Back,152.24,180.0,136.66,158.43,180.0,148.68,140.07,123.2
1253,35,Front/Back,149.55,180.0,133.97,158.43,180.0,153.72,141.87,122.48
1253,36,Front/Back,166.93,180.0,145.73,163.81,180.0,156.72,146.15,120.64
1253,37,Front/Back,180.0,180.0,164.96,180.0,180.0,153.72,142.28,117.46
1253,38,Front/Back,180.0,180.0,180.0,180.0,180.0,140.41,143.38,106.58
1253,39,Front/Back,180.0,180.0,168.27,180.0,180.0,140.41,142.75,101.75
1253,40,Front/Back,180.0,180.0,168.27,180.0,180.0,140.41,140.93,101.75
1253,41,Front/Back,180.0,180.0,168.27,180.0,180.0,140.41,140.93,101.75
1253,42,Front/Back,180.0,180.0,168.27,180.0,180.0,140.41,140.93,101.75
1253,43,Front/Back,180.0,180.0,168.27,180.0,180.0,140.41,140.93,101.75
1254,1,Front/Back,179.97,179.97,179.96,179.96,179.97,179.97,179.97,179.97
1254,2,Front/Back,155.56,154.73,165.8,148.38,158.16,169.98,168.41,179.97
1254,3,Front/Back,143.03,147.36,165.8,164.71,157.21,162.61,180.0,179.99
1254,4,Front/Back,137.1,140.07,159.87,164.71,155.19,155.34,177.98,180.0
1254,5,Front/Back,134.47,136.18,155.29,164.71,143.28,151.45,164.12,180.0
1254,6,Front/Back,135.08,132.73,156.09,164.71,125.92,148.0,146.96,180.0
1254,7,Front/Back,130.45,126.35,140.48,141.4,123.49,148.0,149.16,180.0
1254,8,Front/Back,124.43,117.62,136.51,136.9,121.64,143.59,149.35,180.0
1254,9,Front/Back,116.45,120.64,133.82,135.89,120.91,140.56,153.91,157.73
1254,10,Front/Back,111.59,112.02,130.61,134.52,119.91,129.43,154.55,146.6
1254,11,Front/Back,107.06,119.33,127.5,130.23,118.33,116.95,154.55,137.95
1254,12,Front/Back,101.01,107.75,123.12,121.31,117.15,117.98,154.89,137.82
1254,13,Front/Back,98.4,101.8,120.65,116.59,119.89,110.81,157.78,140.02
1254,14,Front/Back,93.16,95.87,111.76,110.66,124.91,105.95,165.69,148.36
1254,15,Front/Back,87.16,89.51,109.51,108.03,135.47,105.87,180.0,147.62
1254,16,Front/Back,83.41,76.62,108.64,101.4,132.93,102.43,180.0,150.82
1254,17,Front/Back,74.24,65.53,98.02,93.97,134.38,127.94,162.56,150.8
1254,18,Front/Back,68.34,60.25,86.78,88.57,134.6,128.07,162.13,150.8
1254,19,Front/Back,63.52,54.76,78.23,84.18,107.68,126.97,149.35,180.0
1254,20,Front/Back,59.81,50.87,74.79,81.37,107.9,125.89,149.35,180.0
1254,21,Front/Back,57.4,49.22,74.79,80.79,107.51,124.83,151.37,175.71
1254,22,Front/Back,60.21,52.16,70.55,84.91,105.76,123.65,146.96,180.0
1254,23,Front/Back,60.09,57.94,73.1,88.57,105.3,125.77,149.16,180.0
1254,24,Front/Back,61.58,69.88,77.76,94.93,107.66,131.34,154.07,180.0
1254,25,Front/Back,67.89,77.87,82.53,100.55,111.84,113.8,156.71,160.08
1254,26,Front/Back,68.66,89.52,84.25,109.21,113.94,111.23,159.75,142.36
1254,27,Front/Back,67.57,90.64,85.24,111.6,120.33,112.91,168.23,139.57
1254,28,Front/Back,66.93,93.17,83.98,114.13,115.56,104.82,163.46,148.64
1254,29,Front/Back,63.91,94.87,82.13,118.29,110.68,110.1,159.75,156.39
1254,30,Front/Back,65.95,120.54,82.13,130.54,102.56,109.02,149.6,141.88
1254,31,Front/Back,67.89,87.62,81.15,107.16,98.74,97.51,143.3,135.63
1254,32,Front/Back,66.05,122.17,79.31,130.54,98.74,108.68,143.3,139.92
1254,33,Front/Back,62.48,116.06,75.73,126.33,96.63,106.59,138.7,139.72
1254,34,Front/Back,60.74,112.32,74.0,122.59,112.05,106.59,127.91,139.72
1254,35,Front/Back,63.18,108.91,69.7,119.18,104.62,106.59,121.02,139.72
1254,36,Front/Back,65.07,105.74,74.71,116.02,107.79,106.59,144.68,139.72
1254,37,Front/Back,60.51,68.39,71.63,94.19,108.38,104.58,146.75,153.23
1254,38,Front/Back,47.05,61.24,68.36,89.32,129.11,108.48,177.66,159.42
1254,39,Front/Back,47.05,54.41,68.36,85.66,131.45,125.89,180.0,180.0
1254,40,Front/Back,48.86,51.46,71.63,83.77,103.78,124.83,153.79,180.0
1254,41,Front/Back,50.55,50.67,75.62,84.17,107.4,123.65,159.72,180.0
1254,42,Front/Back,52.6,54.92,78.79,88.58,114.74,106.38,168.17,162.91
1254,43,Front/Back,57.11,57.43,82.18,91.02,115.92,106.6,168.23,163.06
1254,44,Front/Back,60.14,59.66,85.21,94.19,116.1,101.82,168.41,159.21
1254,45,Front/Back,63.92,64.45,88.99,97.94,116.1,99.6,168.41,155.95
1254,46,Front/Back,69.0,70.78,92.93,104.27,112.41,96.71,163.59,153.07
1254,47,Front/Back,72.19,74.26,94.96,106.58,113.44,104.04,163.46,159.21
1254,48,Front/Back,76.65,78.98,96.75,108.99,112.4,115.51,159.75,168.38
1254,49,Front/Back,80.03,82.79,98.9,111.52,113.63,128.4,159.75,180.0
1254,50,Front/Back,84.78,87.9,101.11,114.2,113.03,130.84,156.61,180.0
1254,51,Front/Back,90.74,93.25,105.76,120.08,111.56,130.31,153.82,180.0
1254,52,Front/Back,95.08,100.59,105.59,123.37,116.03,134.36,153.79,180.0
1254,53,Front/Back,102.19,106.68,108.05,126.99,135.06,136.82,168.17,180.0
1254,54,Front/Back,110.09,112.05,110.63,131.08,135.63,126.97,163.41,168.87
1254,55,Front/Back,119.32,119.53,113.33,135.91,138.5,140.76,159.75,180.0
1254,56,Front/Back,127.93,129.88,116.21,142.16,144.23,144.86,159.75,180.0
1254,57,Front/Back,130.42,144.84,119.29,157.12,140.49,144.86,156.61,180.0
1254,58,Front/Back,137.45,149.47,122.64,157.12,139.08,147.33,151.52,177.84
1254,59,Front/Back,148.94,149.48,130.69,157.14,139.94,146.99,148.94,177.51
1254,60,Front/Back,163.26,146.21,136.02,157.14,148.94,146.21,148.94,180.0
1254,61,Front/Back,171.87,146.21,144.62,157.14,142.7,146.21,142.7,180.0
1254,62,Front/Back,170.31,148.0,152.75,157.14,137.06,148.0,146.75,180.0
1254,63,Front/Back,166.91,151.45,152.75,157.14,155.33,151.45,155.59,180.0
1254,64,Front/Back,163.36,153.33,152.75,157.14,163.36,136.2,161.83,162.87
1254,65,Front/Back,163.36,155.34,152.75,157.14,163.36,138.21,162.13,162.87
1254,66,Front/Back,159.7,157.52,152.75,157.14,159.7,155.03,154.42,177.51
1254,67,Front/Back,160.04,155.34,152.75,157.14,160.04,152.85,157.95,177.51
1254,68,Front/Back,169.29,153.33,152.75,157.14,169.29,150.84,157.95,177.51
1254,69,Front/Back,175.88,151.45,152.75,157.14,149.68,148.96,153.79,177.51
1254,70,Front/Back,180.0,149.68,152.75,157.14,180.0,147.19,168.21,177.51
1255,1,Front/Back,179.97,179.97,179.96,179.96,179.97,179.97,179.97,179.97
1255,2,Front/Back,179.98,160.95,163.6,160.95,157.61,155.79,137.21,139.19
1255,3,Front/Back,180.0,155.52,158.0,155.52,160.35,153.36,139.95,136.76
1255,4,Front/Back,180.0,155.52,152.5,155.52,164.21,161.53,143.81,146.65
1255,5,Front/Back,180.0,153.64,140.9,153.64,164.21,161.53,143.81,146.65
1255,6,Front/Back,171.46,153.64,140.9,153.64,166.65,158.48,154.8,135.47
1255,7,Front/Back,171.46,156.63,137.57,144.98,156.45,158.48,164.97,136.17
1255,8,Front/Back,180.0,156.63,137.25,144.98,156.18,155.79,156.18,132.78
1255,9,Front/Back,180.0,160.22,137.06,141.07,151.75,153.36,151.75,131.05
1255,10,Front/Back,180.0,159.11,137.0,139.21,147.88,151.12,147.88,128.11
1255,11,Front/Back,180.0,154.99,139.87,143.33,144.41,140.23,144.41,126.03
1255,12,Front/Back,162.94,141.01,139.93,138.11,129.52,127.66,146.58,128.79
1255,13,Front/Back,150.03,130.96,134.91,130.13,123.95,125.19,148.9,129.35
1255,14,Front/Back,131.37,122.79,120.4,127.11,120.39,121.9,149.48,132.19
1255,15,Front/Back,122.03,117.49,116.41,113.2,117.61,121.63,152.06,134.15
1255,16,Front/Back,117.33,103.14,116.41,110.03,113.61,117.98,152.76,156.98
1255,17,Front/Back,109.99,98.02,110.45,107.6,108.56,131.11,148.9,173.08
1255,18,Front/Back,103.88,101.85,105.76,103.57,105.37,118.06,147.13,152.17
1255,19,Front/Back,100.2,100.21,102.08,102.94,102.08,110.85,143.84,146.14
1255,20,Front/Back,95.94,94.45,100.55,100.39,96.32,109.54,140.8,148.03
1255,21,Front/Back,86.3,91.55,98.07,99.33,99.5,108.8,151.14,149.19
1255,22,Front/Back,86.06,112.8,96.63,117.99,102.98,109.71,153.11,149.19
1255,23,Front/Back,89.79,108.99,98.57,109.27,98.8,111.23,147.13,149.19
1255,24,Front/Back,91.04,115.03,98.57,111.5,100.05,114.86,147.13,151.24
1255,25,Front/Back,118.28,113.02,114.29,104.81,107.04,116.5,142.15,151.24
1255,26,Front/Back,136.89,119.35,129.61,108.07,111.41,116.32,143.24,134.64
1255,27,Front/Back,132.32,117.07,125.17,103.41,109.27,121.32,141.21,150.61
1255,28,Front/Back,101.55,115.99,110.52,102.33,125.03,121.32,163.91,150.61
1255,29,Front/Back,120.27,119.18,123.37,105.99,134.77,117.39,167.78,146.68
1255,30,Front/Back,100.26,119.18,99.73,108.55,135.09,117.97,173.66,147.27
1255,31,Front/Back,122.16,117.36,121.06,107.34,138.74,116.78,173.66,146.68
1255,32,Front/Back,104.22,121.23,102.36,107.04,132.21,119.14,166.38,144.87
1255,33,Front/Back,107.06,118.39,102.01,109.65,127.98,126.0,158.95,147.11
1255,34,Front/Back,111.29,149.95,102.36,138.84,127.07,131.58,154.16,157.68
1255,35,Front/Back,116.5,149.33,103.43,141.12,123.63,134.47,146.58,160.56
1255,36,Front/Back,121.71,151.71,105.92,148.81,129.56,135.67,150.26,160.9
1255,37,Front/Back,122.95,158.89,107.25,148.83,130.89,139.46,148.37,152.89
1255,38,Front/Back,127.04,129.6,107.34,122.47,134.89,137.39,148.37,161.43
1255,39,Front/Back,130.2,139.39,105.22,126.87,138.9,134.13,147.44,152.77
1255,40,Front/Back,140.79,148.88,107.27,133.24,147.44,140.09,147.44,127.31
1255,41,Front/Back,124.07,156.63,112.78,127.92,141.29,152.77,163.52,131.47
1255,42,Front/Back,130.29,162.01,112.78,133.73,144.33,155.11,160.35,127.22
1255,43,Front/Back,146.3,149.19,116.39,128.34,140.43,152.77,140.43,124.29
1255,44,Front/Back,149.52,145.28,119.39,124.2,138.93,146.14,138.93,112.69
1255,45,Front/Back,153.17,141.76,123.04,120.6,137.47,146.68,137.47,113.12
1255,46,Front/Back,147.84,141.76,122.0,120.6,136.05,146.14,136.05,108.59
1255,47,Front/Back,158.98,160.95,125.26,128.85,141.34,142.62,141.34,101.31
1256,1,Side,153.89,166.32,143.79,152.72,172.97,176.55,125.12,174.6
1256,2,Side,154.28,165.42,144.05,152.2,173.94,175.58,127.25,174.14
1256,3,Side,153.47,163.78,144.83,150.54,173.93,176.12,128.94,172.73
1256,4,Side,152.6,162.37,142.36,151.33,173.97,174.21,129.89,175.96
1256,5,Side,151.75,160.72,142.05,149.67,174.54,174.73,129.32,174.17
1256,6,Side,150.08,157.54,139.12,144.81,174.56,173.3,137.08,172.63
1256,7,Side,150.7,156.81,142.72,145.63,174.0,173.41,138.46,172.55
1256,8,Side,149.88,153.87,140.67,141.81,173.93,172.9,141.05,170.38
1256,9,Side,142.65,150.88,136.23,139.48,171.72,172.48,139.62,170.38
1256,10,Side,140.45,149.1,134.02,139.83,170.62,171.36,141.93,170.21
1256,11,Side,139.53,147.32,133.34,136.58,170.59,171.96,142.76,170.04
1256,12,Side,138.13,145.71,133.54,136.67,169.49,170.84,143.39,171.96
1256,13,Side,135.91,146.15,129.98,136.67,169.37,171.88,141.83,170.13
1256,14,Side,132.57,144.41,126.88,133.43,169.39,172.31,141.8,168.38
1256,15,Side,130.28,148.26,123.47,139.49,169.27,171.48,143.65,168.75
1256,16,Side,127.85,131.79,121.3,125.54,168.63,168.66,145.18,168.84
1256,17,Side,129.42,141.8,122.25,132.23,169.57,170.99,145.34,169.19
1256,18,Side,125.2,141.78,120.81,133.3,169.43,170.97,146.83,171.58
1256,19,Side,125.59,124.2,118.72,115.19,169.98,168.59,146.06,172.26
1256,20,Side,125.83,120.82,118.71,113.68,170.31,168.56,148.21,172.89
1256,21,Side,120.77,117.51,115.36,111.72,170.18,168.5,149.52,173.47
1256,22,Side,124.47,116.47,116.74,109.44,170.01,168.36,151.34,175.14
1256,23,Side,121.22,114.72,113.51,110.71,169.42,168.91,152.72,173.48
1256,24,Side,119.4,117.53,111.8,110.11,168.78,169.28,155.19,174.06
1256,25,Side,113.81,117.47,106.46,110.11,168.21,169.14,157.08,174.61
1256,26,Side,110.23,114.2,101.33,107.1,168.77,169.67,158.81,173.55
1256,27,Side,110.2,111.21,101.09,103.88,168.05,170.76,160.8,172.45
1256,28,Side,104.18,107.35,94.52,100.96,168.5,169.9,161.34,172.59
1256,29,Side,101.84,100.14,92.21,93.46,167.44,169.2,165.19,172.37
1256,30,Side,97.62,99.09,87.46,91.92,168.71,170.33,163.65,171.94
1256,31,Side,97.6,93.55,88.33,86.0,168.59,171.52,164.91,170.16
1256,32,Side,95.12,89.04,85.9,81.45,168.22,171.45,165.32,170.47
1256,33,Side,92.61,83.85,83.44,76.87,166.7,170.79,169.77,169.96
1256,34,Side,90.1,81.74,79.84,73.34,165.92,172.57,171.63,165.65
1256,35,Side,86.67,77.48,77.35,68.99,164.78,173.12,173.19,165.16
1256,36,Side,86.59,74.96,77.35,65.24,164.0,171.77,175.97,167.01
1256,37,Side,82.78,70.03,72.15,59.45,165.71,174.99,175.88,162.79
1256,38,Side,73.3,68.04,59.26,56.87,168.08,176.41,175.98,160.25
1256,39,Side,71.73,64.8,55.74,53.03,171.02,177.73,175.2,159.11
1256,40,Side,77.96,62.93,61.93,51.46,171.34,176.2,175.14,162.18
1256,41,Side,76.28,68.85,59.26,54.29,171.37,177.82,176.09,163.37
1256,42,Side,73.72,62.83,56.67,48.86,170.31,178.58,176.97,162.81
1256,43,Side,71.21,61.92,53.04,46.58,167.97,178.12,179.74,157.12
1256,44,Side,66.45,54.54,48.58,40.36,164.83,179.17,174.88,157.88
1256,45,Side,64.23,53.18,46.33,39.73,163.28,179.66,173.11,157.93
1256,46,Side,62.08,56.3,43.09,42.28,161.57,179.54,170.79,160.15
1256,47,Side,58.7,53.06,40.76,38.92,161.28,177.93,170.82,157.69
1256,48,Side,58.73,49.63,40.76,34.37,160.98,177.18,171.06,157.78
1256,49,Side,57.39,50.93,38.76,34.06,163.0,177.11,173.7,157.25
1256,50,Side,57.43,49.63,38.76,32.77,162.37,177.03,173.48,155.19
1256,51,Side,57.52,47.91,37.36,30.8,162.45,177.35,173.97,157.11
1256,52,Side,55.0,48.98,35.45,31.51,160.6,177.36,172.99,157.86
1256,53,Side,55.08,47.76,34.36,30.31,161.2,177.36,175.65,158.56
1256,54,Side,50.87,41.78,31.16,22.54,159.62,175.58,174.11,157.58
1256,55,Side,50.06,41.96,29.93,21.96,158.97,175.63,174.4,157.11
1256,56,Side,47.08,38.94,28.31,18.95,155.98,176.72,171.9,159.97
1256,57,Side,44.4,38.94,25.64,18.57,156.49,178.81,171.5,165.44
1256,58,Side,42.71,36.62,23.58,16.85,156.8,179.35,171.54,165.72
1256,59,Side,40.76,37.89,21.63,19.91,156.95,176.3,170.52,167.9
1256,60,Side,34.38,35.43,15.6,18.55,157.56,176.27,169.98,167.72
1256,61,Side,39.67,29.21,18.51,16.11,157.55,174.43,170.62,169.37
1256,62,Side,37.01,34.37,16.95,18.06,159.48,174.52,173.25,169.48
1256,63,Side,30.33,29.85,15.02,18.11,160.57,173.28,173.54,170.27
1256,64,Side,29.17,33.93,12.15,18.84,162.65,173.97,174.28,171.05
1256,65,Side,29.17,35.44,12.15,20.02,164.54,172.76,177.07,171.81
1256,66,Side,29.15,34.85,13.8,21.45,163.14,170.97,174.9,173.93
1256,67,Side,29.58,35.44,14.82,20.35,166.41,170.7,179.45,176.24
1256,68,Side,30.19,36.82,14.35,21.15,167.93,171.6,179.58,176.51
1256,69,Side,30.2,37.06,14.35,23.08,169.54,170.08,178.48,177.23
1256,70,Side,30.25,37.06,16.06,23.08,170.26,169.54,177.04,178.41
1256,71,Side,30.91,38.51,16.72,23.94,167.73,171.88,177.61,174.54
1256,72,Side,30.37,38.0,16.72,23.96,168.12,172.78,178.54,173.19
1256,73,Side,32.26,39.41,17.74,24.83,171.02,171.52,176.07,175.03
1256,74,Side,33.71,40.35,19.44,25.45,168.48,170.98,177.74,176.48
1256,75,Side,34.26,37.19,19.99,20.67,168.71,173.86,177.37,176.0
1256,76,Side,39.34,39.05,22.81,22.55,169.58,172.47,177.51,179.76
1256,77,Side,36.24,41.22,21.16,28.59,170.09,169.16,178.04,179.16
1256,78,Side,36.63,39.98,20.98,23.55,169.7,171.8,179.37,177.55
1256,79,Side,37.09,41.01,21.94,24.6,170.54,172.03,177.36,178.38
1256,80,Side,36.68,43.37,21.94,30.7,170.27,167.6,177.0,171.93
1256,81,Side,37.75,44.5,24.11,31.83,170.55,167.91,176.47,172.49
1256,82,Side,38.6,49.41,26.15,34.69,171.22,170.1,174.46,172.36
1256,83,Side,50.45,52.89,36.67,39.08,173.29,170.24,172.87,172.38
1256,84,Side,56.36,63.92,42.58,50.09,173.29,170.81,172.87,172.94
1256,85,Side,60.12,69.76,45.78,57.13,174.55,170.81,171.44,172.83
1256,86,Side,67.16,67.8,52.29,54.54,175.78,170.46,170.64,171.44
1256,87,Side,75.71,75.05,60.3,61.79,176.25,170.38,171.38,174.42
1256,88,Side,85.9,85.29,71.17,72.98,176.78,170.5,172.07,176.63
1256,89,Side,78.96,94.41,66.21,81.33,174.12,171.18,173.44,176.99
1256,90,Side,84.67,102.84,71.88,89.78,174.13,172.49,173.48,177.27
1256,91,Side,93.24,114.38,80.46,102.21,173.45,172.8,174.86,175.94
1256,92,Side,98.88,119.29,86.05,107.14,172.76,172.88,175.35,173.91
1256,93,Side,104.29,121.97,91.44,110.34,172.83,172.26,175.01,173.22
1256,94,Side,108.02,131.11,95.6,120.64,172.4,172.96,174.86,168.6
1256,95,Side,112.21,136.49,100.21,126.16,171.44,173.54,174.91,166.16
1256,96,Side,117.73,139.0,106.93,130.42,171.52,173.79,174.69,158.9
1256,97,Side,138.79,142.92,126.16,134.19,172.25,173.77,176.22,154.73
1256,98,Side,123.28,145.21,113.27,135.21,169.07,173.98,179.74,152.29
1256,99,Side,142.6,139.05,129.94,130.51,172.35,172.23,178.42,144.86
1256,100,Side,147.09,138.58,133.96,132.2,172.31,171.84,179.77,144.79
1256,101,Side,149.56,142.1,135.98,136.99,172.84,172.41,179.71,144.23
1256,102,Side,149.8,146.14,137.45,138.28,173.33,172.4,179.21,144.23
1256,103,Side,151.03,146.95,139.12,142.44,171.9,171.49,179.8,144.69
1256,104,Side,147.57,155.33,135.19,148.54,172.23,173.7,179.65,144.76
1256,105,Side,148.62,155.33,136.23,146.94,172.23,173.62,179.65,144.83
1256,106,Side,147.56,158.5,135.59,148.37,171.74,173.99,179.57,144.91
1256,107,Side,148.53,159.36,136.55,150.73,171.59,173.82,179.41,145.06
1256,108,Side,149.44,159.93,137.45,151.13,171.51,173.73,179.32,145.14
1256,109,Side,151.45,160.04,140.83,152.83,170.3,172.47,178.5,145.96
1257,1,Side,137.11,137.54,151.61,152.25,167.85,174.43,166.94,177.37
1257,2,Side,137.56,140.38,151.83,159.27,167.58,173.94,167.12,177.37
1257,3,Side,137.56,147.96,152.94,165.29,168.36,175.2,167.91,177.06
1257,4,Side,137.56,149.5,154.98,166.85,168.36,175.21,167.91,177.1
1257,5,Side,138.81,148.92,156.95,167.86,168.85,172.43,168.85,175.91
1257,6,Side,139.51,148.35,159.74,167.86,169.0,171.96,169.0,176.01
1257,7,Side,137.99,134.95,155.03,158.91,166.56,167.91,167.96,175.6
1257,8,Side,136.13,131.61,149.92,156.45,164.89,167.25,167.7,175.83
1257,9,Side,132.19,128.09,144.43,153.9,164.66,166.44,168.0,176.0
1257,10,Side,129.58,123.69,138.59,152.35,157.43,160.24,162.23,171.55
1257,11,Side,123.5,119.14,132.98,149.63,164.36,158.2,167.6,171.34
1257,12,Side,113.63,109.96,122.17,135.81,163.98,158.47,167.86,171.42
1257,13,Side,102.09,98.42,110.02,118.51,164.02,159.46,167.99,171.42
1257,14,Side,95.36,83.32,103.0,98.2,164.6,160.5,168.69,171.95
1257,15,Side,85.87,69.75,92.8,79.64,169.61,164.84,173.78,175.88
1257,16,Side,77.3,57.84,84.92,62.86,170.76,165.29,174.45,175.91
1257,17,Side,75.26,53.86,80.31,55.47,171.93,164.31,174.49,172.08
1257,18,Side,71.29,52.38,77.21,49.31,174.26,164.18,175.09,170.01
1257,19,Side,68.03,49.89,77.34,42.93,175.99,162.87,176.19,167.41
1257,20,Side,64.65,48.67,76.75,37.4,177.78,162.06,176.23,165.32
1257,21,Side,74.9,46.63,86.86,31.81,169.31,163.78,177.07,166.12
1257,22,Side,77.37,51.34,80.87,39.49,169.54,163.08,178.92,166.96
1257,23,Side,81.13,55.37,83.39,46.74,170.43,162.22,179.23,167.11
1257,24,Side,76.18,60.41,84.51,55.15,177.59,162.8,177.11,170.33
1257,25,Side,82.18,63.64,87.92,58.86,177.02,164.4,175.26,173.4
1257,26,Side,91.65,69.42,91.65,68.88,164.59,162.3,177.65,171.9
1257,27,Side,95.02,76.15,98.27,78.86,170.28,159.78,179.91,170.36
1257,28,Side,103.53,83.67,105.8,92.36,167.51,156.76,178.29,168.83
1257,29,Side,112.81,89.99,114.14,103.32,162.3,151.83,174.03,164.91
1257,30,Side,123.13,93.72,124.72,111.94,159.41,148.9,172.03,163.35
1257,31,Side,134.42,97.53,135.06,118.74,156.6,146.58,170.17,161.81
1257,32,Side,136.94,99.24,138.27,117.88,156.98,147.05,169.87,161.99
1257,33,Side,142.01,103.31,142.15,121.03,153.21,149.98,167.28,164.01
1257,34,Side,145.6,108.2,147.6,123.54,153.13,154.06,166.49,164.65
1257,35,Side,148.01,111.75,150.69,127.6,152.94,154.89,165.62,164.77
1257,36,Side,148.94,115.51,149.53,132.26,152.44,155.25,164.92,164.89
1257,37,Side,149.28,119.71,151.0,140.83,154.37,157.18,165.91,165.87
1257,38,Side,148.92,123.08,152.79,142.18,155.63,158.47,166.19,166.22
1257,39,Side,147.84,127.14,152.63,146.62,157.89,160.48,167.53,167.29
1257,40,Side,149.38,128.12,160.15,146.39,160.43,162.59,168.72,168.43
1257,41,Side,149.6,131.73,162.37,150.59,162.59,163.52,169.99,168.88
1257,42,Side,148.96,139.62,162.13,155.89,163.19,166.25,170.2,169.03
1257,43,Side,149.09,139.62,163.41,155.89,164.81,167.26,171.44,170.03
1258,1,Front/Back,179.98,179.98,179.97,179.97,179.98,179.98,179.98,179.98
1258,2,Front/Back,169.06,168.91,162.9,164.01,169.06,168.91,179.99,180.0
1258,3,Front/Back,164.51,152.84,160.31,152.34,164.51,164.51,180.0,180.0
1258,4,Front/Back,160.91,153.85,158.16,154.3,160.91,161.0,180.0,180.0
1258,5,Front/Back,158.03,160.91,153.9,159.46,155.42,160.91,173.62,180.0
1258,6,Front/Back,157.95,142.37,152.29,140.73,157.95,155.4,153.62,163.31
1258,7,Front/Back,157.92,143.32,152.29,144.96,157.92,150.8,157.04,159.05
1258,8,Front/Back,150.71,118.83,150.88,147.92,150.71,150.9,153.62,167.37
1258,9,Front/Back,143.08,125.76,149.66,128.41,143.08,148.73,174.47,162.12
1258,10,Front/Back,139.76,117.47,139.38,117.47,139.76,146.89,174.47,180.0
1258,11,Front/Back,138.17,121.22,139.38,120.48,138.17,146.88,174.47,179.99
1258,12,Front/Back,148.99,118.01,145.28,120.9,125.46,143.25,142.52,179.99
1258,13,Front/Back,151.27,120.28,137.89,123.18,117.9,143.25,146.63,179.99
1258,14,Front/Back,153.5,125.08,135.9,127.97,118.07,143.25,144.57,179.99
1258,15,Front/Back,155.93,111.76,133.36,113.22,120.49,140.22,144.57,180.0
1258,16,Front/Back,158.61,122.11,135.9,121.92,119.33,141.87,126.99,180.0
1258,17,Front/Back,170.83,139.44,135.22,124.91,131.55,122.31,140.72,146.1
1258,18,Front/Back,170.83,135.39,132.67,141.61,131.55,118.93,140.72,140.02
1258,19,Front/Back,165.73,131.84,132.11,137.29,126.45,120.17,126.99,138.16
1258,20,Front/Back,165.73,156.47,132.11,143.92,126.48,138.16,135.8,134.48
1258,21,Front/Back,180.0,153.62,131.68,153.62,138.94,138.16,138.94,124.99
1258,22,Front/Back,166.25,145.54,131.68,145.54,127.0,140.02,140.74,126.86
1258,23,Front/Back,166.25,131.56,131.68,140.74,127.0,137.01,140.74,128.31
1258,24,Front/Back,171.64,101.77,131.68,134.56,136.44,135.44,130.84,155.06
1258,25,Front/Back,180.0,101.68,134.23,130.41,140.82,134.54,140.82,159.59
1258,26,Front/Back,157.95,100.78,134.66,127.02,130.12,137.03,152.18,159.59
1258,27,Front/Back,160.88,105.63,137.89,127.02,135.31,138.06,154.43,154.63
1258,28,Front/Back,164.4,109.64,149.66,128.27,141.37,140.95,156.96,146.41
1258,29,Front/Back,178.2,120.41,150.88,139.5,154.93,144.32,156.73,141.13
1258,30,Front/Back,180.0,136.19,156.34,136.73,156.73,149.33,156.73,142.73
1258,31,Front/Back,179.99,145.78,166.27,142.87,163.39,153.12,163.39,143.36
1258,32,Front/Back,161.37,145.33,143.97,156.46,144.63,168.86,158.31,162.12
1259,1,Side,143.82,179.83,142.51,175.26,171.0,166.63,154.73,158.58
1259,2,Side,140.78,153.54,141.74,146.45,171.83,173.88,154.66,157.53
1259,3,Side,137.09,153.67,138.96,155.97,170.87,173.34,154.7,160.21
1259,4,Side,135.48,149.61,136.44,141.17,172.68,172.49,153.81,160.78
1259,5,Side,130.0,147.49,131.97,139.39,172.56,173.5,152.92,157.21
1259,6,Side,128.45,146.18,132.71,138.68,172.56,174.64,148.42,157.26
1259,7,Side,124.35,145.42,127.06,137.87,171.62,174.62,149.69,157.95
1259,8,Side,118.62,144.23,119.74,134.37,169.67,175.54,154.83,156.98
1259,9,Side,113.53,140.66,113.84,131.9,170.72,176.42,151.87,159.14
1259,10,Side,108.32,134.35,107.1,127.34,169.88,179.1,153.58,159.62
1259,11,Side,103.76,136.82,105.12,128.88,170.59,176.11,154.36,157.09
1259,12,Side,101.98,126.73,102.55,117.41,172.0,175.18,157.52,158.7
1259,13,Side,89.37,124.44,93.53,112.15,174.67,178.22,157.57,162.02
1259,14,Side,94.95,126.49,97.83,111.88,177.25,179.46,154.67,164.98
1259,15,Side,91.67,120.0,95.64,106.44,179.58,177.32,155.11,162.16
1259,16,Side,95.15,119.14,99.46,107.41,179.7,175.96,161.6,167.04
1259,17,Side,86.15,90.37,90.26,79.71,175.27,179.75,163.99,167.08
1259,18,Side,72.17,66.54,77.09,57.0,175.49,178.08,162.95,166.47
1259,19,Side,64.96,48.07,69.62,41.05,174.66,171.3,165.43,162.22
1259,20,Side,58.04,42.82,59.63,33.69,178.49,171.24,164.09,162.94
1259,21,Side,50.67,52.07,48.98,45.0,173.61,168.1,162.91,163.97
1259,22,Side,49.64,53.41,41.1,28.86,174.92,175.05,168.08,166.95
1259,23,Side,47.73,45.98,32.98,17.72,176.01,176.26,170.52,168.47
1259,24,Side,41.46,48.81,27.65,16.98,179.06,178.64,175.03,171.25
1259,25,Side,37.57,47.62,22.83,13.8,178.92,179.63,177.0,174.09
1259,26,Side,36.43,47.42,22.09,13.43,172.92,178.34,179.98,173.23
1259,27,Side,38.13,44.57,23.97,15.16,173.2,176.93,177.83,171.03
1259,28,Side,41.0,45.81,26.2,18.73,174.21,176.74,177.36,165.43
1259,29,Side,47.2,44.73,28.77,19.86,177.21,178.85,172.71,172.63
1259,30,Side,46.79,47.63,25.71,24.93,179.16,178.45,172.3,166.72
1259,31,Side,57.57,51.15,40.97,30.96,174.36,177.02,170.16,163.48
1259,32,Side,70.41,54.64,53.06,38.64,177.13,178.78,169.85,163.59
1259,33,Side,72.47,89.76,54.04,73.78,179.08,176.93,168.66,166.89
1259,34,Side,85.24,114.22,72.35,101.55,173.39,174.54,169.84,168.6
1259,35,Side,95.18,123.82,82.22,114.44,174.37,175.52,168.77,167.41
1259,36,Side,105.66,134.82,93.93,129.61,170.72,175.47,172.14,166.39
1259,37,Side,119.22,127.14,109.65,125.69,170.61,177.2,172.27,165.55
1259,38,Side,127.91,137.32,121.95,138.62,168.64,179.79,169.75,159.96
1259,39,Side,135.99,140.67,134.41,142.69,169.66,179.03,168.45,164.52
1259,40,Side,147.76,159.4,147.3,161.03,170.46,176.12,166.73,164.16
1259,41,Side,151.53,162.95,151.28,167.3,170.4,177.0,165.92,162.53
1259,42,Side,152.57,160.55,151.95,166.26,170.73,178.93,162.61,161.67
1260,1,Front/Back,179.98,179.98,179.97,179.97,179.98,179.98,179.98,179.98
1260,2,Front/Back,179.54,164.76,161.25,168.4,176.55,172.63,177.0,179.99
1260,3,Front/Back,179.54,160.07,161.16,163.71,171.4,172.62,171.85,179.98
1260,4,Front/Back,179.52,158.04,161.15,161.54,166.42,161.66,166.87,168.87
1260,5,Front/Back,172.7,156.32,161.13,144.2,159.58,158.56,166.87,168.87
1260,6,Front/Back,165.67,153.04,154.13,141.03,157.24,156.11,164.52,166.52
1260,7,Front/Back,154.93,152.82,146.87,150.42,157.54,156.21,164.83,166.52
1260,8,Front/Back,152.96,150.23,148.02,137.7,154.53,156.21,164.83,166.52
1260,9,Front/Back,152.81,144.52,144.86,140.28,154.11,151.83,161.39,164.52
1260,10,Front/Back,150.79,144.52,146.04,137.03,151.09,151.83,161.39,164.52
1260,11,Front/Back,146.34,141.04,146.58,136.56,150.84,152.22,161.14,164.8
1260,12,Front/Back,144.01,142.83,146.21,132.33,147.03,150.42,159.65,163.0
1260,13,Front/Back,141.67,139.05,144.23,135.12,147.04,148.44,159.65,164.8
1260,14,Front/Back,139.52,137.26,142.07,133.33,147.04,148.44,159.65,164.8
1260,15,Front/Back,138.33,135.58,136.49,128.89,145.65,146.64,158.26,163.0
1260,16,Front/Back,136.37,140.66,136.49,118.84,143.47,161.76,158.05,163.0
1260,17,Front/Back,134.45,139.46,134.57,120.44,143.47,161.76,158.05,163.0
1260,18,Front/Back,133.49,138.45,134.54,123.17,153.55,178.75,168.13,179.99
1260,19,Front/Back,131.78,130.13,146.38,124.02,153.55,169.57,168.13,179.99
1260,20,Front/Back,130.05,126.9,146.38,117.03,151.81,169.57,168.13,179.99
1260,21,Front/Back,127.79,127.87,144.12,138.3,151.81,169.57,168.13,179.99
1260,22,Front/Back,123.85,126.35,141.75,116.74,150.25,169.57,168.13,179.99
1260,23,Front/Back,123.32,127.43,141.2,114.75,147.52,172.63,165.38,179.99
1260,24,Front/Back,123.17,124.33,146.32,117.88,140.6,169.67,163.73,179.99
1260,25,Front/Back,120.93,124.6,137.2,115.43,144.42,172.63,158.55,163.05
1260,26,Front/Back,118.88,130.29,135.1,114.07,143.22,179.99,153.09,159.28
1260,27,Front/Back,116.08,123.3,132.3,125.28,148.03,172.95,144.33,163.24
1260,28,Front/Back,113.83,121.78,129.99,129.01,148.38,169.87,146.85,165.59
1260,29,Front/Back,112.72,122.29,128.88,129.52,145.25,164.17,146.39,171.4
1260,30,Front/Back,111.65,121.05,125.98,128.28,143.09,160.97,153.55,168.2
1260,31,Front/Back,112.2,126.61,124.62,126.61,144.49,164.02,156.9,164.02
1260,32,Front/Back,112.16,126.62,124.58,126.62,142.09,160.71,154.51,160.71
1260,33,Front/Back,112.3,122.37,117.22,122.37,139.18,156.75,151.5,156.75
1260,34,Front/Back,112.33,120.66,112.91,120.66,135.49,151.96,147.91,151.96
1260,35,Front/Back,112.81,119.75,116.52,119.75,133.68,149.06,146.1,149.06
1260,36,Front/Back,113.27,119.3,113.22,119.3,132.05,146.41,144.36,146.41
1260,37,Front/Back,116.39,119.88,110.77,119.88,136.78,144.81,143.53,144.81
1260,38,Front/Back,113.24,119.75,112.54,119.75,132.09,146.02,142.14,146.02
1260,39,Front/Back,115.17,119.8,113.37,119.8,135.17,146.02,142.09,146.02
1260,40,Front/Back,122.28,121.16,122.28,121.16,141.3,144.29,141.3,144.29
1260,41,Front/Back,104.08,121.76,117.4,121.76,119.89,144.29,139.09,144.29
1260,42,Front/Back,105.84,126.03,123.51,126.03,120.46,136.94,138.14,136.94
1260,43,Front/Back,108.96,127.44,123.18,127.44,122.99,136.79,137.21,136.79
1260,44,Front/Back,110.22,127.19,122.13,127.19,126.35,136.94,138.26,136.94
1260,45,Front/Back,114.77,124.3,124.19,124.3,128.84,138.26,138.26,138.26
1260,46,Front/Back,118.81,125.48,124.03,125.48,132.13,141.65,137.35,141.65
1260,47,Front/Back,116.23,127.42,125.43,127.42,127.61,139.16,136.81,139.16
1260,48,Front/Back,117.97,128.12,127.17,128.12,126.91,137.67,136.1,137.67
1260,49,Front/Back,131.61,134.79,131.61,134.79,134.72,137.67,134.72,137.67
1260,50,Front/Back,133.14,139.14,133.14,139.14,134.91,136.94,134.91,136.94
1260,51,Front/Back,135.28,140.22,135.28,140.22,134.23,138.26,134.23,138.26
1260,52,Front/Back,137.57,142.22,137.57,142.22,134.23,136.22,134.23,136.22
1260,53,Front/Back,139.05,144.46,139.05,144.46,132.89,135.51,132.89,135.51
1260,54,Front/Back,142.69,147.93,142.69,147.93,132.89,135.51,132.89,135.51
1260,55,Front/Back,147.13,149.25,147.13,149.25,132.64,135.36,132.64,135.36
1260,56,Front/Back,153.58,143.72,153.58,143.72,135.53,136.22,135.53,136.22
1260,57,Front/Back,165.24,152.09,165.24,152.09,135.32,136.65,135.32,136.65
1260,58,Front/Back,180.0,152.09,180.0,152.09,135.32,135.93,135.32,135.93
1260,59,Front/Back,180.0,148.49,180.0,148.49,135.53,135.8,135.53,135.8
1260,60,Front/Back,180.0,154.05,180.0,154.05,133.96,135.09,133.96,135.09
1260,61,Front/Back,180.0,149.3,180.0,149.3,133.3,134.27,133.3,134.27
1260,62,Front/Back,180.0,150.78,180.0,144.48,132.64,134.27,132.64,134.27
1260,63,Front/Back,174.77,156.31,167.37,156.31,131.99,134.39,131.99,134.39
1260,64,Front/Back,180.0,151.02,166.99,130.1,131.99,134.39,131.99,134.39
1260,65,Front/Back,180.0,160.54,180.0,151.43,131.78,135.22,131.78,135.22
1260,66,Front/Back,180.0,169.86,176.45,156.46,131.78,135.22,131.78,135.22
1260,67,Front/Back,180.0,180.0,180.0,172.1,131.99,135.93,131.99,135.93
1260,68,Front/Back,180.0,156.95,180.0,132.54,133.3,135.93,133.3,135.93
1260,69,Front/Back,180.0,180.0,163.14,164.63,134.18,136.07,134.18,136.07
1260,70,Front/Back,180.0,178.01,160.0,158.77,135.53,132.89,135.53,132.89
1260,71,Front/Back,180.0,166.19,160.0,137.23,136.22,133.83,136.22,133.83
1260,72,Front/Back,180.0,168.24,160.0,139.27,136.22,134.52,136.22,134.52
1260,73,Front/Back,180.0,168.24,160.0,139.27,136.71,134.52,136.71,134.52
1260,74,Front/Back,180.0,170.14,169.72,141.18,137.42,135.36,137.42,135.36
1260,75,Front/Back,180.0,168.24,180.0,136.95,137.21,136.07,137.21,136.07
1260,76,Front/Back,180.0,168.24,169.72,136.95,140.37,136.94,140.37,136.94
1260,77,Front/Back,180.0,170.14,169.72,137.2,140.15,137.09,140.15,137.09
1260,78,Front/Back,180.0,172.6,169.72,141.59,138.26,137.09,138.26,137.09
1260,79,Front/Back,180.0,170.14,170.99,139.13,139.2,137.43,139.2,137.43
1260,80,Front/Back,180.0,167.86,170.99,134.92,137.35,138.17,137.35,138.17
1260,81,Front/Back,180.0,172.6,170.99,141.91,137.17,138.91,137.17,138.91
1260,82,Front/Back,180.0,164.53,166.99,133.84,139.75,140.25,139.75,140.25
1260,83,Front/Back,180.0,164.53,166.99,135.9,140.33,141.82,140.33,141.82
1260,84,Front/Back,180.0,180.0,168.16,165.84,141.9,142.63,141.9,142.63
1260,85,Front/Back,180.0,167.83,168.16,141.8,143.53,145.15,143.53,145.15
1260,86,Front/Back,180.0,164.53,160.0,138.95,145.04,146.02,145.04,146.02
1260,87,Front/Back,180.0,157.35,174.88,131.78,144.36,147.84,144.36,147.84
1260,88,Front/Back,180.0,149.3,169.56,124.23,142.9,148.78,142.9,148.78
1260,89,Front/Back,180.0,148.86,160.0,126.9,142.09,149.75,142.09,149.75
1260,90,Front/Back,169.23,150.96,149.23,142.34,145.04,150.96,145.04,150.96
1260,91,Front/Back,162.06,143.49,142.06,122.21,145.91,151.79,145.91,151.79
1260,92,Front/Back,155.62,145.47,135.62,138.92,145.73,150.75,145.73,150.75
1260,93,Front/Back,150.49,146.53,130.49,139.98,145.42,149.75,145.42,149.75
1260,94,Front/Back,146.3,145.3,125.91,135.96,145.73,148.78,145.73,148.78
1260,95,Front/Back,141.69,142.14,121.69,132.79,145.73,147.84,145.73,147.84
1260,96,Front/Back,140.03,141.27,124.08,141.27,145.04,131.01,145.04,131.01
1260,97,Front/Back,140.71,138.63,124.41,131.6,143.17,130.35,143.17,130.35
1260,98,Front/Back,137.57,136.27,122.5,136.27,142.2,130.35,142.2,130.35
1260,99,Front/Back,135.1,131.73,121.44,124.7,141.39,132.22,141.39,132.22
1260,100,Front/Back,132.76,131.74,119.1,124.72,141.39,132.89,141.39,132.89
1260,101,Front/Back,129.58,130.67,117.56,130.67,127.87,134.27,127.87,134.27
1260,102,Front/Back,128.57,129.59,116.55,129.59,129.52,134.27,129.52,134.27
1260,103,Front/Back,125.73,125.11,108.48,101.91,141.9,134.16,141.9,134.16
1260,104,Front/Back,124.95,126.61,107.69,104.16,141.77,134.86,141.77,134.86
1260,105,Front/Back,124.52,126.15,107.26,98.34,142.58,134.16,142.58,134.16
1260,106,Front/Back,123.26,127.21,103.04,100.06,142.46,134.27,142.46,134.27
1260,107,Front/Back,123.7,127.32,102.45,99.52,141.77,134.27,141.77,134.27
1260,108,Front/Back,123.28,127.71,99.53,97.85,141.9,134.27,141.9,134.27
1260,109,Front/Back,125.23,128.35,101.48,98.49,141.1,149.06,141.1,149.06
1260,110,Front/Back,124.93,128.91,101.9,100.5,141.24,150.05,141.24,150.05
1260,111,Front/Back,126.56,124.92,101.16,95.74,140.61,148.38,140.61,149.63
1260,112,Front/Back,127.17,126.34,107.72,97.15,139.83,147.4,139.83,148.65
1260,113,Front/Back,126.3,130.19,105.9,106.05,139.83,148.65,139.83,148.65
1260,114,Front/Back,128.61,129.12,109.15,106.68,138.92,148.65,138.92,148.65
1260,115,Front/Back,130.32,130.69,110.86,108.25,139.68,148.65,139.68,148.65
1260,116,Front/Back,131.15,129.25,116.08,108.72,139.54,148.65,139.54,148.65
1260,117,Front/Back,131.15,129.85,120.4,109.32,138.32,149.63,138.32,149.63
1260,118,Front/Back,131.15,131.81,124.74,108.61,138.32,149.63,138.32,149.63
1260,119,Front/Back,132.28,131.56,123.57,107.05,139.07,132.5,139.07,132.5
1260,120,Front/Back,133.37,132.3,122.93,107.79,139.23,131.82,139.23,131.82
1260,121,Front/Back,135.43,134.79,124.99,109.72,139.23,128.94,139.23,128.94
1260,122,Front/Back,131.91,139.14,120.59,107.69,139.99,128.94,139.99,128.94
1260,123,Front/Back,132.3,140.22,128.75,108.33,141.77,129.58,141.77,129.58
1260,124,Front/Back,133.5,141.44,127.8,107.31,141.77,129.58,141.77,129.58
1260,125,Front/Back,134.74,143.72,129.04,109.25,141.64,129.58,141.64,129.58
1260,126,Front/Back,136.02,144.01,130.32,111.07,141.77,129.7,141.77,129.7
1260,127,Front/Back,136.59,146.53,129.49,113.6,142.46,144.8,142.46,144.81
1260,128,Front/Back,142.63,146.95,131.3,115.68,142.46,145.67,142.46,145.68
1260,129,Front/Back,144.12,149.8,132.8,130.95,142.46,144.81,142.46,144.81
1260,130,Front/Back,146.38,150.37,134.19,131.13,142.46,144.81,142.46,144.81
1260,131,Front/Back,148.08,146.59,135.89,146.59,142.46,144.81,142.46,144.81
1260,132,Front/Back,149.87,152.66,137.68,140.65,143.29,144.97,143.29,144.97
1260,133,Front/Back,149.87,154.4,136.95,126.71,144.26,130.89,144.26,130.89
1260,134,Front/Back,150.8,151.74,137.26,131.7,144.26,130.89,144.26,130.89
1260,135,Front/Back,151.85,159.36,138.3,131.67,144.54,130.77,144.54,130.77
1260,136,Front/Back,150.6,161.75,135.35,133.95,144.54,130.23,144.54,130.23
1260,137,Front/Back,152.68,158.46,137.43,132.88,145.41,130.89,145.41,130.89
1260,138,Front/Back,154.16,162.32,138.8,136.81,131.36,130.77,131.36,130.77
1260,139,Front/Back,158.38,164.06,139.54,138.55,131.36,130.77,131.36,130.77
1260,140,Front/Back,161.3,152.09,142.43,126.58,132.17,130.67,132.17,130.67
1260,141,Front/Back,160.46,170.18,141.63,144.8,132.84,131.33,132.84,131.33
1260,142,Front/Back,162.89,152.54,144.15,127.15,133.51,146.12,133.51,146.12
1260,143,Front/Back,172.44,167.22,153.69,154.78,148.85,134.25,148.85,147.03
1261,1,Front/Back,179.98,179.98,179.97,179.97,179.98,179.98,179.98,179.97
1261,2,Front/Back,158.99,152.33,169.18,158.14,169.79,163.64,180.0,180.0
1261,3,Front/Back,151.06,154.87,161.25,157.75,169.79,162.13,180.0,180.0
1261,4,Front/Back,161.93,159.39,158.26,154.0,167.28,159.39,180.0,180.0
1261,5,Front/Back,142.23,158.16,155.66,154.0,165.36,158.16,180.0,180.0
1261,6,Front/Back,147.9,158.12,148.02,151.87,163.83,158.12,180.0,180.0
1261,7,Front/Back,133.39,158.09,142.05,151.87,155.28,158.09,180.0,180.0
1261,8,Front/Back,128.91,155.8,140.06,149.82,153.24,155.8,180.0,180.0
1261,9,Front/Back,123.61,154.73,134.69,149.82,153.31,154.73,180.0,180.0
1261,10,Front/Back,118.61,154.73,134.51,147.94,149.06,154.73,180.0,180.0
1261,11,Front/Back,115.17,158.12,131.82,149.82,148.3,158.12,180.0,180.0
1261,12,Front/Back,113.22,145.77,129.69,134.93,149.17,160.63,180.0,180.0
1261,13,Front/Back,110.85,134.71,126.42,126.47,150.06,158.06,180.0,180.0
1261,14,Front/Back,110.17,151.81,126.45,149.88,150.18,151.81,180.0,180.0
1261,15,Front/Back,109.11,134.65,121.9,136.55,153.68,149.97,180.0,180.0
1261,16,Front/Back,109.0,137.89,121.64,141.6,154.83,148.26,180.0,180.0
1261,17,Front/Back,110.8,133.25,119.56,137.95,158.71,147.41,180.0,180.0
1261,18,Front/Back,108.97,130.46,117.55,138.3,158.89,146.6,180.0,180.0
1261,19,Front/Back,106.41,127.2,115.02,135.84,142.57,145.8,164.72,180.0
1261,20,Front/Back,105.42,127.58,114.85,137.24,134.47,145.01,156.43,180.0
1261,21,Front/Back,105.52,127.52,117.24,141.35,127.52,143.5,151.77,180.0
1261,22,Front/Back,101.86,125.32,127.36,137.11,126.27,143.49,151.77,180.0
1261,23,Front/Back,99.99,123.43,126.34,135.58,117.25,131.8,143.6,168.3
1261,24,Front/Back,95.89,120.27,126.34,132.83,118.48,131.2,148.93,167.69
1261,25,Front/Back,95.09,115.57,127.53,129.3,116.66,129.96,149.1,167.15
1261,26,Front/Back,95.53,109.3,128.92,114.73,115.71,137.78,149.1,166.67
1261,27,Front/Back,95.3,109.37,127.85,113.47,116.73,135.02,149.28,163.85
1261,28,Front/Back,95.5,109.02,127.21,111.15,117.39,153.15,149.1,180.0
1261,29,Front/Back,98.29,107.16,127.53,109.8,121.44,149.75,150.68,176.52
1261,30,Front/Back,100.72,121.21,128.04,118.04,121.95,134.76,149.28,155.08
1261,31,Front/Back,105.0,119.29,130.4,116.62,122.55,134.97,147.94,155.08
1261,32,Front/Back,107.47,121.19,131.78,117.06,123.83,133.2,148.14,153.42
1261,33,Front/Back,112.87,114.35,135.08,115.17,134.21,137.45,156.43,162.62
1261,34,Front/Back,105.73,113.48,133.26,116.09,129.25,139.0,156.77,165.19
1261,35,Front/Back,106.9,108.27,133.42,110.36,127.3,139.86,153.82,164.69
1261,36,Front/Back,108.27,110.05,133.75,111.17,128.33,138.77,153.82,162.62
1261,37,Front/Back,124.5,108.85,141.46,109.96,133.89,134.5,150.85,158.35
1261,38,Front/Back,127.44,111.08,142.66,113.11,133.94,130.92,149.16,154.76
1261,39,Front/Back,127.28,113.38,142.38,114.37,133.78,128.8,148.88,151.61
1261,40,Front/Back,144.82,112.49,144.82,113.4,138.78,127.42,138.78,150.15
1261,41,Front/Back,146.51,119.85,146.51,116.85,138.78,124.3,138.78,142.12
1261,42,Front/Back,146.67,114.98,146.67,116.88,136.53,124.97,136.53,147.7
1261,43,Front/Back,150.61,115.38,150.61,117.2,134.54,124.77,134.54,147.41
1261,44,Front/Back,155.2,118.25,155.2,114.82,134.54,123.83,134.54,141.22
1261,45,Front/Back,156.0,124.86,156.0,125.46,132.46,123.56,132.46,141.38
1261,46,Front/Back,147.15,124.77,160.07,125.17,125.51,123.77,138.43,123.85
1261,47,Front/Back,156.39,130.63,167.08,126.99,126.86,124.1,137.55,125.31
1261,48,Front/Back,152.67,145.39,152.67,138.76,130.45,126.17,130.45,123.06
1261,49,Front/Back,147.97,153.28,147.97,147.26,122.94,126.63,122.94,125.31
1261,50,Front/Back,144.66,143.91,151.0,140.59,117.44,124.39,123.79,120.41
1261,51,Front/Back,146.48,150.22,152.83,143.99,117.44,124.47,123.79,116.78
1261,52,Front/Back,148.34,148.6,154.68,143.99,119.15,123.14,125.5,113.71
1261,53,Front/Back,166.43,143.72,166.43,140.59,133.02,120.59,133.02,112.64
1261,54,Front/Back,163.72,135.59,163.72,134.19,133.02,117.04,133.02,111.9
1261,55,Front/Back,171.74,132.16,171.74,131.97,133.89,114.81,133.89,110.87
1261,56,Front/Back,158.83,129.0,165.64,129.95,128.16,113.99,134.97,108.78
1261,57,Front/Back,158.83,127.84,165.64,130.02,128.16,113.79,134.97,138.19
1261,58,Front/Back,155.61,121.52,162.82,123.75,127.76,112.75,134.97,138.19
1261,59,Front/Back,165.72,122.34,165.72,124.0,133.98,111.89,133.98,127.08
1261,60,Front/Back,160.43,121.94,160.43,122.54,133.98,111.93,133.98,135.74
1261,61,Front/Back,160.43,162.13,160.43,141.46,123.1,133.19,123.1,135.74
1261,62,Front/Back,143.16,161.45,156.25,138.23,129.6,123.86,142.68,123.86
1261,63,Front/Back,143.5,156.41,156.42,132.28,132.01,126.41,144.92,126.41
1261,64,Front/Back,135.25,154.19,147.97,130.06,136.06,128.42,148.78,128.42
1261,65,Front/Back,158.2,152.17,158.2,128.04,151.47,130.22,151.47,130.22
1261,66,Front/Back,156.42,134.95,156.42,122.75,140.0,126.75,140.0,140.31
1261,67,Front/Back,151.3,135.21,151.3,123.79,139.94,128.65,139.94,142.21
1261,68,Front/Back,147.26,134.03,147.26,122.61,139.94,130.67,139.94,144.23
1261,69,Front/Back,143.07,130.15,143.07,120.5,138.92,131.08,138.92,146.4
1261,70,Front/Back,139.0,131.74,139.0,120.1,138.92,133.8,138.92,147.14
1261,71,Front/Back,135.08,128.92,135.08,119.07,140.08,135.91,140.08,151.04
1261,72,Front/Back,130.94,125.87,130.94,119.4,141.19,134.32,141.19,152.84
1261,73,Front/Back,114.97,124.41,126.99,119.28,146.42,132.98,158.44,152.84
1261,74,Front/Back,109.23,125.53,123.02,123.08,146.66,140.55,160.44,163.09
1261,75,Front/Back,105.22,128.48,121.01,131.32,145.16,135.27,160.95,163.09
1261,76,Front/Back,96.55,136.47,119.87,139.6,142.19,122.15,165.51,151.04
1261,77,Front/Back,101.85,132.4,119.02,131.16,148.03,123.15,165.2,151.04
1261,78,Front/Back,107.58,132.03,119.6,126.49,148.42,121.71,160.44,146.44
1261,79,Front/Back,110.04,134.58,119.65,126.1,148.64,135.35,158.25,157.66
1261,80,Front/Back,120.7,138.57,120.7,118.67,158.09,130.78,158.09,142.55
1261,81,Front/Back,121.5,147.09,121.5,114.68,154.45,153.64,154.45,153.64
1261,82,Front/Back,122.74,149.52,122.74,117.11,148.78,152.3,148.78,152.3
1261,83,Front/Back,125.36,150.87,125.36,118.16,148.78,150.57,148.78,150.57
1261,84,Front/Back,128.28,148.74,128.28,117.56,151.61,147.98,151.61,147.98
1261,85,Front/Back,131.51,151.11,131.51,117.89,151.61,147.98,151.61,147.98
1261,86,Front/Back,123.16,150.71,135.44,118.92,165.28,146.25,177.55,146.25
1261,87,Front/Back,123.62,156.65,135.89,124.87,167.72,147.57,180.0,147.57
1261,88,Front/Back,125.63,168.26,140.09,136.35,135.23,149.14,149.68,149.14
1261,89,Front/Back,128.52,180.0,143.16,148.0,135.03,149.14,149.67,149.14
1261,90,Front/Back,131.87,180.0,146.51,147.94,135.03,150.79,149.67,150.79
1261,91,Front/Back,137.31,180.0,150.23,147.92,136.77,150.79,149.68,150.79
1261,92,Front/Back,141.38,180.0,154.47,147.92,138.01,151.04,151.1,151.04
1261,93,Front/Back,146.47,173.92,159.56,147.92,139.51,145.53,152.6,151.61
1261,94,Front/Back,156.57,173.52,171.67,147.92,140.75,145.13,155.85,151.61
1262,1,Side,173.25,145.01,179.04,162.43,159.81,164.52,174.91,175.66
1262,2,Side,170.0,138.41,175.41,156.64,160.48,165.0,170.37,171.48
1262,3,Side,171.91,133.91,179.91,152.97,160.32,164.15,168.48,169.88
1262,4,Side,171.94,130.95,179.64,146.99,158.84,166.17,165.11,165.96
1262,5,Side,171.39,126.25,176.77,143.11,157.99,164.04,164.05,167.59
1262,6,Side,171.45,121.5,179.02,139.18,157.83,165.79,161.24,159.84
1262,7,Side,169.55,117.7,178.07,139.97,159.94,162.7,158.86,159.78
1262,8,Side,171.07,113.06,174.84,135.88,166.09,164.59,153.24,156.02
1262,9,Side,167.86,109.01,174.29,131.22,164.94,167.62,153.24,150.46
1262,10,Side,165.65,104.19,174.22,126.98,169.43,169.61,152.49,146.0
1262,11,Side,162.18,98.51,177.51,122.87,170.71,169.09,150.91,142.47
1262,12,Side,156.86,93.32,179.12,122.68,169.69,169.98,149.45,145.61
1262,13,Side,146.33,85.36,171.98,112.51,169.01,167.57,146.93,153.39
1262,14,Side,135.39,81.57,162.57,115.28,169.32,167.17,146.31,154.85
1262,15,Side,124.84,69.68,159.79,97.77,170.55,168.89,144.38,151.04
1262,16,Side,122.31,65.05,159.63,92.8,171.34,174.44,144.46,146.4
1262,17,Side,110.82,60.31,149.62,89.56,169.15,174.29,144.87,148.27
1262,18,Side,106.18,54.39,146.73,81.43,170.75,176.5,146.77,148.27
1262,19,Side,104.25,56.7,146.05,78.5,168.97,172.06,154.06,143.63
1262,20,Side,67.62,52.62,109.18,72.55,166.59,169.24,158.22,142.7
1262,21,Side,2.98,48.72,38.99,66.61,167.33,167.22,159.94,141.97
1262,22,Side,18.08,45.94,21.37,57.56,178.23,169.66,150.51,150.2
1262,23,Side,41.63,44.05,2.34,53.78,178.37,166.33,152.68,150.26
1262,24,Side,47.47,40.31,9.46,49.97,177.47,169.16,154.22,154.4
1262,25,Side,39.92,38.42,6.36,46.16,175.0,166.82,152.62,156.46
1262,26,Side,42.68,31.5,12.45,42.38,170.79,178.95,152.94,167.85
1262,27,Side,43.67,30.29,12.45,40.19,173.03,177.8,155.4,167.8
1262,28,Side,40.72,27.88,13.56,38.66,172.04,178.5,157.98,169.04
1262,29,Side,42.42,27.88,22.73,38.66,170.94,178.5,159.08,172.69
1262,30,Side,44.57,25.62,26.78,36.19,171.41,178.5,160.68,172.69
1262,31,Side,54.61,24.78,35.2,36.19,172.53,179.35,164.41,176.19
1262,32,Side,56.99,27.5,35.48,39.98,175.88,178.45,166.91,177.13
1262,33,Side,53.97,30.27,33.11,43.86,174.94,178.68,170.73,176.99
1262,34,Side,54.95,32.1,36.03,47.79,179.75,176.57,179.48,178.21
1262,35,Side,55.92,36.78,36.03,53.85,179.09,176.44,178.97,178.38
1262,36,Side,56.89,40.25,33.11,57.17,178.12,174.21,177.33,179.55
1262,37,Side,65.96,44.01,45.49,61.92,177.79,173.01,176.91,179.07
1262,38,Side,84.91,49.27,62.59,64.8,179.31,174.16,176.37,179.07
1262,39,Side,119.46,61.13,98.33,74.48,178.28,176.36,176.7,172.47
1262,40,Side,160.37,66.97,137.42,80.54,175.44,176.04,178.63,173.09
1262,41,Side,167.79,71.4,167.91,86.82,175.05,179.95,174.09,177.53
1262,42,Side,160.41,80.84,175.24,93.72,174.79,178.07,172.89,174.67
1262,43,Side,160.17,93.5,175.24,108.43,173.49,176.05,175.42,172.65
1262,44,Side,153.64,101.29,176.38,123.82,171.54,171.75,177.93,179.42
1262,45,Side,154.25,117.08,177.19,138.23,170.16,176.33,178.75,171.24
1262,46,Side,150.51,120.84,173.54,136.55,172.13,173.91,175.4,167.11
1262,47,Side,156.06,121.2,178.05,139.64,169.5,174.09,178.18,175.29
1262,48,Side,162.32,128.06,177.61,145.71,171.06,172.79,176.75,176.27
1262,49,Side,165.5,134.94,178.03,151.56,170.48,171.91,176.48,177.3
1262,50,Side,171.69,138.6,174.47,155.22,175.0,168.69,172.33,179.37
1262,51,Side,175.2,147.35,175.26,162.18,176.72,168.99,170.13,178.95
1262,52,Side,177.73,149.65,173.51,163.5,176.12,167.4,170.24,178.76
1262,53,Side,179.76,153.37,171.77,165.47,176.58,167.91,169.75,178.67
1262,54,Side,177.25,156.16,170.05,167.47,175.85,167.5,171.19,178.47
1262,55,Side,174.77,159.13,168.45,169.51,175.28,167.29,171.43,176.63
1262,56,Side,174.5,165.08,171.34,173.88,175.86,167.69,170.41,173.33
1262,57,Side,172.07,166.87,169.71,173.88,176.66,171.86,170.41,173.18
1263,1,Front/Back,161.3,141.91,173.63,119.49,145.28,171.89,136.87,180.0
1263,2,Front/Back,139.6,139.04,163.03,118.58,148.69,169.01,145.01,180.0
1263,3,Front/Back,133.51,132.75,160.79,117.49,141.56,165.04,152.99,180.0
1263,4,Front/Back,128.32,130.63,157.29,118.32,137.52,161.77,166.49,180.0
1263,5,Front/Back,123.79,131.1,155.97,119.52,120.55,158.76,152.73,178.4
1263,6,Front/Back,119.8,128.82,154.91,137.45,123.17,159.11,158.28,180.0
1263,7,Front/Back,112.83,126.53,143.68,146.02,143.45,154.47,180.0,180.0
1263,8,Front/Back,106.09,118.67,138.45,135.66,141.94,136.52,180.0,165.95
1263,9,Front/Back,100.56,116.47,135.04,128.83,139.82,128.02,180.0,160.12
1263,10,Front/Back,97.83,113.92,133.07,127.9,139.07,124.89,180.0,158.61
1263,11,Front/Back,100.16,101.02,143.09,128.9,119.2,115.77,162.13,155.69
1263,12,Front/Back,98.97,105.75,135.74,132.2,116.83,113.36,160.28,151.85
1263,13,Front/Back,100.03,111.63,130.73,137.46,116.21,111.67,160.28,149.53
1263,14,Front/Back,100.39,123.31,131.74,147.18,115.61,111.77,160.28,147.37
1263,15,Front/Back,103.79,147.53,130.79,168.27,114.05,124.64,158.72,157.11
1263,16,Front/Back,106.38,148.39,146.95,168.69,113.32,128.61,158.68,160.22
1263,17,Front/Back,100.84,145.08,140.71,158.06,124.08,116.93,168.75,151.85
1263,18,Front/Back,97.86,128.14,137.13,142.85,135.94,115.48,180.0,151.85
1263,19,Front/Back,95.76,121.78,134.42,138.44,136.55,123.94,180.0,161.9
1263,20,Front/Back,97.56,115.82,126.61,134.23,137.79,140.68,180.0,180.0
1263,21,Front/Back,91.2,111.56,133.4,131.37,137.79,139.28,180.0,180.0
1263,22,Front/Back,93.76,110.2,120.7,128.3,141.73,140.58,180.0,180.0
1263,23,Front/Back,98.71,105.16,122.91,125.36,145.29,143.43,180.0,180.0
1263,24,Front/Back,103.19,105.77,124.38,124.28,149.33,144.99,180.0,180.0
1263,25,Front/Back,111.88,112.32,130.07,128.51,153.65,147.34,179.99,179.99
1263,26,Front/Back,121.94,130.35,137.63,137.91,157.93,149.87,179.99,179.99
1263,27,Front/Back,128.74,127.64,143.8,136.9,161.45,154.78,179.99,179.99
1263,28,Front/Back,138.31,134.06,153.97,143.29,164.34,159.46,179.99,179.99
1263,29,Front/Back,149.48,146.42,155.32,150.13,167.89,165.51,179.99,179.99
1263,30,Front/Back,179.98,179.98,179.98,179.98,179.98,179.98,179.98,179.98
1264,1,Side,123.49,129.86,167.07,168.8,175.2,178.68,180.0,180.0
1264,2,Side,122.98,136.54,165.51,170.37,174.75,175.33,179.12,179.11
1264,3,Side,122.42,133.2,162.28,166.93,175.93,176.1,179.4,179.39
1264,4,Side,118.46,130.77,157.92,163.94,174.88,176.14,179.08,179.38
1264,5,Side,114.4,128.69,153.19,161.53,174.73,176.44,179.39,179.69
1264,6,Side,114.51,126.37,148.85,159.11,179.07,176.04,179.07,179.38
1264,7,Side,111.37,122.95,146.17,154.58,179.08,175.27,179.08,179.08
1264,8,Side,107.95,117.5,140.12,146.03,179.08,174.47,179.08,178.77
1264,9,Side,100.95,116.83,137.84,146.76,174.86,173.6,179.4,178.48
1264,10,Side,96.32,104.79,128.14,138.04,178.96,179.25,179.4,178.79
1264,11,Side,91.8,98.75,124.53,129.17,174.48,178.8,179.1,178.8
1264,12,Side,86.08,94.83,120.86,124.09,173.61,178.07,178.85,178.55
1264,13,Side,80.91,91.0,114.5,118.35,173.9,177.57,179.14,178.57
1264,14,Side,76.5,86.58,110.05,112.71,172.96,176.77,178.87,178.29
1264,15,Side,74.02,83.14,108.84,109.22,172.86,176.74,178.87,178.31
1264,16,Side,74.27,81.3,111.16,112.32,172.31,178.35,178.88,178.88
1264,17,Side,71.71,78.0,110.44,110.74,171.63,178.26,178.26,178.26
1264,18,Side,69.08,74.09,109.24,108.55,172.1,179.37,178.84,178.83
1264,19,Side,66.56,71.24,108.61,107.42,172.42,179.7,179.16,179.16
1264,20,Side,65.09,68.02,106.68,105.81,174.01,179.72,179.72,179.17
1264,21,Side,61.69,64.35,104.45,102.51,172.83,179.78,179.11,179.12
1264,22,Side,58.81,60.15,100.39,100.12,172.91,178.99,178.84,178.82
1264,23,Side,55.99,60.05,101.58,104.04,171.9,179.53,178.82,178.82
1264,24,Side,54.11,57.88,99.68,101.73,172.85,178.93,179.13,178.84
1264,25,Side,51.87,55.92,95.58,97.81,173.48,179.23,179.14,178.57
1264,26,Side,51.51,54.13,95.76,95.15,174.33,178.77,179.43,178.58
1264,27,Side,53.52,54.79,95.36,88.94,174.68,174.7,179.45,178.34
1264,28,Side,55.52,56.34,96.12,89.16,174.51,179.82,179.46,178.1
1264,29,Side,54.7,57.6,91.11,89.37,174.09,179.7,178.9,178.07
1264,30,Side,56.02,58.87,90.31,90.03,173.65,178.91,178.89,178.34
1264,31,Side,58.51,60.45,90.99,90.1,174.21,178.66,178.89,178.61
1264,32,Side,63.34,66.24,93.0,91.44,176.62,175.79,179.72,178.3
1264,33,Side,69.01,69.05,100.25,98.86,177.16,179.3,179.71,178.58
1264,34,Side,68.3,72.1,97.52,97.01,178.29,176.83,179.71,178.86
1264,35,Side,72.41,74.41,97.86,93.88,179.23,176.83,179.71,178.86
1264,36,Side,74.38,76.08,96.03,93.32,179.71,176.38,179.71,178.85
1264,37,Side,77.28,80.22,99.39,92.99,180.0,176.45,180.0,179.41
1264,38,Side,80.13,82.87,101.64,98.1,179.7,178.24,179.7,179.71
1264,39,Side,81.72,85.79,104.9,100.81,178.46,177.79,179.38,179.7
1264,40,Side,90.87,88.49,114.4,105.19,178.71,179.22,179.69,179.69
1264,41,Side,93.38,92.07,118.17,107.61,178.52,178.61,180.0,180.0
1264,42,Side,97.0,94.5,122.78,111.97,179.12,179.88,179.41,179.41
1264,43,Side,93.82,98.95,120.73,116.21,177.43,178.77,179.69,179.69
1264,44,Side,100.88,101.91,129.11,120.39,177.26,179.53,179.69,180.0
1264,45,Side,103.99,103.24,131.74,122.45,177.73,180.0,179.69,180.0
1264,46,Side,99.77,106.13,131.96,126.39,174.45,179.69,179.69,179.69
1264,47,Side,101.41,108.9,133.6,129.47,175.06,179.88,179.7,179.41
1264,48,Side,103.78,110.62,137.09,131.04,174.5,178.77,179.69,179.69
1264,49,Side,103.97,112.56,137.63,132.98,174.16,178.01,179.69,179.38
1264,50,Side,105.96,113.33,140.37,135.29,174.16,178.48,179.69,179.39
1264,51,Side,106.86,114.79,143.57,137.86,174.11,178.8,180.0,179.7
1264,52,Side,108.93,116.42,146.78,141.4,173.54,178.94,179.38,179.38
1264,53,Side,109.76,117.6,148.79,144.1,173.1,178.95,179.39,179.39
1264,54,Side,111.82,119.94,152.75,147.22,173.4,179.25,179.69,179.69
1264,55,Side,112.71,123.39,155.92,154.62,173.0,178.82,179.68,179.68
1264,56,Side,114.48,121.03,158.88,157.93,173.0,176.66,179.68,179.68
1264,57,Side,115.26,122.65,160.34,160.7,172.99,176.69,179.68,179.68
1265,1,Front/Back,180.0,153.23,149.88,153.23,137.39,180.0,137.39,146.52
1265,2,Front/Back,173.46,150.09,145.13,150.09,137.48,180.0,137.48,146.52
1265,3,Front/Back,160.42,135.98,132.09,149.83,141.98,166.16,141.98,146.52
1265,4,Front/Back,138.86,129.57,112.46,150.09,145.91,159.49,145.91,146.52
1265,5,Front/Back,132.97,125.64,108.68,152.12,149.56,153.52,149.56,146.52
1265,6,Front/Back,124.62,120.49,102.28,151.13,153.48,149.37,153.48,146.52
1265,7,Front/Back,109.8,111.74,103.13,148.81,145.22,142.92,160.31,146.52
1265,8,Front/Back,101.98,105.34,105.2,148.61,147.0,136.72,170.76,146.52
1265,9,Front/Back,99.34,105.31,114.45,135.68,140.08,131.18,180.0,146.52
1265,10,Front/Back,96.81,96.21,114.66,127.34,135.77,129.62,180.0,146.52
1265,11,Front/Back,95.18,91.79,116.04,132.19,132.24,129.13,180.0,143.22
1265,12,Front/Back,95.77,89.73,115.05,139.53,132.76,130.2,180.0,142.9
1265,13,Front/Back,99.99,92.84,120.11,141.56,131.65,131.28,180.0,142.58
1265,14,Front/Back,115.82,100.79,130.15,148.41,135.02,132.38,180.0,144.03
1265,15,Front/Back,133.83,112.63,148.6,160.79,133.83,131.85,180.0,143.3
1265,16,Front/Back,130.51,131.85,141.99,172.99,130.51,131.85,180.0,138.52
1265,17,Front/Back,132.71,133.46,139.64,173.31,132.71,133.46,172.05,137.59
1265,18,Front/Back,129.97,138.6,139.64,173.31,129.97,138.6,180.0,138.57
1265,19,Front/Back,127.87,134.1,140.8,173.31,127.87,134.1,165.78,136.41
1265,20,Front/Back,126.86,132.42,140.8,172.76,126.86,132.42,164.6,134.31
1265,21,Front/Back,125.89,131.36,140.8,180.0,125.89,131.36,162.5,132.32
1265,22,Front/Back,135.67,135.69,140.14,169.79,135.67,135.69,163.52,131.44
1265,23,Front/Back,137.45,123.99,140.14,166.61,137.45,137.38,159.76,131.19
1265,24,Front/Back,121.99,112.33,122.82,153.83,139.86,138.51,169.94,134.71
1265,25,Front/Back,133.09,106.95,126.89,146.64,147.52,140.31,179.99,138.06
1265,26,Front/Back,124.58,103.08,126.36,142.78,144.75,140.29,179.99,140.08
1265,27,Front/Back,121.15,103.87,123.67,142.31,144.82,141.57,179.99,142.2
1265,28,Front/Back,124.09,105.58,127.25,143.98,145.05,141.6,179.99,144.43
1265,29,Front/Back,128.62,110.62,131.79,148.35,146.59,142.27,179.99,146.79
1265,30,Front/Back,136.13,117.84,141.17,154.22,145.14,143.62,179.99,149.31
1265,31,Front/Back,146.59,129.54,152.45,163.87,146.59,145.67,179.99,152.03
1265,32,Front/Back,152.16,137.65,152.83,168.14,152.16,149.51,179.99,155.03
1265,33,Front/Back,155.99,152.93,152.41,180.0,155.99,152.93,179.99,158.42
1265,34,Front/Back,159.33,155.52,153.86,180.0,159.33,155.52,179.99,162.41
1265,35,Front/Back,143.28,155.81,140.77,172.6,163.18,163.21,179.99,167.58
1265,36,Front/Back,179.98,179.98,179.98,179.97,179.98,179.98,179.98,179.98
1265,37,Front/Back,147.0,180.0,163.75,180.0,163.25,145.51,179.99,145.51
1266,1,Side,134.11,171.57,138.84,177.43,151.25,154.76,151.01,105.22
1266,2,Side,129.09,173.42,133.26,179.6,149.26,154.98,150.26,107.85
1266,3,Side,126.62,173.95,138.75,176.67,148.21,157.26,150.26,113.68
1266,4,Side,123.07,173.34,139.71,172.9,144.03,158.45,148.16,110.84
1266,5,Side,117.7,175.14,140.72,169.33,143.3,166.17,148.21,129.58
1266,6,Side,105.65,177.13,133.19,162.35,145.17,170.66,168.36,137.36
1266,7,Side,97.95,176.64,134.24,157.32,148.54,173.99,144.58,152.49
1266,8,Side,96.57,170.21,136.8,160.21,153.08,176.0,142.91,167.52
1266,9,Side,69.53,161.81,125.37,167.43,147.24,177.1,116.95,161.19
1266,10,Side,64.27,148.83,117.46,174.0,155.83,167.14,112.02,150.7
1266,11,Side,62.32,150.92,113.04,164.58,169.05,161.73,103.47,148.4
1266,12,Side,57.26,152.52,107.51,158.96,171.84,153.68,101.96,144.86
1266,13,Side,51.91,126.13,98.6,177.66,170.66,171.67,106.39,157.36
1266,14,Side,44.53,92.87,79.19,155.66,179.57,172.84,103.84,152.7
1266,15,Side,40.38,97.57,72.36,166.4,167.46,166.91,103.31,154.14
1266,16,Side,38.31,46.52,66.17,107.25,165.0,159.38,105.28,150.35
1266,17,Side,37.55,7.46,61.31,57.41,160.83,155.69,106.84,150.76
1266,18,Side,29.31,22.4,49.23,39.2,160.71,159.44,110.82,155.19
1266,19,Side,25.07,18.55,48.64,48.78,163.98,152.94,112.62,150.85
1266,20,Side,25.57,24.88,39.44,35.91,164.57,151.68,117.81,149.41
1266,21,Side,23.8,26.2,34.64,24.06,164.51,152.24,121.22,151.86
1266,22,Side,19.59,25.8,33.86,33.42,166.31,154.35,125.21,150.54
1266,23,Side,23.6,26.74,35.9,33.91,165.24,159.62,123.03,156.25
1266,24,Side,24.37,26.81,39.53,31.62,173.43,161.81,127.88,155.22
1266,25,Side,28.94,27.03,44.93,32.54,172.78,164.57,120.9,155.35
1266,26,Side,32.06,25.77,52.15,27.89,175.44,168.53,114.16,157.63
1266,27,Side,36.95,16.85,57.85,43.79,178.85,166.55,110.09,153.84
1266,28,Side,40.33,10.31,56.79,53.68,179.17,168.24,108.05,160.37
1266,29,Side,45.31,7.73,73.74,59.65,178.29,164.19,103.97,157.05
1266,30,Side,53.57,42.04,90.55,91.83,175.49,164.93,97.28,152.84
1266,31,Side,58.6,116.68,101.2,165.74,174.42,166.22,97.86,159.83
1266,32,Side,60.69,103.74,107.87,150.74,169.38,167.34,98.23,163.06
1266,33,Side,58.62,117.42,98.81,158.92,169.72,162.64,92.03,158.2
1266,34,Side,63.52,154.72,101.58,168.67,165.5,163.5,90.84,156.74
1266,35,Side,69.04,150.65,104.0,174.84,168.74,165.72,91.97,159.03
1266,36,Side,83.84,158.45,108.02,167.47,172.27,169.58,97.48,178.15
1266,37,Side,90.82,160.08,109.15,173.09,166.93,172.62,102.47,169.25
1266,38,Side,97.01,172.05,109.73,160.39,164.96,177.64,104.72,151.5
1266,39,Side,105.75,174.21,116.57,166.61,159.68,176.22,108.27,144.35
1266,40,Side,107.73,179.97,119.11,155.97,154.09,171.62,113.37,140.23
1266,41,Side,118.99,177.43,124.75,160.23,147.7,164.24,124.43,137.94
1266,42,Side,120.42,176.85,128.0,156.69,139.65,156.94,132.03,129.9
1266,43,Side,122.09,175.56,131.66,159.67,133.92,158.06,137.87,124.47
1267,1,Front/Back,179.97,179.98,179.97,179.97,179.98,179.97,179.97,179.97
1267,2,Front/Back,166.33,155.4,161.36,169.39,166.33,166.01,179.99,179.99
1267,3,Front/Back,164.02,145.5,158.2,161.67,164.02,163.83,179.99,179.99
1267,4,Front/Back,159.06,141.39,158.2,161.23,159.06,160.16,179.99,179.99
1267,5,Front/Back,156.09,138.33,159.1,161.23,156.09,157.11,179.99,179.99
1267,6,Front/Back,151.21,134.08,142.18,158.39,151.21,155.69,179.99,179.99
1267,7,Front/Back,147.0,128.02,156.24,156.11,147.0,151.91,179.99,179.99
1267,8,Front/Back,144.35,123.65,158.2,154.06,144.35,149.59,179.99,179.99
1267,9,Front/Back,145.41,120.74,156.24,152.18,145.41,148.56,179.99,179.99
1267,10,Front/Back,143.56,111.77,155.43,147.31,143.56,144.46,179.99,179.99
1267,11,Front/Back,141.67,106.34,152.93,138.16,141.67,143.43,180.0,180.0
1267,12,Front/Back,140.93,97.93,150.63,132.37,122.78,140.81,161.85,180.0
1267,13,Front/Back,123.06,94.12,134.56,121.14,106.08,106.56,146.22,145.66
1267,14,Front/Back,127.76,93.81,136.14,123.83,104.65,105.47,143.85,145.36
1267,15,Front/Back,134.09,92.57,141.9,129.54,104.37,95.63,146.26,139.32
1267,16,Front/Back,139.52,100.46,143.39,131.05,99.01,99.85,139.49,142.72
1267,17,Front/Back,140.36,118.1,139.97,135.32,106.9,96.93,146.54,132.59
1267,18,Front/Back,151.86,154.35,137.74,152.9,100.29,106.16,128.43,131.81
1267,19,Front/Back,151.88,151.8,135.93,147.43,107.44,105.26,135.57,133.46
1267,20,Front/Back,149.65,152.99,133.05,145.01,113.64,109.22,143.98,136.23
1267,21,Front/Back,143.72,154.24,130.33,142.75,112.62,114.95,148.9,140.71
1267,22,Front/Back,153.03,149.46,129.02,141.77,121.79,129.06,140.9,159.61
1267,23,Front/Back,155.53,148.36,129.67,140.61,119.51,132.08,125.4,163.72
1267,24,Front/Back,147.75,147.29,132.4,145.01,135.25,138.51,153.76,171.22
1267,25,Front/Back,113.05,147.32,103.68,136.53,109.42,147.32,152.11,180.0
1267,26,Front/Back,143.83,145.25,127.45,140.65,130.96,145.25,167.13,180.0
1267,27,Front/Back,130.92,124.09,115.55,120.8,144.67,145.23,180.0,180.0
1267,28,Front/Back,114.9,106.37,100.46,109.85,143.74,142.37,180.0,180.0
1267,29,Front/Back,111.58,101.09,99.08,105.31,143.72,144.27,150.14,180.0
1267,30,Front/Back,107.49,96.83,96.42,108.0,143.72,143.31,147.92,180.0
1267,31,Front/Back,105.79,90.99,94.33,109.86,145.58,143.43,144.33,180.0
1267,32,Front/Back,104.27,89.99,97.09,106.74,142.79,144.3,137.21,180.0
1267,33,Front/Back,107.4,99.57,101.76,114.01,142.81,151.77,137.21,180.0
1267,34,Front/Back,116.36,104.94,111.99,127.2,143.72,152.99,137.21,180.0
1267,35,Front/Back,118.05,111.71,135.05,133.2,146.55,158.51,137.21,180.0
1267,36,Front/Back,133.83,115.34,162.65,138.35,146.63,156.99,137.21,180.0
1267,37,Front/Back,144.79,122.0,177.16,145.01,147.63,156.99,137.21,180.0
1267,38,Front/Back,148.66,128.05,180.0,151.06,148.66,156.99,137.21,180.0
1267,39,Front/Back,150.87,133.39,180.0,156.4,150.87,156.99,137.21,180.0
1267,40,Front/Back,153.18,139.71,172.19,161.23,153.18,158.49,137.21,180.0
1267,41,Front/Back,155.64,149.56,172.19,167.75,155.64,161.82,137.21,180.0
1267,42,Front/Back,158.42,149.89,172.19,163.98,158.42,165.91,137.21,180.0
1267,43,Front/Back,161.67,152.8,172.19,160.97,161.67,171.83,137.21,180.0
1267,44,Front/Back,161.67,150.48,172.19,158.55,161.67,171.93,137.21,180.0
1268,1,Side,152.27,164.05,160.74,174.14,179.42,173.66,174.23,168.3
1268,2,Side,152.12,164.47,160.97,178.56,178.26,176.93,176.41,170.41
1268,3,Side,155.76,163.81,163.64,172.78,179.41,177.97,176.42,171.11
1268,4,Side,158.87,158.95,163.06,162.38,173.71,177.97,173.27,173.06
1268,5,Side,166.16,158.98,172.14,162.38,172.56,178.0,173.37,173.06
1268,6,Side,163.95,156.35,173.96,154.98,175.52,178.0,175.14,173.17
1268,7,Side,158.2,161.09,169.51,152.99,176.82,178.98,173.35,173.04
1268,8,Side,156.8,159.41,167.59,151.41,178.36,175.82,174.79,180.0
1268,9,Side,150.6,156.96,157.64,144.26,179.7,174.43,176.73,180.0
1268,10,Side,150.64,154.61,164.74,141.91,178.84,174.43,176.68,178.21
1268,11,Side,137.24,154.61,153.74,141.91,176.49,174.43,176.63,178.21
1268,12,Side,136.99,151.88,153.22,139.18,176.3,174.43,173.07,176.31
1268,13,Side,129.81,148.7,145.78,136.01,176.54,176.4,169.38,170.67
1268,14,Side,121.69,144.97,140.07,132.57,170.56,176.47,172.69,168.49
1268,15,Side,110.22,121.53,124.0,113.83,175.21,179.79,160.02,162.1
1268,16,Side,121.15,137.08,131.46,124.75,179.05,176.12,157.85,163.36
1268,17,Side,109.1,126.38,119.16,111.73,171.67,178.34,165.72,160.56
1268,18,Side,100.46,96.34,109.23,85.56,172.73,178.63,167.19,161.46
1268,19,Side,97.66,73.28,107.72,63.35,171.32,177.75,167.87,157.94
1268,20,Side,91.48,105.26,101.53,97.38,169.23,177.27,172.34,156.58
1268,21,Side,78.8,69.1,88.63,57.5,171.19,173.65,164.41,159.08
1268,22,Side,71.42,99.25,83.66,89.75,166.61,173.24,167.15,157.37
1268,23,Side,67.47,82.6,77.23,75.96,168.64,177.94,163.53,156.4
1268,24,Side,60.77,68.02,73.17,62.63,166.45,179.67,167.68,152.43
1268,25,Side,56.9,48.78,70.53,41.62,165.01,179.53,169.95,152.74
1268,26,Side,56.52,34.46,70.53,29.12,166.72,174.26,166.79,155.92
1268,27,Side,51.87,32.08,71.2,26.73,160.01,168.96,174.39,162.18
1268,28,Side,48.73,29.69,72.43,26.91,163.35,173.64,172.3,159.89
1268,29,Side,46.13,31.67,69.11,26.17,169.82,173.65,162.12,158.79
1268,30,Side,43.8,30.9,72.41,24.2,171.29,170.13,165.4,166.87
1268,31,Side,45.87,32.87,78.69,25.53,167.09,168.93,167.22,167.28
1268,32,Side,39.4,30.7,66.16,22.54,173.46,169.78,170.71,160.85
1268,33,Side,40.94,31.12,63.67,25.71,175.06,169.37,170.85,165.62
1268,34,Side,44.39,19.75,70.63,14.99,174.89,168.08,171.03,165.9
1268,35,Side,45.34,27.9,71.42,18.83,174.72,174.94,167.87,163.97
1268,36,Side,43.99,30.77,70.56,22.97,170.02,171.34,174.54,165.9
1268,37,Side,51.21,38.3,76.43,30.02,171.36,172.96,172.39,165.82
1268,38,Side,56.95,41.46,76.24,32.43,169.7,174.44,175.91,165.46
1268,39,Side,62.42,45.25,79.88,32.79,166.5,163.87,177.78,173.95
1268,40,Side,73.62,70.56,89.56,64.41,169.84,165.3,174.36,173.44
1268,41,Side,82.72,77.11,97.43,68.96,169.15,165.46,172.62,173.28
1268,42,Side,93.03,96.63,107.74,89.7,169.15,173.37,172.27,167.91
1268,43,Side,106.25,90.47,117.41,67.94,179.74,172.41,163.4,166.43
1268,44,Side,118.5,117.78,131.12,100.97,178.27,178.48,163.4,167.7
1268,45,Side,125.81,136.16,137.24,121.72,179.75,175.03,166.55,169.99
1268,46,Side,134.76,130.6,144.61,123.06,178.49,178.87,166.3,166.09
1268,47,Side,135.77,145.07,146.89,136.15,178.13,178.65,168.15,164.74
1268,48,Side,135.5,147.62,144.16,138.78,179.68,178.89,162.85,163.93
1268,49,Side,133.39,151.11,149.56,147.53,164.25,178.61,175.02,164.41
1268,50,Side,135.62,141.94,151.59,134.28,165.96,178.81,171.62,164.62
1268,51,Side,147.75,138.5,172.87,131.19,160.01,176.38,179.82,160.9
1268,52,Side,148.88,148.51,173.37,145.01,162.0,174.04,175.79,156.91
1268,53,Side,149.09,149.67,174.0,145.01,162.21,179.91,178.12,160.6
1268,54,Side,153.27,158.3,176.82,157.52,165.59,179.53,174.48,160.77
1268,55,Side,153.6,170.0,177.51,178.09,165.69,178.45,172.67,160.77
1268,56,Side,154.86,174.64,174.96,171.33,166.95,172.26,172.3,169.7
1268,57,Side,155.76,174.64,176.51,171.33,166.95,172.32,174.14,169.64
1268,58,Side,145.39,173.5,157.3,172.11,169.2,172.61,172.2,171.67
1268,59,Side,145.39,173.5,157.3,172.11,169.2,172.61,172.2,171.67
1268,60,Side,145.39,173.5,157.3,172.11,169.2,172.61,172.2,171.67
1269,1,Side,136.81,144.03,154.15,175.09,177.61,172.41,159.75,176.54
1269,2,Side,127.98,142.96,147.67,169.49,178.4,172.11,156.3,178.1
1269,3,Side,121.61,141.58,142.75,163.08,179.55,171.63,155.13,178.91
1269,4,Side,115.19,141.24,135.4,158.39,179.18,169.58,153.97,178.89
1269,5,Side,105.65,138.61,129.54,153.42,175.65,169.24,159.82,178.26
1269,6,Side,107.9,137.73,130.2,147.96,176.61,167.58,153.19,178.08
1269,7,Side,96.32,125.62,121.16,135.64,179.44,169.99,155.56,176.83
1269,8,Side,87.51,99.0,110.33,111.04,176.61,175.44,155.5,177.24
1269,9,Side,78.06,85.6,100.4,96.56,179.77,176.79,160.1,176.36
1269,10,Side,69.55,78.82,93.22,85.3,179.4,175.03,163.52,176.77
1269,11,Side,62.6,68.93,84.36,76.35,178.48,177.67,167.23,176.09
1269,12,Side,71.22,72.6,93.88,81.41,178.06,177.17,168.97,175.52
1269,13,Side,71.88,69.88,95.0,80.02,177.12,179.46,168.54,175.86
1269,14,Side,80.89,80.46,105.92,89.06,175.2,177.49,164.93,175.9
1269,15,Side,91.65,98.71,114.54,105.51,177.21,174.36,162.75,176.35
1269,16,Side,102.31,112.52,125.2,119.05,177.47,173.0,158.27,177.47
1269,17,Side,111.47,125.27,127.29,135.77,175.87,174.65,158.77,179.98
1269,18,Side,122.65,134.04,137.53,151.48,177.44,176.67,161.49,178.25
1269,19,Side,131.69,134.58,146.03,158.62,176.62,178.39,160.56,176.13
1270,1,Front/Back,179.98,179.98,179.97,179.98,179.98,179.98,179.98,179.98
1270,2,Front/Back,161.79,179.98,171.27,164.05,170.51,179.99,180.0,164.37
1270,3,Front/Back,157.92,175.06,171.27,157.46,166.63,179.99,180.0,164.36
1270,4,Front/Back,155.12,179.99,168.55,161.04,155.49,179.99,168.93,158.16
1270,5,Front/Back,152.08,176.61,168.55,159.93,152.45,176.61,168.93,153.04
1270,6,Front/Back,141.89,169.44,160.95,155.39,160.95,169.44,149.29,153.04
1270,7,Front/Back,137.6,170.01,160.95,154.61,156.65,170.01,152.62,158.74
1270,8,Front/Back,133.02,164.05,156.37,153.99,156.65,164.05,152.78,165.62
1270,9,Front/Back,125.59,158.66,152.62,153.52,152.97,158.66,156.78,180.0
1270,10,Front/Back,126.32,156.41,156.63,153.18,149.7,156.41,161.2,180.0
1270,11,Front/Back,126.21,139.33,153.08,127.2,153.13,165.3,161.2,180.0
1270,12,Front/Back,128.85,156.03,157.41,149.52,151.44,156.03,161.2,180.0
1270,13,Front/Back,122.35,143.84,154.03,137.33,148.32,152.29,180.0,176.26
1270,14,Front/Back,124.45,148.26,161.57,127.76,142.88,144.58,180.0,154.57
1270,15,Front/Back,125.64,154.38,162.86,123.91,142.78,147.86,180.0,147.87
1270,16,Front/Back,119.69,142.53,153.47,112.05,144.2,144.02,180.0,144.02
1270,17,Front/Back,116.38,146.2,139.63,119.11,141.5,140.61,179.99,144.0
1270,18,Front/Back,110.68,137.75,131.34,117.83,144.09,135.32,179.99,145.88
1270,19,Front/Back,108.57,136.67,129.23,121.1,144.09,135.02,179.99,149.94
1270,20,Front/Back,107.05,114.38,142.16,107.93,142.88,137.06,180.0,163.68
1270,21,Front/Back,103.68,113.38,119.15,108.39,143.0,139.61,180.0,168.11
1270,22,Front/Back,109.47,110.21,125.06,106.72,136.43,133.65,173.54,163.64
1270,23,Front/Back,114.95,121.87,120.91,125.8,129.65,129.58,166.87,163.68
1270,24,Front/Back,117.94,121.81,126.43,127.26,140.26,124.68,180.0,160.3
1270,25,Front/Back,142.88,125.08,157.56,120.62,136.43,120.03,173.54,152.38
1270,26,Front/Back,142.78,118.17,157.56,115.39,127.91,118.81,165.13,152.56
1270,27,Front/Back,137.87,120.8,158.48,119.34,137.87,115.45,180.0,150.52
1270,28,Front/Back,139.06,120.23,148.75,120.01,139.06,114.47,180.0,150.78
1270,29,Front/Back,139.27,143.56,153.61,137.76,139.27,118.23,180.0,148.96
1270,30,Front/Back,138.09,142.26,145.11,143.47,138.09,109.21,180.0,146.96
1270,31,Front/Back,136.94,149.27,145.79,143.86,136.94,112.82,180.0,143.55
1270,32,Front/Back,138.09,148.92,145.79,143.86,138.09,113.97,180.0,145.05
1270,33,Front/Back,138.23,143.69,145.79,146.92,138.23,116.47,180.0,152.78
1270,34,Front/Back,134.58,142.26,145.79,147.46,134.58,123.24,180.0,160.98
1270,35,Front/Back,138.23,139.3,145.79,145.0,138.23,120.28,180.0,160.98
1270,36,Front/Back,134.84,138.22,145.79,145.0,134.84,123.27,177.25,165.05
1270,37,Front/Back,134.84,140.87,149.47,144.37,134.84,122.22,179.99,161.35
1270,38,Front/Back,135.95,142.26,149.47,143.86,135.95,120.18,180.0,157.93
1270,39,Front/Back,139.76,146.99,149.47,143.47,139.76,119.25,180.0,152.26
1270,40,Front/Back,136.11,154.34,152.82,143.18,136.11,120.42,180.0,146.07
1270,41,Front/Back,100.99,148.32,123.2,143.18,130.61,122.99,180.0,154.67
1270,42,Front/Back,103.07,139.0,127.94,128.03,132.69,123.95,180.0,149.96
1270,43,Front/Back,103.18,129.86,125.91,118.89,134.84,121.86,180.0,147.87
1270,44,Front/Back,105.28,125.59,131.89,114.94,136.94,123.6,180.0,149.94
1270,45,Front/Back,116.6,130.9,137.53,122.85,141.73,115.09,180.0,144.02
1270,46,Front/Back,108.19,127.05,123.45,123.78,141.6,115.19,161.71,145.88
1270,47,Front/Back,102.05,115.51,120.94,111.26,137.97,118.17,167.7,147.87
1270,48,Front/Back,97.4,121.41,119.57,117.71,134.7,124.31,180.0,154.57
1270,49,Front/Back,106.12,108.77,129.49,101.71,133.49,128.58,180.0,154.59
1270,50,Front/Back,110.15,110.82,136.33,105.05,131.38,133.35,180.0,157.32
1270,51,Front/Back,132.33,119.44,156.87,110.3,132.33,138.96,180.0,160.3
1270,52,Front/Back,134.58,119.43,152.82,104.49,134.58,145.15,166.2,163.99
1270,53,Front/Back,136.82,108.21,152.82,104.7,136.82,129.02,156.3,154.67
1270,54,Front/Back,137.97,112.83,153.61,107.25,137.97,140.2,179.99,163.8
1270,55,Front/Back,144.02,119.12,153.61,105.9,144.02,152.3,160.84,168.26
1270,56,Front/Back,148.24,119.44,153.61,116.17,148.24,142.65,180.0,163.99
1270,57,Front/Back,142.78,123.77,153.61,120.91,142.78,155.4,180.0,177.15
1270,58,Front/Back,144.02,138.07,153.61,112.98,144.02,169.7,180.0,177.15
1270,59,Front/Back,144.02,135.32,153.61,115.87,144.02,167.55,180.0,179.99
1270,60,Front/Back,144.02,141.32,153.61,121.87,144.02,156.45,180.0,168.88
1270,61,Front/Back,151.29,148.81,153.61,130.02,151.29,151.52,180.0,164.61
1270,62,Front/Back,152.93,158.24,153.61,127.15,152.93,160.69,180.0,160.69
1270,63,Front/Back,152.97,167.99,153.61,136.89,152.97,179.99,144.7,179.99
1270,64,Front/Back,154.82,180.0,153.61,148.9,154.82,176.26,145.83,176.26
1270,65,Front/Back,158.72,180.0,153.61,153.38,158.72,175.82,151.82,175.82
1271,1,Side,149.47,159.22,162.64,171.63,177.61,172.18,179.43,174.65
1271,2,Side,147.72,158.11,161.17,169.55,175.91,172.35,175.91,173.97
1271,3,Side,145.22,155.92,157.49,165.28,175.03,174.3,175.03,177.04
1271,4,Side,144.46,157.17,156.73,165.85,172.41,173.17,171.56,172.39
1271,5,Side,129.6,151.87,143.3,160.5,170.14,171.7,173.37,172.18
1271,6,Side,127.84,146.95,140.92,152.62,170.76,174.06,175.17,175.05
1271,7,Side,123.82,140.18,135.07,148.1,172.06,172.6,176.76,174.81
1271,8,Side,120.32,136.12,130.35,143.43,171.94,171.25,176.87,173.23
1271,9,Side,115.99,131.35,125.41,138.65,175.18,169.94,176.88,172.06
1271,10,Side,110.14,136.25,118.98,142.31,173.29,171.02,178.82,170.86
1271,11,Side,101.77,122.2,109.93,125.9,172.59,169.86,178.68,170.32
1271,12,Side,93.47,111.45,99.81,112.92,174.17,168.91,179.28,170.75
1271,13,Side,94.22,98.43,97.1,96.35,174.02,169.26,176.47,170.57
1271,14,Side,85.1,90.0,89.5,83.66,170.54,168.69,174.48,171.51
1271,15,Side,74.59,80.49,78.45,69.65,171.69,169.8,176.0,172.57
1271,16,Side,68.46,69.61,69.44,57.79,170.45,169.8,173.8,172.64
1271,17,Side,68.99,65.18,68.46,50.42,170.66,170.0,173.95,171.87
1271,18,Side,65.86,62.03,66.87,48.26,171.08,170.58,174.23,173.42
1271,19,Side,63.36,57.87,64.37,41.4,172.73,169.7,176.8,173.46
1271,20,Side,59.74,60.96,62.76,43.43,171.42,170.15,175.29,171.73
1271,21,Side,58.37,67.19,60.86,51.09,172.67,170.51,176.38,170.98
1271,22,Side,74.9,74.72,76.52,58.09,175.39,168.69,176.37,167.57
1271,23,Side,89.62,88.88,90.48,74.64,176.31,167.93,175.65,167.37
1271,24,Side,107.07,103.24,109.28,90.71,176.5,165.96,174.79,166.95
1271,25,Side,120.74,116.69,119.36,110.13,178.36,164.69,177.71,165.26
1271,26,Side,137.29,129.92,134.49,128.19,180.0,163.93,177.2,164.08
1271,27,Side,141.45,137.05,140.03,137.05,179.56,167.97,178.1,168.86
1271,28,Side,144.96,146.51,153.0,152.09,173.58,169.63,173.76,169.93
1271,29,Side,146.31,151.13,158.32,160.91,171.98,167.21,176.07,170.64
1271,30,Side,150.66,151.76,162.38,163.32,174.48,166.85,177.24,170.78
1271,31,Side,153.6,156.84,164.68,167.89,177.71,171.22,179.46,173.54
1271,32,Side,152.91,152.29,163.81,163.97,177.14,168.55,178.68,171.6
1272,1,Side,176.42,162.59,177.17,173.59,164.65,167.62,170.93,175.11
1272,2,Side,175.67,161.12,178.28,172.17,163.91,168.74,171.18,173.73
1272,3,Side,176.51,161.12,178.97,172.17,162.18,168.86,173.29,172.2
1272,4,Side,175.46,160.74,179.27,171.79,160.31,169.92,174.28,172.35
1272,5,Side,178.27,159.95,176.69,168.64,162.95,173.01,173.12,168.81
1272,6,Side,177.77,158.24,176.49,167.67,161.16,172.26,175.31,169.47
1272,7,Side,177.08,157.09,175.17,167.39,161.57,171.69,173.78,169.1
1272,8,Side,178.46,154.5,172.22,165.5,162.54,172.11,172.67,167.07
1272,9,Side,178.33,152.33,172.22,162.33,163.52,170.28,170.72,168.8
1272,10,Side,179.83,148.59,169.29,160.19,164.63,169.81,169.83,166.48
1272,11,Side,179.83,147.4,169.29,159.61,166.87,169.2,168.43,166.22
1272,12,Side,176.85,143.09,170.54,157.67,164.09,166.04,170.38,168.22
1272,13,Side,174.15,138.54,171.63,152.59,163.66,165.86,168.31,166.62
1272,14,Side,172.02,134.1,171.63,147.53,158.26,165.63,171.79,165.94
1272,15,Side,170.08,130.83,172.87,145.49,159.77,164.43,168.71,166.37
1272,16,Side,163.94,124.8,177.62,141.58,158.85,162.32,169.58,169.4
1272,17,Side,163.45,120.49,179.26,138.37,160.27,162.12,167.46,167.91
1272,18,Side,156.43,118.02,175.09,136.17,157.38,162.77,169.62,167.39
1272,19,Side,150.16,112.19,170.8,131.19,157.6,162.85,167.42,166.66
1272,20,Side,146.05,107.1,168.39,127.23,157.04,162.68,167.75,169.83
1272,21,Side,142.01,100.31,165.44,120.02,158.26,162.45,167.15,169.81
1272,22,Side,142.42,99.76,168.26,117.46,159.31,168.84,165.53,166.43
1272,23,Side,142.61,92.03,171.03,109.3,158.97,169.86,168.28,165.23
1272,24,Side,142.5,85.07,174.31,103.52,157.9,170.9,170.01,163.95
1272,25,Side,144.02,76.31,173.34,91.14,167.33,174.94,163.12,162.2
1272,26,Side,145.87,72.07,177.65,92.15,166.63,171.96,164.52,160.64
1272,27,Side,174.71,63.12,146.13,75.81,169.98,178.39,163.25,161.74
1272,28,Side,145.89,59.8,113.09,76.53,175.22,176.06,162.95,160.87
1272,29,Side,135.55,49.38,96.3,59.61,175.4,178.64,164.06,162.18
1272,30,Side,111.97,42.98,72.67,53.21,177.52,176.77,162.97,161.12
1272,31,Side,81.91,35.73,41.33,47.31,178.37,179.19,162.31,160.68
1272,32,Side,68.93,34.6,28.68,43.71,179.12,173.89,165.3,162.36
1272,33,Side,58.19,30.84,17.88,41.85,178.59,173.25,169.57,159.36
1272,34,Side,53.27,31.79,12.5,36.49,176.67,171.99,173.54,164.23
1272,35,Side,49.77,31.61,8.52,39.39,176.19,173.44,176.07,164.99
1272,36,Side,44.71,27.98,6.22,36.07,179.1,172.5,171.42,162.05
1272,37,Side,41.48,21.9,2.49,31.52,178.79,169.29,175.38,161.21
1272,38,Side,39.99,20.65,1.32,31.28,179.91,167.67,173.88,161.01
1272,39,Side,40.6,18.27,0.3,30.32,177.71,166.9,174.13,161.38
1272,40,Side,41.71,15.57,1.33,30.07,178.09,165.02,166.7,161.31
1272,41,Side,42.51,15.57,2.83,30.07,175.47,164.48,164.6,161.46
1272,42,Side,37.65,14.18,1.01,30.61,175.68,166.22,167.15,162.96
1272,43,Side,37.71,14.83,0.65,31.26,175.74,166.22,165.82,162.1
1272,44,Side,38.18,15.26,1.16,31.94,174.94,167.94,165.69,163.73
1272,45,Side,36.82,15.97,1.31,32.65,175.0,170.65,166.44,169.7
1272,46,Side,37.31,15.46,1.75,31.38,177.04,171.57,169.34,171.87
1272,47,Side,37.84,18.69,2.22,33.69,179.03,173.42,169.85,171.54
1272,48,Side,39.28,25.06,3.28,34.61,178.14,173.89,171.76,171.51
1272,49,Side,42.2,29.18,6.87,38.56,175.73,173.89,175.04,170.76
1272,50,Side,43.07,32.62,7.69,38.24,172.19,172.9,178.4,166.77
1272,51,Side,57.09,29.57,17.52,42.1,168.46,173.31,177.65,165.96
1272,52,Side,51.47,40.74,14.4,44.39,169.57,174.76,178.22,165.69
1272,53,Side,54.35,38.94,21.79,46.97,178.1,174.8,173.53,169.09
1272,54,Side,62.47,48.51,30.16,46.76,176.08,173.83,170.82,168.58
1272,55,Side,78.92,55.39,47.38,56.93,176.86,179.62,170.0,168.52
1272,56,Side,103.43,59.9,74.24,68.16,176.4,178.36,172.27,168.92
1272,57,Side,130.63,66.24,101.38,65.02,176.1,179.26,171.49,167.53
1272,58,Side,159.56,68.06,126.31,69.98,165.58,173.95,177.83,168.04
1272,59,Side,178.62,74.46,149.65,73.01,165.39,176.26,176.88,168.25
1272,60,Side,172.94,81.24,157.65,79.79,166.24,177.15,174.97,165.63
1272,61,Side,168.99,81.17,164.51,81.51,167.54,172.55,174.14,171.42
1272,62,Side,166.26,86.94,167.85,89.66,167.28,171.01,175.2,173.42
1272,63,Side,164.2,93.26,170.43,96.55,166.72,171.01,175.44,174.55
1272,64,Side,164.74,97.56,170.56,101.94,165.19,170.7,177.68,174.6
1272,65,Side,165.59,103.84,170.8,108.91,166.28,171.6,176.82,173.82
1272,66,Side,160.96,111.0,179.63,116.63,164.73,171.82,178.96,173.84
1272,67,Side,162.2,113.49,179.4,120.69,165.75,171.07,177.2,173.8
1272,68,Side,162.9,120.3,179.2,130.03,164.11,171.17,179.87,174.71
1272,69,Side,164.06,124.85,179.11,133.78,165.18,171.07,179.11,175.6
1272,70,Side,166.55,129.7,175.1,140.19,164.39,171.19,179.15,174.73
1272,71,Side,166.96,133.16,175.1,143.53,161.65,170.42,177.33,174.75
1272,72,Side,169.09,138.51,173.42,149.78,161.07,170.41,178.2,174.66
1272,73,Side,173.95,143.02,171.92,155.05,163.76,171.37,178.64,172.77
1272,74,Side,175.63,147.43,164.14,160.35,164.44,172.23,179.4,170.45
1272,75,Side,173.26,151.61,164.7,166.24,165.91,172.31,178.45,166.62
1272,76,Side,174.73,155.22,173.47,171.38,166.24,171.62,179.32,165.83
1272,77,Side,172.54,155.22,173.47,171.38,173.61,169.68,172.03,169.93
1272,78,Side,171.2,151.13,172.13,159.56,172.67,170.4,172.09,170.0
1272,79,Side,174.28,153.8,175.22,161.57,169.41,170.99,172.6,169.36
1272,80,Side,175.0,155.28,175.22,162.99,167.78,169.95,171.51,169.49
1272,81,Side,177.37,157.5,178.86,164.44,163.85,170.62,170.39,168.63
1272,82,Side,177.37,156.89,178.86,162.76,162.81,167.83,172.57,171.1
1273,1,Front/Back,157.99,136.51,179.99,136.51,143.24,157.73,109.97,104.56
1273,2,Front/Back,131.08,134.56,149.73,134.56,152.41,160.57,116.73,99.34
1273,3,Front/Back,136.89,138.46,155.54,138.46,146.6,157.46,108.52,100.47
1273,4,Front/Back,145.05,140.55,146.56,140.55,153.24,160.53,109.56,102.97
1273,5,Front/Back,163.1,140.81,153.69,140.81,163.1,180.0,115.18,127.28
1273,6,Front/Back,151.37,143.2,133.32,134.56,150.54,180.0,97.97,129.61
1273,7,Front/Back,144.94,135.69,130.98,135.69,160.31,180.0,113.99,133.75
1273,8,Front/Back,139.85,132.05,126.74,132.05,135.35,180.0,103.94,136.3
1273,9,Front/Back,128.13,128.89,112.53,135.25,153.22,173.64,113.02,136.63
1273,10,Front/Back,115.42,117.47,107.38,136.51,148.74,160.97,111.36,145.96
1273,11,Front/Back,107.48,113.51,103.24,137.07,144.93,156.44,111.36,152.94
1273,12,Front/Back,88.63,108.97,90.24,135.0,144.93,153.97,125.67,161.99
1273,13,Front/Back,82.65,130.67,81.93,153.58,129.62,157.1,121.81,161.99
1273,14,Front/Back,86.28,99.13,87.2,131.48,131.28,147.65,132.22,158.7
1273,15,Front/Back,85.64,92.68,93.72,129.51,132.46,143.16,146.49,159.63
1273,16,Front/Back,73.44,87.27,83.97,128.17,122.0,139.1,158.92,174.29
1273,17,Front/Back,76.56,119.57,86.24,143.13,117.8,138.12,153.2,161.67
1273,18,Front/Back,83.17,128.51,85.3,150.84,117.71,139.35,152.98,161.67
1273,19,Front/Back,104.42,143.25,105.1,164.05,116.82,151.86,150.64,164.58
1273,20,Front/Back,125.83,156.44,130.19,180.0,118.35,137.11,151.25,160.67
1273,21,Front/Back,158.49,157.96,152.24,180.0,125.88,122.17,147.39,144.2
1273,22,Front/Back,151.76,157.96,143.11,180.0,120.98,123.95,149.22,145.99
1273,23,Front/Back,135.9,157.96,127.07,180.0,121.16,125.83,149.22,147.87
1273,24,Front/Back,128.84,156.85,119.01,180.0,122.17,126.71,149.22,149.86
1273,25,Front/Back,123.15,145.04,112.35,169.22,124.77,135.86,151.64,160.03
1273,26,Front/Back,120.94,121.67,107.95,152.72,129.59,136.22,154.27,167.28
1273,27,Front/Back,97.98,123.76,89.5,150.84,127.99,140.2,157.18,167.28
1273,28,Front/Back,77.53,130.83,72.28,141.64,127.54,142.71,159.97,153.52
1273,29,Front/Back,67.19,133.43,65.52,139.79,123.73,143.02,156.72,149.37
1273,30,Front/Back,52.08,146.05,65.25,146.05,135.44,144.0,150.44,144.0
1273,31,Front/Back,60.59,143.13,75.87,143.13,136.17,143.32,138.99,143.32
1273,32,Front/Back,67.2,135.1,86.56,151.14,140.13,138.73,180.0,154.76
1273,33,Front/Back,80.73,137.75,97.31,151.51,142.29,142.1,180.0,155.85
1273,34,Front/Back,93.28,148.28,106.38,156.53,145.33,151.49,180.0,159.74
1273,35,Front/Back,117.2,144.45,112.0,155.27,134.62,155.84,155.51,166.65
1273,36,Front/Back,136.17,169.56,130.73,169.56,137.93,151.55,158.58,146.89
1273,37,Front/Back,143.72,150.25,137.42,150.25,160.21,180.0,155.77,167.93
1273,38,Front/Back,165.47,156.19,154.28,156.19,140.94,180.0,155.47,179.99
1273,39,Front/Back,165.47,166.6,153.91,166.61,140.97,179.99,155.51,180.0
1273,40,Front/Back,179.98,179.98,179.97,179.97,179.98,179.98,179.98,179.98
1274,1,Side,139.1,33.5,166.83,52.83,164.68,131.51,84.05,46.71
1274,2,Side,129.67,35.97,159.98,52.83,162.03,135.19,84.55,47.92
1274,3,Side,121.39,36.68,154.21,52.83,158.98,136.74,85.02,48.76
1274,4,Side,117.21,36.87,150.04,52.83,161.2,137.96,79.99,49.79
1274,5,Side,110.72,39.14,144.62,52.83,160.22,141.65,79.66,51.2
1274,6,Side,104.49,40.09,139.76,52.83,160.01,143.38,79.69,51.99
1274,7,Side,100.02,41.63,135.27,52.83,159.25,145.53,79.95,52.6
1274,8,Side,98.75,46.36,133.14,52.83,160.49,149.39,80.3,51.73
1274,9,Side,95.92,46.68,128.14,52.83,162.73,149.5,79.67,51.53
1274,10,Side,94.11,46.98,124.1,52.83,164.92,149.6,78.94,51.32
1274,11,Side,93.48,46.98,121.19,52.83,158.19,149.6,87.47,51.32
1274,12,Side,90.76,46.74,115.65,52.83,165.49,151.01,76.0,52.96
1274,13,Side,88.05,47.39,112.94,52.83,168.57,151.28,73.15,52.59
1274,14,Side,82.72,49.28,106.56,52.83,167.93,153.46,71.75,52.88
1274,15,Side,82.54,49.53,110.3,52.83,169.81,153.52,70.84,52.68
1274,16,Side,76.37,51.03,103.09,52.83,170.11,155.51,68.94,53.18
1274,17,Side,76.65,51.03,105.36,52.83,168.62,155.51,78.02,53.18
1274,18,Side,73.56,51.6,104.04,52.83,170.47,155.48,77.72,52.58
1274,19,Side,64.49,51.94,90.14,52.83,170.69,155.39,75.34,52.15
1274,20,Side,61.4,52.1,87.05,52.83,171.75,155.33,75.8,51.93
1274,21,Side,57.56,55.75,85.46,52.83,172.5,160.65,76.23,53.59
1274,22,Side,49.4,55.75,79.43,52.83,171.31,160.65,77.02,53.59
1274,23,Side,47.68,55.91,79.44,52.83,171.59,160.36,78.56,53.15
1274,24,Side,45.0,55.98,76.76,52.83,172.43,160.21,79.37,52.92
1274,25,Side,43.26,49.66,73.65,52.83,174.09,151.64,80.72,50.68
1274,26,Side,41.43,51.91,73.65,54.89,174.61,151.61,76.05,50.44
1274,27,Side,50.02,52.97,88.66,57.06,179.08,149.77,78.73,49.7
1274,28,Side,49.63,55.24,90.41,59.34,176.14,149.77,80.96,49.7
1274,29,Side,49.63,57.84,90.41,61.73,176.5,149.73,79.25,49.45
1274,30,Side,49.06,60.34,90.0,64.24,175.93,149.73,81.61,49.45
1274,31,Side,51.57,63.15,91.41,66.86,178.22,149.67,81.35,49.19
1274,32,Side,55.37,65.66,91.79,69.58,179.88,149.73,81.35,49.45
1274,33,Side,57.41,69.75,92.04,72.41,178.32,151.49,81.59,49.94
1274,34,Side,59.04,71.8,87.06,75.34,179.34,149.61,80.25,48.92
1274,35,Side,61.48,75.84,95.3,78.34,177.34,151.42,80.39,49.68
1274,36,Side,64.8,79.79,97.03,81.42,177.5,153.33,79.32,50.7
1274,37,Side,69.85,80.73,102.57,84.55,176.43,147.43,76.69,46.98
1274,38,Side,70.41,84.49,103.97,87.71,174.0,149.43,75.24,48.36
1274,39,Side,76.34,89.69,110.95,90.89,171.92,153.03,76.26,49.93
1274,40,Side,80.25,93.6,114.32,94.07,171.46,155.07,74.44,51.23
1274,41,Side,72.26,96.45,99.52,97.24,172.62,155.26,69.49,51.7
1274,42,Side,79.55,100.52,113.63,100.36,172.4,157.21,70.86,52.68
1274,43,Side,77.37,104.7,105.64,103.43,170.41,159.1,71.88,53.44
1274,44,Side,82.32,108.51,112.12,106.43,168.9,161.28,71.9,54.78
1274,45,Side,85.75,112.08,118.07,109.35,166.23,163.67,70.82,56.49
1274,46,Side,89.57,114.54,120.89,113.02,166.2,163.77,68.86,56.92
1274,47,Side,92.0,117.11,124.17,116.15,166.26,163.79,70.61,57.05
1274,48,Side,103.62,117.8,135.43,121.0,166.06,161.52,75.07,56.67
1274,49,Side,107.46,120.08,140.31,123.86,166.48,161.47,74.04,56.81
1274,50,Side,110.11,121.79,141.5,126.68,167.82,161.21,72.59,57.2
1274,51,Side,111.47,123.79,143.6,129.29,165.5,161.1,69.77,57.32
1274,52,Side,114.08,123.78,145.56,133.33,165.07,157.03,67.25,55.39
1274,53,Side,117.61,121.96,150.42,137.39,166.26,153.43,66.45,55.63
1274,54,Side,121.39,123.02,153.47,144.51,165.39,150.44,66.35,53.49
1274,55,Side,123.43,121.33,154.39,151.19,165.73,145.86,65.88,52.42
1274,56,Side,128.21,120.05,158.42,157.84,166.09,141.65,67.08,51.2
1274,57,Side,131.24,118.97,160.3,161.69,167.25,138.72,67.06,50.98
1275,1,Side,176.43,163.69,179.5,166.29,116.36,176.58,61.53,120.37
1275,2,Side,176.43,162.42,178.89,164.44,115.59,176.11,57.82,121.5
1275,3,Side,176.43,160.15,179.39,164.2,115.17,171.57,59.01,120.1
1275,4,Side,176.43,160.05,179.66,164.02,115.02,171.05,60.56,121.6
1275,5,Side,176.43,159.3,178.17,162.7,115.09,170.63,61.55,124.34
1275,6,Side,176.43,158.79,178.78,162.7,114.66,166.12,62.73,112.69
1275,7,Side,176.43,156.19,178.36,161.57,115.29,163.67,64.67,111.71
1275,8,Side,176.43,155.42,169.61,160.21,118.8,162.72,66.16,114.83
1275,9,Side,176.43,154.93,167.23,160.19,119.41,161.89,67.13,115.1
1275,10,Side,176.43,154.39,166.03,160.19,119.72,160.78,67.62,116.83
1275,11,Side,176.43,152.24,163.44,156.86,120.59,159.68,71.49,124.92
1275,12,Side,176.43,151.69,162.11,156.86,120.83,158.55,74.5,126.72
1275,13,Side,176.43,156.28,160.92,156.54,121.29,167.76,76.76,135.72
1275,14,Side,176.43,154.62,159.74,154.24,121.76,167.21,79.16,138.79
1275,15,Side,176.43,154.15,159.74,154.24,122.25,166.63,81.69,143.05
1275,16,Side,176.43,154.19,157.33,154.15,122.69,166.42,87.25,147.59
1275,17,Side,176.43,151.36,156.16,152.71,123.21,165.36,90.2,162.95
1275,18,Side,176.43,149.05,154.99,152.71,123.74,161.88,93.3,166.16
1275,19,Side,171.77,146.33,160.82,152.34,122.66,158.92,116.7,170.43
1275,20,Side,177.13,142.77,156.74,149.26,120.24,157.93,119.28,173.94
1275,21,Side,170.29,140.3,161.03,148.87,124.41,155.63,136.83,177.61
1275,22,Side,172.48,138.63,162.84,148.87,122.77,154.66,133.84,178.75
1275,23,Side,164.76,135.91,173.27,148.47,124.15,152.24,144.02,175.16
1275,24,Side,161.51,131.41,179.22,148.12,125.69,146.98,149.96,174.25
1275,25,Side,159.57,127.34,177.73,145.48,126.75,145.07,153.4,176.81
1275,26,Side,157.36,126.19,174.22,143.03,129.06,148.51,158.67,176.15
1275,27,Side,157.67,126.03,174.54,143.97,130.95,149.12,162.07,178.09
1275,28,Side,156.78,124.09,173.88,140.54,134.43,149.35,165.5,179.32
1275,29,Side,156.99,122.08,174.09,138.11,136.06,150.56,166.36,178.86
1275,30,Side,155.96,122.33,173.29,137.11,138.36,154.59,168.29,177.69
1275,31,Side,156.28,119.37,174.85,132.88,141.0,159.96,170.35,174.05
1275,32,Side,156.68,116.32,176.49,130.85,141.0,162.0,167.44,170.32
1275,33,Side,162.9,111.76,174.56,127.21,139.1,161.66,161.06,170.58
1275,34,Side,162.05,107.23,175.4,123.6,139.27,160.97,159.32,171.4
1275,35,Side,162.05,102.58,171.9,119.62,141.84,160.09,160.28,172.65
1275,36,Side,162.05,100.08,170.54,115.13,142.9,162.8,161.18,170.55
1275,37,Side,162.05,95.04,170.54,109.72,142.92,166.07,161.9,167.46
1275,38,Side,162.05,88.55,173.4,109.83,142.65,166.88,162.54,164.74
1275,39,Side,162.05,87.47,180.0,102.98,141.17,171.59,160.91,160.92
1275,40,Side,162.05,79.16,177.37,99.35,141.83,176.89,165.08,157.95
1275,41,Side,162.05,81.64,178.15,97.64,142.04,171.1,158.34,150.08
1275,42,Side,162.05,80.07,122.66,93.45,140.24,165.28,153.86,145.64
1275,43,Side,162.05,74.36,76.26,87.93,138.56,166.95,151.93,150.71
1275,44,Side,162.05,72.37,68.5,84.85,136.23,162.57,149.86,152.23
1275,45,Side,162.05,69.89,32.66,80.36,137.97,160.33,151.34,149.67
1275,46,Side,162.05,67.49,33.42,75.31,136.39,156.38,150.62,152.12
1275,47,Side,162.05,60.93,33.38,70.64,135.76,156.02,152.76,153.27
1275,48,Side,162.05,58.75,33.32,59.49,135.16,157.55,153.47,156.3
1275,49,Side,162.05,54.75,33.27,56.17,130.54,156.89,150.28,163.68
1275,50,Side,162.05,53.59,33.22,55.59,129.94,159.49,149.96,166.77
1275,51,Side,162.05,50.77,33.17,57.15,129.39,158.47,145.14,166.06
1275,52,Side,162.05,45.84,33.11,53.97,129.76,158.49,153.15,165.39
1275,53,Side,162.05,43.01,33.06,50.01,129.11,156.93,141.78,165.85
1275,54,Side,162.05,40.51,33.0,45.79,128.94,159.44,143.0,173.15
1275,55,Side,162.05,37.35,32.94,42.05,129.11,157.63,144.09,171.24
1275,56,Side,162.05,35.14,32.88,39.36,128.76,152.85,143.04,161.37
1275,57,Side,162.05,32.41,32.82,36.77,129.45,157.71,145.98,168.82
1275,58,Side,162.05,29.33,32.76,35.39,129.76,160.27,145.22,169.25
1275,59,Side,162.05,26.57,32.69,33.69,130.7,159.0,142.43,160.99
1275,60,Side,162.05,23.17,32.63,32.38,132.78,162.65,144.93,160.92
1275,61,Side,162.05,21.75,32.56,30.68,133.68,166.29,143.31,162.18
1275,62,Side,162.05,20.26,32.49,29.09,134.48,164.8,142.45,158.61
1275,63,Side,162.05,17.79,32.42,25.99,135.3,163.44,149.17,156.7
1275,64,Side,162.05,17.31,32.35,24.97,136.78,161.05,146.07,154.18
1275,65,Side,162.05,15.49,32.28,24.08,137.12,161.0,147.07,153.6
1275,66,Side,162.05,14.04,32.21,22.62,137.95,162.27,149.48,154.18
1275,67,Side,162.05,13.01,32.13,21.6,138.31,162.35,150.48,153.56
1275,68,Side,162.05,13.7,32.05,21.12,138.68,161.97,151.46,152.56
1275,69,Side,162.05,13.57,31.97,21.04,139.06,163.57,152.45,152.33
1275,70,Side,162.05,16.2,31.89,22.46,139.67,160.59,153.21,149.84
1275,71,Side,162.05,17.7,31.8,22.36,139.56,158.78,152.77,147.82
1275,72,Side,162.05,20.76,31.72,22.41,140.76,157.18,156.79,146.15
1275,73,Side,162.05,17.95,31.63,20.94,140.76,155.62,156.26,144.89
1275,74,Side,162.05,18.01,31.54,20.94,139.95,154.66,152.67,143.25
1275,75,Side,162.05,18.96,31.44,21.32,140.17,153.9,151.83,142.26
1275,76,Side,162.05,17.8,31.35,21.38,139.9,155.43,149.46,141.87
1275,77,Side,162.05,18.69,31.25,21.84,140.17,155.16,145.56,141.27
1275,78,Side,162.05,18.82,31.15,21.38,137.25,155.13,143.04,144.95
1275,79,Side,162.05,19.39,31.04,21.38,134.92,153.97,151.84,146.55
1275,80,Side,162.05,20.37,30.94,20.94,134.01,153.75,151.95,150.62
1275,81,Side,162.05,21.79,30.83,20.94,132.37,155.09,150.31,157.32
1275,82,Side,162.05,23.24,30.71,22.3,130.36,155.43,150.1,158.94
1275,83,Side,162.05,23.24,30.6,22.3,130.29,156.55,151.47,159.3
1275,84,Side,162.05,22.82,30.48,21.84,129.97,158.02,152.28,163.42
1275,85,Side,162.05,23.79,30.35,22.79,130.07,157.65,154.47,160.7
1275,86,Side,162.05,23.76,30.22,21.84,129.45,158.19,155.87,160.22
1275,87,Side,162.05,24.22,30.09,21.84,126.58,159.12,143.03,159.86
1275,88,Side,162.05,26.14,29.95,21.84,126.58,159.02,144.24,160.02
1275,89,Side,162.05,27.13,29.81,21.32,126.4,158.2,146.04,159.12
1275,90,Side,162.05,26.11,29.67,21.32,126.21,162.01,148.65,159.63
1275,91,Side,162.05,27.05,29.52,22.65,126.21,166.45,152.05,159.7
1275,92,Side,162.05,26.57,29.36,23.15,126.77,169.4,153.39,161.58
1275,93,Side,162.05,27.16,29.2,25.21,126.77,173.55,154.18,164.93
1275,94,Side,162.05,29.4,29.04,29.93,127.52,177.28,156.57,176.33
1275,95,Side,162.05,31.71,28.86,35.91,128.08,177.21,158.05,168.07
1275,96,Side,162.05,34.96,28.68,40.6,128.29,172.63,157.43,166.03
1275,97,Side,162.05,37.53,28.5,45.5,129.68,170.29,159.73,166.19
1275,98,Side,162.05,42.99,28.31,51.91,130.95,170.08,162.0,169.27
1275,99,Side,162.05,56.77,28.11,67.17,132.3,167.35,164.47,173.15
1275,100,Side,162.05,59.59,27.9,68.69,132.37,168.79,164.62,173.88
1275,101,Side,162.05,68.1,99.46,77.11,133.04,169.31,167.8,170.04
1275,102,Side,162.05,79.84,138.75,89.25,128.99,168.1,163.75,172.63
1275,103,Side,162.05,91.92,149.99,101.6,127.67,168.6,162.2,172.06
1275,104,Side,162.05,103.15,158.81,113.11,126.03,168.41,160.45,172.15
1275,105,Side,162.05,113.17,159.72,122.61,124.83,168.19,156.71,172.22
1275,106,Side,162.05,122.3,161.87,129.48,124.15,169.41,154.28,172.01
1275,107,Side,162.05,131.69,166.77,137.7,124.88,169.04,155.15,172.78
1275,108,Side,162.05,142.62,164.74,148.3,120.48,171.92,144.36,165.62
1275,109,Side,162.05,150.52,162.56,155.14,118.06,172.31,137.7,163.9
1275,110,Side,162.05,159.05,158.73,161.93,114.24,172.55,127.61,163.01
1275,111,Side,162.05,165.38,156.15,165.16,115.36,174.51,123.17,161.81
1275,112,Side,162.05,169.71,155.77,168.48,114.64,174.74,120.75,161.33
1275,113,Side,162.05,169.8,155.05,168.58,114.83,175.52,119.41,159.54
1275,114,Side,162.05,170.82,154.31,169.56,116.24,174.68,120.19,159.24
1275,115,Side,162.05,166.07,153.92,167.36,117.01,172.15,119.71,157.85
1275,116,Side,162.05,165.82,153.92,166.82,118.43,172.58,121.76,156.74
1276,1,Side,152.19,169.49,161.65,176.54,163.07,179.32,172.23,165.57
1276,2,Side,154.65,169.53,165.96,176.22,162.04,176.21,170.9,169.71
1276,3,Side,157.68,171.3,167.91,176.22,163.01,173.34,169.24,167.1
1276,4,Side,160.91,169.28,170.22,174.21,165.07,172.28,164.89,165.53
1276,5,Side,166.08,171.4,174.47,174.21,164.01,169.19,163.79,164.59
1276,6,Side,165.8,175.58,174.47,176.22,163.07,166.17,163.82,163.44
1276,7,Side,160.15,176.54,170.54,176.54,161.22,160.27,162.53,172.75
1276,8,Side,158.57,179.29,169.88,178.15,159.67,159.13,163.9,172.36
1276,9,Side,152.83,177.7,171.1,179.77,157.22,162.93,162.18,158.82
1276,10,Side,152.13,173.6,168.59,178.01,159.89,160.7,162.11,157.55
1276,11,Side,145.94,173.28,164.44,176.4,158.08,164.91,157.0,155.28
1276,12,Side,141.08,167.75,160.74,173.59,157.56,159.85,161.25,159.25
1276,13,Side,136.83,166.87,157.67,175.97,158.38,159.56,162.18,161.11
1276,14,Side,134.5,160.67,155.79,171.57,161.07,159.66,161.01,158.94
1276,15,Side,125.62,162.53,147.3,173.66,159.57,169.11,162.19,154.59
1276,16,Side,117.7,158.3,142.19,173.0,159.84,168.72,160.3,155.26
1276,17,Side,119.46,149.12,146.28,168.34,161.77,166.31,160.04,157.9
1276,18,Side,109.43,136.76,138.03,156.92,160.92,168.54,162.56,161.83
1276,19,Side,100.97,122.23,130.6,148.36,162.73,170.42,161.1,159.67
1276,20,Side,89.34,109.44,122.47,139.24,165.69,171.33,158.85,160.87
1276,21,Side,78.8,85.44,113.07,120.3,169.74,170.24,155.35,162.34
1276,22,Side,74.43,62.45,105.96,98.43,175.23,174.44,161.97,162.41
1276,23,Side,64.15,53.8,94.42,93.64,178.06,172.83,161.7,167.4
1276,24,Side,55.93,21.14,87.34,66.45,179.93,172.2,159.69,169.59
1276,25,Side,44.33,3.93,77.47,51.18,179.71,177.07,160.12,166.17
1276,26,Side,34.76,9.64,68.88,39.81,178.98,178.49,165.51,168.01
1276,27,Side,28.72,26.63,56.01,19.92,175.32,174.0,170.92,167.64
1276,28,Side,20.88,32.41,47.74,11.92,171.43,171.81,169.9,171.06
1276,29,Side,16.4,40.62,42.87,3.15,167.11,165.55,170.36,169.53
1276,30,Side,21.8,45.37,37.32,0.39,166.69,164.44,172.55,174.74
1276,31,Side,26.37,50.12,32.45,4.98,170.4,161.71,174.09,177.39
1276,32,Side,28.35,47.85,31.22,3.74,172.63,162.7,173.57,173.66
1276,33,Side,19.51,50.31,25.66,4.27,172.44,167.2,174.0,172.23
1276,34,Side,16.08,51.14,28.02,1.25,175.58,171.93,172.93,170.58
1276,35,Side,13.56,50.73,29.03,4.83,175.49,177.52,170.99,174.93
1276,36,Side,12.2,51.79,28.69,6.47,176.78,179.0,171.27,172.74
1276,37,Side,11.99,40.06,34.07,14.28,178.66,176.93,167.46,169.62
1276,38,Side,23.92,29.37,44.52,15.36,177.61,177.27,166.47,169.85
1276,39,Side,28.03,17.1,43.5,22.96,174.87,176.22,166.39,168.81
1276,40,Side,30.83,8.54,51.16,45.0,167.68,175.79,167.66,169.11
1276,41,Side,38.94,39.51,56.87,70.4,167.69,174.1,167.15,166.19
1276,42,Side,54.22,70.18,72.41,105.26,169.88,162.1,163.75,171.57
1276,43,Side,67.3,94.18,86.35,127.87,167.11,161.11,167.18,174.45
1276,44,Side,73.73,111.97,91.69,141.85,166.02,161.53,169.37,175.31
1276,45,Side,90.09,136.14,108.9,171.16,164.48,161.91,170.63,176.12
1276,46,Side,97.5,149.03,115.14,178.2,162.1,162.32,170.74,176.3
1276,47,Side,112.89,150.04,130.05,171.15,165.27,164.26,170.98,175.51
1276,48,Side,121.88,166.26,136.55,179.69,165.99,173.17,168.36,167.29
1276,49,Side,133.91,164.27,144.81,179.42,167.88,170.04,170.25,168.08
1276,50,Side,141.7,167.42,150.8,178.99,169.16,167.82,168.52,170.81
1276,51,Side,149.46,172.1,156.91,177.62,167.94,167.21,169.89,170.65
1276,52,Side,154.75,176.87,160.89,178.99,165.3,171.63,174.03,168.93
1276,53,Side,158.03,179.79,163.29,177.34,164.41,170.84,169.72,168.15
1276,54,Side,161.97,169.78,165.29,171.16,167.18,175.16,163.68,165.78
1277,1,Front/Back,179.99,169.19,171.21,169.2,179.98,175.09,179.99,175.08
1277,2,Front/Back,179.98,179.97,179.97,179.97,179.98,179.98,179.98,179.98
1277,3,Front/Back,159.21,164.02,159.22,164.01,179.99,168.75,175.44,152.02
1277,4,Front/Back,159.22,164.02,159.21,150.1,169.7,168.75,165.13,157.21
1277,5,Front/Back,159.21,156.94,159.21,140.13,170.97,168.75,170.98,152.41
1277,6,Front/Back,154.5,148.58,154.48,139.35,166.54,164.06,166.54,152.0
1277,7,Front/Back,150.49,162.67,150.47,145.86,162.42,164.06,162.42,147.34
1277,8,Front/Back,143.7,156.94,143.68,140.13,162.42,180.0,162.4,151.82
1277,9,Front/Back,140.7,156.07,140.69,138.24,158.38,180.0,158.38,151.82
1277,10,Front/Back,137.9,156.07,137.89,138.24,142.76,180.0,142.76,151.82
1277,11,Front/Back,135.26,180.0,126.47,149.58,144.66,180.0,144.66,149.47
1277,12,Front/Back,133.71,167.09,117.15,136.13,142.76,156.3,125.18,128.12
1277,13,Front/Back,139.98,160.55,109.07,129.58,139.44,151.74,112.0,110.81
1277,14,Front/Back,139.92,149.93,107.44,129.17,141.84,137.24,107.15,106.65
1277,15,Front/Back,126.63,144.35,105.82,129.56,134.21,130.02,104.19,103.89
1277,16,Front/Back,120.99,137.42,112.09,125.27,154.9,122.45,126.68,100.68
1277,17,Front/Back,115.21,131.51,103.31,114.85,121.87,121.5,103.37,100.41
1277,18,Front/Back,109.51,121.61,94.69,107.44,114.92,114.72,101.95,97.91
1277,19,Front/Back,109.67,124.64,93.01,110.33,108.72,112.99,97.88,97.56
1277,20,Front/Back,106.36,123.12,92.69,113.48,103.61,109.36,97.44,96.45
1277,21,Front/Back,111.58,119.13,95.61,111.25,100.26,109.2,99.93,95.92
1277,22,Front/Back,118.75,147.83,99.86,133.01,102.43,109.9,105.19,96.45
1277,23,Front/Back,128.87,155.48,109.77,138.59,104.13,110.15,106.27,107.99
1277,24,Front/Back,139.18,159.17,114.81,133.16,106.6,111.81,110.02,101.17
1277,25,Front/Back,158.98,161.6,137.18,130.88,114.69,115.12,107.83,104.33
1277,26,Front/Back,158.98,164.4,137.18,128.68,119.74,117.41,112.87,109.06
1277,27,Front/Back,156.85,149.32,132.65,128.68,124.04,113.76,114.57,123.5
1277,28,Front/Back,126.55,147.75,107.07,133.16,123.48,115.61,118.9,126.95
1277,29,Front/Back,113.42,128.1,96.06,116.24,123.38,116.88,120.91,120.56
1277,30,Front/Back,111.26,108.7,97.69,95.6,113.9,123.07,128.58,125.75
1277,31,Front/Back,117.1,102.59,100.18,90.07,113.72,122.02,121.04,130.85
1277,32,Front/Back,127.03,118.85,107.99,94.54,126.57,115.16,119.85,115.35
1277,33,Front/Back,127.61,116.93,108.81,102.41,131.17,131.56,124.61,134.44
1277,34,Front/Back,136.39,147.99,115.05,136.74,136.18,130.61,124.14,137.38
1277,35,Front/Back,154.66,151.26,121.79,139.28,145.01,133.31,126.87,140.17
1277,36,Front/Back,180.0,154.62,143.35,142.08,142.76,140.72,134.57,144.22
1277,37,Front/Back,163.48,159.17,137.79,142.24,142.76,141.79,142.76,144.05
1277,38,Front/Back,180.0,169.39,144.33,142.51,153.71,152.01,131.65,148.08
1277,39,Front/Back,180.0,169.39,145.0,143.39,156.37,145.69,147.6,156.3
1277,40,Front/Back,180.0,179.99,145.81,143.99,156.37,156.81,142.14,156.82
1277,41,Front/Back,180.0,180.0,146.76,148.62,159.35,159.23,145.12,159.23
1277,42,Front/Back,180.0,180.0,151.24,148.62,156.37,156.3,142.14,156.3
1277,43,Front/Back,180.0,180.0,151.24,145.56,156.77,156.3,142.54,156.3
1278,1,Side,173.29,173.29,174.8,174.8,171.58,171.58,86.68,99.45
1278,2,Side,170.54,173.29,175.14,174.8,169.11,171.58,87.4,97.42
1278,3,Side,168.83,173.29,175.32,174.8,168.42,171.58,87.35,96.78
1278,4,Side,166.61,173.29,175.48,174.8,167.26,171.58,88.16,97.05
1278,5,Side,168.02,173.29,177.76,174.8,167.58,171.58,89.81,99.0
1278,6,Side,164.36,173.29,176.82,174.8,166.03,171.58,92.33,98.65
1278,7,Side,160.14,173.29,175.86,174.8,163.21,171.58,90.68,102.02
1278,8,Side,156.09,173.29,173.12,174.8,161.9,171.58,89.9,92.34
1278,9,Side,143.71,173.29,166.54,174.8,155.26,171.58,91.91,85.81
1278,10,Side,131.89,173.29,159.05,174.8,150.56,171.58,93.52,78.61
1278,11,Side,125.27,173.29,155.67,174.8,146.66,171.58,95.27,70.91
1278,12,Side,118.67,173.29,149.22,174.8,146.15,171.58,93.66,47.68
1278,13,Side,109.72,173.29,142.97,174.8,146.08,171.58,91.03,49.52
1278,14,Side,102.02,173.29,136.61,174.8,148.41,171.58,85.89,34.4
1278,15,Side,96.46,173.29,132.39,174.8,148.54,171.58,84.5,20.93
1278,16,Side,97.18,173.29,129.99,174.8,150.2,171.58,83.01,15.64
1278,17,Side,90.69,173.29,123.69,174.8,150.82,171.58,85.38,0.71
1278,18,Side,85.76,173.29,117.9,174.8,153.95,171.58,86.33,17.73
1278,19,Side,80.81,173.29,113.89,174.8,157.28,171.58,84.94,44.29
1278,20,Side,74.75,173.29,107.83,174.8,158.43,171.58,90.29,89.29
1278,21,Side,70.52,173.29,102.99,174.8,159.89,171.58,88.78,112.49
1278,22,Side,68.04,173.29,100.18,174.8,163.05,171.58,90.76,120.72
1278,23,Side,63.86,173.29,95.79,174.8,167.53,171.58,91.59,125.13
1278,24,Side,60.48,173.29,93.73,174.8,171.52,171.58,91.71,127.95
1278,25,Side,56.66,173.29,90.23,174.8,175.67,171.58,92.19,126.53
1278,26,Side,49.66,173.29,81.91,174.8,178.28,171.58,90.52,123.88
1278,27,Side,46.78,173.29,75.51,174.8,172.86,171.58,88.25,120.51
1278,28,Side,43.35,173.29,73.38,174.8,170.85,171.58,87.57,120.99
1278,29,Side,39.76,173.29,70.83,174.8,165.77,171.58,85.98,119.04
1278,30,Side,30.08,173.29,58.11,174.8,161.97,171.58,85.04,118.35
1278,31,Side,23.76,173.29,52.35,174.8,156.58,171.58,78.56,120.72
1278,32,Side,18.1,173.29,51.07,174.8,158.45,171.58,80.17,120.03
1278,33,Side,18.77,173.29,56.39,174.8,162.81,171.58,85.2,118.22
1278,34,Side,15.24,173.29,54.24,174.8,161.63,171.58,84.6,117.05
1278,35,Side,9.23,173.29,50.04,174.8,163.0,171.58,85.37,116.47
1278,36,Side,4.04,173.29,46.89,174.8,164.54,171.58,85.4,117.69
1278,37,Side,6.11,173.29,39.35,174.8,165.06,171.58,86.11,116.47
1278,38,Side,13.23,173.29,32.12,174.8,164.3,171.58,86.11,117.12
1278,39,Side,17.44,173.29,28.38,174.8,162.52,171.58,84.85,115.86
1278,40,Side,23.05,173.29,22.78,174.8,160.44,171.58,83.91,115.86
1278,41,Side,26.48,173.29,19.8,174.8,159.3,171.58,83.47,118.49
1278,42,Side,26.13,173.29,19.94,174.8,158.51,171.58,83.71,121.76
1278,43,Side,27.31,173.29,18.47,174.8,159.03,171.58,85.46,125.0
1278,44,Side,27.3,173.29,16.62,174.8,157.61,171.58,85.46,125.87
1278,45,Side,28.02,173.29,14.57,174.8,158.31,171.58,86.53,125.87
1278,46,Side,29.66,173.29,12.92,174.8,158.96,171.58,87.83,129.28
1278,47,Side,28.44,173.29,13.33,174.8,157.65,171.58,84.75,130.21
1278,48,Side,28.44,173.29,14.27,174.8,159.51,171.58,86.52,134.29
1278,49,Side,27.31,173.29,14.55,174.8,159.33,171.58,84.02,134.29
1278,50,Side,26.11,173.29,15.9,174.8,161.22,171.58,83.63,136.9
1278,51,Side,25.04,173.29,15.9,174.8,160.66,171.58,82.61,140.0
1278,52,Side,23.68,173.29,16.05,174.8,158.04,171.58,77.98,142.82
1278,53,Side,21.56,173.29,17.05,174.8,160.28,171.58,83.1,154.67
1278,54,Side,21.03,173.29,17.05,174.8,161.17,171.58,83.83,169.51
1278,55,Side,14.42,173.29,26.09,174.8,164.78,171.58,83.33,175.35
1278,56,Side,13.97,173.29,26.15,174.8,164.39,171.58,81.74,179.29
1278,57,Side,8.09,173.29,30.06,174.8,167.87,171.58,85.02,176.76
1278,58,Side,2.45,173.29,34.21,174.8,171.06,171.58,85.94,175.0
1278,59,Side,3.84,173.29,38.76,174.8,172.95,171.58,87.11,171.62
1278,60,Side,9.54,173.29,42.83,174.8,176.75,171.58,87.92,163.6
1278,61,Side,12.85,173.29,41.44,174.8,174.5,171.58,87.16,162.27
1278,62,Side,23.42,173.29,51.06,174.8,178.77,171.58,89.37,160.72
1278,63,Side,35.84,173.29,62.16,174.8,177.38,171.58,91.71,158.91
1278,64,Side,50.36,173.29,76.66,174.8,173.21,171.58,88.63,157.87
1278,65,Side,60.18,173.29,86.36,174.8,171.41,171.58,90.0,155.51
1278,66,Side,68.33,173.29,90.61,174.8,172.89,171.58,90.28,154.14
1278,67,Side,76.22,173.29,101.28,174.8,171.28,171.58,92.27,150.64
1278,68,Side,84.52,173.29,109.31,174.8,170.55,171.58,90.6,150.96
1278,69,Side,94.19,173.29,118.29,174.8,169.59,171.58,91.02,147.6
1278,70,Side,102.58,173.29,129.32,174.8,171.17,171.58,91.64,144.68
1278,71,Side,109.81,173.29,136.7,174.8,169.86,171.58,95.11,145.57
1278,72,Side,117.12,173.29,140.37,174.8,167.21,171.58,96.64,141.1
1278,73,Side,125.41,173.29,147.37,174.8,165.89,171.58,96.34,124.78
1278,74,Side,133.45,173.29,155.07,174.8,166.47,171.58,96.97,127.31
1278,75,Side,141.36,173.29,161.76,174.8,166.01,171.58,95.78,120.13
1278,76,Side,147.92,173.29,166.05,174.8,167.11,171.58,90.0,111.12
1278,77,Side,155.71,173.29,167.11,174.8,169.74,171.58,90.73,108.41
1278,78,Side,158.95,173.29,166.44,174.8,168.77,171.58,89.2,105.01
1278,79,Side,162.51,173.29,170.45,174.8,164.63,171.58,91.45,99.84
1278,80,Side,169.0,173.29,173.58,174.8,166.99,171.58,89.93,101.27
1278,81,Side,166.57,173.29,171.12,174.8,163.56,171.58,90.65,97.25
1279,1,Side,157.69,163.54,166.02,178.03,166.4,172.31,117.64,119.14
1279,2,Side,156.96,165.08,168.7,178.13,166.34,171.03,118.39,111.8
1279,3,Side,154.71,165.29,168.87,177.33,165.38,168.97,121.19,109.8
1279,4,Side,151.16,166.6,168.52,173.43,163.68,172.67,124.04,107.37
1279,5,Side,146.86,166.6,167.01,172.2,162.75,170.36,123.54,97.82
1279,6,Side,148.35,166.9,166.14,171.2,172.6,167.65,116.69,97.59
1279,7,Side,145.37,165.56,162.91,166.33,172.89,167.22,114.54,86.12
1279,8,Side,145.35,168.12,163.33,165.84,173.82,169.15,112.41,86.44
1279,9,Side,145.6,168.17,164.28,163.57,176.86,168.89,108.9,100.35
1279,10,Side,145.58,161.03,164.74,155.17,178.03,165.96,106.5,99.16
1279,11,Side,137.17,162.85,163.74,155.12,160.98,168.58,115.23,110.39
1279,12,Side,134.4,173.67,159.76,161.19,161.81,171.07,115.07,115.52
1279,13,Side,130.38,170.5,154.52,158.61,162.47,169.28,116.57,108.43
1279,14,Side,130.11,173.35,153.41,159.41,162.03,170.82,119.5,114.28
1279,15,Side,125.84,170.86,147.88,157.53,160.0,165.49,126.84,109.82
1279,16,Side,124.14,171.52,144.91,160.06,159.47,164.86,129.88,109.11
1279,17,Side,117.49,169.74,137.77,163.3,159.57,168.34,130.4,121.29
1279,18,Side,112.95,166.32,131.82,153.66,164.5,167.77,122.98,130.26
1279,19,Side,107.56,166.43,125.77,155.54,164.66,167.52,124.0,138.25
1279,20,Side,102.89,155.34,119.67,138.08,165.62,165.81,125.51,137.24
1279,21,Side,99.1,157.3,115.44,144.06,165.66,164.21,126.95,141.17
1279,22,Side,95.59,162.34,111.8,157.37,168.45,161.84,126.05,136.05
1279,23,Side,89.18,164.93,105.9,161.77,168.02,160.48,129.37,135.65
1279,24,Side,84.78,169.16,99.81,161.57,169.44,157.25,131.35,133.71
1279,25,Side,78.23,177.04,93.73,166.47,167.65,170.44,137.93,149.58
1279,26,Side,74.14,179.2,89.64,171.97,161.9,165.94,149.07,145.86
1279,27,Side,78.37,168.61,91.97,158.28,161.89,164.17,153.08,146.88
1279,28,Side,64.71,116.18,79.64,94.1,163.63,163.0,153.6,149.35
1279,29,Side,61.06,87.27,75.84,72.9,165.37,160.92,153.88,152.21
1279,30,Side,70.18,72.11,74.52,58.01,172.76,158.67,141.1,151.5
1279,31,Side,57.43,57.04,63.43,43.36,161.57,154.35,128.99,147.2
1279,32,Side,55.49,52.65,66.46,37.64,159.7,152.75,130.0,147.18
1279,33,Side,50.66,54.18,61.49,38.25,162.29,151.73,139.08,146.72
1279,34,Side,46.28,40.1,57.05,25.05,162.23,146.16,140.78,139.41
1279,35,Side,44.21,40.51,52.32,22.81,161.46,144.25,143.38,139.94
1279,36,Side,40.82,39.2,50.71,20.28,161.35,143.37,144.64,141.19
1279,37,Side,39.83,37.39,47.61,19.27,161.25,143.51,143.38,142.13
1279,38,Side,43.2,46.25,51.1,23.74,158.88,147.27,141.26,140.58
1279,39,Side,45.1,47.2,52.32,26.68,155.51,147.5,135.3,139.19
1279,40,Side,49.34,53.33,57.29,36.38,161.3,145.93,137.0,137.6
1279,41,Side,50.15,44.51,54.8,30.59,178.56,143.54,143.65,134.6
1279,42,Side,53.69,49.37,60.08,34.71,177.47,152.19,144.12,146.29
1279,43,Side,64.71,55.16,66.35,40.6,165.74,154.35,126.31,148.7
1279,44,Side,72.04,65.39,71.95,50.74,166.39,153.43,122.04,142.82
1279,45,Side,79.12,76.28,79.07,62.48,171.44,156.71,122.07,144.94
1279,46,Side,88.27,104.31,88.27,91.83,173.79,160.23,119.42,147.75
1279,47,Side,94.45,109.54,93.78,99.63,174.02,160.15,115.81,144.33
1279,48,Side,102.27,126.6,98.46,119.05,175.49,160.25,114.9,136.76
1279,49,Side,110.97,138.74,107.97,132.82,175.34,163.11,110.95,137.12
1279,50,Side,111.34,145.16,112.84,140.0,168.13,163.59,119.56,125.84
1279,51,Side,117.14,155.79,121.44,154.64,171.19,164.24,111.16,121.33
1279,52,Side,125.17,152.54,121.51,145.36,177.95,163.37,104.86,109.12
1279,53,Side,128.87,161.38,125.21,155.12,179.41,164.35,103.6,106.65
1279,54,Side,130.82,163.26,130.09,159.44,179.16,164.46,101.81,99.7
1279,55,Side,133.74,163.24,133.0,160.14,177.8,165.99,100.84,91.33
1279,56,Side,138.12,163.89,135.88,163.2,179.3,164.8,97.13,94.28
1279,57,Side,142.46,166.98,140.26,169.39,179.31,166.6,95.95,92.68
1279,58,Side,143.97,167.33,141.09,169.75,177.37,166.6,93.42,98.21
1279,59,Side,143.96,169.29,141.09,173.25,178.64,168.0,94.67,94.05
1279,60,Side,144.62,167.55,141.09,172.3,176.79,167.21,92.24,88.15
1279,61,Side,142.29,168.68,142.95,168.05,171.6,169.74,98.47,77.32
1279,62,Side,153.77,168.68,155.84,168.05,177.31,171.38,92.25,78.96
1279,63,Side,155.57,167.02,157.01,167.17,179.01,170.85,93.51,72.88
1279,64,Side,156.76,166.99,159.61,167.17,179.89,170.83,93.43,66.69
1280,1,Front/Back,179.98,179.98,179.97,179.97,179.98,179.98,179.97,179.98
1280,2,Front/Back,152.91,153.88,162.33,153.88,170.56,166.85,180.0,166.85
1280,3,Front/Back,149.46,137.77,149.46,137.77,159.7,180.0,159.7,142.81
1280,4,Front/Back,147.04,135.87,147.04,135.87,161.84,180.0,144.76,143.34
1280,5,Front/Back,142.17,132.4,142.17,132.4,167.1,180.0,150.02,143.34
1280,6,Front/Back,140.73,129.11,140.73,129.11,177.58,180.0,153.71,143.34
1280,7,Front/Back,137.81,110.39,137.81,125.97,170.86,164.42,170.86,164.3
1280,8,Front/Back,111.85,98.31,136.02,124.42,155.83,153.89,180.0,180.0
1280,9,Front/Back,105.35,87.63,133.09,121.57,152.27,146.06,180.0,180.0
1280,10,Front/Back,100.63,81.83,131.55,120.78,149.08,141.05,180.0,180.0
1280,11,Front/Back,98.07,73.48,131.89,117.99,146.18,135.49,180.0,180.0
1280,12,Front/Back,98.13,73.75,133.3,117.2,144.83,127.47,180.0,170.91
1280,13,Front/Back,99.96,72.64,135.13,115.76,144.83,127.79,180.0,170.91
1280,14,Front/Back,101.23,73.73,137.72,110.56,136.58,124.88,173.07,166.92
1280,15,Front/Back,91.81,76.61,133.3,102.04,131.58,104.33,173.07,144.92
1280,16,Front/Back,92.99,81.7,134.45,105.04,126.87,103.38,168.32,142.46
1280,17,Front/Back,96.54,94.56,134.28,113.37,127.55,109.15,165.28,143.69
1280,18,Front/Back,98.62,102.34,117.65,118.45,128.89,129.69,162.54,161.54
1280,19,Front/Back,103.99,114.61,118.42,120.89,131.3,134.2,160.35,161.54
1280,20,Front/Back,113.03,131.79,120.03,133.98,134.78,138.53,156.41,161.46
1280,21,Front/Back,126.14,153.21,122.76,147.73,140.05,143.74,151.29,159.32
1280,22,Front/Back,123.42,140.19,114.29,137.29,138.63,143.37,149.87,161.54
1280,23,Front/Back,118.27,126.26,111.91,127.67,136.1,123.76,150.11,146.23
1280,24,Front/Back,116.21,111.82,109.85,118.51,134.73,117.16,148.74,144.92
1280,25,Front/Back,118.99,106.62,108.94,92.35,137.11,116.65,147.42,136.68
1280,26,Front/Back,113.07,100.89,106.71,89.06,132.14,113.13,146.15,135.6
1280,27,Front/Back,104.01,84.78,91.15,85.73,132.12,116.84,151.54,152.09
1280,28,Front/Back,101.42,81.97,90.78,85.42,134.55,142.25,156.18,180.0
1280,29,Front/Back,110.82,80.83,92.99,88.7,141.68,141.05,152.78,180.0
1280,30,Front/Back,118.36,83.63,95.23,93.8,148.55,138.75,154.35,180.0
1280,31,Front/Back,129.44,90.74,104.38,103.11,156.0,136.55,156.0,179.99
1280,32,Front/Back,125.65,98.23,105.05,108.71,156.01,138.45,156.01,173.49
1280,33,Front/Back,129.48,107.8,108.88,115.67,157.79,141.05,157.79,164.3
1280,34,Front/Back,133.98,115.64,113.37,121.39,157.78,143.17,157.78,163.14
1280,35,Front/Back,115.57,130.83,118.62,133.69,156.35,146.06,180.0,163.14
1280,36,Front/Back,122.99,131.59,129.85,146.61,158.2,148.84,180.0,163.14
1280,37,Front/Back,126.1,137.63,128.61,153.05,162.87,148.84,180.0,153.51
1280,38,Front/Back,132.59,148.84,128.61,159.26,169.36,148.84,180.0,146.42
1280,39,Front/Back,141.78,149.97,127.7,159.26,180.0,149.97,180.0,129.58
1281,1,Front/Back,179.98,179.98,179.97,179.97,179.98,179.98,179.97,179.97
1281,2,Front/Back,152.19,173.0,159.35,166.4,172.83,173.02,179.99,157.45
1281,3,Front/Back,153.78,173.0,168.25,166.4,165.53,173.02,169.43,157.45
1281,4,Front/Back,155.21,156.73,172.96,143.14,162.25,180.0,180.0,177.13
1281,5,Front/Back,150.81,159.48,166.98,141.75,163.83,180.0,176.31,165.92
1281,6,Front/Back,144.45,158.43,154.41,137.86,170.04,169.88,176.43,169.87
1281,7,Front/Back,144.26,163.81,156.58,137.27,167.69,169.88,180.0,169.88
1281,8,Front/Back,128.18,157.85,152.3,135.75,155.88,174.04,169.22,180.0
1281,9,Front/Back,117.93,134.13,145.19,132.99,152.74,155.7,164.99,180.0
1281,10,Front/Back,116.57,132.56,143.84,129.97,152.73,155.84,176.8,180.0
1281,11,Front/Back,130.27,137.75,163.0,132.63,147.27,163.06,165.08,153.95
1281,12,Front/Back,133.79,133.1,166.51,133.76,147.27,160.18,176.8,162.73
1281,13,Front/Back,149.1,129.47,180.0,135.8,149.1,153.7,176.43,179.99
1281,14,Front/Back,128.84,132.38,163.21,137.45,145.63,158.88,169.22,149.7
1281,15,Front/Back,128.75,128.87,159.49,130.65,137.26,157.97,157.22,151.62
1281,16,Front/Back,122.34,131.85,159.81,131.74,142.53,153.41,159.08,151.62
1281,17,Front/Back,124.46,128.2,161.91,127.98,142.54,144.39,161.76,148.38
1281,18,Front/Back,129.7,128.91,169.34,129.47,140.35,143.62,169.1,153.95
1281,19,Front/Back,129.37,133.22,166.71,140.15,142.66,144.05,180.0,180.0
1281,20,Front/Back,129.13,126.41,170.19,130.85,138.94,144.12,180.0,155.71
1281,21,Front/Back,127.13,115.92,168.86,123.23,138.26,141.11,165.23,151.62
1281,22,Front/Back,131.63,114.82,168.25,118.14,139.05,142.77,160.75,148.19
1281,23,Front/Back,135.12,118.74,170.19,118.9,125.82,145.93,160.88,155.02
1281,24,Front/Back,141.07,127.08,180.0,130.63,141.07,147.28,165.44,153.49
1281,25,Front/Back,141.09,131.62,180.0,128.49,141.09,145.28,179.99,151.45
1281,26,Front/Back,141.79,135.47,180.0,133.11,141.79,144.29,165.72,151.83
1281,27,Front/Back,125.92,131.41,133.03,130.49,140.35,142.86,157.07,150.06
1281,28,Front/Back,121.1,125.45,122.82,124.5,141.29,142.96,155.03,150.06
1281,29,Front/Back,123.31,130.17,124.61,126.42,142.09,143.83,157.07,150.06
1281,30,Front/Back,117.93,142.12,120.41,142.02,136.33,142.12,165.57,153.49
1281,31,Front/Back,118.07,139.46,136.75,143.93,138.94,139.46,170.1,153.31
1281,32,Front/Back,120.31,139.51,142.81,144.04,138.99,139.51,154.81,155.14
1281,33,Front/Back,142.9,139.46,162.32,144.92,142.9,139.46,156.88,149.57
1281,34,Front/Back,139.67,136.89,162.32,142.34,139.67,136.89,169.43,153.05
1281,35,Front/Back,141.29,136.23,162.32,142.34,141.29,136.23,176.8,153.31
1281,36,Front/Back,141.29,136.23,157.63,142.34,141.29,136.23,169.22,153.31
1281,37,Front/Back,140.57,136.23,157.03,142.34,140.57,136.23,176.8,151.31
1281,38,Front/Back,139.67,136.23,157.03,142.15,139.67,136.23,176.8,151.31
1281,39,Front/Back,138.95,136.96,145.72,142.15,138.95,136.96,169.22,151.31
1281,40,Front/Back,139.65,136.96,145.33,142.15,139.65,136.96,169.22,149.46
1281,41,Front/Back,140.35,128.4,145.33,129.11,140.35,140.22,176.8,149.46
1281,42,Front/Back,140.34,125.81,143.01,129.11,140.34,137.63,169.22,149.57
1281,43,Front/Back,140.35,125.81,142.71,131.06,140.35,137.63,176.8,149.57
1281,44,Front/Back,141.07,123.42,142.71,127.99,141.07,138.31,180.0,151.31
1281,45,Front/Back,141.07,120.27,142.71,125.51,141.07,137.63,180.0,151.21
1281,46,Front/Back,138.95,122.56,145.01,126.83,138.95,138.31,180.0,159.81
1281,47,Front/Back,138.95,124.49,145.01,124.66,138.95,142.41,180.0,159.81
1281,48,Front/Back,140.35,120.18,145.01,121.14,140.35,141.62,180.0,162.48
1281,49,Front/Back,136.47,120.18,144.27,123.18,139.67,141.62,180.0,180.0
1281,50,Front/Back,139.65,117.35,149.83,120.39,139.65,141.57,180.0,162.73
1281,51,Front/Back,139.65,114.35,159.16,116.08,139.65,140.85,180.0,165.92
1281,52,Front/Back,140.35,112.52,159.16,114.22,140.35,140.89,180.0,162.73
1281,53,Front/Back,130.83,111.05,146.06,112.46,140.37,140.93,180.0,162.73
1281,54,Front/Back,144.83,115.4,152.47,113.24,144.83,144.49,176.43,155.14
1281,55,Front/Back,123.76,109.08,134.38,108.81,141.85,140.66,180.0,147.8
1281,56,Front/Back,132.05,109.37,141.69,99.66,137.68,141.38,174.97,147.9
1281,57,Front/Back,130.95,108.73,136.35,97.42,132.56,141.38,168.33,149.57
1281,58,Front/Back,125.46,109.23,130.86,98.79,139.21,142.12,174.97,151.31
1281,59,Front/Back,119.59,109.88,129.5,100.43,142.56,142.77,180.0,151.31
1281,60,Front/Back,144.85,107.51,152.35,97.97,144.85,142.86,176.43,149.57
1281,61,Front/Back,145.66,108.18,149.53,97.87,145.66,143.62,176.31,149.7
1281,62,Front/Back,122.41,108.15,128.62,97.84,143.29,143.62,176.43,153.17
1281,63,Front/Back,118.87,113.8,127.93,109.49,143.3,144.39,169.1,153.05
1281,64,Front/Back,127.27,112.84,134.42,109.01,136.32,145.98,157.1,155.02
1281,65,Front/Back,132.3,114.27,138.76,111.43,133.15,144.99,153.11,155.14
1281,66,Front/Back,129.18,109.43,132.75,105.21,133.2,146.8,153.16,155.14
1281,67,Front/Back,134.99,107.11,135.83,103.61,146.8,146.09,159.96,153.31
1281,68,Front/Back,134.05,107.95,136.54,104.33,147.34,146.2,165.08,153.31
1281,69,Front/Back,134.02,109.35,139.18,97.2,144.1,147.15,174.35,155.3
1281,70,Front/Back,134.85,108.96,139.18,94.24,148.13,148.27,179.99,155.3
1281,71,Front/Back,136.63,107.18,141.81,94.0,144.08,148.42,176.79,153.49
1281,72,Front/Back,130.33,111.42,136.34,103.93,146.46,147.57,169.1,151.83
1281,73,Front/Back,127.08,114.81,132.28,108.56,147.28,148.27,176.43,151.62
1281,74,Front/Back,125.4,117.11,129.75,109.1,148.13,150.03,176.43,149.86
1281,75,Front/Back,127.25,122.33,130.72,111.26,149.0,155.24,169.06,149.7
1281,76,Front/Back,126.19,119.29,129.86,112.07,149.0,151.59,169.06,151.31
1281,77,Front/Back,131.78,120.94,136.6,112.56,148.13,152.55,164.99,149.46
1281,78,Front/Back,136.02,121.57,140.56,114.16,148.13,151.59,164.96,147.73
1281,79,Front/Back,136.17,124.87,141.07,112.88,147.71,156.35,176.79,149.39
1281,80,Front/Back,123.99,123.57,145.34,111.83,149.0,156.35,169.1,149.46
1281,81,Front/Back,129.27,125.73,146.73,112.84,141.9,157.51,169.0,149.57
1281,82,Front/Back,131.49,128.01,150.92,113.07,151.87,157.51,169.06,149.57
1281,83,Front/Back,129.42,126.99,156.58,112.35,152.84,157.51,180.0,151.21
1281,84,Front/Back,143.93,129.75,149.78,115.11,153.91,157.51,180.0,153.05
1281,85,Front/Back,142.16,131.96,144.78,119.61,153.91,157.27,176.8,153.05
1281,86,Front/Back,152.84,132.77,156.53,120.78,152.84,157.27,161.84,154.94
1281,87,Front/Back,153.76,132.77,157.03,131.52,153.76,157.27,165.08,157.16
1281,88,Front/Back,153.76,130.33,161.49,132.96,153.76,157.27,169.22,180.0
1281,89,Front/Back,153.76,129.2,160.79,131.6,153.76,158.36,169.22,180.0
1281,90,Front/Back,153.78,127.73,157.63,134.22,153.78,155.24,177.56,180.0
1281,91,Front/Back,153.82,130.51,157.63,137.14,153.82,156.23,179.99,180.0
1281,92,Front/Back,153.82,132.48,154.95,125.79,153.82,156.23,179.99,180.0
1281,93,Front/Back,152.84,134.55,152.63,128.66,152.84,156.12,180.0,180.0
1281,94,Front/Back,154.87,135.56,155.69,126.14,154.87,157.38,180.0,180.0
1281,95,Front/Back,155.96,137.81,156.53,124.46,155.96,162.04,180.0,180.0
1281,96,Front/Back,157.06,139.28,161.22,121.02,157.06,163.51,180.0,180.0
1281,97,Front/Back,159.52,141.69,161.22,123.43,159.52,163.51,180.0,174.81
1281,98,Front/Back,157.04,143.64,172.6,124.49,157.04,165.21,180.0,180.0
1281,99,Front/Back,149.44,146.43,171.22,125.39,158.22,165.14,180.0,180.0
1281,100,Front/Back,147.79,147.02,172.96,126.83,154.83,165.14,180.0,180.0
1281,101,Front/Back,137.89,123.72,152.3,109.04,165.59,160.55,180.0,135.38
1281,102,Front/Back,125.19,88.8,125.19,85.98,180.0,145.88,180.0,112.83
1281,103,Front/Back,129.23,120.37,129.23,94.4,111.7,158.17,111.7,180.0
1281,104,Front/Back,137.77,118.09,137.77,107.17,106.66,140.99,106.66,147.9
1282,1,Front/Back,179.97,179.97,179.96,179.96,179.97,179.97,179.97,179.97
1282,2,Front/Back,180.0,156.36,158.73,167.17,179.99,169.17,163.85,167.76
1282,3,Front/Back,180.0,163.0,158.63,156.86,180.0,169.17,163.9,162.71
1282,4,Front/Back,180.0,146.57,153.9,144.94,180.0,164.66,160.36,180.0
1282,5,Front/Back,180.0,147.15,139.9,148.52,180.0,161.19,157.63,156.79
1282,6,Front/Back,180.0,142.21,139.9,123.76,180.0,161.04,154.85,157.31
1282,7,Front/Back,169.12,124.67,137.03,122.66,169.12,158.11,152.57,155.14
1282,8,Front/Back,180.0,122.61,134.3,120.47,180.0,158.25,157.91,155.14
1282,9,Front/Back,180.0,137.77,134.37,130.86,180.0,162.9,157.91,166.88
1282,10,Front/Back,180.0,137.81,131.76,127.16,180.0,166.76,155.11,166.88
1282,11,Front/Back,180.0,140.25,131.76,128.76,164.61,167.47,142.51,156.45
1282,12,Front/Back,162.38,136.65,124.95,125.87,169.38,166.76,157.91,153.86
1282,13,Front/Back,151.12,131.59,118.41,124.68,164.67,162.9,160.78,155.76
1282,14,Front/Back,139.91,134.95,107.38,130.84,164.47,160.22,164.24,155.76
1282,15,Front/Back,134.79,130.22,105.99,135.33,161.07,157.44,168.81,155.76
1282,16,Front/Back,124.99,122.23,101.9,134.59,155.36,150.19,147.67,158.59
1282,17,Front/Back,119.13,107.26,99.03,129.29,152.81,140.53,147.55,157.91
1282,18,Front/Back,114.17,104.26,96.31,127.86,150.58,138.96,168.58,161.06
1282,19,Front/Back,107.07,126.62,95.15,134.01,144.64,127.55,160.25,126.51
1282,20,Front/Back,106.0,123.93,96.44,127.13,142.85,123.23,160.53,126.74
1282,21,Front/Back,118.56,121.56,96.41,126.94,132.09,119.2,134.83,124.44
1282,22,Front/Back,130.1,118.13,111.66,113.65,136.9,123.02,131.15,128.26
1282,23,Front/Back,120.38,146.75,96.47,138.82,147.16,130.04,135.07,132.86
1282,24,Front/Back,121.21,140.0,97.3,133.97,136.74,129.74,133.95,135.58
1282,25,Front/Back,122.85,153.28,116.75,148.1,142.95,132.07,152.57,141.01
1282,26,Front/Back,129.33,153.28,121.43,149.02,144.74,153.28,150.52,150.24
1282,27,Front/Back,139.84,158.25,128.79,149.02,146.62,137.02,155.11,140.98
1282,28,Front/Back,173.22,125.77,128.79,123.89,156.53,129.77,120.12,119.22
1282,29,Front/Back,167.43,123.02,123.0,122.26,154.15,127.28,115.89,111.69
1282,30,Front/Back,163.19,120.81,116.41,117.8,156.39,121.28,118.12,108.62
1282,31,Front/Back,156.43,119.05,108.45,116.11,180.0,119.45,128.94,107.06
1282,32,Front/Back,156.14,120.75,108.16,115.46,180.0,123.62,130.4,110.68
1282,33,Front/Back,161.27,119.81,113.28,114.52,180.0,127.44,133.41,114.5
1282,34,Front/Back,119.99,119.42,109.8,115.44,144.56,129.61,136.59,120.72
1282,35,Front/Back,122.04,119.42,113.62,115.44,142.79,134.39,136.59,125.81
1282,36,Front/Back,140.27,111.53,124.13,104.18,150.51,137.28,154.85,133.5
1282,37,Front/Back,137.44,124.62,120.22,120.73,150.51,137.25,157.41,135.94
1282,38,Front/Back,145.22,124.12,123.36,118.85,155.15,137.25,154.65,135.94
1282,39,Front/Back,135.37,147.41,115.05,128.04,155.13,169.52,157.41,149.04
1282,40,Front/Back,134.0,153.67,109.5,127.31,157.78,180.0,157.41,151.28
1282,41,Front/Back,136.33,157.41,114.43,125.52,157.78,180.0,157.41,151.28
1282,42,Front/Back,145.37,154.87,120.47,126.73,160.78,180.0,180.0,150.94
1282,43,Front/Back,143.85,152.78,128.88,124.1,150.85,180.0,180.0,150.94
1282,44,Front/Back,180.0,161.67,135.89,146.91,164.58,161.67,153.38,150.94
1282,45,Front/Back,180.0,165.25,135.89,146.61,164.58,165.25,164.58,149.04
1282,46,Front/Back,180.0,169.99,138.62,146.51,164.61,169.99,164.61,144.96
1282,47,Front/Back,158.49,169.99,138.62,146.61,158.49,169.99,164.03,144.65
1282,48,Front/Back,161.59,169.52,138.05,146.91,161.59,169.52,160.53,144.96
1282,49,Front/Back,179.99,156.91,138.05,138.65,179.99,165.66,157.25,142.76
1282,50,Front/Back,178.94,155.65,138.05,138.69,178.94,170.59,138.18,142.76
1282,51,Front/Back,180.0,157.26,138.05,146.93,180.0,165.25,141.67,142.51
1282,52,Front/Back,180.0,162.01,137.6,152.75,180.0,169.99,157.13,138.98
1283,1,Side,127.16,169.32,160.51,167.99,156.63,151.26,179.49,169.7
1283,2,Side,123.35,169.39,155.33,166.3,156.66,151.13,179.49,169.7
1283,3,Side,122.14,178.21,153.73,169.17,157.21,147.66,179.49,169.7
1283,4,Side,118.7,178.44,150.44,168.48,156.9,147.59,179.49,169.7
1283,5,Side,117.21,177.69,149.28,165.27,157.52,147.82,179.49,169.7
1283,6,Side,116.91,174.79,147.81,162.21,158.71,149.34,179.49,169.7
1283,7,Side,112.49,174.64,143.13,162.14,158.79,149.19,179.49,169.7
1283,8,Side,110.1,179.79,140.74,165.47,158.79,147.66,179.49,169.7
1283,9,Side,105.6,177.4,134.91,169.14,159.02,147.66,179.49,169.7
1283,10,Side,102.62,178.54,120.85,168.67,161.24,149.82,179.49,169.7
1283,11,Side,98.9,179.76,115.01,171.37,162.36,150.21,179.49,169.7
1283,12,Side,90.0,179.49,106.43,168.57,162.06,149.38,179.5,169.79
1283,13,Side,75.62,177.48,94.22,162.21,159.39,146.96,180.0,168.29
1283,14,Side,63.78,176.19,85.03,158.89,154.91,145.15,179.12,167.42
1283,15,Side,55.58,171.69,77.31,152.77,154.04,144.28,178.68,166.93
1283,16,Side,44.32,164.91,71.1,143.5,148.96,143.81,177.71,166.46
1283,17,Side,42.68,154.1,66.64,132.36,154.13,144.88,178.95,167.8
1283,18,Side,37.59,134.98,64.32,113.72,152.42,146.83,177.88,169.19
1283,19,Side,33.5,85.31,63.19,64.32,150.03,147.72,177.32,169.6
1283,20,Side,31.11,68.33,63.91,47.39,147.92,150.5,176.33,171.44
1283,21,Side,26.77,57.95,60.07,37.15,148.41,150.62,175.33,171.42
1283,22,Side,26.53,57.82,58.5,37.41,150.84,150.31,176.04,169.57
1283,23,Side,21.8,68.18,56.99,47.99,147.78,149.11,177.73,168.07
1283,24,Side,20.82,71.47,54.15,46.93,149.12,147.58,179.12,170.31
1283,25,Side,19.66,72.19,51.83,46.94,152.67,147.08,177.48,169.89
1283,26,Side,20.08,68.95,52.75,42.66,152.02,146.45,177.59,170.28
1283,27,Side,20.71,72.15,52.38,46.89,152.62,147.37,177.97,170.19
1283,28,Side,21.57,73.45,49.55,49.17,155.41,148.95,178.15,170.79
1283,29,Side,22.52,75.23,49.47,51.63,156.57,149.12,177.72,170.27
1283,30,Side,25.79,76.95,55.83,54.28,157.92,150.42,177.61,170.65
1283,31,Side,27.35,85.17,57.19,63.45,159.2,151.75,177.65,171.09
1283,32,Side,33.58,91.48,63.1,70.53,158.44,151.76,178.72,170.32
1283,33,Side,42.52,106.42,66.28,90.38,163.26,147.99,178.55,165.25
1283,34,Side,46.92,124.14,68.59,107.07,165.55,150.82,178.35,169.19
1283,35,Side,56.37,139.02,78.3,121.95,164.17,150.26,179.48,168.62
1283,36,Side,62.77,135.82,84.94,120.18,163.26,151.04,179.87,167.97
1283,37,Side,70.38,147.05,92.31,132.68,164.89,147.07,178.76,163.64
1283,38,Side,78.64,153.92,100.94,140.36,166.22,148.6,178.16,164.28
1283,39,Side,81.21,161.69,100.47,149.37,166.19,148.2,178.8,163.51
1283,40,Side,89.03,165.34,108.92,151.35,166.76,146.66,178.67,162.44
1283,41,Side,96.92,166.32,118.53,153.28,166.49,146.05,179.3,160.89
1283,42,Side,102.47,166.09,124.56,152.74,165.39,145.82,179.3,160.89
1283,43,Side,105.16,165.09,128.62,152.57,165.15,146.65,179.3,160.89
1283,44,Side,107.78,163.9,131.46,151.69,164.93,147.03,179.3,160.89
1283,45,Side,111.24,163.78,135.94,152.45,165.04,147.77,179.3,160.89
1283,46,Side,114.25,163.53,139.3,152.65,164.69,148.14,179.3,160.89
1283,47,Side,116.57,174.92,143.13,159.53,164.46,143.62,179.3,160.89
1283,48,Side,119.17,174.81,145.73,159.19,164.46,143.4,179.3,160.89
1283,49,Side,124.32,174.53,158.18,158.55,163.9,143.04,179.3,160.89
1283,50,Side,129.17,174.22,162.0,158.25,164.92,143.04,179.3,160.89
1283,51,Side,133.96,173.28,167.09,157.67,165.72,143.4,179.3,160.89
1283,52,Side,136.84,158.39,169.38,149.18,166.3,149.8,179.3,160.89
1284,1,Front/Back,138.04,138.56,142.26,168.32,175.78,150.24,133.48,136.27
1284,2,Front/Back,127.49,134.74,143.09,165.91,164.39,148.83,133.48,136.27
1284,3,Front/Back,125.72,139.72,144.01,171.54,161.7,148.18,133.48,136.27
1284,4,Front/Back,126.44,148.83,144.08,165.88,162.36,148.83,133.48,136.27
1284,5,Front/Back,126.27,148.18,131.83,170.31,161.16,148.18,133.48,136.27
1284,6,Front/Back,133.14,149.19,145.32,165.48,148.46,149.19,133.48,136.27
1284,7,Front/Back,125.09,149.13,126.43,165.88,165.05,149.13,133.48,136.27
1284,8,Front/Back,130.72,149.77,122.88,166.91,168.34,149.77,133.48,136.27
1284,9,Front/Back,120.6,123.98,125.83,156.84,161.07,147.13,133.48,136.27
1284,10,Front/Back,117.18,122.24,119.17,157.88,161.07,144.36,133.48,136.27
1284,11,Front/Back,105.89,115.08,115.29,154.96,148.52,140.12,135.57,138.07
1284,12,Front/Back,99.32,106.8,106.9,149.78,146.15,137.02,137.74,139.93
1284,13,Front/Back,94.91,95.96,98.97,142.9,142.76,133.06,140.0,141.88
1284,14,Front/Back,87.5,96.25,96.81,144.09,139.17,132.16,142.38,143.91
1284,15,Front/Back,81.99,91.44,91.98,140.44,136.95,131.01,144.89,146.05
1284,16,Front/Back,75.86,86.06,82.52,134.18,138.74,131.88,147.57,148.31
1284,17,Front/Back,73.06,82.98,75.52,133.17,138.74,129.81,150.46,150.74
1284,18,Front/Back,70.37,85.02,72.13,131.12,138.23,133.9,153.64,153.36
1284,19,Front/Back,65.08,86.51,69.51,127.34,135.87,133.95,157.22,156.25
1284,20,Front/Back,58.27,90.03,64.95,131.6,133.24,133.22,161.44,159.52
1284,21,Front/Back,53.81,86.41,61.06,117.56,132.97,128.26,166.9,163.4
1284,22,Front/Back,49.58,91.65,57.87,118.34,131.93,132.71,179.99,168.47
1284,23,Front/Back,46.18,87.29,53.66,118.25,131.45,127.09,179.99,180.0
1284,24,Front/Back,45.77,90.21,53.05,121.46,131.09,127.82,179.99,180.0
1284,25,Front/Back,48.37,92.47,54.63,121.67,132.38,128.67,179.99,180.0
1284,26,Front/Back,51.78,96.0,54.93,125.26,133.51,129.7,179.99,180.0
1284,27,Front/Back,49.64,102.07,61.61,129.19,127.43,133.03,179.99,179.99
1284,28,Front/Back,53.34,111.76,62.76,140.9,129.76,136.77,179.99,179.99
1284,29,Front/Back,56.43,96.13,63.71,126.4,131.9,134.26,179.99,179.99
1284,30,Front/Back,61.43,86.82,65.87,120.45,134.54,131.52,179.99,179.99
1284,31,Front/Back,67.64,81.46,67.59,113.68,138.87,131.14,179.99,179.99
1284,32,Front/Back,75.8,78.74,72.33,107.48,140.87,132.73,179.99,179.99
1284,33,Front/Back,83.32,79.46,82.06,108.17,143.97,132.68,179.99,179.99
1284,34,Front/Back,90.36,83.58,91.61,114.95,145.8,135.02,179.99,179.99
1284,35,Front/Back,99.27,91.84,99.16,117.82,148.65,136.0,179.99,179.99
1284,36,Front/Back,106.58,100.95,109.21,132.6,147.53,136.81,179.99,179.99
1284,37,Front/Back,118.79,108.76,116.83,136.49,153.83,140.04,179.99,179.99
1284,38,Front/Back,128.14,129.46,124.76,151.45,159.12,142.58,179.99,168.14
1284,39,Front/Back,140.73,133.62,136.1,160.79,164.96,152.82,179.98,179.99
1284,40,Front/Back,151.76,155.64,151.75,176.95,166.53,155.63,179.98,179.99
1284,41,Front/Back,163.57,158.52,166.73,174.79,163.56,158.52,179.98,179.99
1284,42,Front/Back,171.57,165.21,166.99,180.0,171.56,165.2,179.98,179.99
1284,43,Front/Back,172.99,165.18,167.31,180.0,172.98,165.17,179.98,179.99
1284,44,Front/Back,172.74,166.62,168.48,180.0,177.76,166.61,179.98,179.99
1284,45,Front/Back,174.96,172.34,171.03,176.95,179.99,172.33,179.98,179.99
1284,46,Front/Back,152.33,172.27,152.32,179.99,179.99,172.27,179.98,179.99
1284,47,Front/Back,179.98,179.98,179.98,179.98,179.98,179.98,179.98,179.99
1285,1,Front/Back,179.98,179.98,179.97,179.97,179.98,179.98,179.98,179.97
1285,2,Front/Back,164.99,156.68,153.51,167.69,161.87,148.6,161.87,171.92
1285,3,Front/Back,159.37,157.99,148.08,167.92,160.08,146.55,160.08,168.56
1285,4,Front/Back,157.43,157.99,146.44,162.95,160.08,146.55,160.08,168.56
1285,5,Front/Back,152.85,159.37,142.29,162.95,158.44,145.36,158.44,165.98
1285,6,Front/Back,151.41,160.86,136.21,163.34,158.44,142.74,158.44,161.88
1285,7,Front/Back,148.25,168.1,133.56,159.63,156.9,141.96,156.9,153.86
1285,8,Front/Back,145.92,168.14,131.22,159.63,158.64,142.31,158.64,154.18
1285,9,Front/Back,143.24,162.21,129.16,160.16,158.64,137.74,158.64,155.52
1285,10,Front/Back,142.29,159.19,124.72,157.14,160.3,135.06,160.3,155.87
1285,11,Front/Back,139.99,156.48,123.1,157.14,162.37,132.01,162.37,155.52
1285,12,Front/Back,137.89,118.49,121.8,141.97,158.98,132.38,158.98,155.87
1285,13,Front/Back,135.3,116.99,120.14,141.67,156.3,130.18,156.3,154.86
1285,14,Front/Back,132.36,113.49,118.28,139.35,155.23,130.37,155.23,156.24
1285,15,Front/Back,130.4,109.93,107.59,138.02,152.96,128.54,152.96,156.63
1285,16,Front/Back,128.12,108.07,105.99,136.16,151.73,126.78,151.73,154.86
1285,17,Front/Back,119.04,117.18,96.91,134.5,150.55,129.7,150.55,147.02
1285,18,Front/Back,117.28,123.82,95.91,126.85,150.25,142.98,150.25,146.02
1285,19,Front/Back,115.61,122.02,94.25,125.05,150.85,143.99,150.85,147.02
1285,20,Front/Back,114.06,116.45,93.55,124.36,150.85,140.52,150.85,148.43
1285,21,Front/Back,113.46,121.68,93.92,123.88,150.59,145.86,150.59,148.06
1285,22,Front/Back,112.81,116.45,94.34,100.15,150.59,141.59,150.59,149.51
1285,23,Front/Back,111.07,111.68,96.42,104.15,152.05,133.96,152.05,149.51
1285,24,Front/Back,110.12,111.82,95.47,105.71,150.59,137.49,150.59,151.03
1285,25,Front/Back,109.35,112.36,94.7,103.9,151.78,139.84,151.78,151.03
1285,26,Front/Back,107.75,114.42,93.1,107.35,146.21,138.6,146.21,147.02
1285,27,Front/Back,106.51,118.84,90.56,108.22,150.59,143.99,150.59,147.02
1285,28,Front/Back,106.26,118.02,90.3,106.57,149.97,145.86,149.97,148.06
1285,29,Front/Back,105.22,112.15,88.13,106.41,148.85,141.21,148.85,149.13
1285,30,Front/Back,104.48,111.94,86.39,113.32,154.61,142.32,154.61,150.23
1285,31,Front/Back,104.73,111.14,86.64,112.2,154.32,152.39,154.32,159.99
1285,32,Front/Back,106.8,108.04,92.72,112.48,155.98,152.6,155.98,163.58
1285,33,Front/Back,106.35,99.74,91.19,108.04,157.43,152.55,157.43,167.39
1285,34,Front/Back,90.01,89.6,90.56,115.2,163.37,154.41,180.0,180.0
1285,35,Front/Back,87.17,87.74,91.21,115.57,147.85,152.17,167.97,180.0
1285,36,Front/Back,86.33,87.61,91.91,117.52,149.5,150.08,171.17,180.0
1285,37,Front/Back,87.82,88.75,93.4,118.74,148.91,150.01,170.57,180.0
1285,38,Front/Back,86.49,100.55,92.71,125.17,152.18,155.37,175.29,180.0
1285,39,Front/Back,88.4,101.39,94.42,126.02,153.71,155.37,176.62,180.0
1285,40,Front/Back,90.59,111.11,96.82,126.9,156.89,160.09,180.0,175.87
1285,41,Front/Back,93.97,111.18,105.73,126.85,156.89,160.2,180.0,175.87
1285,42,Front/Back,93.19,118.44,106.11,129.8,155.72,157.21,180.0,168.56
1285,43,Front/Back,96.05,122.42,106.52,130.85,157.09,155.97,180.0,164.39
1285,44,Front/Back,103.92,128.32,109.7,131.93,161.79,157.02,180.0,160.63
1285,45,Front/Back,102.49,122.42,110.18,130.85,159.88,150.57,180.0,158.99
1285,46,Front/Back,107.98,133.96,111.91,133.96,163.64,154.69,180.0,154.69
1285,47,Front/Back,120.24,134.19,124.02,134.19,171.22,152.57,180.0,152.57
1285,48,Front/Back,124.44,134.19,133.22,134.19,167.84,145.02,176.62,145.02
1285,49,Front/Back,124.44,134.19,133.22,134.19,162.39,144.06,171.17,144.06
1285,50,Front/Back,124.44,134.5,133.22,134.5,162.39,143.11,171.17,143.11
1285,51,Front/Back,129.49,139.67,133.22,139.67,162.14,141.28,165.86,141.28
1285,52,Front/Back,128.21,139.67,131.94,139.67,162.14,141.28,165.86,141.28
1285,53,Front/Back,128.21,139.67,131.94,139.67,165.9,142.49,169.63,142.49
1285,54,Front/Back,128.21,122.94,131.94,138.82,162.59,136.43,166.32,152.31
1285,55,Front/Back,128.21,138.82,131.94,138.82,156.56,141.59,160.29,141.59
1285,56,Front/Back,126.52,138.82,130.24,138.82,153.1,141.59,156.83,141.59
1285,57,Front/Back,126.52,140.86,130.24,140.86,153.1,141.59,156.83,141.59
1285,58,Front/Back,126.52,140.86,130.24,140.86,151.67,141.59,155.4,141.59
1285,59,Front/Back,126.52,140.86,130.24,140.86,150.59,141.59,154.32,141.59
1285,60,Front/Back,126.52,141.57,130.24,141.57,150.59,140.7,154.32,140.7
1285,61,Front/Back,129.02,141.57,129.02,141.57,151.78,140.7,151.78,140.7
1285,62,Front/Back,129.46,140.08,129.46,140.08,151.78,140.7,151.78,140.7
1285,63,Front/Back,129.46,138.64,129.46,138.64,151.78,146.38,151.78,146.38
1285,64,Front/Back,129.46,139.35,129.46,139.35,150.85,145.39,150.85,145.39
1285,65,Front/Back,129.46,130.17,129.46,130.17,135.53,145.39,135.53,145.39
1285,66,Front/Back,128.27,129.0,128.27,129.0,137.85,145.39,137.85,145.39
1285,67,Front/Back,129.46,130.17,129.46,130.17,134.48,145.39,134.48,145.39
1285,68,Front/Back,130.69,132.16,130.69,132.16,133.7,146.38,133.7,146.38
1285,69,Front/Back,130.69,133.31,130.69,133.31,133.7,146.38,133.7,146.38
1285,70,Front/Back,128.27,133.31,118.23,133.31,134.48,146.38,134.48,146.38
1285,71,Front/Back,127.82,133.31,117.78,133.31,133.7,146.38,133.7,146.38
1285,72,Front/Back,127.82,134.5,117.78,134.5,134.74,146.38,134.74,146.38
1285,73,Front/Back,128.27,134.5,119.89,134.5,133.96,147.39,133.96,147.39
1285,74,Front/Back,127.09,134.5,113.01,134.5,137.71,146.38,137.71,146.38
1285,75,Front/Back,125.94,141.67,111.86,141.67,138.56,147.39,138.56,147.39
1285,76,Front/Back,125.94,141.67,111.86,141.67,137.97,146.38,137.97,146.38
1285,77,Front/Back,125.48,142.38,111.4,142.38,138.82,147.39,138.82,147.39
1285,78,Front/Back,125.48,142.38,111.4,142.38,137.97,147.39,137.97,147.39
1285,79,Front/Back,127.02,140.84,127.01,140.84,138.82,147.39,138.82,147.39
1285,80,Front/Back,127.02,141.57,127.01,141.57,162.46,147.39,162.46,147.39
1285,81,Front/Back,126.22,140.84,126.22,140.84,162.46,147.39,162.46,147.39
1285,82,Front/Back,126.22,141.57,126.22,141.57,162.08,147.39,162.08,147.39
1285,83,Front/Back,125.83,141.57,125.83,141.57,155.14,148.43,155.14,148.43
1285,84,Front/Back,125.83,140.08,125.83,140.08,154.9,148.43,154.9,148.43
1285,85,Front/Back,125.83,140.08,125.83,140.08,154.9,148.43,154.9,148.43
1285,86,Front/Back,124.66,140.86,124.66,140.86,155.84,148.43,155.84,148.43
1285,87,Front/Back,124.66,140.86,124.66,140.86,154.46,149.51,154.46,149.51
1285,88,Front/Back,106.2,140.22,119.02,140.22,143.02,149.51,155.84,149.51
1285,89,Front/Back,122.39,138.02,122.39,138.02,154.27,149.51,154.27,149.51
1285,90,Front/Back,103.68,138.82,116.5,138.82,141.45,149.51,154.27,149.51
1285,91,Front/Back,100.44,139.67,115.55,139.67,139.16,148.43,154.27,148.43
1285,92,Front/Back,102.73,137.0,115.55,137.0,141.45,149.51,154.27,149.51
1285,93,Front/Back,99.51,134.5,114.61,134.5,140.35,149.51,155.46,149.51
1285,94,Front/Back,99.51,133.31,114.61,133.31,138.98,149.51,154.09,149.51
1285,95,Front/Back,99.51,102.93,114.61,128.75,140.35,154.19,155.46,180.0
1285,96,Front/Back,98.6,102.93,113.7,128.75,140.35,154.19,155.46,180.0
1285,97,Front/Back,99.99,127.8,112.81,127.8,141.11,149.51,153.93,149.51
1285,98,Front/Back,106.01,126.85,112.61,126.85,147.32,149.13,153.93,149.13
1285,99,Front/Back,112.61,127.8,112.61,127.8,153.93,149.13,153.93,149.13
1285,100,Front/Back,112.19,126.85,90.56,126.85,153.93,149.13,153.93,149.13
1285,101,Front/Back,111.61,125.05,89.98,125.05,137.07,148.77,137.07,148.77
1285,102,Front/Back,112.54,125.05,90.9,125.05,137.93,147.7,137.93,147.7
1285,103,Front/Back,112.02,125.01,90.38,125.01,137.93,147.7,137.93,147.7
1285,104,Front/Back,111.54,123.25,89.9,123.25,139.68,147.7,139.68,147.7
1285,105,Front/Back,111.1,122.41,89.46,122.41,138.79,147.7,138.79,147.7
1285,106,Front/Back,110.7,123.37,89.07,123.37,142.07,148.42,142.07,148.42
1285,107,Front/Back,112.19,120.11,112.19,120.11,138.49,145.02,138.49,145.02
1285,108,Front/Back,111.61,118.74,111.61,118.74,137.63,143.42,137.63,143.42
1285,109,Front/Back,111.07,117.55,111.07,117.55,136.79,140.7,136.79,140.7
1285,110,Front/Back,110.12,118.21,104.04,118.21,135.97,138.98,135.97,138.98
1285,111,Front/Back,111.1,117.81,111.1,117.81,134.35,136.83,134.35,136.83
1285,112,Front/Back,109.04,117.81,107.89,117.81,134.35,137.64,134.35,137.64
1285,113,Front/Back,108.78,113.96,107.64,113.96,135.15,138.46,135.15,138.46
1285,114,Front/Back,107.54,112.89,106.4,112.89,135.15,139.29,135.15,139.29
1285,115,Front/Back,105.32,113.03,81.1,113.03,135.15,140.15,135.15,140.15
1285,116,Front/Back,107.3,112.34,83.08,112.34,134.95,141.91,134.95,141.91
1285,117,Front/Back,107.75,111.56,83.53,111.56,135.77,142.24,135.77,142.24
1285,118,Front/Back,108.7,112.34,84.47,112.34,136.6,143.15,136.6,143.15
1285,119,Front/Back,110.44,113.85,86.22,113.85,137.44,143.15,137.44,143.15
1285,120,Front/Back,112.52,113.88,88.29,113.88,137.44,144.08,137.44,144.08
1285,121,Front/Back,115.7,113.88,91.48,113.88,137.25,145.04,137.25,145.04
1285,122,Front/Back,117.28,114.48,93.06,114.48,144.37,147.39,141.19,147.39
1285,123,Front/Back,117.28,116.0,117.28,116.0,144.37,148.82,141.19,148.82
1285,124,Front/Back,119.04,116.97,94.82,116.97,144.37,149.9,141.19,149.9
1285,125,Front/Back,120.66,118.11,96.44,118.11,144.37,152.19,141.19,152.19
1285,126,Front/Back,122.54,123.25,98.32,123.25,145.38,152.19,142.2,152.19
1285,127,Front/Back,122.54,118.42,98.32,118.42,145.38,152.19,145.38,152.19
1285,128,Front/Back,122.54,120.42,98.32,120.42,146.6,152.19,146.6,152.19
1285,129,Front/Back,121.27,124.36,109.98,124.36,147.67,151.03,147.67,151.03
1285,130,Front/Back,123.06,121.48,107.1,121.48,147.67,151.03,147.67,151.03
1285,131,Front/Back,123.06,121.44,107.1,121.44,148.76,151.45,148.76,151.45
1285,132,Front/Back,122.31,125.17,105.22,125.17,150.34,152.63,150.34,152.63
1285,133,Front/Back,122.31,126.9,105.22,126.9,151.53,152.63,151.53,152.63
1285,134,Front/Back,118.79,127.8,101.7,127.8,148.58,153.86,148.58,153.86
1285,135,Front/Back,119.64,128.91,102.55,128.91,149.7,155.14,149.7,155.14
1285,136,Front/Back,119.64,131.95,102.55,131.95,149.7,155.14,149.7,155.14
1285,137,Front/Back,121.39,133.26,100.03,133.26,150.85,156.49,150.85,156.49
1285,138,Front/Back,123.25,134.6,101.88,134.6,150.85,157.93,150.85,157.93
1285,139,Front/Back,126.58,131.32,105.21,131.32,152.34,159.46,152.34,159.46
1285,140,Front/Back,127.65,134.04,106.29,134.04,152.34,159.46,152.34,159.46
1285,141,Front/Back,129.87,129.9,108.5,129.9,152.34,161.11,152.34,161.11
1285,142,Front/Back,131.02,129.48,108.89,129.48,154.91,163.58,154.91,163.58
1285,143,Front/Back,131.67,135.36,113.59,135.36,156.3,163.58,156.3,163.58
1285,144,Front/Back,130.53,138.02,112.44,140.22,157.77,163.48,157.77,165.68
1285,145,Front/Back,130.53,131.36,116.45,142.54,159.33,156.95,159.33,168.13
1285,146,Front/Back,134.06,133.49,115.97,141.67,170.32,159.95,170.32,168.13
1285,147,Front/Back,133.41,129.87,114.45,140.86,160.29,160.27,160.29,171.25
1285,148,Front/Back,134.74,129.1,115.01,140.08,158.65,160.27,158.65,171.25
1285,149,Front/Back,136.63,132.17,116.9,140.08,158.98,172.09,158.98,180.0
1285,150,Front/Back,140.8,137.15,121.08,139.35,154.32,177.8,154.32,180.0
1285,151,Front/Back,138.59,131.48,122.5,147.26,180.0,164.22,180.0,180.0
1285,152,Front/Back,134.74,134.14,127.85,150.1,180.0,164.05,180.0,180.0
1285,153,Front/Back,137.97,133.26,120.4,144.76,180.0,168.49,180.0,180.0
1285,154,Front/Back,139.37,136.14,121.79,144.76,180.0,171.38,180.0,180.0
1285,155,Front/Back,138.78,134.91,120.62,146.41,180.0,168.49,180.0,180.0
1285,156,Front/Back,140.22,123.37,122.05,145.55,180.0,157.81,180.0,180.0
1285,157,Front/Back,139.67,145.55,121.01,145.55,180.0,180.0,180.0,180.0
1285,158,Front/Back,140.63,147.26,121.56,147.26,180.0,180.0,180.0,180.0
1285,159,Front/Back,142.37,145.66,122.96,145.66,180.0,170.09,180.0,157.28
1285,160,Front/Back,143.99,145.66,124.58,145.66,180.0,161.11,180.0,149.78
1285,161,Front/Back,143.6,144.25,123.94,144.25,180.0,157.0,180.0,145.68
1285,162,Front/Back,143.25,144.25,123.42,144.25,180.0,155.63,180.0,146.17
1285,163,Front/Back,144.93,144.25,125.09,144.25,167.92,154.33,167.92,141.39
1285,164,Front/Back,144.61,143.61,124.67,143.61,158.12,151.89,158.12,144.11
1285,165,Front/Back,144.34,143.02,124.36,143.02,158.12,151.89,158.12,136.61
1285,166,Front/Back,141.34,144.17,125.04,144.17,156.63,149.65,156.63,138.76
1286,1,Front/Back,179.98,179.98,179.97,179.97,179.98,179.98,179.98,179.98
1286,2,Front/Back,167.07,155.68,167.07,156.46,168.97,165.53,164.42,171.49
1286,3,Front/Back,162.15,156.55,162.15,162.51,168.97,172.23,160.66,160.18
1286,4,Front/Back,156.08,161.88,156.08,161.88,166.24,177.59,166.24,161.01
1286,5,Front/Back,153.91,161.54,153.91,161.54,164.43,178.19,164.43,163.69
1286,6,Front/Back,143.78,166.04,143.78,166.04,162.38,178.19,162.38,165.47
1286,7,Front/Back,146.65,157.94,146.65,168.01,159.25,151.03,159.25,161.1
1286,8,Front/Back,145.85,167.14,145.85,180.0,158.46,144.81,158.46,157.67
1286,9,Front/Back,131.11,164.83,145.85,180.0,145.42,139.55,160.16,154.72
1286,10,Front/Back,128.56,161.37,146.69,180.0,139.17,133.41,157.3,152.04
1286,11,Front/Back,125.71,159.87,146.69,180.0,132.47,129.44,153.45,149.57
1286,12,Front/Back,122.05,158.5,144.26,180.0,128.22,123.59,150.43,145.08
1286,13,Front/Back,122.46,154.72,143.44,174.84,125.73,121.91,146.71,142.03
1286,14,Front/Back,118.93,146.36,141.14,166.49,121.85,118.17,144.06,138.3
1286,15,Front/Back,118.66,141.1,139.52,161.22,118.38,115.53,139.24,135.65
1286,16,Front/Back,117.83,140.3,138.55,160.4,119.75,112.34,140.48,132.44
1286,17,Front/Back,122.18,138.08,143.04,159.58,114.42,108.7,135.28,130.2
1286,18,Front/Back,122.83,136.41,145.16,159.21,113.03,105.19,135.36,127.98
1286,19,Front/Back,120.46,138.07,145.16,159.58,113.29,104.49,138.0,125.99
1286,20,Front/Back,124.28,138.9,146.5,160.4,115.08,104.25,137.29,125.75
1286,21,Front/Back,124.09,136.33,147.58,152.56,105.95,102.86,129.44,122.98
1286,22,Front/Back,131.47,135.84,153.68,158.62,105.87,99.64,128.08,122.41
1286,23,Front/Back,124.62,137.29,161.2,160.07,100.1,98.4,136.68,121.17
1286,24,Front/Back,143.35,136.67,180.0,161.83,99.14,92.37,135.79,117.53
1286,25,Front/Back,143.42,135.55,180.0,149.05,97.2,89.54,133.78,115.82
1286,26,Front/Back,142.59,132.02,180.0,153.47,95.09,88.29,132.5,115.68
1286,27,Front/Back,141.78,132.22,180.0,148.07,93.66,85.39,131.88,114.81
1286,28,Front/Back,141.78,127.38,180.0,144.02,92.39,86.93,130.6,103.71
1286,29,Front/Back,140.99,125.56,159.38,151.33,89.92,83.79,128.93,110.81
1286,30,Front/Back,140.92,123.71,163.64,150.47,90.38,81.46,129.46,109.34
1286,31,Front/Back,140.21,126.02,159.38,160.02,88.03,80.14,127.83,114.13
1286,32,Front/Back,140.21,125.16,159.92,160.02,86.45,78.03,126.24,112.89
1286,33,Front/Back,140.28,126.78,159.92,161.64,85.48,78.03,125.2,112.89
1286,34,Front/Back,139.59,129.51,159.92,163.46,84.8,78.94,125.2,112.89
1286,35,Front/Back,134.7,128.6,160.59,144.98,79.4,78.25,124.7,113.11
1286,36,Front/Back,134.12,129.54,161.38,138.95,78.82,78.91,124.7,113.72
1286,37,Front/Back,138.18,127.81,156.89,131.78,85.52,76.74,127.34,108.95
1286,38,Front/Back,134.01,136.34,156.31,145.5,84.77,77.94,130.76,109.26
1286,39,Front/Back,135.4,129.99,156.89,153.47,86.89,81.27,131.49,110.69
1286,40,Front/Back,136.1,126.23,156.89,142.1,89.54,83.23,133.44,112.68
1286,41,Front/Back,136.72,127.17,162.31,124.75,91.51,85.43,134.79,113.86
1286,42,Front/Back,115.15,127.45,139.73,121.53,94.42,88.28,138.42,115.68
1286,43,Front/Back,115.58,126.9,138.85,119.9,95.22,91.23,139.22,117.56
1286,44,Front/Back,141.06,128.63,160.33,140.24,101.1,95.19,140.04,120.38
1286,45,Front/Back,130.21,114.25,148.68,120.69,102.3,94.1,140.44,133.87
1286,46,Front/Back,132.16,116.11,155.8,121.78,103.88,97.26,141.29,136.26
1286,47,Front/Back,122.78,140.34,140.9,125.63,106.04,106.29,142.63,124.88
1286,48,Front/Back,123.58,144.73,143.17,136.66,107.75,108.91,144.4,125.9
1286,49,Front/Back,122.69,141.21,135.5,131.66,108.95,110.25,143.96,128.84
1286,50,Front/Back,122.67,142.26,134.7,159.29,110.66,113.78,144.89,130.81
1286,51,Front/Back,125.22,146.83,131.34,162.1,111.98,117.78,144.46,133.05
1286,52,Front/Back,119.23,154.2,156.08,171.25,109.53,119.21,146.39,136.26
1286,53,Front/Back,127.81,154.48,159.36,167.77,120.41,124.6,151.97,137.89
1286,54,Front/Back,132.25,151.26,163.8,166.49,123.95,125.2,155.5,140.43
1286,55,Front/Back,160.77,156.51,168.35,169.69,134.04,127.17,141.62,140.35
1286,56,Front/Back,172.42,158.48,152.04,169.07,135.54,134.59,143.11,145.18
1286,57,Front/Back,172.44,157.54,180.0,169.15,138.13,131.7,145.69,148.48
1286,58,Front/Back,161.52,142.06,180.0,144.28,128.95,138.26,147.43,150.81
1286,59,Front/Back,164.91,141.33,153.68,146.95,132.34,137.41,147.43,152.04
1286,60,Front/Back,169.33,141.82,150.8,149.23,137.84,140.07,148.51,154.7
1286,61,Front/Back,167.03,147.66,168.68,160.02,137.8,142.33,150.77,154.69
1286,62,Front/Back,167.03,180.0,180.0,167.15,138.9,152.0,151.87,152.0
1287,1,Front/Back,180.0,180.0,170.82,159.65,170.87,171.96,170.86,171.95
1287,2,Front/Back,179.98,179.98,179.97,179.97,179.98,179.98,179.98,179.98
1287,3,Front/Back,170.34,163.25,180.0,163.31,170.34,173.05,179.99,179.99
1287,4,Front/Back,162.22,154.58,174.1,166.63,168.12,167.94,179.99,179.99
1287,5,Front/Back,164.6,142.18,173.63,160.14,164.6,157.91,179.99,179.99
1287,6,Front/Back,153.06,155.77,180.0,161.58,153.06,155.77,179.99,179.99
1287,7,Front/Back,155.27,152.85,174.75,160.58,160.52,152.85,179.99,179.99
1287,8,Front/Back,158.17,150.63,180.0,151.27,158.17,159.04,179.99,179.99
1287,9,Front/Back,150.52,144.75,174.48,149.87,156.04,157.89,179.99,179.99
1287,10,Front/Back,154.08,151.93,180.0,162.08,154.08,151.93,179.99,179.99
1287,11,Front/Back,152.24,151.04,180.0,178.09,152.24,151.04,179.99,179.99
1287,12,Front/Back,151.32,149.35,180.0,163.35,151.32,149.35,179.99,179.99
1287,13,Front/Back,150.47,148.53,180.0,162.7,150.47,148.53,179.99,179.99
1287,14,Front/Back,149.64,147.74,180.0,162.15,149.64,147.74,179.99,179.99
1287,15,Front/Back,148.76,146.95,180.0,161.69,148.76,146.95,179.99,179.99
1287,16,Front/Back,147.2,132.46,180.0,150.28,147.2,147.75,179.99,179.99
1287,17,Front/Back,146.44,135.22,180.0,153.35,146.44,146.97,167.52,160.71
1287,18,Front/Back,145.67,133.28,180.0,151.75,145.67,146.24,161.08,146.08
1287,19,Front/Back,144.97,127.45,180.0,146.64,144.97,145.52,161.08,143.48
1287,20,Front/Back,144.94,126.62,180.0,142.79,144.94,144.82,161.08,154.47
1287,21,Front/Back,144.23,145.44,180.0,165.09,144.23,145.44,180.0,163.3
1287,22,Front/Back,143.55,119.61,180.0,136.77,143.55,144.14,180.0,161.93
1287,23,Front/Back,142.37,119.14,180.0,133.84,142.37,143.43,179.99,164.75
1287,24,Front/Back,142.37,119.82,180.0,134.53,142.37,143.43,180.0,164.75
1287,25,Front/Back,141.7,123.44,180.0,138.57,141.7,142.73,180.0,164.75
1287,26,Front/Back,141.7,124.1,180.0,136.53,141.7,142.69,180.0,164.75
1287,27,Front/Back,141.04,121.51,180.0,134.87,141.04,142.0,180.0,166.37
1287,28,Front/Back,130.72,122.78,165.51,136.82,139.51,141.32,180.0,166.37
1287,29,Front/Back,135.89,123.95,170.69,135.49,139.5,141.32,180.0,170.36
1287,30,Front/Back,138.87,120.3,174.3,133.4,138.87,140.03,163.98,159.64
1287,31,Front/Back,138.24,123.03,180.0,136.14,138.24,140.03,172.6,164.83
1287,32,Front/Back,138.24,124.7,180.0,135.48,138.24,140.03,180.0,180.0
1287,33,Front/Back,138.24,129.09,180.0,139.86,138.24,140.03,180.0,180.0
1287,34,Front/Back,138.24,125.85,180.0,137.6,138.24,139.38,180.0,180.0
1287,35,Front/Back,132.91,132.21,173.73,143.97,132.91,139.38,180.0,180.0
1287,36,Front/Back,132.93,122.92,173.73,141.04,132.93,133.02,180.0,180.0
1287,37,Front/Back,132.36,132.94,180.0,151.14,132.36,132.94,180.0,180.0
1287,38,Front/Back,132.95,132.94,173.42,149.32,132.95,132.94,180.0,180.0
1287,39,Front/Back,132.93,132.94,173.31,149.32,132.93,132.94,179.99,180.0
1287,40,Front/Back,132.36,132.94,173.31,149.32,132.36,132.94,169.92,180.0
1287,41,Front/Back,132.36,133.02,173.42,149.32,132.36,133.02,180.0,180.0
1287,42,Front/Back,132.38,133.02,173.42,149.73,132.38,133.02,162.52,180.0
1287,43,Front/Back,131.83,133.59,173.73,149.73,131.83,133.59,162.52,180.0
1287,44,Front/Back,132.38,133.02,173.73,149.73,132.38,133.02,158.65,180.0
1287,45,Front/Back,132.38,133.02,174.3,149.73,132.38,133.02,158.65,180.0
1287,46,Front/Back,132.38,133.02,174.3,149.73,132.38,133.02,155.36,166.25
1287,47,Front/Back,132.38,133.02,174.3,149.73,132.38,133.02,155.36,166.25
1287,48,Front/Back,132.38,132.45,174.3,149.73,132.38,132.45,153.32,163.04
1287,49,Front/Back,132.38,132.45,174.3,149.73,132.38,132.45,153.32,163.04
1287,50,Front/Back,132.38,131.88,174.3,149.73,132.38,131.88,153.32,163.04
1287,51,Front/Back,132.38,131.88,174.3,149.73,132.38,131.88,152.45,180.0
1287,52,Front/Back,131.83,131.88,173.73,149.73,131.83,131.88,152.45,180.0
1287,53,Front/Back,131.83,131.88,173.73,149.73,131.83,131.88,152.45,180.0
1287,54,Front/Back,131.85,131.88,173.73,151.52,131.85,131.88,152.45,180.0
1287,55,Front/Back,131.85,131.88,173.73,151.52,131.85,131.88,164.2,180.0
1287,56,Front/Back,131.85,131.33,173.73,151.52,131.85,131.33,162.84,180.0
1287,57,Front/Back,131.85,131.33,173.73,151.52,131.85,131.33,152.45,180.0
1287,58,Front/Back,131.85,131.33,173.73,151.52,131.85,131.33,160.04,180.0
1287,59,Front/Back,131.85,131.33,173.42,151.52,131.85,131.33,160.04,180.0
1287,60,Front/Back,131.89,131.33,173.42,151.52,131.89,131.33,160.04,180.0
1287,61,Front/Back,131.89,125.86,173.42,146.52,131.89,130.85,160.04,180.0
1287,62,Front/Back,131.89,131.4,173.42,151.52,131.89,131.4,160.04,180.0
1287,63,Front/Back,131.33,125.86,173.42,146.52,131.33,130.85,160.04,180.0
1287,64,Front/Back,131.33,131.4,173.42,151.52,131.33,131.4,160.04,180.0
1287,65,Front/Back,131.33,131.4,173.42,151.52,131.33,131.4,160.04,180.0
1287,66,Front/Back,131.89,131.33,173.31,151.52,131.89,131.33,148.84,180.0
1287,67,Front/Back,131.89,125.78,173.31,146.52,131.89,130.77,150.59,180.0
1287,68,Front/Back,131.89,125.78,173.31,146.52,131.89,130.77,148.84,180.0
1287,69,Front/Back,131.33,125.78,173.31,146.52,131.33,130.77,148.84,170.45
1287,70,Front/Back,131.33,125.78,173.31,146.52,131.33,130.77,148.84,174.0
1287,71,Front/Back,131.33,125.78,173.31,146.52,131.33,130.77,147.18,151.67
1287,72,Front/Back,131.33,125.78,173.31,146.52,131.33,130.77,147.18,150.28
1287,73,Front/Back,130.78,125.78,166.64,146.52,130.78,130.77,147.18,151.0
1287,74,Front/Back,130.78,130.77,166.64,153.48,130.78,130.77,145.59,150.07
1287,75,Front/Back,130.78,130.77,166.64,151.14,130.78,130.77,144.08,150.07
1287,76,Front/Back,130.24,121.81,166.64,142.73,130.24,130.22,144.08,148.47
1287,77,Front/Back,130.24,130.15,166.64,151.14,130.24,130.15,144.08,146.94
1287,78,Front/Back,130.24,130.15,166.64,151.14,130.24,130.15,144.08,148.47
1287,79,Front/Back,129.74,124.19,166.64,145.72,129.74,129.61,144.08,148.47
1287,80,Front/Back,129.7,130.15,166.69,150.81,129.7,130.15,145.59,147.76
1287,81,Front/Back,129.7,130.15,173.42,161.3,129.7,130.15,145.59,149.34
1287,82,Front/Back,130.24,130.63,173.42,161.3,130.24,130.63,147.96,149.34
1287,83,Front/Back,130.24,131.19,180.0,152.85,130.24,131.19,147.96,151.0
1287,84,Front/Back,130.75,131.75,180.0,152.85,130.75,131.75,148.78,151.0
1287,85,Front/Back,131.3,131.75,180.0,152.85,131.3,131.75,150.5,152.76
1287,86,Front/Back,131.85,132.31,180.0,161.3,131.85,132.31,150.5,152.76
1287,87,Front/Back,132.41,132.31,180.0,161.3,132.41,132.31,157.58,165.44
1287,88,Front/Back,132.41,132.31,180.0,161.3,132.41,132.31,160.04,165.44
1287,89,Front/Back,132.36,132.31,180.0,161.3,132.36,132.31,157.58,162.42
1287,90,Front/Back,132.93,124.57,180.0,154.13,132.93,131.75,157.58,162.42
1287,91,Front/Back,133.5,125.2,180.0,157.92,133.5,132.38,157.58,162.42
1287,92,Front/Back,134.09,122.63,180.0,154.77,134.09,132.94,158.65,158.87
1287,93,Front/Back,134.67,133.45,180.0,164.71,134.67,133.45,158.65,157.98
1287,94,Front/Back,135.26,134.03,180.0,164.71,135.26,134.03,157.58,155.83
1287,95,Front/Back,135.24,134.62,180.0,164.71,135.24,134.62,157.58,155.83
1287,96,Front/Back,135.85,135.21,180.0,164.42,135.85,135.21,165.74,153.86
1287,97,Front/Back,136.45,135.81,180.0,164.42,136.45,135.81,154.27,144.97
1287,98,Front/Back,142.82,136.41,180.0,164.42,142.82,136.41,154.27,143.54
1287,99,Front/Back,143.51,133.67,180.0,161.0,143.51,137.09,156.33,144.97
1287,100,Front/Back,142.82,128.68,180.0,156.01,142.82,137.09,158.57,144.38
1287,101,Front/Back,143.51,137.71,180.0,164.22,143.51,137.71,161.08,144.38
1287,102,Front/Back,144.52,138.27,180.0,157.41,144.52,138.27,158.57,144.38
1287,103,Front/Back,145.17,125.94,180.0,144.9,145.17,138.9,162.52,147.99
1287,104,Front/Back,138.89,125.25,180.0,144.21,138.89,138.9,156.33,143.54
1287,105,Front/Back,138.89,125.73,180.0,144.05,138.89,139.54,156.33,142.97
1287,106,Front/Back,139.51,125.8,180.0,144.05,139.51,139.61,155.25,144.97
1287,107,Front/Back,140.17,132.69,180.0,151.0,140.17,139.54,153.26,145.59
1287,108,Front/Back,140.19,140.14,180.0,157.86,140.19,140.14,153.4,142.97
1287,109,Front/Back,140.84,136.12,180.0,154.12,140.84,140.14,149.87,155.06
1287,110,Front/Back,140.87,141.45,180.0,158.12,140.87,141.46,149.87,145.85
1287,111,Front/Back,141.53,140.8,180.0,160.75,141.53,140.8,145.8,147.99
1287,112,Front/Back,140.94,141.41,180.0,160.75,140.94,141.41,145.8,147.99
1287,113,Front/Back,141.6,142.14,180.0,160.75,141.6,142.14,145.8,147.99
1287,114,Front/Back,140.99,142.14,180.0,157.65,140.99,142.14,145.8,147.99
1287,115,Front/Back,141.6,142.83,180.0,160.99,141.6,142.83,145.8,147.99
1287,116,Front/Back,142.28,142.89,180.0,160.99,142.28,142.89,145.8,147.99
1287,117,Front/Back,142.28,142.89,180.0,158.14,142.28,142.89,145.8,147.99
1287,118,Front/Back,143.0,143.59,180.0,158.14,143.0,143.59,145.8,147.99
1287,119,Front/Back,143.7,143.59,180.0,158.14,143.7,143.59,145.8,147.99
1287,120,Front/Back,144.4,144.31,180.0,158.14,144.4,144.31,145.8,147.99
1287,121,Front/Back,145.12,144.31,180.0,158.48,145.12,144.31,145.8,147.99
1287,122,Front/Back,145.12,145.03,180.0,158.48,145.12,145.03,145.8,147.99
1287,123,Front/Back,145.8,145.71,180.0,158.48,145.8,145.71,145.8,147.99
1287,124,Front/Back,146.55,146.46,180.0,158.88,146.55,146.46,145.8,147.99
1287,125,Front/Back,156.04,146.4,180.0,158.88,156.04,146.4,145.8,147.99
1287,126,Front/Back,146.59,146.31,180.0,158.88,146.59,146.31,145.8,147.99
1287,127,Front/Back,147.35,146.31,180.0,159.36,147.35,146.31,145.8,147.99
1287,128,Front/Back,147.35,147.12,180.0,163.35,147.35,147.12,145.8,147.99
1287,129,Front/Back,148.13,147.12,180.0,163.35,148.13,147.12,145.8,147.99
1287,130,Front/Back,148.13,147.12,180.0,168.69,148.13,147.12,145.8,147.99
1287,131,Front/Back,148.92,147.12,180.0,163.35,148.92,147.12,145.8,147.99
1287,132,Front/Back,148.92,147.9,180.0,164.1,148.92,147.9,145.8,147.99
1287,133,Front/Back,149.73,147.82,180.0,164.1,149.73,147.82,145.8,147.99
1287,134,Front/Back,149.79,147.82,180.0,164.1,149.79,147.82,145.8,147.99
1287,135,Front/Back,150.63,147.79,180.0,164.96,150.63,147.79,145.8,147.99
1287,136,Front/Back,149.79,147.79,180.0,164.96,149.79,147.79,145.8,147.99
1287,137,Front/Back,149.73,147.77,180.0,165.97,149.73,147.77,145.8,147.99
1287,138,Front/Back,149.73,148.55,180.0,165.97,149.73,148.55,145.8,147.99
1287,139,Front/Back,149.73,147.75,180.0,167.14,149.73,147.75,145.8,147.99
1287,140,Front/Back,150.57,146.97,180.0,167.14,150.57,146.97,145.8,147.99
1287,141,Front/Back,150.57,146.97,180.0,168.53,150.57,146.97,145.8,147.99
1287,142,Front/Back,150.57,147.74,180.0,168.53,150.57,147.74,145.8,147.99
1287,143,Front/Back,150.57,148.55,180.0,170.22,150.57,148.55,145.8,147.99
1287,144,Front/Back,149.57,147.74,180.0,170.22,149.57,147.74,145.8,147.99
1287,145,Front/Back,149.54,149.35,180.0,180.0,149.54,149.35,145.8,147.99
1287,146,Front/Back,150.37,149.36,180.0,172.42,150.37,149.36,145.8,147.99
1287,147,Front/Back,151.22,150.22,180.0,172.42,151.22,150.22,145.8,147.99
1288,1,Side,151.35,157.17,162.2,175.71,158.85,163.48,175.82,169.56
1288,2,Side,150.38,154.79,160.27,170.85,158.96,163.46,175.61,169.56
1288,3,Side,150.93,153.39,160.44,168.34,159.34,163.24,175.61,169.77
1288,4,Side,150.52,151.97,160.08,165.78,159.49,163.24,175.41,169.77
1288,5,Side,150.48,150.94,159.7,163.67,160.68,163.19,174.56,169.77
1288,6,Side,150.04,149.96,159.31,161.57,160.63,162.95,174.56,170.0
1288,7,Side,143.45,150.89,149.5,163.67,161.61,164.16,173.53,168.76
1288,8,Side,143.68,149.79,147.9,161.08,163.33,165.7,172.59,167.57
1288,9,Side,143.6,148.79,147.9,159.12,162.61,166.64,173.22,166.58
1288,10,Side,141.49,146.78,144.75,155.81,162.0,167.61,173.83,165.61
1288,11,Side,139.84,154.13,142.15,159.2,161.55,168.64,174.19,167.38
1288,12,Side,137.9,153.03,139.17,158.1,162.45,168.97,173.2,167.04
1288,13,Side,134.27,150.66,134.97,154.38,162.5,169.28,173.2,166.73
1288,14,Side,136.8,149.74,139.63,151.95,162.45,169.85,173.2,166.58
1288,15,Side,132.34,147.85,134.3,148.95,162.1,170.13,173.2,166.29
1288,16,Side,127.1,145.12,126.84,145.12,162.31,170.41,172.89,166.02
1288,17,Side,121.79,142.08,119.36,142.52,162.03,170.22,173.53,165.76
1288,18,Side,119.52,138.37,117.05,137.29,163.09,170.91,172.31,165.52
1288,19,Side,121.45,132.61,115.85,130.45,165.62,171.36,171.8,165.06
1288,20,Side,116.53,116.45,110.56,115.5,167.04,169.28,170.75,164.85
1288,21,Side,112.76,113.24,105.53,110.8,167.33,170.66,170.35,163.89
1288,22,Side,109.02,110.18,100.18,107.71,168.02,170.04,169.25,166.06
1288,23,Side,102.17,105.89,93.41,102.96,168.03,171.16,170.68,165.24
1288,24,Side,97.21,109.94,88.53,102.84,167.95,174.13,170.32,166.71
1288,25,Side,90.83,100.11,80.87,94.91,169.08,172.11,168.99,168.12
1288,26,Side,81.38,100.23,74.77,91.29,167.48,174.81,169.46,168.85
1288,27,Side,74.08,94.17,67.51,85.06,167.66,174.66,170.59,168.76
1288,28,Side,68.28,88.46,62.76,78.78,165.67,174.37,170.92,172.93
1288,29,Side,64.39,82.38,56.54,71.99,168.9,176.71,167.35,167.86
1288,30,Side,59.9,74.8,52.65,63.27,168.9,176.45,166.23,168.35
1288,31,Side,54.87,68.46,47.16,56.93,171.36,174.81,164.01,170.5
1288,32,Side,50.4,62.81,42.47,50.57,173.16,173.47,162.2,174.57
1288,33,Side,47.05,58.06,38.86,45.77,173.83,173.38,161.34,174.91
1288,34,Side,43.93,53.17,35.78,40.16,173.77,173.92,159.95,176.21
1288,35,Side,41.07,48.18,32.97,35.13,174.45,172.51,158.81,178.42
1288,36,Side,38.78,45.42,31.26,30.56,173.86,174.56,158.41,174.8
1288,37,Side,36.07,41.57,28.06,26.71,174.35,174.42,158.13,173.47
1288,38,Side,33.88,39.07,25.92,24.21,174.31,172.39,157.84,178.05
1288,39,Side,33.14,36.91,23.6,22.0,179.49,173.73,154.6,175.93
1288,40,Side,32.38,33.76,21.6,18.35,178.58,175.58,152.9,173.01
1288,41,Side,30.9,32.11,19.45,16.91,177.22,176.46,151.23,172.52
1288,42,Side,30.1,32.54,19.76,17.94,176.54,174.98,149.5,174.02
1288,43,Side,29.62,32.5,19.27,17.94,178.61,173.29,152.41,176.94
1288,44,Side,28.62,32.5,21.32,17.94,174.24,173.45,156.14,176.19
1288,45,Side,29.18,31.35,21.32,17.41,175.55,171.98,155.0,176.54
1288,46,Side,29.21,31.87,21.32,17.94,175.58,171.83,154.61,175.61
1288,47,Side,29.21,31.83,21.32,17.94,176.36,171.63,152.62,177.9
1288,48,Side,29.25,31.31,21.32,17.94,175.62,169.85,154.21,178.11
1288,49,Side,28.4,31.76,21.8,18.95,175.63,170.62,154.2,178.16
1288,50,Side,28.43,32.32,21.8,19.51,175.66,168.93,153.78,178.62
1288,51,Side,27.21,31.21,19.54,19.15,176.71,169.32,153.35,178.75
1288,52,Side,27.23,34.0,19.54,24.53,176.72,166.89,153.36,179.56
1288,53,Side,28.23,34.0,20.05,24.53,179.54,166.72,150.25,179.46
1288,54,Side,27.74,34.62,19.74,25.16,177.99,167.06,151.7,179.3
1288,55,Side,28.74,34.33,20.25,24.87,178.48,164.74,152.56,176.48
1288,56,Side,28.74,34.75,20.25,25.81,177.74,164.55,153.72,176.66
1288,57,Side,29.77,34.75,20.78,26.0,178.99,164.41,154.32,175.51
1288,58,Side,30.31,34.76,21.32,26.0,178.98,164.36,154.75,175.5
1288,59,Side,30.51,34.99,22.62,25.72,178.24,165.78,160.68,176.72
1288,60,Side,31.1,35.16,23.21,26.4,178.24,163.96,160.97,174.95
1288,61,Side,32.85,35.88,24.45,27.11,178.73,165.27,162.58,177.2
1288,62,Side,34.18,36.61,25.78,27.84,178.73,164.9,163.59,176.84
1288,63,Side,36.6,38.15,27.11,29.39,178.03,165.64,165.06,177.92
1288,64,Side,38.14,38.97,28.65,30.38,178.03,166.0,165.29,178.39
1288,65,Side,45.45,40.16,33.96,32.1,178.03,166.37,166.05,179.57
1288,66,Side,48.05,42.49,37.07,34.94,176.79,165.86,165.79,179.86
1288,67,Side,49.18,43.99,36.14,35.91,174.89,166.54,166.47,179.81
1288,68,Side,52.15,46.18,38.03,39.23,174.9,166.83,165.41,179.78
1288,69,Side,54.43,49.59,40.28,41.51,174.16,166.99,166.18,179.44
1288,70,Side,56.57,51.61,43.39,44.04,169.84,166.77,172.87,179.39
1288,71,Side,56.86,48.59,44.1,38.51,169.42,169.41,173.86,178.63
1288,72,Side,61.15,54.12,47.36,44.04,169.49,170.74,173.75,176.67
1288,73,Side,66.32,58.97,53.39,48.72,169.05,169.13,173.66,179.8
1288,74,Side,70.37,73.56,57.47,64.17,168.49,167.95,174.97,178.38
1288,75,Side,74.89,72.35,60.99,63.19,168.56,168.18,174.69,177.56
1288,76,Side,76.37,79.37,62.41,70.22,168.72,168.96,174.2,175.85
1288,77,Side,81.87,83.5,68.4,73.85,168.93,170.13,173.09,175.02
1288,78,Side,84.1,86.26,70.29,77.02,170.08,171.7,172.79,174.76
1288,79,Side,87.16,94.73,73.3,85.49,170.21,172.46,172.02,173.02
1288,80,Side,90.2,98.13,76.31,89.38,170.31,171.3,170.8,174.99
1288,81,Side,95.94,103.08,82.67,94.82,170.06,170.91,169.85,174.73
1288,82,Side,99.76,108.54,87.05,100.28,170.65,171.01,168.59,175.14
1288,83,Side,100.75,114.15,88.44,105.4,169.58,172.06,169.26,174.58
1288,84,Side,105.75,119.37,94.5,110.14,170.68,170.79,168.19,176.33
1288,85,Side,107.84,120.96,97.45,112.22,167.89,172.45,170.11,174.19
1288,86,Side,112.75,124.05,103.42,112.74,169.71,168.92,168.33,177.26
1288,87,Side,116.63,125.96,108.31,116.25,167.43,169.75,170.71,175.98
1288,88,Side,115.28,128.2,108.08,117.33,166.52,167.79,170.49,177.95
1288,89,Side,117.09,129.26,111.43,118.39,166.11,167.79,170.49,177.95
1288,90,Side,122.59,131.21,124.31,121.68,164.9,167.66,171.28,178.1
1288,91,Side,124.76,133.59,126.48,123.62,165.02,168.11,171.16,178.1
1288,92,Side,127.74,134.57,130.6,124.59,164.9,167.8,171.28,178.41
1288,93,Side,129.23,138.81,133.65,129.54,164.48,168.23,171.28,178.41
1288,94,Side,132.03,140.26,137.55,130.75,164.28,168.15,171.53,178.9
1288,95,Side,130.57,139.69,134.21,130.6,164.0,166.94,171.41,179.7
1288,96,Side,126.75,138.4,123.83,131.15,163.46,166.35,171.53,179.88
1288,97,Side,125.65,138.0,122.18,132.47,163.1,165.15,171.53,179.32
1288,98,Side,125.67,131.3,120.07,128.83,163.05,163.75,171.53,179.93
1288,99,Side,125.76,132.2,119.03,129.71,163.1,163.77,171.53,179.93
1288,100,Side,126.1,133.91,121.05,132.58,161.8,163.75,172.48,179.93
1288,101,Side,127.52,143.47,123.54,139.72,161.8,166.97,172.48,179.26
1288,102,Side,128.59,145.21,126.03,142.5,160.49,166.97,173.46,179.26
1288,103,Side,130.55,146.31,128.61,143.24,160.95,168.2,173.46,178.44
1288,104,Side,130.82,139.94,130.54,139.1,160.39,167.0,173.62,178.44
1288,105,Side,131.26,141.49,132.4,142.55,159.88,165.95,173.78,178.62
1288,106,Side,132.32,140.85,135.62,141.9,160.0,166.14,173.78,178.44
1288,107,Side,132.98,141.51,136.28,142.56,159.83,165.96,173.96,178.62
1288,108,Side,134.2,142.4,137.11,144.46,159.9,167.27,174.28,177.31
1288,109,Side,134.26,141.1,137.11,143.57,160.28,165.55,173.96,178.62
1288,110,Side,134.26,142.4,137.11,145.45,160.28,166.8,173.96,177.78
1288,111,Side,134.89,142.52,137.74,143.56,161.3,166.14,172.93,178.44
1288,112,Side,136.17,142.54,139.66,143.56,162.45,165.98,172.23,178.62
1289,1,Front/Back,169.73,180.0,168.23,156.25,169.73,180.0,180.0,180.0
1289,2,Front/Back,180.0,180.0,179.99,158.32,172.37,167.63,172.37,167.63
1289,3,Front/Back,179.98,179.98,179.97,179.97,179.98,179.98,179.98,179.98
1289,4,Front/Back,156.07,159.2,174.92,166.61,161.14,162.57,180.0,169.98
1289,5,Front/Back,153.78,157.8,171.03,164.05,153.78,163.6,180.0,169.85
1289,6,Front/Back,149.2,138.37,152.31,155.85,149.2,159.4,180.0,176.88
1289,7,Front/Back,146.92,149.97,152.13,180.0,146.92,149.97,172.47,160.9
1289,8,Front/Back,157.89,132.79,152.11,163.58,141.8,146.08,148.79,155.26
1289,9,Front/Back,150.11,146.52,155.98,180.0,130.84,129.53,141.78,141.38
1289,10,Front/Back,136.34,132.71,142.26,169.56,135.27,129.25,148.22,144.47
1289,11,Front/Back,122.57,115.21,162.08,143.86,140.48,130.52,169.44,149.5
1289,12,Front/Back,111.84,111.21,151.59,134.07,140.25,126.72,169.44,146.97
1289,13,Front/Back,115.76,118.28,133.89,127.25,122.78,123.29,152.92,123.79
1289,14,Front/Back,116.37,105.76,136.58,127.46,116.07,122.71,155.82,136.5
1289,15,Front/Back,108.46,100.57,127.95,141.13,114.76,129.42,153.79,131.89
1289,16,Front/Back,118.74,103.03,135.76,136.4,107.32,131.58,143.8,130.04
1289,17,Front/Back,118.96,99.53,135.98,125.45,117.53,121.15,154.01,128.48
1289,18,Front/Back,121.89,99.46,143.83,119.56,120.59,123.84,156.05,145.61
1289,19,Front/Back,129.38,113.81,151.11,127.33,123.02,140.86,158.27,159.91
1289,20,Front/Back,137.58,118.85,175.26,137.13,123.37,115.65,161.04,156.21
1289,21,Front/Back,139.61,122.26,175.26,148.33,119.58,107.12,155.23,146.26
1289,22,Front/Back,133.33,108.88,166.0,123.64,121.88,108.94,154.55,146.11
1289,23,Front/Back,121.98,102.41,153.5,122.15,123.34,122.16,154.87,136.71
1289,24,Front/Back,123.89,98.15,133.92,116.41,124.08,123.73,152.93,128.48
1289,25,Front/Back,128.16,93.64,144.19,115.3,126.59,122.99,155.23,121.55
1289,26,Front/Back,118.52,97.11,147.56,114.53,131.11,125.26,160.14,112.2
1289,27,Front/Back,122.17,112.43,148.05,131.63,137.53,127.84,163.41,110.48
1289,28,Front/Back,124.92,116.16,147.25,125.6,139.97,131.35,162.3,114.44
1289,29,Front/Back,129.13,161.4,147.25,155.96,146.21,143.86,164.32,104.08
1289,30,Front/Back,146.94,151.04,146.94,159.15,158.56,137.87,158.56,121.97
1289,31,Front/Back,149.06,165.67,149.06,162.28,160.73,138.16,160.73,129.34
1289,32,Front/Back,150.28,167.62,150.28,163.42,162.96,150.79,162.96,125.78
1289,33,Front/Back,151.0,170.87,166.61,159.23,150.36,141.54,165.96,150.68
1289,34,Front/Back,174.93,170.2,174.93,157.72,169.88,142.56,169.88,152.36
1290,1,Side,159.83,164.72,161.84,165.68,168.65,174.89,165.8,178.81
1290,2,Side,159.36,162.93,160.39,163.89,168.67,174.89,165.8,178.81
1290,3,Side,157.67,160.53,157.71,161.97,167.57,174.75,166.92,179.15
1290,4,Side,164.68,158.48,162.5,158.71,169.94,174.29,166.77,178.67
1290,5,Side,162.62,155.8,159.47,156.5,170.37,173.34,166.34,178.2
1290,6,Side,162.04,152.38,158.86,154.72,170.54,172.89,166.2,178.2
1290,7,Side,159.85,149.76,155.7,150.96,170.98,172.42,165.76,177.72
1290,8,Side,159.17,137.04,154.98,140.44,171.01,170.18,165.76,177.68
1290,9,Side,160.04,133.83,155.85,137.22,170.88,170.18,165.9,177.68
1290,10,Side,157.62,130.01,152.46,133.85,170.88,169.77,165.9,177.72
1290,11,Side,156.78,127.72,151.62,130.42,170.74,169.73,166.04,177.68
1290,12,Side,153.26,122.29,147.09,122.17,171.49,172.79,165.32,179.73
1290,13,Side,153.4,117.13,146.73,115.98,172.44,173.25,164.88,179.68
1290,14,Side,156.21,118.58,145.59,116.01,178.29,174.66,159.56,177.84
1290,15,Side,154.12,112.5,142.1,109.41,177.23,174.14,158.93,177.43
1290,16,Side,150.96,112.54,137.83,106.82,177.02,174.72,158.86,176.27
1290,17,Side,143.88,105.54,131.12,99.35,178.09,174.28,160.95,175.72
1290,18,Side,135.38,100.44,122.03,93.65,176.8,176.36,170.55,170.3
1290,19,Side,146.47,95.41,131.04,87.77,177.24,175.24,171.63,171.25
1290,20,Side,140.61,90.48,124.15,82.21,175.99,174.77,173.68,171.03
1290,21,Side,133.47,84.77,116.92,75.43,175.25,174.77,175.06,172.03
1290,22,Side,117.22,82.33,99.63,72.35,175.5,176.58,175.59,169.63
1290,23,Side,104.01,76.76,85.85,68.43,176.73,176.6,172.95,170.44
1290,24,Side,94.0,71.94,74.62,62.72,177.17,178.3,172.47,170.34
1290,25,Side,85.28,67.94,65.66,58.76,177.61,178.33,172.71,170.42
1290,26,Side,75.05,59.7,54.7,48.75,176.87,178.91,173.76,168.97
1290,27,Side,67.88,56.48,46.05,45.9,177.58,177.6,174.08,168.42
1290,28,Side,63.09,54.7,41.58,44.86,175.81,178.46,176.15,168.54
1290,29,Side,57.53,40.99,35.63,36.31,173.64,177.13,178.04,167.24
1290,30,Side,58.28,37.48,36.23,32.49,172.19,175.65,179.28,165.9
1290,31,Side,53.07,33.88,31.02,29.88,170.86,175.47,179.38,165.77
1290,32,Side,48.11,32.44,26.64,28.92,168.57,175.62,175.39,165.8
1290,33,Side,45.36,30.83,23.82,25.42,168.01,173.61,174.64,169.68
1290,34,Side,42.64,29.38,21.68,23.87,166.75,171.04,174.5,165.92
1290,35,Side,38.88,27.85,19.24,22.85,164.12,170.8,172.37,165.67
1290,36,Side,38.04,26.97,17.35,21.47,162.85,170.1,171.22,166.48
1290,37,Side,36.65,26.57,18.68,20.56,162.49,170.91,173.71,168.42
1290,38,Side,37.58,26.57,16.75,20.56,165.7,172.33,174.18,171.06
1290,39,Side,37.65,27.03,16.75,21.02,166.11,172.48,174.64,171.19
1290,40,Side,38.4,27.51,17.59,21.5,162.8,173.54,170.46,173.54
1290,41,Side,39.71,36.63,18.21,25.1,165.17,173.77,172.37,174.43
1290,42,Side,40.35,37.35,18.85,25.81,167.45,175.07,175.19,175.74
1290,43,Side,40.11,38.63,18.85,26.55,168.67,173.55,176.91,167.57
1290,44,Side,40.21,39.92,18.43,27.32,171.12,172.47,179.26,167.88
1290,45,Side,40.73,41.53,19.11,28.93,170.92,173.33,178.7,168.94
1290,46,Side,39.32,43.85,19.62,29.62,168.99,171.44,178.31,167.21
1290,47,Side,43.74,46.14,22.12,31.41,171.65,171.34,178.16,167.51
1290,48,Side,44.45,49.04,23.27,34.07,172.47,172.58,177.61,167.78
1290,49,Side,43.24,50.04,23.57,35.11,172.56,173.7,177.61,168.93
1290,50,Side,46.42,51.7,26.03,37.29,173.27,176.07,177.49,173.18
1290,51,Side,49.64,54.01,30.16,39.62,173.58,177.75,177.83,175.91
1290,52,Side,52.51,60.03,32.69,46.13,174.64,179.0,179.58,177.31
1290,53,Side,55.59,67.08,36.87,53.66,174.95,179.49,179.76,176.59
1290,54,Side,61.81,76.05,42.92,61.49,175.97,179.48,178.79,176.51
1290,55,Side,68.8,65.94,50.01,54.1,176.6,178.93,177.51,176.42
1290,56,Side,76.1,71.55,56.99,60.23,177.41,177.82,176.26,176.88
1290,57,Side,89.4,77.85,70.7,67.08,176.68,177.3,178.91,174.85
1290,58,Side,100.71,82.8,83.0,72.05,179.37,177.31,171.65,174.44
1290,59,Side,116.66,89.23,98.94,78.73,179.05,177.02,170.65,174.06
1290,60,Side,128.29,95.7,111.07,85.22,177.82,177.57,174.82,173.19
1290,61,Side,140.82,87.59,124.59,85.91,177.82,177.59,174.65,172.76
1290,62,Side,149.12,102.44,132.81,93.29,178.04,178.22,173.83,173.14
1290,63,Side,154.38,106.6,139.24,97.91,178.08,177.16,172.3,175.24
1290,64,Side,152.0,127.65,137.51,117.95,171.53,179.5,173.61,175.97
1290,65,Side,156.41,130.11,143.0,120.4,171.47,179.51,172.37,177.55
1290,66,Side,162.9,131.82,153.84,123.88,170.89,178.42,172.67,178.94
1290,67,Side,163.69,135.11,156.22,128.27,170.94,177.85,171.58,179.45
1290,68,Side,166.47,134.98,160.04,129.45,170.89,175.78,171.58,179.68
1290,69,Side,164.09,136.46,154.66,131.42,170.79,174.28,171.12,177.83
1290,70,Side,170.82,138.54,166.57,134.66,171.21,174.33,170.07,177.85
1290,71,Side,165.4,141.44,157.19,137.51,171.11,172.74,170.37,172.98
1290,72,Side,172.06,143.05,168.98,139.1,171.29,173.88,169.57,177.36
1290,73,Side,171.89,145.64,168.98,142.74,170.85,173.87,169.84,177.33
1290,74,Side,172.56,146.51,169.29,144.08,172.03,172.84,168.47,176.77
1290,75,Side,174.53,149.39,171.92,148.04,172.79,172.84,168.04,176.77
1290,76,Side,173.3,150.01,170.87,149.12,173.48,171.81,167.34,176.19
1290,77,Side,173.58,152.07,171.14,152.22,173.39,171.75,166.99,176.1
1290,78,Side,173.05,160.27,172.12,163.18,172.74,176.11,167.12,177.96
1290,79,Side,173.31,160.29,172.39,163.18,172.74,176.03,166.12,178.97
1290,80,Side,171.56,160.3,171.14,163.15,172.57,175.95,165.76,178.8
1290,81,Side,174.08,161.49,171.42,164.29,177.82,175.15,162.23,176.98
1291,1,Front/Back,179.98,179.98,179.98,179.97,179.98,179.98,179.98,179.98
1291,2,Front/Back,155.09,180.0,158.4,175.54,166.66,170.58,179.99,170.57
1291,3,Front/Back,147.74,167.09,152.86,160.91,165.38,171.79,179.99,171.78
1291,4,Front/Back,144.26,167.21,141.79,159.79,165.38,167.68,179.99,167.67
1291,5,Front/Back,141.03,163.93,140.84,150.82,163.1,168.76,179.99,168.76
1291,6,Front/Back,136.37,162.59,137.21,148.96,162.08,164.71,179.99,164.7
1291,7,Front/Back,145.48,160.33,151.15,146.24,174.33,170.05,179.99,170.04
1291,8,Front/Back,129.25,156.93,149.98,143.3,159.27,175.61,179.99,175.6
1291,9,Front/Back,124.5,152.39,146.91,152.39,157.59,180.0,179.99,179.99
1291,10,Front/Back,120.3,149.99,144.27,151.29,156.03,178.7,179.99,179.99
1291,11,Front/Back,116.54,126.79,124.65,148.59,153.14,158.2,179.99,179.99
1291,12,Front/Back,109.76,120.44,122.1,146.39,149.91,154.05,179.99,179.99
1291,13,Front/Back,105.9,117.66,139.53,145.07,146.38,152.59,179.99,179.99
1291,14,Front/Back,105.93,113.23,141.21,138.27,144.71,150.5,180.0,180.0
1291,15,Front/Back,107.26,116.54,141.8,149.26,145.46,147.27,180.0,180.0
1291,16,Front/Back,106.81,122.74,144.45,153.93,142.36,148.81,180.0,180.0
1291,17,Front/Back,109.0,124.97,146.09,156.86,142.91,148.11,180.0,180.0
1291,18,Front/Back,114.78,124.62,152.38,158.42,142.4,146.2,180.0,180.0
1291,19,Front/Back,122.59,122.11,156.05,159.33,140.7,142.78,180.0,174.65
1291,20,Front/Back,142.25,125.07,180.0,162.78,142.25,142.28,180.0,162.89
1291,21,Front/Back,143.3,139.8,180.0,180.0,143.3,139.8,162.98,162.87
1291,22,Front/Back,144.96,138.84,180.0,180.0,144.96,138.84,168.12,166.76
1291,23,Front/Back,142.4,138.41,180.0,180.0,142.4,138.41,165.86,165.73
1291,24,Front/Back,137.6,145.12,180.0,180.0,137.6,145.12,160.61,159.71
1291,25,Front/Back,142.67,146.25,180.0,180.0,142.67,146.25,157.05,156.32
1291,26,Front/Back,158.26,150.02,180.0,159.38,158.26,150.02,148.68,147.66
1291,27,Front/Back,121.97,149.35,153.05,157.03,148.93,149.35,147.74,148.14
1291,28,Front/Back,119.52,145.65,139.38,164.49,148.93,145.65,148.79,149.6
1291,29,Front/Back,107.08,145.52,149.02,158.91,138.06,145.52,149.7,148.12
1291,30,Front/Back,100.95,119.44,138.42,130.1,137.56,153.83,152.35,152.2
1291,31,Front/Back,109.36,113.32,146.49,135.51,142.87,151.63,149.25,153.3
1291,32,Front/Back,117.73,107.79,142.95,141.3,154.78,146.49,149.25,153.3
1291,33,Front/Back,118.25,114.35,150.11,131.11,148.13,147.72,149.25,153.3
1291,34,Front/Back,124.57,119.99,149.92,139.13,154.65,148.36,149.25,153.3
1291,35,Front/Back,128.41,124.64,150.61,152.22,157.8,152.42,149.25,153.3
1291,36,Front/Back,115.76,134.48,136.15,157.16,159.6,157.33,149.25,153.3
1291,37,Front/Back,122.55,144.94,140.24,146.72,162.31,162.16,149.25,153.3
1291,38,Front/Back,144.48,156.6,161.37,159.0,163.11,164.49,149.25,153.3
1292,1,Front/Back,180.0,150.45,162.01,152.76,179.99,163.82,179.99,179.99
1292,2,Front/Back,178.1,146.95,159.93,147.01,178.09,162.83,179.99,179.99
1292,3,Front/Back,180.0,149.54,158.15,141.37,179.99,167.21,179.99,179.99
1292,4,Front/Back,166.93,150.06,149.46,138.48,174.06,168.56,179.99,179.99
1292,5,Front/Back,163.77,146.28,155.24,139.3,163.76,161.91,179.99,179.99
1292,6,Front/Back,165.91,154.55,156.57,142.81,165.9,165.98,179.99,179.99
1292,7,Front/Back,165.76,140.43,146.52,133.34,172.01,161.02,179.99,179.99
1292,8,Front/Back,128.75,118.22,126.44,116.57,148.39,147.4,179.99,179.99
1292,9,Front/Back,126.97,116.15,123.36,109.36,151.8,150.19,179.99,179.99
1292,10,Front/Back,126.28,125.23,112.93,116.28,153.61,156.73,179.99,179.99
1292,11,Front/Back,166.4,123.88,132.66,101.52,179.99,162.68,179.99,179.99
1292,12,Front/Back,148.1,127.3,118.57,106.65,168.84,162.59,179.99,179.99
1292,13,Front/Back,148.94,122.05,122.09,105.55,166.16,158.45,179.99,179.99
1292,14,Front/Back,148.88,127.84,126.39,124.24,162.92,156.26,179.99,179.99
1292,15,Front/Back,132.42,121.13,119.51,126.85,154.33,149.48,179.99,179.99
1292,16,Front/Back,131.33,122.81,115.41,126.85,158.52,153.05,179.99,179.99
1292,17,Front/Back,133.09,135.93,115.88,138.78,160.19,156.45,179.99,179.99
1292,18,Front/Back,123.52,137.44,113.11,138.98,154.99,158.69,179.99,179.99
1292,19,Front/Back,126.74,141.68,117.92,144.57,155.67,161.16,179.99,179.99
1292,20,Front/Back,132.3,143.68,126.67,153.51,156.36,162.05,179.99,179.99
1292,21,Front/Back,136.81,144.24,136.53,161.28,156.4,162.95,179.99,179.99
1292,22,Front/Back,132.6,146.93,132.59,156.49,155.7,166.13,179.99,179.99
1292,23,Front/Back,134.82,153.08,134.7,162.81,157.82,170.27,179.99,179.99
1292,24,Front/Back,132.87,151.57,133.69,162.85,157.85,168.72,179.99,179.99
1292,25,Front/Back,133.37,156.68,135.0,166.46,157.89,170.22,179.99,179.99
1292,26,Front/Back,138.82,160.38,141.23,168.33,161.08,172.05,179.99,179.99
1292,27,Front/Back,140.18,168.9,142.66,168.9,161.01,179.99,179.99,179.99
1292,28,Front/Back,141.36,168.75,142.01,168.75,162.84,179.99,179.99,179.99
1292,29,Front/Back,164.29,163.55,149.42,169.1,179.99,174.45,179.99,179.99
1292,30,Front/Back,171.7,174.06,165.13,174.06,171.69,179.99,179.99,179.99
1292,31,Front/Back,179.98,179.99,179.98,179.98,179.99,179.99,179.99,179.99
1293,1,Front/Back,179.97,179.97,179.96,179.96,179.97,179.97,179.97,179.97
1293,2,Front/Back,179.99,166.5,180.0,153.74,165.87,167.21,153.3,167.19
1293,3,Front/Back,164.4,169.73,163.72,156.96,150.29,160.88,156.64,160.88
1293,4,Front/Back,164.74,169.12,163.72,157.18,150.63,169.12,149.09,164.4
1293,5,Front/Back,158.13,164.47,157.4,153.68,138.57,164.47,143.64,180.0
1293,6,Front/Back,168.18,164.47,157.4,164.87,137.18,164.47,127.99,180.0
1293,7,Front/Back,163.81,180.0,152.44,149.53,113.94,141.98,130.13,141.98
1293,8,Front/Back,124.41,153.91,137.39,145.86,93.97,119.3,134.04,145.39
1293,9,Front/Back,145.1,149.49,148.63,142.52,93.62,99.57,128.53,130.08
1293,10,Front/Back,145.1,148.49,149.24,140.56,89.08,86.13,123.99,117.65
1293,11,Front/Back,145.1,110.98,149.24,107.08,85.55,80.09,120.45,118.55
1293,12,Front/Back,143.08,107.1,150.04,105.83,85.16,85.77,122.08,125.59
1293,13,Front/Back,128.5,108.72,142.98,103.09,84.37,85.67,108.44,123.85
1293,14,Front/Back,136.39,120.82,151.04,127.24,86.21,85.39,89.94,124.75
1293,15,Front/Back,124.15,126.15,135.95,130.94,88.28,85.37,91.11,123.09
1293,16,Front/Back,123.21,150.64,134.78,147.06,78.98,94.74,96.56,124.09
1293,17,Front/Back,127.29,152.84,135.95,147.06,84.22,100.26,100.2,127.43
1293,18,Front/Back,142.9,139.47,151.04,126.0,91.02,102.46,102.16,130.08
1293,19,Front/Back,124.16,154.72,131.45,140.56,98.07,126.33,107.32,151.61
1293,20,Front/Back,125.45,133.64,128.71,120.6,119.48,131.73,114.36,158.13
1293,21,Front/Back,144.57,142.84,129.88,132.26,140.49,130.06,118.61,156.95
1293,22,Front/Back,157.76,127.49,133.35,119.76,155.71,138.81,127.2,165.21
1293,23,Front/Back,157.19,127.41,131.67,117.21,174.51,156.07,147.68,180.0
1293,24,Front/Back,152.97,126.09,127.45,127.58,173.86,153.59,173.86,174.8
1293,25,Front/Back,149.91,146.23,124.39,141.52,180.0,164.94,164.42,167.99
1294,1,Side,152.39,155.23,166.83,166.86,178.18,176.35,147.87,113.13
1294,2,Side,164.66,154.47,176.72,167.14,178.35,177.85,156.5,110.28
1294,3,Side,163.22,165.25,173.95,177.93,179.92,179.62,161.59,111.98
1294,4,Side,163.77,166.31,173.95,179.92,178.59,178.81,163.05,111.16
1294,5,Side,165.76,166.89,175.39,178.06,177.25,179.41,161.57,116.57
1294,6,Side,165.33,165.93,174.65,178.89,176.23,179.14,164.63,122.78
1294,7,Side,158.04,156.69,168.47,174.45,175.84,178.9,150.95,120.62
1294,8,Side,157.12,155.1,166.82,171.92,172.7,175.16,146.06,124.96
1294,9,Side,150.57,146.76,158.6,161.42,175.15,175.42,144.36,116.24
1294,10,Side,150.11,142.13,153.61,156.34,173.7,178.08,152.84,121.9
1294,11,Side,147.93,149.21,150.01,157.64,169.89,176.66,142.68,130.63
1294,12,Side,138.03,137.86,136.18,144.49,173.69,178.32,151.7,133.32
1294,13,Side,129.09,139.21,122.33,137.13,168.93,165.95,149.59,131.7
1294,14,Side,113.39,118.41,103.89,119.23,169.58,175.66,154.28,140.64
1294,15,Side,117.26,102.63,103.28,100.78,167.26,178.15,156.09,149.04
1294,16,Side,90.77,86.85,80.81,82.37,175.6,178.18,158.14,152.35
1294,17,Side,79.5,79.11,67.76,71.19,174.36,176.59,156.48,156.57
1294,18,Side,66.15,72.34,54.91,61.57,174.7,173.44,156.32,154.65
1294,19,Side,60.67,58.97,51.02,47.52,178.02,175.38,161.23,157.26
1294,20,Side,73.46,68.1,60.07,53.51,176.4,174.68,160.93,154.05
1294,21,Side,74.66,68.83,62.07,54.03,177.96,175.48,159.22,155.83
1294,22,Side,90.51,78.56,78.24,66.22,176.09,175.4,157.0,155.87
1294,23,Side,105.94,97.72,94.99,80.75,175.14,169.06,152.79,154.98
1294,24,Side,102.32,91.32,95.56,82.76,177.93,172.03,156.49,149.84
1294,25,Side,121.31,105.9,115.84,100.04,177.14,172.64,154.89,149.44
1294,26,Side,135.76,145.95,133.67,148.5,179.49,175.26,159.17,147.1
1294,27,Side,156.72,154.51,152.66,151.99,175.52,169.8,161.42,140.31
1294,28,Side,162.68,152.06,165.62,156.47,175.82,178.52,156.57,140.1
1294,29,Side,161.83,154.0,163.72,158.95,172.28,177.96,149.38,134.22
1294,30,Side,151.39,160.05,160.23,166.85,178.36,178.15,153.35,136.97
1294,31,Side,150.28,161.66,164.93,171.35,179.88,179.65,155.64,140.36
1294,32,Side,151.59,162.77,164.76,171.65,179.63,178.19,156.74,133.61
1294,33,Side,164.43,148.51,172.08,160.88,176.06,173.31,152.78,126.01
1294,34,Side,168.63,166.83,175.29,175.29,177.78,176.72,157.93,128.82
1295,1,Side,138.74,144.35,137.86,152.74,176.8,178.09,172.73,175.74
1295,2,Side,138.74,140.69,137.86,146.6,175.44,178.0,171.38,177.06
1295,3,Side,129.29,138.47,126.8,146.24,175.91,178.2,174.32,177.27
1295,4,Side,127.69,134.09,125.2,139.57,175.91,179.4,175.91,179.82
1295,5,Side,126.53,132.54,119.85,138.03,179.69,178.18,179.89,177.27
1295,6,Side,128.23,125.81,118.7,131.85,178.97,177.8,179.78,179.75
1295,7,Side,125.71,122.72,115.35,128.86,179.74,178.97,179.85,177.27
1295,8,Side,123.93,117.32,113.2,122.01,179.74,176.71,178.35,178.6
1295,9,Side,120.16,110.96,109.42,113.26,179.74,176.71,176.69,178.6
1295,10,Side,118.2,107.04,106.1,109.42,179.78,176.67,176.52,178.57
1295,11,Side,116.72,98.41,106.54,102.68,176.96,171.91,174.72,177.02
1295,12,Side,103.91,93.04,93.34,93.78,175.61,174.29,175.19,180.0
1295,13,Side,97.4,78.06,85.73,78.45,176.6,174.64,177.47,178.45
1295,14,Side,85.89,69.82,75.34,66.1,174.24,172.35,176.83,173.59
1295,15,Side,77.69,63.5,70.27,60.48,173.11,172.06,177.35,172.38
1295,16,Side,69.28,56.73,68.2,56.85,172.95,173.29,177.51,175.24
1295,17,Side,60.12,55.23,59.04,53.82,169.77,174.29,175.03,176.63
1295,18,Side,57.21,48.24,55.01,49.08,172.34,175.55,176.65,179.41
1295,19,Side,52.11,47.0,51.01,51.12,172.8,174.3,179.68,179.51
1295,20,Side,43.33,41.66,42.27,43.4,171.4,174.46,177.25,179.53
1295,21,Side,37.87,37.48,40.52,45.0,172.26,172.48,177.05,176.63
1295,22,Side,40.29,38.34,40.54,46.69,171.84,175.65,174.95,177.78
1295,23,Side,44.47,39.4,42.14,42.4,172.13,175.52,175.15,177.66
1295,24,Side,42.89,38.39,43.09,41.23,171.88,176.07,174.95,176.81
1295,25,Side,49.02,41.57,49.13,42.4,173.11,179.03,178.86,173.81
1295,26,Side,51.5,42.71,49.02,36.47,178.02,178.83,178.71,179.44
1295,27,Side,52.49,42.97,52.68,38.14,172.83,176.7,177.89,178.32
1295,28,Side,54.33,47.55,54.61,49.46,172.93,177.11,178.08,174.92
1295,29,Side,60.77,51.69,58.57,54.4,174.07,171.63,179.22,176.82
1295,30,Side,67.1,60.12,66.04,61.95,171.4,175.68,179.22,180.0
1295,31,Side,76.17,63.66,76.1,66.14,172.84,168.32,174.22,169.71
1295,32,Side,86.52,72.77,83.99,69.61,174.62,168.51,178.0,169.9
1295,33,Side,99.38,96.74,96.01,94.13,177.2,168.13,179.74,170.29
1295,34,Side,127.36,106.01,124.61,102.84,179.35,168.3,177.46,170.29
1295,35,Side,134.37,113.92,129.09,111.73,179.42,167.32,177.61,170.39
1295,36,Side,140.1,116.29,136.74,116.81,175.84,172.0,174.16,176.24
1295,37,Side,128.91,122.47,128.87,118.34,178.34,173.31,178.66,174.53
1295,38,Side,131.11,119.1,136.9,117.4,176.06,173.74,178.12,174.57
1295,39,Side,133.46,127.2,134.68,126.69,177.12,170.17,178.5,173.82
1295,40,Side,138.37,125.31,146.9,125.48,172.18,169.61,173.58,173.94
1295,41,Side,142.88,122.47,150.24,124.38,175.36,176.61,174.19,178.99
1296,1,Front/Back,154.74,153.85,180.0,157.41,154.74,158.76,180.0,138.73
1296,2,Front/Back,152.03,154.9,168.3,153.3,152.03,158.91,180.0,138.98
1296,3,Front/Back,150.66,123.72,167.15,139.84,150.66,148.01,180.0,141.19
1296,4,Front/Back,143.96,119.35,166.25,128.07,143.96,154.4,180.0,141.19
1296,5,Front/Back,141.06,117.3,165.55,121.24,141.06,154.56,180.0,138.98
1296,6,Front/Back,124.01,116.16,160.34,136.62,143.67,153.17,169.06,134.73
1296,7,Front/Back,115.38,113.41,154.92,135.93,140.46,151.1,157.05,141.48
1296,8,Front/Back,107.81,113.96,148.4,134.08,139.41,151.1,145.3,143.66
1296,9,Front/Back,109.05,123.77,152.93,135.88,136.13,159.12,139.6,141.48
1296,10,Front/Back,111.17,124.82,148.03,141.28,117.36,154.77,119.53,143.4
1296,11,Front/Back,107.57,121.25,145.12,132.27,116.29,153.11,139.2,142.4
1296,12,Front/Back,109.49,125.91,142.0,138.24,116.52,151.8,153.85,147.95
1296,13,Front/Back,104.49,115.7,135.08,131.34,116.61,148.48,153.71,146.74
1296,14,Front/Back,102.94,126.32,124.81,138.88,113.2,150.56,150.05,151.81
1296,15,Front/Back,112.87,136.4,142.54,151.04,119.49,149.5,155.67,146.93
1296,16,Front/Back,129.07,132.7,141.63,149.82,125.95,147.01,153.85,147.84
1296,17,Front/Back,123.81,129.75,136.15,142.19,127.92,146.05,155.82,180.0
1296,18,Front/Back,122.36,123.67,134.42,136.69,117.82,144.82,145.43,180.0
1296,19,Front/Back,115.59,125.3,128.74,136.12,118.16,147.01,146.93,174.46
1296,20,Front/Back,112.22,120.31,127.84,130.0,117.26,148.15,148.5,159.85
1296,21,Front/Back,103.61,117.98,126.03,128.54,113.72,146.75,151.7,161.68
1296,22,Front/Back,104.05,116.56,116.0,123.96,127.85,149.5,160.13,151.43
1296,23,Front/Back,107.03,119.22,119.75,120.46,124.67,152.01,157.67,176.22
1296,24,Front/Back,118.36,121.95,140.16,136.41,118.46,148.67,148.5,164.42
1296,25,Front/Back,130.68,127.4,149.87,122.55,112.99,162.15,139.75,161.32
1296,26,Front/Back,136.95,139.39,156.64,123.77,118.73,169.7,138.42,175.71
1296,27,Front/Back,135.1,143.8,156.64,129.16,122.25,180.0,143.78,180.0
1296,28,Front/Back,160.31,144.95,162.62,144.93,125.65,180.0,145.33,180.0
1296,29,Front/Back,163.95,146.18,157.09,146.17,135.83,180.0,151.88,180.0
1296,30,Front/Back,179.98,179.98,179.97,179.97,179.98,179.98,179.97,179.97
1297,1,Side,158.16,155.42,148.4,151.01,178.71,175.68,178.03,175.87
1297,2,Side,156.99,155.57,149.5,150.53,177.45,176.91,179.25,174.55
1297,3,Side,156.46,156.27,149.0,152.76,177.42,176.89,179.9,174.47
1297,4,Side,155.93,155.33,148.69,151.42,177.42,178.12,179.89,173.72
1297,5,Side,155.93,154.6,148.47,152.25,177.42,178.1,179.89,173.06
1297,6,Side,155.38,152.79,148.85,148.57,176.83,179.36,178.83,172.23
1297,7,Side,154.2,152.79,147.66,149.78,176.83,179.36,178.83,171.25
1297,8,Side,155.01,152.09,149.89,149.09,176.82,178.7,178.82,167.38
1297,9,Side,154.4,151.36,149.25,147.16,176.83,179.34,176.87,170.54
1297,10,Side,153.65,149.78,148.57,145.6,176.77,179.32,176.84,170.22
1297,11,Side,148.86,148.64,140.57,145.7,178.02,179.29,177.41,171.18
1297,12,Side,149.7,144.6,144.52,139.1,177.88,179.89,178.99,168.84
1297,13,Side,147.87,142.41,144.16,137.06,177.85,179.28,178.21,169.02
1297,14,Side,140.87,142.31,133.98,137.44,178.1,179.38,171.7,168.4
1297,15,Side,138.2,140.89,131.51,139.27,178.03,179.18,170.54,168.86
1297,16,Side,133.57,138.58,126.87,136.14,177.94,179.36,174.63,168.05
1297,17,Side,128.77,133.03,121.34,130.59,177.22,179.42,171.24,169.96
1297,18,Side,120.02,124.52,113.3,120.11,178.66,178.58,172.77,170.88
1297,19,Side,109.82,120.59,103.12,117.31,179.39,179.16,173.56,172.41
1297,20,Side,98.01,114.91,91.33,110.76,178.82,176.5,171.03,168.59
1297,21,Side,91.69,99.84,85.05,95.69,178.91,176.52,171.81,168.61
1297,22,Side,85.88,88.13,79.84,83.16,178.15,176.21,176.41,170.74
1297,23,Side,71.85,74.09,66.82,69.13,179.96,176.84,176.31,172.24
1297,24,Side,61.35,58.54,55.31,53.87,178.82,176.35,177.11,171.46
1297,25,Side,54.71,53.94,51.41,49.99,179.48,176.32,178.7,170.06
1297,26,Side,48.02,45.73,44.73,42.56,179.85,176.97,179.73,170.17
1297,27,Side,42.1,38.15,42.88,34.97,179.88,178.53,179.34,173.31
1297,28,Side,34.38,28.29,34.38,26.38,178.68,179.27,178.68,174.81
1297,29,Side,26.57,27.69,28.0,27.22,178.75,179.25,177.82,173.85
1297,30,Side,23.94,24.96,24.6,24.49,177.37,179.25,176.2,173.76
1297,31,Side,25.81,15.87,22.91,18.43,176.64,176.26,173.75,174.06
1297,32,Side,21.02,16.56,18.67,16.56,175.19,179.38,173.27,171.78
1297,33,Side,19.65,15.38,17.18,15.38,175.68,179.38,177.21,171.66
1297,34,Side,18.92,15.75,17.08,13.8,176.32,178.66,176.26,172.51
1297,35,Side,17.0,13.93,15.03,14.02,175.54,175.82,174.78,175.64
1297,36,Side,16.69,13.51,14.54,13.68,176.01,176.26,176.33,174.48
1297,37,Side,16.06,13.22,13.8,13.29,175.87,176.27,176.28,175.55
1297,38,Side,16.28,13.98,13.89,12.86,177.61,175.68,179.03,176.79
1297,39,Side,15.66,13.7,13.18,12.45,177.52,175.66,178.03,176.84
1297,40,Side,15.36,14.42,12.76,12.13,178.04,179.14,176.35,172.57
1297,41,Side,14.35,15.15,12.35,11.62,179.89,177.05,173.88,178.58
1297,42,Side,14.39,15.11,12.18,11.62,179.7,176.29,172.9,179.82
1297,43,Side,14.38,14.45,12.01,11.23,179.56,176.91,172.68,178.49
1297,44,Side,15.35,13.72,12.25,9.67,179.49,179.18,172.11,175.76
1297,45,Side,15.34,13.7,12.09,9.67,179.59,179.89,172.06,172.62
1297,46,Side,15.3,13.69,11.92,9.67,179.66,179.88,172.95,173.27
1297,47,Side,14.45,15.97,11.76,9.37,178.9,179.9,173.7,173.44
1297,48,Side,14.65,16.27,11.83,9.67,178.93,179.92,173.6,173.17
1297,49,Side,14.59,17.29,11.66,9.45,179.81,179.94,174.3,171.43
1297,50,Side,14.77,16.49,11.7,9.45,179.91,178.39,174.08,171.25
1297,51,Side,14.97,16.84,11.78,9.78,179.11,178.41,175.01,171.72
1297,52,Side,15.47,17.5,12.13,10.48,178.13,177.53,176.93,172.98
1297,53,Side,16.26,16.82,11.47,11.0,173.86,177.53,173.88,173.38
1297,54,Side,16.42,17.83,10.71,12.85,171.97,175.95,172.02,174.0
1297,55,Side,16.64,16.76,10.81,13.11,170.91,175.99,170.31,174.24
1297,56,Side,17.16,17.19,11.2,14.21,175.25,174.39,178.41,174.62
1297,57,Side,18.45,19.38,12.26,15.6,169.86,176.01,169.05,173.32
1297,58,Side,18.46,20.41,13.49,16.63,170.11,176.07,170.78,173.38
1297,59,Side,20.49,21.01,14.83,16.42,171.03,176.95,170.69,175.19
1297,60,Side,21.38,23.0,15.56,17.6,171.25,177.07,171.08,177.0
1297,61,Side,23.08,24.18,18.4,19.62,171.29,175.0,172.11,179.03
1297,62,Side,25.36,26.59,22.2,21.07,172.81,175.93,172.14,176.41
1297,63,Side,27.36,31.03,25.02,25.02,176.48,174.55,178.05,177.19
1297,64,Side,28.81,35.71,27.26,29.71,175.87,175.19,174.36,175.09
1297,65,Side,29.69,39.02,30.47,32.21,177.41,176.04,175.13,176.47
1297,66,Side,35.54,43.15,33.99,35.56,176.71,177.48,175.2,174.87
1297,67,Side,44.25,49.09,43.45,41.49,176.81,176.86,173.76,175.49
1297,68,Side,53.25,56.31,52.42,48.72,177.58,177.48,175.19,171.49
1297,69,Side,64.86,61.93,64.01,53.09,177.55,175.4,174.29,175.59
1297,70,Side,79.85,72.96,77.44,62.72,176.65,178.85,172.83,174.06
1297,71,Side,93.03,91.4,91.3,81.16,177.33,179.47,172.78,173.44
1297,72,Side,111.95,97.38,109.53,87.87,177.23,177.98,174.2,172.89
1297,73,Side,126.2,105.52,122.23,96.68,177.23,176.63,174.13,174.73
1297,74,Side,131.38,114.62,126.54,105.12,178.54,177.96,173.98,175.89
1297,75,Side,137.77,122.93,132.92,113.43,178.68,177.96,179.1,176.64
1297,76,Side,144.97,129.59,139.45,119.45,179.35,180.0,180.0,174.86
1297,77,Side,146.31,134.85,139.18,124.88,179.33,179.34,178.39,174.22
1297,78,Side,149.32,140.87,141.55,131.54,177.98,179.33,177.68,172.87
1297,79,Side,150.02,142.13,143.07,133.47,178.62,180.0,177.66,173.76
1297,80,Side,153.31,144.35,142.11,136.54,177.98,178.63,178.64,175.35
1297,81,Side,154.18,146.87,145.14,139.23,179.32,179.34,179.32,174.56
1297,82,Side,153.48,145.65,145.09,137.04,179.98,177.39,178.31,177.72
1297,83,Side,153.49,147.53,148.94,138.26,175.45,179.28,168.47,174.06
1298,1,Front/Back,157.13,154.01,157.13,154.01,150.62,160.69,150.62,160.69
1298,2,Front/Back,157.13,146.46,157.13,151.33,150.6,155.82,150.6,160.69
1298,3,Front/Back,153.9,144.13,153.9,149.0,150.59,157.89,150.59,162.76
1298,4,Front/Back,143.87,134.62,152.48,147.18,147.4,148.14,143.07,160.7
1298,5,Front/Back,137.73,129.04,152.48,146.15,139.81,141.73,134.95,158.84
1298,6,Front/Back,134.62,128.13,153.58,148.83,135.6,138.14,119.33,146.21
1298,7,Front/Back,131.53,125.05,152.31,148.83,131.07,127.44,115.39,151.21
1298,8,Front/Back,126.05,127.52,146.9,150.94,125.1,125.22,112.25,136.18
1298,9,Front/Back,124.06,127.11,146.6,150.53,121.3,124.03,108.61,131.24
1298,10,Front/Back,120.57,122.94,144.73,149.13,118.67,122.45,104.49,124.19
1298,11,Front/Back,119.26,118.28,143.41,144.64,116.7,122.31,106.43,120.06
1298,12,Front/Back,117.46,115.42,143.09,144.29,119.25,118.59,99.26,108.75
1298,13,Front/Back,112.73,111.56,133.84,143.99,116.56,115.07,99.04,107.37
1298,14,Front/Back,107.37,109.2,119.44,143.74,117.16,111.78,96.77,103.46
1298,15,Front/Back,105.75,105.18,113.23,143.74,116.17,107.81,93.1,102.16
1298,16,Front/Back,109.5,97.82,112.13,131.94,116.66,111.11,92.13,101.13
1298,17,Front/Back,110.59,107.39,113.21,138.02,116.66,114.54,96.65,105.12
1298,18,Front/Back,108.12,115.21,114.72,143.37,111.5,115.86,96.93,105.44
1298,19,Front/Back,121.45,115.65,119.49,142.65,115.51,111.87,95.11,100.28
1298,20,Front/Back,122.08,115.83,116.3,142.83,116.35,112.83,98.2,99.88
1298,21,Front/Back,131.55,125.12,131.83,147.95,116.44,116.01,107.5,100.37
1298,22,Front/Back,130.83,131.13,132.89,150.74,116.49,121.23,111.14,99.61
1298,23,Front/Back,124.07,118.62,123.86,143.19,118.48,120.54,106.77,104.05
1298,24,Front/Back,127.75,119.97,131.28,135.01,120.32,124.07,111.54,107.78
1298,25,Front/Back,133.47,124.53,138.64,147.66,122.96,128.08,114.44,111.78
1298,26,Front/Back,140.78,129.72,141.22,149.65,125.55,131.28,115.73,115.02
1298,27,Front/Back,153.76,132.97,147.7,152.91,131.7,132.63,116.07,117.96
1298,28,Front/Back,166.23,159.9,153.39,167.44,137.8,141.1,117.82,121.18
1298,29,Front/Back,176.01,164.69,154.45,164.69,147.64,148.67,118.94,122.98
1298,30,Front/Back,168.87,160.93,147.3,160.93,148.78,149.9,120.08,124.51
1298,31,Front/Back,126.75,148.34,126.13,155.89,127.84,143.67,121.94,124.07
1298,32,Front/Back,121.27,117.54,123.66,140.67,127.01,130.88,124.36,126.87
1298,33,Front/Back,120.5,114.0,121.32,139.94,129.86,131.18,124.06,129.98
1298,34,Front/Back,117.73,109.72,119.95,136.97,130.91,133.45,124.9,131.61
1298,35,Front/Back,117.88,107.52,119.99,137.21,125.66,135.4,129.84,135.99
1298,36,Front/Back,116.4,104.2,121.82,135.04,125.66,140.56,129.84,140.47
1298,37,Front/Back,111.3,101.21,119.69,134.24,124.04,132.06,131.07,142.7
1298,38,Front/Back,113.22,103.07,140.21,136.05,124.08,132.1,134.22,145.24
1298,39,Front/Back,109.67,102.02,118.02,135.0,124.08,132.1,134.22,147.64
1298,40,Front/Back,106.45,103.32,116.02,136.25,124.02,129.84,139.41,153.22
1298,41,Front/Back,107.74,102.61,125.58,136.59,125.2,128.78,152.23,162.75
1298,42,Front/Back,109.34,104.4,126.02,137.32,126.69,127.78,152.35,160.7
1298,43,Front/Back,110.09,105.52,126.77,138.44,126.69,127.78,152.35,160.7
1298,44,Front/Back,112.66,109.8,120.87,141.63,132.27,127.01,146.59,158.84
1298,45,Front/Back,114.41,123.49,122.62,152.18,133.85,130.17,149.33,158.87
1298,46,Front/Back,116.64,124.18,125.22,154.05,133.82,129.04,156.44,158.93
1298,47,Front/Back,121.92,135.08,128.83,162.16,135.38,130.12,156.32,157.21
1298,48,Front/Back,124.01,145.52,131.38,171.07,138.74,133.36,159.69,158.93
1298,49,Front/Back,130.23,157.79,134.35,179.99,140.75,135.0,157.88,157.21
1298,50,Front/Back,135.12,156.32,139.23,179.99,144.25,135.25,161.37,158.93
1298,51,Front/Back,136.78,159.07,139.34,179.99,148.52,141.87,163.38,162.8
1298,52,Front/Back,143.47,162.26,143.31,179.99,153.5,147.46,165.65,165.2
1298,53,Front/Back,150.71,166.57,150.48,179.99,159.82,154.45,171.9,167.88
1298,54,Front/Back,161.99,168.87,158.13,179.99,171.55,160.35,180.0,171.48
1298,55,Front/Back,179.97,179.98,179.97,179.97,179.98,179.98,179.98,179.98
1299,1,Front/Back,123.61,126.14,136.73,153.2,162.31,152.93,148.65,180.0
1299,2,Front/Back,121.71,125.02,130.75,152.09,158.83,152.93,147.57,180.0
1299,3,Front/Back,117.4,124.0,138.57,151.07,158.83,152.93,148.4,164.55
1299,4,Front/Back,115.52,122.98,127.16,150.14,153.61,152.84,155.88,153.38
1299,5,Front/Back,118.24,121.34,135.2,148.5,152.08,152.84,163.87,145.63
1299,6,Front/Back,118.76,122.28,133.21,149.47,149.78,152.81,174.69,140.21
1299,7,Front/Back,115.94,118.51,127.8,147.89,148.68,150.62,180.0,138.38
1299,8,Front/Back,113.12,116.43,122.67,146.89,126.95,149.54,155.95,131.92
1299,9,Front/Back,123.24,113.97,118.24,146.44,123.19,147.53,140.73,129.45
1299,10,Front/Back,120.88,111.23,115.32,144.67,127.84,146.56,143.24,132.32
1299,11,Front/Back,106.6,111.99,112.07,144.43,108.74,110.2,138.06,126.28
1299,12,Front/Back,106.03,112.35,112.64,145.73,100.41,105.25,130.85,138.62
1299,13,Front/Back,105.7,113.03,112.3,146.44,99.45,102.53,129.89,124.9
1299,14,Front/Back,115.13,114.72,111.16,149.03,101.81,101.43,124.27,121.77
1299,15,Front/Back,126.0,114.52,114.77,148.88,106.72,96.06,124.27,130.41
1299,16,Front/Back,111.48,131.9,118.87,164.37,100.53,99.11,133.55,131.59
1299,17,Front/Back,113.56,120.41,118.42,156.61,101.24,102.42,134.13,116.67
1299,18,Front/Back,117.03,145.65,123.83,180.0,100.94,103.27,134.97,124.61
1299,19,Front/Back,118.52,152.84,124.75,180.0,101.01,104.61,135.9,129.35
1299,20,Front/Back,149.65,141.2,162.84,180.0,114.3,109.39,144.65,145.77
1299,21,Front/Back,146.23,151.71,166.86,180.0,121.74,110.01,155.51,135.88
1299,22,Front/Back,148.28,154.06,165.07,180.0,123.79,114.62,155.51,128.17
1299,23,Front/Back,149.61,155.28,140.76,180.0,122.06,115.55,142.71,128.66
1299,24,Front/Back,161.0,155.28,164.71,180.0,115.83,115.27,134.83,125.92
1299,25,Front/Back,160.84,155.24,162.36,180.0,115.67,116.4,134.83,127.1
1299,26,Front/Back,142.52,156.52,145.68,180.0,115.08,117.42,135.88,124.78
1299,27,Front/Back,136.09,154.01,141.11,180.0,115.1,112.86,135.9,138.85
1299,28,Front/Back,132.39,151.68,148.42,180.0,117.59,114.33,138.06,142.65
1299,29,Front/Back,128.89,142.12,151.07,180.0,118.13,127.31,140.3,165.19
1299,30,Front/Back,125.51,136.49,149.11,180.0,117.83,136.49,141.43,180.0
1299,31,Front/Back,112.11,139.67,145.25,180.0,117.51,139.67,150.65,180.0
1299,32,Front/Back,108.21,130.44,140.42,163.9,116.97,126.14,149.18,159.59
1299,33,Front/Back,109.88,120.84,138.68,159.47,126.71,141.37,155.51,156.51
1299,34,Front/Back,112.07,128.23,137.03,155.42,130.54,144.35,155.5,163.13
1299,35,Front/Back,134.29,124.17,134.29,152.46,141.46,151.71,141.46,180.0
1299,36,Front/Back,138.15,123.96,138.15,148.75,143.88,146.75,143.88,171.54
1299,37,Front/Back,140.79,128.57,140.79,154.56,143.86,145.55,143.86,171.54
1299,38,Front/Back,121.6,135.61,142.66,157.69,134.49,145.05,155.55,167.12
1299,39,Front/Back,124.34,145.52,143.9,164.53,135.99,147.89,155.55,166.91
1299,40,Front/Back,125.73,154.67,143.54,170.14,139.58,148.41,157.39,163.89
1299,41,Front/Back,134.03,158.11,150.03,168.98,141.39,150.35,157.39,161.22
1299,42,Front/Back,166.07,172.22,179.99,179.97,145.46,162.88,159.38,154.52
1299,43,Front/Back,168.63,172.22,179.99,179.97,155.65,172.23,167.0,163.87
1299,44,Front/Back,179.98,179.98,179.97,179.97,179.98,179.98,179.98,179.98
1300,1,Front/Back,177.2,164.33,179.98,179.98,177.2,164.32,180.0,151.48
1300,2,Front/Back,179.98,179.98,179.97,179.97,179.98,179.98,179.98,179.98
1300,3,Front/Back,156.46,152.05,156.16,152.06,155.44,179.98,154.96,179.99
1300,4,Front/Back,161.62,152.91,152.97,152.91,150.85,166.08,154.96,166.09
1300,5,Front/Back,150.04,126.65,142.95,137.8,141.85,154.95,160.99,166.09
1300,6,Front/Back,155.04,128.95,153.78,128.95,155.04,166.63,158.92,166.63
1300,7,Front/Back,152.63,121.57,146.3,137.24,152.65,150.96,158.92,166.63
1300,8,Front/Back,121.46,118.53,132.98,137.8,148.36,160.73,180.0,180.0
1300,9,Front/Back,104.97,119.56,122.25,138.93,155.74,146.73,180.0,166.09
1300,10,Front/Back,101.65,109.1,120.7,131.5,151.05,133.4,180.0,155.79
1300,11,Front/Back,100.23,117.85,119.97,147.56,148.95,118.89,180.0,148.59
1300,12,Front/Back,106.14,108.17,141.46,140.06,125.08,116.71,160.4,148.59
1300,13,Front/Back,104.35,101.63,119.32,120.39,123.3,116.19,160.4,145.77
1300,14,Front/Back,92.96,95.15,122.87,118.24,126.07,114.81,165.89,146.15
1300,15,Front/Back,87.82,87.66,119.33,112.08,125.04,114.01,166.45,149.26
1300,16,Front/Back,84.76,86.68,122.25,123.52,121.41,112.94,165.89,149.77
1300,17,Front/Back,85.86,89.07,123.34,127.65,121.08,104.32,165.56,142.9
1300,18,Front/Back,91.15,93.38,123.34,129.94,105.63,104.01,144.81,140.57
1300,19,Front/Back,93.21,89.92,133.99,128.23,107.33,107.83,148.11,146.15
1300,20,Front/Back,85.38,94.58,129.23,134.58,104.56,102.9,148.41,142.9
1300,21,Front/Back,94.38,98.65,141.46,137.24,109.2,117.54,156.27,156.13
1300,22,Front/Back,91.56,98.98,139.4,137.8,107.38,106.53,155.22,145.35
1300,23,Front/Back,89.79,89.63,137.63,133.32,111.91,116.59,159.75,160.29
1300,24,Front/Back,78.61,92.7,127.85,135.0,110.51,137.7,159.75,180.0
1300,25,Front/Back,84.75,89.58,133.99,133.46,116.32,136.12,165.56,180.0
1300,26,Front/Back,88.87,95.3,133.99,135.98,110.03,139.32,155.15,180.0
1300,27,Front/Back,107.06,103.78,144.4,142.78,142.64,141.0,179.99,144.59
1300,28,Front/Back,104.21,100.54,141.46,137.8,142.75,142.74,180.0,159.49
1300,29,Front/Back,130.53,109.36,146.13,139.07,132.34,126.09,147.94,133.41
1300,30,Front/Back,118.08,109.92,145.55,137.24,152.52,124.96,179.99,149.16
1300,31,Front/Back,121.17,115.46,146.13,142.78,140.93,121.1,165.89,148.43
1300,32,Front/Back,107.6,116.9,133.99,141.34,139.06,128.26,165.45,152.7
1300,33,Front/Back,139.49,133.33,169.17,160.65,122.18,121.55,151.87,148.87
1300,34,Front/Back,150.3,140.58,179.99,167.91,126.09,133.92,155.78,147.9
1300,35,Front/Back,127.85,157.57,149.73,167.88,138.52,145.0,160.4,145.04
1300,36,Front/Back,160.37,157.57,180.0,158.17,146.25,157.57,165.89,156.1
1300,37,Front/Back,154.81,157.57,180.0,159.42,154.81,157.57,180.0,152.62
1300,38,Front/Back,157.46,168.85,180.0,159.42,157.46,168.84,180.0,141.14
1300,39,Front/Back,157.46,158.11,180.0,142.05,157.46,179.99,180.0,141.14
1300,40,Front/Back,180.0,152.06,180.0,152.06,155.78,166.09,155.78,127.24
1301,1,Side,162.0,160.89,166.29,169.28,161.15,173.49,178.87,173.22
1301,2,Side,161.62,163.71,164.6,170.9,161.8,174.88,179.57,173.31
1301,3,Side,157.65,160.13,158.1,164.48,161.97,174.92,179.94,173.3
1301,4,Side,155.85,161.54,155.06,163.04,161.91,177.06,179.94,174.37
1301,5,Side,155.25,161.85,152.33,161.33,163.45,177.8,179.84,174.37
1301,6,Side,153.88,149.42,149.56,151.44,163.51,173.24,179.47,172.91
1301,7,Side,153.6,161.67,146.93,159.06,164.54,177.77,179.99,172.9
1301,8,Side,156.22,147.35,151.97,147.99,164.65,173.2,178.86,172.48
1301,9,Side,148.34,151.92,139.01,146.05,164.65,177.03,179.68,171.64
1301,10,Side,145.98,154.9,135.33,147.57,163.95,178.5,179.44,171.64
1301,11,Side,145.12,145.42,133.79,138.34,163.95,176.92,177.83,172.4
1301,12,Side,140.11,141.83,124.43,133.46,164.68,177.58,177.68,174.37
1301,13,Side,136.46,138.8,119.52,128.35,164.65,179.11,176.87,175.98
1301,14,Side,131.34,137.5,111.93,127.09,163.58,178.32,174.45,174.45
1301,15,Side,129.44,135.61,107.46,122.76,165.07,179.14,175.26,174.45
1301,16,Side,138.92,131.99,111.69,116.97,169.09,179.27,175.13,175.18
1301,17,Side,132.85,123.69,104.39,107.38,169.44,180.0,175.57,173.66
1301,18,Side,127.52,117.65,99.02,101.33,170.15,180.0,175.99,174.52
1301,19,Side,119.33,109.98,90.5,92.39,169.83,179.29,178.82,172.86
1301,20,Side,101.86,100.9,76.35,82.92,165.91,178.42,177.14,173.66
1301,21,Side,99.23,90.21,71.96,69.26,165.89,177.52,176.89,173.65
1301,22,Side,92.71,80.37,65.47,64.39,166.6,172.5,178.3,172.21
1301,23,Side,89.16,76.53,59.26,60.35,167.45,171.24,178.3,171.41
1301,24,Side,82.58,74.25,52.68,56.15,167.58,174.32,178.58,171.12
1301,25,Side,75.66,73.05,45.77,53.61,166.92,175.89,177.09,171.68
1301,26,Side,69.44,64.12,38.71,48.66,167.4,171.43,176.02,171.25
1301,27,Side,62.45,65.3,32.87,44.93,167.4,177.61,177.15,172.51
1301,28,Side,56.28,55.08,28.42,36.49,165.2,176.57,176.37,174.1
1301,29,Side,50.05,52.53,26.13,33.5,163.94,175.83,176.04,174.52
1301,30,Side,46.73,47.92,20.62,27.78,162.5,178.41,175.43,175.22
1301,31,Side,41.99,42.96,17.75,22.79,165.32,178.45,176.81,175.23
1301,32,Side,39.64,39.76,15.37,19.56,165.34,179.16,176.81,177.55
1301,33,Side,42.44,39.73,16.07,19.56,164.34,179.13,176.1,176.68
1301,34,Side,41.35,39.72,14.95,19.56,164.08,179.12,175.67,176.68
1301,35,Side,38.08,37.79,13.45,17.62,163.28,179.81,173.93,179.02
1301,36,Side,41.76,37.07,12.83,21.15,167.62,175.56,175.64,179.02
1301,37,Side,35.77,34.84,11.5,15.96,164.58,179.81,174.2,178.11
1301,38,Side,34.87,33.22,11.5,14.33,164.07,179.81,176.14,179.78
1301,39,Side,35.14,35.11,12.34,17.12,164.46,178.9,175.7,179.75
1301,40,Side,37.87,35.13,12.46,17.12,164.98,178.92,175.14,177.93
1301,41,Side,38.87,35.47,13.45,18.25,165.16,177.47,175.42,176.63
1301,42,Side,39.9,35.78,14.48,19.35,165.49,176.68,175.87,176.58
1301,43,Side,37.06,35.01,6.54,18.49,170.6,176.78,175.97,176.58
1301,44,Side,36.6,36.13,7.77,20.41,170.81,175.97,175.85,176.58
1301,45,Side,36.04,34.96,8.39,21.09,171.12,175.02,176.39,176.55
1301,46,Side,38.03,37.85,9.46,22.24,171.72,175.02,175.4,176.55
1301,47,Side,39.11,39.77,10.6,24.21,170.45,174.98,172.87,176.53
1301,48,Side,42.57,38.74,14.76,24.87,169.54,175.01,172.67,176.54
1301,49,Side,46.98,41.9,19.14,26.79,169.59,174.13,172.77,174.85
1301,50,Side,55.71,46.48,31.49,31.54,165.96,173.97,172.87,174.9
1301,51,Side,54.15,47.78,26.3,32.83,169.59,173.97,172.98,175.79
1301,52,Side,71.07,51.33,45.72,39.09,168.29,173.95,173.09,175.73
1301,53,Side,77.57,54.52,51.45,42.34,169.85,173.92,173.0,175.87
1301,54,Side,83.63,69.04,57.51,58.77,170.04,171.96,172.47,178.39
1301,55,Side,89.91,73.17,63.79,62.81,171.12,172.02,174.94,178.36
1301,56,Side,93.01,67.04,69.99,56.2,167.55,171.69,174.36,177.55
1301,57,Side,101.31,80.94,76.53,71.18,167.7,170.58,175.47,177.51
1301,58,Side,104.04,80.63,75.84,70.02,170.97,170.07,175.32,176.68
1301,59,Side,103.52,87.19,80.48,75.94,165.81,171.59,176.17,177.53
1301,60,Side,119.13,91.22,93.01,82.75,169.96,173.09,176.01,179.19
1301,61,Side,129.72,95.18,102.7,86.72,170.86,173.09,176.71,177.1
1301,62,Side,132.03,99.14,105.63,90.57,169.7,173.19,174.69,177.06
1301,63,Side,136.39,102.84,110.0,94.28,169.33,173.19,173.2,179.27
1301,64,Side,141.94,107.99,115.55,99.53,169.7,173.09,174.35,176.24
1301,65,Side,146.93,111.37,121.81,102.8,169.65,173.19,175.14,176.19
1301,66,Side,146.98,114.45,122.76,105.89,169.33,173.19,173.98,177.68
1301,67,Side,151.2,114.29,128.12,105.51,168.67,171.7,174.16,175.26
1301,68,Side,155.99,131.76,132.87,123.25,169.78,173.73,175.24,176.03
1301,69,Side,161.2,134.77,137.15,126.35,170.71,174.38,175.24,177.55
1301,70,Side,158.42,134.05,137.0,127.71,169.04,173.66,175.53,177.55
1301,71,Side,143.39,121.44,126.99,117.37,163.51,170.68,174.98,176.68
1301,72,Side,156.64,136.28,136.13,131.48,168.61,173.76,177.11,176.63
1301,73,Side,160.38,142.26,139.04,135.68,169.6,175.53,177.41,175.73
1301,74,Side,161.57,141.53,140.22,137.04,169.1,174.81,177.07,175.67
1301,75,Side,161.83,133.09,142.95,131.88,168.26,171.75,176.8,175.67
1301,76,Side,161.78,135.3,142.95,135.3,168.24,171.87,177.07,175.53
1301,77,Side,162.69,136.99,145.82,136.99,168.22,173.16,177.07,176.68
1301,78,Side,160.41,139.6,144.37,141.06,166.75,173.03,176.42,175.66
1301,79,Side,161.86,139.51,147.34,143.26,166.75,172.85,176.02,177.22
1301,80,Side,154.75,140.87,143.72,144.62,163.54,172.85,176.02,176.2
1301,81,Side,157.17,141.0,146.5,144.74,163.7,173.61,176.18,176.83
1301,82,Side,158.35,142.89,149.21,147.71,163.7,173.74,176.34,176.74
1301,83,Side,157.54,143.84,150.69,150.77,162.89,172.32,178.54,175.14
1301,84,Side,157.48,146.07,152.72,154.29,162.18,172.32,179.83,178.03
1301,85,Side,157.48,146.44,152.91,155.77,161.55,172.57,179.26,175.03
1301,86,Side,158.32,146.96,156.81,156.3,161.55,172.57,179.46,175.14
1301,87,Side,160.6,148.27,161.32,157.48,161.44,170.79,179.29,172.87
1301,88,Side,160.65,156.62,161.32,163.78,160.83,174.83,178.0,174.54
1301,89,Side,158.99,156.62,160.38,163.78,160.33,176.12,178.83,177.36
1301,90,Side,158.99,156.32,160.38,163.33,160.16,176.31,178.43,178.45
1301,91,Side,159.29,156.32,160.75,163.33,159.64,176.31,177.25,177.48
1302,1,Side,169.91,164.34,168.94,168.55,176.23,168.83,54.94,72.65
1302,2,Side,161.89,162.75,165.3,167.4,178.77,169.75,55.88,75.51
1302,3,Side,160.51,161.33,163.11,165.15,178.26,170.1,56.84,77.11
1302,4,Side,159.62,159.26,161.37,162.76,178.22,171.07,57.75,80.18
1302,5,Side,159.48,158.38,159.98,161.88,178.59,171.07,61.16,80.12
1302,6,Side,159.0,157.27,158.2,160.42,177.64,171.93,61.72,83.02
1302,7,Side,157.72,155.51,156.14,159.16,177.3,172.18,59.16,80.11
1302,8,Side,157.37,154.21,155.75,157.01,177.32,171.86,61.32,80.9
1302,9,Side,156.07,152.72,154.54,155.19,177.4,172.53,61.36,82.09
1302,10,Side,154.75,151.3,152.34,153.02,175.23,172.41,60.32,82.89
1302,11,Side,153.85,149.83,150.18,151.24,173.96,172.64,60.87,83.42
1302,12,Side,151.58,146.59,146.14,147.63,174.52,173.23,62.02,84.36
1302,13,Side,151.03,144.64,143.7,144.8,173.74,173.34,66.37,89.83
1302,14,Side,148.94,142.6,140.64,142.77,176.02,173.46,69.3,90.87
1302,15,Side,146.14,140.46,136.84,139.73,176.17,173.24,69.43,91.3
1302,16,Side,142.88,138.76,132.22,135.79,175.38,172.3,69.12,92.47
1302,17,Side,141.32,135.97,129.43,133.12,174.93,172.42,72.83,94.72
1302,18,Side,138.09,134.93,125.65,130.58,173.46,172.0,70.98,96.64
1302,19,Side,136.81,127.87,122.74,124.42,172.26,172.55,71.7,101.42
1302,20,Side,132.29,126.28,117.66,121.37,172.51,172.11,72.68,102.45
1302,21,Side,129.14,123.41,112.48,117.35,172.31,171.21,73.66,105.44
1302,22,Side,125.67,116.94,108.14,111.04,172.21,171.48,76.52,108.62
1302,23,Side,121.0,111.54,102.27,104.41,172.02,171.31,79.22,110.79
1302,24,Side,125.3,103.7,106.75,95.97,171.58,172.33,81.6,112.24
1302,25,Side,121.3,94.91,102.42,87.61,171.05,172.73,83.8,113.38
1302,26,Side,114.59,87.43,96.13,80.34,170.49,173.05,85.99,114.35
1302,27,Side,106.56,80.92,86.47,71.0,170.76,171.89,97.26,115.44
1302,28,Side,98.5,75.23,76.78,61.56,169.92,171.16,99.82,118.51
1302,29,Side,82.81,70.06,59.8,53.5,169.75,169.95,103.52,119.3
1302,30,Side,74.73,68.28,49.91,46.97,168.12,168.79,107.03,120.5
1302,31,Side,68.05,65.02,42.42,40.02,167.91,169.17,107.5,118.78
1302,32,Side,62.83,58.62,36.83,34.62,168.03,170.15,109.61,123.72
1302,33,Side,57.03,51.78,32.07,29.73,169.45,169.91,111.66,123.49
1302,34,Side,52.88,47.99,27.54,23.77,170.35,169.28,114.72,123.47
1302,35,Side,48.41,44.62,23.68,19.51,171.26,169.04,115.85,123.76
1302,36,Side,46.06,41.57,21.55,16.69,172.76,166.36,118.41,122.59
1302,37,Side,42.96,39.14,19.05,15.07,172.81,167.59,117.32,124.05
1302,38,Side,39.82,37.39,16.23,12.33,174.72,167.61,116.61,126.97
1302,39,Side,38.17,35.82,14.99,10.85,175.35,168.05,114.29,129.53
1302,40,Side,34.87,34.34,12.57,9.43,177.11,168.85,113.95,128.95
1302,41,Side,32.99,32.92,11.59,7.43,173.88,168.64,102.38,130.6
1302,42,Side,32.89,35.19,10.53,6.9,173.52,169.43,100.71,132.81
1302,43,Side,32.87,32.87,10.53,6.53,177.55,171.25,98.5,134.62
1302,44,Side,32.18,32.21,10.4,6.78,178.16,172.09,95.63,135.66
1302,45,Side,31.74,30.85,9.97,7.1,178.68,172.79,93.72,136.92
1302,46,Side,31.66,29.12,10.25,5.08,178.11,174.54,92.84,139.56
1302,47,Side,31.66,29.21,10.25,7.75,178.14,175.81,90.15,140.61
1302,48,Side,31.66,29.68,10.62,7.59,178.18,176.29,87.32,145.56
1302,49,Side,32.09,30.2,11.06,8.08,178.2,177.38,84.46,149.83
1302,50,Side,32.09,30.78,11.42,8.57,178.68,177.68,87.33,151.78
1302,51,Side,31.39,31.28,14.69,9.67,178.7,177.62,84.47,151.72
1302,52,Side,32.4,32.88,15.42,9.54,179.72,177.25,76.14,151.37
1302,53,Side,32.74,34.05,15.43,10.64,177.78,177.24,79.59,150.2
1302,54,Side,33.11,34.66,15.54,11.8,178.38,176.83,84.06,146.24
1302,55,Side,33.61,35.89,16.03,12.99,178.39,176.96,81.45,145.43
1302,56,Side,33.38,36.54,16.91,13.06,178.83,176.8,79.04,142.46
1302,57,Side,35.31,38.42,18.84,16.06,178.83,177.09,79.62,145.1
1302,58,Side,36.95,41.33,21.31,19.54,178.81,177.18,81.83,142.81
1302,59,Side,39.54,43.71,23.66,22.48,179.87,177.77,75.69,144.84
1302,60,Side,40.32,47.22,26.73,25.45,178.9,177.85,78.55,144.04
1302,61,Side,44.45,51.16,30.07,29.39,179.88,177.85,76.97,143.15
1302,62,Side,48.85,57.71,35.36,36.5,179.88,176.76,81.27,137.63
1302,63,Side,54.33,63.56,41.73,42.36,178.34,176.85,89.36,135.92
1302,64,Side,61.52,72.47,49.46,51.82,178.87,175.52,86.66,132.34
1302,65,Side,69.85,80.36,58.68,61.29,178.86,174.05,87.24,130.5
1302,66,Side,79.48,91.29,69.41,71.67,178.86,172.65,87.83,127.59
1302,67,Side,88.97,99.66,78.87,81.64,177.93,173.07,87.5,125.39
1302,68,Side,102.53,109.68,92.73,93.74,179.87,172.09,89.91,122.85
1302,69,Side,112.09,112.49,105.44,97.03,178.08,172.52,85.54,122.1
1302,70,Side,121.41,119.71,114.87,107.19,177.09,172.5,87.07,119.56
1302,71,Side,130.33,127.82,124.54,115.27,177.67,172.47,83.97,118.81
1302,72,Side,134.92,132.43,130.8,123.8,177.8,175.41,82.61,123.78
1302,73,Side,142.29,142.8,136.78,136.85,178.56,175.83,88.62,120.8
1302,74,Side,145.8,146.97,140.85,143.27,178.89,175.16,90.5,117.42
1302,75,Side,149.1,150.48,144.63,148.41,178.86,175.62,90.4,112.7
1302,76,Side,152.69,154.35,149.38,154.62,178.22,175.59,91.6,108.31
1302,77,Side,153.14,154.33,151.61,157.38,177.65,175.37,88.08,106.01
1302,78,Side,155.11,157.25,155.83,162.1,177.08,174.34,81.73,103.14
1302,79,Side,157.3,156.27,158.42,162.79,175.2,173.65,74.47,100.85
1302,80,Side,159.89,156.67,162.69,163.05,174.22,173.04,70.21,97.47
1303,1,Side,134.05,161.65,126.06,163.9,164.51,175.73,150.23,167.2
1303,2,Side,134.05,161.65,126.06,163.9,164.51,175.73,150.23,167.2
1303,3,Side,134.05,161.65,126.06,163.9,164.51,175.73,150.23,167.2
1303,4,Side,134.05,161.65,126.06,163.9,164.51,175.73,150.23,167.2
1303,5,Side,134.05,161.65,126.06,163.9,164.51,175.73,150.23,167.2
1303,6,Side,134.05,161.65,126.06,163.9,164.51,175.73,150.23,167.2
1303,7,Side,134.32,160.14,128.42,158.33,167.27,168.97,152.19,171.22
1303,8,Side,139.77,141.59,132.91,141.64,167.49,171.49,154.3,171.9
1303,9,Side,139.85,141.59,133.0,141.64,169.45,170.44,157.63,172.95
1303,10,Side,139.91,137.24,134.52,134.9,170.47,168.77,159.67,172.23
1303,11,Side,137.08,135.34,136.83,133.06,177.32,167.81,166.33,172.9
1303,12,Side,141.67,136.19,140.58,131.42,172.5,166.96,162.79,174.24
1303,13,Side,138.89,134.57,137.87,128.12,173.49,166.11,164.91,176.14
1303,14,Side,121.89,131.94,125.61,121.49,178.89,165.32,168.24,173.75
1303,15,Side,121.93,132.02,125.65,121.49,178.79,164.42,168.17,175.91
1303,16,Side,120.36,134.3,124.05,124.6,179.87,162.46,170.66,174.8
1303,17,Side,118.7,130.93,122.4,123.63,179.87,164.51,167.69,173.08
1303,18,Side,118.7,134.02,122.4,124.13,178.61,163.77,163.67,173.87
1303,19,Side,120.33,135.46,124.09,126.83,178.64,165.18,162.31,173.71
1303,20,Side,132.39,131.34,131.57,123.6,172.74,166.22,157.03,173.17
1303,21,Side,118.67,129.46,122.43,121.72,177.32,166.37,158.92,174.42
1303,22,Side,121.56,129.53,126.05,121.72,175.34,166.3,152.76,175.49
1303,23,Side,121.54,125.36,126.12,117.69,174.29,166.29,151.69,177.11
1303,24,Side,132.19,125.43,132.82,117.69,170.34,167.14,152.98,177.39
1303,25,Side,130.71,132.76,129.8,126.44,169.11,167.14,152.64,178.93
1303,26,Side,130.74,130.78,129.8,124.54,168.27,168.01,150.87,179.69
1303,27,Side,130.78,121.03,129.84,113.2,168.24,168.06,152.76,178.87
1303,28,Side,131.24,119.5,129.42,110.86,165.79,167.13,153.78,178.75
1303,29,Side,129.25,125.34,127.39,118.22,164.82,168.07,152.86,179.52
1303,30,Side,131.4,117.95,127.87,108.33,164.71,167.2,153.21,179.52
1303,31,Side,133.94,128.33,129.47,116.6,162.63,163.61,151.84,173.55
1303,32,Side,127.21,122.23,122.1,114.29,164.71,172.52,157.19,177.82
1303,33,Side,124.96,110.57,120.68,102.06,164.66,172.95,156.04,176.82
1303,34,Side,121.86,110.57,118.48,102.06,166.68,172.91,160.14,179.69
1303,35,Side,119.55,110.57,116.17,102.06,165.8,173.92,160.64,179.31
1303,36,Side,116.24,112.27,113.8,102.92,167.57,174.12,164.38,180.0
1303,37,Side,108.43,112.27,105.34,102.81,167.35,174.12,161.27,178.32
1303,38,Side,103.39,109.12,100.3,99.66,165.96,175.18,162.31,177.69
1303,39,Side,97.77,109.95,93.13,99.66,162.9,173.29,157.7,175.1
1303,40,Side,94.35,106.72,90.56,96.43,163.74,174.35,160.29,176.16
1303,41,Side,83.53,106.72,86.07,96.43,164.99,174.37,159.63,174.74
1303,42,Side,89.9,114.89,88.23,105.44,164.89,173.56,159.23,174.76
1303,43,Side,88.32,115.18,88.45,102.13,161.25,165.68,159.57,168.91
1303,44,Side,84.75,115.35,85.73,102.13,163.09,165.51,157.7,168.91
1303,45,Side,86.58,124.04,88.41,110.41,164.32,164.02,163.77,166.22
1303,46,Side,85.73,124.91,88.41,110.41,164.83,163.16,164.85,167.78
1303,47,Side,81.16,121.97,79.26,107.47,164.83,163.16,162.03,166.22
1303,48,Side,79.03,112.16,85.81,98.03,173.51,164.54,158.97,169.0
1303,49,Side,75.62,108.69,83.21,94.73,175.43,165.78,160.07,170.06
1303,50,Side,75.62,108.69,83.21,94.66,175.15,165.78,156.75,168.54
1303,51,Side,74.8,108.32,83.21,94.29,175.97,165.78,154.96,168.29
1303,52,Side,73.05,104.98,80.64,91.13,176.38,165.91,160.07,168.5
1303,53,Side,72.41,102.62,80.98,87.95,177.35,165.09,158.66,170.01
1303,54,Side,69.98,99.07,78.54,84.59,177.35,167.56,157.27,176.42
1303,55,Side,67.58,95.73,76.19,81.24,177.06,167.56,155.6,178.15
1303,56,Side,70.82,99.07,76.19,84.51,168.88,167.56,149.29,174.14
1303,57,Side,68.15,95.14,75.92,80.75,169.67,168.82,146.31,175.34
1303,58,Side,66.14,91.65,73.92,77.26,169.67,167.74,145.33,176.31
1303,59,Side,64.31,90.95,71.95,76.57,170.36,168.84,142.29,171.55
1303,60,Side,62.38,86.38,70.02,72.95,174.84,169.84,151.27,169.69
1303,61,Side,60.62,86.38,68.13,72.95,175.97,171.03,152.53,164.94
1303,62,Side,61.43,99.46,68.13,87.88,174.85,172.87,153.93,164.94
1303,63,Side,58.94,95.89,67.07,84.3,176.04,172.83,156.6,166.76
1303,64,Side,57.21,90.76,65.22,80.75,177.23,175.48,157.91,166.01
1303,65,Side,56.31,90.0,63.43,80.75,176.34,176.18,159.29,167.82
1303,66,Side,54.67,86.4,61.7,77.26,177.57,176.29,160.61,166.08
1303,67,Side,53.08,82.02,60.02,73.84,178.61,177.25,163.35,167.82
1303,68,Side,51.55,68.48,58.39,61.31,179.89,177.29,164.72,171.49
1303,69,Side,50.81,62.14,56.82,55.87,177.48,178.15,163.34,174.98
1303,70,Side,50.81,65.3,56.82,56.27,178.88,175.33,164.74,171.58
1303,71,Side,49.37,62.24,55.3,53.18,178.81,174.37,164.74,171.0
1303,72,Side,48.65,57.63,53.84,50.31,176.87,178.05,162.21,170.59
1303,73,Side,49.44,56.53,53.84,49.22,174.71,174.81,160.85,176.01
1303,74,Side,48.09,56.53,52.43,49.22,174.65,173.47,159.53,177.34
1303,75,Side,47.45,64.44,51.07,56.92,172.84,173.26,158.43,176.02
1303,76,Side,47.45,65.28,51.07,58.52,172.84,172.7,158.43,178.67
1303,77,Side,47.79,63.92,49.97,57.87,170.08,179.7,157.12,172.56
1303,78,Side,47.79,63.92,49.97,57.87,171.39,179.24,159.75,172.31
1303,79,Side,48.52,61.32,49.97,55.3,169.36,178.21,157.12,173.66
1303,80,Side,48.52,61.32,49.97,55.3,170.67,178.21,159.53,172.41
1303,81,Side,49.24,64.34,49.97,59.2,168.63,178.01,158.22,173.65
1303,82,Side,49.24,60.95,49.97,56.71,168.91,180.0,159.85,172.57
1303,83,Side,49.97,60.95,49.97,56.71,165.65,178.94,155.96,174.99
1303,84,Side,49.97,60.95,49.97,56.71,165.65,178.94,157.33,173.79
1303,85,Side,51.07,60.95,49.48,56.71,164.74,178.94,156.21,173.79
1303,86,Side,51.07,63.43,49.48,59.2,164.41,178.94,155.88,173.94
1303,87,Side,52.43,61.85,50.84,56.71,164.41,176.97,157.28,175.0
1303,88,Side,49.57,61.85,46.64,56.71,164.74,176.97,158.89,176.05
1303,89,Side,48.84,61.85,46.64,56.71,165.48,176.97,158.89,176.05
1303,90,Side,48.84,62.74,46.64,56.71,165.8,174.97,160.55,178.38
1303,91,Side,49.36,67.46,47.89,59.2,166.21,169.63,160.23,178.42
1303,92,Side,49.36,66.16,47.89,59.2,166.21,174.03,161.73,178.48
1303,93,Side,49.36,68.27,47.89,59.2,166.21,167.57,161.73,175.98
1303,94,Side,49.89,68.27,49.19,59.2,168.19,167.57,164.46,175.98
1303,95,Side,49.89,68.2,49.19,59.2,168.19,167.47,165.96,174.62
1303,96,Side,49.19,71.67,49.19,61.8,168.9,167.79,165.96,176.21
1303,97,Side,49.19,72.8,49.19,60.83,168.9,166.77,165.96,174.79
1303,98,Side,50.5,72.72,50.54,60.83,172.77,167.74,173.49,174.69
1303,99,Side,50.5,73.51,50.54,60.83,171.88,166.95,170.82,176.08
1303,100,Side,50.54,73.51,50.54,60.83,171.63,166.95,172.5,176.08
1303,101,Side,49.8,76.9,50.54,63.43,172.57,166.03,170.95,175.95
1303,102,Side,52.55,76.9,53.37,63.43,172.45,166.03,170.67,175.95
1303,103,Side,61.8,76.9,60.5,63.43,169.23,167.16,167.59,177.08
1303,104,Side,63.72,77.68,62.44,63.43,168.16,165.3,168.14,176.71
1303,105,Side,67.73,77.68,66.51,63.43,168.21,166.65,166.5,178.06
1303,106,Side,72.0,78.34,70.8,63.43,165.79,165.86,148.63,177.86
1303,107,Side,71.76,62.04,71.42,39.56,167.45,165.08,151.71,177.93
1303,108,Side,70.89,61.93,71.42,39.56,169.43,165.06,159.62,177.79
1303,109,Side,72.17,64.51,73.57,41.33,171.16,162.83,158.4,175.21
1303,110,Side,71.31,64.39,73.57,41.33,174.35,162.77,160.41,175.08
1303,111,Side,71.78,64.95,75.75,41.33,177.05,160.54,159.25,172.22
1303,112,Side,69.7,64.95,73.57,41.33,178.16,160.54,160.04,172.25
1303,113,Side,69.7,64.95,73.57,41.33,178.16,163.03,158.62,176.45
1303,114,Side,67.65,64.95,71.42,41.33,178.06,162.72,158.62,176.07
1303,115,Side,65.64,66.93,69.32,43.18,177.96,162.43,158.62,175.98
1303,116,Side,53.16,66.93,59.28,43.18,178.61,161.47,164.63,174.76
1303,117,Side,54.98,68.28,61.97,42.6,177.75,160.04,164.33,173.45
1303,118,Side,54.98,69.73,61.97,44.49,177.75,160.72,164.33,172.33
1303,119,Side,54.98,69.73,61.97,44.49,177.75,159.26,164.01,168.29
1303,120,Side,56.66,87.87,63.76,62.26,176.68,160.58,155.91,169.95
1303,121,Side,58.5,90.52,65.6,64.76,176.68,159.0,151.12,167.28
1303,122,Side,59.37,89.7,65.6,64.76,175.5,161.25,151.66,168.76
1303,123,Side,59.47,89.7,65.6,64.76,175.39,161.67,152.05,171.67
1303,124,Side,62.12,86.38,67.49,62.73,172.81,164.02,150.95,171.62
1303,125,Side,62.95,88.18,67.49,65.22,171.97,166.2,152.57,173.14
1303,126,Side,65.64,88.06,69.44,65.22,169.32,166.44,151.25,171.63
1303,127,Side,67.57,85.81,71.43,67.3,172.01,178.76,153.58,179.32
1303,128,Side,69.6,92.46,73.46,69.87,173.74,167.48,161.45,170.85
1303,129,Side,71.67,95.16,75.54,72.47,175.64,169.9,163.19,174.87
1303,130,Side,72.59,95.89,77.65,72.34,176.6,168.95,171.68,176.44
1303,131,Side,74.83,98.62,79.79,75.07,176.69,168.95,164.35,175.4
1303,132,Side,80.05,97.13,84.13,83.42,177.69,170.54,168.85,174.16
1303,133,Side,89.67,102.96,93.11,90.13,178.4,172.64,167.95,175.08
1303,134,Side,95.06,106.1,97.62,93.43,179.54,173.91,165.83,177.51
1303,135,Side,100.3,112.4,101.77,99.81,172.43,175.09,158.43,179.8
1303,136,Side,102.6,115.3,104.04,102.86,172.19,176.31,157.31,179.2
1303,137,Side,102.08,123.09,103.5,111.32,176.22,178.11,166.33,178.0
1303,138,Side,103.93,132.88,107.74,120.29,177.31,173.99,170.41,175.24
1303,139,Side,109.88,138.41,113.75,126.57,179.64,175.91,166.29,175.88
1303,140,Side,117.1,143.7,120.96,131.78,179.57,175.84,166.16,175.88
1303,141,Side,121.36,156.17,125.75,143.16,178.15,175.96,167.25,178.23
1303,142,Side,128.32,152.02,131.31,140.8,175.42,177.75,165.63,179.9
1303,143,Side,129.15,160.4,132.86,147.65,176.6,176.17,168.33,178.91
1303,144,Side,145.79,158.69,146.52,149.78,173.72,177.82,166.91,178.99
1304,1,Side,133.97,133.97,159.34,159.34,161.05,161.05,150.53,150.53
1304,2,Side,133.97,121.86,159.34,152.65,161.05,159.74,150.53,145.73
1304,3,Side,133.97,115.09,159.34,148.16,161.05,167.53,150.53,130.24
1304,4,Side,133.97,107.87,159.34,141.75,161.05,172.82,150.53,122.24
1304,5,Side,133.97,100.66,159.34,136.83,161.05,179.8,150.53,112.04
1304,6,Side,133.97,93.76,159.34,133.42,161.05,174.49,150.53,104.05
1304,7,Side,133.97,88.9,159.34,131.88,161.05,179.56,150.53,98.58
1304,8,Side,133.97,94.94,159.34,132.08,161.05,175.33,150.53,93.53
1304,9,Side,133.97,84.21,159.34,122.08,161.05,178.27,150.53,88.23
1304,10,Side,133.97,74.26,159.34,114.4,161.05,178.89,150.53,82.65
1304,11,Side,133.97,63.43,159.34,101.0,161.05,177.88,150.53,78.84
1304,12,Side,133.97,43.53,159.34,78.99,161.05,175.92,150.53,98.09
1304,13,Side,133.97,24.41,159.34,56.0,161.05,168.18,150.53,118.78
1304,14,Side,133.97,11.1,159.34,44.26,161.05,164.26,150.53,138.06
1304,15,Side,133.97,5.07,159.34,32.66,161.05,166.75,150.53,152.96
1304,16,Side,133.97,0.75,159.34,25.92,161.05,161.77,150.53,172.41
1304,17,Side,133.97,4.97,159.34,30.32,161.05,163.9,150.53,171.3
1304,18,Side,133.97,10.3,159.34,36.7,161.05,163.86,150.53,171.41
1304,19,Side,133.97,15.87,159.34,42.26,161.05,165.04,150.53,169.9
1304,20,Side,133.97,29.58,159.34,55.47,161.05,167.81,150.53,165.53
1304,21,Side,133.97,39.07,159.34,65.7,161.05,169.02,150.53,159.24
1304,22,Side,133.97,49.31,159.34,75.46,161.05,170.6,150.53,163.07
1304,23,Side,133.97,59.82,159.34,85.14,161.05,173.37,150.53,161.66
1304,24,Side,133.97,75.52,159.34,102.28,161.05,172.72,150.53,161.8
1304,25,Side,133.97,85.19,159.34,111.82,161.05,171.44,150.53,167.24
1304,26,Side,133.97,94.7,159.34,119.06,161.05,173.26,150.53,168.82
1304,27,Side,133.97,103.71,159.34,126.64,161.05,174.47,150.53,166.76
1304,28,Side,133.97,111.16,159.34,135.12,161.05,171.31,150.53,168.9
1304,29,Side,133.97,124.66,159.34,151.15,161.05,167.85,150.53,171.85
1304,30,Side,133.97,122.52,159.34,149.06,161.05,166.25,150.53,171.54
1304,31,Side,133.97,132.61,159.34,158.11,161.05,167.21,150.53,174.6
1304,32,Side,133.97,135.87,159.34,161.36,161.05,164.95,150.53,172.38
1304,33,Side,133.97,138.26,159.34,163.75,161.05,162.59,150.53,172.52
1304,34,Side,133.97,146.91,159.34,166.45,161.05,170.63,150.53,167.32
1305,1,Side,155.7,163.18,171.4,175.91,172.53,177.8,179.51,178.96
1305,2,Side,155.76,161.43,170.69,172.36,174.23,177.8,179.7,178.98
1305,3,Side,153.41,158.24,166.69,166.66,174.11,177.8,179.94,178.96
1305,4,Side,153.42,151.82,166.69,163.13,174.12,180.0,179.94,178.98
1305,5,Side,150.12,149.13,161.33,157.27,174.12,177.26,179.94,175.79
1305,6,Side,150.13,149.13,161.33,157.27,174.24,177.22,179.7,175.79
1305,7,Side,149.17,146.52,160.37,152.91,174.01,177.26,179.82,175.79
1305,8,Side,149.18,146.52,160.37,152.91,174.02,177.22,179.82,175.75
1305,9,Side,147.15,146.53,153.26,152.91,179.62,177.25,176.66,174.81
1305,10,Side,144.33,143.86,150.44,148.49,179.62,177.22,176.78,174.83
1305,11,Side,146.75,144.64,153.43,148.49,178.54,175.53,175.94,174.7
1305,12,Side,145.62,141.63,152.26,145.21,178.31,179.1,177.11,175.87
1305,13,Side,139.4,140.19,141.34,141.98,177.76,179.09,178.86,175.85
1305,14,Side,139.51,141.28,141.34,142.23,177.61,178.25,177.64,175.79
1305,15,Side,144.03,138.58,147.76,137.73,177.45,179.87,177.6,180.0
1305,16,Side,130.59,137.27,130.48,136.4,179.36,178.86,174.31,177.99
1305,17,Side,128.87,135.87,130.33,135.0,179.41,178.86,174.33,177.99
1305,18,Side,127.48,144.59,128.17,141.01,177.65,178.47,177.59,177.95
1305,19,Side,125.51,140.46,126.2,136.01,177.65,179.48,177.46,178.89
1305,20,Side,124.33,132.14,122.55,130.4,178.52,176.88,177.46,177.83
1305,21,Side,122.13,131.91,120.4,125.87,178.39,176.45,178.22,177.85
1305,22,Side,119.88,135.0,118.16,126.67,178.39,174.17,179.43,177.84
1305,23,Side,114.74,133.36,112.25,124.97,177.48,174.11,179.62,176.87
1305,24,Side,114.17,126.39,110.85,117.12,178.3,174.89,179.62,176.69
1305,25,Side,110.89,124.5,108.43,115.22,176.34,174.89,179.27,176.69
1305,26,Side,110.18,121.62,106.06,114.18,177.51,176.03,179.62,177.84
1305,27,Side,112.55,122.48,109.98,114.18,177.55,172.78,179.52,174.37
1305,28,Side,110.59,122.2,105.26,109.44,175.81,171.98,175.55,173.22
1305,29,Side,110.1,114.53,102.98,103.43,175.67,173.64,175.55,173.13
1305,30,Side,107.82,112.41,100.63,101.31,175.57,173.59,176.64,173.16
1305,31,Side,107.9,103.78,100.63,94.82,175.52,173.65,176.66,173.08
1305,32,Side,105.09,106.18,96.19,96.74,175.52,173.65,175.44,172.99
1305,33,Side,100.65,103.78,93.85,92.51,179.36,173.65,178.45,172.9
1305,34,Side,99.3,95.3,91.5,81.58,179.83,174.47,178.45,172.8
1305,35,Side,94.21,91.57,86.53,77.09,179.97,173.75,178.41,172.75
1305,36,Side,95.19,89.29,86.53,74.81,177.99,172.56,177.23,168.83
1305,37,Side,92.7,84.05,84.04,70.29,176.93,174.57,174.53,169.58
1305,38,Side,90.22,79.6,81.56,65.88,178.62,174.57,177.96,169.34
1305,39,Side,87.84,74.55,79.1,61.64,178.48,176.52,177.9,170.28
1305,40,Side,85.41,71.75,76.67,59.58,178.54,177.26,177.96,169.12
1305,41,Side,79.71,69.75,67.84,57.58,178.88,177.26,177.9,167.5
1305,42,Side,78.4,67.04,69.58,55.63,179.65,179.22,174.84,170.31
1305,43,Side,73.15,65.95,64.63,53.74,179.65,178.47,174.35,178.36
1305,44,Side,69.37,60.04,61.76,51.91,178.75,169.52,172.81,175.19
1305,45,Side,65.96,63.64,58.39,54.76,178.65,170.27,172.87,173.6
1305,46,Side,64.35,61.67,56.78,52.82,178.65,170.25,171.0,173.56
1305,47,Side,62.78,59.79,55.21,50.94,178.65,171.24,171.35,176.01
1305,48,Side,62.82,57.98,55.21,48.79,178.69,171.24,171.68,175.86
1305,49,Side,61.34,57.27,53.69,48.08,178.72,172.23,172.29,176.78
1305,50,Side,59.83,55.91,52.22,43.29,178.62,179.58,172.64,179.36
1305,51,Side,58.95,55.63,52.22,48.07,176.67,179.54,173.7,179.52
1305,52,Side,62.66,56.02,57.13,49.27,176.7,179.8,173.97,178.38
1305,53,Side,66.58,52.35,57.13,44.8,174.37,179.41,169.22,178.32
1305,54,Side,65.78,50.8,57.13,43.28,176.25,179.45,170.3,179.73
1305,55,Side,65.78,50.8,57.13,43.28,175.17,179.45,167.91,179.7
1305,56,Side,64.18,50.78,55.54,43.28,175.17,179.49,167.91,178.92
1305,57,Side,64.18,50.78,55.54,43.28,175.17,179.49,167.91,178.92
1305,58,Side,64.18,50.75,55.54,43.28,175.17,179.53,167.91,179.77
1305,59,Side,64.11,51.54,55.54,43.28,175.24,177.65,168.18,177.27
1305,60,Side,64.11,50.73,57.44,43.28,175.24,179.55,168.18,178.38
1305,61,Side,62.15,51.48,52.82,43.28,177.13,176.52,172.19,173.73
1305,62,Side,64.23,51.45,56.44,43.28,177.13,176.52,172.19,173.59
1305,63,Side,64.17,51.45,56.44,43.28,173.74,176.52,165.72,173.59
1305,64,Side,64.17,51.42,56.44,43.28,173.74,176.52,165.72,173.56
1305,65,Side,64.17,51.39,56.44,43.28,173.74,176.52,165.49,173.41
1305,66,Side,64.17,51.36,56.44,43.28,173.74,176.52,165.49,172.21
1305,67,Side,64.12,51.36,56.44,43.28,173.75,176.52,165.44,172.21
1305,68,Side,64.12,51.39,50.47,43.28,173.75,176.52,166.3,172.24
1305,69,Side,64.12,49.9,50.47,41.82,173.75,176.55,166.3,172.24
1305,70,Side,65.69,50.66,51.7,41.82,173.75,174.57,167.21,171.03
1305,71,Side,64.92,50.66,51.7,41.82,175.71,175.82,168.4,172.27
1305,72,Side,64.96,50.58,51.7,40.01,175.69,175.81,168.21,172.3
1305,73,Side,65.0,51.32,51.7,40.01,175.67,173.85,168.23,169.27
1305,74,Side,64.24,56.22,51.7,45.54,177.58,174.47,170.54,169.27
1305,75,Side,65.05,56.27,51.7,45.54,175.65,174.48,169.41,169.32
1305,76,Side,65.05,56.27,51.7,45.54,175.65,174.48,169.41,169.32
1305,77,Side,65.05,56.27,51.7,45.54,175.65,174.48,169.41,168.15
1305,78,Side,65.05,56.27,51.7,45.54,175.65,174.48,169.41,168.15
1305,79,Side,65.05,56.22,51.7,45.54,174.53,174.47,167.13,168.1
1305,80,Side,65.05,56.22,51.7,45.54,174.53,174.47,167.13,168.1
1305,81,Side,65.05,56.22,51.7,45.54,174.53,174.47,167.13,166.94
1305,82,Side,65.05,56.22,51.7,45.54,174.53,174.47,167.13,168.1
1305,83,Side,64.97,56.22,50.82,45.54,173.73,175.69,167.13,170.48
1305,84,Side,64.97,57.78,50.82,46.84,173.73,175.69,167.13,170.48
1305,85,Side,64.97,57.78,50.82,46.84,173.73,175.69,167.13,170.48
1305,86,Side,64.97,57.78,50.82,46.84,173.73,175.69,167.13,170.48
1305,87,Side,64.92,59.73,50.82,49.53,173.74,176.43,167.09,170.48
1305,88,Side,66.56,59.73,52.1,49.53,173.74,176.43,167.09,171.66
1305,89,Side,66.56,59.73,52.1,49.53,173.74,176.43,167.09,171.66
1305,90,Side,66.56,59.73,52.1,49.53,173.74,176.43,167.09,171.66
1305,91,Side,66.56,59.7,52.1,49.53,173.74,176.43,167.09,171.63
1305,92,Side,66.56,59.7,52.1,49.53,174.88,176.43,169.39,173.44
1305,93,Side,66.62,59.7,52.1,49.53,174.85,176.43,169.41,173.44
1305,94,Side,66.62,59.7,52.1,49.53,174.85,176.43,169.41,173.44
1305,95,Side,65.23,59.7,52.1,47.6,178.35,177.68,171.33,176.01
1305,96,Side,65.23,61.39,52.1,49.25,178.35,177.65,171.33,176.01
1305,97,Side,65.23,63.1,52.1,50.63,178.35,177.65,171.33,176.01
1305,98,Side,65.23,63.1,52.1,50.63,178.35,177.65,171.33,176.01
1305,99,Side,65.19,63.1,52.1,50.63,178.66,177.65,177.74,176.01
1305,100,Side,65.19,63.1,52.1,50.63,178.66,177.65,177.74,176.01
1305,101,Side,66.62,63.1,52.1,50.63,178.13,177.65,175.96,176.01
1305,102,Side,66.62,63.1,52.1,50.63,178.13,177.65,175.96,176.01
1305,103,Side,65.77,63.1,52.1,50.63,179.88,177.65,177.1,176.01
1305,104,Side,67.51,63.1,53.8,50.63,179.92,177.65,177.1,176.01
1305,105,Side,67.51,63.1,53.8,50.63,179.92,177.65,177.1,176.01
1305,106,Side,67.51,63.1,53.8,50.63,179.92,177.65,177.1,176.01
1305,107,Side,67.51,63.1,53.8,50.63,179.92,177.65,177.1,176.01
1305,108,Side,67.47,63.1,53.8,50.63,179.81,177.65,177.16,176.01
1305,109,Side,67.51,63.1,53.8,50.63,179.92,177.65,177.1,176.01
1305,110,Side,67.51,63.1,53.8,50.63,179.92,177.65,177.1,176.01
1305,111,Side,66.03,62.1,53.8,51.61,176.72,178.89,178.81,178.58
1305,112,Side,66.05,63.94,53.8,53.43,176.84,178.83,178.72,178.49
1305,113,Side,66.05,63.94,53.8,53.43,176.84,178.83,178.72,178.49
1305,114,Side,66.86,63.94,52.57,53.43,176.84,178.83,179.96,178.49
1305,115,Side,66.86,64.74,52.57,53.43,176.84,176.82,179.96,177.27
1305,116,Side,66.86,64.69,52.57,53.43,176.84,176.86,179.96,177.27
1305,117,Side,66.68,64.74,49.08,53.43,178.17,176.82,177.23,177.27
1305,118,Side,66.68,64.74,49.08,53.43,177.07,176.82,174.9,177.27
1305,119,Side,69.12,64.74,52.57,53.43,177.07,176.82,174.9,177.27
1305,120,Side,64.39,64.74,49.08,53.43,177.72,176.82,177.81,177.27
1305,121,Side,64.39,66.66,49.08,55.3,177.72,176.78,177.81,177.27
1305,122,Side,63.52,66.66,49.08,55.3,175.85,176.78,178.81,177.27
1305,123,Side,63.52,66.66,49.08,55.3,175.85,176.78,178.81,177.27
1305,124,Side,64.32,66.66,51.34,55.3,175.95,176.78,178.72,177.27
1305,125,Side,64.32,66.66,51.34,55.3,175.95,176.78,178.72,177.27
1305,126,Side,63.43,66.66,51.34,55.3,174.09,176.78,179.7,177.27
1305,127,Side,61.82,66.66,50.13,55.3,174.09,176.78,179.7,177.27
1305,128,Side,61.82,66.66,50.13,55.3,173.99,176.78,179.81,177.27
1305,129,Side,61.82,66.66,50.13,55.3,173.99,176.78,179.81,177.27
1305,130,Side,61.82,52.77,50.13,44.64,173.88,176.57,179.91,179.29
1305,131,Side,61.82,52.77,50.13,44.64,173.88,175.43,179.91,176.79
1305,132,Side,60.98,52.77,50.13,44.64,171.9,175.43,178.95,176.79
1305,133,Side,61.82,52.77,50.13,44.64,173.77,175.33,179.98,176.7
1305,134,Side,63.43,52.77,51.34,44.64,173.77,175.33,179.98,176.7
1305,135,Side,63.43,52.77,51.34,44.64,173.66,175.33,179.86,176.7
1305,136,Side,63.42,50.6,50.5,43.49,178.71,173.31,171.05,175.42
1305,137,Side,62.59,50.6,50.5,43.49,172.61,173.31,178.95,175.42
1305,138,Side,62.59,50.6,50.5,43.49,172.61,173.31,178.95,175.42
1305,139,Side,62.59,52.02,50.5,44.91,172.75,173.18,179.23,175.29
1305,140,Side,62.59,52.02,50.5,44.91,172.75,173.18,179.23,175.29
1305,141,Side,62.59,54.2,50.5,44.91,172.75,178.83,179.38,178.76
1305,142,Side,62.59,52.02,50.5,44.64,172.75,173.18,179.23,175.29
1305,143,Side,62.59,52.01,50.5,44.64,172.75,173.3,179.23,175.42
1305,144,Side,62.59,52.01,50.5,44.64,172.75,172.12,179.23,174.24
1305,145,Side,62.59,52.77,50.5,44.64,173.29,173.52,179.58,174.85
1305,146,Side,62.59,52.77,50.5,44.64,173.29,173.66,178.6,175.02
1305,147,Side,62.59,52.77,50.5,44.64,173.42,173.52,178.86,174.85
1305,148,Side,61.81,54.25,50.5,46.12,171.4,173.66,177.5,175.02
1305,149,Side,61.81,54.25,50.5,46.12,171.55,175.6,177.77,178.54
1305,150,Side,64.29,54.25,52.2,46.12,173.42,175.68,178.73,178.7
1305,151,Side,64.29,54.25,52.2,46.12,173.29,175.52,178.73,179.91
1305,152,Side,62.45,57.55,49.6,48.69,174.04,178.48,178.73,178.06
1305,153,Side,62.44,59.35,49.6,51.22,174.03,177.75,178.73,177.96
1305,154,Side,64.18,73.85,51.34,64.13,174.16,178.22,178.99,179.08
1305,155,Side,62.43,73.82,50.01,64.13,174.15,179.23,178.99,179.67
1305,156,Side,64.17,71.75,51.75,62.35,174.15,179.21,178.99,179.73
1305,157,Side,65.96,72.26,53.54,62.47,174.28,176.82,179.25,179.28
1305,158,Side,69.71,72.26,57.27,62.47,174.29,176.82,177.73,179.37
1305,159,Side,73.29,74.36,59.22,64.58,177.46,175.84,177.8,177.09
1305,160,Side,75.32,76.79,61.21,66.18,177.66,176.82,177.96,177.23
1305,161,Side,80.28,82.22,65.32,70.76,179.46,177.67,178.85,177.2
1305,162,Side,82.34,83.71,67.43,73.09,179.35,176.82,178.72,174.68
1305,163,Side,84.48,86.05,69.94,75.45,179.47,177.81,178.97,176.99
1305,164,Side,88.83,90.82,74.29,80.22,179.47,177.75,178.97,176.93
1305,165,Side,96.73,93.19,82.93,82.6,178.68,178.76,179.76,177.95
1305,166,Side,100.06,98.23,87.12,89.58,176.79,178.71,179.15,177.92
1305,167,Side,99.72,104.42,85.27,94.95,179.32,179.53,179.92,176.72
1305,168,Side,104.02,109.26,89.58,99.8,179.12,179.53,179.56,176.72
1305,169,Side,112.78,113.89,99.01,104.65,178.44,179.55,179.64,176.72
1305,170,Side,110.69,120.78,97.05,111.94,177.65,179.02,178.53,172.97
1305,171,Side,118.72,126.94,102.93,117.31,178.48,178.24,179.85,171.77
1305,172,Side,120.43,130.25,104.93,122.57,178.38,178.26,179.81,170.45
1305,173,Side,124.46,132.05,110.64,124.48,178.48,178.36,178.64,170.28
1305,174,Side,128.51,134.95,116.33,132.92,178.48,175.13,178.64,175.61
1305,175,Side,135.16,138.01,124.22,138.37,178.48,175.86,178.71,175.63
1305,176,Side,136.43,143.91,125.7,143.56,178.52,175.09,178.86,175.9
1305,177,Side,140.74,146.51,130.97,148.66,176.6,177.1,179.98,173.54
1305,178,Side,136.8,151.14,127.32,154.95,176.9,176.0,177.83,175.15
1305,179,Side,140.51,155.31,132.75,160.81,176.9,176.01,177.83,174.0
1305,180,Side,147.24,154.7,141.69,160.89,177.38,176.72,177.83,173.98
1305,181,Side,146.24,158.21,140.21,166.05,176.79,175.62,179.98,175.08
1305,182,Side,150.95,159.0,144.67,166.81,176.53,175.68,180.0,175.0
1305,183,Side,152.87,162.2,148.3,170.86,175.43,172.94,177.4,176.96
1305,184,Side,155.71,161.53,152.54,169.86,175.24,173.01,177.46,177.03
1305,185,Side,155.64,162.2,152.54,172.1,175.3,171.12,177.46,178.93
1305,186,Side,152.66,165.33,152.54,175.99,178.02,169.47,178.8,178.31
1305,187,Side,155.12,162.88,158.2,174.28,177.87,170.33,179.42,179.17
1305,188,Side,155.55,152.0,161.06,169.81,175.99,179.61,178.4,176.74
1306,1,Front/Back,154.74,149.13,151.18,138.81,167.32,149.13,141.35,144.26
1306,2,Front/Back,145.81,142.47,146.28,133.32,163.88,147.97,141.35,144.26
1306,3,Front/Back,135.97,127.3,154.91,120.38,161.07,147.42,141.35,144.26
1306,4,Front/Back,144.09,122.93,148.13,117.06,159.03,146.38,141.35,144.26
1306,5,Front/Back,132.33,115.69,145.96,112.09,158.1,145.89,141.35,144.26
1306,6,Front/Back,131.73,109.64,140.78,106.52,157.64,145.42,141.35,144.26
1306,7,Front/Back,127.31,103.41,136.28,105.06,154.91,142.54,141.35,144.26
1306,8,Front/Back,123.68,97.3,134.92,102.25,153.56,139.58,141.35,144.26
1306,9,Front/Back,122.98,92.19,133.19,101.53,151.35,137.32,141.35,144.26
1306,10,Front/Back,121.63,87.33,127.7,100.07,150.29,134.93,141.35,144.26
1306,11,Front/Back,121.73,82.79,134.83,100.29,149.34,132.65,138.56,140.7
1306,12,Front/Back,115.37,74.07,123.05,90.18,148.04,133.2,142.19,143.14
1306,13,Front/Back,111.05,66.15,120.59,80.79,145.59,133.77,148.05,147.91
1306,14,Front/Back,111.71,60.79,119.73,72.18,134.4,134.69,151.01,153.76
1306,15,Front/Back,111.65,52.21,120.69,71.79,115.01,123.8,152.03,162.31
1306,16,Front/Back,141.97,54.18,180.0,73.5,108.27,135.68,146.3,142.99
1306,17,Front/Back,139.4,60.29,176.12,77.34,106.65,119.77,147.25,164.43
1306,18,Front/Back,136.33,66.49,167.72,84.85,103.21,115.09,146.87,160.4
1306,19,Front/Back,133.44,72.55,169.31,88.86,100.48,123.92,147.04,169.23
1306,20,Front/Back,130.99,82.03,167.64,102.03,97.97,122.2,146.98,167.82
1306,21,Front/Back,149.02,92.89,165.29,117.16,95.78,133.48,126.77,180.0
1306,22,Front/Back,129.02,106.38,153.87,131.37,97.71,127.01,148.69,171.54
1306,23,Front/Back,129.98,123.69,147.84,147.41,96.41,121.45,146.43,164.19
1306,24,Front/Back,130.98,139.76,129.05,162.91,97.41,118.09,146.43,158.33
1306,25,Front/Back,131.38,140.78,126.76,163.61,94.9,114.38,143.52,153.6
1306,26,Front/Back,132.66,143.24,124.82,170.01,92.28,112.08,139.62,148.84
1306,27,Front/Back,133.37,142.54,128.15,170.01,92.52,109.94,139.15,147.4
1306,28,Front/Back,133.24,142.54,131.58,180.0,91.93,111.34,138.69,148.81
1306,29,Front/Back,133.79,141.17,135.57,180.0,92.03,110.76,138.25,149.59
1306,30,Front/Back,134.36,133.66,139.68,173.16,92.03,113.17,137.67,152.66
1306,31,Front/Back,134.06,129.95,146.11,170.1,100.71,116.13,146.65,156.28
1306,32,Front/Back,135.64,113.84,147.89,151.82,89.09,117.46,133.45,155.44
1306,33,Front/Back,136.28,98.49,158.81,134.85,110.28,119.08,153.99,155.44
1306,34,Front/Back,136.6,88.37,158.37,124.06,113.94,120.47,157.34,156.16
1306,35,Front/Back,137.26,83.46,160.63,108.99,125.05,121.6,167.79,155.15
1306,36,Front/Back,137.93,82.83,165.03,107.64,116.66,123.51,158.73,155.15
1306,37,Front/Back,140.01,82.04,170.4,97.12,127.8,128.45,167.79,158.48
1306,38,Front/Back,142.61,85.94,170.4,102.28,108.37,130.32,145.76,157.78
1306,39,Front/Back,126.34,86.1,159.54,101.25,110.29,137.93,145.66,164.57
1306,40,Front/Back,120.75,86.9,148.28,110.24,145.95,153.8,179.99,179.99
1306,41,Front/Back,117.61,91.96,149.39,113.96,148.23,154.27,179.99,179.99
1306,42,Front/Back,118.74,95.42,148.04,111.4,150.7,160.27,179.99,179.98
1306,43,Front/Back,117.24,102.42,143.82,109.4,153.42,168.84,179.99,179.99
1306,44,Front/Back,117.44,112.07,142.49,107.89,154.96,175.48,179.99,175.47
1306,45,Front/Back,119.63,111.4,141.36,107.08,158.27,174.17,179.99,174.16
1306,46,Front/Back,124.13,122.16,140.15,140.32,161.81,157.52,179.99,179.99
1306,47,Front/Back,130.43,130.28,146.04,146.19,164.38,159.91,179.99,179.99
1306,48,Front/Back,139.53,139.28,152.38,151.46,167.13,164.08,179.99,179.99
1306,49,Front/Back,152.02,151.02,157.8,158.26,174.21,169.9,179.99,179.99
1306,50,Front/Back,179.98,179.98,179.97,179.97,179.98,179.98,179.98,179.98
1306,51,Front/Back,180.0,180.0,177.83,180.0,163.94,170.07,163.92,170.06
1307,1,Front/Back,179.98,179.98,175.26,172.3,179.99,179.99,179.99,179.99
1307,2,Front/Back,179.98,179.98,175.26,172.3,179.99,179.99,179.99,179.99
1307,3,Front/Back,179.98,179.98,176.11,172.3,179.99,179.99,179.99,179.99
1307,4,Front/Back,179.98,179.98,176.11,174.08,179.99,179.99,179.99,179.99
1307,5,Front/Back,179.98,179.98,176.11,175.07,179.99,179.99,179.99,179.99
1307,6,Front/Back,179.98,179.98,177.24,175.07,179.99,179.99,179.99,179.99
1307,7,Front/Back,179.98,179.98,177.24,175.07,179.99,179.99,179.99,179.99
1307,8,Front/Back,179.98,179.98,179.98,179.98,179.99,179.99,179.99,179.99
1307,9,Front/Back,179.98,179.98,179.98,179.99,179.99,179.99,179.99,179.99
1307,10,Front/Back,179.98,179.98,155.24,157.13,179.99,179.99,179.99,179.99
1307,11,Front/Back,179.98,179.98,161.99,163.27,179.99,179.99,179.99,179.99
1307,12,Front/Back,179.98,179.98,142.31,144.92,179.99,179.99,179.99,179.99
1307,13,Front/Back,179.98,179.98,133.32,136.46,179.99,179.99,179.99,179.99
1307,14,Front/Back,179.98,179.98,125.73,128.97,179.99,179.99,179.99,179.99
1307,15,Front/Back,179.98,179.98,119.03,122.47,179.99,179.99,179.99,179.99
1307,16,Front/Back,179.98,179.98,120.8,122.09,179.99,179.99,179.99,179.99
1307,17,Front/Back,174.78,163.63,116.11,118.03,174.78,163.63,179.99,179.99
1307,18,Front/Back,170.93,164.59,103.34,114.39,179.99,164.59,179.99,179.99
1307,19,Front/Back,167.03,160.31,109.4,112.23,167.02,160.3,179.99,179.99
1307,20,Front/Back,162.25,154.94,109.45,112.95,162.24,154.93,179.99,179.99
1307,21,Front/Back,161.34,147.65,112.32,115.39,161.33,147.64,179.99,179.99
1307,22,Front/Back,169.26,160.3,116.16,117.86,169.26,160.29,179.99,179.99
1307,23,Front/Back,174.78,165.61,119.11,120.96,174.78,165.61,179.99,179.99
1307,24,Front/Back,141.73,128.26,135.16,135.75,141.72,128.26,179.99,179.99
1307,25,Front/Back,141.76,130.09,137.92,137.87,141.75,130.09,179.99,179.99
1307,26,Front/Back,134.6,134.76,138.09,137.99,134.59,134.75,179.99,179.99
1307,27,Front/Back,135.3,134.97,138.09,137.35,135.29,134.96,179.99,179.99
1307,28,Front/Back,134.94,135.26,137.92,136.88,134.93,135.25,179.99,179.99
1307,29,Front/Back,134.22,135.86,137.94,136.26,134.21,135.85,179.99,179.99
1307,30,Front/Back,133.52,135.73,138.3,135.77,133.51,135.73,179.99,179.99
1307,31,Front/Back,133.17,135.99,138.33,135.17,133.17,135.98,179.99,179.99
1307,32,Front/Back,132.15,135.57,136.92,133.88,132.15,135.56,179.99,179.99
1307,33,Front/Back,130.82,140.2,135.56,132.34,130.81,140.19,179.99,179.99
1307,34,Front/Back,136.0,132.93,134.67,131.53,135.99,132.92,179.99,179.99
1307,35,Front/Back,134.64,131.46,133.69,130.17,134.63,131.45,179.99,179.99
1307,36,Front/Back,154.62,148.94,119.3,118.5,154.62,148.93,179.99,179.99
1307,37,Front/Back,159.12,147.48,115.59,116.2,159.11,147.47,179.99,179.99
1307,38,Front/Back,138.99,157.0,112.61,114.27,138.98,156.99,179.99,179.99
1307,39,Front/Back,152.6,153.81,110.28,112.98,152.59,153.8,179.99,179.99
1307,40,Front/Back,152.76,154.95,108.38,112.19,152.75,154.95,179.99,179.99
1307,41,Front/Back,156.54,156.81,108.79,113.29,156.54,156.8,179.99,179.99
1307,42,Front/Back,164.04,161.89,112.76,115.73,164.03,161.88,179.99,179.99
1307,43,Front/Back,175.42,161.89,118.64,119.99,175.41,161.88,179.99,179.99
1307,44,Front/Back,175.42,161.89,125.74,125.88,175.41,161.88,179.99,179.99
1307,45,Front/Back,175.42,161.89,134.42,133.33,175.41,161.88,179.99,179.99
1307,46,Front/Back,175.42,161.89,146.27,142.27,175.41,161.88,179.99,179.99
1307,47,Front/Back,175.42,161.89,135.5,133.31,175.41,161.88,179.99,179.99
1307,48,Front/Back,175.42,161.89,139.59,137.24,175.41,161.88,179.99,179.99
1307,49,Front/Back,175.42,161.89,144.73,141.67,175.41,161.88,179.99,179.99
1307,50,Front/Back,175.42,161.89,167.0,157.15,175.41,161.88,179.99,179.99
1307,51,Front/Back,175.42,161.89,180.0,164.8,175.41,161.88,179.99,179.99
1307,52,Front/Back,175.42,161.89,180.0,164.8,175.41,161.88,179.99,179.99
1307,53,Front/Back,175.42,161.89,180.0,164.8,175.41,161.88,179.99,179.99
1307,54,Front/Back,175.42,161.89,180.0,164.8,175.41,161.88,179.99,179.99
1307,55,Front/Back,175.42,161.89,180.0,164.8,175.41,161.88,179.99,179.99
1308,1,Front/Back,180.0,165.58,145.87,165.58,143.77,149.39,143.76,149.38
1308,2,Front/Back,180.0,168.51,145.78,168.51,159.58,167.91,159.58,167.91
1308,3,Front/Back,180.0,163.94,147.22,163.94,159.74,167.45,159.73,167.44
1308,4,Front/Back,180.0,176.43,147.18,179.99,159.91,169.69,159.9,173.25
1308,5,Front/Back,179.98,179.98,179.98,179.98,179.98,179.98,179.98,179.98
1308,6,Front/Back,168.01,165.98,168.01,180.0,158.96,163.16,158.96,177.18
1308,7,Front/Back,160.64,145.19,160.64,151.82,158.96,165.5,158.96,172.12
1308,8,Front/Back,153.72,146.62,153.72,146.62,158.96,169.6,158.96,169.59
1308,9,Front/Back,149.84,142.2,149.84,142.2,161.91,172.65,161.91,172.64
1308,10,Front/Back,143.3,138.85,143.3,138.85,161.91,172.65,161.91,172.64
1308,11,Front/Back,138.18,143.41,138.18,143.41,163.45,168.82,163.45,168.81
1308,12,Front/Back,136.88,132.44,136.88,141.53,163.45,159.72,163.45,168.81
1308,13,Front/Back,130.34,117.67,130.34,139.79,165.43,157.87,165.42,179.99
1308,14,Front/Back,113.15,116.18,130.97,135.32,162.18,156.79,179.99,179.99
1308,15,Front/Back,114.11,112.88,131.9,130.29,162.21,153.78,179.99,179.99
1308,16,Front/Back,107.81,112.22,131.99,133.06,155.82,154.16,179.99,179.99
1308,17,Front/Back,104.76,107.1,130.03,124.06,154.73,148.91,179.99,179.99
1308,18,Front/Back,99.05,108.51,126.35,127.65,152.7,147.33,179.99,179.99
1308,19,Front/Back,109.51,112.33,132.52,128.55,157.0,147.33,179.99,179.99
1308,20,Front/Back,109.19,115.26,133.25,130.61,155.94,145.73,179.99,179.99
1308,21,Front/Back,111.64,144.25,134.08,164.33,153.85,136.7,179.99,164.49
1308,22,Front/Back,114.84,135.03,128.66,168.0,143.66,142.03,169.68,180.0
1308,23,Front/Back,117.29,117.09,131.0,133.97,147.98,140.04,175.93,174.6
1308,24,Front/Back,124.43,139.46,132.79,170.15,153.22,139.46,172.36,174.6
1308,25,Front/Back,131.92,138.83,137.03,174.28,153.32,138.83,169.18,170.64
1308,26,Front/Back,143.9,137.5,149.64,173.83,152.33,137.5,169.18,169.18
1308,27,Front/Back,131.69,119.49,140.94,136.83,148.76,136.89,170.66,174.62
1308,28,Front/Back,125.23,121.44,135.32,138.13,147.9,137.5,174.65,180.0
1308,29,Front/Back,119.88,129.68,130.82,146.24,147.06,136.65,180.0,177.18
1308,30,Front/Back,115.62,147.64,127.54,156.01,132.63,134.9,166.48,167.25
1308,31,Front/Back,98.21,147.43,117.82,156.01,125.67,129.55,164.64,162.12
1308,32,Front/Back,96.83,125.97,116.21,138.62,125.67,125.07,164.64,161.71
1308,33,Front/Back,99.76,126.91,120.34,138.73,127.02,127.84,164.64,163.52
1308,34,Front/Back,106.21,116.98,123.62,131.43,136.14,127.06,167.38,165.27
1308,35,Front/Back,106.11,112.93,122.88,128.33,142.21,126.69,163.34,165.57
1308,36,Front/Back,109.23,116.75,137.96,130.3,142.95,128.72,159.64,165.57
1308,37,Front/Back,105.17,104.29,124.3,118.54,146.81,128.99,163.86,167.97
1308,38,Front/Back,102.71,103.36,121.41,116.99,139.55,132.2,166.23,170.02
1308,39,Front/Back,101.75,108.77,120.96,121.13,142.39,138.06,168.05,173.95
1308,40,Front/Back,99.55,107.88,120.8,119.13,153.43,134.58,180.0,168.55
1308,41,Front/Back,106.55,106.81,124.65,120.32,152.42,142.09,170.53,175.26
1308,42,Front/Back,113.98,106.17,124.59,119.72,158.01,142.05,168.62,175.26
1308,43,Front/Back,111.85,106.25,123.83,120.45,160.7,134.71,172.67,167.99
1308,44,Front/Back,124.76,110.96,124.76,123.31,169.68,136.55,169.68,167.97
1308,45,Front/Back,121.62,117.2,127.29,127.96,159.76,136.05,165.43,165.9
1308,46,Front/Back,137.45,128.65,137.45,137.71,163.71,132.18,163.71,159.69
1308,47,Front/Back,130.79,136.56,137.65,151.98,173.14,140.83,180.0,169.22
1308,48,Front/Back,143.61,152.51,143.61,170.92,180.0,152.5,180.0,179.99
1308,49,Front/Back,150.18,153.41,150.18,180.0,180.0,153.41,180.0,180.0
1309,1,Side,140.99,140.49,143.86,140.38,170.72,172.21,173.64,108.07
1309,2,Side,143.7,138.45,146.52,137.12,169.79,171.85,171.6,106.38
1309,3,Side,139.18,137.06,143.98,135.73,176.01,171.7,173.81,108.63
1309,4,Side,138.35,133.14,143.23,132.64,175.17,173.37,171.86,113.6
1309,5,Side,137.86,130.89,141.5,129.47,173.94,172.39,171.05,112.96
1309,6,Side,133.27,130.49,136.07,128.61,173.14,169.78,169.15,111.88
1309,7,Side,127.99,126.59,130.87,122.41,173.14,169.22,167.43,117.59
1309,8,Side,122.45,120.59,122.56,115.41,170.04,169.84,166.07,118.2
1309,9,Side,111.78,113.07,109.44,107.92,170.39,172.56,166.07,123.52
1309,10,Side,105.04,99.62,102.33,90.59,169.77,171.9,165.69,122.53
1309,11,Side,97.45,92.08,94.41,81.74,168.32,172.96,163.49,124.46
1309,12,Side,87.6,83.24,83.48,71.44,168.39,171.96,162.1,125.46
1309,13,Side,79.34,75.69,75.58,63.72,169.49,171.4,161.94,127.27
1309,14,Side,71.22,66.36,66.36,53.97,170.23,170.58,163.68,126.86
1309,15,Side,63.89,58.37,58.41,46.33,172.13,169.59,165.85,118.35
1309,16,Side,58.1,52.18,50.66,40.14,172.84,170.43,166.32,120.67
1309,17,Side,56.12,49.58,49.69,39.48,172.77,173.24,164.26,124.61
1309,18,Side,54.07,47.25,46.69,39.0,172.74,174.46,161.31,127.67
1309,19,Side,52.03,49.82,44.97,40.52,167.27,169.88,150.11,130.59
1309,20,Side,49.62,48.56,42.63,38.87,167.1,170.69,148.11,133.3
1309,21,Side,46.63,48.85,40.67,39.58,165.79,170.79,144.51,133.66
1309,22,Side,50.03,52.6,43.73,42.88,168.64,169.75,145.55,133.21
1309,23,Side,54.82,53.67,49.83,46.59,171.08,175.49,152.75,127.24
1309,24,Side,58.04,58.65,53.98,51.56,171.34,175.63,151.54,134.32
1309,25,Side,63.84,65.14,60.16,56.61,171.88,174.6,149.94,130.68
1309,26,Side,69.22,70.29,66.04,62.43,171.63,173.45,147.29,128.83
1309,27,Side,79.49,80.21,76.33,73.28,170.79,174.14,145.99,131.57
1309,28,Side,89.98,91.47,87.7,84.92,170.7,175.3,147.74,123.63
1309,29,Side,99.89,103.32,97.21,97.8,169.43,175.3,148.21,124.59
1309,30,Side,110.97,113.71,109.18,108.57,169.46,176.42,150.82,126.21
1309,31,Side,121.82,124.7,119.61,120.49,169.07,176.37,151.88,127.07
1309,32,Side,123.95,127.7,122.99,123.48,169.5,176.36,150.65,123.42
1309,33,Side,129.78,132.13,128.85,128.82,169.42,175.99,147.57,127.87
1309,34,Side,137.6,135.41,136.87,132.97,170.4,176.86,149.41,129.36
1309,35,Side,132.01,133.07,132.49,129.12,171.65,177.73,147.71,131.63
1309,36,Side,134.4,141.5,135.26,139.65,172.12,178.24,149.43,134.67
1309,37,Side,142.45,142.32,142.88,140.11,172.47,175.89,150.21,132.68
1309,38,Side,145.17,143.65,146.56,142.55,173.22,171.57,151.78,121.01
1310,1,Side,149.13,147.0,149.52,150.88,172.42,169.44,176.42,170.95
1310,2,Side,149.59,146.88,149.75,149.97,172.13,169.14,176.42,170.95
1310,3,Side,149.2,145.37,149.34,147.98,172.11,169.11,176.42,170.9
1310,4,Side,149.23,144.92,149.08,147.57,171.46,169.52,176.05,171.31
1310,5,Side,148.82,143.36,148.64,145.47,171.43,169.47,176.05,171.25
1310,6,Side,148.82,143.16,148.05,145.02,171.43,169.19,176.05,171.25
1310,7,Side,145.45,140.56,144.64,141.9,171.38,169.4,176.0,171.45
1310,8,Side,135.02,137.65,134.77,139.05,171.4,169.57,175.51,171.6
1310,9,Side,130.96,134.02,130.73,134.57,170.65,170.47,174.73,172.78
1310,10,Side,124.51,130.34,123.95,130.94,169.28,170.88,173.61,173.17
1310,11,Side,118.66,125.69,118.11,125.72,168.72,171.52,173.04,173.8
1310,12,Side,111.41,115.86,109.45,114.81,168.34,171.8,172.93,174.04
1310,13,Side,101.34,104.58,97.83,103.25,169.44,171.21,174.29,173.14
1310,14,Side,97.13,95.29,88.73,92.77,161.73,176.5,170.13,176.5
1310,15,Side,87.37,75.74,77.5,71.61,161.18,176.48,169.62,176.75
1310,16,Side,79.29,65.82,67.89,61.01,161.03,176.37,169.49,176.63
1310,17,Side,67.86,59.88,55.59,54.7,160.68,175.66,169.32,176.19
1310,18,Side,60.24,63.03,46.87,56.76,161.0,174.47,169.61,175.31
1310,19,Side,52.95,59.41,39.72,48.85,161.38,163.11,169.91,168.16
1310,20,Side,49.33,53.56,35.36,42.31,160.81,162.17,169.38,167.77
1310,21,Side,45.34,46.44,30.64,33.9,161.09,159.93,169.7,166.76
1310,22,Side,46.68,51.13,32.65,38.66,160.9,161.02,169.19,167.15
1310,23,Side,46.32,46.56,33.53,37.82,161.03,161.32,168.96,166.85
1310,24,Side,46.94,48.21,34.63,40.05,161.02,162.31,168.6,167.29
1310,25,Side,44.04,46.06,35.14,41.86,160.79,174.41,169.31,175.47
1310,26,Side,47.65,48.02,38.28,44.41,160.3,176.01,169.31,176.53
1310,27,Side,53.01,58.79,43.67,52.44,160.66,165.05,169.63,168.92
1310,28,Side,60.44,69.02,51.0,62.89,161.42,166.15,169.83,169.8
1310,29,Side,69.52,79.1,60.07,74.1,162.09,168.8,170.5,171.94
1310,30,Side,85.43,92.21,72.77,87.54,161.78,169.33,169.89,172.76
1310,31,Side,96.69,101.25,83.35,100.52,162.02,179.48,170.14,180.0
1310,32,Side,104.1,111.58,92.71,112.0,163.06,178.96,170.59,180.0
1310,33,Side,112.37,121.51,102.43,122.55,163.17,178.96,170.67,180.0
1310,34,Side,117.86,129.09,112.58,131.02,172.37,178.14,175.88,179.45
1310,35,Side,132.91,134.92,128.21,138.0,172.83,177.07,176.47,178.92
1310,36,Side,136.93,140.07,133.7,143.77,174.72,177.61,177.55,179.46
1310,37,Side,139.11,140.93,136.93,144.99,174.54,178.93,177.65,179.48
1310,38,Side,139.75,141.34,137.54,145.71,174.6,179.67,177.75,179.0
1310,39,Side,142.47,141.34,140.61,146.32,173.92,179.89,177.37,178.57
1310,40,Side,147.97,142.22,142.25,147.54,164.29,179.3,171.6,178.24
1310,41,Side,149.15,144.27,144.06,149.52,164.36,178.64,171.66,177.85
1310,42,Side,149.3,142.24,144.41,148.4,164.63,179.21,171.73,177.86
1310,43,Side,149.82,139.5,144.9,149.8,164.89,179.74,172.03,177.4
1310,44,Side,151.33,139.87,146.3,151.55,164.86,179.97,172.09,177.42
1311,1,Front/Back,179.98,179.98,179.98,179.98,179.98,179.98,179.98,179.98
1311,2,Front/Back,158.69,165.04,164.46,144.46,167.93,165.04,169.72,169.51
1311,3,Front/Back,156.1,130.39,166.74,143.8,163.06,135.9,158.98,165.55
1311,4,Front/Back,125.07,134.06,160.77,146.48,138.0,134.06,156.55,162.28
1311,5,Front/Back,123.21,111.34,160.77,137.2,136.13,134.15,156.24,165.82
1311,6,Front/Back,119.99,109.65,165.67,137.2,134.31,132.46,151.78,162.51
1311,7,Front/Back,121.4,107.29,155.03,141.56,134.33,130.73,160.76,179.99
1311,8,Front/Back,117.82,114.03,152.29,142.01,133.49,129.05,153.8,157.25
1311,9,Front/Back,116.91,104.6,164.33,147.56,132.58,127.41,153.59,165.55
1311,10,Front/Back,112.64,125.69,160.92,153.33,131.73,125.7,151.58,169.51
1311,11,Front/Back,109.69,105.66,148.47,148.52,127.58,124.12,147.91,177.6
1311,12,Front/Back,107.8,104.56,143.66,135.02,129.19,124.12,144.76,180.0
1311,13,Front/Back,100.0,96.85,134.62,125.59,128.38,124.22,140.04,176.37
1311,14,Front/Back,96.45,92.23,131.1,118.87,127.57,123.45,138.99,169.16
1311,15,Front/Back,95.18,91.35,138.97,112.56,127.58,123.57,138.99,169.31
1311,16,Front/Back,92.16,85.83,146.17,109.94,125.99,122.8,138.1,165.2
1311,17,Front/Back,89.34,80.98,127.4,102.44,125.99,123.45,151.01,169.31
1311,18,Front/Back,87.73,76.54,124.44,95.3,127.57,124.12,148.86,169.31
1311,19,Front/Back,84.43,71.43,121.43,90.07,127.57,124.12,146.6,180.0
1311,20,Front/Back,79.99,68.7,131.6,86.55,128.39,124.82,143.63,159.17
1311,21,Front/Back,78.35,66.8,129.94,84.63,128.41,124.82,144.76,165.11
1311,22,Front/Back,77.91,64.44,128.69,79.89,129.22,127.22,149.42,159.17
1311,23,Front/Back,81.27,70.37,128.69,89.08,119.36,130.37,138.08,176.48
1311,24,Front/Back,84.0,71.1,129.63,81.65,124.69,132.11,139.66,180.0
1311,25,Front/Back,87.35,75.92,130.26,88.87,120.68,133.88,131.35,176.85
1311,26,Front/Back,89.03,105.32,102.52,93.44,123.63,125.16,134.29,128.44
1311,27,Front/Back,91.47,84.95,103.92,94.14,124.37,137.64,135.87,165.11
1311,28,Front/Back,91.85,87.7,124.66,101.66,133.18,137.64,140.37,169.16
1311,29,Front/Back,94.47,91.98,120.44,105.02,134.12,138.71,147.46,154.57
1311,30,Front/Back,94.55,94.97,117.17,108.84,127.05,137.88,147.96,156.77
1311,31,Front/Back,99.04,95.44,117.24,111.93,138.15,135.26,155.58,161.92
1311,32,Front/Back,97.72,100.97,113.11,113.25,135.37,139.95,163.8,148.82
1311,33,Front/Back,94.03,86.98,117.91,104.16,132.81,135.39,153.59,147.16
1311,34,Front/Back,92.86,83.04,112.25,100.99,131.95,134.62,151.58,150.61
1311,35,Front/Back,90.77,91.41,111.39,110.8,131.11,136.31,152.02,143.89
1311,36,Front/Back,100.12,86.19,110.63,106.74,139.04,135.15,146.85,148.82
1311,37,Front/Back,92.64,81.54,101.23,98.93,138.08,137.88,148.86,152.58
1311,38,Front/Back,89.85,71.94,105.94,86.92,138.08,137.25,150.11,159.36
1311,39,Front/Back,90.51,68.22,112.1,83.51,138.99,134.48,158.98,162.11
1311,40,Front/Back,92.1,69.89,118.09,84.24,138.99,132.7,151.58,180.0
1311,41,Front/Back,95.24,97.88,138.15,94.66,137.09,138.31,144.58,157.24
1311,42,Front/Back,93.11,101.18,136.06,98.88,137.06,135.14,147.91,160.52
1311,43,Front/Back,93.97,86.43,136.88,105.46,137.09,132.57,146.6,169.31
1311,44,Front/Back,94.69,89.52,138.52,115.37,136.17,134.48,144.97,159.19
1311,45,Front/Back,97.02,96.64,140.89,116.42,136.13,137.25,154.05,156.75
1311,46,Front/Back,100.44,96.7,145.18,126.63,135.26,134.48,143.63,154.57
1311,47,Front/Back,102.62,98.2,145.53,123.86,137.09,135.26,149.18,148.82
1311,48,Front/Back,104.35,98.76,144.42,123.26,139.93,137.25,148.18,148.82
1311,49,Front/Back,106.82,99.72,144.9,123.81,141.93,138.21,149.54,150.67
1311,50,Front/Back,143.88,99.3,143.88,123.98,180.0,139.06,139.85,154.62
1312,1,Side,157.56,159.38,169.65,163.97,169.62,169.81,110.15,106.3
1312,2,Side,155.24,158.41,168.19,161.83,169.11,168.63,112.38,116.77
1312,3,Side,154.12,158.23,167.63,160.6,168.32,168.22,110.38,118.94
1312,4,Side,149.87,159.5,162.27,160.3,167.79,166.66,107.91,116.34
1312,5,Side,146.49,158.37,157.64,157.1,166.02,166.18,105.05,117.47
1312,6,Side,143.32,158.28,154.69,153.34,167.63,164.98,102.91,114.68
1312,7,Side,141.5,158.86,151.39,152.41,167.61,164.4,103.79,122.34
1312,8,Side,137.42,158.82,147.73,150.89,169.64,163.88,106.38,122.34
1312,9,Side,133.29,159.34,143.84,149.89,170.08,162.65,105.88,119.44
1312,10,Side,130.03,159.08,140.84,146.89,170.68,161.23,104.63,120.82
1312,11,Side,134.11,158.75,145.78,143.82,170.49,159.26,103.39,130.16
1312,12,Side,130.0,159.17,141.12,144.9,170.18,160.17,104.02,124.52
1312,13,Side,125.43,154.36,136.25,139.86,171.92,158.58,107.55,121.78
1312,14,Side,121.65,153.61,133.43,139.69,172.72,158.14,107.3,123.5
1312,15,Side,116.03,152.92,127.53,138.01,174.63,156.67,108.63,124.73
1312,16,Side,101.25,152.09,114.64,136.08,178.12,154.65,108.38,125.66
1312,17,Side,99.53,148.84,111.9,132.71,176.51,154.28,111.12,128.99
1312,18,Side,103.5,145.12,115.29,129.17,174.17,155.08,112.71,136.04
1312,19,Side,99.66,142.6,111.63,126.53,172.62,154.87,112.52,151.41
1312,20,Side,95.97,137.78,105.88,120.2,172.19,155.78,111.48,155.8
1312,21,Side,90.82,133.87,100.74,115.23,170.43,156.54,107.62,156.14
1312,22,Side,84.35,121.56,94.16,104.38,169.44,158.24,104.09,150.14
1312,23,Side,79.8,109.71,90.07,92.9,168.47,158.0,100.75,155.32
1312,24,Side,75.64,99.51,85.91,83.27,168.39,160.1,102.07,161.74
1312,25,Side,69.51,88.28,77.91,73.75,172.06,159.79,106.75,173.52
1312,26,Side,63.21,81.15,75.32,67.83,177.87,159.43,104.14,161.92
1312,27,Side,61.64,117.06,72.14,98.45,175.64,153.02,101.29,166.51
1312,28,Side,52.76,98.01,64.87,80.24,174.73,159.25,100.62,179.03
1312,29,Side,47.75,72.61,58.06,57.31,176.2,163.64,100.05,179.06
1312,30,Side,44.39,72.71,55.25,57.89,177.19,167.4,98.77,160.21
1312,31,Side,42.2,69.43,54.07,57.09,178.41,167.82,98.27,155.44
1312,32,Side,41.74,68.63,54.04,55.97,179.0,164.45,97.76,153.05
1312,33,Side,40.17,66.62,55.64,53.44,178.66,161.14,98.96,154.45
1312,34,Side,45.55,74.77,59.57,58.37,179.71,155.13,99.92,158.2
1312,35,Side,44.66,65.5,58.46,53.44,176.76,159.09,99.07,152.63
1312,36,Side,41.23,66.09,56.19,53.24,176.33,158.5,99.18,151.72
1312,37,Side,43.16,66.51,56.65,53.05,173.88,158.87,95.99,147.45
1312,38,Side,44.35,66.52,57.74,52.82,172.75,159.6,94.95,142.62
1312,39,Side,46.27,68.84,58.13,52.93,171.88,159.8,93.3,142.04
1312,40,Side,47.5,72.05,59.26,54.25,172.52,160.17,96.71,140.68
1312,41,Side,50.11,72.95,62.24,54.13,172.59,159.51,96.42,143.37
1312,42,Side,52.03,85.0,64.06,64.65,173.6,160.07,95.39,144.15
1312,43,Side,55.9,88.5,67.93,67.25,175.33,160.39,91.29,143.05
1312,44,Side,58.83,88.9,62.83,69.39,175.24,160.91,89.73,141.92
1312,45,Side,62.47,94.22,66.46,73.81,175.24,160.39,88.37,141.9
1312,46,Side,65.3,106.76,68.66,86.31,176.53,160.33,87.67,143.19
1312,47,Side,69.44,113.07,72.37,91.91,173.77,157.29,89.6,149.79
1312,48,Side,75.54,117.96,78.97,97.35,176.39,157.07,86.95,155.76
1312,49,Side,80.98,122.38,83.37,103.94,174.04,157.25,86.06,162.87
1312,50,Side,85.53,125.56,87.9,107.41,171.18,155.99,85.19,170.6
1312,51,Side,93.27,130.0,94.27,112.38,168.29,155.76,87.03,158.21
1312,52,Side,96.76,132.21,100.48,115.52,168.09,156.46,85.66,171.19
1312,53,Side,99.13,134.92,102.8,121.18,167.21,159.37,86.35,162.55
1312,54,Side,100.93,135.29,104.62,122.53,166.85,161.09,86.65,155.2
1312,55,Side,102.16,137.61,105.5,125.66,166.72,161.9,88.31,149.67
1312,56,Side,102.69,135.64,109.65,121.7,166.61,161.49,88.32,139.89
1312,57,Side,114.24,140.5,121.74,129.03,165.75,160.97,88.83,133.99
1312,58,Side,110.34,147.72,118.39,138.31,165.31,160.1,88.59,126.71
1312,59,Side,115.73,150.84,123.45,142.48,168.94,160.13,94.36,121.03
1312,60,Side,118.17,148.04,125.91,141.39,169.49,160.27,92.73,111.11
1312,61,Side,120.66,149.16,128.72,143.4,169.08,160.51,93.77,108.22
1312,62,Side,122.54,147.78,131.73,143.3,167.03,162.44,97.22,112.29
1312,63,Side,125.31,148.74,136.33,145.08,168.42,164.01,95.42,110.47
1312,64,Side,125.34,149.36,137.34,147.05,168.16,161.64,96.46,102.4
1312,65,Side,129.07,149.65,142.92,146.63,166.74,162.11,98.55,100.4
1312,66,Side,137.3,149.96,148.82,147.42,163.46,161.72,99.15,99.94
1312,67,Side,134.8,150.72,149.59,148.17,166.8,160.42,99.82,96.23
1312,68,Side,138.29,151.61,153.97,150.22,166.11,159.66,98.11,92.13
1312,69,Side,141.16,153.35,157.48,153.01,167.71,159.66,106.37,99.7
1312,70,Side,149.24,153.98,165.09,153.7,171.5,158.29,104.15,92.66
1312,71,Side,151.37,154.25,167.85,154.36,171.19,158.69,103.5,92.28
1312,72,Side,151.98,155.22,168.45,156.42,172.02,158.15,109.23,103.6
1312,73,Side,151.97,157.78,168.45,159.39,165.81,157.9,106.24,102.7
1312,74,Side,153.62,161.57,171.13,166.53,166.01,158.76,103.31,95.18
1312,75,Side,155.66,161.17,172.75,167.53,165.79,159.33,102.42,95.36
1312,76,Side,157.23,160.21,175.35,166.97,166.67,161.61,103.8,102.49
1312,77,Side,157.23,159.13,175.35,165.89,165.6,160.45,104.37,99.53
1312,78,Side,155.84,158.91,174.78,165.32,166.15,160.83,100.97,100.03
1313,1,Side,141.96,168.76,155.01,178.18,154.37,145.76,156.55,173.38
1313,2,Side,140.63,166.63,153.99,179.37,155.04,146.06,157.3,170.64
1313,3,Side,132.72,160.47,147.34,176.72,154.9,144.02,156.17,171.94
1313,4,Side,127.67,159.09,143.23,174.9,155.01,145.67,156.49,170.22
1313,5,Side,123.07,170.26,138.98,177.06,155.82,148.8,156.94,170.22
1313,6,Side,114.19,169.35,134.74,177.2,154.78,150.03,155.73,169.0
1313,7,Side,104.91,166.76,126.27,173.95,157.4,152.41,154.89,168.31
1313,8,Side,98.65,153.43,125.22,177.71,159.26,149.78,152.01,175.23
1313,9,Side,90.16,141.74,117.76,178.07,162.06,148.86,150.69,171.87
1313,10,Side,80.29,131.66,108.43,175.85,166.48,150.41,147.56,172.1
1313,11,Side,74.1,135.0,105.19,174.61,170.12,152.65,148.45,173.66
1313,12,Side,66.75,138.65,94.97,171.94,172.19,160.79,152.47,163.63
1313,13,Side,50.67,150.52,72.47,159.78,178.61,161.31,156.01,169.22
1313,14,Side,45.6,176.41,67.17,128.49,178.84,164.93,161.38,170.26
1313,15,Side,44.77,117.45,61.83,71.23,178.82,171.45,164.5,166.29
1313,16,Side,36.33,92.33,51.34,49.34,179.29,177.58,166.15,164.62
1313,17,Side,31.09,64.09,40.58,22.95,176.07,177.08,169.77,164.98
1313,18,Side,26.57,54.95,33.17,16.02,173.18,175.31,168.31,171.37
1313,19,Side,25.82,44.46,31.56,9.64,173.94,178.29,170.23,167.3
1313,20,Side,24.07,45.82,32.11,15.02,175.1,178.23,173.19,171.31
1313,21,Side,22.13,44.37,28.93,16.35,174.97,178.18,174.3,171.01
1313,22,Side,19.56,50.62,27.71,20.89,177.65,173.86,172.1,172.68
1313,23,Side,22.35,63.43,31.62,34.22,179.7,170.81,171.79,174.22
1313,24,Side,32.94,79.73,44.64,50.91,176.99,167.43,170.13,173.55
1313,25,Side,42.22,178.26,55.49,145.3,174.23,158.33,169.64,173.37
1313,26,Side,57.84,173.89,73.93,145.73,171.16,155.13,166.01,171.63
1313,27,Side,68.88,159.96,85.24,164.5,168.74,152.26,162.54,172.5
1313,28,Side,82.71,157.96,98.23,166.68,168.19,152.37,157.96,167.45
1313,29,Side,96.01,160.85,111.8,167.94,165.52,152.66,154.9,166.75
1313,30,Side,112.1,159.61,127.51,171.87,164.59,150.23,150.33,165.54
1313,31,Side,114.34,161.45,132.36,170.54,159.55,149.55,149.48,162.9
1313,32,Side,128.51,163.95,142.5,175.88,161.24,147.73,148.39,171.7
1313,33,Side,135.04,167.04,147.16,173.45,163.11,146.07,147.8,174.59
1313,34,Side,140.03,164.5,151.61,176.94,161.17,147.41,148.8,172.56
1313,35,Side,141.8,165.27,152.86,175.34,160.37,145.82,151.47,172.92
1314,1,Front/Back,179.98,179.98,179.98,179.98,179.98,179.98,179.98,179.98
1314,2,Front/Back,163.01,171.15,179.99,161.9,163.01,179.98,179.99,179.98
1314,3,Front/Back,160.87,163.64,180.0,154.06,160.87,179.99,179.99,179.99
1314,4,Front/Back,141.85,161.45,161.87,148.17,159.98,179.99,179.99,179.99
1314,5,Front/Back,138.6,152.7,160.46,145.6,158.14,173.65,179.99,179.99
1314,6,Front/Back,130.92,152.65,154.41,134.34,156.52,179.99,179.99,179.99
1314,7,Front/Back,126.71,139.3,149.95,127.68,156.76,171.23,179.99,179.99
1314,8,Front/Back,122.03,129.18,144.49,123.15,152.87,165.44,179.99,179.99
1314,9,Front/Back,118.08,122.25,139.11,122.08,152.79,159.52,179.99,179.99
1314,10,Front/Back,106.2,116.7,134.52,119.45,151.68,156.54,179.99,179.99
1314,11,Front/Back,105.8,114.8,128.51,110.83,150.28,154.02,179.99,179.99
1314,12,Front/Back,101.01,109.5,131.36,107.13,149.65,152.42,179.99,179.99
1314,13,Front/Back,100.3,107.83,119.74,104.67,148.34,151.62,179.99,179.99
1314,14,Front/Back,98.6,100.01,118.63,101.31,147.75,150.15,179.99,179.99
1314,15,Front/Back,93.5,96.79,119.52,100.85,146.56,148.75,179.99,179.99
1314,16,Front/Back,91.66,84.23,114.09,98.75,145.35,138.19,179.99,179.99
1314,17,Front/Back,88.94,81.78,125.34,98.33,143.6,137.7,179.99,179.99
1314,18,Front/Back,77.77,80.19,124.68,95.21,133.09,139.16,179.99,179.99
1314,19,Front/Back,76.49,77.53,123.4,95.17,133.09,138.1,179.99,162.55
1314,20,Front/Back,74.81,74.7,122.2,92.31,132.61,138.14,179.99,158.62
1314,21,Front/Back,74.09,74.0,120.55,90.48,133.54,137.61,179.99,159.85
1314,22,Front/Back,74.43,74.45,114.09,88.83,133.09,138.19,180.0,178.63
1314,23,Front/Back,77.35,72.79,108.48,86.71,131.71,137.22,180.0,180.0
1314,24,Front/Back,76.79,71.43,109.17,86.06,130.8,135.23,180.0,180.0
1314,25,Front/Back,74.58,75.7,108.32,83.5,129.45,140.8,180.0,180.0
1314,26,Front/Back,73.15,73.53,107.34,82.31,129.0,138.64,180.0,180.0
1314,27,Front/Back,70.11,65.66,105.18,79.84,128.12,131.99,180.0,180.0
1314,28,Front/Back,67.78,63.74,102.86,79.02,128.11,131.0,180.0,180.0
1314,29,Front/Back,64.32,61.46,99.9,77.2,127.25,130.54,180.0,180.0
1314,30,Front/Back,62.38,60.67,95.8,77.72,126.84,130.49,180.0,180.0
1314,31,Front/Back,61.13,61.41,95.4,79.59,125.98,130.95,180.0,180.0
1314,32,Front/Back,59.76,60.93,99.68,79.52,125.56,130.54,180.0,180.0
1314,33,Front/Back,58.47,60.09,99.63,78.29,124.32,129.62,180.0,180.0
1314,34,Front/Back,57.18,59.73,98.44,77.12,123.92,129.17,180.0,180.0
1314,35,Front/Back,56.88,60.0,99.37,79.72,122.69,128.27,180.0,180.0
1314,36,Front/Back,55.79,59.82,98.41,79.37,122.29,128.27,180.0,180.0
1314,37,Front/Back,56.7,60.9,98.92,78.74,122.7,128.72,180.0,180.0
1314,38,Front/Back,56.53,61.27,96.26,78.96,122.29,128.72,180.0,180.0
1314,39,Front/Back,55.84,63.38,93.48,81.03,121.89,128.62,180.0,180.0
1314,40,Front/Back,56.1,65.01,96.46,82.66,121.49,128.62,180.0,180.0
1314,41,Front/Back,56.09,67.24,96.31,84.48,121.49,129.03,180.0,180.0
1314,42,Front/Back,58.84,67.21,97.77,83.24,123.1,129.03,180.0,180.0
1314,43,Front/Back,61.87,57.26,98.56,76.13,125.15,126.2,180.0,180.0
1314,44,Front/Back,66.97,53.07,112.89,63.3,126.84,126.2,180.0,180.0
1314,45,Front/Back,71.31,53.59,115.76,63.64,128.12,126.26,180.0,180.0
1314,46,Front/Back,72.85,66.97,116.86,75.06,128.56,129.45,180.0,180.0
1314,47,Front/Back,74.2,56.81,118.21,67.36,128.55,127.0,180.0,180.0
1314,48,Front/Back,76.35,73.55,119.93,76.57,128.99,134.52,180.0,180.0
1314,49,Front/Back,76.44,63.0,120.46,69.37,128.55,131.17,180.0,180.0
1314,50,Front/Back,78.65,76.43,122.23,79.45,128.98,134.53,180.0,180.0
1314,51,Front/Back,94.77,77.22,135.56,81.25,131.82,134.53,180.0,180.0
1314,52,Front/Back,95.52,76.93,135.89,79.45,132.24,135.03,180.0,180.0
1314,53,Front/Back,81.37,76.85,124.12,78.74,129.86,135.53,180.0,180.0
1314,54,Front/Back,81.37,77.35,124.12,78.74,129.86,136.04,180.0,180.0
1314,55,Front/Back,82.35,78.38,132.05,78.74,130.31,137.06,180.0,180.0
1314,56,Front/Back,81.87,77.6,131.12,77.96,130.76,137.06,180.0,180.0
1314,57,Front/Back,82.74,78.71,112.24,78.55,135.42,137.58,180.0,180.0
1314,58,Front/Back,81.74,78.48,111.49,76.79,135.42,138.1,180.0,180.0
1314,59,Front/Back,80.68,77.74,104.31,77.05,135.91,138.1,180.0,180.0
1314,60,Front/Back,78.57,78.2,102.2,76.34,135.9,139.17,180.0,180.0
1314,61,Front/Back,77.64,79.29,100.78,76.34,136.39,140.26,180.0,180.0
1314,62,Front/Back,76.28,78.55,97.2,81.17,136.39,140.26,180.0,180.0
1314,63,Front/Back,75.0,78.39,98.35,80.45,136.39,140.81,180.0,180.0
1314,64,Front/Back,73.3,76.37,97.14,77.3,135.9,140.83,180.0,180.0
1314,65,Front/Back,66.08,77.55,95.47,77.33,130.34,141.98,180.0,180.0
1314,66,Front/Back,64.61,77.51,94.0,77.25,130.34,143.14,180.0,180.0
1314,67,Front/Back,63.91,75.41,90.83,74.99,130.79,143.16,180.0,180.0
1314,68,Front/Back,61.98,74.89,89.8,73.28,129.88,144.35,180.0,180.0
1314,69,Front/Back,59.71,75.3,89.27,73.59,128.15,144.46,180.0,180.0
1314,70,Front/Back,64.32,75.78,88.5,75.17,131.69,144.5,180.0,180.0
1314,71,Front/Back,65.54,77.15,89.26,76.49,132.15,144.55,180.0,180.0
1314,72,Front/Back,66.88,78.42,87.53,78.21,133.07,145.16,180.0,180.0
1314,73,Front/Back,69.98,80.6,87.9,80.36,134.01,146.41,180.0,161.54
1314,74,Front/Back,71.25,82.19,87.86,82.0,134.98,146.36,180.0,152.08
1314,75,Front/Back,75.89,75.96,88.23,85.18,135.97,138.09,180.0,156.57
1314,76,Front/Back,78.23,79.88,89.44,86.94,136.98,140.24,180.0,156.57
1314,77,Front/Back,81.83,80.5,91.5,87.43,138.53,140.24,180.0,158.59
1314,78,Front/Back,79.37,83.49,100.04,89.86,134.45,140.8,177.55,158.11
1314,79,Front/Back,81.01,86.82,102.15,92.72,135.9,142.5,180.0,160.26
1314,80,Front/Back,83.57,90.32,103.14,95.61,137.38,143.09,179.99,162.12
1314,81,Front/Back,91.81,94.92,104.8,97.11,143.92,144.9,175.76,162.12
1314,82,Front/Back,89.49,99.11,106.95,100.1,139.43,146.13,180.0,162.12
1314,83,Front/Back,92.38,103.55,109.33,103.22,139.96,147.42,180.0,162.12
1314,84,Front/Back,96.99,106.66,112.86,104.32,141.03,149.43,180.0,162.12
1314,85,Front/Back,99.19,112.08,114.57,107.09,141.58,150.85,180.0,162.12
1314,86,Front/Back,102.08,118.74,114.51,103.67,142.69,153.1,180.0,162.12
1314,87,Front/Back,105.02,122.19,117.02,106.09,143.26,153.12,180.0,162.12
1314,88,Front/Back,113.72,133.49,120.78,109.55,150.24,161.99,180.0,162.12
1314,89,Front/Back,114.46,128.84,123.21,112.97,150.98,153.91,180.0,162.12
1314,90,Front/Back,110.49,132.79,124.24,116.92,146.22,153.91,180.0,162.12
1314,91,Front/Back,113.07,137.67,125.84,121.78,147.48,153.93,180.0,162.12
1314,92,Front/Back,114.98,140.74,127.72,124.85,147.51,153.93,180.0,162.12
1314,93,Front/Back,117.95,152.37,130.98,138.07,147.54,152.37,180.0,162.12
1314,94,Front/Back,119.5,166.06,132.55,138.11,147.51,166.06,180.0,162.12
1314,95,Front/Back,122.34,167.6,139.03,138.11,146.91,167.6,180.0,162.12
1314,96,Front/Back,126.39,151.62,142.38,139.15,147.61,151.62,180.0,162.12
1314,97,Front/Back,127.11,169.55,144.24,139.15,146.94,169.55,180.0,162.12
1314,98,Front/Back,128.38,167.77,151.19,139.15,148.21,167.77,180.0,162.12
1314,99,Front/Back,129.93,169.55,153.58,139.21,148.21,169.55,180.0,162.12
1314,100,Front/Back,139.23,169.55,153.85,139.21,158.28,169.55,180.0,162.12
1314,101,Front/Back,130.44,171.97,153.85,139.28,149.49,171.97,180.0,162.12
1315,1,Side,114.92,179.85,131.13,165.68,165.77,172.7,121.63,171.36
1315,2,Side,112.74,177.94,128.0,166.68,165.59,171.8,121.96,172.85
1315,3,Side,111.7,175.6,125.95,168.11,164.55,170.8,123.39,169.74
1315,4,Side,109.77,175.7,122.78,167.82,164.55,170.62,124.56,170.69
1315,5,Side,108.43,173.82,121.59,169.13,164.36,171.16,124.82,174.15
1315,6,Side,108.98,173.71,122.87,168.86,163.44,170.68,124.82,175.41
1315,7,Side,107.13,174.49,119.6,168.46,162.59,171.07,125.68,179.66
1315,8,Side,101.74,174.76,110.36,168.01,162.59,170.8,125.68,177.85
1315,9,Side,103.27,175.97,114.82,166.98,161.32,172.08,126.51,179.16
1315,10,Side,107.51,173.38,117.33,169.39,163.8,172.91,124.5,179.66
1315,11,Side,96.89,175.07,105.97,168.24,161.99,175.46,125.08,174.96
1315,12,Side,93.86,170.79,103.41,171.79,161.51,174.73,128.96,173.66
1315,13,Side,91.27,165.6,99.84,176.99,164.13,176.71,129.66,163.18
1315,14,Side,80.18,136.07,86.31,158.31,163.71,172.63,131.83,162.98
1315,15,Side,75.31,117.85,82.17,141.27,163.85,173.67,133.22,159.81
1315,16,Side,69.55,95.01,76.88,120.18,161.67,172.51,138.95,159.81
1315,17,Side,65.66,82.91,72.98,107.76,161.68,173.98,142.98,157.19
1315,18,Side,63.38,68.49,71.52,93.03,164.69,176.46,142.64,153.57
1315,19,Side,61.02,53.15,67.87,76.96,165.66,177.82,144.7,153.14
1315,20,Side,58.69,54.84,69.49,78.86,166.27,179.78,147.25,151.58
1315,21,Side,54.69,44.49,65.45,67.53,169.3,179.01,147.38,152.58
1315,22,Side,50.97,39.42,61.73,62.42,170.29,176.12,148.8,151.51
1315,23,Side,47.65,34.58,58.18,57.56,172.42,175.6,151.32,155.85
1315,24,Side,45.89,4.76,55.93,28.65,174.67,176.53,153.48,157.97
1315,25,Side,43.11,4.25,54.53,27.86,175.94,174.58,155.76,159.17
1315,26,Side,43.62,0.71,50.91,22.18,177.48,172.1,157.33,158.36
1315,27,Side,43.13,4.3,49.9,19.27,179.73,171.92,158.46,159.95
1315,28,Side,42.9,9.45,49.65,14.1,177.9,170.59,157.54,159.51
1315,29,Side,46.9,1.6,54.1,21.45,176.61,169.92,161.86,161.65
1315,30,Side,45.75,3.88,54.39,19.15,176.61,168.69,166.87,164.13
1315,31,Side,43.99,5.59,54.08,17.2,175.39,168.8,169.75,170.57
1315,32,Side,40.5,7.24,52.63,15.53,176.88,167.54,170.27,170.68
1315,33,Side,39.42,10.22,51.56,12.09,175.64,166.3,172.43,171.45
1315,34,Side,38.61,12.01,50.51,10.96,175.04,165.98,177.18,171.54
1315,35,Side,37.87,12.12,51.15,10.16,174.68,164.78,178.76,174.22
1315,36,Side,31.7,15.21,43.67,7.74,173.37,165.48,178.23,176.92
1315,37,Side,29.39,17.53,42.66,5.44,172.24,162.21,179.16,174.43
1315,38,Side,28.58,19.0,41.86,3.63,171.85,161.43,179.55,175.49
1315,39,Side,27.0,19.0,40.86,1.33,170.52,159.62,171.33,173.84
1315,40,Side,25.51,22.0,38.59,1.27,169.57,158.77,175.44,176.23
1315,41,Side,25.17,22.0,39.96,1.45,168.73,156.29,175.32,168.93
1315,42,Side,24.81,33.98,39.04,8.6,169.21,156.45,177.7,169.57
1315,43,Side,22.37,35.13,38.9,8.74,171.48,158.1,179.22,170.74
1315,44,Side,21.65,35.13,38.14,8.13,170.71,159.11,177.09,172.1
1315,45,Side,22.05,34.78,38.18,8.79,170.73,156.53,175.36,167.11
1315,46,Side,22.01,37.59,38.77,12.42,169.81,157.21,173.39,168.64
1315,47,Side,21.2,38.5,39.33,13.47,169.64,157.88,173.39,174.83
1315,48,Side,18.8,37.55,36.31,12.84,170.39,157.52,170.46,175.42
1315,49,Side,18.54,38.82,35.72,14.06,170.06,159.7,175.5,179.75
1315,50,Side,19.64,41.02,35.26,16.39,170.84,158.88,170.77,179.11
1315,51,Side,20.33,40.7,35.26,16.98,169.6,158.56,175.33,178.01
1315,52,Side,21.54,44.07,34.79,20.92,170.24,157.84,174.4,178.01
1315,53,Side,21.68,46.72,34.79,23.04,171.64,158.31,174.13,178.01
1315,54,Side,22.14,48.59,35.39,25.47,173.42,158.26,172.49,175.84
1315,55,Side,23.19,51.45,34.9,28.26,173.59,159.61,174.74,175.51
1315,56,Side,25.12,54.12,41.04,31.49,164.14,158.19,177.47,178.15
1315,57,Side,24.05,62.87,41.27,40.17,173.22,158.99,177.59,177.47
1315,58,Side,29.93,67.64,47.73,44.86,175.63,160.84,179.58,174.46
1315,59,Side,31.68,76.77,48.01,53.76,176.08,158.53,178.9,164.67
1315,60,Side,33.58,83.44,48.42,60.2,176.99,157.82,177.7,159.44
1315,61,Side,35.02,90.89,46.91,67.24,174.92,159.3,165.7,158.66
1315,62,Side,39.78,108.01,44.79,83.94,165.56,161.86,166.87,159.76
1315,63,Side,47.17,111.89,43.99,87.05,165.75,163.06,156.35,157.99
1315,64,Side,48.38,123.21,44.3,98.76,167.79,163.07,159.19,156.31
1315,65,Side,47.74,129.98,43.25,105.4,175.71,163.92,161.17,155.83
1315,66,Side,49.37,136.08,43.94,111.37,174.55,164.41,154.39,150.38
1315,67,Side,51.99,139.11,47.86,113.59,175.46,167.7,154.57,152.99
1315,68,Side,54.71,146.18,51.28,120.67,178.02,167.52,154.02,151.59
1315,69,Side,59.97,148.39,58.88,122.71,177.79,168.86,150.85,151.39
1315,70,Side,64.37,168.42,61.93,142.56,177.79,168.86,147.77,147.02
1315,71,Side,68.95,177.29,64.22,151.39,177.56,170.4,145.53,147.91
1315,72,Side,72.7,179.76,70.58,153.64,176.17,170.4,139.43,145.73
1315,73,Side,76.42,175.82,74.86,150.1,177.4,170.13,139.18,143.29
1315,74,Side,80.8,178.65,77.77,154.86,176.32,171.13,134.84,140.54
1315,75,Side,84.42,178.96,81.93,155.7,177.53,168.84,134.59,136.36
1315,76,Side,89.06,178.31,89.21,153.76,177.79,168.04,132.46,133.87
1315,77,Side,93.76,179.93,93.76,158.01,178.34,169.0,128.87,133.11
1315,78,Side,97.7,176.71,97.84,165.76,178.96,168.36,126.33,131.52
1315,79,Side,101.57,178.35,100.4,164.17,178.96,169.41,123.02,133.49
1315,80,Side,100.33,175.82,101.16,170.97,177.69,169.14,121.94,136.03
1315,81,Side,108.57,175.56,110.31,173.66,176.58,168.62,117.93,126.87
1315,82,Side,111.41,173.17,111.39,177.76,177.26,168.37,118.08,132.26
1315,83,Side,114.88,172.77,114.17,179.88,179.43,169.43,117.67,136.01
1315,84,Side,115.94,172.02,116.1,177.94,177.64,170.2,121.08,134.79
1315,85,Side,119.94,171.77,120.88,176.46,179.1,171.27,119.39,138.31
1315,86,Side,120.96,171.44,122.62,174.56,177.46,172.98,119.48,142.81
1315,87,Side,123.27,171.85,125.11,174.65,176.17,172.41,119.71,144.98
1315,88,Side,123.34,171.21,125.89,173.09,175.46,173.45,118.09,144.64
1315,89,Side,124.1,172.51,126.65,177.88,176.38,174.41,116.47,147.9
1315,90,Side,126.04,172.66,127.52,176.27,177.45,175.23,113.68,150.69
1315,91,Side,126.07,172.55,128.25,175.67,172.79,175.23,116.69,153.19
1315,92,Side,127.66,172.37,129.84,177.99,171.88,176.89,116.13,156.61
1315,93,Side,121.82,176.0,126.82,179.4,168.51,177.03,115.81,165.72
1315,94,Side,128.76,176.13,132.12,178.94,170.36,177.64,114.45,169.33
1315,95,Side,125.99,179.81,129.93,176.53,168.97,177.84,115.95,169.96
1316,1,Front/Back,179.98,179.98,179.98,179.98,179.98,179.98,179.98,179.98
1316,2,Front/Back,158.21,165.57,165.84,176.07,161.97,159.29,169.59,169.78
1316,3,Front/Back,155.62,164.07,156.46,180.0,159.02,156.85,166.63,172.76
1316,4,Front/Back,150.56,164.07,151.4,174.9,159.02,156.85,166.63,172.76
1316,5,Front/Back,156.03,162.25,170.64,163.12,142.4,155.43,166.35,173.16
1316,6,Front/Back,155.83,160.61,166.05,160.31,138.42,150.95,162.58,170.33
1316,7,Front/Back,150.32,158.03,162.29,157.86,140.09,151.2,166.63,173.16
1316,8,Front/Back,140.21,155.49,154.87,155.95,132.07,143.11,158.61,167.61
1316,9,Front/Back,135.61,157.91,126.3,155.95,150.24,142.46,157.05,164.54
1316,10,Front/Back,130.03,145.58,123.52,140.38,152.75,145.89,162.35,166.78
1316,11,Front/Back,130.31,163.0,113.1,136.67,159.34,148.36,150.64,148.34
1316,12,Front/Back,124.37,137.68,107.95,135.83,159.89,136.03,138.33,160.73
1316,13,Front/Back,119.74,133.15,104.35,133.39,170.2,135.02,134.13,161.98
1316,14,Front/Back,118.32,132.46,102.45,134.58,170.2,136.38,133.08,165.41
1316,15,Front/Back,115.63,130.81,97.84,139.3,170.2,137.84,133.55,167.84
1316,16,Front/Back,111.84,119.25,95.72,134.59,161.71,120.02,135.46,154.7
1316,17,Front/Back,116.84,121.24,78.96,131.56,164.84,119.98,130.67,152.04
1316,18,Front/Back,115.99,121.74,84.75,125.4,162.92,117.96,130.19,147.21
1316,19,Front/Back,117.21,127.9,87.45,127.78,164.87,116.33,130.7,143.55
1316,20,Front/Back,124.73,131.49,96.53,128.07,161.33,118.82,130.29,142.7
1316,21,Front/Back,127.57,140.25,94.78,132.72,165.2,120.43,135.95,141.81
1316,22,Front/Back,135.54,148.04,104.39,139.27,165.2,124.5,132.18,144.5
1316,23,Front/Back,132.01,180.0,101.1,152.96,142.72,135.39,114.9,135.39
1316,24,Front/Back,130.57,180.0,98.06,151.34,143.73,134.82,118.17,134.82
1316,25,Front/Back,131.44,180.0,98.93,151.47,143.8,134.4,143.8,134.4
1316,26,Front/Back,129.49,180.0,95.46,151.34,144.9,132.47,144.9,132.47
1316,27,Front/Back,130.9,152.15,95.61,134.94,148.96,126.46,148.96,139.7
1316,28,Front/Back,128.33,145.42,91.49,135.0,152.39,122.04,152.39,142.01
1316,29,Front/Back,129.17,144.14,91.05,133.62,153.44,122.04,153.44,141.96
1316,30,Front/Back,125.04,143.03,90.36,131.04,159.13,122.8,163.81,141.26
1316,31,Front/Back,121.53,142.41,91.79,128.78,158.67,124.35,168.29,141.15
1316,32,Front/Back,130.02,143.08,89.46,127.66,153.32,127.44,153.32,142.51
1316,33,Front/Back,145.08,143.12,104.48,125.73,151.01,130.13,151.01,143.22
1316,34,Front/Back,143.19,180.0,102.59,148.04,148.76,144.61,148.76,134.2
1316,35,Front/Back,137.88,149.72,97.27,117.77,147.73,134.59,147.73,134.6
1316,36,Front/Back,133.63,147.86,93.06,115.92,144.73,132.91,144.73,132.91
1316,37,Front/Back,122.03,150.6,81.51,118.66,144.73,137.41,130.05,137.41
1316,38,Front/Back,120.0,143.61,78.48,113.16,145.68,139.0,121.28,135.53
1316,39,Front/Back,125.22,142.02,83.81,111.63,152.69,137.85,114.33,137.85
1316,40,Front/Back,124.17,140.82,82.9,110.43,180.0,135.48,135.97,135.48
1316,41,Front/Back,124.2,143.61,83.28,113.22,180.0,136.41,143.05,136.41
1316,42,Front/Back,125.29,148.17,84.37,122.64,180.0,133.01,142.55,133.01
1316,43,Front/Back,127.62,149.07,87.12,123.54,141.31,130.32,105.11,130.32
1316,44,Front/Back,124.57,149.47,84.58,123.94,144.19,129.79,98.3,129.79
1316,45,Front/Back,129.54,149.8,88.98,126.02,142.39,129.9,97.19,129.9
1316,46,Front/Back,140.66,152.22,100.11,128.4,140.67,129.27,96.2,129.27
1316,47,Front/Back,144.89,150.48,105.02,126.66,138.08,131.92,103.62,131.92
1316,48,Front/Back,131.44,149.7,100.06,124.17,139.45,133.01,104.04,133.01
1316,49,Front/Back,132.7,150.95,101.84,125.51,139.39,133.67,103.98,133.67
1316,50,Front/Back,133.55,151.63,106.98,126.31,144.66,137.11,109.25,137.11
1316,51,Front/Back,141.87,180.0,115.3,152.96,146.58,139.64,111.17,139.64
1316,52,Front/Back,152.2,180.0,126.06,153.1,148.59,141.02,113.18,141.02
1316,53,Front/Back,155.43,180.0,129.76,150.29,146.4,140.69,110.99,140.69
1316,54,Front/Back,158.05,180.0,134.16,150.29,140.08,137.21,104.67,137.21
1317,1,Front/Back,179.98,179.98,179.98,179.98,179.98,179.98,179.98,179.98
1317,2,Front/Back,161.39,164.11,151.55,162.63,172.34,173.08,172.33,173.07
1317,3,Front/Back,152.19,157.46,141.96,155.98,169.16,169.64,169.15,169.63
1317,4,Front/Back,147.99,152.64,134.08,152.63,160.57,160.76,160.55,160.75
1317,5,Front/Back,142.15,140.16,128.01,140.16,159.66,161.06,159.64,161.05
1317,6,Front/Back,139.16,137.48,121.99,137.48,159.66,158.1,159.64,158.09
1317,7,Front/Back,134.07,136.09,116.9,136.09,155.91,153.36,155.9,153.35
1317,8,Front/Back,129.61,135.32,109.89,135.32,157.48,152.48,157.47,152.47
1317,9,Front/Back,126.83,134.3,109.44,134.3,156.2,152.48,156.18,152.47
1317,10,Front/Back,125.82,134.27,105.95,134.27,157.48,159.36,157.47,148.43
1317,11,Front/Back,123.42,134.99,103.55,131.57,155.38,159.36,155.37,153.38
1317,12,Front/Back,122.86,134.72,103.01,134.72,155.64,159.72,155.64,148.41
1317,13,Front/Back,124.71,134.07,107.32,134.07,153.03,159.02,153.03,143.94
1317,14,Front/Back,124.07,133.21,104.22,133.21,161.33,158.7,137.32,142.17
1317,15,Front/Back,124.88,132.42,102.86,132.42,161.33,159.02,135.33,140.74
1317,16,Front/Back,126.19,134.27,104.18,134.27,149.46,159.84,149.46,140.52
1317,17,Front/Back,130.9,136.52,111.04,136.52,148.23,161.39,148.23,139.63
1317,18,Front/Back,129.1,139.02,118.13,139.02,142.79,164.56,149.12,139.46
1317,19,Front/Back,135.66,140.46,124.07,140.46,147.39,169.1,142.34,134.58
1317,20,Front/Back,135.6,146.16,131.54,146.16,142.96,174.01,139.43,152.48
1317,21,Front/Back,139.59,150.57,143.01,150.57,140.06,175.17,137.03,152.62
1317,22,Front/Back,180.0,150.61,169.44,140.7,150.25,163.45,123.71,131.36
1317,23,Front/Back,180.0,147.75,168.99,147.75,146.35,156.03,124.45,128.54
1317,24,Front/Back,173.65,153.82,159.16,153.82,147.29,155.08,129.06,131.32
1317,25,Front/Back,173.65,157.37,159.16,157.37,147.29,160.16,126.5,130.48
1317,26,Front/Back,145.45,157.46,128.14,157.46,126.73,165.37,103.13,134.76
1317,27,Front/Back,124.66,152.59,117.45,152.59,135.61,165.37,132.23,142.82
1317,28,Front/Back,117.46,133.22,116.2,144.65,132.87,148.73,149.06,139.2
1317,29,Front/Back,107.26,128.6,104.76,142.26,134.06,147.73,147.54,136.48
1317,30,Front/Back,108.56,123.14,94.7,138.78,140.83,148.22,154.49,142.1
1317,31,Front/Back,93.12,120.76,89.26,136.24,133.56,149.89,155.52,143.77
1317,32,Front/Back,100.58,121.67,92.44,135.23,142.09,154.54,157.94,145.31
1317,33,Front/Back,103.02,134.54,91.77,140.41,144.6,161.21,159.16,146.48
1317,34,Front/Back,108.29,138.02,86.88,143.28,149.92,163.83,162.09,145.87
1317,35,Front/Back,110.4,138.23,99.95,146.91,136.01,171.31,159.16,159.15
1317,36,Front/Back,118.22,145.74,106.63,153.45,136.1,172.3,158.09,160.48
1317,37,Front/Back,124.11,149.1,114.49,151.21,137.21,177.89,156.69,160.48
1317,38,Front/Back,130.79,150.84,121.69,150.84,138.78,176.8,155.38,157.28
1317,39,Front/Back,137.94,151.17,129.04,151.17,141.68,170.92,156.64,151.4
1317,40,Front/Back,152.47,151.66,131.95,151.66,155.03,180.0,157.99,160.48
1317,41,Front/Back,154.04,154.88,147.46,154.88,148.83,180.0,159.42,160.48
1317,42,Front/Back,168.97,157.46,165.85,157.46,151.59,180.0,162.62,160.48
1318,1,Front/Back,179.98,179.98,179.97,179.97,179.98,179.98,179.98,179.97
1318,2,Front/Back,180.0,169.91,180.0,178.09,159.6,171.81,159.58,179.97
1318,3,Front/Back,172.34,168.4,172.34,170.97,156.74,161.06,156.72,172.63
1318,4,Front/Back,167.14,161.2,167.14,172.79,154.18,153.29,154.17,164.85
1318,5,Front/Back,171.8,161.82,171.8,161.82,152.96,163.18,152.95,163.16
1318,6,Front/Back,167.83,155.46,167.83,155.46,151.8,161.66,151.79,161.64
1318,7,Front/Back,166.22,162.15,166.22,158.18,150.73,160.12,150.72,160.1
1318,8,Front/Back,148.99,150.57,169.0,166.95,142.38,141.19,162.38,161.38
1318,9,Front/Back,143.71,147.86,165.3,158.01,140.87,139.45,162.45,161.26
1318,10,Front/Back,128.28,151.98,152.34,159.35,140.02,139.83,164.06,163.16
1318,11,Front/Back,128.86,155.22,154.4,143.11,136.8,138.4,162.32,163.16
1318,12,Front/Back,129.16,153.86,157.12,147.28,140.5,137.04,151.58,163.16
1318,13,Front/Back,133.95,152.51,155.28,151.39,142.94,142.65,147.37,148.89
1318,14,Front/Back,133.6,151.29,156.45,149.61,141.63,134.22,142.59,150.25
1318,15,Front/Back,130.39,148.92,156.02,154.45,137.45,130.11,141.75,161.19
1318,16,Front/Back,136.19,155.4,139.5,152.24,135.93,136.36,141.39,158.27
1318,17,Front/Back,121.98,132.99,129.91,140.29,124.45,124.93,160.01,158.2
1318,18,Front/Back,117.14,130.84,130.16,136.9,120.36,122.49,155.91,156.82
1318,19,Front/Back,118.38,129.32,132.21,138.69,118.04,122.79,154.56,158.14
1318,20,Front/Back,120.34,125.29,129.99,133.37,117.09,119.18,154.56,155.53
1318,21,Front/Back,128.15,121.2,138.08,130.3,114.71,117.23,152.27,155.5
1318,22,Front/Back,121.32,117.27,128.56,126.37,111.88,113.77,149.24,152.04
1318,23,Front/Back,118.77,114.54,126.7,120.32,109.11,110.77,147.3,149.97
1318,24,Front/Back,117.78,113.85,123.55,117.59,103.92,107.88,142.11,147.06
1318,25,Front/Back,111.86,108.87,120.34,113.39,105.84,104.24,144.67,144.36
1318,26,Front/Back,114.21,109.04,117.55,113.7,104.19,102.57,143.92,142.67
1318,27,Front/Back,112.74,114.3,120.7,119.67,103.59,101.69,144.05,142.65
1318,28,Front/Back,120.09,110.64,126.96,121.54,103.02,100.88,144.35,143.5
1318,29,Front/Back,118.41,111.65,126.96,123.4,101.5,100.02,144.51,143.49
1318,30,Front/Back,127.16,113.8,137.87,116.53,99.97,98.37,142.97,141.84
1318,31,Front/Back,136.03,112.96,156.82,116.59,98.54,94.35,142.5,138.66
1318,32,Front/Back,133.4,114.04,159.98,116.93,96.33,97.61,140.29,141.08
1318,33,Front/Back,136.03,114.04,147.71,122.22,96.56,96.81,140.53,140.29
1318,34,Front/Back,135.09,121.9,147.71,123.72,95.62,98.05,140.53,134.98
1318,35,Front/Back,123.65,118.7,136.07,120.85,93.1,96.88,138.01,135.7
1318,36,Front/Back,135.89,122.37,141.68,121.86,93.72,94.28,137.81,132.17
1318,37,Front/Back,135.89,123.23,141.68,121.86,94.87,95.85,138.97,132.87
1318,38,Front/Back,136.71,121.81,141.68,120.43,95.86,96.55,139.14,133.56
1318,39,Front/Back,135.09,124.12,149.87,126.34,94.24,98.6,139.14,135.7
1318,40,Front/Back,115.66,127.84,138.39,132.7,94.2,101.04,138.97,137.17
1318,41,Front/Back,112.31,122.77,136.68,134.1,99.02,97.04,145.07,137.91
1318,42,Front/Back,109.22,118.66,133.23,130.05,96.54,100.11,141.82,141.03
1318,43,Front/Back,107.95,138.19,116.53,154.96,100.45,105.26,144.93,147.06
1318,44,Front/Back,105.45,138.19,112.17,157.72,102.41,106.19,146.89,147.99
1318,45,Front/Back,108.1,118.83,114.37,133.24,105.66,104.3,147.83,146.15
1318,46,Front/Back,108.24,122.64,116.95,134.1,109.19,109.98,149.79,150.98
1318,47,Front/Back,111.07,129.81,120.61,140.54,114.42,114.27,153.39,154.37
1318,48,Front/Back,123.48,141.73,141.82,161.21,113.71,117.3,134.14,155.57
1318,49,Front/Back,115.83,140.77,138.35,151.9,115.15,119.82,151.57,158.1
1318,50,Front/Back,116.16,142.69,127.08,155.26,118.07,125.35,153.52,162.66
1318,51,Front/Back,116.7,144.68,152.25,160.92,122.62,133.61,158.17,168.94
1318,52,Front/Back,118.38,144.68,153.94,164.21,127.11,125.67,162.66,160.99
1318,53,Front/Back,119.93,144.71,147.74,180.0,126.57,125.81,161.13,161.11
1318,54,Front/Back,124.73,146.78,158.37,180.0,130.73,129.83,164.36,163.05
1318,55,Front/Back,129.44,146.78,159.94,176.18,127.58,123.9,158.07,157.12
1318,56,Front/Back,137.83,146.78,166.06,168.27,136.38,131.65,164.61,164.87
1318,57,Front/Back,130.97,148.98,156.75,180.0,132.29,127.54,158.07,158.56
1318,58,Front/Back,134.78,151.37,159.27,180.0,136.77,132.66,161.26,161.28
1318,59,Front/Back,156.87,153.91,180.0,180.0,138.27,135.31,161.4,161.39
1318,60,Front/Back,143.21,156.78,150.33,180.0,138.55,138.07,161.56,161.28
1319,1,Side,144.4,178.23,160.75,178.56,174.55,173.33,133.89,138.58
1319,2,Side,141.86,179.9,157.77,180.0,172.79,175.07,134.97,139.66
1319,3,Side,139.53,178.3,156.18,178.99,171.13,176.39,135.94,140.19
1319,4,Side,138.07,177.6,154.87,178.98,170.39,178.14,136.53,141.24
1319,5,Side,135.81,177.36,154.33,177.78,168.88,178.9,137.48,141.76
1319,6,Side,132.72,176.84,151.31,174.49,166.74,179.08,138.47,142.67
1319,7,Side,130.44,176.43,149.39,174.49,166.3,178.58,138.58,142.77
1319,8,Side,130.28,174.38,148.85,176.7,166.46,177.03,138.69,143.68
1319,9,Side,125.65,172.2,143.05,177.12,165.38,175.89,138.75,143.86
1319,10,Side,122.6,172.22,140.43,177.07,164.02,175.24,139.67,144.35
1319,11,Side,117.11,170.33,131.99,178.7,163.47,173.86,140.05,145.06
1319,12,Side,115.77,169.04,130.13,179.17,162.84,173.01,140.13,145.23
1319,13,Side,112.15,168.34,125.04,176.95,162.22,172.62,140.13,144.92
1319,14,Side,106.27,169.9,121.06,177.72,160.84,174.31,139.81,144.61
1319,15,Side,104.81,172.35,119.57,175.17,162.13,177.85,134.97,135.35
1319,16,Side,101.87,174.56,116.49,172.78,161.28,179.47,131.92,127.76
1319,17,Side,102.55,177.29,119.91,171.09,162.75,177.18,128.7,124.19
1319,18,Side,102.34,177.7,118.84,167.15,166.2,173.07,124.48,120.13
1319,19,Side,101.31,174.83,117.2,168.53,167.77,170.41,126.38,122.59
1319,20,Side,89.74,169.93,102.28,163.23,169.35,166.26,129.75,123.53
1319,21,Side,85.17,168.94,96.75,164.48,170.77,163.65,129.81,121.68
1319,22,Side,83.05,163.23,94.62,161.6,172.18,160.28,128.52,119.57
1319,23,Side,79.92,157.04,91.94,157.02,172.33,156.72,129.18,117.74
1319,24,Side,79.49,151.97,93.51,152.5,171.81,153.59,127.51,115.82
1319,25,Side,80.1,141.47,91.76,141.96,176.11,150.52,124.14,111.49
1319,26,Side,78.88,136.41,88.72,137.98,179.22,148.49,123.8,111.21
1319,27,Side,78.21,130.28,91.6,135.59,177.51,144.84,125.41,111.6
1319,28,Side,76.9,113.35,89.36,120.79,179.78,141.74,121.91,109.69
1319,29,Side,74.96,107.61,83.53,115.5,176.34,142.02,121.6,109.07
1319,30,Side,74.5,98.33,82.31,107.76,174.51,139.06,122.58,108.28
1319,31,Side,75.77,87.09,81.61,97.36,172.77,136.16,122.1,108.72
1319,32,Side,72.24,82.15,78.0,94.09,171.14,134.55,120.93,107.93
1319,33,Side,67.69,75.0,72.77,87.16,170.14,131.47,120.41,108.45
1319,34,Side,67.51,74.83,74.44,86.57,167.64,129.81,116.66,108.17
1319,35,Side,64.99,72.8,72.58,86.74,167.2,128.86,115.67,106.73
1319,36,Side,61.97,65.8,69.62,80.28,164.8,127.65,115.59,105.65
1319,37,Side,60.29,61.28,66.21,75.85,164.5,127.43,117.42,106.16
1319,38,Side,56.4,60.02,62.33,75.06,165.87,124.76,119.05,107.06
1319,39,Side,51.65,57.35,55.69,73.68,166.71,125.0,118.62,107.99
1319,40,Side,48.22,55.77,51.7,72.5,168.71,124.55,120.65,109.35
1319,41,Side,46.22,52.55,48.31,69.42,169.34,124.74,120.52,111.67
1319,42,Side,44.21,49.65,46.49,67.09,172.09,124.81,122.78,112.31
1319,43,Side,42.09,38.65,43.44,51.72,171.14,130.79,125.91,112.64
1319,44,Side,40.61,33.42,41.96,47.65,172.63,130.91,128.94,114.41
1319,45,Side,38.2,34.55,39.72,49.09,173.43,132.12,130.37,116.79
1319,46,Side,36.48,33.37,36.63,47.27,174.3,132.34,132.1,117.96
1319,47,Side,37.02,33.39,36.49,47.24,174.97,133.26,133.32,118.63
1319,48,Side,36.36,33.87,36.38,48.72,175.19,131.57,133.81,117.1
1319,49,Side,36.37,33.43,35.39,47.65,174.61,131.8,133.78,118.0
1319,50,Side,36.72,33.15,34.34,48.24,173.97,131.15,132.44,117.48
1319,51,Side,36.72,33.27,33.82,48.87,174.14,131.53,132.37,117.82
1319,52,Side,38.27,36.32,35.23,51.65,174.0,132.92,131.86,119.2
1319,53,Side,39.64,40.1,36.8,55.76,173.57,131.66,130.79,116.84
1319,54,Side,41.83,43.68,38.11,58.55,175.48,130.8,131.04,113.92
1319,55,Side,43.23,47.65,39.46,61.56,174.37,130.92,129.39,112.35
1319,56,Side,44.87,52.63,41.85,64.51,174.73,130.91,127.38,111.03
1319,57,Side,47.58,55.66,43.95,67.54,174.76,130.55,125.29,109.78
1319,58,Side,49.41,60.43,45.67,71.72,176.48,131.09,126.58,110.31
1319,59,Side,50.85,63.52,47.34,74.33,177.95,130.05,125.06,110.31
1319,60,Side,51.94,68.36,48.6,77.95,179.25,132.13,124.11,111.83
1319,61,Side,55.19,66.48,50.2,77.3,178.17,130.63,124.15,113.76
1319,62,Side,59.57,67.22,56.07,81.94,179.6,131.63,122.65,117.26
1319,63,Side,61.67,70.22,58.8,85.42,179.33,132.63,119.29,121.18
1319,64,Side,65.68,73.25,62.33,86.53,179.91,134.02,114.31,121.56
1319,65,Side,68.96,77.72,64.98,90.54,179.88,134.58,111.11,120.3
1319,66,Side,71.52,83.98,67.71,97.67,179.2,136.36,112.33,118.06
1319,67,Side,77.55,91.06,76.48,99.78,179.36,136.58,111.94,119.74
1319,68,Side,78.58,94.51,78.11,103.67,178.77,136.74,112.02,120.93
1319,69,Side,80.81,99.1,75.6,110.41,178.93,135.83,112.6,122.36
1319,70,Side,82.05,100.63,77.81,114.63,177.74,136.33,110.71,123.27
1319,71,Side,84.93,101.84,80.01,113.36,177.63,136.88,108.76,122.8
1319,72,Side,87.0,105.1,84.77,119.44,177.09,138.63,106.63,123.65
1319,73,Side,89.82,108.4,88.44,118.71,177.44,140.36,103.55,124.45
1319,74,Side,94.58,112.67,93.61,122.38,176.21,141.71,102.99,124.12
1319,75,Side,97.33,119.03,100.28,127.97,174.7,143.58,104.64,125.6
1319,76,Side,100.09,121.97,103.49,129.81,172.38,145.96,104.72,125.32
1319,77,Side,102.95,122.68,107.83,128.78,170.08,147.74,104.58,125.0
1319,78,Side,105.63,124.44,112.54,132.14,169.0,148.22,105.54,128.07
1319,79,Side,107.03,126.54,112.76,133.6,168.34,149.58,103.88,128.75
1319,80,Side,109.67,129.24,115.51,135.69,167.7,150.35,101.11,126.54
1319,81,Side,111.87,131.65,116.5,138.21,167.4,152.16,100.02,126.2
1319,82,Side,113.43,129.32,117.76,136.66,167.55,152.29,103.33,127.26
1319,83,Side,115.64,129.96,121.36,138.21,168.94,151.78,102.91,131.07
1319,84,Side,117.73,129.3,124.58,138.37,169.14,151.78,102.85,131.07
1319,85,Side,120.6,129.36,126.27,138.37,170.58,151.69,102.37,130.92
1319,86,Side,123.7,128.29,129.68,138.52,171.61,150.73,101.88,130.39
1319,87,Side,125.26,131.26,132.39,141.01,171.25,151.59,102.37,130.77
1319,88,Side,127.22,134.17,134.22,145.51,171.43,150.63,102.3,130.23
1319,89,Side,129.76,135.19,136.42,147.37,172.39,150.63,101.88,130.23
1319,90,Side,131.42,134.64,139.02,148.15,172.5,149.68,101.88,129.7
1319,91,Side,133.62,135.13,141.25,149.55,172.19,149.68,102.3,129.7
1320,1,Front/Back,179.97,179.97,179.97,179.97,179.98,179.98,179.98,179.98
1320,2,Front/Back,164.14,162.8,153.84,152.03,180.0,179.99,162.38,161.09
1320,3,Front/Back,157.69,153.53,147.39,143.67,180.0,177.77,161.28,159.62
1320,4,Front/Back,175.53,143.01,156.66,107.12,180.0,180.0,163.48,159.62
1320,5,Front/Back,148.92,135.67,139.68,99.55,180.0,180.0,160.27,158.24
1320,6,Front/Back,155.44,133.75,136.58,99.43,180.0,180.0,162.38,156.08
1320,7,Front/Back,152.42,129.2,133.55,92.9,180.0,180.0,161.28,156.95
1320,8,Front/Back,150.06,126.43,128.55,90.31,180.0,180.0,157.51,154.58
1320,9,Front/Back,147.53,126.71,126.03,88.86,180.0,180.0,149.08,155.74
1320,10,Front/Back,180.0,122.49,158.5,86.38,180.0,180.0,151.16,154.89
1320,11,Front/Back,143.15,120.23,124.08,82.39,177.56,180.0,173.94,156.08
1320,12,Front/Back,173.67,138.5,152.17,113.53,180.0,170.8,171.19,156.46
1320,13,Front/Back,180.0,144.63,158.5,116.28,180.0,174.65,180.0,156.88
1320,14,Front/Back,153.18,151.87,135.2,121.5,177.14,180.0,180.0,156.05
1320,15,Front/Back,180.0,153.18,163.42,133.64,180.0,180.0,180.0,151.85
1320,16,Front/Back,169.02,157.67,155.3,145.58,177.14,180.0,180.0,151.85
1320,17,Front/Back,178.21,169.7,156.14,158.92,178.21,180.0,180.0,152.22
1320,18,Front/Back,180.0,180.0,153.98,180.0,180.0,180.0,180.0,152.68
1320,19,Front/Back,180.0,180.0,151.98,180.0,180.0,180.0,180.0,153.47
1320,20,Front/Back,180.0,180.0,152.53,180.0,180.0,180.0,180.0,152.68
1320,21,Front/Back,180.0,180.0,150.63,180.0,180.0,180.0,180.0,152.68
1320,22,Front/Back,180.0,180.0,150.63,180.0,180.0,180.0,180.0,152.68
1320,23,Front/Back,180.0,180.0,150.63,180.0,180.0,180.0,180.0,150.9
1320,24,Front/Back,180.0,180.0,150.63,180.0,180.0,180.0,180.0,150.9
1320,25,Front/Back,180.0,180.0,150.63,180.0,180.0,180.0,180.0,153.76
1320,26,Front/Back,180.0,180.0,152.53,180.0,180.0,180.0,180.0,153.31
1320,27,Front/Back,180.0,180.0,162.7,180.0,180.0,180.0,180.0,153.67
1320,28,Front/Back,180.0,180.0,162.7,180.0,180.0,180.0,180.0,152.23
1320,29,Front/Back,180.0,180.0,166.06,180.0,180.0,180.0,180.0,152.65
1320,30,Front/Back,180.0,180.0,166.06,180.0,180.0,180.0,180.0,150.27
1320,31,Front/Back,180.0,180.0,170.52,180.0,180.0,180.0,180.0,150.11
1320,32,Front/Back,180.0,180.0,180.0,180.0,180.0,180.0,180.0,151.19
1320,33,Front/Back,180.0,150.96,169.14,150.96,180.0,180.0,180.0,151.7
1320,34,Front/Back,180.0,150.18,169.14,150.18,180.0,180.0,180.0,151.7
1320,35,Front/Back,173.0,136.97,169.14,136.97,173.0,180.0,154.3,150.03
1320,36,Front/Back,153.06,128.33,145.13,128.33,173.0,180.0,153.6,151.7
1320,37,Front/Back,150.62,125.96,147.79,125.96,173.35,180.0,152.11,150.03
1320,38,Front/Back,141.38,115.38,144.39,122.84,173.35,172.54,150.7,153.47
1320,39,Front/Back,139.79,107.36,132.5,93.88,173.35,172.54,148.05,153.47
1320,40,Front/Back,145.58,108.74,131.64,95.26,180.0,172.54,149.35,155.37
1320,41,Front/Back,146.07,126.03,136.58,116.37,180.0,168.12,155.82,156.07
1320,42,Front/Back,148.25,118.4,137.39,96.86,180.0,180.0,156.68,156.67
1320,43,Front/Back,149.2,122.25,133.4,100.71,180.0,180.0,155.82,156.67
1320,44,Front/Back,157.27,126.71,145.26,102.53,180.0,163.21,150.64,146.16
1320,45,Front/Back,162.95,132.49,149.96,107.84,180.0,161.11,149.31,143.12
1320,46,Front/Back,164.14,135.54,150.3,110.88,180.0,163.21,147.41,148.08
1320,47,Front/Back,156.44,142.23,145.26,115.21,180.0,180.0,149.35,159.54
1321,1,Front/Back,179.98,179.99,179.98,179.98,179.99,179.99,179.99,179.99
1321,2,Front/Back,166.09,171.81,166.08,162.94,179.99,179.99,179.99,179.99
1321,3,Front/Back,158.0,146.51,157.97,152.22,172.6,174.29,179.99,179.99
1321,4,Front/Back,161.59,155.2,157.97,145.98,172.6,179.99,179.99,179.99
1321,5,Front/Back,159.81,156.44,158.36,144.83,169.65,179.99,179.99,179.99
1321,6,Front/Back,156.28,154.88,154.93,147.87,169.54,179.99,179.99,179.99
1321,7,Front/Back,161.83,152.86,158.63,144.79,169.54,179.99,179.99,179.99
1321,8,Front/Back,163.79,152.29,156.34,143.42,169.65,179.99,179.99,179.99
1321,9,Front/Back,160.06,152.1,152.52,142.17,169.65,179.99,179.99,179.99
1321,10,Front/Back,166.58,153.78,155.83,153.78,169.65,179.99,179.99,179.99
1321,11,Front/Back,169.66,143.31,159.0,166.45,169.65,156.85,179.99,179.99
1321,12,Front/Back,163.66,145.94,159.14,155.71,163.67,170.23,179.99,179.99
1321,13,Front/Back,142.73,140.75,142.21,152.76,156.86,167.99,179.99,179.99
1321,14,Front/Back,145.83,136.9,147.71,152.59,154.65,164.31,179.99,179.99
1321,15,Front/Back,140.4,137.07,143.34,142.34,153.58,164.31,179.99,179.99
1321,16,Front/Back,129.21,132.61,133.72,140.85,151.6,161.34,179.99,179.99
1321,17,Front/Back,125.67,127.43,132.04,134.46,149.74,157.55,179.99,179.99
1321,18,Front/Back,127.66,122.35,134.1,127.86,149.76,155.39,179.99,179.99
1321,19,Front/Back,116.25,118.58,130.73,123.8,141.71,152.55,179.99,179.99
1321,20,Front/Back,112.92,116.39,127.34,123.63,141.77,150.62,179.99,179.99
1321,21,Front/Back,111.19,112.84,126.26,118.82,141.13,149.11,179.99,179.99
1321,22,Front/Back,109.07,112.53,124.79,118.66,140.47,149.11,179.99,179.99
1321,23,Front/Back,109.68,113.0,128.92,119.29,139.76,148.95,179.99,179.99
1321,24,Front/Back,108.47,112.8,127.64,119.96,139.82,148.07,179.99,179.99
1321,25,Front/Back,107.39,114.11,123.69,121.42,139.89,147.93,179.99,179.99
1321,26,Front/Back,106.42,111.67,122.65,120.67,139.97,146.24,179.99,179.99
1321,27,Front/Back,107.26,115.74,123.48,123.05,139.97,147.93,179.99,179.99
1321,28,Front/Back,109.9,117.77,125.33,123.5,140.76,149.7,179.99,179.99
1321,29,Front/Back,111.95,119.65,132.58,124.46,141.48,150.62,179.99,179.99
1321,30,Front/Back,113.33,121.61,133.14,125.47,142.3,151.57,179.99,179.99
1321,31,Front/Back,114.74,123.5,134.45,126.54,142.4,152.4,179.99,179.99
1321,32,Front/Back,111.79,124.51,124.76,126.54,143.15,153.41,179.99,179.99
1321,33,Front/Back,109.69,123.45,122.66,128.27,143.15,153.41,179.99,179.99
1321,34,Front/Back,109.48,122.44,121.7,127.26,143.9,153.41,179.99,179.99
1321,35,Front/Back,107.73,123.48,119.94,130.45,143.9,154.46,179.99,179.99
1321,36,Front/Back,106.18,114.02,118.39,126.15,143.9,149.3,179.99,179.99
1321,37,Front/Back,109.48,115.55,119.42,124.84,146.26,152.12,179.99,179.99
1321,38,Front/Back,109.85,114.86,118.13,123.16,147.92,153.13,179.99,179.99
1321,39,Front/Back,110.49,117.34,117.03,127.2,149.65,143.83,179.99,168.71
1321,40,Front/Back,112.79,118.81,116.54,126.37,152.44,139.4,179.99,161.98
1321,41,Front/Back,131.78,116.12,132.12,122.29,149.63,135.92,173.77,157.12
1321,42,Front/Back,130.76,124.72,128.71,130.47,148.07,140.02,169.81,155.7
1321,43,Front/Back,117.18,127.11,114.35,131.06,148.58,140.43,169.54,154.3
1321,44,Front/Back,119.66,131.48,115.68,130.81,146.97,143.77,166.79,153.03
1321,45,Front/Back,121.1,143.68,115.75,143.68,146.06,150.62,164.51,150.62
1321,46,Front/Back,123.2,143.73,116.19,143.73,147.72,149.5,164.51,149.49
1321,47,Front/Back,125.34,144.07,116.69,144.07,149.55,150.62,164.69,150.62
1321,48,Front/Back,128.26,143.13,117.77,143.13,147.57,149.49,160.88,149.48
1321,49,Front/Back,132.82,144.05,120.46,144.05,151.24,150.63,162.68,150.62
1321,50,Front/Back,146.05,143.73,122.24,143.73,159.09,158.69,159.08,158.68
1321,51,Front/Back,148.3,146.84,124.49,146.84,159.09,158.69,159.08,158.68
1321,52,Front/Back,150.08,147.11,126.28,147.11,162.69,158.76,162.68,158.75
1321,53,Front/Back,152.14,138.85,128.33,144.05,154.56,145.44,154.55,150.64
1321,54,Front/Back,147.23,139.73,129.86,145.43,167.34,154.77,173.77,160.47
1321,55,Front/Back,146.82,137.04,132.68,146.3,150.81,142.6,160.47,151.85
1321,56,Front/Back,152.14,138.56,138.0,147.52,150.81,142.9,160.47,151.85
1321,57,Front/Back,161.81,149.03,138.0,149.03,160.48,151.86,160.47,151.85
1321,58,Front/Back,164.06,148.5,140.25,148.5,160.48,151.86,160.47,151.85
1321,59,Front/Back,166.73,149.54,142.92,149.54,160.48,151.86,160.47,151.85
1321,60,Front/Back,166.73,150.63,142.92,150.63,160.48,151.86,160.47,151.85
1321,61,Front/Back,170.15,168.66,146.35,168.66,160.48,151.86,160.47,151.85
1322,1,Front/Back,138.61,135.91,165.41,159.68,153.2,156.23,180.0,147.51
1322,2,Front/Back,138.41,154.8,166.49,163.14,151.92,154.8,180.0,180.0
1322,3,Front/Back,135.37,152.13,150.95,158.24,152.12,152.13,180.0,180.0
1322,4,Front/Back,145.58,150.88,168.01,154.3,143.5,150.88,165.93,180.0
1322,5,Front/Back,145.95,134.1,147.71,151.64,132.39,149.68,156.6,180.0
1322,6,Front/Back,136.97,134.62,161.18,152.76,132.39,148.52,156.6,180.0
1322,7,Front/Back,129.43,115.67,157.85,136.49,128.33,145.84,156.76,180.0
1322,8,Front/Back,127.92,108.71,157.53,131.61,127.33,143.76,156.95,180.0
1322,9,Front/Back,135.48,100.74,145.85,132.9,126.8,142.9,159.79,180.0
1322,10,Front/Back,129.83,94.71,142.28,123.51,125.04,140.18,160.11,180.0
1322,11,Front/Back,122.19,85.65,144.28,125.87,135.45,128.95,180.0,169.17
1322,12,Front/Back,116.72,94.26,142.12,115.96,117.05,128.43,155.45,169.17
1322,13,Front/Back,115.94,91.15,142.26,106.21,111.91,123.62,151.24,165.1
1322,14,Front/Back,112.53,90.64,134.52,107.45,106.85,118.67,147.27,161.91
1322,15,Front/Back,113.26,90.66,154.74,111.75,100.87,115.24,142.35,159.34
1322,16,Front/Back,100.76,94.77,144.39,115.48,95.51,115.36,139.15,159.08
1322,17,Front/Back,99.88,100.85,144.46,122.94,96.02,109.61,140.62,154.71
1322,18,Front/Back,103.9,107.53,147.64,129.62,95.39,107.57,139.15,152.67
1322,19,Front/Back,140.02,118.21,167.71,139.46,109.36,104.7,149.33,148.96
1322,20,Front/Back,139.89,135.74,167.71,156.99,107.42,101.36,147.53,145.61
1322,21,Front/Back,135.52,136.45,167.71,161.19,113.34,103.84,157.83,147.39
1322,22,Front/Back,135.4,138.36,167.71,161.19,113.62,105.6,158.22,147.25
1322,23,Front/Back,140.7,139.26,167.71,161.19,108.23,106.4,147.53,147.14
1322,24,Front/Back,132.48,140.18,158.66,161.19,107.35,107.32,145.82,147.14
1322,25,Front/Back,125.86,141.12,154.2,157.18,112.63,108.25,153.26,147.14
1322,26,Front/Back,122.46,143.5,162.22,157.43,114.23,112.35,153.98,148.85
1322,27,Front/Back,108.66,131.16,149.29,145.32,116.54,113.67,157.18,150.64
1322,28,Front/Back,104.96,120.87,142.24,135.02,110.25,119.8,147.53,156.78
1322,29,Front/Back,99.78,115.23,137.18,132.4,118.4,123.1,155.81,159.08
1322,30,Front/Back,106.77,109.4,138.72,126.4,123.86,128.97,155.81,164.96
1322,31,Front/Back,108.6,109.75,139.42,125.96,130.59,140.36,161.41,175.55
1322,32,Front/Back,104.92,108.48,134.85,124.64,131.48,140.87,161.41,175.84
1322,33,Front/Back,99.28,110.78,132.71,124.65,128.54,143.51,161.97,176.37
1322,34,Front/Back,110.29,112.78,138.72,126.66,137.63,147.14,166.06,165.64
1322,35,Front/Back,113.43,121.68,140.6,134.45,143.54,148.24,170.7,146.55
1322,36,Front/Back,118.55,128.34,143.18,145.01,155.37,149.38,180.0,151.29
1322,37,Front/Back,124.87,128.79,147.66,145.38,157.21,149.38,180.0,138.31
1322,38,Front/Back,133.67,131.35,152.95,146.84,151.42,150.56,170.7,147.51
1322,39,Front/Back,136.89,134.84,161.91,149.58,154.98,151.53,180.0,153.43
1322,40,Front/Back,148.29,140.36,173.06,154.22,155.23,152.8,180.0,156.3
1322,41,Front/Back,156.09,141.69,180.0,163.79,156.09,154.13,180.0,180.0
1322,42,Front/Back,172.55,144.28,180.0,167.55,172.55,156.72,180.0,152.62
1322,43,Front/Back,179.97,179.97,179.97,179.97,179.98,179.98,179.96,179.96
1323,1,Front/Back,179.97,179.97,179.96,179.96,179.97,179.97,179.97,179.97
1323,2,Front/Back,169.17,180.0,169.15,142.54,180.0,180.0,151.74,172.96
1323,3,Front/Back,165.54,180.0,165.52,141.92,180.0,180.0,145.43,172.96
1323,4,Front/Back,161.07,180.0,152.7,138.7,180.0,172.67,145.04,155.32
1323,5,Front/Back,162.02,180.0,153.65,135.74,170.05,169.55,127.61,156.97
1323,6,Front/Back,160.63,180.0,160.63,135.46,170.87,174.31,123.54,154.84
1323,7,Front/Back,151.54,169.4,151.54,124.87,170.05,160.49,122.82,147.82
1323,8,Front/Back,149.46,151.18,149.46,106.48,155.61,159.18,110.43,139.76
1323,9,Front/Back,147.64,142.15,147.64,97.45,158.49,158.97,106.07,139.55
1323,10,Front/Back,147.19,153.54,147.19,108.79,153.69,158.32,100.95,126.15
1323,11,Front/Back,155.2,154.83,155.2,112.65,157.91,145.06,100.75,115.55
1323,12,Front/Back,143.2,156.17,143.2,111.42,152.64,146.4,100.04,116.1
1323,13,Front/Back,148.05,131.28,148.05,86.58,150.34,146.4,97.03,117.17
1323,14,Front/Back,156.68,120.02,138.92,87.59,139.96,136.78,87.97,122.03
1323,15,Front/Back,166.08,115.44,136.36,91.56,137.3,125.75,86.8,116.53
1323,16,Front/Back,171.93,110.28,133.65,95.0,132.83,122.65,76.02,128.52
1323,17,Front/Back,164.6,102.6,119.17,85.97,136.37,117.32,83.1,122.38
1323,18,Front/Back,157.56,102.43,105.81,86.45,140.78,114.36,90.28,128.64
1323,19,Front/Back,147.57,108.44,101.48,108.56,132.11,111.52,100.72,138.08
1323,20,Front/Back,155.94,113.03,93.1,115.52,151.68,108.84,111.43,137.71
1323,21,Front/Back,152.77,122.42,84.98,126.17,155.06,107.95,117.24,137.51
1323,22,Front/Back,169.64,116.22,107.63,118.46,150.02,107.44,125.28,138.84
1323,23,Front/Back,180.0,117.9,103.58,119.05,155.06,119.87,122.87,149.6
1323,24,Front/Back,166.51,107.38,86.98,99.03,158.98,119.01,129.97,148.74
1323,25,Front/Back,163.39,103.44,82.56,96.92,162.06,120.89,136.56,152.45
1323,26,Front/Back,139.93,103.95,79.03,97.43,161.26,122.94,163.54,143.19
1323,27,Front/Back,156.88,119.89,88.86,114.75,159.85,126.91,152.64,136.94
1323,28,Front/Back,165.88,110.15,93.3,91.47,153.11,133.59,153.11,132.47
1323,29,Front/Back,173.52,119.47,105.5,112.63,149.24,136.2,149.24,136.27
1323,30,Front/Back,175.15,121.23,112.08,115.48,144.74,133.86,144.74,144.21
1323,31,Front/Back,180.0,131.06,122.24,119.02,144.74,140.16,144.74,144.71
1323,32,Front/Back,180.0,118.25,112.16,108.52,144.25,139.09,144.25,137.65
1323,33,Front/Back,180.0,118.07,107.94,103.77,141.98,136.0,141.98,134.15
1323,34,Front/Back,166.96,110.06,93.53,96.07,143.06,141.07,143.06,141.06
1323,35,Front/Back,140.62,116.1,100.2,103.98,137.3,135.92,137.3,158.97
1323,36,Front/Back,138.88,154.94,127.36,140.52,136.94,130.4,136.94,155.46
1323,37,Front/Back,139.92,134.17,120.01,121.53,148.04,134.74,148.04,152.16
1323,38,Front/Back,157.03,146.13,111.22,127.79,147.92,138.4,147.92,155.74
1323,39,Front/Back,161.73,159.04,121.86,127.02,150.11,157.14,137.93,157.14
1323,40,Front/Back,157.16,163.48,129.76,131.45,140.9,160.49,145.98,160.49
1323,41,Front/Back,152.23,170.38,152.23,141.8,150.03,161.6,131.36,161.6
1323,42,Front/Back,135.48,170.38,150.4,141.8,165.08,180.0,180.0,180.0
1323,43,Front/Back,135.26,170.38,154.16,141.8,161.11,180.0,149.04,180.0
1324,1,Front/Back,179.97,179.97,179.97,179.97,179.98,179.98,179.98,179.98
1324,2,Front/Back,163.84,149.94,161.32,159.1,158.41,170.83,155.33,154.18
1324,3,Front/Back,159.89,143.46,161.32,152.84,147.77,167.26,143.75,149.73
1324,4,Front/Back,159.55,135.84,157.19,147.95,146.34,164.52,142.65,146.76
1324,5,Front/Back,146.52,121.45,143.82,134.86,144.84,152.27,135.24,146.84
1324,6,Front/Back,155.04,126.98,130.25,125.78,158.27,161.18,125.16,144.85
1324,7,Front/Back,129.96,117.66,112.36,123.18,166.18,150.08,134.3,148.76
1324,8,Front/Back,117.67,113.15,111.4,124.21,150.47,148.92,133.85,151.95
1324,9,Front/Back,112.14,107.73,107.78,118.87,154.45,144.46,141.13,161.06
1324,10,Front/Back,102.79,102.75,105.07,125.27,143.9,137.77,144.02,166.76
1324,11,Front/Back,96.94,89.75,99.36,131.63,151.07,134.75,144.13,166.6
1324,12,Front/Back,91.64,86.36,91.08,130.15,154.04,132.84,143.17,167.92
1324,13,Front/Back,73.94,90.86,88.17,121.54,146.9,115.08,146.07,159.99
1324,14,Front/Back,78.92,91.83,77.29,124.77,126.3,109.83,130.06,156.68
1324,15,Front/Back,69.73,92.29,77.35,123.72,117.46,128.86,144.01,180.0
1324,16,Front/Back,64.75,87.89,65.68,123.54,115.41,123.51,142.82,173.07
1324,17,Front/Back,65.79,100.6,74.4,143.7,114.85,107.98,144.55,151.08
1324,18,Front/Back,75.23,100.96,83.41,143.38,128.92,110.98,137.99,153.4
1324,19,Front/Back,73.78,110.11,84.68,121.64,136.3,116.07,150.19,155.31
1324,20,Front/Back,85.13,141.65,94.67,155.6,144.13,124.72,159.81,163.07
1324,21,Front/Back,103.37,140.49,110.62,155.79,134.75,135.33,149.95,174.84
1324,22,Front/Back,89.75,143.11,100.6,160.05,145.78,127.39,160.76,164.27
1324,23,Front/Back,84.49,139.34,85.52,153.65,134.19,121.57,140.22,155.59
1324,24,Front/Back,79.12,113.28,75.56,136.61,134.81,137.35,141.75,180.0
1324,25,Front/Back,83.19,110.13,73.58,155.32,138.25,134.81,160.45,180.0
1324,26,Front/Back,86.64,101.81,78.72,148.66,129.9,133.15,150.51,180.0
1324,27,Front/Back,86.21,100.8,92.94,146.67,152.98,134.11,180.0,180.0
1324,28,Front/Back,109.93,106.54,91.11,130.65,148.87,137.13,158.97,180.0
1324,29,Front/Back,121.3,110.29,99.05,128.04,156.48,142.93,163.81,180.0
1324,30,Front/Back,130.61,126.42,112.15,137.23,149.96,139.7,161.13,163.87
1324,31,Front/Back,156.18,161.18,132.62,151.98,166.58,139.49,172.66,158.31
1324,32,Front/Back,172.13,147.9,153.53,134.32,168.69,156.04,176.57,173.59
1324,33,Front/Back,179.98,148.05,157.17,138.85,168.54,161.18,168.54,163.12
1324,34,Front/Back,180.0,147.03,153.53,136.33,180.0,162.51,162.23,156.82
1324,35,Front/Back,180.0,166.19,154.67,134.62,158.23,180.0,158.23,159.57
1325,1,Side,175.6,150.71,158.02,179.56,175.01,172.17,140.7,130.26
1325,2,Side,168.21,169.66,163.24,165.58,177.03,175.91,180.0,175.82
1325,3,Side,170.82,166.68,167.0,162.55,179.83,173.39,177.26,168.98
1325,4,Side,171.28,164.68,170.27,161.62,178.34,170.91,177.34,165.68
1325,5,Side,160.28,162.91,151.3,159.54,176.51,174.15,176.01,166.78
1325,6,Side,168.43,168.4,162.68,165.82,177.9,173.79,179.38,167.2
1325,7,Side,165.05,167.1,158.47,165.07,178.39,175.59,179.37,168.13
1325,8,Side,162.61,166.68,156.06,164.72,178.42,175.64,179.36,167.82
1325,9,Side,165.3,165.82,157.57,163.83,176.33,175.65,178.33,167.61
1325,10,Side,160.19,163.29,152.59,160.56,177.92,177.27,178.36,167.62
1325,11,Side,157.13,159.24,151.71,157.01,178.48,176.77,178.35,166.85
1325,12,Side,151.57,160.06,147.94,158.61,176.99,177.19,178.84,168.55
1325,13,Side,153.27,151.68,146.5,152.51,176.94,174.86,175.16,178.17
1325,14,Side,155.93,148.56,147.7,146.31,174.98,179.72,174.41,175.2
1325,15,Side,156.85,145.33,148.14,143.13,175.07,179.64,174.43,176.04
1325,16,Side,157.56,142.13,149.78,139.4,173.74,178.96,173.7,174.36
1325,17,Side,154.32,137.2,145.57,133.53,175.16,179.48,174.53,174.46
1325,18,Side,154.66,131.41,142.66,125.8,173.48,178.93,173.77,176.05
1325,19,Side,147.53,129.12,134.03,124.01,177.42,179.76,176.06,176.86
1325,20,Side,143.88,127.78,131.0,120.09,179.39,177.43,177.49,174.58
1325,21,Side,141.57,123.32,131.44,117.14,178.67,178.27,179.64,177.37
1325,22,Side,136.97,117.92,127.29,108.22,177.27,179.64,179.5,176.18
1325,23,Side,131.29,111.29,120.91,102.17,178.57,179.02,179.29,176.31
1325,24,Side,121.66,104.18,111.27,95.68,179.21,179.85,178.12,174.4
1325,25,Side,109.87,98.14,98.97,92.46,179.9,179.92,178.95,173.14
1325,26,Side,102.78,91.45,91.85,85.03,179.12,179.33,179.81,173.83
1325,27,Side,99.12,83.69,87.91,77.27,179.21,179.86,179.11,176.71
1325,28,Side,71.32,77.59,62.62,69.08,179.91,176.47,179.63,176.51
1325,29,Side,62.71,69.35,52.82,60.8,179.78,176.42,178.9,180.0
1325,30,Side,51.89,62.07,42.12,52.86,179.55,175.66,179.53,177.9
1325,31,Side,65.96,56.05,50.04,45.64,178.86,175.66,177.83,177.9
1325,32,Side,56.24,51.23,44.28,42.11,178.03,176.95,179.2,177.88
1325,33,Side,51.54,48.9,39.62,40.48,176.93,178.5,179.56,179.4
1325,34,Side,47.42,45.92,35.54,37.46,176.98,177.61,179.24,179.25
1325,35,Side,46.69,49.27,29.83,38.93,176.68,174.9,174.35,179.17
1325,36,Side,44.63,47.72,26.28,36.18,175.19,174.07,174.9,179.11
1325,37,Side,42.39,44.57,24.21,34.16,174.54,174.11,174.82,178.32
1325,38,Side,38.39,38.51,22.91,29.95,179.26,175.96,178.32,178.32
1325,39,Side,38.99,35.52,22.19,27.03,178.46,176.05,178.95,178.34
1325,40,Side,37.81,33.64,21.02,24.5,178.55,173.75,177.35,176.68
1325,41,Side,36.7,30.7,19.91,22.99,177.05,176.92,179.22,179.17
1325,42,Side,35.6,29.96,18.87,22.29,177.72,176.94,177.79,179.16
1325,43,Side,34.5,30.49,17.89,21.62,179.39,176.95,174.31,179.15
1325,44,Side,32.6,32.4,15.31,22.15,180.0,173.14,174.52,176.75
1325,45,Side,33.31,32.45,15.09,18.43,178.96,169.39,176.58,176.77
1325,46,Side,34.93,31.62,18.17,17.77,176.64,169.5,178.34,175.91
1325,47,Side,34.89,32.21,18.17,19.13,177.37,171.04,176.92,176.68
1325,48,Side,31.44,32.9,13.47,19.82,178.63,171.04,177.68,176.68
1325,49,Side,30.58,34.32,12.73,20.55,178.51,169.45,177.8,175.05
1325,50,Side,38.48,34.41,18.52,21.87,176.35,167.85,175.42,172.86
1325,51,Side,31.49,35.15,11.64,22.68,176.13,167.83,175.48,172.78
1325,52,Side,33.8,36.84,13.42,25.06,179.27,171.83,177.53,177.4
1325,53,Side,31.8,35.78,14.5,23.3,179.86,172.72,177.61,179.11
1325,54,Side,34.41,38.8,15.27,26.39,175.21,172.81,175.38,179.15
1325,55,Side,38.76,40.63,16.57,29.68,175.12,174.35,175.36,179.23
1325,56,Side,40.91,42.04,20.2,31.97,175.73,176.8,175.34,178.41
1325,57,Side,44.19,48.68,26.19,38.5,175.55,174.69,174.49,179.2
1325,58,Side,54.85,58.43,37.39,47.73,175.35,173.35,174.52,176.01
1325,59,Side,75.82,72.93,61.67,61.51,176.38,174.24,179.49,177.53
1325,60,Side,92.69,72.81,77.2,62.13,179.38,178.78,179.55,179.35
1325,61,Side,109.77,91.89,96.87,81.14,177.97,178.02,179.61,178.76
1325,62,Side,113.63,126.1,100.82,117.39,178.89,179.01,178.27,179.45
1325,63,Side,126.42,128.71,113.66,120.45,178.82,179.98,178.24,179.79
1325,64,Side,141.38,144.46,129.89,136.65,178.73,178.5,178.31,179.25
1325,65,Side,151.46,158.8,139.44,151.38,179.15,177.0,179.25,177.39
1325,66,Side,159.77,165.66,148.48,157.69,179.46,177.21,177.38,177.97
1325,67,Side,162.23,165.96,151.52,161.14,179.96,178.14,176.52,178.89
1325,68,Side,165.9,167.28,155.21,164.28,179.05,179.8,178.33,179.29
1325,69,Side,168.85,169.72,158.16,167.93,176.89,179.82,178.37,179.06
1325,70,Side,171.0,171.01,160.34,170.36,175.81,179.42,176.55,179.19
1325,71,Side,171.05,165.24,161.15,166.26,174.18,179.42,175.47,176.58
1325,72,Side,172.62,172.03,162.73,174.05,172.92,178.29,174.22,176.58
1325,73,Side,173.8,166.54,164.09,171.88,173.33,179.41,175.55,177.58
1325,74,Side,175.57,167.57,165.34,174.01,173.85,179.37,175.55,177.65
1325,75,Side,177.16,168.1,166.6,175.97,174.23,177.9,175.46,179.42
1325,76,Side,177.42,171.11,167.02,178.18,174.25,178.53,175.61,179.42
1325,77,Side,177.38,169.93,167.02,177.12,174.21,178.35,175.61,179.66
1325,78,Side,177.26,171.72,167.11,178.41,174.04,178.79,175.48,179.6
1325,79,Side,177.15,171.16,167.19,178.41,174.14,177.2,175.72,178.62
1326,1,Side,172.64,158.28,175.6,170.28,179.92,171.72,164.22,144.75
1326,2,Side,173.05,155.98,174.27,168.69,179.35,171.72,166.02,144.48
1326,3,Side,170.89,155.53,172.69,168.24,179.93,171.72,166.67,145.07
1326,4,Side,170.67,153.16,172.47,164.7,179.42,172.41,167.8,141.18
1326,5,Side,168.38,152.61,170.78,164.15,178.82,172.41,168.11,141.82
1326,6,Side,166.92,150.61,168.11,160.96,178.16,173.08,170.47,140.42
1326,7,Side,164.17,148.68,165.96,159.65,177.57,172.48,170.71,140.31
1326,8,Side,156.48,147.91,159.01,158.94,176.23,172.43,170.31,140.29
1326,9,Side,155.96,145.04,158.53,156.69,175.56,171.79,172.5,141.51
1326,10,Side,155.57,143.36,157.5,155.02,176.82,172.46,172.06,140.15
1326,11,Side,155.75,153.73,156.1,162.07,176.17,174.59,174.13,140.72
1326,12,Side,153.22,152.62,152.88,160.06,175.44,174.38,171.77,140.82
1326,13,Side,152.0,151.16,151.75,156.77,175.36,175.6,171.76,140.19
1326,14,Side,149.84,150.37,148.87,156.1,174.48,176.09,172.06,138.3
1326,15,Side,148.5,148.06,147.58,152.7,174.42,175.97,172.65,141.67
1326,16,Side,146.24,146.43,146.01,150.04,172.96,175.17,173.41,143.47
1326,17,Side,143.1,144.33,143.18,146.7,173.44,175.03,171.96,143.13
1326,18,Side,137.49,141.8,138.81,144.17,172.62,176.24,171.01,141.59
1326,19,Side,133.51,141.63,133.65,143.18,172.44,177.64,171.0,141.94
1326,20,Side,130.06,134.93,131.07,135.98,172.81,176.81,166.09,140.94
1326,21,Side,126.98,128.63,128.37,127.33,173.21,176.85,164.73,141.41
1326,22,Side,122.93,125.02,123.86,122.95,172.2,178.22,164.24,140.3
1326,23,Side,116.84,125.82,114.99,122.66,172.11,179.05,164.88,141.46
1326,24,Side,114.68,117.86,114.6,113.56,171.71,179.11,165.08,141.89
1326,25,Side,109.73,114.87,107.57,109.79,170.48,179.95,169.51,143.9
1326,26,Side,102.34,104.17,101.46,98.9,168.76,178.52,170.51,149.35
1326,27,Side,98.96,101.89,96.8,98.28,169.78,179.42,167.64,150.3
1326,28,Side,95.43,96.02,94.55,88.21,169.21,179.45,166.68,150.61
1326,29,Side,89.81,90.87,85.93,79.22,171.48,177.64,163.67,151.3
1326,30,Side,83.08,80.55,78.82,68.65,171.44,179.14,163.7,154.72
1326,31,Side,78.5,80.73,74.25,71.04,173.2,172.35,161.27,164.08
1326,32,Side,72.11,75.27,67.67,64.32,173.09,173.22,160.72,164.82
1326,33,Side,66.62,69.86,61.63,57.53,173.95,173.25,161.97,164.82
1326,34,Side,59.45,65.38,53.36,54.07,174.78,173.27,160.44,164.57
1326,35,Side,55.27,60.84,47.59,49.53,176.69,172.44,160.43,165.41
1326,36,Side,47.55,51.89,35.64,43.6,174.65,172.49,157.52,165.15
1326,37,Side,43.22,49.73,29.9,38.66,174.26,171.58,156.26,166.51
1326,38,Side,46.21,47.04,35.24,35.97,178.7,171.48,159.89,166.36
1326,39,Side,37.73,39.66,22.91,24.12,174.97,173.62,157.52,163.58
1326,40,Side,35.18,39.45,19.0,30.06,175.43,175.19,158.98,155.06
1326,41,Side,39.44,32.17,26.88,20.52,179.41,177.44,160.44,155.06
1326,42,Side,32.3,30.67,16.77,19.02,177.45,177.44,161.8,157.85
1326,43,Side,31.58,29.29,15.3,17.65,176.9,176.71,161.9,159.38
1326,44,Side,30.42,31.52,15.34,16.03,178.61,176.55,163.34,160.24
1326,45,Side,29.38,34.01,15.58,20.74,179.59,175.21,164.02,158.6
1326,46,Side,30.29,32.87,16.56,21.76,179.8,173.6,164.68,159.4
1326,47,Side,30.36,32.89,16.56,21.76,179.74,171.74,163.92,163.4
1326,48,Side,33.03,33.69,22.71,22.54,178.45,171.56,164.47,163.92
1326,49,Side,33.92,32.58,23.53,23.57,178.59,169.83,164.41,165.2
1326,50,Side,31.82,28.14,23.78,19.22,174.37,167.41,167.28,166.16
1326,51,Side,30.92,28.82,24.01,19.59,173.52,168.37,168.15,164.16
1326,52,Side,31.82,28.85,24.84,18.8,173.59,168.92,167.86,161.79
1326,53,Side,29.57,33.76,21.05,25.21,175.14,170.26,167.39,157.39
1326,54,Side,31.45,30.54,22.31,21.86,175.74,171.93,167.64,153.6
1326,55,Side,36.11,31.94,29.25,22.91,174.47,173.64,167.3,155.64
1326,56,Side,38.82,38.43,30.13,29.45,177.3,175.51,165.58,150.28
1326,57,Side,38.3,36.98,31.47,27.03,177.63,176.77,162.82,151.04
1326,58,Side,40.91,48.86,34.22,40.17,178.68,175.55,160.79,150.2
1326,59,Side,54.36,53.14,48.64,45.76,177.11,175.61,154.33,152.33
1326,60,Side,64.89,66.29,59.23,58.95,177.7,176.43,150.61,150.7
1326,61,Side,77.41,79.52,71.33,72.22,178.27,176.43,145.12,150.65
1326,62,Side,90.07,96.36,83.37,89.07,177.6,177.83,142.77,143.7
1326,63,Side,100.25,100.05,93.43,93.34,178.37,177.91,139.16,142.46
1326,64,Side,111.63,120.84,103.47,115.79,178.39,179.9,137.06,141.8
1326,65,Side,111.91,133.57,103.76,128.21,179.48,178.71,139.0,140.04
1326,66,Side,122.7,138.29,115.74,132.36,179.84,176.61,135.63,136.11
1326,67,Side,125.58,146.31,119.04,142.32,178.38,175.24,136.98,136.72
1326,68,Side,144.78,148.74,137.3,146.07,179.28,175.24,132.89,134.23
1326,69,Side,147.83,144.17,142.1,142.82,179.52,175.66,133.64,133.34
1326,70,Side,147.42,152.08,142.46,152.7,178.94,175.8,133.7,133.39
1326,71,Side,151.33,155.7,148.91,157.0,178.95,175.24,133.73,133.45
1326,72,Side,152.12,156.41,149.62,159.61,179.5,175.84,124.23,132.78
1326,73,Side,154.92,159.02,153.63,163.61,179.68,175.95,134.47,132.23
1326,74,Side,154.95,160.04,154.21,164.63,178.31,175.89,122.56,130.94
1326,75,Side,157.48,161.88,157.91,167.79,178.38,176.0,120.56,129.74
1326,76,Side,159.01,164.03,160.62,171.26,177.86,176.7,118.2,129.03
1326,77,Side,157.95,162.71,157.03,168.5,179.21,176.65,106.73,124.21
1326,78,Side,159.81,162.0,157.98,164.49,179.28,176.13,102.84,133.2
1327,1,Side,145.8,134.15,162.78,148.12,171.51,180.0,178.49,174.96
1327,2,Side,143.96,134.43,160.94,148.33,173.02,179.93,177.14,171.94
1327,3,Side,141.84,133.56,158.96,146.17,171.47,178.64,178.32,172.42
1327,4,Side,139.59,131.96,156.84,142.62,171.55,178.58,178.26,171.88
1327,5,Side,139.72,129.83,156.84,140.58,171.47,178.74,178.32,172.42
1327,6,Side,137.9,127.68,151.74,138.43,171.55,178.74,178.26,172.42
1327,7,Side,137.9,124.09,151.74,136.17,171.55,178.67,178.26,178.28
1327,8,Side,135.8,120.42,149.65,129.65,171.55,178.67,178.26,178.28
1327,9,Side,135.94,120.56,149.65,128.45,169.69,180.0,174.04,178.55
1327,10,Side,133.58,117.95,147.43,125.85,169.71,179.02,173.93,175.03
1327,11,Side,132.06,118.05,142.57,125.85,169.69,179.22,173.93,175.14
1327,12,Side,129.75,115.34,139.29,123.14,169.69,178.58,174.04,177.47
1327,13,Side,129.89,112.43,139.29,120.32,169.55,178.74,174.04,177.53
1327,14,Side,129.89,105.88,140.26,110.42,171.51,177.41,178.49,173.97
1327,15,Side,132.81,102.96,141.86,107.1,170.23,177.41,178.53,173.97
1327,16,Side,116.38,99.49,125.84,106.26,173.69,179.97,178.26,174.27
1327,17,Side,123.69,100.42,130.6,106.66,169.41,177.71,174.15,172.87
1327,18,Side,121.09,103.17,128.0,109.76,171.09,177.61,178.21,175.03
1327,19,Side,115.42,100.92,122.47,110.42,171.23,177.61,178.21,175.03
1327,20,Side,112.51,97.88,119.56,103.97,171.23,177.56,178.21,175.03
1327,21,Side,112.65,101.86,119.56,107.1,171.14,174.58,178.26,173.12
1327,22,Side,106.44,99.17,113.5,109.48,171.23,172.9,175.72,168.87
1327,23,Side,103.32,96.46,110.38,106.76,171.28,174.58,175.77,173.12
1327,24,Side,99.97,93.73,107.22,104.04,173.21,174.53,177.61,173.29
1327,25,Side,98.13,93.73,104.04,107.53,171.87,174.53,177.61,173.29
1327,26,Side,97.13,90.87,103.35,104.66,175.6,174.53,177.71,173.29
1327,27,Side,94.29,85.2,101.31,98.99,175.71,174.58,177.8,175.83
1327,28,Side,91.99,80.16,94.97,96.22,171.67,177.28,177.61,173.33
1327,29,Side,84.06,81.76,89.42,97.65,174.05,179.09,177.51,175.87
1327,30,Side,81.2,80.42,86.57,95.04,174.05,176.19,174.81,177.61
1327,31,Side,78.3,77.79,83.78,92.49,174.17,172.8,177.51,171.77
1327,32,Side,72.88,74.47,78.48,82.71,174.29,172.88,175.03,174.15
1327,33,Side,70.26,75.22,75.78,90.0,175.52,174.61,175.24,178.26
1327,34,Side,67.83,72.72,73.44,87.58,175.6,174.63,175.03,178.21
1327,35,Side,69.95,72.72,78.37,88.59,177.8,174.69,175.03,178.26
1327,36,Side,62.92,72.72,68.34,88.59,174.81,174.63,175.03,178.21
1327,37,Side,58.35,67.87,62.13,76.97,173.77,174.72,174.56,178.15
1327,38,Side,62.54,65.81,67.62,74.98,173.77,174.66,172.87,178.03
1327,39,Side,62.65,61.97,67.62,71.2,173.66,172.75,172.57,171.48
1327,40,Side,62.65,60.13,67.62,69.42,173.66,172.67,172.57,171.34
1327,41,Side,64.06,58.47,65.32,68.84,173.66,175.79,171.87,175.75
1327,42,Side,64.06,64.91,65.32,69.43,173.66,172.53,172.23,175.54
1327,43,Side,59.85,62.98,63.21,69.75,172.75,174.79,171.87,178.03
1327,44,Side,59.85,64.91,63.21,69.43,172.75,172.6,172.87,178.09
1327,45,Side,63.43,66.88,63.9,72.01,172.87,172.66,172.57,178.15
1327,46,Side,56.64,68.93,60.54,74.05,175.93,172.6,174.92,178.09
1327,47,Side,58.71,68.82,62.6,74.05,175.93,172.57,174.92,175.47
1327,48,Side,62.43,71.05,63.43,76.18,175.67,172.46,173.26,175.57
1327,49,Side,60.9,68.93,64.79,72.9,175.73,172.39,176.41,175.59
1327,50,Side,63.43,71.16,66.56,75.02,175.45,172.36,176.35,175.66
1327,51,Side,68.56,77.24,72.72,83.2,175.39,174.45,176.65,175.66
1327,52,Side,71.38,76.54,75.42,83.24,175.21,174.17,176.82,177.71
1327,53,Side,74.2,81.91,78.24,88.49,175.21,174.05,176.82,177.61
1327,54,Side,77.4,85.24,80.57,92.15,174.89,172.87,176.77,177.61
1327,55,Side,83.74,94.41,86.77,97.76,173.02,172.72,172.87,177.61
1327,56,Side,89.73,97.28,93.67,100.62,173.93,172.72,172.87,177.51
1327,57,Side,89.61,100.29,93.67,103.48,174.05,172.57,172.87,177.61
1327,58,Side,92.77,103.14,96.83,106.33,174.05,172.57,175.43,177.71
1327,59,Side,95.95,100.61,100.01,108.7,174.05,172.57,175.76,177.71
1327,60,Side,95.95,103.77,99.46,111.86,175.74,172.57,179.39,175.43
1327,61,Side,102.29,96.23,106.35,108.25,175.74,176.5,179.39,175.43
1327,62,Side,104.8,98.87,105.68,110.96,174.17,176.57,175.43,175.43
1327,63,Side,108.36,101.56,112.54,113.65,172.44,176.57,171.68,175.43
1327,64,Side,111.35,101.64,115.53,115.83,172.44,179.9,174.18,177.03
1327,65,Side,111.23,104.14,114.99,118.33,172.5,179.9,171.63,176.86
1327,66,Side,115.07,109.01,117.9,120.89,171.94,179.93,171.73,174.85
1327,67,Side,116.96,109.18,120.71,122.42,172.55,178.6,171.42,174.27
1327,68,Side,115.82,109.19,120.22,123.8,175.43,175.91,173.16,177.96
1327,69,Side,120.75,113.5,122.94,126.74,173.21,177.21,175.6,178.03
1327,70,Side,123.35,115.56,125.54,128.8,171.81,177.27,174.03,177.76
1327,71,Side,131.23,122.5,131.88,131.57,170.28,177.75,174.03,175.03
1327,72,Side,128.38,122.5,130.4,131.57,171.68,177.75,171.51,174.81
1327,73,Side,128.22,124.3,130.4,133.32,171.85,177.71,173.87,172.57
1327,74,Side,128.22,125.05,130.4,135.0,171.88,179.97,171.24,173.57
1327,75,Side,123.9,126.71,131.93,136.62,177.24,179.9,171.24,173.17
1327,76,Side,122.47,125.2,131.93,138.0,180.0,177.27,175.03,172.23
1327,77,Side,126.36,127.08,131.74,139.81,175.91,177.21,175.03,174.81
1327,78,Side,128.47,127.08,133.84,139.81,175.91,177.21,174.81,172.23
1327,79,Side,128.47,127.08,133.84,139.81,175.91,177.21,175.03,172.23
1327,80,Side,130.57,127.46,135.85,144.46,175.82,178.57,174.56,172.23
1327,81,Side,130.57,127.46,135.85,144.46,175.82,178.57,175.03,172.57
1327,82,Side,130.47,127.42,134.92,142.42,175.91,178.6,174.29,172.23
1328,1,Front/Back,179.98,179.97,179.97,179.97,179.98,179.98,179.98,179.98
1328,2,Front/Back,166.24,166.87,153.62,154.49,179.98,170.99,158.34,170.99
1328,3,Front/Back,159.07,179.99,145.99,155.77,147.34,167.14,128.46,167.15
1328,4,Front/Back,146.75,170.82,133.36,146.31,147.34,161.85,131.04,161.86
1328,5,Front/Back,150.81,170.24,137.23,145.64,146.26,147.03,131.51,149.81
1328,6,Front/Back,150.81,167.14,132.56,152.65,139.62,134.25,139.62,147.11
1328,7,Front/Back,145.21,164.93,123.44,152.75,144.24,130.76,144.24,145.83
1328,8,Front/Back,134.5,164.93,113.22,150.53,142.33,139.27,142.33,154.34
1328,9,Front/Back,134.61,165.13,104.88,151.16,138.77,136.38,138.77,140.08
1328,10,Front/Back,130.51,165.13,98.69,149.57,137.1,133.57,137.1,120.87
1328,11,Front/Back,137.97,165.13,111.27,147.75,134.68,132.24,134.68,113.52
1328,12,Front/Back,129.81,165.61,101.37,148.32,134.68,132.68,134.68,112.06
1328,13,Front/Back,133.08,141.08,105.85,123.83,133.13,133.25,133.13,112.37
1328,14,Front/Back,145.35,127.02,118.86,114.06,133.13,133.27,133.13,112.4
1328,15,Front/Back,152.61,156.37,127.83,145.97,128.69,138.51,128.69,116.83
1328,16,Front/Back,153.46,166.67,128.69,153.72,132.37,138.98,132.37,117.31
1328,17,Front/Back,155.56,144.61,128.06,133.59,133.13,134.05,133.13,119.28
1328,18,Front/Back,156.0,156.94,128.51,143.64,133.13,131.11,133.13,124.32
1328,19,Front/Back,149.16,167.32,116.41,134.13,133.15,141.77,133.15,138.11
1328,20,Front/Back,153.78,177.22,118.82,141.51,133.18,141.74,133.18,138.08
1328,21,Front/Back,151.35,176.15,118.08,141.04,131.75,141.91,131.75,145.76
1328,22,Front/Back,149.36,170.99,115.64,141.04,131.75,135.51,131.75,144.51
1328,23,Front/Back,149.36,161.76,115.64,141.04,131.75,125.08,131.75,143.32
1328,24,Front/Back,147.51,168.49,113.39,141.04,132.5,131.81,132.5,143.32
1328,25,Front/Back,144.97,163.97,108.68,141.04,132.45,127.3,132.45,143.32
1328,26,Front/Back,143.81,164.28,107.53,141.04,133.26,128.79,133.26,144.51
1328,27,Front/Back,141.07,166.21,104.46,141.04,133.9,130.72,133.9,144.51
1328,28,Front/Back,140.73,165.24,104.12,133.46,134.7,136.93,134.7,144.51
1328,29,Front/Back,136.64,120.99,99.77,104.75,135.52,121.39,135.52,144.52
1328,30,Front/Back,136.57,119.78,99.7,102.02,137.18,125.42,137.18,147.04
1328,31,Front/Back,132.95,115.9,93.83,96.16,139.76,128.36,139.76,148.36
1328,32,Front/Back,130.9,111.34,91.78,89.6,135.49,130.37,135.49,148.36
1328,33,Front/Back,127.94,119.76,88.68,87.62,136.28,140.8,136.28,148.39
1328,34,Front/Back,127.94,106.12,88.68,88.01,137.1,132.63,137.1,154.25
1328,35,Front/Back,129.81,121.05,90.47,104.56,138.76,139.52,138.76,147.52
1328,36,Front/Back,133.51,122.19,94.16,105.05,139.62,141.47,139.62,159.71
1328,37,Front/Back,139.03,127.98,97.7,110.8,144.2,141.72,144.2,161.93
1328,38,Front/Back,155.59,134.04,114.26,120.8,145.14,146.26,145.14,170.99
1328,39,Front/Back,149.92,120.99,112.61,110.32,142.31,143.77,142.31,167.25
1328,40,Front/Back,153.52,135.38,116.22,129.44,140.54,138.83,140.54,167.25
1328,41,Front/Back,172.43,151.42,131.13,143.37,139.71,138.81,139.71,167.39
1328,42,Front/Back,164.98,153.77,125.72,143.37,138.85,138.14,138.85,164.37
1328,43,Front/Back,163.57,156.52,124.45,143.37,134.7,134.43,134.7,157.91
1328,44,Front/Back,156.28,159.43,120.37,143.37,134.77,135.46,134.77,156.02
1328,45,Front/Back,157.55,180.0,123.82,143.37,133.99,154.28,133.99,154.28
1328,46,Front/Back,151.38,180.0,122.94,145.5,133.21,151.17,133.21,151.17
1329,1,Front/Back,148.03,144.1,155.41,180.0,148.03,144.1,180.0,180.0
1329,2,Front/Back,146.87,144.63,155.17,180.0,146.87,144.63,180.0,180.0
1329,3,Front/Back,146.34,144.1,156.57,180.0,146.34,144.1,180.0,180.0
1329,4,Front/Back,128.69,144.63,137.06,180.0,148.21,144.63,180.0,180.0
1329,5,Front/Back,121.4,144.1,135.17,180.0,148.21,144.1,180.0,180.0
1329,6,Front/Back,116.5,144.63,133.41,180.0,144.65,144.63,180.0,180.0
1329,7,Front/Back,113.46,145.17,130.21,180.0,144.65,145.17,180.0,180.0
1329,8,Front/Back,117.99,138.79,132.15,165.18,141.53,146.27,180.0,180.0
1329,9,Front/Back,116.9,130.54,129.37,163.25,141.53,140.1,180.0,180.0
1329,10,Front/Back,107.45,129.0,117.13,157.55,144.28,140.09,180.0,180.0
1329,11,Front/Back,106.18,132.36,113.25,161.41,145.42,140.08,180.0,180.0
1329,12,Front/Back,102.8,121.35,111.89,147.99,144.87,139.14,180.0,180.0
1329,13,Front/Back,102.03,115.7,115.4,142.8,142.2,138.69,180.0,180.0
1329,14,Front/Back,99.76,118.49,113.07,140.56,142.31,143.97,180.0,180.0
1329,15,Front/Back,97.29,115.45,110.54,137.02,142.37,141.98,180.0,180.0
1329,16,Front/Back,98.07,112.19,111.26,135.66,145.89,140.08,180.0,180.0
1329,17,Front/Back,98.81,112.69,109.73,133.54,146.37,140.56,180.0,180.0
1329,18,Front/Back,93.96,111.84,109.91,132.21,139.95,141.05,180.0,180.0
1329,19,Front/Back,99.11,112.77,112.24,131.26,142.76,141.05,180.0,180.0
1329,20,Front/Back,99.32,112.78,112.02,130.78,141.75,141.54,180.0,180.0
1329,21,Front/Back,102.6,112.75,116.31,128.77,141.25,141.54,180.0,180.0
1329,22,Front/Back,102.29,115.75,114.29,131.11,141.25,142.48,180.0,180.0
1329,23,Front/Back,104.52,118.97,115.26,133.87,141.25,142.94,180.0,180.0
1329,24,Front/Back,107.54,125.3,118.48,140.04,141.25,127.79,180.0,164.39
1329,25,Front/Back,126.88,132.48,120.47,144.38,111.9,114.36,134.47,149.96
1329,26,Front/Back,116.08,144.31,126.87,156.29,140.7,122.58,180.0,158.26
1329,27,Front/Back,115.87,144.89,126.04,167.08,139.73,118.57,180.0,153.68
1329,28,Front/Back,121.66,145.43,132.79,164.17,138.78,115.17,180.0,149.75
1329,29,Front/Back,126.47,145.43,138.02,164.17,138.35,111.66,180.0,146.23
1329,30,Front/Back,137.43,145.97,149.9,166.04,137.43,112.2,180.0,146.23
1329,31,Front/Back,136.97,135.03,149.9,165.78,136.97,135.03,180.0,180.0
1329,32,Front/Back,136.12,134.6,149.9,162.9,136.12,134.6,180.0,180.0
1329,33,Front/Back,135.62,134.17,149.9,160.44,135.62,134.17,180.0,180.0
1329,34,Front/Back,135.67,133.32,149.9,158.38,135.67,133.32,180.0,180.0
1329,35,Front/Back,134.79,132.89,149.9,156.39,134.79,132.89,180.0,180.0
1329,36,Front/Back,134.79,133.32,149.9,151.6,134.79,133.32,180.0,180.0
1329,37,Front/Back,133.38,132.91,149.9,150.11,133.38,132.91,180.0,180.0
1329,38,Front/Back,133.81,133.33,149.9,154.64,133.81,133.33,180.0,180.0
1329,39,Front/Back,134.24,132.48,149.9,148.52,134.24,132.48,180.0,180.0
1329,40,Front/Back,135.11,136.36,149.9,148.52,135.11,136.36,180.0,180.0
1329,41,Front/Back,136.51,137.26,149.9,148.46,136.51,137.26,180.0,180.0
1329,42,Front/Back,136.51,137.27,152.37,148.59,136.51,137.27,180.0,180.0
1329,43,Front/Back,137.41,137.73,152.37,150.11,125.31,137.73,167.9,180.0
1329,44,Front/Back,127.68,137.27,142.96,150.23,132.63,137.27,175.22,180.0
1329,45,Front/Back,121.15,137.26,136.05,152.04,137.8,137.26,180.0,180.0
1329,46,Front/Back,116.62,137.26,131.52,162.04,137.8,137.26,180.0,180.0
1329,47,Front/Back,114.0,136.81,126.66,162.81,138.66,136.81,180.0,180.0
1329,48,Front/Back,113.26,137.26,125.98,161.37,138.59,137.26,180.0,180.0
1329,49,Front/Back,110.3,132.52,123.49,162.38,138.12,132.52,180.0,180.0
1329,50,Front/Back,110.55,132.96,123.34,163.57,138.53,132.96,180.0,180.0
1329,51,Front/Back,108.31,132.99,121.57,163.57,138.06,132.99,180.0,180.0
1329,52,Front/Back,107.39,144.5,120.18,163.57,138.53,122.7,180.0,158.2
1329,53,Front/Back,112.0,150.63,123.0,162.95,140.32,128.9,180.0,158.26
1329,54,Front/Back,110.9,150.68,121.9,162.95,140.32,150.68,180.0,174.41
1329,55,Front/Back,109.41,151.31,119.6,162.38,140.81,132.18,180.0,160.87
1329,56,Front/Back,109.52,151.96,119.53,164.9,141.3,139.85,179.99,167.87
1329,57,Front/Back,107.96,151.96,117.65,164.3,141.3,139.85,179.99,167.87
1329,58,Front/Back,108.94,151.92,117.38,164.3,142.25,139.99,179.99,168.06
1329,59,Front/Back,126.09,143.52,117.58,155.36,133.83,139.99,154.61,168.06
1329,60,Front/Back,125.69,126.45,117.84,142.27,134.78,132.12,156.52,164.17
1329,61,Front/Back,127.16,128.13,118.47,144.01,135.0,132.53,155.88,164.64
1329,62,Front/Back,128.53,128.32,118.37,143.13,133.04,129.92,154.01,161.45
1329,63,Front/Back,128.21,128.9,117.91,143.26,135.45,129.92,156.52,161.45
1329,64,Front/Back,131.74,131.82,120.64,145.65,136.25,130.73,156.52,161.73
1329,65,Front/Back,132.81,136.13,120.57,149.96,135.26,127.97,154.61,158.97
1329,66,Front/Back,136.79,138.04,124.63,153.41,135.18,126.12,154.61,156.52
1329,67,Front/Back,138.43,150.21,125.11,154.56,135.54,129.49,154.01,159.26
1329,68,Front/Back,139.05,150.21,127.93,154.29,137.62,129.19,157.2,158.97
1329,69,Front/Back,142.04,150.84,130.99,153.82,137.55,130.11,157.2,159.26
1329,70,Front/Back,145.89,150.15,134.74,153.82,137.49,132.23,157.2,162.06
1329,71,Front/Back,140.82,150.1,128.21,153.45,139.11,135.49,157.94,165.37
1329,72,Front/Back,140.65,150.78,128.97,153.3,143.72,140.46,163.54,169.67
1329,73,Front/Back,144.18,152.07,133.41,153.17,145.8,141.75,166.57,169.67
1329,74,Front/Back,144.0,152.07,136.19,153.07,157.51,152.05,179.97,179.97
1329,75,Front/Back,148.62,153.41,140.81,152.99,157.51,153.4,179.97,179.97
1329,76,Front/Back,153.56,154.83,146.26,152.93,158.34,154.81,179.97,179.97
1329,77,Front/Back,159.18,155.56,151.07,162.5,159.17,155.55,179.97,179.97
1329,78,Front/Back,160.12,156.26,151.1,162.55,160.11,156.24,179.97,179.97
1329,79,Front/Back,160.12,156.26,151.14,162.75,160.11,156.24,179.97,179.97
1329,80,Front/Back,160.12,156.98,155.53,163.08,160.11,156.96,179.97,179.97
1329,81,Front/Back,168.37,162.07,157.29,166.04,168.36,162.06,179.97,179.97
1329,82,Front/Back,168.28,163.11,157.46,166.69,168.26,163.09,179.97,179.97
1329,83,Front/Back,171.91,164.2,159.56,167.08,171.9,164.19,179.97,179.97
1329,84,Front/Back,169.84,164.2,161.98,168.05,169.82,164.19,179.97,179.97
1329,85,Front/Back,171.69,166.66,162.52,168.64,171.68,166.65,179.97,179.97
1329,86,Front/Back,171.6,166.66,165.64,175.94,171.59,166.65,179.97,179.97
1329,87,Front/Back,171.53,168.06,169.79,179.98,171.51,168.06,179.97,179.97
1329,88,Front/Back,169.62,169.68,170.5,168.64,169.6,169.66,179.97,179.97
1329,89,Front/Back,171.53,171.58,171.33,169.31,171.51,171.56,179.97,179.97
1329,90,Front/Back,179.98,179.98,179.98,179.98,179.98,179.98,179.97,179.97
1330,1,Side,150.53,140.79,63.42,170.93,126.69,161.29,103.63,135.55
1330,2,Side,148.55,140.04,66.19,170.9,126.69,161.28,103.63,135.55
1330,3,Side,145.27,138.7,69.35,170.12,126.69,161.12,103.63,135.55
1330,4,Side,143.05,137.22,72.56,169.45,126.69,161.11,103.63,135.55
1330,5,Side,140.73,132.65,76.04,165.83,126.69,161.23,103.63,135.55
1330,6,Side,137.89,131.27,78.52,168.01,126.69,163.19,103.63,135.55
1330,7,Side,134.0,127.69,87.03,165.33,126.69,163.35,103.63,135.55
1330,8,Side,130.68,126.85,91.95,168.84,126.69,163.68,103.63,135.55
1330,9,Side,130.05,122.0,99.53,164.38,126.69,164.77,103.63,135.55
1330,10,Side,131.07,116.2,107.96,158.24,126.69,165.85,103.63,135.55
1330,11,Side,130.0,110.03,116.94,154.3,126.69,167.51,103.63,135.55
1330,12,Side,127.19,105.33,125.21,145.76,126.69,167.22,103.63,135.55
1330,13,Side,124.21,100.58,134.17,139.69,126.69,167.99,103.63,135.55
1330,14,Side,121.06,95.97,143.76,130.46,126.69,167.81,103.63,135.55
1330,15,Side,117.75,90.2,153.83,122.39,126.69,168.48,103.63,135.55
1330,16,Side,114.29,86.99,164.22,118.14,126.69,168.95,103.63,135.55
1330,17,Side,110.7,83.06,174.7,113.84,126.69,169.72,103.63,135.92
1330,18,Side,107.0,80.31,174.94,109.19,126.69,167.45,103.63,134.06
1330,19,Side,103.21,78.05,164.88,104.85,126.69,161.35,103.63,128.55
1330,20,Side,99.37,75.92,155.26,100.54,126.69,156.4,103.63,124.29
1330,21,Side,95.51,73.41,146.15,97.48,126.69,152.65,103.63,121.09
1330,22,Side,91.66,72.57,137.6,99.84,126.69,149.0,103.63,117.86
1330,23,Side,87.86,66.88,129.62,90.59,126.69,142.2,103.63,114.62
1330,24,Side,84.14,65.29,122.18,87.76,126.69,139.01,103.63,112.73
1330,25,Side,80.53,63.86,115.28,83.39,126.69,137.28,103.63,111.14
1330,26,Side,77.05,61.06,108.88,80.13,126.69,133.77,103.63,107.77
1330,27,Side,73.72,59.98,102.96,86.25,126.69,135.35,103.63,106.76
1330,28,Side,70.55,55.67,97.48,78.97,126.69,130.9,103.63,106.03
1330,29,Side,67.54,55.79,92.41,78.53,126.69,128.9,103.63,105.36
1330,30,Side,64.71,57.63,87.72,77.75,126.69,126.82,103.63,104.18
1330,31,Side,62.04,62.04,83.39,83.39,126.69,126.69,103.63,103.63
1330,32,Side,62.04,49.73,81.5,71.78,126.69,125.27,103.63,104.83
1330,33,Side,62.04,47.07,79.61,69.91,126.69,123.78,103.63,105.68
1330,34,Side,62.04,43.06,77.71,65.79,126.69,123.31,103.63,107.59
1330,35,Side,62.04,46.46,75.81,73.07,126.69,125.48,103.63,108.53
1330,36,Side,62.04,37.08,73.93,67.52,126.69,137.42,103.63,122.1
1330,37,Side,62.04,30.35,72.05,59.49,126.69,135.88,103.63,121.11
1330,38,Side,62.04,20.59,70.18,49.65,126.69,136.24,103.63,129.13
1330,39,Side,62.04,15.83,68.34,44.83,126.69,135.11,103.63,131.74
1330,40,Side,62.04,12.96,66.52,43.33,126.69,132.12,103.63,129.04
1330,41,Side,62.04,11.14,64.72,41.16,126.69,131.05,103.63,128.81
1330,42,Side,62.04,13.11,62.95,41.48,126.69,131.74,103.63,130.66
1330,43,Side,62.04,13.63,61.21,40.75,126.69,134.03,103.63,134.77
1330,44,Side,62.04,17.89,59.51,40.82,126.69,129.49,103.63,136.36
1330,45,Side,62.04,21.19,57.83,42.11,126.69,130.89,103.63,137.37
1330,46,Side,62.04,29.16,56.2,47.49,126.69,131.7,103.63,137.66
1330,47,Side,62.04,46.71,54.6,61.34,126.69,133.29,103.63,138.07
1330,48,Side,62.04,46.0,53.05,58.98,126.69,132.21,103.63,136.71
1330,49,Side,62.04,54.21,51.53,63.33,126.69,133.08,103.63,136.81
1330,50,Side,62.04,61.01,50.05,70.06,126.69,129.48,103.63,132.51
1330,51,Side,62.04,58.7,48.62,67.4,126.69,130.3,103.63,132.85
1330,52,Side,62.04,65.96,47.22,74.51,126.69,129.2,103.63,131.1
1330,53,Side,62.04,72.53,45.87,80.49,126.69,130.2,103.63,131.06
1330,54,Side,62.04,80.0,44.55,87.39,126.69,129.78,103.63,130.32
1330,55,Side,62.04,82.59,43.28,92.7,126.69,133.43,103.63,131.25
1330,56,Side,62.04,88.34,42.04,99.44,126.69,133.74,103.63,131.25
1330,57,Side,62.04,93.09,44.64,105.42,126.69,134.15,103.63,131.25
1330,58,Side,62.04,98.67,48.72,111.27,126.69,133.53,103.63,131.25
1330,59,Side,62.04,109.75,50.3,120.23,126.69,130.61,103.63,131.25
1330,60,Side,62.04,108.63,52.01,122.22,126.69,132.81,103.63,131.25
1330,61,Side,62.04,118.72,53.15,130.95,126.69,129.88,103.63,131.25
1330,62,Side,62.04,118.27,54.56,134.22,126.69,132.03,103.63,131.25
1330,63,Side,62.04,121.64,54.88,135.95,126.69,132.03,103.63,131.25
1330,64,Side,62.04,124.51,54.88,140.0,126.69,131.6,103.63,131.25
1330,65,Side,62.04,128.74,54.95,148.26,126.69,131.69,103.63,131.25
1330,66,Side,62.04,131.97,55.07,154.08,126.69,132.0,103.63,131.25
1330,67,Side,62.04,134.18,54.97,156.68,126.69,132.4,103.63,131.25
1330,68,Side,62.04,136.74,54.29,158.07,126.69,132.0,103.63,131.25
1330,69,Side,62.04,139.31,54.49,160.25,126.69,131.6,103.63,131.25
1330,70,Side,62.04,141.26,54.41,160.98,126.69,131.2,103.63,131.25
1330,71,Side,62.04,143.94,54.34,162.42,126.69,130.72,103.63,131.25
1330,72,Side,62.04,144.76,53.94,162.77,126.69,131.03,103.63,131.25
1330,73,Side,62.04,150.35,54.14,167.32,126.69,129.98,103.63,131.25
1331,1,Side,173.35,159.59,175.59,173.77,123.53,164.82,103.81,131.92
1331,2,Side,175.34,157.3,175.59,177.0,125.57,164.82,104.71,131.92
1331,3,Side,175.37,156.23,176.45,178.21,126.12,164.67,105.23,131.92
1331,4,Side,175.43,153.71,177.41,179.89,129.58,165.21,105.64,131.92
1331,5,Side,175.66,152.49,179.55,178.89,130.8,165.21,106.06,131.92
1331,6,Side,174.01,151.39,178.58,177.78,132.3,165.21,106.81,131.92
1331,7,Side,173.95,147.59,178.58,173.17,132.13,165.51,106.59,131.92
1331,8,Side,173.18,146.34,179.45,172.17,133.39,165.66,107.03,131.92
1331,9,Side,172.76,146.34,179.36,171.92,133.54,165.42,106.8,131.92
1331,10,Side,171.44,143.82,178.48,168.58,134.21,165.73,107.03,131.92
1331,11,Side,169.67,142.67,177.49,167.17,135.39,165.48,107.39,131.92
1331,12,Side,168.39,140.78,176.58,165.37,136.12,165.57,107.74,131.92
1331,13,Side,165.39,139.41,174.71,162.31,137.73,165.02,108.22,131.92
1331,14,Side,163.24,137.57,174.58,160.72,139.88,165.26,109.16,131.92
1331,15,Side,161.84,136.25,173.65,159.14,140.94,164.97,109.76,131.92
1331,16,Side,158.77,134.73,171.69,156.31,142.65,164.82,110.35,131.92
1331,17,Side,155.18,135.03,166.91,155.14,144.79,163.38,112.03,131.92
1331,18,Side,154.0,135.23,168.68,152.3,148.18,161.48,114.07,131.92
1331,19,Side,150.76,135.67,166.8,151.19,151.71,159.93,116.25,131.92
1331,20,Side,149.58,140.46,167.5,147.89,160.07,152.98,123.62,131.92
1331,21,Side,146.81,142.59,164.72,147.89,163.05,150.85,125.72,131.92
1331,22,Side,143.71,139.0,162.36,144.85,163.79,151.36,125.72,131.92
1331,23,Side,141.74,136.18,161.41,140.93,165.98,151.36,126.89,131.92
1331,24,Side,139.63,132.94,160.18,137.05,167.6,151.82,127.63,131.92
1331,25,Side,137.64,131.57,158.92,134.18,168.89,151.42,128.19,131.92
1331,26,Side,134.16,131.1,154.63,135.21,170.96,151.88,129.39,131.92
1331,27,Side,129.86,125.28,151.85,127.72,174.04,152.34,130.88,131.92
1331,28,Side,125.48,125.15,149.97,129.79,177.27,152.41,132.54,131.92
1331,29,Side,120.32,115.2,146.36,120.29,177.11,156.08,130.84,131.92
1331,30,Side,116.08,113.77,143.56,121.14,179.89,156.18,132.44,131.92
1331,31,Side,111.67,108.67,140.46,112.54,176.74,155.81,134.28,131.92
1331,32,Side,111.45,108.08,141.6,114.09,175.73,155.91,134.79,131.92
1331,33,Side,110.15,102.27,140.83,106.49,174.25,154.97,135.74,131.92
1331,34,Side,108.78,100.48,140.03,104.58,173.39,154.97,136.02,131.92
1331,35,Side,107.21,96.63,139.2,96.59,169.93,152.8,138.75,131.92
1331,36,Side,105.58,91.09,138.34,92.81,168.78,153.26,139.13,131.92
1331,37,Side,102.53,86.49,135.56,88.67,167.91,153.71,139.73,131.92
1331,38,Side,97.01,79.59,130.18,82.34,168.82,154.16,138.71,131.92
1331,39,Side,93.44,78.1,126.4,78.18,168.96,154.62,138.78,131.92
1331,40,Side,88.96,72.33,122.17,71.88,167.14,155.07,140.35,131.92
1331,41,Side,85.83,71.7,118.44,72.43,167.3,155.53,140.8,131.92
1331,42,Side,78.77,71.07,114.04,70.72,163.24,154.06,143.02,129.21
1331,43,Side,72.88,70.44,108.51,70.22,162.18,154.51,144.28,129.21
1331,44,Side,66.99,69.83,103.98,68.59,159.69,154.97,146.94,129.21
1331,45,Side,60.63,69.21,97.97,66.58,158.42,157.87,148.56,132.29
1331,46,Side,57.58,68.61,95.86,64.77,155.99,158.58,149.5,132.47
1331,47,Side,51.7,68.01,89.64,61.57,156.46,159.65,149.64,133.36
1331,48,Side,45.56,67.41,82.86,57.77,157.69,160.6,148.88,133.7
1331,49,Side,38.72,66.82,75.67,53.19,158.18,161.29,149.02,133.86
1331,50,Side,33.91,66.24,70.47,50.1,158.98,162.22,148.4,134.18
1331,51,Side,28.95,65.66,65.15,42.13,163.09,163.5,142.86,135.21
1331,52,Side,21.19,65.08,56.82,42.9,163.66,163.12,142.59,134.18
1331,53,Side,22.05,64.51,55.04,43.74,160.79,163.21,149.21,133.45
1331,54,Side,15.72,63.95,48.26,44.23,160.83,161.19,149.83,130.86
1331,55,Side,10.51,63.39,42.58,45.17,161.46,161.64,149.47,130.86
1331,56,Side,7.32,62.83,39.96,44.41,160.95,161.46,149.19,129.97
1331,57,Side,4.54,62.28,36.46,40.81,160.39,163.16,151.48,131.75
1331,58,Side,1.04,61.73,32.16,34.82,160.25,164.84,153.46,133.53
1331,59,Side,2.06,61.18,27.54,26.18,161.51,166.75,154.71,135.49
1331,60,Side,5.29,60.64,23.6,18.92,164.51,168.78,151.18,138.03
1331,61,Side,8.13,60.1,20.01,12.89,164.31,170.2,153.21,139.68
1331,62,Side,6.83,59.57,21.08,14.97,164.54,171.02,153.13,140.44
1331,63,Side,6.24,59.04,21.51,18.33,164.54,171.63,153.69,141.05
1331,64,Side,6.72,58.51,23.15,22.84,162.24,171.85,153.8,140.9
1331,65,Side,6.44,57.99,23.09,25.86,162.63,172.45,154.2,141.5
1331,66,Side,5.56,57.47,23.57,28.66,162.9,173.29,154.65,142.27
1331,67,Side,4.59,56.95,24.63,31.04,159.22,174.12,160.44,143.05
1331,68,Side,3.91,56.44,25.14,33.58,159.3,174.74,160.96,143.66
1331,69,Side,2.97,55.93,25.68,35.93,159.7,175.58,161.38,144.44
1331,70,Side,5.71,55.43,23.56,38.08,163.45,176.2,156.26,145.05
1331,71,Side,5.21,54.93,24.03,40.06,163.14,177.05,157.06,145.84
1331,72,Side,4.32,54.43,25.34,43.51,160.45,177.47,162.27,145.84
1331,73,Side,3.18,53.93,25.85,45.15,160.98,178.1,162.7,146.46
1331,74,Side,2.93,53.44,25.14,45.62,161.88,179.16,163.58,147.43
1331,75,Side,1.43,52.95,25.63,47.09,163.33,179.8,163.54,148.05
1331,76,Side,0.54,52.47,27.37,50.02,163.48,179.78,163.56,148.05
1331,77,Side,1.31,51.98,27.94,52.02,163.15,177.89,165.0,150.17
1331,78,Side,2.12,51.5,28.52,52.34,162.94,175.25,165.87,153.4
1331,79,Side,3.32,51.03,29.88,54.05,162.17,173.48,166.91,155.48
1331,80,Side,4.59,50.56,30.53,54.96,162.35,171.45,168.25,157.81
1331,81,Side,4.93,50.09,31.24,56.36,163.41,169.66,165.61,159.98
1331,82,Side,9.78,49.62,36.26,60.63,162.93,170.08,165.96,158.77
1331,83,Side,13.51,49.16,41.59,63.16,161.37,169.4,167.21,159.47
1331,84,Side,17.87,48.7,46.92,66.27,159.53,169.7,167.69,158.38
1331,85,Side,22.45,48.24,51.5,68.19,158.78,169.45,168.92,158.24
1331,86,Side,28.01,47.79,57.88,66.42,157.03,168.39,172.3,160.94
1331,87,Side,34.49,50.23,65.38,69.84,156.67,168.6,172.44,161.95
1331,88,Side,38.78,53.42,70.24,73.1,156.28,168.98,173.45,162.8
1331,89,Side,46.22,57.43,77.3,77.03,156.11,168.9,174.77,164.51
1331,90,Side,53.0,60.97,84.46,80.63,155.14,168.83,175.75,166.22
1331,91,Side,59.34,65.39,90.8,85.1,155.05,169.72,175.85,166.22
1331,92,Side,65.0,66.42,97.73,86.16,154.6,170.63,175.85,166.22
1331,93,Side,69.39,70.56,101.74,91.07,155.5,171.55,175.32,166.22
1331,94,Side,74.23,72.35,107.04,90.03,155.46,172.49,174.9,166.22
1331,95,Side,77.6,73.65,111.45,91.36,155.75,173.44,174.37,166.22
1331,96,Side,80.81,76.52,114.87,93.26,155.52,174.41,174.37,166.22
1331,97,Side,84.37,78.55,117.4,94.31,157.62,175.4,173.29,166.22
1331,98,Side,88.05,80.94,121.25,96.69,159.35,176.4,172.18,166.22
1331,99,Side,91.95,83.15,124.14,101.82,161.52,177.41,171.03,166.22
1331,100,Side,94.44,85.7,126.01,104.33,162.82,178.44,170.35,166.22
1331,101,Side,99.2,89.34,129.75,106.93,165.04,179.48,169.14,166.22
1331,102,Side,101.91,92.15,132.06,108.69,166.06,179.47,168.53,166.22
1331,103,Side,104.49,95.47,134.23,111.93,167.09,178.4,167.9,166.22
1331,104,Side,106.73,98.61,136.27,113.99,167.55,177.32,167.65,166.22
1331,105,Side,109.05,102.39,138.18,117.67,168.6,176.23,167.01,166.22
1331,106,Side,111.69,105.91,140.82,120.08,168.87,175.13,166.73,166.22
1331,107,Side,113.92,109.13,142.45,124.98,171.08,175.75,165.14,166.22
1331,108,Side,116.97,112.88,144.89,127.7,171.05,174.73,165.77,166.22
1331,109,Side,118.76,115.58,146.31,131.4,171.73,174.73,165.46,166.22
1331,110,Side,120.27,117.48,147.64,133.3,172.07,174.73,165.3,166.22
1331,111,Side,123.18,120.82,149.79,136.74,173.72,174.82,164.41,166.22
1331,112,Side,124.67,121.58,150.71,137.59,174.46,174.92,164.24,166.22
1331,113,Side,125.42,123.21,151.29,139.23,174.63,174.92,164.24,166.22
1331,114,Side,127.3,125.96,152.77,141.56,175.03,174.51,164.24,166.22
1331,115,Side,129.33,126.8,154.23,142.3,175.6,174.41,164.24,166.22
1331,116,Side,131.25,128.93,156.15,144.53,175.77,174.51,164.06,166.22
1331,117,Side,132.27,130.44,156.61,145.35,176.9,173.81,163.5,166.22
1331,118,Side,133.64,133.4,157.98,147.71,176.72,173.21,163.68,166.22
1331,119,Side,135.53,138.04,159.32,150.11,176.64,170.98,164.32,166.22
1331,120,Side,136.85,141.55,160.64,152.54,176.03,169.9,164.92,166.22
1331,121,Side,138.69,144.59,161.93,154.99,177.19,169.31,164.32,166.22
1331,122,Side,140.36,144.6,163.2,155.54,178.19,169.84,163.72,166.22
1331,123,Side,142.01,146.09,164.44,156.49,178.78,169.31,163.52,166.22
1331,124,Side,144.17,147.56,165.65,157.96,178.86,169.31,162.12,166.22
1331,125,Side,145.77,148.96,166.84,159.41,177.64,169.36,161.3,166.22
1331,126,Side,148.79,150.38,168.92,160.83,175.86,169.36,160.47,166.22
1331,127,Side,148.79,150.14,168.92,161.38,175.03,170.14,159.64,166.22
1331,128,Side,150.12,153.21,169.83,163.42,174.62,169.11,159.64,166.22
1332,1,Side,144.12,119.82,137.69,131.32,175.77,170.59,179.6,180.0
1332,2,Side,143.57,118.23,136.46,129.37,174.72,170.27,180.0,180.0
1332,3,Side,140.64,118.17,133.23,129.39,174.36,170.22,180.0,180.0
1332,4,Side,140.56,117.85,132.47,129.4,173.7,169.9,180.0,180.0
1332,5,Side,138.62,107.02,128.97,122.3,173.37,166.2,180.0,180.0
1332,6,Side,137.48,105.33,127.22,120.91,172.75,165.89,180.0,180.0
1332,7,Side,136.14,102.65,124.83,119.13,171.96,164.64,179.62,179.64
1332,8,Side,137.29,101.22,125.48,116.97,171.17,164.64,179.25,179.63
1332,9,Side,136.6,99.69,124.32,115.54,170.37,164.18,178.88,179.27
1332,10,Side,134.74,97.91,122.02,112.99,169.62,164.18,178.52,179.27
1332,11,Side,132.98,94.74,119.19,111.5,168.88,160.32,178.18,177.08
1332,12,Side,130.59,101.56,116.47,114.56,168.54,163.73,178.18,177.51
1332,13,Side,125.93,98.79,110.83,111.69,167.81,164.23,177.84,177.92
1332,14,Side,124.23,97.09,109.36,110.49,167.41,163.72,177.84,177.93
1332,15,Side,121.39,94.45,106.74,108.48,167.03,163.13,177.87,177.97
1332,16,Side,116.11,91.82,101.79,106.49,166.71,162.52,177.88,178.0
1332,17,Side,110.77,89.63,95.69,104.75,166.2,161.02,177.51,176.97
1332,18,Side,105.74,82.34,90.17,94.83,165.36,160.22,177.16,176.63
1332,19,Side,100.32,82.14,83.63,97.38,164.15,159.06,176.45,175.94
1332,20,Side,96.77,76.37,79.49,89.44,162.77,157.0,175.66,174.84
1332,21,Side,90.69,73.62,73.07,86.92,162.87,156.8,176.09,174.87
1332,22,Side,85.42,70.95,66.54,85.24,161.88,155.54,175.74,174.59
1332,23,Side,79.8,68.31,60.2,83.6,160.81,154.24,175.38,174.29
1332,24,Side,74.16,66.71,54.01,82.78,160.69,153.52,175.82,174.36
1332,25,Side,70.3,64.15,48.6,80.47,159.47,152.18,175.52,174.06
1332,26,Side,65.8,62.83,43.84,79.61,157.91,151.37,174.9,173.77
1332,27,Side,62.24,59.43,39.98,76.35,157.63,150.92,174.87,173.48
1332,28,Side,59.35,56.13,36.61,73.06,157.15,150.92,174.87,173.48
1332,29,Side,58.17,52.86,33.9,69.15,156.31,150.8,174.87,173.52
1332,30,Side,66.78,51.34,43.53,68.17,157.16,148.74,174.71,170.54
1332,31,Side,64.53,47.38,40.2,64.56,155.52,148.09,174.08,170.24
1332,32,Side,66.94,44.66,42.68,62.05,154.88,147.52,173.7,169.89
1332,33,Side,62.59,42.01,38.59,59.95,155.1,146.27,173.66,169.18
1332,34,Side,60.83,42.08,36.83,62.29,153.98,143.18,172.54,168.22
1332,35,Side,49.36,39.1,24.84,60.66,152.63,144.14,172.38,170.54
1332,36,Side,49.53,37.27,23.76,58.26,151.23,143.6,172.23,170.23
1332,37,Side,47.94,35.28,22.71,56.69,151.36,142.93,171.82,169.97
1332,38,Side,47.6,33.56,22.23,55.37,151.04,141.29,171.64,169.53
1332,39,Side,45.34,32.06,19.81,55.31,150.6,140.47,171.42,169.34
1332,40,Side,45.05,29.86,19.52,52.42,150.34,139.12,171.16,168.81
1332,41,Side,45.4,28.25,19.65,52.96,149.9,138.29,171.0,168.63
1332,42,Side,46.31,26.37,20.06,50.97,148.8,137.11,170.39,168.05
1332,43,Side,45.71,25.72,20.05,50.77,148.12,136.44,169.78,167.82
1332,44,Side,46.11,25.45,20.5,50.25,147.87,135.77,169.53,167.6
1332,45,Side,46.84,25.02,20.88,50.04,146.98,135.26,168.99,167.31
1332,46,Side,47.01,23.8,21.22,48.97,146.01,133.95,168.51,166.81
1332,47,Side,46.17,23.74,20.61,49.52,147.38,134.1,169.05,166.81
1332,48,Side,46.55,23.52,20.29,50.19,146.15,133.6,168.51,166.53
1332,49,Side,47.24,24.44,21.02,49.98,145.86,131.92,168.22,163.72
1332,50,Side,46.9,24.42,20.98,49.39,145.22,131.43,167.93,163.42
1332,51,Side,47.62,22.58,21.35,49.08,144.36,132.6,167.41,166.03
1332,52,Side,47.33,23.76,21.39,48.87,144.51,131.07,167.28,163.12
1332,53,Side,47.98,22.72,21.7,48.29,143.81,132.42,166.91,165.68
1332,54,Side,47.95,22.31,21.33,48.85,143.11,131.93,166.55,165.4
1332,55,Side,48.27,23.39,21.65,47.63,143.04,132.08,166.48,165.4
1332,56,Side,50.4,23.03,21.73,46.62,140.77,131.75,165.67,165.05
1332,57,Side,50.41,22.78,22.07,47.59,141.32,131.9,165.89,165.05
1332,58,Side,48.95,22.6,21.0,47.39,140.84,131.56,165.74,164.69
1332,59,Side,49.97,23.11,21.99,48.68,139.41,129.51,164.31,163.41
1332,60,Side,57.54,23.25,27.76,47.37,137.65,130.41,164.39,163.61
1332,61,Side,59.61,24.62,28.15,47.26,137.04,131.66,164.85,164.26
1332,62,Side,61.88,25.24,29.9,49.3,135.58,128.7,163.21,162.85
1332,63,Side,62.36,25.55,30.87,47.68,136.26,131.58,164.05,163.81
1332,64,Side,64.79,26.04,32.7,46.72,136.09,132.48,164.44,164.01
1332,65,Side,66.13,26.27,33.38,44.16,136.61,134.78,164.97,164.72
1332,66,Side,67.95,28.16,34.86,47.16,135.49,132.89,164.23,163.93
1332,67,Side,69.92,31.96,37.13,49.87,136.36,134.42,164.74,164.43
1332,68,Side,73.93,33.68,41.46,50.95,137.25,135.73,165.27,165.09
1332,69,Side,75.57,35.94,42.94,53.25,137.3,135.22,164.97,164.8
1332,70,Side,77.31,35.71,45.04,56.1,137.75,134.6,165.05,164.59
1332,71,Side,68.9,37.86,36.34,57.48,138.14,134.62,165.05,164.67
1332,72,Side,86.19,39.03,56.96,60.22,138.48,134.62,165.05,164.67
1332,73,Side,90.61,41.56,61.57,62.82,139.21,135.54,165.59,165.03
1332,74,Side,93.52,43.66,64.19,65.0,139.58,136.09,165.59,165.03
1332,75,Side,100.57,47.97,71.25,66.25,140.12,137.01,166.11,165.39
1332,76,Side,97.36,51.11,67.75,69.87,140.98,137.82,166.78,166.04
1332,77,Side,102.04,53.04,72.66,71.73,141.17,138.01,166.78,166.04
1332,78,Side,105.26,55.82,75.87,74.02,141.66,138.44,166.71,166.11
1332,79,Side,112.89,57.92,83.63,76.34,141.84,139.35,166.71,166.46
1332,80,Side,116.99,60.76,87.67,78.7,141.9,139.78,166.91,166.53
1332,81,Side,123.12,62.97,94.44,81.15,142.35,140.61,167.34,166.81
1332,82,Side,128.63,65.19,100.34,83.72,142.98,141.37,167.57,167.03
1332,83,Side,129.95,66.38,102.29,84.56,143.5,141.37,167.5,166.68
1332,84,Side,133.75,67.62,107.28,86.31,144.31,142.02,167.74,166.96
1332,85,Side,135.02,69.49,109.15,88.01,145.11,142.12,167.97,166.89
1332,86,Side,136.48,71.72,110.35,89.71,145.38,142.94,167.91,167.18
1332,87,Side,139.37,73.35,113.79,92.28,146.18,143.78,168.14,167.34
1332,88,Side,143.01,75.56,118.63,94.75,147.28,143.81,168.69,167.57
1332,89,Side,145.55,78.73,121.71,98.92,148.45,144.85,169.3,168.1
1332,90,Side,147.88,81.7,124.62,102.15,149.25,145.59,169.55,168.33
1332,91,Side,150.97,84.27,128.99,102.89,149.99,145.51,169.61,168.1
1332,92,Side,151.71,85.21,130.28,104.51,151.23,146.31,170.33,168.75
1332,93,Side,153.96,87.27,132.64,106.08,151.63,147.36,170.59,169.3
1332,94,Side,154.95,88.4,133.2,106.89,151.71,148.02,170.54,169.61
1332,95,Side,157.7,90.05,137.06,108.41,152.5,148.11,170.81,169.55
1332,96,Side,157.03,92.35,136.92,113.3,153.29,149.16,171.08,170.12
1332,97,Side,156.97,93.58,137.88,114.04,154.95,149.97,171.73,170.43
1332,98,Side,157.39,95.29,139.34,115.5,156.06,150.44,172.34,170.64
1332,99,Side,158.25,97.76,141.67,116.87,157.6,151.42,173.0,171.28
1332,100,Side,157.66,98.01,141.13,117.61,157.3,150.52,172.1,170.12
1332,101,Side,156.98,100.0,141.7,120.11,158.58,151.02,172.71,170.38
1332,102,Side,158.98,99.9,144.64,119.42,158.87,151.87,172.63,170.64
1332,103,Side,158.53,100.81,145.04,119.36,160.01,152.04,172.92,170.59
1332,104,Side,157.75,102.1,144.73,121.91,160.43,152.21,172.87,170.54
1332,105,Side,157.58,102.77,145.09,121.83,160.88,152.21,172.79,170.54
1332,106,Side,158.92,104.4,143.97,122.91,159.97,152.71,172.58,170.48
1332,107,Side,157.13,104.61,143.7,122.89,161.52,153.19,173.21,170.75
1332,108,Side,156.52,105.8,143.7,123.54,162.72,154.28,173.81,171.3
1332,109,Side,155.82,107.51,143.44,124.11,164.0,155.71,174.64,172.31
1332,110,Side,155.85,108.86,145.15,125.36,164.95,155.95,175.09,172.45
1332,111,Side,155.14,110.6,143.74,125.97,167.16,158.81,176.8,174.18
1332,112,Side,154.03,110.6,144.61,125.97,168.26,158.78,177.12,174.14
1332,113,Side,152.61,110.67,143.56,127.02,168.97,157.23,177.46,173.58
1332,114,Side,151.57,111.35,143.34,127.61,170.49,157.6,178.15,173.86
1332,115,Side,151.77,108.04,143.91,125.46,170.49,156.17,177.8,173.58
1332,116,Side,150.6,109.81,143.14,127.01,171.25,156.74,178.15,173.94
1332,117,Side,149.45,111.59,142.75,127.55,172.36,160.68,178.5,175.97
1332,118,Side,149.43,111.98,143.1,126.87,174.22,162.86,180.0,177.75
1332,119,Side,149.55,113.29,144.16,127.18,175.38,163.92,179.23,178.5
1332,120,Side,148.3,113.55,143.3,126.95,175.78,163.61,179.22,178.5
1332,121,Side,147.72,113.2,143.13,126.81,176.99,163.39,178.42,178.5
1333,1,Side,172.76,120.47,169.2,125.39,176.51,170.8,168.23,179.94
1333,2,Side,172.2,118.64,168.65,122.29,179.43,170.8,169.02,177.99
1333,3,Side,173.54,119.15,167.98,125.22,179.01,170.81,168.17,178.96
1333,4,Side,174.44,121.1,167.43,125.36,177.94,172.62,166.28,177.01
1333,5,Side,172.08,112.72,169.12,119.88,177.59,170.99,171.25,178.81
1333,6,Side,173.01,109.32,168.55,116.47,176.61,172.03,172.64,177.68
1333,7,Side,178.48,117.04,163.94,123.31,177.76,172.91,172.43,175.28
1333,8,Side,179.18,115.17,163.08,122.74,179.64,172.91,170.19,173.82
1333,9,Side,179.13,112.9,165.64,120.58,179.11,173.86,171.31,169.99
1333,10,Side,171.48,109.98,157.22,117.72,178.63,173.82,172.08,167.01
1333,11,Side,169.98,107.79,154.28,117.53,179.62,173.1,173.94,165.47
1333,12,Side,175.36,99.51,159.6,100.93,179.42,176.58,173.08,161.08
1333,13,Side,68.0,92.72,51.09,96.01,179.59,175.9,174.25,162.53
1333,14,Side,15.79,80.41,2.63,84.14,179.47,174.99,173.94,162.6
1333,15,Side,29.74,74.72,50.4,79.71,176.69,173.28,177.52,167.1
1333,16,Side,16.65,69.09,39.05,74.63,175.66,173.37,179.37,169.16
1333,17,Side,4.92,67.26,26.48,78.52,178.19,170.86,175.39,165.36
1333,18,Side,2.51,63.78,24.88,77.28,177.93,169.19,179.52,161.88
1333,19,Side,7.28,60.41,13.21,75.61,172.8,158.97,162.62,142.85
1333,20,Side,8.05,55.72,12.28,72.39,170.55,158.01,162.64,144.65
1333,21,Side,7.33,53.16,13.57,71.29,169.46,155.53,161.97,143.39
1333,22,Side,5.72,53.84,15.75,73.25,168.26,166.13,163.34,159.72
1333,23,Side,5.54,55.84,16.33,73.77,169.86,165.38,167.76,159.04
1333,24,Side,6.16,58.33,15.31,73.97,169.46,165.94,168.9,160.32
1333,25,Side,7.33,60.6,13.57,75.32,169.46,167.04,170.92,158.27
1333,26,Side,11.32,65.12,8.3,77.09,168.71,156.72,165.73,141.18
1333,27,Side,11.24,70.23,7.14,80.77,169.84,158.39,167.41,141.89
1333,28,Side,5.79,74.38,10.27,82.06,171.12,169.24,170.41,156.9
1333,29,Side,17.18,78.41,1.49,84.61,171.23,170.8,170.51,157.38
1333,30,Side,55.88,83.05,38.55,87.09,172.57,172.96,170.1,157.62
1333,31,Side,124.21,87.48,107.39,89.64,176.91,172.85,179.24,155.79
1333,32,Side,141.3,92.32,122.31,93.29,173.8,175.34,169.26,160.45
1333,33,Side,156.58,99.17,137.69,99.67,173.79,175.06,169.4,160.65
1333,34,Side,167.03,114.36,147.99,117.13,174.36,173.01,168.47,161.89
1333,35,Side,168.72,118.72,149.54,121.54,176.09,175.17,170.48,166.22
1333,36,Side,171.21,124.7,152.18,126.9,177.13,175.4,168.64,168.37
1333,37,Side,173.37,126.67,154.33,128.82,177.48,176.25,169.08,169.26
1333,38,Side,172.59,127.74,153.71,129.85,178.52,176.1,170.26,169.41
1333,39,Side,174.13,128.82,155.38,130.85,179.0,175.89,178.23,169.29
1333,40,Side,176.0,130.77,156.81,134.06,177.56,175.57,179.47,169.16
1333,41,Side,174.6,131.78,156.12,135.0,179.49,175.36,178.36,169.08
1333,42,Side,174.52,134.9,156.74,136.85,178.55,173.13,177.41,168.11
1333,43,Side,176.79,133.72,159.14,140.02,179.09,179.27,175.27,172.7
1334,1,Front/Back,151.97,108.67,151.82,139.36,150.16,149.3,174.14,179.99
1334,2,Front/Back,153.68,109.76,155.86,141.25,147.83,148.51,174.14,179.99
1334,3,Front/Back,154.33,108.17,157.8,139.76,148.47,148.41,174.14,179.99
1334,4,Front/Back,149.33,109.71,151.62,143.8,149.66,145.92,174.14,179.99
1334,5,Front/Back,142.02,113.42,142.24,147.81,150.7,145.61,174.14,179.99
1334,6,Front/Back,140.47,108.46,141.7,140.14,150.71,148.32,174.14,179.99
1334,7,Front/Back,137.55,110.41,138.74,142.49,151.25,147.92,174.14,179.99
1334,8,Front/Back,155.43,111.56,159.92,143.82,149.58,147.73,174.14,179.99
1334,9,Front/Back,150.36,108.38,161.69,144.61,144.51,143.76,174.14,179.99
1334,10,Front/Back,154.21,115.8,163.02,150.27,148.36,145.53,174.14,179.99
1334,11,Front/Back,142.4,117.52,159.61,152.07,147.69,145.45,174.14,179.99
1334,12,Front/Back,141.82,117.04,161.07,152.63,146.81,144.42,174.14,179.99
1334,13,Front/Back,151.4,113.17,171.9,149.49,145.55,143.67,174.14,179.99
1334,14,Front/Back,146.8,116.16,175.73,155.71,140.95,140.46,174.14,179.99
1334,15,Front/Back,139.05,104.78,169.08,141.29,144.13,143.5,174.14,179.99
1334,16,Front/Back,126.64,115.4,158.05,152.43,142.74,142.98,174.14,179.99
1334,17,Front/Back,129.29,110.14,158.9,145.64,144.53,144.5,174.14,179.99
1334,18,Front/Back,150.54,113.69,180.0,149.47,144.69,144.22,174.14,179.99
1334,19,Front/Back,140.48,121.09,169.28,156.84,145.34,144.25,174.14,179.99
1334,20,Front/Back,132.88,112.74,163.56,149.91,143.47,142.83,174.14,179.99
1334,21,Front/Back,115.21,120.32,145.39,158.4,143.97,141.92,174.14,179.99
1334,22,Front/Back,119.18,112.23,148.4,149.79,144.93,142.44,174.14,179.99
1334,23,Front/Back,150.85,114.77,180.0,151.7,145.0,143.08,174.14,179.99
1334,24,Front/Back,152.49,123.45,180.0,158.49,146.64,144.95,174.14,179.99
1334,25,Front/Back,127.44,114.71,156.1,151.19,145.48,143.53,174.14,179.99
1334,26,Front/Back,124.63,117.54,154.72,154.04,144.05,143.5,174.14,179.99
1334,27,Front/Back,138.66,117.08,167.74,154.38,145.07,142.7,174.14,179.99
1334,28,Front/Back,151.52,116.65,175.47,154.82,145.66,141.83,174.14,179.99
1334,29,Front/Back,141.69,108.41,168.33,155.2,135.84,133.21,174.14,179.99
1334,30,Front/Back,137.88,108.41,168.48,154.91,132.03,133.5,174.14,179.99
1334,31,Front/Back,143.99,112.94,168.94,155.75,138.14,137.19,174.14,179.99
1334,32,Front/Back,144.36,106.62,168.6,148.6,138.5,138.02,174.14,179.99
1334,33,Front/Back,143.73,107.5,165.68,149.22,137.88,138.28,174.14,179.99
1334,34,Front/Back,147.31,115.31,156.28,155.07,141.45,140.24,174.14,179.99
1334,35,Front/Back,146.17,117.09,156.27,156.34,140.31,140.75,174.14,179.99
1334,36,Front/Back,146.56,117.57,156.31,153.03,140.7,141.09,174.14,179.99
1334,37,Front/Back,146.52,102.86,154.83,142.69,140.66,140.17,174.14,179.99
1334,38,Front/Back,145.06,112.94,161.38,144.7,139.21,148.24,174.14,179.99
1334,39,Front/Back,142.32,122.0,161.38,148.91,136.47,138.58,174.14,165.49
1334,40,Front/Back,143.28,116.26,156.31,142.75,137.43,139.06,174.14,168.86
1334,41,Front/Back,142.51,123.15,156.35,148.1,124.43,129.99,161.91,158.25
1334,42,Front/Back,141.13,125.07,156.35,151.52,141.13,135.82,179.99,162.81
1334,43,Front/Back,139.11,126.25,156.35,149.23,139.11,136.47,179.99,162.77
1334,44,Front/Back,137.21,127.26,156.31,149.76,137.21,136.96,179.99,162.77
1334,45,Front/Back,135.67,129.84,156.31,150.06,135.67,137.12,179.99,161.94
1334,46,Front/Back,134.75,131.54,156.31,150.83,134.75,137.13,179.99,161.95
1334,47,Front/Back,146.44,130.41,156.31,147.19,131.26,138.67,164.8,164.59
1334,48,Front/Back,146.79,127.12,156.31,140.84,132.5,142.72,165.71,165.59
1334,49,Front/Back,146.74,135.84,154.81,141.54,133.43,143.3,166.69,165.63
1334,50,Front/Back,146.64,134.56,154.8,140.26,133.31,143.34,166.66,165.67
1334,51,Front/Back,148.56,129.79,156.27,138.12,135.17,147.46,166.61,172.43
1334,52,Front/Back,148.04,132.17,154.81,141.79,134.65,152.05,166.61,179.99
1334,53,Front/Back,146.74,127.9,154.93,139.8,127.08,143.38,160.34,175.14
1334,54,Front/Back,145.87,126.98,153.53,139.68,126.98,147.43,161.11,179.99
1334,55,Front/Back,146.77,127.02,153.8,140.37,127.88,146.94,161.11,179.99
1334,56,Front/Back,146.34,126.65,153.34,140.56,128.25,146.55,161.9,179.99
1334,57,Front/Back,145.95,117.04,151.51,142.29,129.57,135.04,163.61,179.99
1334,58,Front/Back,145.22,127.33,153.64,142.29,130.74,145.33,165.52,179.99
1334,59,Front/Back,144.84,127.79,154.59,142.29,131.42,145.79,166.57,179.99
1334,60,Front/Back,144.87,128.17,154.4,142.29,133.85,146.17,168.97,179.99
1334,61,Front/Back,145.25,128.94,154.22,142.14,135.64,146.94,170.38,179.99
1334,62,Front/Back,146.48,135.09,154.22,153.04,133.08,147.64,166.59,179.99
1334,63,Front/Back,147.71,135.87,155.1,152.85,131.35,148.45,163.63,179.99
1334,64,Front/Back,149.03,135.47,155.01,151.9,130.15,148.86,161.11,179.99
1334,65,Front/Back,149.03,136.91,155.01,150.03,129.4,139.65,160.37,169.53
1334,66,Front/Back,149.93,137.6,155.01,152.21,129.62,137.42,159.68,166.87
1334,67,Front/Back,149.55,140.34,154.93,154.6,128.52,135.68,158.96,164.88
1334,68,Front/Back,150.03,140.9,156.41,155.09,128.3,135.68,158.27,164.88
1334,69,Front/Back,149.65,141.96,156.41,155.8,127.9,135.16,158.25,164.01
1334,70,Front/Back,150.13,142.76,156.35,156.64,127.71,135.13,157.58,164.07
1334,71,Front/Back,149.82,156.19,156.31,162.91,127.4,139.37,157.58,163.18
1334,72,Front/Back,150.62,156.29,156.35,162.9,127.55,140.3,156.92,164.01
1334,73,Front/Back,151.13,156.39,156.41,162.91,127.43,140.4,156.3,164.01
1334,74,Front/Back,152.16,157.03,156.41,161.25,127.89,141.05,155.73,164.01
1334,75,Front/Back,152.76,156.6,156.49,161.25,127.91,141.54,155.15,164.94
1334,76,Front/Back,159.14,156.7,158.07,159.6,133.12,142.64,153.97,165.93
1334,77,Front/Back,154.35,156.7,158.07,161.25,128.36,142.64,154.0,165.93
1334,78,Front/Back,154.93,149.25,157.99,154.04,130.76,145.76,155.82,169.36
1334,79,Front/Back,155.01,149.14,155.1,154.0,133.49,156.27,158.47,179.99
1334,80,Front/Back,154.6,149.14,155.1,155.79,133.77,156.28,159.17,179.99
1334,81,Front/Back,154.19,148.23,155.1,152.98,134.83,156.39,160.64,179.99
1334,82,Front/Back,157.04,148.77,155.21,154.77,138.46,156.93,161.42,179.99
1334,83,Front/Back,156.39,148.77,155.1,156.83,139.47,156.93,163.08,179.99
1334,84,Front/Back,156.93,146.77,155.1,156.41,140.07,157.6,163.13,179.99
1334,85,Front/Back,157.37,147.88,156.59,158.25,141.4,156.93,164.02,179.99
1334,86,Front/Back,156.82,145.53,156.59,158.6,140.85,157.05,164.02,179.99
1334,87,Front/Back,156.93,144.08,156.59,153.14,141.97,158.17,165.04,179.99
1334,88,Front/Back,156.39,145.31,156.59,157.38,140.48,158.05,164.09,179.99
1334,89,Front/Back,156.39,146.36,156.59,157.38,139.59,159.09,163.19,179.99
1334,90,Front/Back,155.87,144.71,158.17,156.32,139.06,158.5,163.19,179.99
1334,91,Front/Back,155.87,143.66,158.17,155.85,138.21,157.92,162.34,179.99
1334,92,Front/Back,155.25,143.21,158.17,155.4,138.44,157.92,163.19,179.99
1334,93,Front/Back,154.74,141.82,158.07,151.75,137.09,157.36,162.34,179.99
1334,94,Front/Back,154.25,140.66,157.92,153.85,137.39,156.92,163.13,179.99
1334,95,Front/Back,153.76,140.33,159.6,153.52,136.9,156.92,163.13,179.99
1334,96,Front/Back,153.29,138.64,159.6,151.72,136.42,157.04,163.13,179.99
1334,97,Front/Back,153.29,139.49,159.6,151.44,138.26,158.16,164.97,179.99
1334,98,Front/Back,152.54,140.8,161.43,152.74,138.35,158.29,165.8,179.99
1334,99,Front/Back,151.91,141.13,163.45,156.6,138.74,158.87,166.82,179.99
1334,100,Front/Back,151.3,141.61,163.45,156.35,140.42,159.61,169.11,179.99
1334,101,Front/Back,150.71,140.56,163.45,155.9,139.79,159.0,169.07,179.99
1334,102,Front/Back,149.85,145.04,165.75,159.55,140.4,160.09,170.54,179.99
1334,103,Front/Back,149.08,146.76,168.48,165.22,143.5,161.53,174.42,179.99
1334,104,Front/Back,148.81,139.38,168.48,144.5,148.8,162.07,179.99,179.99
1334,105,Front/Back,148.74,141.88,168.48,145.71,148.73,163.36,179.99,179.99
1334,106,Front/Back,148.33,140.01,172.09,145.28,148.32,161.92,179.99,179.99
1334,107,Front/Back,148.33,143.97,180.0,153.12,148.32,155.75,179.99,179.99
1334,108,Front/Back,148.81,144.07,180.0,153.12,148.8,155.85,179.99,179.99
1334,109,Front/Back,148.33,144.1,180.0,153.18,148.32,155.85,179.99,179.99
1334,110,Front/Back,148.74,144.14,180.0,155.52,148.73,155.85,179.99,179.99
1334,111,Front/Back,148.74,144.29,180.0,155.67,148.73,155.85,179.99,179.99
1334,112,Front/Back,148.74,144.0,180.0,155.9,148.73,155.33,179.99,179.99
1334,113,Front/Back,149.15,144.31,180.0,156.21,149.14,155.33,179.99,179.99
1334,114,Front/Back,148.74,143.45,180.0,156.84,148.73,153.83,179.99,179.99
1334,115,Front/Back,148.74,143.52,180.0,160.21,148.73,153.35,179.99,179.99
1334,116,Front/Back,148.74,143.73,180.0,160.89,148.73,152.87,179.99,179.99
1334,117,Front/Back,148.66,144.12,180.0,161.28,148.66,152.87,179.99,179.99
1334,118,Front/Back,148.66,144.59,180.0,162.21,148.66,152.41,179.99,179.99
1334,119,Front/Back,148.33,145.4,180.0,163.39,148.32,152.04,179.99,179.99
1334,120,Front/Back,148.33,152.41,180.0,170.12,148.32,152.41,179.99,179.99
1334,121,Front/Back,148.48,152.41,180.0,174.16,148.47,152.41,179.99,179.99
1334,122,Front/Back,150.0,152.88,180.0,174.16,149.99,152.87,179.99,179.99
1334,123,Front/Back,150.5,147.92,180.0,168.43,150.49,153.83,179.99,179.99
1334,124,Front/Back,150.57,145.24,180.0,165.56,150.56,154.02,179.99,179.99
1334,125,Front/Back,150.64,145.83,180.0,166.15,150.63,154.02,179.99,179.99
1334,126,Front/Back,151.08,144.21,180.0,169.08,151.07,155.12,179.99,179.99
1334,127,Front/Back,151.15,146.93,180.0,171.8,151.14,155.12,179.99,179.99
1334,128,Front/Back,151.67,147.6,180.0,172.47,151.67,155.12,179.99,179.99
1334,129,Front/Back,151.83,148.57,180.0,173.23,151.82,155.34,179.99,179.99
1334,130,Front/Back,152.29,149.09,180.0,173.23,152.28,155.86,179.99,179.99
1334,131,Front/Back,152.46,137.27,180.0,159.75,152.45,157.52,179.99,179.99
1334,132,Front/Back,154.35,137.7,180.0,159.75,154.34,157.94,179.99,179.99
1334,133,Front/Back,154.35,156.93,180.0,180.0,154.34,156.92,179.99,179.99
1334,134,Front/Back,155.35,158.05,180.0,180.0,155.34,158.04,179.99,179.99
1334,135,Front/Back,155.35,158.51,180.0,180.0,155.34,158.5,179.99,179.99
1334,136,Front/Back,155.35,158.98,180.0,180.0,155.34,158.97,179.99,179.99
1334,137,Front/Back,155.25,154.8,180.0,175.22,155.24,159.58,179.99,179.99
1334,138,Front/Back,155.66,152.55,180.0,167.89,155.65,159.58,179.99,179.99
1334,139,Front/Back,155.56,153.31,180.0,173.23,155.55,160.07,179.99,179.99
1334,140,Front/Back,155.46,148.5,180.0,167.78,155.46,160.71,179.99,179.99
1334,141,Front/Back,155.37,143.9,180.0,162.52,155.36,161.37,179.99,179.99
1334,142,Front/Back,155.37,144.74,180.0,163.23,155.36,161.51,179.99,179.99
1334,143,Front/Back,156.41,142.79,180.0,161.81,156.41,160.97,179.99,179.99
1334,144,Front/Back,156.51,159.96,180.0,180.0,156.51,159.96,179.99,179.99
1334,145,Front/Back,158.07,159.61,169.74,180.0,158.07,159.61,179.99,179.99
1334,146,Front/Back,157.61,159.61,175.47,180.0,157.6,159.61,179.99,179.99
1334,147,Front/Back,158.07,160.1,166.3,180.0,158.07,160.09,179.99,179.99
1334,148,Front/Back,159.14,161.39,180.0,180.0,159.14,161.39,179.99,179.99
1334,149,Front/Back,159.25,161.39,180.0,180.0,159.24,161.39,179.99,179.99
1334,150,Front/Back,159.25,161.39,180.0,180.0,159.24,161.39,179.99,179.99
1334,151,Front/Back,158.07,162.07,180.0,180.0,158.07,162.07,179.99,179.99
1334,152,Front/Back,158.55,161.93,175.47,180.0,158.54,161.92,179.99,179.99
1334,153,Front/Back,159.14,162.07,176.55,180.0,159.14,162.07,179.99,179.99
1334,154,Front/Back,159.65,162.63,178.39,180.0,159.64,162.62,179.99,179.99
1334,155,Front/Back,160.17,163.36,180.0,180.0,160.16,163.36,179.99,179.99
1334,156,Front/Back,160.27,162.63,172.87,180.0,160.26,162.62,179.99,179.99
1334,157,Front/Back,160.81,163.36,172.87,180.0,160.8,163.36,179.99,179.99
1334,158,Front/Back,160.81,163.21,169.59,172.54,160.8,163.2,179.99,179.99
1334,159,Front/Back,161.47,163.06,169.59,173.07,161.46,163.05,179.99,179.99
1334,160,Front/Back,161.47,163.81,173.74,173.7,161.46,163.81,179.99,179.99
1334,161,Front/Back,161.47,162.92,174.82,170.33,161.46,162.91,179.99,179.99
1334,162,Front/Back,161.58,162.92,174.82,170.84,161.58,162.91,179.99,179.99
1334,163,Front/Back,162.27,164.6,176.29,171.42,162.27,164.59,179.99,179.99
1334,164,Front/Back,164.0,166.31,176.29,169.33,163.99,166.3,179.99,179.99
1334,165,Front/Back,165.78,167.44,179.99,169.91,165.77,167.43,179.99,179.99
1334,166,Front/Back,167.82,169.59,179.99,170.57,167.81,169.59,179.99,179.99
1334,167,Front/Back,169.22,172.64,174.17,173.14,175.03,172.64,179.99,179.99
1334,168,Front/Back,179.98,179.98,179.98,179.98,179.99,179.99,179.99,179.99
1335,1,Side,140.91,142.29,160.79,168.3,176.22,178.83,170.22,114.84
1335,2,Side,140.07,142.04,159.52,168.0,174.96,177.35,167.57,113.13
1335,3,Side,138.53,140.3,157.87,165.29,175.12,177.24,167.71,113.69
1335,4,Side,137.12,138.8,156.08,163.77,175.12,177.09,167.58,112.9
1335,5,Side,134.78,136.95,152.44,160.96,176.18,177.12,170.36,113.57
1335,6,Side,134.43,134.29,151.65,157.26,174.54,176.81,167.29,112.34
1335,7,Side,134.05,135.23,150.51,157.35,173.03,176.1,164.34,112.16
1335,8,Side,132.38,132.32,148.82,153.43,172.85,176.22,163.96,110.84
1335,9,Side,129.78,130.77,145.24,150.44,172.66,174.87,163.78,109.18
1335,10,Side,128.84,129.71,144.31,149.41,172.85,175.27,163.49,106.53
1335,11,Side,126.13,127.7,140.26,147.4,172.66,174.44,163.06,103.79
1335,12,Side,126.3,125.9,141.35,145.16,172.6,174.72,164.54,111.29
1335,13,Side,123.54,123.97,136.53,141.75,172.32,174.27,163.29,107.53
1335,14,Side,131.11,121.87,140.94,138.92,169.09,174.41,158.74,110.68
1335,15,Side,130.55,119.79,138.56,135.79,168.59,175.42,159.1,112.8
1335,16,Side,123.63,116.45,126.92,131.39,168.74,175.54,155.68,110.27
1335,17,Side,122.21,114.9,123.4,129.36,166.79,175.16,157.95,111.52
1335,18,Side,109.39,112.99,113.3,126.48,171.57,173.35,168.44,110.67
1335,19,Side,106.82,110.51,109.19,123.03,170.3,172.37,167.34,109.14
1335,20,Side,102.95,107.66,103.59,118.6,169.07,171.98,164.14,109.63
1335,21,Side,104.27,102.9,108.52,112.26,167.71,171.51,162.97,108.84
1335,22,Side,98.46,101.91,96.85,111.0,167.36,172.11,162.82,108.71
1335,23,Side,98.92,94.18,102.64,107.25,168.34,179.28,166.28,110.66
1335,24,Side,95.95,88.99,99.65,101.53,169.3,176.57,167.27,114.75
1335,25,Side,92.94,85.17,95.08,96.59,169.3,174.96,167.27,116.72
1335,26,Side,90.49,92.52,92.14,105.6,168.93,173.24,167.15,117.16
1335,27,Side,87.97,88.98,89.07,100.96,168.48,173.21,167.27,117.16
1335,28,Side,82.09,87.27,82.98,99.46,169.31,176.46,170.56,112.45
1335,29,Side,77.84,71.08,79.93,81.21,170.23,178.14,174.21,112.45
1335,30,Side,77.04,71.6,78.23,80.94,168.47,178.14,169.67,108.34
1335,31,Side,74.79,65.96,74.74,71.68,170.09,178.14,175.1,107.69
1335,32,Side,76.26,65.96,76.08,71.88,169.14,177.34,170.2,108.79
1335,33,Side,73.09,65.13,73.43,69.85,170.39,177.33,171.22,108.79
1335,34,Side,70.47,63.73,70.19,68.45,169.88,177.32,175.03,113.06
1335,35,Side,68.03,61.03,68.3,69.23,171.01,177.32,175.6,113.06
1335,36,Side,59.85,59.88,63.68,67.45,179.37,175.96,178.34,113.87
1335,37,Side,61.63,56.02,64.22,63.04,178.53,176.51,174.87,112.98
1335,38,Side,58.79,52.06,61.38,59.2,176.86,176.51,173.19,113.32
1335,39,Side,57.37,51.78,58.75,57.82,176.23,176.51,168.83,112.4
1335,40,Side,55.84,48.62,58.96,54.66,174.11,176.52,163.56,111.48
1335,41,Side,50.94,47.2,53.55,51.46,176.14,177.86,175.1,106.87
1335,42,Side,51.67,48.48,53.07,52.08,173.82,176.49,154.34,107.45
1335,43,Side,56.57,48.49,55.01,52.03,176.52,176.46,166.21,106.29
1335,44,Side,57.39,49.92,55.3,49.75,177.04,176.47,156.52,104.92
1335,45,Side,53.95,49.93,53.65,49.77,176.4,176.44,166.75,107.27
1335,46,Side,53.93,51.64,53.65,51.46,176.3,177.25,166.06,105.31
1335,47,Side,54.85,50.91,54.58,50.72,176.21,177.26,171.15,105.31
1335,48,Side,56.28,51.89,54.32,51.69,177.42,177.24,176.77,101.07
1335,49,Side,56.27,55.33,54.32,56.15,177.4,177.1,179.77,103.12
1335,50,Side,56.83,56.4,57.39,57.2,177.31,177.1,179.63,103.13
1335,51,Side,58.89,58.58,55.76,61.77,177.22,177.08,178.78,103.15
1335,52,Side,63.13,59.83,58.75,63.49,177.18,177.53,178.86,100.95
1335,53,Side,65.38,61.58,61.0,64.03,178.19,176.66,175.62,102.02
1335,54,Side,65.34,60.17,59.78,61.61,179.14,177.69,174.34,102.91
1335,55,Side,67.68,62.0,62.12,63.43,179.91,177.7,170.51,102.71
1335,56,Side,70.11,67.32,64.55,70.71,178.97,175.75,172.35,98.86
1335,57,Side,73.96,72.51,70.79,75.96,178.94,174.86,170.08,100.7
1335,58,Side,77.77,77.52,76.33,82.71,178.56,174.34,168.69,101.46
1335,59,Side,82.23,81.73,80.79,86.96,178.56,172.55,169.7,107.07
1335,60,Side,86.21,89.67,86.48,95.49,178.21,172.02,163.93,107.94
1335,61,Side,92.79,95.14,91.25,100.99,172.67,171.18,162.47,109.84
1335,62,Side,96.63,100.15,97.25,109.82,173.81,171.14,158.74,109.84
1335,63,Side,101.59,97.61,103.46,107.34,174.45,172.34,164.33,115.57
1335,64,Side,104.71,101.03,106.61,111.85,174.42,172.27,164.61,117.3
1335,65,Side,106.9,105.05,107.96,117.58,175.76,171.0,165.83,117.6
1335,66,Side,121.29,108.5,120.37,122.04,172.81,171.0,164.81,117.6
1335,67,Side,124.82,109.99,124.44,124.65,174.17,171.85,166.27,117.65
1335,68,Side,115.73,115.91,118.93,129.27,176.49,177.67,166.5,115.51
1335,69,Side,118.94,118.61,123.36,133.1,176.49,178.68,166.76,111.97
1335,70,Side,120.96,121.96,127.04,137.6,176.88,176.75,166.95,115.52
1335,71,Side,124.08,123.98,131.35,141.49,176.82,176.3,165.78,115.94
1335,72,Side,125.88,125.58,134.8,142.65,176.28,177.67,164.8,118.02
1335,73,Side,130.61,128.69,141.9,146.91,176.36,177.67,164.87,118.02
1335,74,Side,132.58,129.63,145.83,146.38,176.28,176.63,165.06,119.49
1335,75,Side,135.52,130.28,150.01,148.57,176.36,176.24,165.13,119.45
1335,76,Side,136.91,130.42,151.85,151.73,176.89,170.96,166.52,122.42
1335,77,Side,138.33,132.39,154.94,152.56,178.34,171.15,167.74,120.58
1335,78,Side,145.37,134.33,157.27,155.61,176.08,171.23,166.27,114.25
1335,79,Side,148.0,140.56,163.55,162.61,177.19,169.26,168.36,115.26
1335,80,Side,147.99,141.47,163.55,164.59,177.2,169.31,169.96,114.93
1335,81,Side,149.92,140.58,166.69,161.3,175.93,169.26,169.55,121.84
1335,82,Side,149.91,140.58,166.69,161.3,175.82,169.26,169.42,121.84
1336,1,Side,154.26,169.46,165.59,173.86,169.69,165.44,176.15,178.36
1336,2,Side,149.08,167.61,157.56,170.29,170.55,166.04,176.66,179.1
1336,3,Side,144.88,167.83,151.88,168.69,172.16,166.58,179.32,179.86
1336,4,Side,142.23,165.39,147.75,165.02,172.86,167.83,179.37,179.74
1336,5,Side,135.59,164.14,140.86,161.91,171.4,167.52,179.53,179.66
1336,6,Side,131.61,161.72,135.41,160.28,173.06,174.4,177.88,175.88
1336,7,Side,132.33,152.87,133.94,147.95,174.61,168.68,178.41,178.6
1336,8,Side,126.69,147.1,126.78,139.64,174.57,167.06,179.14,177.96
1336,9,Side,118.0,132.45,116.57,120.09,174.72,167.78,179.87,178.67
1336,10,Side,111.41,123.2,109.18,108.94,175.52,167.57,178.68,177.64
1336,11,Side,103.36,112.55,100.3,94.61,176.34,168.21,174.41,179.64
1336,12,Side,90.41,101.46,87.27,83.99,176.52,167.28,175.63,179.57
1336,13,Side,79.85,86.9,74.05,68.58,178.13,166.43,178.42,179.44
1336,14,Side,54.58,74.15,50.71,54.82,179.95,165.52,178.57,179.6
1336,15,Side,47.65,63.92,43.73,43.69,179.85,164.62,178.67,179.48
1336,16,Side,39.83,58.2,37.55,35.97,179.8,165.06,178.83,180.0
1336,17,Side,38.22,53.82,36.63,35.6,179.46,166.4,179.89,179.43
1336,18,Side,36.15,48.3,36.1,31.33,179.7,165.88,178.7,179.52
1336,19,Side,36.22,44.12,37.16,28.88,178.71,166.64,179.37,179.8
1336,20,Side,31.92,44.54,36.07,31.5,178.7,167.77,179.57,179.35
1336,21,Side,34.11,41.01,36.86,31.27,178.68,168.53,179.45,178.49
1336,22,Side,37.74,44.5,38.71,32.74,178.74,167.31,179.44,179.85
1336,23,Side,42.37,52.5,41.54,40.98,178.7,177.64,179.31,175.38
1336,24,Side,48.11,60.72,46.4,50.89,177.14,176.2,179.44,178.49
1336,25,Side,53.99,73.75,50.67,59.58,177.11,176.83,176.47,179.37
1336,26,Side,74.89,85.14,69.8,67.87,177.3,176.69,176.53,178.16
1336,27,Side,73.89,93.35,71.39,77.79,176.3,176.77,176.53,178.16
1336,28,Side,83.38,101.99,80.88,86.57,176.35,176.92,176.57,179.76
1336,29,Side,93.27,115.19,90.8,102.27,176.39,175.56,176.64,178.5
1336,30,Side,99.58,123.48,100.3,110.64,173.1,175.62,174.87,179.47
1336,31,Side,108.46,133.55,109.18,120.78,173.27,175.69,173.99,179.46
1336,32,Side,115.86,138.56,116.57,126.94,172.63,175.11,174.37,178.47
1336,33,Side,121.3,143.99,120.58,134.26,175.79,175.26,177.18,178.47
1336,34,Side,128.41,149.64,127.69,139.3,175.84,174.64,178.3,178.49
1336,35,Side,134.31,153.97,135.19,145.53,175.89,174.78,179.5,178.51
1336,36,Side,137.49,156.75,139.08,141.08,175.18,166.99,179.53,177.9
1336,37,Side,139.66,153.95,142.0,146.58,175.1,175.71,179.72,179.5
1336,38,Side,142.28,155.49,146.15,152.05,174.31,176.46,178.59,177.52
1336,39,Side,146.58,156.78,151.31,159.36,175.56,176.63,178.83,178.24
1336,40,Side,149.04,155.87,155.3,158.16,174.73,175.96,178.65,177.99
1336,41,Side,155.87,160.65,162.41,167.26,175.85,176.6,177.76,177.99
1336,42,Side,155.85,159.91,162.41,166.3,175.01,176.67,178.58,176.05
1336,43,Side,152.87,159.0,161.55,164.06,175.0,175.91,176.01,176.02
1336,44,Side,152.83,162.34,161.55,164.06,174.02,167.18,177.14,179.36
1336,45,Side,154.07,161.68,163.41,164.06,174.45,167.68,176.3,179.9
1337,1,Front/Back,179.98,179.98,179.97,179.97,179.98,179.98,179.98,179.97
1337,2,Front/Back,160.53,159.89,160.51,163.82,179.99,172.48,179.98,180.0
1337,3,Front/Back,157.35,154.06,157.33,160.16,180.0,169.19,159.64,174.55
1337,4,Front/Back,157.99,143.9,145.17,157.61,180.0,161.03,156.45,179.99
1337,5,Front/Back,139.7,136.64,156.3,155.82,163.39,155.39,153.62,180.0
1337,6,Front/Back,141.25,129.94,145.74,148.79,163.39,161.15,168.29,180.0
1337,7,Front/Back,133.32,121.59,142.6,152.97,158.21,148.62,159.76,180.0
1337,8,Front/Back,132.35,113.02,144.1,152.52,147.1,140.48,157.65,180.0
1337,9,Front/Back,121.45,110.24,141.54,141.26,126.75,138.14,146.84,180.0
1337,10,Front/Back,114.25,100.03,125.37,138.88,125.05,131.5,148.3,180.0
1337,11,Front/Back,90.55,91.14,131.87,133.12,138.68,138.02,180.0,180.0
1337,12,Front/Back,97.75,89.67,115.34,133.24,133.69,136.44,163.4,180.0
1337,13,Front/Back,94.86,90.54,109.76,134.9,121.14,135.65,153.09,180.0
1337,14,Front/Back,92.76,102.79,110.29,137.18,124.65,124.34,158.7,158.73
1337,15,Front/Back,85.69,108.37,112.18,145.45,136.98,142.92,180.0,180.0
1337,16,Front/Back,91.66,96.1,119.86,115.0,135.27,132.68,180.0,180.0
1337,17,Front/Back,99.03,114.86,134.45,154.93,136.15,131.99,180.0,180.0
1337,18,Front/Back,119.53,111.95,140.81,138.18,150.28,142.92,180.0,180.0
1337,19,Front/Back,117.7,112.83,138.96,132.74,150.3,143.8,180.0,180.0
1337,20,Front/Back,117.53,118.3,132.02,138.26,151.48,145.58,180.0,180.0
1337,21,Front/Back,122.22,117.25,146.18,133.45,152.7,147.52,180.0,180.0
1337,22,Front/Back,116.68,111.86,128.57,128.09,155.29,147.48,180.0,180.0
1337,23,Front/Back,118.49,97.66,129.01,120.89,158.18,140.48,180.0,180.0
1337,24,Front/Back,103.04,93.76,120.48,118.61,147.08,138.87,180.0,180.0
1337,25,Front/Back,101.37,100.02,119.85,121.01,146.04,141.18,180.0,180.0
1337,26,Front/Back,103.0,103.89,120.88,123.17,148.15,142.89,180.0,180.0
1337,27,Front/Back,98.76,100.23,116.75,113.25,150.7,144.74,180.0,180.0
1337,28,Front/Back,119.44,102.58,114.82,113.34,158.21,148.51,180.0,180.0
1337,29,Front/Back,117.81,108.09,112.15,118.65,158.71,151.78,180.0,180.0
1337,30,Front/Back,151.88,113.62,141.1,123.46,163.39,156.59,180.0,180.0
1337,31,Front/Back,176.57,125.47,155.72,130.9,176.57,160.93,180.0,180.0
1337,32,Front/Back,162.37,137.66,134.36,131.85,180.0,172.24,180.0,180.0
1337,33,Front/Back,171.68,153.01,151.79,125.25,162.2,180.0,153.93,180.0
1337,34,Front/Back,177.44,159.08,148.89,128.56,163.85,180.0,142.86,163.96
1337,35,Front/Back,180.0,180.0,148.93,149.48,170.29,154.52,138.97,130.35
1338,1,Front/Back,143.82,180.0,165.93,153.86,151.37,158.81,153.68,116.45
1338,2,Front/Back,144.36,149.07,158.06,135.5,142.32,151.86,132.5,122.97
1338,3,Front/Back,135.51,141.2,154.46,131.82,137.07,144.07,133.65,127.31
1338,4,Front/Back,127.09,131.1,143.12,124.75,133.23,139.19,137.1,130.34
1338,5,Front/Back,127.0,122.74,121.16,120.19,128.61,132.05,136.64,149.22
1338,6,Front/Back,118.28,115.6,114.45,118.26,125.84,128.1,133.44,149.22
1338,7,Front/Back,112.96,108.47,107.63,133.24,123.01,121.63,140.0,146.4
1338,8,Front/Back,108.04,110.73,105.18,122.87,116.63,117.55,148.5,143.89
1338,9,Front/Back,101.48,105.7,100.08,122.94,113.97,114.63,147.3,146.67
1338,10,Front/Back,96.55,102.88,91.04,123.47,109.71,112.51,141.76,148.3
1338,11,Front/Back,90.86,89.76,89.65,130.04,106.77,109.28,143.13,149.56
1338,12,Front/Back,91.14,102.49,92.22,128.66,102.1,108.39,140.74,149.76
1338,13,Front/Back,90.83,105.67,98.77,125.52,100.0,107.91,140.74,147.22
1338,14,Front/Back,92.79,110.57,112.56,126.0,97.91,106.73,140.74,143.86
1338,15,Front/Back,107.67,120.08,121.38,131.17,100.24,105.61,137.01,140.43
1338,16,Front/Back,119.01,140.23,137.38,152.42,98.01,99.77,135.92,133.38
1338,17,Front/Back,132.79,145.18,154.88,166.97,94.49,108.21,140.21,143.03
1338,18,Front/Back,137.26,144.0,156.6,166.97,97.24,107.86,139.98,143.86
1338,19,Front/Back,140.34,142.86,160.46,161.54,103.18,107.61,142.85,144.75
1338,20,Front/Back,142.57,140.66,160.46,161.54,104.21,106.66,141.64,145.99
1338,21,Front/Back,144.84,137.66,165.76,158.59,105.31,108.68,140.47,151.02
1338,22,Front/Back,143.65,137.73,165.76,158.59,107.47,111.9,143.82,154.17
1338,23,Front/Back,143.65,138.75,165.76,163.02,108.75,112.92,145.1,154.17
1338,24,Front/Back,143.73,138.75,158.59,163.02,111.26,111.31,147.53,152.55
1338,25,Front/Back,143.73,139.79,162.8,159.2,110.82,118.06,147.09,158.27
1338,26,Front/Back,142.57,138.75,162.8,159.2,110.88,120.42,148.31,161.67
1338,27,Front/Back,142.57,138.75,162.8,158.29,112.33,120.42,149.76,161.67
1338,28,Front/Back,142.49,138.84,168.41,180.0,115.38,122.72,152.89,163.88
1338,29,Front/Back,142.49,138.84,167.31,180.0,115.38,125.59,152.89,166.75
1338,30,Front/Back,143.59,137.82,167.31,180.0,116.48,124.57,152.89,166.75
1338,31,Front/Back,142.43,136.93,166.44,180.0,115.14,126.99,152.71,170.07
1338,32,Front/Back,127.29,135.94,152.37,165.8,115.76,126.01,154.4,170.07
1338,33,Front/Back,119.47,135.94,139.1,165.21,113.23,126.37,152.89,170.43
1338,34,Front/Back,116.65,125.62,133.89,153.9,114.07,126.99,151.29,170.07
1338,35,Front/Back,109.98,124.31,126.06,149.11,120.14,135.42,129.57,175.43
1338,36,Front/Back,106.83,121.59,121.74,137.41,119.86,124.65,125.28,155.68
1338,37,Front/Back,108.17,113.8,123.95,141.65,120.4,130.24,136.74,147.1
1338,38,Front/Back,107.97,104.73,116.65,123.8,123.27,120.39,130.8,133.01
1338,39,Front/Back,104.91,96.15,111.95,115.55,126.25,118.61,127.73,153.22
1338,40,Front/Back,106.99,95.47,112.57,112.4,128.82,118.05,118.88,140.89
1338,41,Front/Back,109.14,95.86,113.14,111.58,132.52,117.88,117.67,130.86
1338,42,Front/Back,100.72,97.5,116.4,113.54,132.18,116.65,117.24,129.55
1338,43,Front/Back,112.21,103.86,115.94,118.44,131.92,119.5,123.98,133.18
1338,44,Front/Back,102.42,107.31,121.34,120.47,132.24,122.35,142.96,132.3
1338,45,Front/Back,107.26,113.44,129.41,125.72,130.04,130.25,156.89,140.8
1338,46,Front/Back,120.27,118.82,125.73,129.53,133.61,125.41,158.88,132.3
1338,47,Front/Back,118.83,121.4,127.05,132.91,137.41,126.84,159.19,133.73
1338,48,Front/Back,124.62,126.52,131.74,137.89,139.37,128.64,129.03,131.34
1338,49,Front/Back,139.08,131.06,135.31,140.76,143.82,131.91,145.16,132.93
1338,50,Front/Back,144.63,135.04,138.66,157.96,144.23,133.95,136.2,134.81
1338,51,Front/Back,148.35,143.18,157.28,166.1,147.95,135.79,131.52,136.65
1338,52,Front/Back,151.62,157.06,160.55,179.98,152.12,140.18,131.76,139.36
1338,53,Front/Back,164.52,157.07,164.52,180.0,161.4,146.22,128.66,149.18
1338,54,Front/Back,179.97,171.16,179.97,180.0,179.99,149.97,148.99,138.85
1338,55,Front/Back,179.97,179.99,179.97,173.3,170.72,158.8,137.26,140.8
1338,56,Front/Back,179.97,179.97,179.97,179.97,179.98,179.98,143.63,174.64
1338,57,Front/Back,179.97,179.97,179.97,179.97,179.98,179.98,149.16,179.99
1338,58,Front/Back,179.97,179.97,179.97,179.97,179.98,179.98,149.16,179.99
1338,59,Front/Back,179.97,179.97,179.97,179.97,179.98,179.98,179.97,179.97
1339,1,Front/Back,179.98,179.98,179.98,179.98,179.99,179.99,179.99,179.99
1339,2,Front/Back,180.0,180.0,166.8,178.34,179.99,179.99,179.99,179.99
1339,3,Front/Back,180.0,180.0,163.05,180.0,179.99,179.99,179.99,179.99
1339,4,Front/Back,180.0,180.0,158.64,180.0,179.99,179.99,179.99,179.99
1339,5,Front/Back,158.82,164.06,154.49,180.0,158.82,164.05,179.99,179.99
1339,6,Front/Back,158.13,160.86,151.48,180.0,158.12,160.85,179.99,179.99
1339,7,Front/Back,158.82,159.43,147.46,173.99,158.82,159.42,179.99,179.99
1339,8,Front/Back,158.82,160.15,148.42,170.45,158.81,160.15,179.99,179.99
1339,9,Front/Back,156.12,158.14,148.83,156.19,156.12,158.13,179.99,179.99
1339,10,Front/Back,157.43,157.38,150.31,153.78,157.43,157.38,179.99,179.99
1339,11,Front/Back,156.77,154.99,151.93,151.09,156.76,154.98,179.99,179.99
1339,12,Front/Back,154.88,154.45,150.85,162.03,154.87,154.44,179.99,179.99
1339,13,Front/Back,154.88,154.83,149.81,161.75,154.88,154.82,179.99,179.99
1339,14,Front/Back,154.88,154.18,149.58,162.8,154.88,154.18,179.99,179.99
1339,15,Front/Back,156.56,153.97,151.69,162.39,156.55,153.96,179.99,179.99
1339,16,Front/Back,155.7,153.73,151.69,161.92,155.7,153.72,179.99,179.99
1339,17,Front/Back,154.88,150.85,153.32,161.25,154.88,150.84,179.99,179.99
1339,18,Front/Back,164.6,158.5,154.19,164.23,164.59,158.49,179.99,179.99
1339,19,Front/Back,180.0,168.14,154.85,175.81,179.99,168.14,179.99,179.99
1339,20,Front/Back,180.0,180.0,155.96,176.49,179.99,179.99,179.99,179.99
1339,21,Front/Back,180.0,180.0,156.36,180.0,179.99,179.99,179.99,179.99
1339,22,Front/Back,180.0,180.0,154.74,172.46,179.99,179.99,179.99,179.99
1339,23,Front/Back,180.0,180.0,153.59,166.67,179.99,179.99,179.99,179.99
1339,24,Front/Back,180.0,180.0,153.23,162.14,179.99,179.99,179.99,179.99
1339,25,Front/Back,180.0,180.0,152.12,158.96,179.99,179.99,179.99,179.99
1339,26,Front/Back,180.0,180.0,141.95,147.14,179.99,179.99,179.99,179.99
1339,27,Front/Back,180.0,180.0,146.54,146.86,179.99,179.99,179.99,179.99
1339,28,Front/Back,180.0,180.0,145.92,147.65,179.99,179.99,179.99,179.99
1339,29,Front/Back,180.0,180.0,144.46,147.62,179.99,179.99,179.99,179.99
1339,30,Front/Back,180.0,180.0,143.91,148.71,179.99,179.99,179.99,179.99
1339,31,Front/Back,180.0,180.0,143.08,149.74,179.99,179.99,179.99,179.99
1339,32,Front/Back,180.0,180.0,142.57,149.99,179.99,179.99,179.99,179.99
1339,33,Front/Back,180.0,180.0,141.11,149.99,179.99,179.99,179.99,179.99
1339,34,Front/Back,174.67,169.98,141.11,151.14,174.67,169.97,179.99,179.99
1339,35,Front/Back,161.12,163.45,141.47,152.27,161.11,163.45,179.99,179.99
1339,36,Front/Back,156.15,158.82,140.35,153.11,156.14,158.82,179.99,179.99
1339,37,Front/Back,158.83,164.15,140.35,155.01,158.83,164.14,179.99,179.99
1339,38,Front/Back,161.08,169.62,140.72,156.69,161.07,169.62,179.99,179.99
1339,39,Front/Back,160.31,172.68,139.97,158.71,160.3,172.67,179.99,179.99
1339,40,Front/Back,160.31,172.75,141.88,162.86,160.3,172.75,179.99,179.99
1339,41,Front/Back,164.63,180.0,140.35,175.0,164.62,179.99,179.99,179.99
1339,42,Front/Back,165.61,172.68,142.38,180.0,165.61,172.67,179.99,179.99
1340,1,Side,169.05,153.24,176.81,155.02,163.09,173.05,129.82,150.69
1340,2,Side,160.32,161.34,168.57,159.44,165.2,173.46,127.65,154.21
1340,3,Side,157.47,157.6,164.89,154.23,168.58,173.5,136.33,154.53
1340,4,Side,153.12,153.22,159.23,151.92,166.21,174.95,132.21,155.32
1340,5,Side,145.99,154.88,148.7,151.56,166.02,174.32,132.98,154.81
1340,6,Side,143.3,137.29,144.63,135.17,165.83,177.03,131.51,154.1
1340,7,Side,138.35,135.65,139.19,133.53,169.56,177.0,134.03,153.68
1340,8,Side,139.29,135.66,137.83,136.64,165.01,176.96,129.49,154.04
1340,9,Side,138.71,148.99,137.9,145.62,165.46,169.2,122.77,144.39
1340,10,Side,135.34,149.03,135.19,145.62,167.15,169.05,129.49,144.28
1340,11,Side,133.87,149.07,133.77,145.62,166.95,168.9,129.29,144.17
1340,12,Side,130.95,139.49,130.3,133.04,167.22,169.59,131.35,143.38
1340,13,Side,123.46,121.77,121.76,118.68,168.84,171.79,131.14,145.29
1340,14,Side,114.87,110.87,113.2,106.53,170.2,176.79,130.52,153.07
1340,15,Side,105.04,101.95,99.82,93.96,172.23,177.63,133.85,154.81
1340,16,Side,94.21,92.86,87.08,85.27,171.14,178.92,127.75,153.28
1340,17,Side,86.61,79.76,77.44,69.23,170.9,172.09,127.48,144.86
1340,18,Side,75.14,69.29,63.61,57.7,169.02,175.44,124.87,153.6
1340,19,Side,66.49,59.1,55.28,46.36,168.86,175.44,125.91,152.79
1340,20,Side,61.2,50.64,47.36,35.67,168.19,175.13,125.73,150.2
1340,21,Side,53.45,44.76,39.49,31.18,167.52,177.37,126.71,156.25
1340,22,Side,46.79,42.89,36.6,26.61,169.12,176.25,129.57,151.3
1340,23,Side,42.21,39.84,27.98,24.85,172.11,176.27,133.36,152.35
1340,24,Side,37.55,38.36,25.15,20.45,173.24,177.35,135.68,154.49
1340,25,Side,37.2,37.05,22.0,18.06,171.01,174.1,138.64,152.33
1340,26,Side,34.53,36.04,21.07,15.93,172.12,170.99,143.29,149.28
1340,27,Side,33.81,33.71,22.44,18.27,171.6,174.06,142.6,153.8
1340,28,Side,33.04,31.0,21.7,19.85,170.45,177.22,142.92,155.92
1340,29,Side,31.68,32.04,19.69,17.07,169.8,176.67,144.31,156.95
1340,30,Side,29.65,31.06,19.39,15.79,170.3,176.04,141.91,156.95
1340,31,Side,31.95,30.89,20.52,14.2,170.65,175.44,141.48,159.02
1340,32,Side,31.94,30.56,20.15,13.44,170.95,174.73,143.08,159.89
1340,33,Side,31.94,29.54,20.15,13.44,171.01,173.78,143.6,156.5
1340,34,Side,31.94,29.54,20.15,13.44,169.66,173.78,146.3,156.89
1340,35,Side,31.99,30.04,20.15,13.94,169.69,174.91,146.94,158.96
1340,36,Side,31.89,29.99,20.72,13.94,171.21,174.96,148.32,159.33
1340,37,Side,32.43,31.07,21.31,13.5,171.1,176.1,148.67,161.42
1340,38,Side,31.99,31.02,18.95,13.5,170.18,177.39,149.39,164.26
1340,39,Side,31.39,31.02,18.95,13.5,169.33,177.34,148.4,164.22
1340,40,Side,31.95,31.56,19.55,14.04,169.07,178.58,148.55,167.19
1340,41,Side,28.41,32.12,15.7,14.59,168.44,178.66,148.66,167.56
1340,42,Side,28.91,33.16,16.2,14.18,168.44,178.79,148.66,167.93
1340,43,Side,29.43,33.76,16.72,14.77,168.27,178.87,148.9,168.29
1340,44,Side,29.39,33.76,16.72,15.14,168.31,178.95,148.9,168.65
1340,45,Side,29.93,34.37,17.26,15.76,168.13,179.04,149.12,168.74
1340,46,Side,29.9,34.33,17.82,15.76,169.71,179.09,150.5,168.74
1340,47,Side,30.45,34.38,16.13,14.94,169.16,178.74,150.5,170.58
1340,48,Side,31.06,35.75,18.55,16.31,171.13,178.74,151.88,170.32
1340,49,Side,32.36,36.65,20.08,17.38,171.13,178.3,151.5,167.97
1340,50,Side,33.02,37.36,20.77,16.24,171.16,177.73,151.5,167.15
1340,51,Side,33.71,39.38,21.49,18.26,172.47,177.73,153.17,167.15
1340,52,Side,36.36,40.28,22.28,19.58,170.07,177.76,151.5,167.15
1340,53,Side,37.93,42.13,22.8,20.97,170.61,177.64,150.97,168.72
1340,54,Side,38.77,44.31,23.68,21.68,170.65,177.64,150.57,168.72
1340,55,Side,40.96,46.42,24.66,23.78,170.78,177.5,150.29,169.18
1340,56,Side,42.64,46.85,26.87,23.69,171.32,179.16,149.36,167.33
1340,57,Side,44.17,47.49,27.9,24.86,169.47,177.64,147.57,167.99
1340,58,Side,45.2,48.71,28.97,25.02,169.5,177.76,147.12,167.51
1340,59,Side,45.17,49.98,29.3,26.29,169.54,179.13,146.65,164.69
1340,60,Side,48.15,51.31,32.47,27.62,170.06,179.22,146.65,164.2
1340,61,Side,49.37,54.18,34.02,30.46,168.91,179.43,143.53,163.62
1340,62,Side,50.58,54.15,34.96,30.46,168.78,179.39,143.35,163.62
1340,63,Side,51.91,54.42,36.29,32.78,168.96,179.53,143.53,161.44
1340,64,Side,53.29,56.01,37.99,34.86,169.14,179.53,142.22,161.44
1340,65,Side,55.24,56.4,39.43,36.75,173.21,178.41,145.39,158.77
1340,66,Side,56.74,58.17,40.93,38.52,174.31,178.41,146.95,158.77
1340,67,Side,58.81,58.94,42.8,41.89,172.76,179.45,146.62,159.82
1340,68,Side,59.3,60.87,43.29,43.82,172.76,179.49,145.91,157.68
1340,69,Side,62.76,62.86,46.47,45.83,171.68,179.56,143.61,158.2
1340,70,Side,64.1,64.93,48.32,47.53,173.24,178.57,143.51,157.07
1340,71,Side,65.99,65.99,50.25,50.19,173.22,178.59,143.45,157.07
1340,72,Side,67.95,68.33,52.24,52.9,172.09,179.69,141.91,157.71
1340,73,Side,71.67,70.73,57.92,52.94,172.56,178.59,141.16,157.05
1340,74,Side,71.62,73.22,57.92,55.45,171.3,177.49,137.14,154.92
1340,75,Side,76.25,77.77,63.03,63.62,171.78,176.32,135.4,153.23
1340,76,Side,77.97,95.17,66.75,81.49,171.15,179.23,130.28,157.04
1340,77,Side,80.22,85.78,69.02,72.31,164.84,179.72,118.92,156.52
1340,78,Side,84.87,92.01,73.41,77.66,165.74,175.65,119.72,149.71
1340,79,Side,86.73,104.54,77.33,90.84,166.49,175.6,118.9,149.17
1340,80,Side,89.11,110.48,79.71,97.13,172.02,175.62,130.72,148.71
1340,81,Side,93.88,112.78,84.48,101.79,171.87,176.13,131.73,151.1
1340,82,Side,96.25,115.5,86.63,104.5,171.89,176.08,130.66,149.17
1340,83,Side,98.61,121.14,88.99,109.59,165.35,174.34,113.08,151.17
1340,84,Side,101.86,122.47,93.35,113.83,162.85,176.52,108.96,153.12
1340,85,Side,107.25,124.73,100.21,116.1,162.85,176.57,108.54,150.6
1340,86,Side,109.66,126.91,102.61,118.79,162.05,177.18,105.56,150.7
1340,87,Side,111.99,126.87,104.94,119.28,161.29,177.71,103.44,149.81
1340,88,Side,117.51,128.66,112.1,121.07,161.57,176.57,103.75,148.27
1340,89,Side,120.86,131.82,117.13,126.11,161.57,175.52,103.15,148.54
1340,90,Side,125.11,131.82,121.34,126.29,161.83,178.81,103.45,153.9
1340,91,Side,130.39,132.99,129.97,127.82,161.1,179.37,101.27,153.09
1340,92,Side,140.49,136.26,145.28,131.31,161.08,175.16,102.74,150.68
1340,93,Side,143.48,139.12,148.25,134.17,161.06,175.16,104.17,152.99
1340,94,Side,138.15,141.98,139.82,138.86,162.87,175.21,104.01,153.05
1340,95,Side,148.03,144.42,149.05,141.28,162.23,176.07,106.3,155.07
1340,96,Side,151.17,143.4,151.66,140.92,161.7,176.72,106.3,154.27
1340,97,Side,155.66,145.95,161.8,145.3,162.25,176.71,107.71,154.27
1340,98,Side,156.45,145.94,162.6,145.3,162.25,174.46,107.71,147.3
1340,99,Side,157.21,156.84,163.35,154.18,162.25,172.44,107.71,146.86
1340,100,Side,158.59,158.33,164.74,157.49,161.97,173.28,107.43,148.07
1340,101,Side,158.68,158.97,165.38,158.16,163.26,173.31,109.52,147.15
1340,102,Side,156.47,163.1,159.84,167.17,169.24,174.14,125.91,148.41
1340,103,Side,161.31,163.1,169.63,167.17,168.31,174.19,123.72,147.96
1340,104,Side,161.83,163.1,170.15,167.17,167.22,174.23,120.09,147.51
1340,105,Side,161.83,163.07,170.15,167.17,166.22,175.04,112.12,148.7
1340,106,Side,154.48,163.07,163.44,167.17,166.11,175.08,108.76,148.2
1340,107,Side,155.27,165.37,164.24,170.49,165.39,174.49,106.41,148.14
1341,1,Front/Back,165.09,180.0,165.09,180.0,180.0,155.97,143.07,155.97
1341,2,Front/Back,153.06,178.07,163.55,180.0,169.51,157.25,139.92,159.18
1341,3,Front/Back,146.81,169.13,159.85,180.0,166.96,148.06,139.92,158.93
1341,4,Front/Back,139.79,164.73,156.83,180.0,162.95,145.57,132.62,160.84
1341,5,Front/Back,133.46,136.63,152.35,155.32,161.11,141.89,127.64,160.57
1341,6,Front/Back,124.69,132.32,150.24,153.91,154.45,141.07,128.41,162.65
1341,7,Front/Back,120.51,129.69,148.37,152.58,152.14,138.23,133.37,161.13
1341,8,Front/Back,116.42,146.16,147.52,171.49,148.9,136.11,139.72,161.45
1341,9,Front/Back,114.6,121.62,147.66,148.09,146.94,133.27,143.07,159.74
1341,10,Front/Back,111.28,118.5,146.26,147.12,145.03,133.91,128.34,162.53
1341,11,Front/Back,108.28,114.16,145.03,143.8,143.25,131.48,128.34,161.13
1341,12,Front/Back,102.98,108.3,141.48,140.84,141.5,126.57,136.43,159.11
1341,13,Front/Back,98.47,98.88,138.64,136.61,139.83,124.8,149.8,162.53
1341,14,Front/Back,96.98,94.93,137.93,135.04,139.06,114.41,159.42,154.52
1341,15,Front/Back,92.98,96.94,136.28,135.45,136.7,108.54,180.0,147.04
1341,16,Front/Back,91.64,93.51,136.44,133.6,121.74,104.71,166.54,144.8
1341,17,Front/Back,82.3,91.61,133.45,132.49,113.26,101.58,164.41,142.46
1341,18,Front/Back,81.07,91.28,132.22,133.66,109.26,99.17,160.41,141.55
1341,19,Front/Back,80.05,90.75,131.86,134.37,105.27,96.13,157.08,139.75
1341,20,Front/Back,81.92,90.45,126.65,135.36,103.96,92.14,155.77,137.05
1341,21,Front/Back,83.42,93.52,128.11,139.03,101.21,88.96,152.99,134.48
1341,22,Front/Back,86.28,97.88,130.97,142.69,98.67,88.86,150.44,133.69
1341,23,Front/Back,89.78,100.41,134.43,145.92,98.53,88.84,150.27,134.36
1341,24,Front/Back,92.71,104.17,137.27,149.68,100.99,87.94,152.64,133.46
1341,25,Front/Back,97.69,107.95,142.25,154.14,105.25,88.04,156.89,134.25
1341,26,Front/Back,115.54,111.66,154.32,157.86,108.6,85.44,153.37,131.65
1341,27,Front/Back,109.28,110.59,152.09,157.25,106.58,87.63,155.4,136.8
1341,28,Front/Back,100.62,107.9,146.27,155.21,99.71,88.67,151.35,138.49
1341,29,Front/Back,97.03,103.8,143.34,151.7,90.49,90.72,142.79,141.13
1341,30,Front/Back,96.41,104.44,143.42,151.7,94.91,92.18,147.92,141.94
1341,31,Front/Back,96.53,101.92,143.58,148.58,95.04,93.95,148.09,143.11
1341,32,Front/Back,90.14,94.83,136.49,140.77,91.44,94.54,143.79,142.99
1341,33,Front/Back,91.98,91.39,134.23,136.72,96.74,98.34,144.99,146.84
1341,34,Front/Back,87.18,91.02,130.4,132.18,99.94,94.15,147.54,138.49
1341,35,Front/Back,89.97,88.34,127.78,130.27,97.94,94.25,140.13,139.35
1341,36,Front/Back,89.78,84.43,126.81,131.73,109.36,94.23,150.78,141.54
1341,37,Front/Back,90.75,87.14,125.46,127.69,107.71,98.32,146.81,142.05
1341,38,Front/Back,94.08,90.96,126.32,129.32,113.34,102.3,149.97,143.83
1341,39,Front/Back,99.39,92.31,128.12,129.8,117.96,111.17,151.07,151.17
1341,40,Front/Back,104.38,98.09,131.2,133.21,125.11,115.91,156.32,153.54
1341,41,Front/Back,112.42,104.44,135.03,136.17,119.81,115.51,146.81,149.75
1341,42,Front/Back,117.43,110.85,142.02,139.82,130.25,119.5,154.85,150.98
1341,43,Front/Back,126.96,119.01,145.95,143.99,138.87,123.58,157.88,151.07
1341,44,Front/Back,138.25,125.61,151.65,148.35,140.05,128.4,153.46,153.64
1341,45,Front/Back,157.04,134.92,157.54,156.43,155.8,135.66,156.32,157.19
1341,46,Front/Back,180.0,147.41,179.99,164.4,159.45,141.93,159.45,158.93
1341,47,Front/Back,172.35,149.21,172.34,164.4,161.26,147.16,161.26,162.36
1341,48,Front/Back,180.0,156.47,179.99,167.23,165.51,153.57,165.51,164.35
1341,49,Front/Back,171.34,160.27,171.32,170.95,168.18,161.75,168.18,172.44
1341,50,Front/Back,179.98,179.98,179.97,179.97,179.98,179.98,179.97,179.97
1342,1,Side,143.81,157.85,159.22,164.07,173.79,171.57,171.69,168.38
1342,2,Side,138.42,157.32,150.64,163.97,174.78,171.07,175.55,170.1
1342,3,Side,136.5,157.52,144.98,158.54,170.34,172.02,167.2,177.2
1342,4,Side,133.07,161.07,142.31,164.69,171.65,169.73,168.69,176.22
1342,5,Side,135.5,159.96,145.39,155.88,173.42,165.45,171.35,169.54
1342,6,Side,127.9,165.69,133.06,161.05,170.05,167.33,171.08,175.4
1342,7,Side,131.04,163.85,136.79,150.8,171.77,169.23,172.21,178.83
1342,8,Side,126.99,164.18,130.11,150.8,171.77,169.16,172.55,179.1
1342,9,Side,129.39,159.92,131.44,143.37,171.19,170.58,170.99,179.81
1342,10,Side,118.61,165.01,121.94,147.15,170.14,170.6,167.84,179.25
1342,11,Side,112.87,159.24,117.94,142.31,176.66,173.38,173.08,172.7
1342,12,Side,107.15,148.3,111.97,126.63,175.85,173.0,171.03,175.43
1342,13,Side,102.76,139.63,107.14,111.21,172.83,170.7,161.41,175.51
1342,14,Side,91.96,147.12,96.08,122.41,171.54,168.91,158.71,178.52
1342,15,Side,90.46,127.11,97.62,96.18,171.8,170.56,161.47,174.8
1342,16,Side,72.62,113.46,75.09,84.6,169.98,171.8,161.83,173.17
1342,17,Side,69.9,65.51,75.42,38.89,173.04,170.56,161.47,177.26
1342,18,Side,62.22,64.35,69.79,41.92,169.38,173.71,155.1,175.83
1342,19,Side,56.77,42.12,68.2,21.79,171.17,176.14,154.33,171.91
1342,20,Side,49.65,24.18,60.26,6.71,172.33,176.55,162.13,159.08
1342,21,Side,47.99,23.63,58.67,5.31,164.12,177.53,156.71,173.4
1342,22,Side,45.54,24.89,58.36,3.81,159.38,175.2,146.47,176.76
1342,23,Side,42.49,30.41,62.31,7.43,159.56,177.23,143.4,152.21
1342,24,Side,45.51,33.43,65.72,7.73,165.43,179.47,150.59,154.44
1342,25,Side,38.59,34.59,59.75,11.22,167.11,177.04,149.93,154.77
1342,26,Side,45.14,35.46,81.18,10.86,169.1,176.35,155.0,167.81
1342,27,Side,59.7,38.6,105.84,12.66,167.91,171.04,152.68,139.98
1342,28,Side,52.02,42.49,86.15,14.59,168.38,172.36,150.96,141.1
1342,29,Side,52.66,40.41,101.31,12.79,166.41,179.38,148.72,151.81
1342,30,Side,48.14,37.14,77.09,10.1,165.53,174.56,144.71,153.28
1342,31,Side,45.0,32.43,61.7,8.01,165.07,174.72,152.19,154.86
1342,32,Side,49.9,30.54,60.2,8.5,167.66,177.5,156.03,153.91
1342,33,Side,53.13,28.2,57.89,7.67,169.05,175.33,155.01,141.48
1342,34,Side,55.54,22.46,54.46,0.45,167.97,175.24,152.86,150.08
1342,35,Side,60.52,23.36,56.71,6.48,169.05,179.48,148.91,149.79
1342,36,Side,67.75,20.85,63.67,7.43,173.09,177.98,152.32,143.69
1342,37,Side,62.28,21.92,57.65,10.88,175.17,178.87,154.06,149.46
1342,38,Side,69.26,25.78,63.49,10.34,179.19,178.49,155.93,146.95
1342,39,Side,71.92,32.03,65.47,7.95,177.82,176.56,157.56,152.22
1342,40,Side,78.34,38.3,71.79,10.09,177.56,175.68,157.94,159.08
1342,41,Side,95.19,65.37,91.62,32.65,173.48,177.25,155.66,159.54
1342,42,Side,103.39,89.97,103.39,56.96,171.38,176.4,160.89,158.28
1342,43,Side,107.46,91.85,108.43,73.41,172.36,176.55,159.05,158.76
1342,44,Side,104.49,126.35,112.55,113.2,174.38,175.93,157.72,162.66
1342,45,Side,109.83,128.45,117.81,113.55,173.99,169.85,161.25,171.74
1342,46,Side,110.32,137.48,119.74,125.48,179.33,172.69,165.18,172.59
1342,47,Side,115.81,149.87,126.87,144.71,179.71,177.0,167.77,167.76
1342,48,Side,119.74,152.59,126.87,143.13,180.0,174.11,167.98,171.23
1342,49,Side,121.82,149.36,127.87,143.56,179.34,172.57,169.82,176.42
1342,50,Side,128.04,145.75,133.15,144.2,176.99,175.01,168.29,174.82
1342,51,Side,130.97,148.02,136.85,146.1,179.17,175.11,171.5,176.63
1342,52,Side,134.56,159.43,137.67,158.5,178.8,172.98,173.12,174.34
1342,53,Side,142.92,157.61,141.82,157.46,175.4,175.42,166.55,172.75
1343,1,Front/Back,161.32,171.24,156.61,159.38,161.32,161.11,159.09,169.85
1343,2,Front/Back,159.52,154.4,156.61,148.19,159.52,156.44,180.0,165.18
1343,3,Front/Back,161.52,145.96,155.54,143.68,161.52,152.68,180.0,165.02
1343,4,Front/Back,159.7,144.0,154.64,138.0,159.7,152.75,180.0,161.7
1343,5,Front/Back,147.71,140.56,143.74,134.72,161.74,147.09,180.0,156.3
1343,6,Front/Back,145.67,139.66,143.74,133.82,159.7,144.82,180.0,154.03
1343,7,Front/Back,134.14,135.86,135.85,130.34,159.91,141.14,180.0,156.3
1343,8,Front/Back,128.85,130.83,130.56,127.54,159.91,138.96,180.0,156.37
1343,9,Front/Back,124.43,125.9,124.31,122.66,161.74,136.65,180.0,154.09
1343,10,Front/Back,121.29,122.11,120.23,118.21,152.27,135.24,170.28,156.47
1343,11,Front/Back,116.52,119.94,110.73,120.57,152.55,133.1,170.28,154.33
1343,12,Front/Back,113.82,116.94,111.18,116.35,143.48,129.86,114.09,154.33
1343,13,Front/Back,114.01,114.59,114.36,113.0,136.68,127.24,109.48,118.61
1343,14,Front/Back,113.79,112.38,113.02,112.13,133.94,125.72,109.76,128.35
1343,15,Front/Back,115.73,110.96,117.47,109.95,128.07,123.66,110.51,154.71
1343,16,Front/Back,115.86,107.22,122.22,107.4,121.85,122.46,110.7,154.74
1343,17,Front/Back,116.14,103.1,124.05,104.49,120.66,118.91,116.24,152.39
1343,18,Front/Back,117.04,103.75,126.2,105.17,119.75,116.59,113.53,139.81
1343,19,Front/Back,116.85,105.55,122.33,107.29,123.02,112.86,109.21,146.4
1343,20,Front/Back,116.62,105.72,123.31,107.87,122.36,111.1,107.84,135.74
1343,21,Front/Back,122.95,105.35,126.47,109.09,122.85,108.49,108.44,143.07
1343,22,Front/Back,127.33,106.12,132.95,110.48,121.52,105.74,103.17,141.49
1343,23,Front/Back,146.25,106.94,151.87,109.22,121.52,106.23,103.17,143.05
1343,24,Front/Back,148.63,110.77,151.81,116.2,118.98,104.65,100.74,141.45
1343,25,Front/Back,148.63,115.08,151.81,121.54,119.47,105.19,100.14,122.09
1343,26,Front/Back,149.8,122.9,151.81,129.33,118.66,103.64,105.75,125.91
1343,27,Front/Back,149.8,143.24,148.54,151.62,118.66,104.73,105.75,141.49
1343,28,Front/Back,149.8,144.35,148.75,151.31,118.66,105.84,110.4,141.49
1343,29,Front/Back,151.02,145.44,145.74,151.31,119.88,106.94,115.83,141.49
1343,30,Front/Back,151.02,146.71,145.99,154.94,119.88,108.26,122.43,141.54
1343,31,Front/Back,151.18,147.87,143.97,154.94,121.53,109.42,123.92,141.54
1343,32,Front/Back,152.64,147.97,143.53,151.31,122.98,109.52,123.92,141.54
1343,33,Front/Back,151.55,149.07,146.34,151.31,124.0,112.17,126.02,143.1
1343,34,Front/Back,153.05,150.31,146.34,151.62,125.5,111.81,119.42,141.49
1343,35,Front/Back,153.28,151.51,149.38,151.62,127.99,114.56,116.25,143.05
1343,36,Front/Back,154.64,152.95,149.38,152.06,131.82,116.0,118.72,143.05
1343,37,Front/Back,154.9,152.86,149.38,152.06,129.11,114.35,111.1,141.49
1343,38,Front/Back,156.34,151.44,152.32,152.06,128.32,112.93,112.97,141.49
1343,39,Front/Back,159.52,151.38,152.32,152.06,127.07,112.86,108.54,141.48
1343,40,Front/Back,161.65,152.68,152.04,152.63,128.85,111.19,104.1,138.51
1343,41,Front/Back,163.65,139.86,152.04,145.93,129.02,109.85,98.75,138.51
1343,42,Front/Back,161.3,130.66,152.04,137.7,128.5,111.31,104.1,139.97
1343,43,Front/Back,161.3,124.25,151.81,132.54,130.79,114.75,106.39,144.65
1343,44,Front/Back,160.97,118.05,151.81,128.74,132.95,116.98,101.26,148.11
1343,45,Front/Back,143.94,117.69,136.59,130.91,131.19,117.69,108.87,149.97
1343,46,Front/Back,149.48,116.4,146.09,127.55,133.64,120.66,107.55,154.03
1343,47,Front/Back,141.48,109.83,136.63,117.32,133.37,121.81,106.35,154.09
1343,48,Front/Back,136.36,104.05,131.51,114.8,135.66,121.72,108.65,154.09
1343,49,Front/Back,138.78,105.39,134.56,116.17,137.61,121.8,111.53,154.19
1343,50,Front/Back,136.09,103.79,132.09,117.34,139.94,120.88,113.86,152.09
1343,51,Front/Back,136.75,102.61,135.93,122.8,139.65,119.69,116.77,152.09
1343,52,Front/Back,134.44,106.44,135.93,123.13,136.75,122.02,106.35,137.34
1343,53,Front/Back,127.95,112.29,131.13,126.33,137.26,124.61,100.91,117.48
1343,54,Front/Back,131.88,118.9,135.06,130.06,137.26,127.49,94.95,102.1
1343,55,Front/Back,134.84,126.64,138.11,133.64,134.44,130.83,92.45,96.36
1343,56,Front/Back,140.68,131.93,143.95,152.99,136.7,132.93,93.76,96.47
1343,57,Front/Back,138.39,136.18,138.01,149.57,141.12,134.67,94.71,89.07
1343,58,Front/Back,143.79,139.15,141.26,149.25,145.91,139.03,156.64,154.03
1343,59,Front/Back,151.44,145.54,140.45,152.54,156.64,144.11,156.61,156.3
1343,60,Front/Back,154.23,151.67,144.98,158.97,156.16,146.61,145.69,158.8
1343,61,Front/Back,157.88,169.71,157.87,163.57,158.81,150.39,143.39,158.87
1343,62,Front/Back,157.88,169.71,157.87,163.57,162.43,153.21,148.67,161.7
1343,63,Front/Back,161.91,170.07,161.89,155.99,167.05,161.68,153.28,161.7
1343,64,Front/Back,161.91,177.9,161.89,165.9,163.12,162.94,163.1,165.02
1343,65,Front/Back,167.19,177.9,167.17,165.9,168.06,167.23,168.04,169.32
1343,66,Front/Back,179.97,179.97,179.97,179.97,179.98,179.98,179.96,179.96
1344,1,Side,130.25,146.42,164.49,177.26,174.39,147.18,80.83,66.63
1344,2,Side,125.7,144.57,158.06,172.69,173.18,147.27,78.36,48.4
1344,3,Side,119.39,144.14,147.77,168.9,173.34,146.76,78.62,49.91
1344,4,Side,114.07,140.19,141.98,160.89,174.15,144.76,78.45,65.45
1344,5,Side,110.32,139.63,137.81,158.55,175.13,144.54,77.8,75.34
1344,6,Side,105.19,139.31,132.22,156.47,173.95,145.81,75.9,67.25
1344,7,Side,100.76,138.06,128.52,151.28,174.71,146.7,77.59,80.39
1344,8,Side,96.5,134.55,124.41,146.18,175.83,145.27,78.94,80.58
1344,9,Side,90.98,129.11,120.81,139.69,177.29,142.15,83.05,87.49
1344,10,Side,86.99,122.09,116.94,131.13,174.12,142.89,80.06,95.29
1344,11,Side,82.12,100.81,111.34,112.46,172.25,144.96,73.18,77.61
1344,12,Side,77.92,94.64,107.19,104.0,172.85,148.69,76.72,81.54
1344,13,Side,73.63,85.3,102.7,92.26,172.09,142.49,73.91,86.99
1344,14,Side,68.74,82.87,97.58,89.49,172.64,146.83,73.91,81.41
1344,15,Side,64.39,78.67,91.89,83.97,172.73,148.18,75.94,86.96
1344,16,Side,59.58,74.89,85.38,79.81,172.9,148.39,76.94,88.2
1344,17,Side,58.39,73.02,86.18,75.09,173.61,148.27,73.89,86.84
1344,18,Side,56.92,69.55,84.91,76.17,172.73,156.21,72.79,81.13
1344,19,Side,54.51,68.63,88.72,75.8,172.9,155.02,72.24,88.86
1344,20,Side,58.0,77.54,84.17,84.45,171.66,154.9,72.4,106.92
1344,21,Side,60.56,81.06,85.03,82.36,171.33,146.24,73.0,115.23
1344,22,Side,58.91,80.91,85.46,83.59,178.34,147.25,76.34,100.86
1344,23,Side,60.11,85.81,89.68,87.84,177.75,146.82,76.85,93.95
1344,24,Side,61.65,90.37,89.35,92.1,173.06,146.41,80.57,93.9
1344,25,Side,68.5,95.82,95.04,98.12,173.49,145.12,80.94,103.29
1344,26,Side,76.21,99.19,99.74,103.51,179.91,145.89,76.09,99.74
1344,27,Side,90.86,100.51,110.21,107.38,175.97,147.08,76.96,106.25
1344,28,Side,94.73,108.87,112.63,116.5,177.35,147.63,77.17,105.84
1344,29,Side,98.29,109.41,119.21,119.7,178.29,149.74,77.02,104.63
1344,30,Side,93.35,113.43,118.43,125.97,178.04,148.81,77.94,114.03
1344,31,Side,97.07,117.7,121.86,132.46,179.37,149.55,77.62,110.34
1344,32,Side,101.07,119.32,125.94,136.04,179.56,149.77,75.94,104.5
1344,33,Side,106.0,123.33,131.58,144.28,178.12,151.12,74.23,104.17
1344,34,Side,121.14,127.02,145.19,151.14,176.7,150.95,74.58,105.04
1344,35,Side,112.84,129.1,141.16,155.33,179.49,150.42,75.95,104.76
1344,36,Side,120.09,130.29,151.89,158.19,178.25,150.17,77.4,101.04
1344,37,Side,124.76,133.2,159.46,163.14,174.86,149.9,77.31,101.63
1345,1,Front/Back,166.94,161.41,153.03,142.68,167.88,155.66,167.88,155.66
1345,2,Front/Back,180.0,162.97,166.63,140.01,160.7,158.99,160.7,158.99
1345,3,Front/Back,174.75,164.87,161.24,141.97,151.88,158.98,157.13,158.99
1345,4,Front/Back,159.09,151.82,151.9,138.49,149.87,149.58,160.7,158.99
1345,5,Front/Back,153.47,147.01,150.64,140.89,139.65,137.8,158.84,154.15
1345,6,Front/Back,145.27,153.3,147.67,150.74,135.37,132.46,158.84,155.65
1345,7,Front/Back,151.23,153.15,154.75,154.7,130.07,130.41,158.84,157.25
1345,8,Front/Back,148.15,146.42,155.73,151.19,126.99,124.07,158.84,154.15
1345,9,Front/Back,128.11,137.86,145.67,144.71,119.37,117.23,155.52,148.82
1345,10,Front/Back,121.59,125.12,144.23,141.81,107.43,111.99,148.67,152.74
1345,11,Front/Back,111.28,121.44,143.37,140.12,106.57,103.42,151.24,145.33
1345,12,Front/Back,104.8,108.92,142.55,131.49,100.77,101.7,148.67,150.14
1345,13,Front/Back,98.1,98.14,141.54,122.71,97.52,100.64,147.49,150.1
1345,14,Front/Back,90.53,89.64,141.51,114.21,92.05,98.15,143.03,147.61
1345,15,Front/Back,91.95,86.27,136.7,114.21,97.3,95.98,142.04,146.45
1345,16,Front/Back,92.83,82.86,139.8,113.14,93.11,93.95,140.08,145.31
1345,17,Front/Back,95.99,86.7,144.02,123.79,90.09,90.78,138.12,143.13
1345,18,Front/Back,85.04,79.74,135.14,109.81,87.07,88.77,137.17,142.08
1345,19,Front/Back,84.09,77.05,136.19,109.0,85.87,85.86,137.98,141.05
1345,20,Front/Back,85.23,77.48,137.28,109.43,85.93,84.85,137.98,140.05
1345,21,Front/Back,80.59,81.8,136.19,109.81,79.53,81.43,135.12,132.67
1345,22,Front/Back,92.15,90.5,144.02,119.06,81.51,79.2,133.38,129.32
1345,23,Front/Back,97.28,94.81,148.55,124.49,84.26,78.58,135.52,127.7
1345,24,Front/Back,101.36,83.28,149.79,121.67,85.99,75.71,134.41,133.54
1345,25,Front/Back,108.51,84.6,155.9,127.41,87.02,73.99,134.41,131.81
1345,26,Front/Back,122.25,86.34,167.67,128.24,88.92,74.04,134.33,130.97
1345,27,Front/Back,105.87,86.63,151.29,126.69,89.76,77.6,135.17,132.67
1345,28,Front/Back,98.18,85.75,142.64,120.38,90.67,80.44,135.12,132.67
1345,29,Front/Back,95.99,87.46,139.44,122.21,91.67,81.2,135.12,133.54
1345,30,Front/Back,97.8,89.65,135.14,121.36,94.3,82.08,131.64,133.54
1345,31,Front/Back,94.16,100.38,132.87,124.46,94.57,85.58,133.29,129.41
1345,32,Front/Back,93.53,114.36,132.13,133.57,96.58,91.05,135.17,131.87
1345,33,Front/Back,88.87,128.57,133.54,147.84,97.22,94.51,141.89,135.39
1345,34,Front/Back,87.25,133.49,136.19,156.76,103.64,97.69,152.58,144.21
1345,35,Front/Back,93.67,132.43,142.52,160.56,106.68,101.25,155.52,148.82
1345,36,Front/Back,101.05,121.28,148.85,143.05,111.04,114.33,158.84,160.85
1345,37,Front/Back,119.69,115.23,159.81,136.65,112.55,117.88,157.13,160.85
1345,38,Front/Back,124.56,135.85,155.58,154.43,117.82,122.24,158.84,162.89
1345,39,Front/Back,142.67,141.77,167.42,161.53,121.5,126.98,158.83,165.21
1345,40,Front/Back,143.86,145.68,176.99,161.33,127.54,137.13,160.69,171.45
1345,41,Front/Back,151.39,150.02,177.08,167.1,136.46,150.02,165.07,180.0
1345,42,Front/Back,161.04,161.26,176.63,166.74,146.1,160.62,165.07,179.36
1345,43,Front/Back,179.97,179.97,179.97,179.97,179.98,179.98,179.96,179.97
1346,1,Side,170.71,118.35,176.14,136.91,173.22,177.52,169.14,158.96
1346,2,Side,170.02,109.55,176.07,122.22,173.45,178.42,169.14,159.73
1346,3,Side,170.02,109.31,176.07,123.48,173.45,178.7,169.14,160.02
1346,4,Side,168.18,111.68,174.49,125.35,172.91,178.04,169.14,159.73
1346,5,Side,168.03,111.17,174.49,126.89,171.94,179.62,169.97,161.57
1346,6,Side,167.64,116.44,176.87,135.0,171.54,179.61,169.97,161.82
1346,7,Side,167.82,111.95,175.6,130.76,171.54,179.36,169.97,161.82
1346,8,Side,164.74,106.3,171.7,120.73,171.15,178.34,169.97,162.6
1346,9,Side,166.33,104.21,173.98,118.51,171.4,178.34,169.97,162.6
1346,10,Side,166.18,102.94,173.98,117.24,171.11,178.1,170.11,162.84
1346,11,Side,164.28,102.81,172.64,117.24,170.41,177.73,170.24,163.07
1346,12,Side,164.66,102.68,173.04,117.24,170.53,176.84,170.38,163.84
1346,13,Side,164.8,101.37,173.18,118.04,170.4,176.1,170.51,164.05
1346,14,Side,162.65,101.24,171.76,118.04,169.54,175.96,170.64,164.05
1346,15,Side,162.43,100.2,171.87,117.29,168.85,175.99,171.0,163.74
1346,16,Side,162.09,99.52,171.87,118.29,168.39,175.64,171.12,163.95
1346,17,Side,160.37,96.01,170.57,114.97,167.97,175.29,170.81,164.16
1346,18,Side,161.32,96.4,173.33,117.26,166.87,174.79,171.31,164.36
1346,19,Side,163.44,93.44,174.78,116.04,167.4,173.74,170.59,165.26
1346,20,Side,162.91,90.97,174.35,113.97,167.16,173.34,170.47,165.26
1346,21,Side,162.9,89.68,173.54,113.44,168.41,171.57,168.43,166.31
1346,22,Side,160.62,87.57,171.54,111.49,168.52,171.4,167.47,166.31
1346,23,Side,156.52,85.92,168.5,107.97,167.31,172.16,167.62,165.79
1346,24,Side,158.72,83.52,171.54,106.14,168.4,171.59,166.95,165.79
1346,25,Side,158.56,81.36,171.54,104.38,168.58,171.36,166.61,165.62
1346,26,Side,158.56,81.18,171.75,102.65,168.07,171.87,166.63,164.37
1346,27,Side,159.62,77.67,174.5,97.57,167.71,171.69,166.29,164.37
1346,28,Side,159.78,76.73,174.89,96.42,167.25,172.98,167.05,163.5
1346,29,Side,162.4,75.19,178.51,96.73,168.18,171.93,166.58,164.65
1346,30,Side,165.51,74.82,179.26,95.58,168.86,174.32,166.29,162.53
1346,31,Side,164.54,74.9,179.38,95.49,168.21,175.08,166.87,162.41
1346,32,Side,176.25,71.76,169.33,85.65,171.41,177.56,165.83,161.85
1346,33,Side,133.91,75.01,125.49,93.07,177.44,176.98,165.68,160.9
1346,34,Side,176.17,74.72,162.42,96.17,171.93,176.76,165.97,160.96
1346,35,Side,178.74,71.69,164.68,88.46,169.66,177.48,167.28,160.78
1346,36,Side,173.11,71.51,158.24,88.46,169.67,177.54,167.86,160.56
1346,37,Side,115.68,75.13,105.56,92.59,174.59,178.39,168.16,160.6
1346,38,Side,95.52,75.57,85.97,92.64,175.06,178.68,168.99,161.15
1346,39,Side,68.13,73.28,56.36,89.73,176.59,179.54,167.7,160.64
1346,40,Side,68.26,73.11,55.25,91.41,178.34,179.38,164.94,160.36
1346,41,Side,67.72,70.48,53.79,88.36,179.31,179.92,163.3,160.67
1346,42,Side,66.45,58.92,51.26,77.8,178.94,179.97,164.8,161.65
1346,43,Side,66.45,57.95,51.28,75.04,178.94,178.87,164.8,160.7
1346,44,Side,67.66,66.99,51.71,83.32,179.26,178.82,165.38,161.94
1346,45,Side,66.96,65.32,52.42,81.65,179.42,178.82,166.13,162.5
1346,46,Side,110.81,65.44,98.23,81.45,177.45,178.5,166.59,162.79
1346,47,Side,66.03,64.42,54.18,81.12,179.96,177.79,166.32,163.6
1346,48,Side,61.2,49.18,45.0,66.61,178.95,178.53,166.64,163.61
1346,49,Side,85.83,47.89,67.08,65.32,177.12,178.77,167.34,163.86
1346,50,Side,86.67,46.76,68.87,64.06,177.39,178.4,168.66,163.9
1346,51,Side,80.94,47.42,62.15,65.12,177.39,176.78,168.8,163.84
1346,52,Side,80.73,43.39,61.14,59.26,175.92,177.24,169.79,164.73
1346,53,Side,80.81,42.26,60.93,58.13,176.63,177.24,169.93,164.73
1346,54,Side,88.32,42.04,72.81,57.43,175.78,177.35,171.07,165.89
1346,55,Side,90.05,39.83,73.75,55.22,174.83,177.16,171.21,165.67
1346,56,Side,85.83,43.65,65.46,62.5,174.32,177.16,171.19,165.67
1346,57,Side,79.03,43.16,56.82,64.23,172.42,178.25,172.69,166.28
1346,58,Side,74.24,42.11,54.02,61.32,173.71,178.12,172.26,166.28
1346,59,Side,48.51,40.45,30.09,59.39,173.85,178.46,173.1,166.92
1346,60,Side,44.76,37.14,28.54,53.94,173.68,178.01,173.1,166.73
1346,61,Side,51.6,45.71,35.13,60.64,174.52,178.54,173.2,167.56
1346,62,Side,49.57,37.92,32.06,53.13,175.3,178.2,172.24,166.66
1346,63,Side,47.62,46.22,28.63,60.64,174.98,177.6,172.22,166.84
1346,64,Side,44.27,51.53,26.13,67.43,174.23,176.93,172.93,166.42
1346,65,Side,43.53,51.53,25.42,67.43,174.23,177.11,172.93,166.63
1346,66,Side,43.4,53.48,25.42,68.98,174.48,176.12,172.82,166.03
1346,67,Side,43.4,54.94,24.23,70.63,174.37,176.25,172.63,165.73
1346,68,Side,43.4,54.94,24.23,70.63,174.91,176.44,171.79,165.94
1346,69,Side,41.87,56.97,26.15,72.25,174.67,175.77,171.91,165.21
1346,70,Side,41.95,58.09,22.78,73.91,174.8,176.68,171.92,165.58
1346,71,Side,44.59,58.09,25.74,73.91,175.65,176.68,171.11,165.58
1346,72,Side,45.54,59.77,25.45,75.6,175.52,176.68,171.11,165.58
1346,73,Side,48.53,60.39,28.76,74.29,175.84,176.55,171.11,165.58
1346,74,Side,69.23,55.98,49.83,70.02,175.6,175.8,170.26,164.83
1346,75,Side,73.57,62.06,54.02,77.75,175.86,175.47,169.57,163.89
1346,76,Side,81.01,63.22,62.29,79.4,175.13,176.6,170.31,165.54
1346,77,Side,53.47,63.2,38.05,81.49,177.28,176.39,170.35,164.71
1346,78,Side,50.47,64.73,36.88,83.16,177.99,176.53,170.7,165.02
1346,79,Side,55.2,64.35,41.96,83.06,178.86,177.32,169.56,165.13
1346,80,Side,54.98,66.03,42.89,86.43,178.74,177.32,169.68,165.11
1346,81,Side,55.66,67.22,42.66,88.13,177.82,178.25,169.37,165.51
1346,82,Side,53.83,68.93,42.09,89.85,177.94,178.52,169.36,165.04
1346,83,Side,54.7,69.08,44.67,89.85,178.64,178.37,169.21,165.02
1346,84,Side,56.12,72.39,46.21,93.46,178.88,178.69,169.07,165.19
1346,85,Side,48.59,72.73,38.26,91.78,178.46,178.23,169.06,165.01
1346,86,Side,52.46,73.76,43.59,93.37,179.45,179.05,168.06,164.87
1346,87,Side,69.76,73.91,60.07,93.37,179.77,178.91,168.07,164.87
1346,88,Side,76.3,75.55,70.35,93.32,178.77,178.91,168.75,164.87
1346,89,Side,73.64,76.73,64.55,94.86,178.44,179.64,168.9,165.25
1346,90,Side,91.87,76.65,86.29,93.09,177.88,179.8,169.03,165.41
1346,91,Side,102.98,77.45,97.93,91.03,176.7,179.0,169.57,166.12
1346,92,Side,117.84,80.2,112.01,93.94,176.03,179.0,169.13,165.66
1346,93,Side,121.44,81.3,116.33,95.38,175.83,178.26,169.14,166.06
1346,94,Side,138.18,83.99,132.73,98.23,175.61,178.66,169.01,165.22
1346,95,Side,152.06,85.05,145.11,99.63,175.26,177.92,169.01,165.61
1346,96,Side,164.69,86.28,158.08,101.11,173.9,177.76,169.55,165.61
1346,97,Side,171.15,85.95,163.87,101.2,172.81,176.87,169.98,166.18
1346,98,Side,178.34,85.76,170.93,99.27,172.33,177.19,170.1,166.02
1346,99,Side,176.09,85.92,175.84,99.27,171.78,177.91,169.68,165.16
1346,100,Side,173.1,85.92,178.87,99.27,171.57,177.75,169.69,165.32
1346,101,Side,167.97,86.42,177.2,98.68,169.54,176.71,169.92,165.88
1346,102,Side,164.91,86.58,175.27,98.68,168.14,176.87,170.47,165.88
1346,103,Side,162.47,86.74,173.49,98.68,170.75,177.03,165.36,165.88
1346,104,Side,160.15,88.35,172.03,98.04,169.46,178.16,165.79,165.7
1346,105,Side,158.06,83.28,171.07,91.78,164.73,179.34,171.18,165.7
1346,106,Side,156.08,81.29,169.96,93.16,163.85,175.42,170.87,165.95
1346,107,Side,153.21,84.58,167.99,91.31,162.49,179.18,171.34,165.51
1346,108,Side,153.21,85.52,168.23,92.65,163.05,178.07,170.47,166.22
1346,109,Side,153.0,86.37,169.38,95.2,162.36,176.37,171.24,166.52
1346,110,Side,153.0,93.22,169.38,99.22,162.27,176.96,171.34,166.85
1346,111,Side,153.22,89.0,169.38,93.5,162.58,176.96,171.54,166.67
1346,112,Side,153.22,94.53,169.38,98.8,163.06,177.62,170.77,166.32
1346,113,Side,153.43,95.29,169.38,100.32,163.38,177.54,170.66,165.43
1346,114,Side,153.22,95.97,169.16,103.55,163.16,176.41,170.66,165.28
1346,115,Side,153.43,97.11,169.16,105.0,163.38,176.26,170.66,165.43
1346,116,Side,153.0,97.76,169.16,106.12,162.75,176.1,170.86,165.12
1346,117,Side,153.22,99.91,169.16,106.28,163.06,176.56,170.76,165.12
1346,118,Side,152.8,101.63,169.16,108.0,162.07,175.85,171.33,165.84
1346,119,Side,153.01,102.71,169.16,109.08,161.71,175.85,171.9,165.55
1346,120,Side,151.7,95.7,166.25,103.86,162.23,175.73,171.81,165.4
1346,121,Side,151.96,98.69,166.3,106.39,163.1,175.31,171.14,166.26
1346,122,Side,152.16,99.8,166.3,107.81,163.31,175.61,171.14,165.96
1346,123,Side,152.36,101.04,166.3,108.9,163.51,175.91,171.14,165.81
1346,124,Side,152.0,101.67,165.19,108.43,163.1,175.05,171.14,166.53
1346,125,Side,154.44,104.2,166.83,112.34,164.0,175.35,171.04,166.09
1346,126,Side,151.17,104.82,161.58,113.38,164.48,173.86,170.56,167.72
1346,127,Side,151.05,104.96,161.67,113.38,163.89,174.15,170.94,167.58
1346,128,Side,153.04,106.56,163.25,116.66,164.78,174.47,170.45,167.11
1346,129,Side,153.08,106.7,163.3,116.66,164.88,174.78,170.35,166.95
1346,130,Side,153.27,107.13,163.3,117.65,165.66,174.05,169.76,167.11
1346,131,Side,168.53,108.87,174.85,120.95,170.19,174.83,168.93,166.34
1346,132,Side,168.53,108.87,174.85,120.95,170.19,174.83,168.93,166.34
1346,133,Side,168.69,109.02,174.85,120.95,170.48,175.14,168.81,166.17
1346,134,Side,166.81,111.54,171.87,124.26,170.48,176.46,168.81,165.62
1346,135,Side,168.82,112.09,173.47,125.19,170.88,175.54,168.81,166.16
1346,136,Side,168.14,112.22,173.2,125.19,170.6,176.64,168.68,165.2
1346,137,Side,168.3,114.09,173.2,126.92,170.89,177.21,168.55,164.76
1346,138,Side,168.46,113.85,173.2,126.92,171.18,176.41,168.42,165.31
1346,139,Side,168.05,115.82,172.62,128.66,170.89,176.43,168.55,165.53
1346,140,Side,170.52,112.26,172.62,125.6,176.68,176.78,165.22,165.31
1346,141,Side,171.23,113.22,173.81,126.56,176.87,177.01,165.04,165.09
1346,142,Side,171.11,113.22,173.81,126.56,176.44,177.01,165.34,165.09
1346,143,Side,171.75,113.35,173.85,126.56,176.06,177.37,165.86,164.85
1346,144,Side,171.62,118.84,173.59,134.46,176.37,177.49,165.67,164.85
1346,145,Side,171.49,118.84,173.59,134.46,175.91,177.49,166.01,164.85
1346,146,Side,169.52,119.67,173.59,135.29,171.73,178.55,168.22,163.79
1346,147,Side,171.19,115.05,174.72,129.8,172.62,177.58,167.85,164.53
1347,1,Side,147.86,138.82,150.61,150.15,168.53,179.35,97.83,114.43
1347,2,Side,145.43,138.84,149.64,149.04,160.89,179.39,92.62,114.42
1347,3,Side,145.12,137.97,148.82,148.14,162.09,179.42,93.32,112.98
1347,4,Side,143.79,137.99,145.82,148.34,163.58,178.31,93.49,108.9
1347,5,Side,141.95,135.99,143.97,144.97,163.58,177.57,92.78,110.75
1347,6,Side,147.16,135.04,152.86,144.0,164.79,177.55,93.48,106.79
1347,7,Side,141.55,134.03,142.01,142.99,164.09,177.5,92.78,110.69
1347,8,Side,139.59,132.97,140.23,141.95,164.04,177.51,92.78,110.69
1347,9,Side,138.63,130.91,139.23,138.53,163.67,176.92,91.69,108.07
1347,10,Side,132.77,130.25,134.61,138.53,161.46,178.52,91.09,110.38
1347,11,Side,130.45,128.33,132.84,133.85,160.64,177.91,89.86,107.8
1347,12,Side,131.0,127.29,131.69,132.85,161.46,178.57,90.14,109.06
1347,13,Side,129.99,125.3,130.68,129.43,160.78,177.82,89.46,109.69
1347,14,Side,129.86,117.19,126.59,121.43,167.61,179.36,94.99,109.69
1347,15,Side,127.61,115.49,124.82,120.26,167.35,179.42,95.21,110.38
1347,16,Side,129.51,114.82,128.88,117.62,167.83,178.74,93.26,120.72
1347,17,Side,125.82,113.47,121.83,114.32,165.93,178.77,94.6,112.28
1347,18,Side,124.72,112.52,119.43,113.08,165.69,177.79,94.96,109.05
1347,19,Side,123.11,110.65,120.53,109.92,156.01,176.84,83.18,111.15
1347,20,Side,122.01,110.94,122.52,109.2,155.68,174.8,80.55,107.7
1347,21,Side,120.52,115.81,117.51,112.25,159.02,174.13,81.95,108.09
1347,22,Side,120.29,115.17,117.71,110.06,161.47,177.4,82.35,117.54
1347,23,Side,119.74,113.93,115.7,108.82,160.79,177.32,83.21,117.47
1347,24,Side,118.72,106.38,115.17,100.76,160.05,178.07,90.86,117.31
1347,25,Side,118.03,104.66,112.52,97.67,160.55,178.17,88.67,116.2
1347,26,Side,116.38,108.53,111.32,100.63,159.29,177.26,87.86,115.49
1347,27,Side,114.86,108.21,107.42,101.22,161.05,175.82,88.67,114.55
1347,28,Side,112.32,107.73,104.88,100.76,161.7,174.91,85.68,114.78
1347,29,Side,110.21,106.43,102.31,99.47,162.97,173.98,87.02,113.14
1347,30,Side,107.55,105.63,99.64,98.37,163.31,172.54,88.91,112.2
1347,31,Side,106.69,103.4,98.29,96.69,164.58,173.09,89.68,113.34
1347,32,Side,105.33,102.96,95.53,97.08,164.58,172.55,90.33,112.2
1347,33,Side,102.13,98.61,92.78,92.9,162.78,172.69,97.18,112.34
1347,34,Side,102.7,97.24,91.39,91.54,162.98,172.82,98.2,111.32
1347,35,Side,99.47,94.37,88.71,87.31,162.09,172.81,97.76,112.0
1347,36,Side,100.05,91.76,88.78,85.77,162.23,174.01,98.73,110.92
1347,37,Side,97.32,88.42,85.96,81.87,161.21,173.45,98.97,110.92
1347,38,Side,95.87,86.63,84.56,80.6,160.8,174.86,98.62,112.51
1347,39,Side,94.56,90.25,82.0,83.2,160.86,174.64,99.92,114.02
1347,40,Side,93.61,88.92,80.57,81.87,160.97,175.55,99.57,115.69
1347,41,Side,92.74,91.64,79.33,85.6,164.64,176.55,105.59,115.39
1347,42,Side,90.54,84.3,75.72,81.74,162.78,178.54,103.33,115.32
1347,43,Side,89.08,83.56,74.01,80.33,162.41,177.1,100.53,114.4
1347,44,Side,87.71,88.91,75.19,84.29,162.41,175.47,97.63,114.31
1347,45,Side,90.64,80.67,76.32,77.94,164.96,178.36,97.22,116.45
1347,46,Side,88.52,88.9,74.68,84.14,164.09,175.48,95.3,113.58
1347,47,Side,86.81,78.23,73.05,74.04,164.73,178.36,96.93,116.45
1347,48,Side,86.81,77.32,73.05,72.61,164.4,177.84,98.15,117.71
1347,49,Side,83.62,71.46,69.98,68.1,164.73,176.28,98.48,119.07
1347,50,Side,83.62,70.4,69.98,66.53,164.4,176.72,99.65,122.03
1347,51,Side,84.06,78.2,73.21,71.57,161.28,173.61,100.76,122.8
1347,52,Side,81.98,69.22,68.42,64.77,164.32,175.93,98.69,123.9
1347,53,Side,79.81,68.03,68.17,63.57,161.18,175.24,97.13,119.0
1347,54,Side,80.36,66.85,68.17,62.52,165.73,175.24,98.09,120.15
1347,55,Side,80.36,66.85,68.17,62.52,163.22,176.07,97.28,121.83
1347,56,Side,80.36,66.93,68.17,61.91,163.51,175.51,92.52,121.83
1347,57,Side,78.82,66.38,67.26,63.29,164.02,176.06,92.84,121.83
1347,58,Side,78.82,67.01,66.99,64.5,164.02,177.52,92.84,122.73
1347,59,Side,80.37,67.01,68.47,64.5,164.41,177.58,93.16,121.94
1347,60,Side,80.37,67.01,68.47,64.5,164.41,177.4,93.16,125.02
1347,61,Side,88.36,68.22,73.53,65.72,164.95,176.71,93.39,122.44
1347,62,Side,81.81,69.46,71.87,66.96,164.95,176.64,94.97,122.36
1347,63,Side,81.74,79.82,71.87,75.64,164.58,174.21,94.67,121.61
1347,64,Side,83.23,82.69,73.36,78.51,165.61,174.21,93.25,121.61
1347,65,Side,83.59,84.14,72.24,79.96,165.89,174.21,93.53,121.61
1347,66,Side,85.06,83.67,73.71,80.2,166.62,174.91,92.55,120.62
1347,67,Side,86.26,85.1,74.91,81.53,165.61,175.71,93.25,121.13
1347,68,Side,87.87,86.52,76.45,82.95,165.96,175.79,100.63,120.39
1347,69,Side,88.96,87.37,80.24,84.42,163.16,176.47,92.77,118.14
1347,70,Side,88.91,87.37,80.24,84.42,162.83,177.37,94.11,118.61
1347,71,Side,90.3,88.38,81.53,85.82,162.83,177.93,94.11,117.53
1347,72,Side,92.45,88.78,84.41,84.43,163.28,177.4,89.84,116.12
1347,73,Side,93.88,90.21,84.45,85.86,164.08,178.25,92.98,114.28
1347,74,Side,93.27,90.23,84.45,84.48,162.83,178.27,94.76,112.93
1347,75,Side,94.64,85.02,85.82,79.01,163.66,178.65,96.43,110.78
1347,76,Side,95.96,83.74,87.18,77.68,163.62,178.6,97.33,109.32
1347,77,Side,97.26,85.84,88.48,79.01,164.76,179.93,96.73,112.18
1347,78,Side,96.71,87.17,88.48,81.67,165.05,179.86,98.48,111.47
1347,79,Side,97.5,89.06,89.81,81.64,163.68,178.55,97.64,112.15
1347,80,Side,98.83,90.4,92.59,82.97,164.8,178.5,97.06,113.49
1347,81,Side,99.62,91.72,93.91,84.06,159.11,178.5,89.93,113.49
1347,82,Side,101.61,93.76,96.8,86.91,159.61,177.87,89.93,114.8
1347,83,Side,105.02,95.27,99.71,88.63,163.84,177.92,97.34,113.49
1347,84,Side,109.36,105.32,105.38,96.42,163.01,174.85,97.33,112.68
1347,85,Side,112.91,106.72,109.83,97.82,162.34,175.56,95.27,116.83
1347,86,Side,115.15,99.94,111.62,92.51,161.25,178.01,94.5,116.26
1347,87,Side,114.22,110.5,107.93,102.05,162.45,175.84,94.93,115.73
1347,88,Side,114.18,112.4,109.29,105.39,162.41,174.22,94.09,117.37
1347,89,Side,115.4,115.1,110.56,107.79,162.36,175.05,94.09,117.69
1347,90,Side,116.65,117.61,111.8,109.9,162.71,172.89,92.01,117.87
1347,91,Side,117.83,115.66,113.03,106.84,162.67,172.13,90.34,118.34
1347,92,Side,117.31,118.17,113.03,110.2,161.33,170.89,89.52,115.63
1347,93,Side,118.52,118.92,114.23,112.93,162.81,172.37,88.18,115.29
1347,94,Side,120.23,120.18,117.34,112.79,162.78,172.31,88.18,116.46
1347,95,Side,120.82,123.4,119.23,117.41,163.9,172.37,88.74,115.29
1347,96,Side,122.01,124.62,120.42,118.62,161.63,172.5,91.95,114.92
1347,97,Side,124.36,128.61,122.73,124.01,161.67,173.2,91.95,116.44
1347,98,Side,126.16,131.2,125.86,126.02,161.67,171.9,93.29,113.76
1347,99,Side,135.05,134.32,131.18,130.56,166.07,171.95,93.4,114.99
1347,100,Side,127.86,135.27,128.04,131.52,161.53,172.05,94.97,113.72
1347,101,Side,128.91,135.19,129.09,132.88,161.53,172.11,96.32,113.17
1347,102,Side,130.96,137.31,131.11,136.36,161.89,172.05,94.6,113.72
1347,103,Side,132.91,138.38,133.03,136.04,161.92,172.09,95.94,113.79
1347,104,Side,134.28,140.46,134.85,139.49,161.0,171.32,94.14,113.59
1347,105,Side,134.78,142.53,135.81,142.92,160.54,171.95,94.14,116.29
1347,106,Side,136.44,143.45,137.44,143.91,160.88,171.95,94.46,117.56
1347,107,Side,136.44,144.57,137.44,146.44,161.19,171.42,93.4,113.67
1347,108,Side,136.46,146.03,137.44,149.87,161.8,172.69,93.99,114.36
1347,109,Side,138.54,145.99,138.99,149.87,162.62,173.42,92.88,114.48
1347,110,Side,137.16,148.01,138.99,153.26,161.28,173.42,92.92,112.38
1347,111,Side,138.46,148.22,139.75,154.05,162.72,174.69,92.4,111.68
1347,112,Side,137.95,148.22,139.75,154.05,161.86,174.69,79.14,111.68
1347,113,Side,149.23,147.65,147.12,154.05,166.0,175.95,79.37,109.5
1347,114,Side,150.02,147.65,147.8,154.05,166.56,175.95,77.94,109.5
1347,115,Side,149.34,147.85,147.56,154.8,166.54,177.21,78.36,108.71
