Sequence_ID,Frame,Pose,L_Shoulder_Angle,R_Shoulder_Angle,L_Elbow_Angle,R_Elbow_Angle,L_Hip_Angle,R_Hip_Angle,L_Knee_Angle,R_Knee_Angle
1348,1,Side,148.7,28.54,147.21,140.04,44.36,177.47,114.62,144.57
1348,2,Side,147.53,27.04,145.74,130.27,46.82,179.35,106.93,134.35
1348,3,Side,119.89,26.48,66.37,120.86,55.26,177.99,105.59,134.92
1348,4,Side,115.02,23.5,59.15,112.38,58.08,175.43,102.9,137.87
1348,5,Side,108.95,24.45,50.13,102.73,61.42,179.56,108.72,143.23
1348,6,Side,44.17,24.84,38.86,97.64,117.04,165.71,110.89,135.0
1348,7,Side,37.97,20.54,34.55,88.62,124.66,179.0,115.56,148.86
1348,8,Side,33.39,17.87,80.77,80.18,131.74,176.75,116.0,146.08
1348,9,Side,27.41,16.47,74.54,69.66,143.01,176.8,130.54,164.66
1348,10,Side,22.11,14.17,70.33,61.19,152.57,177.52,135.63,166.72
1348,11,Side,18.56,12.69,66.1,52.76,165.3,177.25,174.44,164.79
1348,12,Side,14.83,13.06,64.13,49.51,173.14,170.5,178.76,165.05
1348,13,Side,14.4,13.03,62.55,46.21,167.39,161.16,168.16,153.05
1348,14,Side,14.14,12.64,61.65,43.83,167.55,159.02,171.0,156.81
1348,15,Side,34.8,14.46,83.43,42.48,168.65,154.92,170.98,156.15
1348,16,Side,14.65,13.5,59.57,39.66,171.3,152.31,170.22,159.62
1348,17,Side,13.84,13.19,60.43,40.73,169.08,155.04,162.28,163.63
1348,18,Side,13.55,13.83,61.39,41.22,175.44,157.09,167.66,162.18
1348,19,Side,13.84,14.72,63.01,45.64,172.8,160.63,161.74,164.52
1348,20,Side,14.75,15.09,67.24,51.98,171.44,166.02,159.13,165.91
1348,21,Side,17.4,13.99,70.17,56.51,162.42,175.97,151.26,175.06
1348,22,Side,23.52,12.97,73.39,65.32,150.69,169.65,147.32,175.5
1348,23,Side,29.7,14.11,30.52,75.71,139.4,167.76,141.18,177.63
1348,24,Side,35.48,19.44,33.33,82.51,128.61,173.16,136.95,179.72
1348,25,Side,41.96,21.65,38.42,93.3,121.25,170.33,138.93,175.6
1348,26,Side,104.91,22.81,50.48,102.5,65.49,167.01,142.18,172.41
1348,27,Side,98.57,21.33,60.14,114.44,78.67,160.57,144.33,172.14
1348,28,Side,175.73,22.22,150.05,120.56,76.69,163.06,144.86,174.94
1348,29,Side,175.83,21.8,151.49,125.72,72.57,157.18,145.8,169.09
1348,30,Side,158.78,24.6,146.24,133.09,57.69,154.2,144.45,167.71
1349,1,Front/Back,180.0,180.0,180.0,180.0,124.21,135.27,124.21,135.27
1349,2,Front/Back,180.0,180.0,180.0,180.0,123.47,129.62,123.47,129.62
1349,3,Front/Back,180.0,180.0,180.0,180.0,122.06,129.05,99.84,129.05
1349,4,Front/Back,180.0,180.0,180.0,180.0,115.63,124.83,58.18,124.83
1349,5,Front/Back,180.0,180.0,180.0,180.0,114.95,124.98,74.5,124.98
1349,6,Front/Back,180.0,180.0,180.0,180.0,113.55,124.06,70.64,124.06
1349,7,Front/Back,180.0,180.0,180.0,180.0,113.5,124.04,68.54,124.04
1349,8,Front/Back,180.0,180.0,180.0,174.24,108.42,113.44,61.84,113.44
1349,9,Front/Back,180.0,180.0,180.0,180.0,114.05,116.9,66.26,116.9
1349,10,Front/Back,180.0,180.0,180.0,180.0,131.37,138.7,82.78,138.7
1349,11,Front/Back,180.0,180.0,178.41,180.0,141.05,174.02,92.08,174.02
1349,12,Front/Back,180.0,180.0,168.27,180.0,142.63,173.79,93.69,173.79
1349,13,Front/Back,180.0,165.28,166.12,150.86,144.27,173.65,95.78,173.65
1349,14,Front/Back,152.6,154.3,136.12,134.39,145.99,173.57,98.35,173.57
1349,15,Front/Back,150.26,148.51,135.4,131.48,147.78,173.57,101.42,173.57
1349,16,Front/Back,164.25,144.06,147.78,133.79,149.66,173.65,104.98,173.65
1349,17,Front/Back,154.87,143.03,140.99,143.03,151.66,173.79,109.08,173.79
1349,18,Front/Back,154.55,137.25,141.58,137.25,153.8,174.02,113.75,174.02
1349,19,Front/Back,152.95,144.28,139.98,144.27,156.12,174.34,119.07,174.34
1349,20,Front/Back,154.02,142.09,144.51,136.85,158.67,174.76,125.16,174.76
1349,21,Front/Back,152.86,142.8,146.83,130.34,161.55,175.31,132.26,175.31
1349,22,Front/Back,152.02,144.57,150.43,135.76,164.96,176.06,140.85,176.06
1349,23,Front/Back,151.7,145.5,141.1,145.5,169.38,177.13,152.22,177.13
1349,24,Front/Back,179.98,179.99,179.98,179.98,179.98,179.98,179.97,179.96
1349,25,Front/Back,180.0,138.05,174.32,161.11,144.74,144.35,144.74,166.5
1349,26,Front/Back,180.0,145.68,180.0,180.0,136.45,145.68,136.45,161.55
1349,27,Front/Back,180.0,147.55,180.0,180.0,128.27,120.91,128.27,131.64
1349,28,Front/Back,180.0,148.98,176.11,172.76,122.91,114.16,122.91,121.23
1349,29,Front/Back,180.0,153.42,173.61,168.47,121.64,119.94,121.64,146.52
1349,30,Front/Back,180.0,154.12,180.0,180.0,117.83,114.52,117.83,140.4
1349,31,Front/Back,180.0,160.46,180.0,180.0,104.66,123.89,104.66,143.43
1349,32,Front/Back,180.0,180.0,180.0,180.0,110.99,119.87,110.99,119.87
1349,33,Front/Back,180.0,168.42,180.0,180.0,109.1,127.61,109.1,139.2
1349,34,Front/Back,180.0,180.0,180.0,180.0,101.15,121.96,101.15,121.96
1349,35,Front/Back,180.0,180.0,180.0,180.0,101.15,116.28,101.15,116.28
1349,36,Front/Back,180.0,180.0,180.0,180.0,101.15,116.28,101.15,116.28
1349,37,Front/Back,180.0,180.0,180.0,180.0,101.15,116.28,101.15,116.28
1350,1,Side,,80.52,90.8,169.7,,146.82,,172.16
1350,2,Side,,79.37,89.29,166.86,,146.6,,172.41
1350,3,Side,,76.72,86.14,160.92,,145.09,,171.25
1350,4,Side,,75.81,83.3,156.75,,142.83,,167.88
1350,5,Side,,73.9,80.75,152.32,,142.81,,168.12
1350,6,Side,,71.75,146.59,146.59,,140.45,,164.74
1350,7,Side,,67.95,143.2,143.2,,146.69,,167.77
1350,8,Side,,63.66,135.45,135.45,,153.12,,170.91
1350,9,Side,,54.44,124.0,124.0,,179.4,,172.31
1350,10,Side,,50.08,115.93,115.93,,179.09,,174.87
1350,11,Side,,46.2,107.66,107.66,,176.11,,174.54
1350,12,Side,,45.78,105.77,105.77,,177.14,,174.41
1350,13,Side,,45.75,102.42,102.42,,178.15,,179.83
1350,14,Side,,41.1,92.01,92.01,,174.81,,179.67
1350,15,Side,,38.12,87.43,87.43,,174.67,,179.5
1350,16,Side,,33.93,83.14,83.14,,174.4,,179.48
1350,17,Side,,38.39,89.72,89.72,,175.1,,177.81
1350,18,Side,,41.0,87.66,87.66,,170.99,,176.16
1350,19,Side,,40.52,86.36,86.36,,171.19,,177.96
1350,20,Side,,41.93,85.77,85.77,,168.51,,176.54
1350,21,Side,,41.03,83.08,83.08,,165.41,,173.75
1350,22,Side,,44.17,88.77,88.77,,167.01,,175.08
1350,23,Side,,44.65,90.64,90.64,,167.81,,176.61
1350,24,Side,,46.71,93.67,93.67,,167.79,,178.04
1350,25,Side,,48.15,96.1,96.1,,167.56,,176.82
1350,26,Side,,48.5,97.27,97.27,,168.37,,178.36
1350,27,Side,,51.28,103.48,103.48,,170.81,,180.0
1350,28,Side,,53.03,105.43,105.43,,168.77,,178.78
1350,29,Side,,54.34,109.92,109.92,,169.2,,177.56
1350,30,Side,,56.35,113.8,113.8,,170.02,,179.25
1350,31,Side,,53.89,115.23,115.23,,168.81,,174.69
1350,32,Side,,55.77,121.18,121.18,,169.51,,174.24
1350,33,Side,,58.28,131.12,131.12,,179.01,,177.9
1350,34,Side,,53.81,130.45,130.45,,178.48,,179.44
1350,35,Side,,54.58,135.15,135.15,,175.87,,179.02
1350,36,Side,,54.24,66.61,136.47,,174.21,,177.5
1350,37,Side,,71.22,74.84,147.19,,158.68,,169.12
1350,38,Side,,78.02,81.24,160.46,,157.84,,170.3
1350,39,Side,,80.48,88.02,168.11,,157.23,,169.34
1350,40,Side,,83.57,94.85,176.13,,156.37,,169.95
1350,41,Side,,85.68,101.74,176.32,,156.35,,170.82
1350,42,Side,,85.68,101.74,176.32,,157.52,,173.28
1350,43,Side,,85.68,131.88,176.32,,158.71,,175.74
1351,1,Side,90.23,119.93,163.13,84.91,148.06,116.58,137.25,91.92
1351,2,Side,86.83,115.65,162.8,84.85,152.3,122.06,136.54,91.82
1351,3,Side,93.58,126.86,163.11,84.46,146.02,111.47,135.15,91.09
1351,4,Side,82.88,123.82,158.56,81.66,165.92,113.3,145.98,91.78
1351,5,Side,81.59,122.05,154.96,78.5,166.23,113.63,146.65,92.26
1351,6,Side,73.99,47.7,142.31,117.03,167.29,168.73,147.76,166.18
1351,7,Side,74.82,46.79,142.32,116.03,166.84,169.97,149.04,167.61
1351,8,Side,78.85,46.33,133.26,110.86,149.52,170.99,139.86,168.22
1351,9,Side,68.74,45.16,123.95,104.7,172.63,171.96,165.29,168.04
1351,10,Side,72.9,45.25,117.72,99.84,160.02,171.35,158.62,166.89
1351,11,Side,69.13,44.07,110.88,95.44,163.76,172.56,161.57,167.54
1351,12,Side,65.03,43.19,101.53,87.74,163.86,164.74,164.23,157.4
1351,13,Side,57.1,43.67,93.55,87.8,173.05,166.67,171.72,157.99
1351,14,Side,52.9,41.55,86.47,85.33,174.35,169.29,174.49,159.5
1351,15,Side,49.33,40.99,80.84,83.14,175.92,169.45,177.01,160.19
1351,16,Side,45.54,40.72,74.19,80.0,177.71,167.15,179.4,157.33
1351,17,Side,47.51,40.59,69.17,78.49,163.57,166.58,171.77,158.26
1351,18,Side,45.49,40.48,66.18,77.48,163.58,166.31,172.76,158.58
1351,19,Side,44.23,38.47,64.5,75.76,164.84,173.21,173.33,165.27
1351,20,Side,43.55,37.73,63.92,74.49,165.87,174.48,174.26,167.07
1351,21,Side,41.4,36.92,62.44,73.19,167.1,175.16,174.57,168.9
1351,22,Side,42.15,37.07,62.44,73.97,165.23,179.37,173.74,177.4
1351,23,Side,43.36,36.64,63.43,74.83,163.54,179.33,173.21,178.15
1351,24,Side,49.92,38.77,69.63,77.79,161.26,178.86,171.48,177.72
1351,25,Side,61.08,38.15,81.35,78.22,161.06,177.47,171.21,178.91
1351,26,Side,61.52,37.75,82.05,78.83,159.19,176.48,169.43,179.67
1351,27,Side,63.34,38.48,83.95,79.69,157.71,178.27,168.85,178.55
1351,28,Side,54.32,41.93,77.09,81.18,158.55,171.11,169.02,170.77
1351,29,Side,56.5,42.91,80.16,82.34,157.65,168.84,168.42,169.32
1351,30,Side,58.82,43.59,82.67,83.16,156.26,166.69,167.81,168.06
1351,31,Side,61.44,44.38,85.7,84.32,155.37,164.48,167.43,166.04
1351,32,Side,65.36,43.2,92.51,84.39,154.12,163.15,165.67,166.55
1351,33,Side,75.42,43.16,106.07,87.13,154.27,166.11,164.42,169.61
1351,34,Side,77.41,43.39,110.84,88.95,153.65,166.84,162.55,169.61
1351,35,Side,80.01,43.54,117.59,97.09,153.19,177.07,160.59,178.25
1351,36,Side,80.76,43.37,122.48,32.14,153.67,179.78,159.29,179.01
1351,37,Side,82.55,43.96,128.81,36.69,152.63,178.13,155.92,179.94
1351,38,Side,81.01,44.08,131.84,40.48,152.25,166.71,154.35,107.83
1351,39,Side,82.38,110.74,141.44,67.92,155.52,120.4,151.49,101.49
1351,40,Side,83.57,112.78,148.11,73.56,155.33,120.73,148.02,101.15
1351,41,Side,82.44,112.39,153.38,77.11,157.19,121.34,146.03,99.8
1351,42,Side,82.24,112.83,155.45,79.47,158.84,122.03,145.51,98.97
1351,43,Side,82.52,113.88,157.44,80.91,159.6,122.4,145.14,98.97
1351,44,Side,75.13,170.85,158.43,116.95,176.63,122.8,153.78,98.97
1352,1,Side,70.96,,155.47,155.47,158.19,,165.54,
1352,2,Side,70.42,,154.49,154.49,156.56,,163.82,
1352,3,Side,68.43,,152.33,152.33,156.39,,162.44,
1352,4,Side,67.57,,152.53,152.53,157.35,,163.59,
1352,5,Side,64.6,,146.85,146.85,157.22,,164.11,
1352,6,Side,62.02,,144.1,144.1,157.51,,163.68,
1352,7,Side,59.91,,142.15,142.15,160.8,,166.83,
1352,8,Side,55.91,,138.95,138.95,163.71,,168.37,
1352,9,Side,52.61,,135.43,135.43,165.49,,168.99,
1352,10,Side,39.51,,119.79,119.79,171.78,,172.26,
1352,11,Side,31.81,,112.85,112.85,178.25,,174.76,
1352,12,Side,25.63,,106.01,106.01,179.02,,175.78,
1352,13,Side,19.22,,99.81,99.81,179.33,,175.62,
1352,14,Side,6.71,,84.44,84.44,177.3,,174.67,
1352,15,Side,1.94,,74.98,74.98,176.93,,173.62,
1352,16,Side,4.56,,73.39,73.39,172.13,,167.24,
1352,17,Side,10.63,,67.22,67.22,172.77,,168.53,
1352,18,Side,14.35,,63.0,63.0,173.77,,169.92,
1352,19,Side,14.04,,62.41,62.41,172.7,,168.03,
1352,20,Side,16.15,,61.08,61.08,172.68,,167.73,
1352,21,Side,19.71,,59.91,59.91,178.67,,169.69,
1352,22,Side,23.45,,56.47,56.47,178.8,,171.77,
1352,23,Side,26.37,,52.29,52.29,179.78,,170.92,
1352,24,Side,28.05,,50.13,50.13,179.57,,171.68,
1352,25,Side,29.12,,49.06,49.06,178.87,,172.38,
1352,26,Side,30.44,,46.5,46.5,178.52,,174.47,
1352,27,Side,31.08,,47.73,47.73,176.1,,174.95,
1352,28,Side,29.4,,51.67,51.67,175.7,,174.24,
1352,29,Side,28.58,,53.38,53.38,176.26,,173.35,
1352,30,Side,25.39,,57.7,57.7,176.79,,173.96,
1352,31,Side,19.71,,63.32,63.32,176.31,,175.56,
1352,32,Side,21.55,,59.82,59.82,178.56,,176.07,
1352,33,Side,7.65,,75.82,75.82,177.02,,175.59,
1352,34,Side,4.27,,80.41,80.41,176.16,,177.59,
1352,35,Side,10.58,,100.21,100.21,175.7,,177.94,
1352,36,Side,13.67,,101.61,101.61,179.23,,177.22,
1352,37,Side,17.77,,107.7,107.7,177.02,,177.68,
1352,38,Side,25.8,,115.14,115.14,179.33,,176.01,
1352,39,Side,33.83,,124.88,124.88,177.29,,171.98,
1352,40,Side,41.79,,134.2,134.2,177.99,,172.32,
1352,41,Side,45.93,,141.73,141.73,179.65,,171.29,
1352,42,Side,46.22,,145.81,145.81,173.7,,173.67,
1352,43,Side,49.89,,150.71,150.71,176.59,,168.47,
1352,44,Side,51.55,,152.65,152.65,176.93,,168.08,
1352,45,Side,53.62,,155.56,155.56,176.31,,168.1,
1352,46,Side,56.39,,159.61,159.61,176.33,,169.02,
1353,1,Side,105.01,77.0,107.35,107.35,112.56,164.47,133.69,157.59
1353,2,Side,105.74,78.63,120.56,120.56,115.06,168.21,138.91,164.95
1353,3,Side,102.61,76.31,117.35,117.35,114.91,167.03,138.82,164.65
1353,4,Side,100.47,74.81,113.99,113.99,113.5,163.51,133.9,158.26
1353,5,Side,95.99,72.35,113.68,113.68,121.66,164.35,138.96,158.01
1353,6,Side,93.47,70.21,109.57,109.57,121.87,162.55,140.6,158.01
1353,7,Side,86.03,64.02,109.77,109.77,129.35,168.81,142.48,159.93
1353,8,Side,80.51,60.26,104.95,104.95,131.81,168.37,144.94,161.24
1353,9,Side,75.75,57.32,104.87,104.87,135.46,168.69,144.43,159.23
1353,10,Side,72.7,54.37,101.99,101.99,136.6,169.54,144.4,159.02
1353,11,Side,67.62,50.16,96.12,96.12,137.3,168.67,142.9,156.81
1353,12,Side,68.63,51.22,100.12,100.12,139.54,171.95,145.45,160.45
1353,13,Side,69.6,52.89,101.99,101.99,140.13,170.8,145.2,159.16
1353,14,Side,66.01,49.47,99.61,99.61,141.43,172.91,146.43,161.37
1353,15,Side,69.57,51.58,102.72,102.72,137.83,173.74,143.34,161.25
1353,16,Side,69.99,52.02,104.04,104.04,139.53,175.71,143.1,161.3
1353,17,Side,69.75,50.6,101.64,101.64,138.46,176.92,142.06,161.37
1353,18,Side,68.34,49.18,101.31,101.31,139.28,178.03,143.93,163.52
1353,19,Side,67.62,49.18,101.31,101.31,141.28,178.03,145.21,163.52
1353,20,Side,66.63,50.16,106.01,106.01,147.56,179.09,147.9,164.78
1353,21,Side,68.02,48.49,99.3,99.3,145.99,176.59,147.96,165.84
1353,22,Side,70.82,50.5,102.13,102.13,141.64,178.22,144.95,164.78
1353,23,Side,72.89,51.64,101.0,101.0,139.1,179.34,143.34,163.66
1353,24,Side,72.84,52.69,103.05,103.05,141.89,179.54,144.31,162.74
1353,25,Side,74.75,53.74,102.52,102.52,140.39,179.69,142.81,161.73
1353,26,Side,78.39,57.05,103.37,103.37,139.49,179.47,142.08,160.72
1353,27,Side,86.04,63.62,110.07,110.07,138.63,179.22,141.61,159.78
1353,28,Side,88.78,67.08,109.08,109.08,138.74,177.86,144.34,161.76
1353,29,Side,89.1,67.54,108.76,108.76,137.53,176.93,145.05,162.9
1353,30,Side,91.82,70.98,108.32,108.32,137.31,174.75,146.19,162.78
1353,31,Side,91.82,70.98,106.07,106.07,137.01,174.0,145.82,161.96
1353,32,Side,90.82,70.05,107.41,107.41,139.15,176.16,149.27,165.51
1353,33,Side,90.0,69.65,106.44,106.44,141.06,177.91,152.41,168.91
1353,34,Side,86.4,66.91,107.95,107.95,145.68,177.47,153.99,171.36
1353,35,Side,85.58,66.53,106.41,106.41,146.74,176.84,155.17,172.54
1353,36,Side,87.43,66.7,106.1,106.1,145.99,174.1,155.88,175.06
1353,37,Side,89.2,68.19,89.63,89.63,141.82,178.94,153.67,171.91
1353,38,Side,90.6,68.62,101.31,101.31,139.29,179.53,154.29,173.49
1353,39,Side,97.18,74.17,112.17,112.17,140.48,177.65,161.55,179.59
1353,40,Side,97.93,75.23,121.84,121.84,138.98,179.71,162.47,178.93
1353,41,Side,97.25,76.18,135.0,135.0,143.39,179.76,164.68,179.53
1354,1,Side,,68.44,100.41,100.41,,156.59,,
1354,2,Side,,67.92,114.08,114.08,,161.18,,
1354,3,Side,,70.52,117.68,117.68,,160.71,,
1354,4,Side,,70.45,118.69,118.69,,161.96,,
1354,5,Side,,68.22,124.43,124.43,,162.95,,
1354,6,Side,,66.79,138.16,138.16,,164.96,,
1354,7,Side,,61.44,153.95,153.95,,168.2,,
1354,8,Side,,57.51,160.35,160.35,,169.19,,
1354,9,Side,,55.26,163.12,163.12,,171.14,,
1354,10,Side,,51.15,173.97,173.97,,169.32,,
1354,11,Side,,40.45,174.37,174.37,,167.18,,
1354,12,Side,,31.86,164.98,164.98,,167.58,,
1354,13,Side,,27.06,161.59,161.59,,170.21,,
1354,14,Side,,25.66,162.21,162.21,,174.06,,
1354,15,Side,,26.58,162.73,162.73,,171.0,,
1354,16,Side,,36.75,167.02,167.02,,168.73,,
1354,17,Side,,41.45,179.29,179.29,,166.69,,
1354,18,Side,,48.6,170.93,170.93,,165.53,,
1354,19,Side,,54.54,161.8,161.8,,166.15,,
1354,20,Side,,57.77,155.77,155.77,,165.22,,
1354,21,Side,,59.73,152.1,152.1,,165.52,,
1354,22,Side,,70.83,131.63,131.63,,162.94,,
1354,23,Side,,68.67,132.74,132.74,,166.28,,
1354,24,Side,,72.38,130.63,130.63,,162.42,,
1354,25,Side,,75.87,128.48,128.48,,160.74,,
1354,26,Side,,76.39,131.52,131.52,,157.97,,
1354,27,Side,,75.79,131.34,131.34,,151.7,,
1354,28,Side,,75.21,131.0,131.0,,153.14,,
1354,29,Side,,76.0,130.81,130.81,,153.75,,
1354,30,Side,,79.16,127.13,127.13,,153.9,,
1355,1,Front/Back,180.0,180.0,146.98,180.0,,,,
1355,2,Front/Back,180.0,180.0,147.04,167.91,,,,
1355,3,Front/Back,180.0,180.0,150.4,161.46,,,,
1355,4,Front/Back,153.18,180.0,123.84,162.29,,,,
1355,5,Front/Back,147.08,174.46,147.08,174.46,,,,
1355,6,Front/Back,145.43,155.0,145.43,155.0,,,,
1355,7,Front/Back,140.94,171.63,124.0,171.63,,,,
1355,8,Front/Back,134.56,167.31,115.1,167.31,,,,
1355,9,Front/Back,131.51,164.16,113.79,164.16,,,,
1355,10,Front/Back,131.76,172.34,116.16,172.34,,,,
1355,11,Front/Back,138.37,180.0,138.37,157.13,,,,
1355,12,Front/Back,146.46,180.0,146.46,180.0,,,,
1355,13,Front/Back,170.82,148.03,170.82,148.03,,,,
1355,14,Front/Back,165.2,149.29,165.2,149.29,,,,
1355,15,Front/Back,161.19,144.26,161.19,144.26,,,,
1355,16,Front/Back,162.25,148.41,162.25,148.41,,,,
1355,17,Front/Back,165.2,163.88,165.2,163.87,,,,
1355,18,Front/Back,179.96,179.95,179.97,179.97,,,,
1355,19,Front/Back,159.55,99.78,143.9,130.56,,,,
1355,20,Front/Back,150.82,89.46,147.95,142.49,,,,
1355,21,Front/Back,136.4,88.37,115.11,144.37,,,,
1355,22,Front/Back,165.2,161.82,123.49,145.22,,,,
1355,23,Front/Back,153.5,180.0,119.1,163.4,,,,
1355,24,Front/Back,176.19,180.0,142.92,180.0,,,,
1355,25,Front/Back,180.0,180.0,138.68,173.06,,,,
1355,26,Front/Back,180.0,180.0,141.44,173.06,,,,
1355,27,Front/Back,180.0,180.0,135.58,180.0,,,,
1355,28,Front/Back,180.0,180.0,138.24,180.0,,,,
1355,29,Front/Back,180.0,180.0,138.68,180.0,,,,
1356,1,Side,,52.49,129.61,177.24,,70.4,,20.88
1356,2,Side,,50.44,125.61,168.23,,72.37,,21.31
1356,3,Side,,47.07,120.56,164.1,,71.98,,20.91
1356,4,Side,,45.46,114.33,153.9,,73.18,,21.33
1356,5,Side,,44.69,114.94,148.81,,75.64,,21.83
1356,6,Side,,43.04,111.57,138.68,,77.32,,21.07
1356,7,Side,,43.79,109.43,134.64,,81.54,,22.81
1356,8,Side,,41.82,83.93,123.69,,90.54,,24.85
1356,9,Side,,38.38,79.04,117.92,,89.95,,26.14
1356,10,Side,,34.26,72.6,109.56,,90.4,,28.96
1356,11,Side,,33.45,69.62,107.25,,92.18,,31.88
1356,12,Side,,31.76,65.89,102.85,,100.94,,37.89
1356,13,Side,,31.13,56.91,93.88,,111.67,,42.09
1356,14,Side,,35.84,52.89,90.18,,122.38,,46.02
1356,15,Side,,33.52,46.06,83.35,,129.71,,52.0
1356,16,Side,,24.23,76.37,76.37,,128.03,,56.37
1356,17,Side,,13.15,71.79,71.79,,121.47,,65.35
1356,18,Side,,12.54,65.38,65.38,,102.13,,102.35
1356,19,Side,,24.65,57.96,57.96,,98.05,,120.72
1356,20,Side,,32.13,53.55,53.55,,94.24,,128.42
1356,21,Side,,41.91,46.14,46.14,,93.62,,151.06
1356,22,Side,,39.32,41.03,41.03,,97.91,,148.43
1356,23,Side,,32.76,37.59,37.59,,107.84,,145.48
1356,24,Side,,45.32,34.09,34.09,,99.39,,157.81
1356,25,Side,,49.47,32.57,32.57,,96.69,,163.6
1356,26,Side,,46.58,28.51,28.51,,104.65,,163.53
1356,27,Side,,43.8,32.91,32.91,,103.63,,162.29
1356,28,Side,,39.59,35.32,35.32,,107.52,,164.39
1356,29,Side,,35.84,38.7,38.7,,110.29,,165.17
1356,30,Side,,29.87,42.23,42.23,,114.51,,165.02
1356,31,Side,,26.77,45.43,45.43,,116.37,,166.98
1356,32,Side,,16.53,54.23,54.23,,124.81,,174.81
1356,33,Side,,7.34,62.69,62.69,,130.07,,179.05
1356,34,Side,,5.81,71.46,71.46,,142.95,,175.1
1356,35,Side,,18.79,79.67,79.67,,157.68,,167.5
1356,36,Side,,27.47,88.05,88.05,,158.2,,176.78
1356,37,Side,,28.58,98.13,98.13,,147.32,,162.18
1356,38,Side,,30.04,106.0,106.0,,120.83,,99.4
1356,39,Side,,32.09,111.35,111.35,,112.83,,77.78
1356,40,Side,,32.68,116.34,116.34,,105.26,,64.65
1356,41,Side,,34.23,101.91,118.9,,101.52,,54.71
1356,42,Side,,34.62,101.25,128.16,,91.33,,48.45
1356,43,Side,,34.86,106.05,134.24,,85.27,,40.36
1356,44,Side,,35.5,112.61,142.01,,79.58,,36.01
1356,45,Side,,36.37,113.04,146.37,,74.74,,31.15
1356,46,Side,,34.13,119.52,151.56,,69.91,,28.74
1356,47,Side,,37.0,121.95,156.06,,68.9,,27.61
1356,48,Side,,42.9,122.56,168.91,,69.9,,27.43
1356,49,Side,,40.53,128.78,171.88,,66.25,,25.58
1356,50,Side,,40.8,171.14,175.85,,63.41,,24.26
1357,1,Side,125.11,30.33,141.46,174.15,23.28,175.39,124.69,136.69
1357,2,Side,123.46,28.38,136.54,167.4,24.05,176.63,119.88,135.0
1357,3,Side,123.27,34.17,135.35,160.35,24.65,155.56,120.14,123.69
1357,4,Side,117.94,27.0,133.17,153.78,24.56,167.66,119.85,128.62
1357,5,Side,111.14,27.25,126.71,143.81,27.04,167.62,123.94,135.63
1357,6,Side,105.81,24.8,119.9,126.57,32.91,168.85,126.25,141.65
1357,7,Side,98.99,24.01,104.1,117.64,37.25,167.47,116.39,132.88
1357,8,Side,134.42,24.99,49.61,111.87,38.36,167.91,118.62,138.73
1357,9,Side,122.34,17.76,39.33,99.79,45.37,163.53,116.85,163.37
1357,10,Side,110.49,5.36,29.92,89.55,54.43,107.2,65.11,144.57
1357,11,Side,26.91,3.56,26.23,77.7,144.27,98.18,78.48,138.93
1357,12,Side,24.43,9.36,23.52,71.95,148.51,104.73,86.05,144.66
1357,13,Side,19.66,14.68,20.47,68.77,156.27,98.56,91.07,140.35
1357,14,Side,96.32,19.67,10.76,61.98,163.19,97.94,97.58,138.86
1357,15,Side,90.23,24.39,6.44,56.57,163.3,100.37,100.89,141.16
1357,16,Side,88.07,24.41,4.96,48.59,164.31,107.55,102.76,140.66
1357,17,Side,85.6,21.39,3.15,50.59,166.25,112.91,105.57,143.75
1357,18,Side,83.94,27.83,1.21,51.8,165.6,104.59,104.24,143.51
1357,19,Side,78.49,24.56,0.88,55.19,160.9,104.38,102.37,143.66
1357,20,Side,83.33,6.84,3.02,56.19,161.57,130.22,100.49,154.06
1357,21,Side,83.02,1.71,2.48,61.72,162.62,136.68,97.19,162.29
1357,22,Side,93.32,5.54,9.69,65.6,164.09,144.74,98.61,166.55
1357,23,Side,15.71,12.89,19.49,64.77,166.81,164.82,99.01,179.17
1357,24,Side,17.72,20.74,21.73,67.79,163.34,169.13,93.38,158.87
1357,25,Side,19.63,23.96,23.79,70.77,161.18,161.23,91.2,150.81
1357,26,Side,20.53,33.36,25.7,72.59,159.38,148.08,88.56,145.0
1357,27,Side,115.72,38.11,27.6,82.58,58.84,144.1,84.37,139.15
1357,28,Side,124.39,30.17,34.31,90.31,50.52,157.65,78.58,140.93
1357,29,Side,133.49,29.85,41.76,97.5,42.53,157.28,74.5,136.22
1357,30,Side,148.36,30.79,49.48,105.03,29.52,157.63,66.8,132.08
1357,31,Side,157.98,34.15,58.24,115.7,24.44,154.7,67.09,130.47
1357,32,Side,163.56,34.85,65.3,124.92,21.94,152.05,59.93,121.29
1357,33,Side,85.21,49.89,109.03,137.62,20.51,141.21,57.99,124.11
1357,34,Side,97.78,30.61,120.47,147.33,21.24,167.29,123.32,128.9
1357,35,Side,103.34,30.96,126.35,156.81,19.16,162.35,120.91,119.69
1357,36,Side,109.2,31.99,133.23,165.57,18.31,164.92,118.21,118.11
1357,37,Side,114.54,35.3,134.23,172.11,19.75,161.04,115.3,114.23
1357,38,Side,117.97,38.21,139.59,177.86,19.19,157.81,114.08,111.0
1358,1,Front/Back,180.0,180.0,180.0,180.0,128.14,180.0,128.14,180.0
1358,2,Front/Back,180.0,180.0,180.0,180.0,128.14,180.0,128.14,180.0
1358,3,Front/Back,180.0,180.0,180.0,180.0,125.11,180.0,125.11,180.0
1358,4,Front/Back,180.0,180.0,180.0,180.0,123.64,180.0,123.64,180.0
1358,5,Front/Back,180.0,180.0,180.0,180.0,122.11,180.0,122.11,180.0
1358,6,Front/Back,180.0,180.0,180.0,180.0,122.11,180.0,122.11,180.0
1358,7,Front/Back,180.0,180.0,180.0,180.0,120.68,180.0,120.68,180.0
1358,8,Front/Back,180.0,180.0,180.0,180.0,119.37,180.0,119.37,180.0
1358,9,Front/Back,180.0,180.0,180.0,180.0,118.72,180.0,118.72,180.0
1358,10,Front/Back,180.0,180.0,180.0,180.0,119.56,180.0,119.56,180.0
1358,11,Front/Back,180.0,180.0,180.0,180.0,120.39,180.0,120.39,180.0
1358,12,Front/Back,180.0,180.0,180.0,180.0,118.45,180.0,118.45,180.0
1358,13,Front/Back,180.0,180.0,180.0,180.0,119.28,180.0,119.28,180.0
1358,14,Front/Back,180.0,180.0,180.0,176.98,118.73,180.0,93.97,180.0
1358,15,Front/Back,180.0,180.0,180.0,176.98,119.63,180.0,83.92,180.0
1358,16,Front/Back,180.0,180.0,180.0,176.04,120.47,180.0,70.3,180.0
1358,17,Front/Back,180.0,180.0,180.0,176.04,119.91,180.0,66.79,180.0
1358,18,Front/Back,176.87,180.0,176.87,180.0,128.38,180.0,59.21,180.0
1358,19,Front/Back,172.82,180.0,172.82,180.0,129.3,180.0,58.62,180.0
1358,20,Front/Back,168.37,180.0,168.37,175.57,142.42,180.0,65.05,180.0
1358,21,Front/Back,174.81,168.2,174.81,168.2,134.28,180.0,61.84,180.0
1358,22,Front/Back,180.0,180.0,180.0,168.16,140.85,180.0,67.03,180.0
1358,23,Front/Back,180.0,180.0,180.0,168.16,144.18,180.0,77.58,180.0
1358,24,Front/Back,180.0,180.0,179.99,168.56,149.98,180.0,94.03,180.0
1358,25,Front/Back,171.27,180.0,171.25,169.1,160.42,180.0,120.43,180.0
1358,26,Front/Back,173.8,180.0,162.72,164.66,160.57,180.0,152.15,180.0
1358,27,Front/Back,173.23,180.0,173.23,164.66,160.72,180.0,160.72,180.0
1358,28,Front/Back,164.83,180.0,164.83,169.1,160.88,180.0,160.88,180.0
1358,29,Front/Back,168.26,180.0,168.25,169.79,161.05,180.0,161.05,180.0
1358,30,Front/Back,180.0,180.0,164.4,169.79,161.22,180.0,161.22,180.0
1358,31,Front/Back,180.0,164.25,164.51,148.91,161.4,180.0,161.4,180.0
1358,32,Front/Back,180.0,159.99,164.7,150.67,161.58,180.0,161.58,180.0
1358,33,Front/Back,180.0,159.99,161.37,150.67,161.77,180.0,161.77,180.0
1358,34,Front/Back,180.0,160.72,158.61,152.54,161.97,180.0,161.97,180.0
1358,35,Front/Back,180.0,160.72,158.92,152.54,162.18,180.0,162.18,180.0
1358,36,Front/Back,180.0,161.57,156.21,154.89,162.39,180.0,162.39,180.0
1358,37,Front/Back,180.0,160.21,156.21,153.54,162.61,180.0,162.61,180.0
1358,38,Front/Back,180.0,159.91,158.92,155.48,162.83,180.0,162.83,180.0
1358,39,Front/Back,175.67,154.83,154.58,150.4,163.07,180.0,163.07,180.0
1358,40,Front/Back,180.0,144.97,158.92,144.97,163.31,180.0,163.31,180.0
1358,41,Front/Back,180.0,145.21,158.92,145.21,163.56,180.0,163.56,180.0
1358,42,Front/Back,180.0,143.3,159.28,143.3,163.82,180.0,163.82,180.0
1358,43,Front/Back,180.0,143.3,159.28,143.3,164.09,180.0,164.09,180.0
1358,44,Front/Back,180.0,142.81,159.28,142.81,164.37,180.0,164.37,180.0
1358,45,Front/Back,180.0,138.55,159.28,138.55,164.66,180.0,164.66,180.0
1358,46,Front/Back,180.0,139.81,159.28,139.81,164.96,180.0,164.96,180.0
1358,47,Front/Back,180.0,138.2,159.72,138.2,165.27,180.0,165.27,180.0
1358,48,Front/Back,180.0,136.97,159.72,136.97,165.6,180.0,165.6,180.0
1358,49,Front/Back,180.0,136.97,159.72,136.97,165.93,180.0,165.93,180.0
1358,50,Front/Back,180.0,136.65,159.72,136.65,166.28,180.0,166.28,180.0
1358,51,Front/Back,180.0,134.28,159.72,134.28,166.65,180.0,166.65,180.0
1358,52,Front/Back,180.0,138.93,159.72,128.72,167.03,180.0,167.03,180.0
1358,53,Front/Back,180.0,139.76,164.96,129.55,167.43,180.0,167.43,180.0
1358,54,Front/Back,180.0,139.76,164.96,128.86,167.85,180.0,167.85,180.0
1358,55,Front/Back,167.5,140.22,152.46,140.22,168.29,180.0,168.29,180.0
1358,56,Front/Back,167.5,140.7,152.46,129.8,168.75,180.0,168.75,180.0
1358,57,Front/Back,167.53,141.22,152.49,129.77,169.24,180.0,169.24,180.0
1358,58,Front/Back,180.0,142.33,162.93,130.89,169.76,180.0,169.76,180.0
1358,59,Front/Back,180.0,142.33,162.93,130.89,170.32,180.0,170.32,180.0
1358,60,Front/Back,180.0,142.93,162.43,131.49,170.92,180.0,170.92,180.0
1358,61,Front/Back,180.0,147.21,165.73,135.77,171.57,180.0,171.57,180.0
1358,62,Front/Back,171.55,151.32,157.29,139.88,172.28,180.0,172.28,180.0
1358,63,Front/Back,173.23,151.86,158.96,140.01,173.07,180.0,173.07,180.0
1358,64,Front/Back,164.28,155.71,153.97,143.87,173.98,180.0,173.98,180.0
1358,65,Front/Back,145.2,158.36,161.34,146.92,158.94,180.0,175.07,180.0
1358,66,Front/Back,142.68,163.71,162.12,152.27,157.06,180.0,176.51,180.0
1358,67,Front/Back,179.98,179.98,179.98,179.98,179.98,179.98,179.97,179.95
1358,68,Front/Back,180.0,170.54,180.0,176.98,155.21,168.39,110.62,101.64
1358,69,Front/Back,180.0,180.0,180.0,176.98,142.67,132.69,71.37,105.05
1358,70,Front/Back,180.0,180.0,169.06,176.04,129.58,135.0,55.57,135.0
1358,71,Front/Back,180.0,180.0,169.06,180.0,115.97,120.25,87.42,120.25
1358,72,Front/Back,180.0,180.0,178.2,180.0,113.06,123.13,113.06,123.13
1358,73,Front/Back,180.0,180.0,180.0,180.0,107.3,124.61,107.3,124.61
1358,74,Front/Back,180.0,180.0,180.0,180.0,110.03,127.66,110.03,127.66
1358,75,Front/Back,180.0,180.0,180.0,180.0,112.63,129.24,112.63,129.24
1358,76,Front/Back,180.0,180.0,180.0,180.0,114.36,132.52,114.36,132.52
1358,77,Front/Back,180.0,180.0,180.0,180.0,115.97,130.52,115.97,130.52
1358,78,Front/Back,180.0,180.0,180.0,180.0,117.3,130.04,117.3,130.04
1358,79,Front/Back,180.0,180.0,180.0,180.0,118.64,128.04,118.64,128.04
1358,80,Front/Back,180.0,180.0,180.0,180.0,132.75,128.04,132.75,128.04
1358,81,Front/Back,180.0,180.0,180.0,180.0,135.96,128.04,135.96,128.04
1358,82,Front/Back,180.0,180.0,180.0,180.0,135.96,128.93,135.96,128.93
1358,83,Front/Back,180.0,180.0,180.0,180.0,135.42,128.67,135.42,128.67
1359,1,Side,73.75,,165.35,165.35,158.31,,150.95,
1359,2,Side,72.09,,163.12,163.12,160.01,,151.98,
1359,3,Side,70.21,,160.72,160.72,161.24,,152.0,
1359,4,Side,70.11,,160.52,160.52,168.05,,161.72,
1359,5,Side,69.34,,157.85,157.85,166.57,,159.36,
1359,6,Side,67.5,,155.32,155.32,167.9,,159.26,
1359,7,Side,66.68,,155.08,155.08,169.51,,160.27,
1359,8,Side,64.94,,153.65,153.65,170.75,,160.24,
1359,9,Side,64.36,,153.38,153.38,171.99,,160.22,
1359,10,Side,63.65,,153.09,153.09,173.37,,160.2,
1359,11,Side,63.24,,152.52,152.52,174.19,,160.88,
1359,12,Side,62.07,,149.79,149.79,174.87,,161.57,
1359,13,Side,59.63,,144.32,144.32,174.29,,160.89,
1359,14,Side,61.89,,148.43,148.43,175.33,,161.13,
1359,15,Side,59.22,,141.48,141.48,174.02,,161.11,
1359,16,Side,57.67,,143.13,143.13,179.85,,163.92,
1359,17,Side,55.43,,141.47,141.47,177.98,,165.5,
1359,18,Side,53.15,,139.76,139.76,177.33,,155.32,
1359,19,Side,52.33,,142.36,142.36,178.28,,155.63,
1359,20,Side,49.81,,139.12,139.12,179.36,,155.61,
1359,21,Side,47.41,,137.12,137.12,179.5,,156.26,
1359,22,Side,46.08,,134.69,134.69,179.48,,157.0,
1359,23,Side,44.15,,132.6,132.6,179.63,,156.38,
1359,24,Side,44.44,,133.66,133.66,179.81,,155.75,
1359,25,Side,43.72,,134.14,134.14,179.58,,156.5,
1359,26,Side,43.17,,134.14,134.14,178.28,,157.15,
1359,27,Side,43.17,,134.14,134.14,178.28,,157.15,
1359,28,Side,40.98,,131.8,131.8,176.91,,159.29,
1359,29,Side,40.98,,131.8,131.8,176.91,,159.19,
1359,30,Side,40.44,,131.8,131.8,175.75,,159.91,
1359,31,Side,38.76,,129.43,129.43,176.44,,159.91,
1359,32,Side,40.69,,130.83,130.83,177.92,,158.97,
1359,33,Side,41.79,,130.83,130.83,179.62,,158.9,
1359,34,Side,42.76,,131.8,131.8,179.62,,159.54,
1359,35,Side,43.43,,131.8,131.8,179.53,,160.0,
1359,36,Side,45.95,,134.58,134.58,176.89,,158.45,
1359,37,Side,30.59,,115.14,115.14,169.62,,158.9,
1359,38,Side,32.23,,116.78,116.78,174.4,,167.41,
1359,39,Side,34.8,,119.87,119.87,174.93,,168.1,
1359,40,Side,36.77,,121.32,121.32,172.93,,165.93,
1359,41,Side,38.2,,122.71,122.71,172.74,,166.47,
1359,42,Side,43.93,,124.22,124.22,164.02,,161.57,
1359,43,Side,57.78,,142.9,142.9,168.39,,162.73,
1359,44,Side,61.27,,148.21,148.21,169.51,,162.03,
1359,45,Side,60.83,,145.87,145.87,170.39,,163.64,
1359,46,Side,61.21,,148.34,148.34,172.89,,165.02,
1359,47,Side,61.45,,149.44,149.44,172.08,,163.64,
1359,48,Side,58.09,,145.67,145.67,170.99,,162.95,
1359,49,Side,60.15,,151.64,151.64,173.29,,161.57,
1359,50,Side,62.87,,156.63,156.63,173.46,,161.59,
1359,51,Side,67.95,,159.92,159.92,169.89,,161.22,
1359,52,Side,70.87,,163.71,163.71,168.58,,160.72,
1359,53,Side,67.74,,157.24,157.24,168.1,,159.78,
1359,54,Side,69.79,,159.56,159.56,166.46,,159.51,
1359,55,Side,71.5,,160.7,160.7,164.27,,157.89,
1359,56,Side,72.72,,162.93,162.93,164.27,,158.58,
1359,57,Side,74.53,,162.93,162.93,160.21,,156.33,
1360,1,Side,67.34,,165.28,165.28,162.49,,167.84,
1360,2,Side,53.89,,146.24,146.24,165.0,,163.97,
1360,3,Side,56.31,,150.27,150.27,164.13,,164.83,
1360,4,Side,40.3,,131.25,131.25,166.31,,163.17,
1360,5,Side,21.38,,113.01,113.01,168.26,,160.82,
1360,6,Side,4.85,,83.79,83.79,172.48,,168.45,
1360,7,Side,14.52,,75.45,75.45,176.96,,177.77,
1360,8,Side,13.79,,70.41,70.41,172.36,,171.46,
1360,9,Side,18.14,,65.6,65.6,171.89,,171.87,
1360,10,Side,25.26,,58.97,58.97,175.04,,174.53,
1360,11,Side,26.92,,55.48,55.48,170.38,,163.86,
1360,12,Side,22.52,,59.88,59.88,170.05,,164.74,
1360,13,Side,17.81,,61.22,61.22,167.69,,164.62,
1360,14,Side,4.97,,70.99,70.99,154.8,,155.99,
1360,15,Side,2.29,,76.35,76.35,156.19,,160.86,
1360,16,Side,24.59,,105.68,69.08,163.97,,172.54,
1360,17,Side,42.09,,124.11,87.51,155.66,,162.4,
1360,18,Side,56.7,,139.76,103.15,159.27,,169.03,
1360,19,Side,74.11,,158.33,121.73,156.36,,168.54,
1360,20,Side,80.13,,164.35,127.75,151.83,,162.67,
1360,21,Side,76.91,,158.99,179.92,150.49,,170.73,
1360,22,Side,82.09,,167.43,171.28,153.32,,174.79,
1360,23,Side,86.82,,169.94,176.34,145.96,,169.27,
1361,1,Side,,118.35,138.18,138.18,,131.88,,77.68
1361,2,Side,,111.8,153.43,153.43,,132.46,,72.52
1361,3,Side,,108.33,169.51,169.51,,134.28,,75.64
1361,4,Side,,99.55,159.55,159.55,,137.29,,78.43
1361,5,Side,,94.43,86.88,86.88,,133.9,,81.28
1361,6,Side,,84.11,34.22,34.22,,124.66,,72.18
1361,7,Side,,81.43,48.68,48.68,,125.87,,72.18
1361,8,Side,,81.94,61.16,61.16,,119.53,,75.46
1361,9,Side,,80.68,58.24,58.24,,110.45,,74.16
1361,10,Side,,74.3,49.4,49.4,,101.97,,66.85
1361,11,Side,,75.05,56.1,56.1,,102.32,,67.43
1361,12,Side,,73.53,58.82,58.82,,95.38,,66.99
1361,13,Side,,68.66,53.46,53.46,,91.94,,66.94
1361,14,Side,,63.34,42.82,42.82,,88.15,,65.28
1361,15,Side,,64.86,37.18,37.18,,82.21,,63.13
1361,16,Side,,73.81,48.79,48.79,,78.11,,61.41
1361,17,Side,,74.47,49.4,49.4,,69.7,,59.63
1361,18,Side,,59.32,51.38,51.38,,66.52,,57.8
1361,19,Side,,61.82,52.13,52.13,,65.38,,55.26
1361,20,Side,,62.67,55.67,55.67,,65.93,,53.05
1361,21,Side,,67.48,45.5,45.5,,65.79,,52.47
1361,22,Side,,62.68,59.4,59.4,,62.23,,45.03
1361,23,Side,,68.3,43.15,43.15,,60.88,,44.64
1361,24,Side,,66.26,45.0,45.0,,58.3,,43.66
1361,25,Side,,68.83,44.04,44.04,,58.6,,43.28
1361,26,Side,,67.53,38.48,38.48,,58.41,,43.31
1361,27,Side,,64.62,43.12,43.12,,63.95,,41.74
1361,28,Side,,62.18,41.7,41.7,,64.14,,41.04
1361,29,Side,,61.55,39.79,39.79,,63.73,,41.97
1361,30,Side,,63.97,43.49,43.49,,63.31,,42.92
1361,31,Side,,63.12,55.45,55.45,,62.88,,43.87
1361,32,Side,,64.59,41.32,41.32,,59.93,,48.54
1361,33,Side,,67.15,41.91,41.91,,58.24,,53.42
1361,34,Side,,70.18,39.36,39.36,,56.0,,57.89
1361,35,Side,,68.3,42.58,42.58,,52.89,,58.2
1361,36,Side,,69.14,45.27,45.27,,48.84,,59.84
1361,37,Side,,74.58,48.37,48.37,,46.0,,61.91
1361,38,Side,,76.68,43.78,43.78,,47.08,,61.91
1361,39,Side,,80.21,42.96,42.96,,48.51,,59.48
1361,40,Side,,70.53,39.27,39.27,,54.48,,59.48
1361,41,Side,,74.56,40.52,40.52,,58.32,,64.34
1361,42,Side,,77.93,54.16,54.16,,62.33,,65.84
1361,43,Side,,84.92,60.36,60.36,,65.2,,68.0
1361,44,Side,,89.63,61.76,61.76,,69.45,,69.45
1361,45,Side,,94.46,64.13,64.13,,75.25,,74.61
1361,46,Side,,89.52,58.61,58.61,,80.18,,74.61
1361,47,Side,,86.2,60.84,60.84,,85.74,,74.61
1361,48,Side,,78.38,52.33,52.33,,92.98,,73.6
1361,49,Side,,75.27,49.27,49.27,,98.81,,73.93
1361,50,Side,,74.67,49.9,49.9,,107.5,,75.39
1361,51,Side,,79.59,64.33,64.33,,111.36,,74.12
1361,52,Side,,67.96,43.67,43.67,,116.18,,74.12
1361,53,Side,,70.56,51.51,51.51,,118.98,,76.98
1361,54,Side,,80.73,53.13,53.13,,123.11,,78.3
1361,55,Side,,71.75,48.22,48.22,,130.54,,78.3
1361,56,Side,,86.93,49.97,49.97,,129.0,,78.3
1361,57,Side,,94.97,60.71,60.71,,130.48,,78.3
1361,58,Side,,91.15,72.38,72.38,,138.8,,80.91
1361,59,Side,,95.89,49.67,49.67,,140.51,,80.91
1361,60,Side,,98.34,44.31,44.31,,140.44,,83.9
1362,1,Side,77.83,,174.54,131.91,160.75,,173.87,
1362,2,Side,74.67,,170.56,138.42,163.14,,169.96,
1362,3,Side,73.54,,169.43,139.36,164.17,,170.66,
1362,4,Side,69.51,,164.57,141.52,164.98,,170.34,
1362,5,Side,66.68,,156.46,147.65,165.54,,170.46,
1362,6,Side,62.08,,151.22,152.13,162.29,,163.58,
1362,7,Side,40.99,,130.52,130.52,163.46,,165.78,
1362,8,Side,23.11,,113.13,113.13,169.88,,178.89,
1362,9,Side,9.52,,99.37,99.37,173.58,,179.61,
1362,10,Side,9.22,,79.32,79.32,173.37,,177.87,
1362,11,Side,25.82,,60.97,60.97,174.26,,177.19,
1362,12,Side,16.31,,72.24,72.24,174.73,,177.81,
1362,13,Side,0.42,,91.98,91.98,177.26,,177.07,
1362,14,Side,11.58,,104.54,104.54,176.88,,178.21,
1362,15,Side,20.72,,115.51,115.51,178.19,,177.44,
1362,16,Side,45.14,,138.83,138.83,171.92,,179.32,
1362,17,Side,70.58,,165.2,138.14,170.07,,178.49,
1362,18,Side,66.45,,160.24,145.42,163.88,,177.57,
1362,19,Side,82.96,,179.07,128.62,162.23,,177.19,
1362,20,Side,84.53,,175.03,124.05,166.38,,175.71,
1362,21,Side,87.49,,167.05,118.06,168.93,,177.35,
1362,22,Side,81.33,,174.36,125.6,170.29,,177.35,
1362,23,Side,74.34,,178.96,130.68,174.58,,178.7,
1362,24,Side,70.86,,175.89,136.52,174.33,,179.06,
1362,25,Side,64.55,,167.59,139.68,176.99,,178.83,
1363,1,Side,71.69,130.41,177.95,146.56,153.66,113.7,165.34,173.38
1363,2,Side,69.1,129.52,169.62,147.28,152.81,114.55,165.46,172.7
1363,3,Side,66.58,128.23,165.64,148.22,153.78,115.85,166.7,177.86
1363,4,Side,62.64,134.81,154.17,150.51,152.34,106.96,165.79,177.38
1363,5,Side,60.09,128.59,148.5,150.2,152.86,117.22,167.07,170.85
1363,6,Side,56.63,127.67,143.03,153.27,153.34,117.91,168.4,169.64
1363,7,Side,52.84,124.93,136.1,155.67,155.12,121.6,168.63,169.28
1363,8,Side,49.06,123.8,129.16,157.8,158.12,123.84,170.61,169.56
1363,9,Side,45.14,120.73,123.36,161.18,161.62,126.59,170.67,173.04
1363,10,Side,44.44,116.66,126.25,169.93,162.9,131.38,172.82,168.63
1363,11,Side,40.92,58.81,107.49,65.12,156.01,128.84,170.61,161.34
1363,12,Side,36.08,55.05,104.99,62.66,160.17,130.89,169.69,159.38
1363,13,Side,31.17,46.91,100.47,59.3,160.94,137.14,169.17,161.11
1363,14,Side,28.71,34.29,100.28,56.76,160.63,155.13,167.85,167.92
1363,15,Side,23.81,26.3,94.24,94.24,159.59,160.14,166.96,170.01
1363,16,Side,16.15,15.23,79.53,79.53,157.96,164.86,167.35,173.33
1363,17,Side,10.13,8.3,76.26,76.26,159.74,168.69,166.92,174.05
1363,18,Side,5.18,3.17,69.49,76.97,158.58,177.06,165.14,174.11
1363,19,Side,1.99,2.83,64.6,75.7,156.56,175.17,164.52,172.87
1363,20,Side,0.93,1.09,63.65,72.9,155.95,174.79,162.91,172.65
1363,21,Side,1.36,1.17,58.53,72.37,156.83,176.27,166.3,174.43
1363,22,Side,0.53,0.58,61.61,72.37,160.76,177.87,168.03,175.48
1363,23,Side,0.96,2.13,63.68,74.54,160.27,176.91,166.96,173.92
1363,24,Side,2.92,4.63,69.9,80.08,161.73,175.31,167.29,172.41
1363,25,Side,5.12,6.58,72.11,83.06,160.99,175.43,167.49,172.42
1363,26,Side,10.94,8.95,81.44,85.85,164.51,174.9,169.35,173.35
1363,27,Side,15.15,12.3,84.6,90.33,162.9,175.71,170.13,174.36
1363,28,Side,17.76,12.53,86.97,50.08,163.32,178.59,169.17,174.61
1363,29,Side,23.49,20.48,94.53,52.28,162.75,172.8,170.07,177.1
1363,30,Side,29.54,26.06,103.77,60.76,163.28,173.79,169.7,176.71
1363,31,Side,33.77,29.77,113.28,69.5,165.1,176.17,167.83,174.9
1363,32,Side,39.25,36.75,124.73,78.07,168.11,175.34,170.35,175.08
1363,33,Side,43.14,40.43,130.52,83.05,166.63,174.52,169.03,174.21
1363,34,Side,45.9,94.86,135.45,155.34,167.79,176.59,170.59,176.04
1363,35,Side,49.84,93.79,141.34,151.99,165.12,179.82,169.61,178.2
1363,36,Side,57.02,102.28,147.29,146.3,161.18,179.44,170.64,135.61
1363,37,Side,56.82,88.22,153.8,158.61,161.79,174.95,167.75,133.15
1363,38,Side,60.34,96.5,160.15,159.39,162.61,170.59,172.54,130.99
1363,39,Side,62.79,100.74,164.3,157.89,161.71,163.32,172.31,129.69
1363,40,Side,64.03,102.54,166.31,157.4,158.15,157.67,168.19,134.45
1364,1,Side,,81.26,179.2,179.2,,152.47,,163.47
1364,2,Side,,79.04,176.0,176.0,,153.07,,162.16
1364,3,Side,,76.19,171.03,171.03,,152.83,,160.66
1364,4,Side,,72.5,165.07,165.07,,152.59,,159.66
1364,5,Side,,67.83,154.98,154.98,,154.59,,160.66
1364,6,Side,,64.49,147.99,147.99,,154.41,,159.84
1364,7,Side,,61.34,139.08,139.08,,155.06,,160.37
1364,8,Side,,59.91,134.77,134.77,,156.39,,160.8
1364,9,Side,,57.39,128.67,128.67,,158.47,,161.63
1364,10,Side,,56.81,127.89,127.89,,159.13,,161.12
1364,11,Side,,52.85,122.29,122.29,,158.67,,161.6
1364,12,Side,,50.82,119.49,119.49,,163.01,,168.68
1364,13,Side,,46.44,114.69,114.69,,163.75,,167.24
1364,14,Side,,42.01,112.22,112.22,,163.23,,162.17
1364,15,Side,,39.44,110.44,110.44,,163.38,,164.4
1364,16,Side,,36.05,35.19,107.1,,165.11,,164.05
1364,17,Side,,33.85,31.45,98.0,,165.69,,168.12
1364,18,Side,,31.02,30.61,97.21,,164.04,,168.12
1364,19,Side,,31.59,30.52,98.06,,165.36,,168.62
1364,20,Side,,31.69,30.78,100.65,,165.85,,168.73
1364,21,Side,,33.06,32.79,100.21,,166.6,,168.63
1364,22,Side,,30.44,32.63,98.51,,168.67,,169.87
1364,23,Side,,30.44,32.13,96.45,,168.67,,169.87
1364,24,Side,,30.1,32.9,97.93,,167.94,,168.55
1364,25,Side,,30.52,31.68,96.48,,168.77,,172.34
1364,26,Side,,34.51,35.32,100.94,,166.65,,167.47
1364,27,Side,,31.55,36.92,99.95,,165.78,,167.64
1364,28,Side,,31.56,36.6,98.52,,165.31,,167.2
1364,29,Side,,33.26,36.97,101.23,,164.32,,167.25
1364,30,Side,,33.26,36.49,99.81,,163.58,,166.5
1364,31,Side,,34.45,37.64,102.02,,162.01,,164.69
1364,32,Side,,36.34,102.69,102.69,,159.69,,160.93
1364,33,Side,,38.81,106.98,106.98,,159.91,,161.39
1364,34,Side,,40.49,110.95,110.95,,162.66,,167.48
1364,35,Side,,42.8,112.81,112.81,,162.5,,168.53
1364,36,Side,,45.0,116.86,116.86,,161.85,,168.51
1364,37,Side,,48.37,122.09,122.09,,162.72,,170.19
1364,38,Side,,51.28,125.13,125.13,,163.1,,170.33
1364,39,Side,,55.32,133.54,133.54,,162.89,,170.37
1364,40,Side,,57.6,134.15,134.15,,162.91,,170.18
1364,41,Side,,60.86,139.72,139.72,,162.61,,169.67
1364,42,Side,,62.87,143.22,143.22,,162.76,,169.59
1364,43,Side,,65.53,149.25,149.25,,159.04,,163.47
1364,44,Side,,67.96,156.85,156.85,,159.2,,163.76
1364,45,Side,,71.26,165.77,165.77,,158.86,,164.08
1364,46,Side,,72.45,172.32,172.32,,160.46,,164.52
1364,47,Side,,69.52,167.68,167.68,,161.09,,165.14
1364,48,Side,,71.99,172.11,172.11,,164.02,,171.86
1364,49,Side,,77.35,175.93,175.93,,164.02,,171.86
1365,1,Side,,83.44,179.31,179.31,,165.33,,178.53
1365,2,Side,,80.77,175.17,175.17,,166.15,,178.4
1365,3,Side,,76.75,168.54,168.54,,167.09,,178.43
1365,4,Side,,73.75,162.77,162.77,,167.39,,177.57
1365,5,Side,,71.31,158.76,158.76,,170.35,,179.76
1365,6,Side,,68.39,154.6,154.6,,172.74,,179.11
1365,7,Side,,66.54,151.14,151.14,,173.28,,179.63
1365,8,Side,,65.76,146.39,146.39,,172.49,,179.38
1365,9,Side,,63.89,139.33,139.33,,172.17,,179.37
1365,10,Side,,62.4,133.78,133.78,,171.82,,178.92
1365,11,Side,,62.1,131.25,131.25,,170.07,,179.73
1365,12,Side,,59.42,126.9,126.9,,171.22,,179.71
1365,13,Side,,57.13,124.11,124.11,,171.87,,179.48
1365,14,Side,,56.31,124.0,124.0,,172.49,,179.92
1365,15,Side,,54.83,122.83,122.83,,173.01,,179.71
1365,16,Side,,52.49,118.2,118.2,,172.66,,179.15
1365,17,Side,,50.19,119.97,119.97,,175.7,,178.65
1365,18,Side,,46.93,117.16,117.16,,177.46,,176.92
1365,19,Side,,41.61,116.65,116.65,,177.74,,178.56
1365,20,Side,,36.11,110.26,110.26,,175.69,,177.07
1365,21,Side,,34.67,107.47,107.47,,179.19,,178.56
1365,22,Side,,33.34,106.16,106.16,,178.75,,178.75
1365,23,Side,,31.3,106.29,106.29,,177.89,,179.58
1365,24,Side,,30.27,104.85,104.85,,178.3,,179.8
1365,25,Side,,30.38,74.93,103.18,,176.59,,179.41
1365,26,Side,,25.49,73.03,98.18,,179.07,,178.27
1365,27,Side,,26.52,72.07,96.22,,178.14,,175.81
1365,28,Side,,23.35,71.58,96.85,,178.56,,175.74
1365,29,Side,,23.99,71.98,95.44,,178.12,,174.35
1365,30,Side,,22.42,69.95,93.38,,178.08,,174.86
1365,31,Side,,20.3,69.95,91.27,,179.01,,176.33
1365,32,Side,,22.81,71.12,95.12,,178.51,,176.35
1365,33,Side,,23.59,74.6,99.24,,177.6,,175.45
1365,34,Side,,24.27,75.82,98.58,,177.6,,176.43
1365,35,Side,,26.36,75.55,100.67,,176.69,,175.53
1365,36,Side,,29.39,78.22,103.08,,176.69,,175.99
1365,37,Side,,29.88,76.96,105.52,,175.79,,175.58
1365,38,Side,,31.34,80.22,106.43,,175.37,,174.67
1365,39,Side,,33.78,28.36,109.92,,175.37,,175.17
1365,40,Side,,36.2,28.52,113.7,,174.46,,174.76
1365,41,Side,,37.51,29.24,115.48,,174.93,,175.26
1365,42,Side,,38.37,30.24,117.7,,174.5,,174.84
1365,43,Side,,40.68,29.66,121.21,,174.05,,174.39
1365,44,Side,,40.83,30.66,121.38,,174.07,,174.89
1365,45,Side,,40.09,31.04,116.62,,174.55,,174.41
1365,46,Side,,40.83,117.13,117.13,,174.57,,174.93
1365,47,Side,,42.5,120.66,120.66,,174.61,,174.49
1365,48,Side,,42.92,122.02,122.02,,175.99,,175.44
1365,49,Side,,44.38,123.67,123.67,,176.45,,175.94
1365,50,Side,,44.54,122.8,122.8,,176.47,,175.5
1365,51,Side,,44.82,125.76,125.76,,177.83,,176.45
1365,52,Side,,45.38,126.3,126.3,,177.33,,176.49
1365,53,Side,,45.49,127.12,127.12,,177.78,,176.49
1365,54,Side,,47.17,130.22,130.22,,176.84,,175.57
1365,55,Side,,49.25,138.68,138.68,,176.82,,175.12
1365,56,Side,,50.13,138.74,138.74,,175.54,,175.76
1365,57,Side,,51.73,139.97,139.97,,174.22,,175.4
1365,58,Side,,53.36,141.61,141.61,,173.84,,175.56
1365,59,Side,,54.95,144.11,144.11,,172.51,,175.21
1365,60,Side,,56.53,145.26,145.26,,171.25,,174.96
1365,61,Side,,58.08,146.81,146.81,,170.39,,173.57
1365,62,Side,,60.48,152.16,152.16,,170.0,,173.28
1365,63,Side,,62.15,155.47,155.47,,170.21,,173.63
1365,64,Side,,64.1,159.0,159.0,,170.33,,174.18
1365,65,Side,,67.58,165.15,165.15,,170.31,,175.5
1365,66,Side,,66.97,161.48,161.48,,170.19,,176.17
1365,67,Side,,69.46,166.85,166.85,,170.52,,177.33
1365,68,Side,,72.95,173.45,173.45,,171.25,,178.87
1365,69,Side,,74.37,174.67,174.67,,169.94,,177.52
1365,70,Side,,70.9,177.09,177.09,,174.24,,179.91
1365,71,Side,,71.58,177.67,177.67,,173.29,,178.96
1365,72,Side,,73.19,178.89,178.89,,172.5,,179.42
1366,1,Side,42.34,,161.11,161.11,169.55,,165.02,
1366,2,Side,39.1,,154.26,154.26,170.76,,163.82,
1366,3,Side,36.33,,146.38,146.38,171.27,,165.42,
1366,4,Side,31.39,,135.69,135.69,171.71,,167.5,
1366,5,Side,25.8,,124.12,124.12,172.95,,166.59,
1366,6,Side,20.69,,113.49,113.49,174.25,,164.97,
1366,7,Side,15.02,,102.48,102.48,176.57,,159.87,
1366,8,Side,9.46,,94.11,94.11,176.7,,159.8,
1366,9,Side,3.11,,82.63,82.63,172.9,,164.32,
1366,10,Side,2.94,,73.33,73.33,172.71,,165.44,
1366,11,Side,7.81,,69.3,69.3,171.77,,164.22,
1366,12,Side,13.56,,65.16,53.2,172.18,,159.84,
1366,13,Side,18.7,,61.02,49.09,172.6,,157.99,
1366,14,Side,20.11,,57.08,47.12,172.75,,162.95,
1366,15,Side,21.29,,55.01,44.68,177.35,,160.07,
1366,16,Side,22.11,,56.35,45.6,178.83,,157.74,
1366,17,Side,21.26,,57.28,45.62,178.63,,156.25,
1366,18,Side,19.16,,62.48,48.96,179.54,,156.54,
1366,19,Side,14.39,,69.21,53.89,179.68,,154.56,
1366,20,Side,9.8,,75.43,57.42,179.38,,154.38,
1366,21,Side,5.36,,81.24,61.85,178.23,,153.98,
1366,22,Side,0.64,,86.29,62.43,177.97,,154.09,
1366,23,Side,1.64,,94.2,94.2,174.79,,158.93,
1366,24,Side,3.2,,95.81,95.81,167.8,,164.4,
1366,25,Side,8.14,,103.56,103.56,167.8,,165.0,
1366,26,Side,13.68,,111.85,111.85,168.12,,164.58,
1366,27,Side,17.69,,118.3,118.3,168.46,,163.28,
1366,28,Side,22.58,,126.49,126.49,169.17,,162.51,
1366,29,Side,26.48,,133.53,133.53,168.65,,163.46,
1366,30,Side,33.13,,147.15,147.15,169.24,,163.43,
1366,31,Side,40.47,,160.56,143.27,170.47,,163.15,
1366,32,Side,46.98,,170.29,148.91,172.71,,162.41,
1366,33,Side,45.79,,168.43,154.77,172.33,,162.32,
1366,34,Side,46.68,,168.41,154.77,174.23,,161.3,
1366,35,Side,47.35,,167.83,154.77,175.58,,160.9,
1367,1,Side,61.7,,165.28,135.32,168.48,,173.69,
1367,2,Side,58.07,,158.77,129.22,169.91,,174.62,
1367,3,Side,53.97,,154.92,122.57,172.37,,175.17,
1367,4,Side,50.93,,148.7,114.9,172.86,,176.56,
1367,5,Side,46.27,,139.08,105.66,173.68,,177.83,
1367,6,Side,44.44,,131.84,131.84,168.62,,176.14,
1367,7,Side,38.32,,121.76,121.76,166.04,,175.25,
1367,8,Side,31.46,,110.4,110.4,168.01,,173.82,
1367,9,Side,23.84,,103.01,103.01,170.3,,175.54,
1367,10,Side,16.74,,97.19,97.19,176.32,,176.95,
1367,11,Side,14.02,,87.97,87.97,169.26,,171.98,
1367,12,Side,2.79,,79.61,79.61,170.91,,174.13,
1367,13,Side,0.5,,79.82,79.82,171.0,,173.17,
1367,14,Side,3.59,,76.68,76.68,171.25,,172.8,
1367,15,Side,5.95,,78.2,78.2,172.32,,171.75,
1367,16,Side,10.6,,68.98,40.3,171.82,,170.57,
1367,17,Side,9.79,,73.6,41.22,172.31,,173.7,
1367,18,Side,3.6,,79.26,43.26,172.62,,174.17,
1367,19,Side,2.4,,77.89,45.11,172.55,,175.83,
1367,20,Side,0.29,,81.34,81.34,171.99,,176.91,
1367,21,Side,3.58,,83.67,83.67,169.65,,176.68,
1367,22,Side,12.05,,94.28,94.28,170.07,,177.27,
1367,23,Side,16.26,,98.56,98.56,170.75,,177.03,
1367,24,Side,21.13,,103.9,103.9,168.37,,174.06,
1367,25,Side,25.64,,107.82,107.82,167.84,,173.1,
1367,26,Side,29.2,,112.27,142.51,167.25,,172.18,
1367,27,Side,31.3,,114.58,141.75,169.33,,175.68,
1367,28,Side,34.39,,118.58,144.24,168.35,,175.24,
1367,29,Side,36.44,,119.19,145.05,169.26,,176.98,
1367,30,Side,39.47,,126.53,150.52,168.95,,176.67,
1367,31,Side,41.85,,129.99,103.03,169.87,,178.25,
1367,32,Side,46.49,,135.89,108.08,170.05,,177.82,
1367,33,Side,50.55,,143.98,117.15,171.15,,178.25,
1367,34,Side,53.63,,149.91,124.72,172.9,,179.86,
1367,35,Side,55.61,,155.06,132.2,174.45,,179.64,
1367,36,Side,57.59,,160.31,141.43,176.53,,178.9,
1367,37,Side,59.04,,161.97,141.43,174.42,,179.92,
1367,38,Side,60.02,,164.05,141.86,173.84,,179.34,
1368,1,Side,138.1,59.6,154.76,157.38,131.6,157.24,149.88,155.58
1368,2,Side,137.24,56.41,154.95,152.52,132.67,159.4,149.37,156.2
1368,3,Side,137.44,53.94,155.73,148.41,133.06,159.39,147.89,154.72
1368,4,Side,135.94,50.13,157.78,141.96,133.74,161.07,146.11,153.63
1368,5,Side,137.67,47.69,156.73,141.06,133.06,162.23,108.73,153.78
1368,6,Side,157.89,53.81,144.09,143.01,127.84,161.38,108.69,153.96
1368,7,Side,135.96,42.25,159.42,130.4,134.92,166.69,107.86,156.36
1368,8,Side,69.12,44.43,66.15,125.62,127.13,164.19,109.13,157.81
1368,9,Side,63.31,38.84,58.02,114.5,127.04,164.21,109.94,157.56
1368,10,Side,58.41,34.78,49.3,103.88,127.96,164.89,109.6,157.36
1368,11,Side,53.68,30.3,41.94,93.97,128.24,165.15,109.83,158.14
1368,12,Side,49.04,25.96,33.63,85.73,126.8,163.89,110.27,159.31
1368,13,Side,38.29,18.89,27.77,79.96,133.58,166.58,110.03,158.93
1368,14,Side,34.6,15.91,23.15,74.76,133.65,165.73,110.6,160.3
1368,15,Side,30.72,12.19,17.39,70.07,133.98,166.6,116.1,164.25
1368,16,Side,26.35,8.55,12.04,65.53,134.23,165.86,115.61,163.96
1368,17,Side,24.39,6.2,60.84,60.84,140.52,166.07,159.18,164.34
1368,18,Side,21.58,3.16,56.74,56.74,140.62,166.89,158.88,165.54
1368,19,Side,18.97,0.48,53.34,53.34,141.96,165.14,160.2,163.85
1368,20,Side,57.65,2.04,44.7,49.35,141.4,165.28,160.97,164.67
1368,21,Side,57.69,4.53,42.98,47.07,141.52,166.07,160.76,166.86
1368,22,Side,60.48,3.8,42.4,48.36,144.77,165.84,162.06,166.89
1368,23,Side,62.07,2.96,41.94,47.88,147.07,166.28,161.87,167.01
1368,24,Side,65.17,3.44,40.11,52.07,147.88,165.92,161.87,166.19
1368,25,Side,64.62,4.22,40.11,51.91,146.62,165.97,161.16,166.15
1368,26,Side,66.61,4.13,37.86,51.23,146.33,165.88,161.16,166.15
1368,27,Side,69.72,2.14,36.19,49.77,146.88,167.29,162.98,168.93
1368,28,Side,72.09,0.23,34.29,51.5,146.31,165.71,161.38,165.16
1368,29,Side,18.45,1.99,50.84,50.84,147.5,164.83,163.11,165.18
1368,30,Side,21.69,3.79,52.85,52.85,144.69,165.24,161.79,164.16
1368,31,Side,24.14,5.98,57.78,57.78,144.25,164.94,162.82,164.18
1368,32,Side,26.96,7.9,9.43,58.05,137.49,167.26,116.31,164.18
1368,33,Side,29.45,10.25,12.56,62.29,138.29,168.49,115.33,164.28
1368,34,Side,32.54,12.09,17.46,65.84,137.46,170.08,114.39,163.54
1368,35,Side,35.6,15.38,21.73,70.11,137.58,169.67,114.37,163.04
1368,36,Side,37.92,18.16,25.57,74.97,137.28,168.46,113.66,160.83
1368,37,Side,42.23,23.25,32.48,86.22,138.24,167.1,112.31,158.83
1368,38,Side,166.41,26.77,122.8,94.49,138.42,165.1,110.56,155.88
1368,39,Side,154.99,30.54,132.55,101.14,139.2,164.11,111.96,155.56
1368,40,Side,146.17,32.62,139.09,99.51,140.06,162.85,112.81,155.02
1368,41,Side,138.32,35.13,146.35,113.5,140.48,162.18,147.07,152.73
1368,42,Side,134.66,39.2,148.09,122.77,141.56,162.19,147.11,152.0
1368,43,Side,130.36,42.79,150.27,129.85,143.01,161.26,148.2,151.8
1368,44,Side,131.8,46.88,148.85,136.31,142.46,160.79,148.68,152.05
1368,45,Side,130.97,50.35,148.14,139.98,143.2,159.42,148.91,150.95
1368,46,Side,130.09,53.7,149.61,144.6,143.22,157.48,149.09,149.77
1368,47,Side,132.34,57.24,148.09,149.63,141.68,154.86,149.29,149.01
1368,48,Side,133.2,61.04,147.29,156.52,141.35,153.38,149.82,148.79
1368,49,Side,133.22,63.07,147.79,158.82,145.71,158.87,160.43,161.0
1369,1,Side,63.42,147.3,162.65,101.2,174.12,137.61,163.62,175.27
1369,2,Side,57.03,137.17,158.99,108.28,170.17,141.72,169.93,168.21
1369,3,Side,53.71,139.35,152.26,106.91,169.68,141.24,170.98,166.39
1369,4,Side,51.38,142.86,145.06,104.38,170.34,142.06,171.22,166.88
1369,5,Side,48.11,144.34,137.84,104.34,171.22,140.95,175.06,162.68
1369,6,Side,42.95,68.3,129.53,129.53,169.18,142.99,172.75,164.79
1369,7,Side,38.36,63.41,119.79,119.79,169.22,142.86,172.87,164.25
1369,8,Side,33.12,56.62,109.96,109.96,168.63,145.98,172.74,165.37
1369,9,Side,28.29,51.51,101.98,101.98,169.49,154.12,175.4,172.65
1369,10,Side,22.24,45.04,85.17,85.17,167.77,156.81,174.38,170.18
1369,11,Side,17.86,39.4,85.4,85.4,167.25,159.27,173.65,168.93
1369,12,Side,14.38,35.13,79.48,79.48,169.29,157.75,175.3,172.77
1369,13,Side,11.69,33.07,75.34,75.34,169.29,157.35,178.43,174.87
1369,14,Side,9.67,31.05,71.66,71.66,171.44,156.97,177.62,174.11
1369,15,Side,6.66,72.44,66.42,24.92,171.31,155.85,177.38,174.81
1369,16,Side,0.66,65.63,56.52,29.31,171.83,154.72,176.42,176.57
1369,17,Side,1.51,65.57,61.27,29.36,170.94,155.6,177.3,175.69
1369,18,Side,1.88,69.33,59.96,26.12,169.24,155.26,179.05,173.54
1369,19,Side,5.33,66.93,58.53,26.49,167.82,153.24,179.48,173.54
1369,20,Side,7.72,67.84,56.66,25.13,167.62,152.78,178.95,174.81
1369,21,Side,5.76,66.66,53.31,25.52,173.7,152.93,176.79,173.93
1369,22,Side,12.45,64.93,53.88,25.7,165.1,149.54,178.53,175.72
1369,23,Side,12.63,63.99,54.76,27.12,162.09,149.99,178.3,175.75
1369,24,Side,10.65,66.07,56.72,25.33,162.97,150.28,177.41,173.32
1369,25,Side,9.78,18.64,59.06,59.06,161.68,152.77,173.07,170.38
1369,26,Side,6.96,21.39,62.09,62.09,162.17,153.56,174.7,169.15
1369,27,Side,4.21,24.54,65.59,65.59,161.74,153.01,171.59,169.71
1369,28,Side,2.2,30.05,62.84,62.84,162.76,153.84,171.64,156.74
1369,29,Side,6.27,33.49,67.67,67.67,161.75,155.17,169.01,158.75
1369,30,Side,8.74,36.29,69.59,21.15,162.22,154.8,171.7,158.43
1369,31,Side,12.12,38.87,72.4,25.11,160.45,157.22,166.34,156.8
1369,32,Side,15.91,44.14,77.12,29.83,162.88,153.3,171.47,158.5
1369,33,Side,19.81,48.15,83.25,34.91,163.82,152.18,171.46,158.15
1369,34,Side,22.24,50.75,87.45,39.17,164.76,147.98,171.47,164.76
1369,35,Side,25.46,54.22,91.61,43.33,165.69,145.32,171.56,167.01
1369,36,Side,28.3,144.36,100.77,141.71,162.62,148.25,171.66,166.39
1369,37,Side,32.41,140.73,110.5,145.32,161.59,148.85,168.65,164.23
1369,38,Side,34.81,138.48,118.96,144.87,160.6,147.91,167.68,163.65
1369,39,Side,39.81,137.05,131.08,144.64,160.33,146.51,167.36,165.96
1369,40,Side,41.96,132.93,139.76,148.37,158.52,144.7,166.43,169.84
1369,41,Side,47.78,132.51,155.71,147.99,157.19,145.93,165.03,163.94
1369,42,Side,50.27,130.23,159.66,150.99,159.13,146.89,166.41,162.1
1369,43,Side,62.73,129.13,160.97,151.24,174.09,146.87,176.1,162.98
1370,1,Side,96.06,77.8,168.63,168.63,134.72,168.87,159.79,173.12
1370,2,Side,94.28,75.82,167.49,167.49,137.13,170.89,161.06,173.54
1370,3,Side,92.83,74.37,166.69,166.69,139.83,172.32,163.71,174.19
1370,4,Side,89.5,71.86,162.82,162.82,140.93,172.76,161.95,174.01
1370,5,Side,85.89,68.95,158.49,158.49,145.73,173.57,166.7,173.4
1370,6,Side,82.76,65.82,153.88,153.88,147.56,174.37,167.96,172.58
1370,7,Side,76.11,61.26,151.34,151.34,151.4,175.87,167.31,173.83
1370,8,Side,75.51,60.25,144.5,144.5,150.87,177.41,168.05,178.4
1370,9,Side,73.28,57.61,142.06,142.06,150.09,178.01,167.43,179.19
1370,10,Side,64.94,49.83,133.23,133.23,150.36,174.63,167.5,172.83
1370,11,Side,60.11,44.19,126.68,126.68,151.66,179.75,167.91,179.41
1370,12,Side,57.3,41.45,123.61,123.61,151.03,179.77,166.37,179.46
1370,13,Side,52.59,36.75,119.25,119.25,153.41,178.88,167.17,178.51
1370,14,Side,47.87,31.31,113.81,113.81,154.08,177.59,167.86,179.79
1370,15,Side,36.03,20.56,100.42,100.42,154.0,178.59,168.23,179.37
1370,16,Side,28.69,14.35,92.4,92.4,154.14,179.68,168.82,178.52
1370,17,Side,24.0,9.62,89.57,89.57,154.99,179.59,168.14,177.6
1370,18,Side,21.38,7.23,89.1,89.1,158.6,179.37,171.52,172.45
1370,19,Side,18.77,3.91,84.33,84.33,158.11,179.32,170.13,172.86
1370,20,Side,28.19,0.35,39.37,79.43,157.77,178.7,171.15,174.99
1370,21,Side,29.55,2.94,38.47,74.65,159.23,177.34,171.36,174.01
1370,22,Side,28.83,0.4,41.04,79.7,161.08,179.42,170.54,173.6
1370,23,Side,29.62,2.18,41.24,81.52,163.28,178.52,170.91,172.23
1370,24,Side,32.09,6.1,38.38,86.45,163.17,178.49,171.38,177.48
1370,25,Side,31.34,10.06,41.25,91.84,164.62,179.21,171.51,177.66
1370,26,Side,21.66,11.99,93.51,93.51,163.9,179.22,169.02,176.33
1370,27,Side,27.96,18.1,99.94,99.94,165.51,178.79,171.37,173.96
1370,28,Side,29.19,20.5,101.69,101.69,166.22,177.73,172.03,174.0
1370,29,Side,33.65,22.8,104.54,104.54,162.9,179.89,170.08,176.45
1370,30,Side,39.71,27.94,109.94,109.94,160.73,178.61,167.28,176.4
1370,31,Side,46.53,33.86,114.95,114.95,160.48,177.66,168.03,176.78
1370,32,Side,51.65,38.84,118.92,118.92,160.89,176.95,168.25,177.32
1370,33,Side,56.9,43.15,126.03,126.03,158.57,177.95,167.43,177.76
1370,34,Side,60.77,44.85,128.87,128.87,155.48,176.39,166.54,178.62
1370,35,Side,71.0,53.07,137.78,137.78,149.21,176.78,163.67,177.96
1370,36,Side,69.27,51.24,142.33,142.33,149.04,177.25,162.75,178.08
1370,37,Side,79.38,58.58,151.1,151.1,141.92,178.57,159.75,178.06
1370,38,Side,79.92,58.91,150.14,150.14,138.58,179.17,158.46,177.26
1370,39,Side,83.94,61.54,153.56,153.56,134.41,179.96,156.25,179.64
1370,40,Side,93.72,67.71,160.33,160.33,129.09,179.76,152.68,178.5
1370,41,Side,89.14,63.5,158.09,158.09,129.2,179.08,151.2,179.3
1370,42,Side,90.34,65.02,157.79,157.79,127.44,178.97,151.39,179.1
1370,43,Side,91.33,66.76,157.79,157.79,124.85,176.8,149.78,179.73
1370,44,Side,96.91,72.41,164.53,164.53,123.93,172.58,151.26,174.85
1370,45,Side,99.14,74.26,165.81,165.81,120.16,170.34,147.74,174.02
1371,1,Side,97.4,90.14,158.95,174.19,157.88,162.8,173.65,175.42
1371,2,Side,96.81,88.87,159.61,176.58,158.69,162.95,174.36,175.45
1371,3,Side,90.92,84.49,166.68,177.82,158.27,163.79,174.45,175.62
1371,4,Side,90.89,80.92,167.19,176.74,158.66,168.37,175.88,177.57
1371,5,Side,90.93,79.66,168.51,173.25,158.5,167.82,175.97,177.86
1371,6,Side,91.7,77.5,167.41,168.42,158.88,167.46,176.58,176.81
1371,7,Side,90.8,77.55,169.17,163.28,161.59,157.95,176.74,167.68
1371,8,Side,90.37,74.2,169.01,158.16,142.43,158.04,146.94,165.68
1371,9,Side,56.5,71.43,90.36,153.68,142.27,160.84,147.12,168.69
1371,10,Side,54.46,69.05,85.15,149.52,142.05,161.19,147.07,166.82
1371,11,Side,52.31,67.26,76.26,145.2,139.85,162.05,145.67,167.54
1371,12,Side,50.27,65.38,67.79,139.97,140.57,160.42,145.0,167.79
1371,13,Side,48.42,62.99,69.58,139.71,141.12,161.47,146.88,167.67
1371,14,Side,46.87,61.08,65.12,137.86,140.96,162.76,146.67,168.17
1371,15,Side,41.31,55.71,60.24,131.45,140.64,162.11,147.06,166.49
1371,16,Side,42.2,56.37,57.9,135.45,139.66,163.66,146.91,167.02
1371,17,Side,40.05,51.88,53.17,132.48,138.29,172.22,147.12,171.27
1371,18,Side,37.08,50.03,50.11,127.33,136.62,169.49,144.67,169.29
1371,19,Side,32.06,44.74,120.81,120.81,137.23,171.3,147.41,170.51
1371,20,Side,29.91,41.5,128.41,117.88,128.62,169.98,147.53,169.36
1371,21,Side,29.13,38.17,128.57,114.82,127.47,168.49,147.57,166.6
1371,22,Side,28.73,36.54,129.23,114.45,128.77,168.8,148.39,167.18
1371,23,Side,34.45,30.99,79.23,109.89,127.26,168.9,147.27,168.22
1371,24,Side,38.18,27.5,75.22,105.63,127.89,169.47,147.61,168.8
1371,25,Side,41.13,26.4,71.46,105.55,128.28,168.29,148.32,165.52
1371,26,Side,43.46,19.21,69.05,95.79,128.23,168.58,148.74,165.12
1371,27,Side,49.2,17.29,64.41,94.41,128.35,168.25,148.94,165.08
1371,28,Side,51.24,15.41,62.23,92.18,128.56,168.47,149.42,167.08
1371,29,Side,50.63,13.43,63.89,90.67,127.6,168.19,149.62,167.08
1371,30,Side,53.11,13.43,61.99,91.51,126.08,168.74,147.79,167.63
1371,31,Side,52.9,16.22,61.99,94.88,127.08,170.63,148.58,170.27
1371,32,Side,52.1,17.9,62.43,95.98,126.73,170.36,148.23,169.76
1371,33,Side,50.48,20.17,64.19,98.34,126.52,171.86,148.23,170.89
1371,34,Side,47.99,22.35,66.47,101.45,127.72,172.83,149.14,170.35
1371,35,Side,43.71,24.06,69.46,102.81,128.3,171.32,149.66,169.76
1371,36,Side,42.09,27.58,70.16,106.01,128.75,169.58,149.13,169.76
1371,37,Side,25.4,32.72,127.59,110.6,126.52,168.19,149.48,168.07
1371,38,Side,22.31,36.62,112.86,112.86,136.84,167.65,149.8,168.09
1371,39,Side,26.88,41.41,53.53,120.06,137.18,167.78,148.8,170.23
1371,40,Side,29.5,42.75,59.13,122.56,138.44,170.02,149.25,171.37
1371,41,Side,33.39,46.11,64.62,129.55,140.47,168.61,151.4,168.87
1371,42,Side,34.35,47.59,60.86,123.52,141.89,164.63,150.65,166.83
1371,43,Side,41.36,54.91,68.62,134.03,143.88,162.74,151.24,167.52
1371,44,Side,44.93,58.43,76.17,140.52,143.39,162.19,150.91,165.32
1371,45,Side,50.49,64.09,84.47,149.12,142.25,163.54,150.66,165.55
1371,46,Side,52.3,66.63,86.11,150.46,143.01,163.13,150.55,166.53
1371,47,Side,54.64,69.11,95.68,155.2,143.28,161.93,150.07,165.67
1371,48,Side,56.65,72.36,97.86,158.86,143.18,158.06,150.22,162.65
1371,49,Side,92.68,76.24,161.11,162.02,144.37,155.15,150.81,162.4
1371,50,Side,90.47,76.96,164.1,164.67,144.25,157.27,150.51,164.25
1371,51,Side,90.83,79.31,163.64,168.5,145.11,157.52,150.26,165.59
1371,52,Side,88.66,79.99,169.83,167.39,146.7,158.45,150.98,168.48
1371,53,Side,90.33,81.66,166.71,170.17,146.87,159.31,150.98,168.96
1371,54,Side,92.5,86.77,163.48,179.42,147.92,154.89,152.13,162.14
1371,55,Side,92.67,88.1,163.53,177.45,148.56,151.98,151.8,159.87
1372,1,Side,69.69,111.74,164.44,160.54,145.44,132.76,138.96,134.32
1372,2,Side,68.26,112.18,160.22,162.97,144.89,131.71,139.05,134.52
1372,3,Side,66.73,110.28,156.9,167.02,144.35,131.9,137.8,134.38
1372,4,Side,65.11,110.65,152.25,169.8,144.17,131.21,137.54,135.27
1372,5,Side,63.42,80.56,148.67,79.15,143.66,129.65,137.02,134.08
1372,6,Side,60.86,78.79,145.53,76.22,144.7,130.34,136.12,134.98
1372,7,Side,57.7,76.33,140.03,72.21,145.6,130.35,137.1,134.43
1372,8,Side,55.86,75.04,136.21,69.39,145.46,129.39,136.89,134.85
1372,9,Side,52.59,70.08,129.15,62.32,145.2,134.25,137.91,138.21
1372,10,Side,48.03,65.28,119.57,54.34,144.81,134.72,138.14,139.62
1372,11,Side,45.51,62.79,112.15,46.85,143.83,134.34,138.38,140.78
1372,12,Side,40.24,56.01,105.03,43.11,144.46,139.95,139.5,145.27
1372,13,Side,37.53,39.99,99.55,31.24,143.42,147.44,140.04,146.77
1372,14,Side,32.39,39.53,92.19,90.12,143.35,145.84,139.9,146.86
1372,15,Side,28.01,37.11,86.49,86.62,143.38,144.88,141.09,147.05
1372,16,Side,22.46,33.74,78.67,84.85,142.95,150.23,142.3,150.43
1372,17,Side,18.58,31.15,74.99,80.76,143.81,150.49,142.7,152.18
1372,18,Side,13.17,28.9,70.02,81.33,145.24,154.02,144.38,153.18
1372,19,Side,9.85,17.95,64.82,63.19,143.58,158.27,143.21,153.33
1372,20,Side,5.59,20.72,59.66,60.24,142.47,158.61,142.94,152.51
1372,21,Side,2.49,24.14,53.96,73.89,138.52,177.63,142.95,153.74
1372,22,Side,5.4,24.91,57.03,73.07,139.31,178.76,143.04,155.75
1372,23,Side,7.86,21.21,60.05,60.17,139.03,161.03,142.02,155.46
1372,24,Side,10.35,19.56,62.15,60.34,138.76,160.24,141.17,157.27
1372,25,Side,13.06,26.53,65.23,80.52,137.17,159.61,139.21,158.79
1372,26,Side,15.44,27.96,68.34,81.28,136.89,158.41,138.03,158.91
1372,27,Side,21.15,36.32,73.49,73.49,133.65,139.55,136.42,156.2
1372,28,Side,26.22,40.39,82.68,82.68,135.68,140.98,135.94,154.58
1372,29,Side,30.23,44.09,89.09,89.09,137.35,141.22,136.51,152.79
1372,30,Side,33.32,47.26,95.05,95.05,139.07,141.04,137.67,150.97
1372,31,Side,35.64,50.57,100.87,30.16,140.84,141.26,137.79,150.81
1372,32,Side,40.5,55.45,111.01,39.5,143.0,141.14,138.0,148.82
1372,33,Side,45.34,60.16,122.04,48.47,146.53,142.81,139.06,147.56
1372,34,Side,49.95,65.16,130.34,56.41,147.33,141.4,140.82,146.24
1372,35,Side,53.79,69.81,138.29,62.49,148.44,140.16,141.61,144.92
1372,36,Side,63.12,73.84,144.86,70.11,138.99,138.68,136.92,142.21
1372,37,Side,65.04,77.08,149.17,75.67,139.39,137.42,136.18,142.0
1372,38,Side,67.71,111.71,154.2,163.96,137.5,134.83,133.67,140.14
1372,39,Side,70.08,115.62,158.84,158.72,136.4,134.53,132.65,141.07
1372,40,Side,72.53,115.25,163.47,160.41,135.26,133.7,130.83,140.25
1372,41,Side,73.66,116.81,166.16,158.85,135.81,133.39,130.91,140.99
1373,1,Side,49.19,,175.65,135.0,170.24,,161.15,
1373,2,Side,44.64,,167.42,138.65,166.05,,164.98,
1373,3,Side,33.13,,144.43,138.99,163.79,,166.2,
1373,4,Side,28.29,,135.46,84.53,161.7,,167.58,
1373,5,Side,17.32,,112.52,67.89,159.81,,169.14,
1373,6,Side,15.56,,109.59,62.89,156.81,,173.62,
1373,7,Side,8.19,,102.24,54.81,151.49,,178.53,
1373,8,Side,1.08,,86.3,42.76,152.67,,178.14,
1373,9,Side,4.98,,78.61,45.58,152.28,,178.09,
1373,10,Side,8.5,,70.78,40.11,156.85,,177.6,
1373,11,Side,14.34,,59.72,33.77,162.55,,173.2,
1373,12,Side,17.65,,59.07,33.9,157.91,,175.77,
1373,13,Side,18.77,,65.22,34.53,149.52,,178.39,
1373,14,Side,15.28,,68.67,35.17,155.46,,173.8,
1373,15,Side,13.26,,71.41,32.39,156.74,,173.67,
1373,16,Side,10.84,,73.29,32.39,160.2,,170.52,
1373,17,Side,5.52,,80.29,35.96,156.38,,177.42,
1373,18,Side,1.12,,84.93,41.48,162.3,,178.07,
1373,19,Side,0.6,,84.93,39.51,167.04,,176.2,
1373,20,Side,7.33,,93.37,46.75,174.06,,166.71,
1373,21,Side,9.36,,83.86,43.95,178.2,,164.83,
1373,22,Side,12.97,,93.06,52.15,176.49,,167.24,
1373,23,Side,18.06,,102.79,119.74,175.06,,169.58,
1373,24,Side,23.07,,111.99,125.72,177.77,,166.0,
1373,25,Side,28.36,,129.04,147.97,172.54,,167.29,
1373,26,Side,34.97,,144.22,149.04,173.66,,164.8,
1373,27,Side,38.39,,145.18,127.82,178.35,,164.8,
1373,28,Side,45.74,,158.05,124.39,178.35,,164.8,
1374,1,Side,45.68,,158.75,134.89,176.65,,157.01,
1374,2,Side,39.13,,141.19,136.9,179.1,,156.34,
1374,3,Side,32.63,,125.67,124.8,178.82,,155.88,
1374,4,Side,25.31,,110.15,112.68,178.98,,156.57,
1374,5,Side,15.88,,89.07,94.44,178.39,,156.25,
1374,6,Side,12.92,,77.11,84.19,175.1,,157.25,
1374,7,Side,9.9,,72.28,78.86,176.59,,157.88,
1374,8,Side,4.3,,63.71,74.7,173.65,,157.52,
1374,9,Side,2.45,,63.71,75.36,175.74,,163.82,
1374,10,Side,5.58,,59.72,72.43,173.09,,170.73,
1374,11,Side,10.51,,55.63,70.57,173.37,,171.23,
1374,12,Side,8.91,,55.51,71.51,176.53,,170.73,
1374,13,Side,5.88,,64.18,73.33,172.53,,173.02,
1374,14,Side,4.06,,69.05,75.98,176.67,,160.47,
1374,15,Side,4.59,,71.62,79.13,173.12,,162.77,
1374,16,Side,1.58,,75.17,85.24,175.34,,162.51,
1374,17,Side,0.18,,77.83,36.32,176.1,,162.77,
1374,18,Side,1.36,,75.89,39.5,179.88,,163.15,
1374,19,Side,7.72,,81.15,43.54,175.6,,159.69,
1374,20,Side,14.9,,91.98,47.42,175.32,,159.11,
1374,21,Side,18.2,,94.78,49.33,177.25,,160.76,
1374,22,Side,19.86,,107.1,56.78,173.96,,167.0,
1374,23,Side,22.94,,108.28,58.67,173.07,,165.84,
1374,24,Side,29.48,,117.47,62.25,174.24,,165.37,
1374,25,Side,31.98,,123.2,64.16,172.05,,165.96,
1374,26,Side,37.46,,130.24,177.34,176.3,,163.53,
1374,27,Side,32.82,,129.74,176.25,171.37,,165.95,
1374,28,Side,34.51,,135.15,178.62,170.3,,168.61,
1374,29,Side,35.03,,137.67,179.07,169.22,,171.27,
1374,30,Side,34.76,,132.85,178.16,169.22,,171.27,
1375,1,Side,75.62,62.56,161.36,171.52,149.04,168.15,155.52,161.64
1375,2,Side,71.71,60.8,165.18,167.94,158.52,168.61,161.57,162.0
1375,3,Side,69.51,58.53,168.59,165.9,163.79,172.54,164.64,163.66
1375,4,Side,66.48,54.82,176.36,158.1,163.5,174.51,163.64,165.63
1375,5,Side,61.22,50.67,176.69,151.07,165.92,173.02,166.07,164.33
1375,6,Side,57.27,46.69,167.17,142.83,164.77,172.91,165.85,166.39
1375,7,Side,50.17,41.3,161.39,134.34,172.98,176.14,171.23,167.59
1375,8,Side,44.88,34.98,126.77,126.77,172.35,178.52,163.97,168.55
1375,9,Side,40.18,31.27,118.78,118.78,171.03,177.7,162.98,166.7
1375,10,Side,35.07,27.01,109.54,109.54,172.56,175.93,163.03,163.74
1375,11,Side,30.61,22.54,101.15,101.15,176.32,176.93,166.79,162.03
1375,12,Side,29.05,21.06,106.94,106.94,175.62,177.59,164.3,164.57
1375,13,Side,18.74,9.28,93.14,93.14,172.24,179.24,163.02,168.24
1375,14,Side,19.56,9.95,93.89,93.89,171.07,178.01,160.75,172.55
1375,15,Side,20.56,9.75,96.17,96.17,170.45,178.02,159.66,168.96
1375,16,Side,20.53,10.3,96.17,96.17,169.96,179.3,159.65,168.24
1375,17,Side,29.93,18.67,105.49,105.49,168.79,178.34,160.76,169.97
1375,18,Side,32.34,19.95,108.94,108.94,164.91,175.81,159.35,175.33
1375,19,Side,40.52,29.23,120.34,120.34,167.46,176.41,160.21,173.93
1375,20,Side,44.89,31.27,115.73,115.73,159.45,178.56,155.37,172.55
1375,21,Side,54.16,38.1,126.31,126.31,155.55,176.77,151.8,172.11
1375,22,Side,60.31,42.37,131.81,131.81,146.86,178.9,148.28,169.6
1375,23,Side,62.61,44.64,136.04,136.04,146.25,178.14,147.44,168.28
1375,24,Side,68.56,47.7,166.83,140.91,140.88,178.71,144.81,168.42
1375,25,Side,69.7,46.27,163.05,140.65,133.52,179.78,140.48,169.64
1375,26,Side,71.73,47.83,164.88,142.0,131.07,178.18,138.72,169.15
1375,27,Side,73.48,50.77,171.87,148.76,131.07,175.29,139.15,167.57
1375,28,Side,77.98,55.25,177.02,157.78,134.43,175.24,141.15,165.17
1375,29,Side,82.54,60.28,164.48,168.96,137.28,174.34,144.76,164.02
1375,30,Side,86.45,64.93,155.37,178.4,137.28,172.49,144.76,162.9
1376,1,Side,,58.1,159.01,171.23,,178.49,,169.5
1376,2,Side,,54.78,164.77,167.3,,177.56,,168.55
1376,3,Side,,53.13,167.47,163.0,,176.72,,170.75
1376,4,Side,,48.51,170.27,154.49,,176.51,,170.89
1376,5,Side,,44.81,174.87,147.48,,176.71,,171.36
1376,6,Side,,41.57,175.02,137.36,,174.02,,174.81
1376,7,Side,,38.44,179.54,132.84,,175.41,,172.77
1376,8,Side,,30.62,121.76,121.76,,172.99,,175.22
1376,9,Side,,30.86,125.02,125.02,,172.28,,174.37
1376,10,Side,,22.15,114.48,114.48,,170.42,,177.79
1376,11,Side,,11.32,100.36,100.36,,168.9,,177.99
1376,12,Side,,12.33,41.43,103.95,,169.95,,176.88
1376,13,Side,,10.92,43.26,97.27,,167.97,,179.06
1376,14,Side,,12.78,45.26,101.7,,167.43,,177.55
1376,15,Side,,12.54,104.85,104.85,,166.3,,178.51
1376,16,Side,,9.58,106.47,106.47,,165.41,,179.4
1376,17,Side,,22.84,117.71,117.71,,168.8,,178.21
1376,18,Side,,29.02,123.69,123.69,,171.66,,176.7
1376,19,Side,,36.14,179.02,136.86,,170.5,,175.21
1376,20,Side,,40.94,176.98,140.86,,174.79,,172.88
1376,21,Side,,44.82,173.27,146.04,,179.0,,169.47
1376,22,Side,,46.58,169.16,151.59,,179.09,,167.49
1376,23,Side,,49.73,162.81,159.17,,178.06,,170.12
1376,24,Side,,50.06,162.07,162.64,,177.57,,168.93
1376,25,Side,,53.98,155.15,170.77,,177.35,,169.23
1376,26,Side,,55.51,151.57,175.53,,175.77,,169.94
1377,1,Side,,44.04,168.19,168.19,,179.35,,168.02
1377,2,Side,,42.52,165.5,165.5,,178.42,,167.16
1377,3,Side,,40.85,162.18,162.18,,177.43,,166.74
1377,4,Side,,38.66,158.66,158.66,,177.16,,166.74
1377,5,Side,,36.22,152.24,152.24,,177.05,,166.67
1377,6,Side,,37.7,152.9,152.9,,175.79,,166.04
1377,7,Side,,30.26,141.67,141.67,,174.04,,164.88
1377,8,Side,,28.03,137.33,137.33,,172.47,,162.51
1377,9,Side,,27.81,134.04,134.04,,171.59,,162.04
1377,10,Side,,21.96,124.45,124.45,,168.72,,158.98
1377,11,Side,,19.51,117.79,117.79,,166.41,,156.56
1377,12,Side,,14.92,113.43,113.43,,165.15,,155.53
1377,13,Side,,10.63,107.98,107.98,,169.72,,159.04
1377,14,Side,,6.79,103.36,103.36,,169.7,,159.22
1377,15,Side,,3.43,95.81,95.81,,171.12,,160.41
1377,16,Side,,0.01,87.31,87.31,,170.63,,159.85
1377,17,Side,,3.35,83.22,83.22,,168.41,,159.08
1377,18,Side,,5.58,79.44,79.44,,167.29,,157.68
1377,19,Side,,9.84,74.05,74.05,,167.01,,157.17
1377,20,Side,,9.76,73.23,73.23,,166.37,,157.01
1377,21,Side,,9.28,76.2,76.2,,168.97,,155.35
1377,22,Side,,15.29,64.83,64.83,,164.02,,156.27
1377,23,Side,,18.0,63.21,63.21,,164.0,,156.2
1377,24,Side,,20.18,59.87,59.87,,162.84,,155.57
1377,25,Side,,21.77,60.56,60.56,,165.61,,157.76
1377,26,Side,,24.52,58.95,58.95,,165.96,,158.06
1377,27,Side,,28.08,58.42,58.42,,172.84,,161.22
1377,28,Side,,29.96,57.31,57.31,,170.63,,159.61
1377,29,Side,,30.38,56.3,56.3,,169.62,,158.48
1377,30,Side,,31.68,55.54,55.54,,168.45,,158.48
1377,31,Side,,34.14,55.33,55.33,,171.1,,159.87
1377,32,Side,,32.7,52.13,52.13,,164.21,,155.92
1377,33,Side,,32.47,49.49,49.49,,163.05,,156.57
1377,34,Side,,31.66,47.76,47.76,,160.69,,155.35
1377,35,Side,,31.41,45.26,45.26,,158.64,,154.44
1377,36,Side,,31.71,42.78,42.78,,158.08,,153.86
1377,37,Side,,31.44,44.44,44.44,,157.54,,154.51
1377,38,Side,,31.77,44.62,44.62,,155.21,,153.26
1377,39,Side,,31.21,46.21,46.21,,154.66,,153.91
1377,40,Side,,34.7,49.35,49.35,,153.76,,153.0
1377,41,Side,,34.55,49.5,49.5,,152.86,,152.05
1377,42,Side,,33.32,51.88,51.88,,153.97,,152.05
1377,43,Side,,32.07,50.7,50.7,,154.47,,152.71
1377,44,Side,,32.28,51.71,51.71,,155.59,,152.71
1377,45,Side,,30.38,51.34,51.34,,156.51,,153.68
1377,46,Side,,23.67,62.61,62.61,,160.55,,153.98
1377,47,Side,,22.25,63.24,63.24,,161.49,,154.98
1377,48,Side,,18.94,67.43,67.43,,161.7,,154.11
1377,49,Side,,13.11,72.87,72.87,,162.61,,155.12
1377,50,Side,,9.95,78.5,78.5,,163.75,,155.12
1377,51,Side,,8.13,81.87,81.87,,165.3,,155.79
1377,52,Side,,5.32,87.06,87.06,,168.54,,157.34
1377,53,Side,,2.0,89.36,89.36,,171.39,,160.29
1377,54,Side,,3.27,99.46,99.46,,174.34,,160.8
1377,55,Side,,5.71,104.39,104.39,,178.64,,164.19
1377,56,Side,,10.74,110.44,110.44,,179.1,,164.21
1377,57,Side,,15.06,117.13,117.13,,179.22,,164.21
1377,58,Side,,18.77,123.66,123.66,,179.23,,163.91
1377,59,Side,,22.36,128.07,128.07,,179.11,,162.96
1377,60,Side,,25.27,133.37,133.37,,178.59,,162.68
1377,61,Side,,26.28,137.13,137.13,,178.57,,162.38
1377,62,Side,,30.07,141.66,141.66,,178.21,,162.06
1377,63,Side,,33.14,144.33,144.33,,178.4,,161.43
1377,64,Side,,35.19,146.31,146.31,,179.72,,161.53
1377,65,Side,,34.67,148.61,148.61,,178.99,,162.45
1377,66,Side,,38.07,153.58,153.58,,178.26,,161.8
1377,67,Side,,40.32,154.59,154.59,,178.99,,161.25
1377,68,Side,,46.92,161.81,161.81,,178.81,,161.49
1377,69,Side,,48.89,163.45,163.45,,176.67,,159.78
1377,70,Side,,52.11,165.98,165.98,,171.54,,156.93
1377,71,Side,,49.59,163.61,163.61,,169.67,,157.31
1377,72,Side,,48.56,164.97,164.97,,173.13,,160.8
1377,73,Side,,50.12,167.99,167.99,,174.9,,169.81
1378,1,Side,81.4,,172.88,158.86,168.4,,163.25,
1378,2,Side,79.08,,175.07,156.44,166.09,,158.69,
1378,3,Side,70.49,,174.03,154.19,170.9,,161.28,
1378,4,Side,67.35,,171.48,147.81,172.42,,160.26,
1378,5,Side,63.02,,169.38,141.55,174.17,,160.54,
1378,6,Side,55.41,,156.23,136.62,176.37,,161.91,
1378,7,Side,51.4,,149.0,131.26,177.07,,161.41,
1378,8,Side,50.52,,148.99,126.57,178.13,,161.59,
1378,9,Side,49.45,,146.12,169.09,178.5,,160.98,
1378,10,Side,47.97,,148.23,176.29,179.56,,163.37,
1378,11,Side,48.61,,151.1,151.1,178.01,,164.94,
1378,12,Side,41.52,,144.69,144.69,179.66,,162.51,
1378,13,Side,36.44,,139.73,139.73,177.0,,162.95,
1378,14,Side,26.83,,131.15,131.15,178.84,,164.69,
1378,15,Side,18.67,,119.74,119.74,178.06,,165.57,
1378,16,Side,3.65,,108.16,48.18,174.6,,170.4,
1378,17,Side,4.83,,96.93,47.82,177.22,,170.34,
1378,18,Side,0.85,,93.89,47.77,173.53,,164.98,
1378,19,Side,0.15,,95.62,46.94,171.73,,163.6,
1378,20,Side,2.47,,98.21,48.05,170.84,,162.73,
1378,21,Side,4.83,,101.14,48.37,170.85,,161.43,
1378,22,Side,7.45,,105.3,50.64,170.18,,160.73,
1378,23,Side,7.45,,105.3,50.52,169.64,,159.44,
1378,24,Side,10.67,,105.54,49.11,168.99,,158.75,
1378,25,Side,15.36,,115.3,54.27,169.04,,158.16,
1378,26,Side,13.56,,113.38,113.38,169.76,,159.53,
1378,27,Side,16.3,,116.08,116.08,169.04,,158.77,
1378,28,Side,15.65,,118.56,118.56,172.6,,160.67,
1378,29,Side,25.8,,127.77,127.77,169.47,,159.87,
1378,30,Side,35.02,,137.43,137.43,170.36,,159.02,
1378,31,Side,43.41,,147.57,147.57,171.6,,159.06,
1378,32,Side,48.63,,154.38,154.38,172.48,,158.2,
1378,33,Side,52.13,,159.15,159.15,173.96,,159.07,
1378,34,Side,55.51,,163.23,163.23,174.01,,159.17,
1378,35,Side,56.13,,162.31,166.87,178.17,,164.86,
1378,36,Side,57.89,,163.5,166.5,179.04,,165.62,
1378,37,Side,56.9,,157.78,174.16,176.73,,163.76,
1378,38,Side,65.33,,172.62,156.49,176.67,,163.71,
1378,39,Side,68.99,,176.96,133.7,174.63,,163.79,
1378,40,Side,68.2,,169.44,143.19,173.56,,162.57,
1378,41,Side,71.61,,175.09,149.62,169.53,,160.53,
1378,42,Side,72.49,,175.23,154.55,167.35,,159.09,
1378,43,Side,74.45,,173.67,156.03,165.76,,158.23,
1379,1,Side,44.55,73.96,159.01,97.15,168.86,142.56,164.63,106.19
1379,2,Side,40.63,68.39,150.01,87.44,168.67,145.07,165.55,106.46
1379,3,Side,36.3,63.29,140.53,76.11,168.3,146.6,164.8,106.58
1379,4,Side,29.98,55.16,128.73,63.94,167.74,148.97,166.5,110.97
1379,5,Side,24.95,48.54,120.89,56.04,166.75,158.28,166.78,157.13
1379,6,Side,20.18,42.48,109.85,49.2,167.29,162.32,166.78,162.93
1379,7,Side,15.5,36.37,102.86,102.86,162.15,167.84,172.79,165.76
1379,8,Side,9.9,32.07,100.73,100.73,160.4,167.51,172.32,164.17
1379,9,Side,4.1,27.31,96.36,96.36,157.51,167.95,173.37,162.22
1379,10,Side,1.14,21.37,90.1,90.1,157.8,167.98,172.8,159.0
1379,11,Side,5.71,51.8,85.97,46.74,157.28,170.08,171.82,160.78
1379,12,Side,8.65,50.57,80.1,45.84,158.62,170.45,173.95,167.38
1379,13,Side,7.35,52.85,82.85,45.0,156.61,169.95,174.51,163.29
1379,14,Side,2.48,54.96,88.11,46.51,156.47,173.57,173.83,164.2
1379,15,Side,0.37,50.3,89.31,50.61,158.25,171.59,172.96,164.04
1379,16,Side,4.25,24.58,97.11,97.11,157.4,172.78,171.23,163.62
1379,17,Side,7.54,27.87,99.28,99.28,160.22,169.84,171.3,162.93
1379,18,Side,13.39,31.37,108.04,108.04,158.97,175.42,172.27,168.12
1379,19,Side,17.63,34.68,115.35,115.35,157.84,177.93,172.74,169.57
1379,20,Side,21.9,36.91,119.76,52.1,158.21,179.5,172.96,170.03
1379,21,Side,25.13,44.79,125.63,58.29,158.12,171.13,172.49,165.88
1379,22,Side,28.95,43.16,133.46,66.71,158.32,178.89,172.71,170.14
1379,23,Side,31.41,50.21,140.15,73.13,157.26,172.26,173.91,164.39
1379,24,Side,34.7,53.67,147.29,80.47,158.8,170.13,169.14,159.04
1379,25,Side,37.08,56.83,154.24,89.3,157.97,170.12,170.4,161.47
1379,26,Side,40.53,82.85,159.63,178.1,159.89,166.39,169.86,160.02
1379,27,Side,39.35,83.7,158.45,178.91,158.97,164.26,170.85,159.68
1380,1,Side,68.75,76.61,162.41,162.41,168.89,147.83,167.48,147.16
1380,2,Side,67.82,76.09,160.64,160.64,169.85,147.53,168.44,146.76
1380,3,Side,67.66,76.3,160.57,160.57,170.75,147.91,168.43,146.59
1380,4,Side,66.87,75.88,158.51,158.51,171.03,147.13,168.62,146.08
1380,5,Side,65.9,75.26,156.68,156.68,171.51,147.12,168.7,145.91
1380,6,Side,66.54,76.62,155.12,155.12,174.22,148.38,169.96,145.85
1380,7,Side,63.64,73.25,153.43,153.43,174.07,149.6,170.13,146.41
1380,8,Side,61.51,71.39,150.79,150.79,174.71,149.59,170.78,146.68
1380,9,Side,59.49,69.19,146.54,146.54,174.29,149.92,170.25,146.71
1380,10,Side,56.31,84.4,141.76,169.99,175.94,160.97,172.33,148.41
1380,11,Side,53.51,84.15,138.05,168.75,176.56,161.23,173.93,149.13
1380,12,Side,52.65,83.63,135.31,166.12,175.94,161.01,173.55,149.37
1380,13,Side,47.82,82.81,128.22,163.54,174.68,161.35,173.16,150.61
1380,14,Side,47.01,80.39,123.71,158.13,171.72,159.9,168.36,146.45
1380,15,Side,43.08,81.17,120.82,159.89,171.5,159.74,168.45,146.65
1380,16,Side,39.65,7.49,115.04,65.93,171.65,171.08,167.48,169.73
1380,17,Side,36.35,4.32,110.93,63.07,172.4,173.32,168.72,173.05
1380,18,Side,38.03,2.44,114.93,60.81,174.5,174.84,169.73,173.64
1380,19,Side,36.24,2.43,112.78,59.94,175.57,173.9,170.82,173.7
1380,20,Side,32.72,2.78,109.21,59.48,178.29,172.85,175.15,172.58
1380,21,Side,33.12,2.32,108.84,58.93,175.31,171.66,170.34,171.29
1380,22,Side,30.76,3.26,104.44,59.48,172.8,171.52,170.31,171.15
1380,23,Side,31.18,3.43,106.95,60.88,172.22,173.02,168.76,172.27
1380,24,Side,33.5,4.37,110.45,61.82,172.58,172.88,168.27,172.67
1380,25,Side,27.94,5.01,104.96,62.95,172.34,173.96,167.65,173.8
1380,26,Side,30.71,78.29,109.02,157.07,172.25,173.64,167.16,174.0
1380,27,Side,34.44,78.42,113.2,158.57,172.21,175.15,167.18,174.2
1380,28,Side,37.57,77.82,117.15,158.78,172.27,175.22,166.41,173.47
1380,29,Side,40.74,78.51,120.44,158.68,172.18,173.42,166.44,171.82
1380,30,Side,44.9,80.2,126.09,161.49,173.05,173.51,166.96,172.03
1380,31,Side,47.58,81.69,130.03,164.33,172.61,172.66,166.67,170.75
1380,32,Side,51.99,83.33,136.25,167.84,173.63,172.33,167.37,169.81
1380,33,Side,54.98,84.83,140.42,171.46,172.64,173.28,166.94,170.43
1380,34,Side,56.88,86.1,142.72,172.83,173.64,171.45,168.79,168.51
1380,35,Side,60.74,86.59,147.99,113.36,173.02,173.62,168.24,170.55
1380,36,Side,63.09,87.01,151.69,111.69,172.95,162.01,168.85,146.58
1380,37,Side,64.91,85.88,155.91,113.16,174.05,161.58,168.38,145.41
1380,38,Side,64.77,85.77,153.05,113.57,171.31,161.27,167.95,145.22
1380,39,Side,67.09,84.78,156.99,113.74,171.16,161.24,167.31,144.04
1380,40,Side,67.57,84.94,156.56,114.2,170.04,160.17,166.12,143.41
1380,41,Side,68.01,84.18,157.81,114.53,171.9,161.16,169.09,146.19
1380,42,Side,69.14,85.01,159.76,112.85,171.32,161.15,169.2,146.6
1380,43,Side,69.46,84.14,158.73,111.82,171.14,161.27,169.51,147.35
1380,44,Side,69.26,84.94,159.06,111.71,171.25,161.95,169.81,148.16
1380,45,Side,70.01,85.62,159.9,111.16,170.86,161.17,169.33,147.47
1381,1,Side,,52.0,166.49,166.49,,170.76,,174.93
1381,2,Side,,46.55,158.8,158.8,,168.69,,173.66
1381,3,Side,,40.22,149.04,149.04,,166.59,,172.96
1381,4,Side,,36.12,145.03,145.03,,163.82,,177.92
1381,5,Side,,29.49,131.0,131.0,,160.75,,175.66
1381,6,Side,,17.96,111.7,111.7,,164.16,,178.03
1381,7,Side,,11.02,98.99,98.99,,161.04,,171.19
1381,8,Side,,4.42,90.31,90.31,,160.08,,173.05
1381,9,Side,,1.84,81.78,81.78,,162.93,,177.49
1381,10,Side,,8.59,76.64,76.64,,158.81,,177.03
1381,11,Side,,14.18,71.57,71.57,,160.19,,175.53
1381,12,Side,,14.18,71.15,71.15,,155.44,,175.79
1381,13,Side,,14.95,68.54,68.54,,156.82,,177.34
1381,14,Side,,11.2,62.27,62.27,,160.48,,178.56
1381,15,Side,,9.87,58.82,58.82,,165.37,,175.43
1381,16,Side,,11.36,46.17,53.1,,171.97,,170.02
1381,17,Side,,10.68,46.78,54.86,,173.44,,169.23
1381,18,Side,,10.71,50.63,58.3,,173.07,,170.83
1381,19,Side,,12.36,50.27,56.31,,177.17,,169.25
1381,20,Side,,13.17,51.43,61.06,,177.07,,163.71
1381,21,Side,,13.75,53.21,61.37,,176.71,,164.21
1381,22,Side,,11.45,55.13,64.54,,175.57,,165.61
1381,23,Side,,11.69,53.95,64.93,,177.19,,168.04
1381,24,Side,,6.74,60.4,73.12,,175.77,,164.87
1381,25,Side,,4.35,63.55,77.57,,178.53,,165.82
1381,26,Side,,5.44,74.69,74.69,,174.87,,165.94
1381,27,Side,,5.76,94.92,94.92,,177.49,,167.55
1381,28,Side,,8.81,100.56,100.56,,174.36,,169.89
1381,29,Side,,13.52,107.11,107.11,,172.51,,171.46
1381,30,Side,,17.28,113.48,113.48,,169.35,,174.67
1381,31,Side,,21.33,104.13,121.25,,166.91,,176.33
1381,32,Side,,24.51,109.72,127.03,,164.64,,174.04
1381,33,Side,,30.51,119.31,135.14,,166.76,,175.9
1381,34,Side,,36.12,129.21,144.15,,167.21,,175.05
1381,35,Side,,41.09,137.82,151.86,,168.93,,173.56
1381,36,Side,,52.74,144.42,157.54,,172.61,,165.6
1381,37,Side,,51.02,146.74,159.55,,175.03,,167.75
1381,38,Side,,51.92,146.71,161.15,,173.11,,163.57
1382,1,Side,,58.25,152.72,158.31,,162.68,,165.02
1382,2,Side,,53.78,156.08,154.94,,169.28,,168.09
1382,3,Side,,45.03,158.2,146.17,,177.77,,170.87
1382,4,Side,,36.16,169.09,132.29,,179.33,,173.02
1382,5,Side,,28.73,115.85,115.85,,173.08,,168.2
1382,6,Side,,24.01,110.99,110.99,,173.56,,163.47
1382,7,Side,,21.91,108.05,108.05,,170.93,,161.88
1382,8,Side,,0.1,87.75,87.75,,168.78,,157.64
1382,9,Side,,0.36,89.5,89.5,,173.72,,158.88
1382,10,Side,,10.2,83.29,83.29,,172.52,,164.18
1382,11,Side,,12.24,77.35,77.35,,169.56,,173.56
1382,12,Side,,9.56,79.41,79.41,,172.75,,154.37
1382,13,Side,,12.03,77.43,77.43,,170.1,,151.37
1382,14,Side,,16.19,74.93,74.93,,174.0,,156.56
1382,15,Side,,23.65,72.18,72.18,,172.87,,164.6
1382,16,Side,,19.02,52.13,81.09,,174.13,,164.77
1382,17,Side,,13.47,64.52,87.47,,172.87,,162.9
1382,18,Side,,12.23,64.05,85.79,,175.35,,162.22
1382,19,Side,,12.02,66.41,84.09,,175.35,,162.22
1382,20,Side,,12.96,66.41,82.15,,177.83,,160.75
1382,21,Side,,8.92,86.19,86.19,,179.3,,159.66
1382,22,Side,,7.08,90.15,90.15,,179.25,,158.2
1382,23,Side,,9.05,88.1,88.1,,179.3,,160.92
1382,24,Side,,5.1,90.0,90.0,,179.09,,160.6
1382,25,Side,,1.2,93.81,93.81,,179.5,,166.02
1382,26,Side,,1.84,97.85,97.85,,171.06,,178.34
1382,27,Side,,10.88,109.15,109.15,,179.63,,170.15
1382,28,Side,,20.22,75.65,118.61,,175.9,,167.02
1382,29,Side,,31.27,87.34,132.41,,177.5,,168.41
1382,30,Side,,34.18,82.61,124.66,,173.47,,169.23
1382,31,Side,,44.9,102.8,147.8,,177.53,,170.06
1382,32,Side,,45.82,173.98,153.8,,176.93,,171.03
1382,33,Side,,48.37,175.01,159.15,,176.63,,172.35
1382,34,Side,,50.76,175.6,162.15,,173.0,,169.75
1382,35,Side,,52.95,177.53,166.98,,172.76,,170.02
1383,1,Side,65.76,114.3,174.21,158.68,178.68,138.24,157.76,141.23
1383,2,Side,62.52,115.37,167.98,157.01,179.13,142.87,157.59,146.04
1383,3,Side,58.77,116.71,160.57,153.55,178.98,148.16,157.38,149.97
1383,4,Side,53.09,70.11,149.62,113.22,178.42,154.39,159.5,152.99
1383,5,Side,47.4,62.25,138.28,95.78,178.68,159.38,159.28,156.59
1383,6,Side,40.67,54.74,126.35,85.28,177.27,162.75,159.88,159.15
1383,7,Side,41.39,51.6,121.69,80.07,176.59,165.96,156.08,160.77
1383,8,Side,37.29,46.88,117.92,117.92,175.17,163.0,153.65,154.04
1383,9,Side,30.16,39.81,107.56,107.56,174.39,164.29,150.71,154.46
1383,10,Side,23.44,33.23,99.42,99.42,174.94,165.56,149.62,153.97
1383,11,Side,11.12,20.31,86.2,86.2,176.34,165.79,151.81,152.61
1383,12,Side,12.25,9.92,89.67,85.37,175.94,174.94,151.04,154.17
1383,13,Side,9.1,3.02,87.51,91.15,176.83,175.06,153.64,154.39
1383,14,Side,5.41,9.43,83.63,81.09,177.22,174.66,154.59,155.77
1383,15,Side,4.64,12.87,75.94,71.1,176.9,174.94,155.41,158.28
1383,16,Side,5.28,16.5,62.04,59.25,172.85,170.81,153.33,158.11
1383,17,Side,3.37,15.66,60.26,60.23,172.85,171.53,152.64,158.07
1383,18,Side,2.25,12.13,54.32,62.73,170.94,171.96,151.64,157.08
1383,19,Side,2.22,12.09,56.66,61.3,172.22,170.13,152.47,156.29
1383,20,Side,3.63,15.95,50.0,54.15,172.22,170.27,152.47,156.24
1383,21,Side,0.26,21.04,50.67,55.15,171.13,170.41,149.88,156.17
1383,22,Side,0.76,20.91,56.77,58.19,171.85,172.79,150.02,159.01
1383,23,Side,0.29,22.21,64.39,61.31,171.65,173.26,148.8,159.1
1383,24,Side,0.13,21.03,70.83,69.05,172.54,172.14,151.4,156.58
1383,25,Side,1.43,25.12,77.66,67.96,172.16,172.7,148.43,156.37
1383,26,Side,7.38,47.24,91.44,38.48,172.16,163.74,149.11,156.23
1383,27,Side,15.83,51.38,103.94,36.14,173.62,159.24,150.33,152.39
1383,28,Side,22.55,36.09,114.88,114.88,175.1,155.98,151.56,149.32
1383,29,Side,24.27,39.41,114.73,114.73,175.04,150.94,152.9,145.54
1383,30,Side,29.92,47.18,123.34,123.34,176.5,145.9,153.63,141.52
1383,31,Side,33.15,52.05,128.84,87.27,176.82,143.62,153.69,140.59
1383,32,Side,41.96,63.25,140.59,99.25,178.66,139.64,156.32,138.78
1383,33,Side,45.85,71.05,148.61,109.94,176.07,134.71,160.91,136.8
1383,34,Side,50.51,76.48,152.94,115.36,176.59,132.88,160.34,137.43
1383,35,Side,55.88,82.66,158.2,122.01,178.35,129.67,160.9,136.84
1383,36,Side,60.8,122.6,163.64,161.87,179.24,120.57,160.21,118.09
1383,37,Side,64.48,125.03,166.83,160.11,178.54,119.07,160.05,118.78
1383,38,Side,68.79,126.83,172.44,159.59,178.02,116.65,160.05,119.75
1383,39,Side,69.66,126.92,170.65,160.04,176.02,115.33,160.15,120.44
1383,40,Side,72.14,130.06,173.44,156.2,174.92,114.51,158.08,119.91
1383,41,Side,76.23,133.93,178.28,155.19,173.34,111.77,157.56,119.26
1384,1,Side,48.15,,162.67,165.6,167.25,,164.14,
1384,2,Side,43.86,,155.04,166.71,166.86,,165.09,
1384,3,Side,38.44,,146.03,113.76,165.87,,164.85,
1384,4,Side,33.96,,138.39,104.07,165.68,,164.5,
1384,5,Side,27.11,,130.97,91.2,164.69,,164.28,
1384,6,Side,21.21,,123.19,123.19,163.41,,165.21,
1384,7,Side,10.93,,111.18,111.18,159.53,,166.97,
1384,8,Side,0.98,,100.56,100.56,157.98,,168.88,
1384,9,Side,8.94,,90.38,90.38,155.21,,171.04,
1384,10,Side,15.95,,81.38,81.38,157.46,,169.09,
1384,11,Side,22.4,,64.19,79.58,162.74,,164.5,
1384,12,Side,23.27,,61.82,74.0,163.45,,164.28,
1384,13,Side,27.03,,58.18,68.02,164.16,,164.28,
1384,14,Side,30.58,,53.21,64.33,166.19,,163.46,
1384,15,Side,35.88,,51.4,63.86,168.09,,162.63,
1384,16,Side,35.77,,53.26,36.69,168.83,,162.63,
1384,17,Side,33.93,,64.35,41.78,167.23,,162.26,
1384,18,Side,24.09,,78.5,78.5,165.67,,162.35,
1384,19,Side,13.1,,93.95,93.95,164.17,,162.64,
1384,20,Side,8.04,,96.81,96.81,163.21,,162.19,
1384,21,Side,3.26,,115.48,115.48,161.6,,160.74,
1384,22,Side,12.62,,124.16,124.16,162.86,,162.08,
1384,23,Side,19.41,,132.8,132.8,161.58,,163.44,
1384,24,Side,27.28,,141.35,101.35,164.7,,163.11,
1384,25,Side,33.22,,147.29,107.29,166.53,,163.43,
1384,26,Side,37.25,,150.26,112.38,167.35,,165.19,
1384,27,Side,50.21,,155.46,116.47,175.7,,156.73,
1384,28,Side,52.81,,160.69,170.3,176.84,,158.0,
1384,29,Side,57.8,,169.0,173.85,177.15,,158.79,
1384,30,Side,60.27,,173.98,171.08,176.8,,169.22,
1384,31,Side,61.77,,176.44,166.06,176.25,,170.15,
1385,1,Side,148.73,76.94,151.1,173.63,94.34,171.79,151.61,176.6
1385,2,Side,146.77,78.34,152.21,168.57,97.02,166.02,151.33,173.19
1385,3,Side,145.73,75.84,153.04,164.87,98.78,168.12,151.69,173.63
1385,4,Side,142.02,73.37,155.4,160.59,102.52,168.29,151.56,172.14
1385,5,Side,138.84,71.33,158.14,156.34,105.25,168.15,151.92,171.17
1385,6,Side,110.7,69.72,151.97,151.97,109.05,167.52,153.98,171.46
1385,7,Side,101.87,66.72,144.99,144.99,115.91,167.14,156.13,172.22
1385,8,Side,92.15,59.84,138.11,138.11,122.12,170.5,156.99,173.06
1385,9,Side,83.05,50.63,126.87,126.87,125.92,174.91,155.86,172.44
1385,10,Side,73.59,44.14,117.56,117.56,129.52,174.61,144.93,170.58
1385,11,Side,62.41,35.29,103.4,103.4,132.27,173.9,143.28,169.1
1385,12,Side,51.87,25.8,93.82,93.82,143.8,177.43,166.25,169.67
1385,13,Side,44.45,13.76,90.7,90.7,147.06,172.15,167.08,172.28
1385,14,Side,38.51,7.39,31.39,77.28,149.23,175.71,166.83,169.31
1385,15,Side,19.16,1.98,76.19,68.16,176.82,178.63,166.2,167.19
1385,16,Side,21.39,4.1,72.7,60.66,176.81,178.36,163.02,164.81
1385,17,Side,22.69,6.59,70.75,58.12,177.28,179.3,163.72,164.07
1385,18,Side,22.22,9.08,71.25,56.44,179.66,178.25,164.73,165.03
1385,19,Side,22.94,12.67,70.58,53.27,179.11,177.82,165.24,165.49
1385,20,Side,22.72,13.97,68.68,52.53,179.62,177.05,163.88,165.22
1385,21,Side,22.52,16.61,66.08,49.02,179.11,178.7,165.24,159.54
1385,22,Side,17.17,18.82,69.87,48.17,179.8,176.69,166.1,160.08
1385,23,Side,18.74,15.46,69.82,52.94,179.8,177.95,166.1,159.83
1385,24,Side,19.45,15.49,70.57,55.79,178.59,172.64,168.2,166.69
1385,25,Side,20.37,16.62,71.0,59.59,179.79,172.68,167.69,168.17
1385,26,Side,19.44,20.6,74.6,56.83,179.07,172.68,167.69,168.17
1385,27,Side,16.56,18.4,80.17,63.98,177.83,170.24,169.18,169.66
1385,28,Side,16.97,15.93,80.96,67.78,179.06,169.03,168.67,170.92
1385,29,Side,23.1,12.83,77.21,74.71,178.33,167.08,168.67,169.95
1385,30,Side,22.61,8.88,78.81,77.27,179.93,167.57,167.66,169.46
1385,31,Side,23.95,9.69,77.99,75.98,179.95,168.59,168.47,172.31
1385,32,Side,24.68,2.4,77.88,85.75,178.81,167.99,169.8,172.06
1385,33,Side,22.63,0.18,80.71,87.31,178.04,168.88,170.62,171.03
1385,34,Side,31.72,5.11,116.4,91.39,178.04,171.03,171.45,169.57
1385,35,Side,35.64,9.21,97.25,97.25,156.69,170.41,168.59,169.39
1385,36,Side,41.59,13.53,101.28,101.28,154.37,171.01,168.7,167.92
1385,37,Side,50.19,18.66,108.43,108.43,149.25,169.67,167.83,171.6
1385,38,Side,57.71,24.74,113.74,113.74,144.44,171.41,166.92,173.1
1385,39,Side,64.8,30.65,119.74,119.74,140.98,171.81,165.34,175.77
1385,40,Side,71.49,36.01,124.31,124.31,136.91,173.57,165.96,177.44
1385,41,Side,78.99,43.46,68.26,129.36,133.15,178.44,168.18,176.66
1385,42,Side,83.56,47.73,78.9,135.16,131.59,179.65,167.46,175.81
1385,43,Side,89.42,52.24,90.52,143.03,127.73,178.84,164.97,175.35
1385,44,Side,94.16,53.81,94.89,145.93,123.35,178.6,163.36,173.31
1385,45,Side,106.23,62.23,105.28,153.74,109.79,176.51,154.39,177.12
1385,46,Side,111.05,64.26,106.08,156.16,107.65,177.54,156.77,179.87
1385,47,Side,144.26,72.11,162.44,164.04,105.6,170.99,157.0,178.25
1385,48,Side,143.51,76.73,162.83,166.58,102.33,162.48,153.14,172.8
1385,49,Side,144.69,71.19,162.3,169.66,99.86,173.65,152.1,177.01
1385,50,Side,145.59,74.84,162.05,174.39,97.68,172.35,151.57,177.37
1385,51,Side,145.99,77.31,162.39,177.05,96.04,170.65,151.91,177.34
1385,52,Side,144.32,78.88,163.85,177.12,96.33,166.49,150.94,173.5
1386,1,Side,,58.21,123.21,169.03,,169.33,,169.4
1386,2,Side,,60.37,114.35,171.07,,170.91,,170.29
1386,3,Side,,54.55,162.5,162.5,,170.68,,168.87
1386,4,Side,,49.76,145.38,145.38,,172.77,,173.42
1386,5,Side,,45.09,141.81,141.81,,169.56,,175.47
1386,6,Side,,37.3,127.39,127.39,,166.62,,179.17
1386,7,Side,,30.85,117.05,117.05,,166.86,,174.99
1386,8,Side,,29.74,116.01,116.01,,169.38,,173.17
1386,9,Side,,24.39,109.83,109.83,,168.25,,173.5
1386,10,Side,,15.94,100.47,100.47,,166.9,,174.75
1386,11,Side,,12.69,98.81,98.81,,162.32,,175.93
1386,12,Side,,2.76,82.79,82.79,,165.38,,175.93
1386,13,Side,,1.35,77.75,77.75,,170.55,,165.42
1386,14,Side,,3.49,74.66,74.66,,171.49,,165.42
1386,15,Side,,6.37,67.17,67.17,,171.59,,164.49
1386,16,Side,,10.36,36.89,63.24,,173.61,,162.23
1386,17,Side,,6.45,36.33,68.88,,175.78,,161.41
1386,18,Side,,13.23,34.91,59.21,,177.08,,161.26
1386,19,Side,,15.71,34.39,57.62,,177.08,,161.45
1386,20,Side,,16.31,33.91,55.75,,178.35,,162.56
1386,21,Side,,18.4,31.55,53.5,,178.66,,162.08
1386,22,Side,,23.44,28.71,47.97,,174.36,,168.54
1386,23,Side,,18.03,29.32,53.13,,175.46,,168.54
1386,24,Side,,14.43,34.12,61.28,,173.78,,167.63
1386,25,Side,,19.84,34.12,53.79,,175.79,,169.46
1386,26,Side,,18.55,58.43,58.43,,174.85,,169.46
1386,27,Side,,16.31,61.71,61.71,,173.78,,167.47
1386,28,Side,,15.8,59.68,59.68,,175.64,,166.39
1386,29,Side,,16.68,57.71,57.71,,176.64,,166.3
1386,30,Side,,16.23,57.34,57.34,,176.76,,157.14
1386,31,Side,,8.0,69.19,69.19,,179.82,,158.87
1386,32,Side,,0.93,75.5,75.5,,179.5,,158.81
1386,33,Side,,6.95,85.22,85.22,,178.66,,160.69
1386,34,Side,,5.84,95.48,95.48,,155.51,,176.19
1386,35,Side,,19.65,100.64,100.64,,174.92,,176.02
1386,36,Side,,30.69,119.29,119.29,,171.39,,174.94
1386,37,Side,,35.73,124.33,124.33,,176.46,,168.63
1386,38,Side,,41.2,133.93,133.93,,175.34,,169.63
1386,39,Side,,44.44,139.87,139.87,,176.42,,169.66
1386,40,Side,,46.38,142.76,142.76,,174.78,,172.84
1386,41,Side,,51.33,175.91,145.18,,179.17,,170.23
1386,42,Side,,57.96,164.99,156.91,,179.83,,170.68
1386,43,Side,,61.2,159.63,162.34,,179.89,,171.72
1386,44,Side,,61.32,159.61,165.38,,179.03,,169.66
1386,45,Side,,62.71,158.45,165.39,,179.42,,170.32
1386,46,Side,,66.21,137.63,164.47,,173.18,,170.18
1386,47,Side,,63.76,137.41,157.4,,171.33,,168.16
1387,1,Side,,55.92,157.24,167.12,,175.65,,163.53
1387,2,Side,,52.69,148.48,162.1,,176.39,,163.43
1387,3,Side,,49.87,144.61,157.9,,177.13,,162.63
1387,4,Side,,46.83,168.0,155.04,,177.13,,163.53
1387,5,Side,,43.73,174.29,147.32,,176.51,,161.29
1387,6,Side,,42.98,172.23,145.59,,175.2,,157.37
1387,7,Side,,37.45,179.06,135.1,,174.01,,157.62
1387,8,Side,,30.23,167.83,129.82,,177.73,,160.44
1387,9,Side,,24.82,121.11,121.11,,174.77,,161.9
1387,10,Side,,18.07,109.35,109.35,,173.27,,161.82
1387,11,Side,,12.74,101.94,101.94,,173.53,,161.24
1387,12,Side,,4.06,51.18,93.53,,175.39,,162.15
1387,13,Side,,3.62,47.62,86.88,,179.96,,164.7
1387,14,Side,,13.18,41.98,74.6,,178.73,,165.73
1387,15,Side,,16.3,38.98,68.91,,177.39,,162.12
1387,16,Side,,22.03,36.38,62.39,,178.13,,163.6
1387,17,Side,,22.72,36.78,61.45,,174.99,,159.5
1387,18,Side,,21.94,35.75,59.62,,172.97,,158.46
1387,19,Side,,18.27,35.38,62.39,,170.92,,154.05
1387,20,Side,,18.01,34.57,61.93,,169.18,,153.03
1387,21,Side,,16.79,35.97,66.6,,170.66,,154.87
1387,22,Side,,14.82,35.54,66.38,,169.63,,153.84
1387,23,Side,,12.68,37.23,70.16,,173.58,,157.04
1387,24,Side,,10.58,37.86,72.27,,172.56,,156.01
1387,25,Side,,13.31,35.39,69.57,,172.1,,157.13
1387,26,Side,,12.84,34.4,69.88,,171.67,,156.87
1387,27,Side,,12.02,34.88,69.88,,170.86,,157.99
1387,28,Side,,15.98,35.84,67.54,,175.63,,161.14
1387,29,Side,,11.1,41.56,76.82,,178.99,,163.47
1387,30,Side,,10.51,43.44,81.17,,177.13,,162.4
1387,31,Side,,8.81,41.82,78.92,,172.63,,161.35
1387,32,Side,,9.57,44.26,79.18,,173.39,,161.35
1387,33,Side,,9.35,47.07,81.68,,174.38,,163.62
1387,34,Side,,8.6,47.07,81.68,,172.57,,162.56
1387,35,Side,,7.17,48.94,81.68,,174.1,,164.51
1387,36,Side,,10.17,49.4,76.44,,172.28,,163.51
1387,37,Side,,8.27,50.62,78.33,,171.22,,162.44
1387,38,Side,,5.93,51.04,82.15,,172.69,,162.44
1387,39,Side,,4.78,51.1,84.12,,173.51,,162.44
1387,40,Side,,0.38,54.83,90.0,,173.94,,161.38
1387,41,Side,,1.03,92.27,92.27,,171.35,,154.87
1387,42,Side,,6.98,100.58,100.58,,178.22,,164.6
1387,43,Side,,15.5,114.21,114.21,,179.23,,166.73
1387,44,Side,,22.05,122.7,122.7,,179.28,,167.61
1387,45,Side,,30.85,170.92,128.69,,171.53,,164.93
1387,46,Side,,35.17,175.6,135.0,,170.03,,165.91
1387,47,Side,,41.99,175.91,143.93,,169.53,,167.7
1387,48,Side,,45.69,173.4,147.69,,167.72,,166.89
1387,49,Side,,49.11,171.09,151.2,,165.53,,165.5
1387,50,Side,,51.69,130.73,153.78,,161.79,,161.38
1387,51,Side,,54.4,135.0,157.4,,162.79,,162.94
1388,1,Side,,76.17,174.69,174.69,,162.15,,160.5
1388,2,Side,,73.54,169.74,169.74,,161.32,,160.27
1388,3,Side,,70.09,163.4,163.4,,164.47,,166.55
1388,4,Side,,65.03,153.99,153.99,,163.94,,164.73
1388,5,Side,,65.37,153.62,153.62,,163.39,,162.28
1388,6,Side,,62.18,147.2,147.2,,163.39,,161.32
1388,7,Side,,56.64,139.59,139.59,,165.21,,162.19
1388,8,Side,,50.63,132.18,132.18,,166.75,,160.83
1388,9,Side,,44.51,120.44,120.44,,167.26,,160.39
1388,10,Side,,39.83,115.07,115.07,,168.3,,158.44
1388,11,Side,,33.37,108.43,108.43,,165.58,,150.19
1388,12,Side,,26.32,100.74,100.74,,167.93,,152.19
1388,13,Side,,20.42,93.28,93.28,,171.35,,157.45
1388,14,Side,,11.07,84.07,84.07,,171.17,,152.34
1388,15,Side,,2.8,76.44,76.44,,171.38,,151.69
1388,16,Side,,2.48,38.14,68.24,,172.91,,150.17
1388,17,Side,,1.9,38.02,68.66,,173.68,,152.62
1388,18,Side,,2.15,37.49,69.05,,172.87,,154.65
1388,19,Side,,2.9,35.37,65.73,,171.41,,154.91
1388,20,Side,,2.86,36.45,68.23,,176.25,,163.29
1388,21,Side,,3.97,35.23,65.38,,175.55,,162.28
1388,22,Side,,7.92,36.87,65.73,,174.33,,161.23
1388,23,Side,,10.88,38.57,66.64,,175.13,,161.07
1388,24,Side,,12.83,39.71,65.68,,173.81,,159.82
1388,25,Side,,14.48,40.34,62.86,,173.81,,159.82
1388,26,Side,,15.97,39.44,64.25,,174.38,,159.61
1388,27,Side,,24.64,35.64,57.0,,172.38,,158.81
1388,28,Side,,25.57,35.64,57.74,,172.63,,159.01
1388,29,Side,,24.13,36.12,59.71,,173.26,,158.81
1388,30,Side,,21.79,36.12,61.73,,173.46,,158.75
1388,31,Side,,25.1,36.83,58.04,,176.69,,161.95
1388,32,Side,,20.3,38.53,62.77,,175.58,,161.72
1388,33,Side,,16.71,38.53,65.99,,170.08,,157.3
1388,34,Side,,14.1,41.63,68.6,,169.02,,156.39
1388,35,Side,,10.58,43.58,71.25,,166.81,,155.96
1388,36,Side,,7.05,73.61,73.61,,165.97,,156.76
1388,37,Side,,2.42,77.66,77.66,,165.4,,156.33
1388,38,Side,,3.02,81.4,81.4,,163.98,,155.85
1388,39,Side,,7.89,84.6,84.6,,163.98,,156.55
1388,40,Side,,9.85,83.83,83.83,,163.29,,156.92
1388,41,Side,,13.03,84.64,84.64,,160.64,,157.07
1388,42,Side,,24.91,101.31,101.31,,163.87,,159.04
1388,43,Side,,35.93,116.51,116.51,,166.88,,161.42
1388,44,Side,,41.94,122.98,122.98,,167.39,,159.36
1388,45,Side,,45.63,135.16,135.16,,173.19,,159.81
1388,46,Side,,48.17,140.52,140.52,,176.43,,161.3
1388,47,Side,,55.86,147.14,147.14,,172.51,,164.93
1388,48,Side,,62.34,154.17,154.17,,167.47,,162.57
1388,49,Side,,65.18,156.48,156.48,,163.31,,159.25
1388,50,Side,,71.13,163.48,163.48,,157.7,,154.31
1388,51,Side,,75.25,166.98,166.98,,153.16,,150.47
1388,52,Side,,72.44,170.74,170.74,,162.46,,159.51
1389,1,Side,,58.27,100.52,177.78,,177.64,,157.28
1389,2,Side,,44.95,84.47,163.37,,176.9,,154.91
1389,3,Side,,46.18,158.24,158.24,,178.18,,152.08
1389,4,Side,,42.21,147.03,147.03,,179.38,,154.37
1389,5,Side,,35.48,135.05,135.05,,179.23,,154.3
1389,6,Side,,29.83,120.54,120.54,,177.8,,153.19
1389,7,Side,,25.7,111.72,111.72,,173.98,,152.96
1389,8,Side,,19.49,103.66,103.66,,176.48,,155.92
1389,9,Side,,13.59,94.72,94.72,,176.58,,157.91
1389,10,Side,,7.65,88.52,88.52,,179.47,,158.9
1389,11,Side,,3.37,80.6,80.6,,177.38,,161.57
1389,12,Side,,1.76,82.87,82.87,,177.37,,162.43
1389,13,Side,,0.46,81.57,81.57,,178.24,,163.3
1389,14,Side,,2.55,76.06,76.06,,178.21,,164.16
1389,15,Side,,5.08,73.49,73.49,,179.0,,163.94
1389,16,Side,,6.96,11.73,72.16,,178.95,,165.83
1389,17,Side,,4.85,13.7,71.54,,177.31,,165.32
1389,18,Side,,4.48,18.78,71.76,,174.8,,164.47
1389,19,Side,,3.35,19.82,70.21,,170.4,,163.05
1389,20,Side,,2.17,18.48,73.05,,169.67,,162.2
1389,21,Side,,0.23,73.97,73.97,,167.94,,161.59
1389,22,Side,,1.66,76.71,76.71,,168.78,,162.6
1389,23,Side,,3.48,79.37,79.37,,169.63,,163.36
1389,24,Side,,6.33,83.8,83.8,,163.3,,149.47
1389,25,Side,,7.77,85.24,85.24,,163.18,,150.39
1389,26,Side,,11.99,82.21,82.21,,164.64,,149.44
1389,27,Side,,17.8,36.69,103.76,,169.05,,151.56
1389,28,Side,,26.24,49.15,122.47,,170.14,,150.84
1389,29,Side,,33.65,59.63,132.95,,172.21,,150.94
1389,30,Side,,37.89,65.37,136.51,,175.68,,150.09
1389,31,Side,,42.19,76.85,149.6,,179.76,,149.97
1389,32,Side,,47.74,135.95,163.93,,172.42,,162.57
1389,33,Side,,54.79,137.07,174.65,,175.82,,160.93
1389,34,Side,,57.94,139.22,177.92,,178.71,,159.27
1390,1,Side,42.02,,149.95,149.95,170.73,,163.14,
1390,2,Side,36.87,,142.33,142.33,166.9,,166.97,
1390,3,Side,40.57,,140.16,140.16,164.98,,168.74,
1390,4,Side,37.62,,137.21,137.21,161.41,,169.78,
1390,5,Side,30.96,,124.64,124.64,157.83,,173.36,
1390,6,Side,23.75,,115.71,115.71,155.17,,173.08,
1390,7,Side,17.03,,107.29,107.29,152.58,,174.86,
1390,8,Side,10.17,,92.49,92.49,156.07,,171.55,
1390,9,Side,7.08,,85.08,85.08,159.21,,169.4,
1390,10,Side,3.15,,79.22,79.22,158.96,,167.15,
1390,11,Side,1.23,,71.37,77.54,159.44,,168.08,
1390,12,Side,2.38,,68.88,75.92,160.8,,168.08,
1390,13,Side,3.84,,68.44,75.92,158.16,,169.7,
1390,14,Side,7.32,,59.7,74.45,160.35,,171.29,
1390,15,Side,8.53,,58.57,72.61,160.85,,175.69,
1390,16,Side,8.53,,58.57,70.91,159.13,,179.21,
1390,17,Side,7.13,,58.57,70.55,162.26,,177.49,
1390,18,Side,4.52,,61.17,70.91,166.53,,169.24,
1390,19,Side,1.7,,71.2,78.37,164.2,,169.24,
1390,20,Side,3.37,,64.51,72.27,165.72,,171.27,
1390,21,Side,2.66,,64.31,70.06,164.41,,171.81,
1390,22,Side,2.66,,58.71,64.85,165.99,,170.23,
1390,23,Side,7.73,,51.33,64.57,169.8,,170.23,
1390,24,Side,7.73,,53.33,66.57,169.8,,170.23,
1390,25,Side,6.34,,66.8,78.49,168.9,,170.23,
1390,26,Side,5.44,,63.43,74.74,169.8,,170.23,
1390,27,Side,3.9,,69.15,82.72,172.92,,168.65,
1390,28,Side,3.9,,73.3,88.37,172.92,,168.65,
1390,29,Side,2.5,,82.64,89.72,168.88,,168.65,
1390,30,Side,2.39,,81.87,93.76,171.25,,168.65,
1390,31,Side,5.57,,74.05,74.05,171.25,,168.65,
1390,32,Side,1.51,,77.01,77.01,171.46,,167.06,
1390,33,Side,2.78,,82.02,82.02,169.88,,167.06,
1390,34,Side,7.35,,85.72,85.72,169.82,,165.47,
1390,35,Side,2.72,,87.21,87.21,166.33,,165.47,
1390,36,Side,9.93,,91.71,41.78,167.47,,165.5,
1390,37,Side,18.33,,104.36,51.1,169.42,,166.02,
1390,38,Side,23.92,,113.4,58.46,168.44,,168.07,
1390,39,Side,26.73,,120.61,65.5,168.49,,166.27,
1390,40,Side,32.62,,133.38,74.72,161.64,,169.98,
1390,41,Side,36.18,,139.59,79.09,163.22,,168.39,
1390,42,Side,44.52,,148.01,88.02,163.51,,172.95,
1391,1,Side,,76.18,,,,176.03,,171.13
1391,2,Side,,75.48,,,,175.14,,171.31
1391,3,Side,,73.91,,,,175.93,,171.17
1391,4,Side,,70.81,,,,177.05,,173.17
1391,5,Side,,69.26,,,,176.16,,172.05
1391,6,Side,,70.63,,,,174.84,,169.42
1391,7,Side,,67.11,,,,174.96,,167.45
1391,8,Side,,66.45,,,,172.61,,164.48
1391,9,Side,,66.05,,,,174.47,,166.46
1391,10,Side,,63.08,,,,174.82,,166.57
1391,11,Side,,62.4,,,,174.05,,166.44
1391,12,Side,,58.08,,,,175.23,,166.44
1391,13,Side,,54.66,,,,176.14,,166.3
1391,14,Side,,53.33,,,,177.98,,167.29
1391,15,Side,,50.95,,,,177.54,,167.4
1391,16,Side,,47.31,,,,179.52,,169.39
1391,17,Side,,48.15,,,,178.76,,170.59
1391,18,Side,,46.65,,,,179.84,,170.67
1391,19,Side,,49.06,,,,179.84,,170.67
1391,20,Side,,49.87,,,,179.23,,170.67
1391,21,Side,,48.24,,,,178.3,,170.67
1391,22,Side,,44.4,,,,177.92,,169.87
1391,23,Side,,47.53,,,,176.09,,170.03
1391,24,Side,,51.38,,,,178.83,,173.12
1391,25,Side,,56.43,,,,177.95,,173.27
1391,26,Side,,59.04,,,,177.66,,173.27
1391,27,Side,,60.88,,,,177.2,,173.24
1391,28,Side,,64.53,,,,177.79,,173.65
1391,29,Side,,65.44,,,,179.86,,171.5
1391,30,Side,,69.4,,,,179.53,,172.03
1391,31,Side,,68.32,,,,178.22,,172.94
1391,32,Side,,68.47,,,,179.86,,172.62
1391,33,Side,,69.64,,,,179.35,,174.24
1391,34,Side,,70.0,,,,178.58,,172.62
1391,35,Side,,72.03,,,,179.76,,179.68
1391,36,Side,,78.66,,,,174.71,,174.39
1392,1,Side,40.69,,141.4,169.79,179.3,,162.29,
1392,2,Side,35.84,,134.02,174.21,179.58,,163.01,
1392,3,Side,28.32,,124.06,176.87,177.92,,166.61,
1392,4,Side,23.88,,116.34,87.26,177.99,,164.5,
1392,5,Side,15.64,,103.25,103.25,177.53,,166.08,
1392,6,Side,3.44,,84.97,84.97,179.87,,168.69,
1392,7,Side,0.77,,77.38,77.38,179.87,,164.15,
1392,8,Side,0.66,,79.78,79.78,178.69,,161.4,
1392,9,Side,3.16,,78.76,78.76,179.73,,157.93,
1392,10,Side,8.88,,73.43,73.43,179.93,,157.29,
1392,11,Side,17.38,,70.24,70.24,166.87,,161.55,
1392,12,Side,17.93,,68.95,68.95,172.39,,155.16,
1392,13,Side,12.77,,67.66,67.66,177.82,,152.31,
1392,14,Side,12.47,,67.65,67.65,176.22,,153.0,
1392,15,Side,16.11,,69.75,69.75,171.7,,162.06,
1392,16,Side,16.69,,67.48,67.48,174.86,,161.97,
1392,17,Side,15.56,,68.77,68.77,175.22,,162.99,
1392,18,Side,15.06,,70.03,70.03,174.8,,165.65,
1392,19,Side,12.93,,71.43,71.43,176.67,,165.43,
1392,20,Side,12.22,,72.74,72.74,177.56,,165.11,
1392,21,Side,11.47,,72.74,38.95,177.16,,167.83,
1392,22,Side,0.0,,87.89,53.51,173.95,,169.45,
1392,23,Side,11.81,,108.16,72.38,168.97,,168.09,
1392,24,Side,25.56,,120.26,84.47,179.56,,161.0,
1392,25,Side,30.56,,122.98,87.2,174.88,,158.65,
1392,26,Side,34.42,,133.72,99.07,179.83,,158.0,
1392,27,Side,38.4,,140.08,176.95,176.81,,156.64,
1392,28,Side,40.31,,138.31,177.49,168.8,,153.93,
1393,1,Side,65.47,55.53,169.0,166.26,150.92,178.39,172.5,155.21
1393,2,Side,64.61,53.05,168.69,162.67,145.46,178.33,178.88,160.23
1393,3,Side,65.93,50.82,165.13,158.9,145.97,179.32,174.74,156.12
1393,4,Side,63.58,48.14,166.78,155.12,143.32,176.61,177.9,159.5
1393,5,Side,59.05,42.66,171.25,145.32,136.22,176.8,178.04,159.44
1393,6,Side,49.27,35.67,177.21,133.38,127.51,173.21,173.34,161.53
1393,7,Side,7.46,30.37,98.83,124.48,122.32,173.89,171.21,160.13
1393,8,Side,0.62,26.89,96.68,122.61,113.76,169.23,166.11,164.69
1393,9,Side,12.35,15.01,75.69,103.64,110.6,169.65,163.65,164.66
1393,10,Side,23.12,7.13,62.6,87.61,106.5,173.17,162.83,160.76
1393,11,Side,30.31,0.64,82.39,82.39,102.44,168.51,159.58,165.3
1393,12,Side,35.7,2.53,76.16,76.16,99.4,170.34,161.13,161.1
1393,13,Side,38.71,4.64,72.44,72.44,97.21,173.04,162.87,155.37
1393,14,Side,42.85,8.57,67.17,67.17,94.79,170.35,160.89,157.84
1393,15,Side,47.34,12.11,60.63,60.63,93.58,166.68,160.8,161.33
1393,16,Side,48.6,12.35,57.99,57.99,93.43,168.08,161.18,160.4
1393,17,Side,54.66,16.88,54.72,54.72,93.23,170.14,160.77,160.1
1393,18,Side,82.89,17.02,57.72,58.39,91.26,170.14,159.67,160.1
1393,19,Side,88.07,16.65,53.59,53.97,90.61,169.02,157.61,162.29
1393,20,Side,86.97,17.83,55.63,54.86,90.1,167.83,158.03,162.31
1393,21,Side,86.55,19.51,55.63,55.81,91.06,169.92,158.87,161.84
1393,22,Side,86.12,20.22,54.16,52.33,92.57,170.59,160.96,159.21
1393,23,Side,85.38,19.44,49.83,49.67,92.59,169.75,159.23,162.14
1393,24,Side,84.22,18.16,46.2,45.78,93.59,171.66,159.79,161.08
1393,25,Side,84.67,21.17,45.96,43.75,92.59,171.66,159.23,161.08
1393,26,Side,84.57,22.66,48.02,44.11,91.6,171.66,158.68,161.08
1393,27,Side,84.66,20.92,53.98,48.31,91.06,172.52,157.14,162.08
1393,28,Side,88.16,18.75,52.13,50.25,90.53,173.37,156.61,162.08
1393,29,Side,89.13,15.58,53.13,51.92,91.48,174.2,156.61,162.11
1393,30,Side,85.68,20.59,54.6,56.86,92.53,173.47,157.14,162.11
1393,31,Side,82.79,20.42,58.44,61.69,92.0,172.62,156.56,163.12
1393,32,Side,81.71,18.97,62.86,68.52,92.57,172.46,157.65,161.63
1393,33,Side,53.21,14.5,71.84,71.84,92.17,170.54,158.21,162.14
1393,34,Side,50.21,10.75,73.54,73.54,91.22,171.36,158.21,161.12
1393,35,Side,44.59,6.88,77.46,77.46,91.79,168.6,156.73,164.18
1393,36,Side,39.15,4.02,81.77,81.77,96.45,167.73,157.6,166.25
1393,37,Side,31.91,0.26,85.54,85.54,102.12,167.57,160.54,166.17
1393,38,Side,26.73,3.97,92.48,92.48,104.9,168.97,161.67,164.97
1393,39,Side,21.49,9.27,71.88,96.74,108.75,170.95,163.48,165.09
1393,40,Side,12.95,16.18,80.01,105.27,113.88,173.2,165.9,163.9
1393,41,Side,4.86,21.99,86.95,113.85,118.8,174.15,168.61,162.89
1393,42,Side,3.1,29.03,96.3,122.3,122.3,175.94,168.77,163.52
1393,43,Side,11.34,34.89,105.53,130.43,126.55,175.62,171.4,163.07
1393,44,Side,21.33,41.54,116.04,141.37,133.35,176.15,174.57,162.85
1393,45,Side,28.32,47.57,124.96,151.38,136.82,178.02,176.2,161.86
1393,46,Side,26.34,46.41,122.01,147.33,137.74,179.84,178.21,159.74
1393,47,Side,57.35,49.57,171.38,151.89,136.79,179.26,179.18,157.68
1393,48,Side,58.8,53.95,166.64,160.68,136.52,179.43,179.85,156.67
1393,49,Side,58.45,55.5,169.84,162.57,135.27,178.78,179.85,155.68
1394,1,Side,,59.77,169.07,169.07,,165.82,,163.61
1394,2,Side,,53.37,162.36,162.36,,167.92,,163.21
1394,3,Side,,49.4,155.45,155.45,,167.92,,160.59
1394,4,Side,,42.99,147.42,147.42,,169.24,,160.15
1394,5,Side,,37.8,136.74,136.74,,169.61,,157.85
1394,6,Side,,32.28,128.42,128.42,,171.18,,158.26
1394,7,Side,,24.49,115.05,115.05,,171.51,,159.25
1394,8,Side,,15.71,102.81,102.81,,171.7,,159.2
1394,9,Side,,9.12,92.29,92.29,,174.45,,159.2
1394,10,Side,,1.12,81.51,81.51,,175.55,,159.44
1394,11,Side,,0.91,78.15,78.15,,177.41,,159.88
1394,12,Side,,6.84,68.96,68.96,,178.1,,161.79
1394,13,Side,,9.64,67.44,67.44,,178.78,,163.01
1394,14,Side,,8.87,66.73,66.73,,178.02,,163.01
1394,15,Side,,11.55,63.29,63.29,,178.41,,164.02
1394,16,Side,,8.45,64.66,64.66,,177.9,,165.92
1394,17,Side,,6.63,68.77,68.77,,176.83,,164.89
1394,18,Side,,5.87,68.77,68.77,,175.95,,165.78
1394,19,Side,,4.46,71.05,71.05,,172.34,,163.69
1394,20,Side,,4.45,71.05,71.05,,172.17,,163.53
1394,21,Side,,5.71,69.67,69.67,,170.36,,162.48
1394,22,Side,,1.91,71.16,71.16,,169.51,,162.38
1394,23,Side,,1.16,74.98,74.98,,170.26,,163.17
1394,24,Side,,3.06,76.89,76.89,,170.45,,164.17
1394,25,Side,,6.6,78.17,78.17,,168.66,,162.29
1394,26,Side,,14.52,89.26,89.26,,171.07,,161.35
1394,27,Side,,22.05,102.04,102.04,,173.41,,164.24
1394,28,Side,,28.3,115.56,115.56,,175.5,,165.98
1394,29,Side,,30.7,117.04,117.04,,175.3,,166.92
1394,30,Side,,35.68,126.41,126.41,,177.33,,168.53
1394,31,Side,,39.32,130.94,130.94,,176.85,,167.54
1394,32,Side,,43.62,142.49,142.49,,176.31,,168.64
1394,33,Side,,48.1,149.41,149.41,,174.85,,168.01
1394,34,Side,,51.6,156.04,156.04,,175.64,,172.58
1394,35,Side,,52.3,159.13,159.13,,174.4,,172.86
1394,36,Side,,57.0,164.04,164.04,,172.38,,173.36
1395,1,Side,62.97,,178.67,178.67,173.3,,159.67,
1395,2,Side,55.74,,165.65,165.65,173.11,,158.64,
1395,3,Side,49.41,,156.14,156.14,172.09,,157.22,
1395,4,Side,40.86,,142.71,142.71,172.03,,156.22,
1395,5,Side,30.96,,127.15,127.15,174.9,,157.91,
1395,6,Side,22.17,,113.53,113.53,179.45,,159.13,
1395,7,Side,15.3,,103.64,103.64,176.93,,156.2,
1395,8,Side,6.87,,92.71,92.71,176.62,,157.42,
1395,9,Side,0.78,,84.39,84.39,177.15,,158.68,
1395,10,Side,5.77,,73.08,73.08,171.27,,155.66,
1395,11,Side,4.03,,74.36,74.36,171.38,,155.66,
1395,12,Side,11.15,,65.63,65.63,170.53,,153.87,
1395,13,Side,5.13,,72.45,72.45,168.65,,151.86,
1395,14,Side,12.34,,63.13,63.13,168.06,,155.96,
1395,15,Side,16.96,,62.86,62.86,168.83,,156.17,
1395,16,Side,16.95,,66.3,66.3,170.48,,156.17,
1395,17,Side,15.75,,68.31,68.31,172.34,,158.19,
1395,18,Side,18.29,,69.74,69.74,171.5,,156.39,
1395,19,Side,6.99,,81.48,81.48,169.66,,156.32,
1395,20,Side,1.64,,87.88,87.88,169.33,,157.57,
1395,21,Side,1.57,,90.26,90.26,163.4,,151.27,
1395,22,Side,3.76,,90.34,90.34,166.28,,156.49,
1395,23,Side,6.12,,91.88,91.88,164.48,,156.49,
1395,24,Side,5.53,,85.4,85.4,161.22,,152.83,
1395,25,Side,9.34,,89.26,89.26,165.39,,157.77,
1395,26,Side,13.79,,94.31,94.31,165.31,,155.69,
1395,27,Side,23.21,,107.69,107.69,165.51,,157.3,
1395,28,Side,34.8,,129.91,129.91,168.26,,159.27,
1395,29,Side,42.55,,142.31,142.31,169.08,,158.34,
1395,30,Side,47.73,,150.26,150.26,169.99,,157.46,
1395,31,Side,52.89,,162.77,162.77,172.73,,157.53,
1395,32,Side,53.95,,166.92,166.92,174.68,,160.03,
1395,33,Side,58.45,,175.21,175.21,174.54,,160.54,
1395,34,Side,61.13,,179.91,179.91,175.22,,160.95,
1396,1,Side,46.23,,178.18,142.77,150.71,,110.28,
1396,2,Side,43.5,,167.34,144.59,140.78,,110.28,
1396,3,Side,38.59,,156.01,141.52,139.4,,110.28,
1396,4,Side,30.7,,150.91,143.34,146.62,,112.15,
1396,5,Side,30.66,,138.01,135.9,138.96,,112.15,
1396,6,Side,27.8,,132.4,128.66,142.15,,110.92,
1396,7,Side,24.15,,124.66,119.63,151.53,,120.32,
1396,8,Side,32.91,,111.6,108.03,137.61,,117.63,
1396,9,Side,23.7,,104.04,99.94,153.45,,126.62,
1396,10,Side,13.6,,93.77,92.94,175.84,,143.59,
1396,11,Side,31.43,,108.43,87.35,166.8,,140.24,
1396,12,Side,3.95,,86.51,99.95,158.94,,162.5,
1396,13,Side,13.49,,100.97,85.91,151.72,,171.25,
1396,14,Side,6.24,,77.57,78.79,137.65,,178.59,
1396,15,Side,9.25,,85.19,74.6,131.6,,175.84,
1396,16,Side,8.52,,74.16,70.66,140.72,,173.2,
1396,17,Side,12.11,,73.36,64.15,140.36,,178.92,
1396,18,Side,19.57,,73.36,63.29,124.14,,165.06,
1396,19,Side,16.88,,73.36,63.29,125.15,,163.4,
1396,20,Side,27.09,,73.36,59.35,107.57,,156.01,
1396,21,Side,33.74,,69.87,74.32,102.13,,154.64,
1396,22,Side,32.38,,70.77,75.74,106.23,,157.37,
1396,23,Side,27.14,,70.77,75.74,114.55,,160.45,
1396,24,Side,21.55,,72.28,75.74,123.61,,163.94,
1396,25,Side,22.7,,70.77,75.43,127.7,,169.17,
1396,26,Side,12.35,,73.36,77.93,140.72,,174.42,
1396,27,Side,10.06,,74.87,86.9,140.55,,168.57,
1396,28,Side,11.14,,72.92,79.09,143.04,,163.02,
1396,29,Side,13.02,,75.51,80.52,143.21,,174.18,
1396,30,Side,11.25,,75.51,85.6,145.95,,175.15,
1396,31,Side,0.32,,75.51,80.52,163.01,,179.36,
1396,32,Side,1.76,,75.51,80.52,165.75,,178.05,
1396,33,Side,1.45,,81.03,76.83,164.19,,176.7,
1396,34,Side,0.15,,78.74,77.68,167.01,,175.31,
1396,35,Side,1.56,,81.56,83.56,169.84,,173.89,
1396,36,Side,5.67,,84.29,84.99,177.47,,167.64,
1396,37,Side,7.03,,84.29,85.2,175.55,,177.44,
1396,38,Side,8.37,,84.29,96.99,178.43,,175.9,
1396,39,Side,13.71,,84.29,94.21,169.66,,169.33,
1396,40,Side,13.71,,87.02,95.79,170.72,,167.66,
1396,41,Side,14.97,,87.02,92.91,167.76,,165.96,
1396,42,Side,16.21,,87.02,92.91,164.8,,164.24,
1396,43,Side,17.42,,87.02,92.91,161.84,,162.5,
1396,44,Side,21.32,,89.73,94.46,153.76,,155.6,
1396,45,Side,25.17,,92.12,94.46,150.84,,153.84,
1396,46,Side,26.3,,92.12,94.46,153.04,,164.09,
1396,47,Side,27.41,,88.67,91.51,150.14,,162.29,
1396,48,Side,28.49,,88.67,88.53,147.26,,160.49,
1396,49,Side,32.2,,91.32,93.01,139.42,,153.71,
1396,50,Side,33.03,,94.57,88.12,138.11,,149.98,
1396,51,Side,38.18,,98.4,88.22,126.97,,143.28,
1396,52,Side,40.55,,101.19,92.86,118.25,,134.15,
1396,53,Side,48.28,,101.19,92.86,119.47,,143.1,
1396,54,Side,50.97,,106.49,83.39,117.43,,138.44,
1396,55,Side,58.27,,112.71,88.48,106.87,,128.96,
1396,56,Side,60.26,,117.35,97.22,105.95,,125.39,
1396,57,Side,60.49,,121.53,99.95,107.62,,116.2,
1396,58,Side,58.24,,123.47,105.75,111.8,,116.2,
1396,59,Side,60.77,,133.56,99.07,108.7,,110.21,
1396,60,Side,57.89,,143.13,111.04,116.2,,108.43,
1396,61,Side,48.3,,139.97,126.57,125.36,,108.43,
1396,62,Side,50.06,,144.46,133.84,125.36,,108.43,
1396,63,Side,51.91,,146.31,137.05,125.36,,108.43,
1396,64,Side,57.03,,174.21,126.53,131.48,,110.21,
1397,1,Side,56.31,,154.44,140.66,153.84,,148.1,
1397,2,Side,54.27,,150.32,137.79,156.37,,150.63,
1397,3,Side,51.93,,146.1,137.54,157.36,,149.04,
1397,4,Side,50.79,,146.02,136.4,159.39,,147.64,
1397,5,Side,50.52,,143.0,135.22,162.9,,151.23,
1397,6,Side,41.23,,128.66,135.84,164.33,,153.38,
1397,7,Side,38.34,,119.92,130.86,164.26,,151.03,
1397,8,Side,32.85,,112.84,125.82,169.06,,147.41,
1397,9,Side,29.68,,105.03,120.19,157.97,,125.29,
1397,10,Side,28.28,,97.73,114.73,161.48,,127.54,
1397,11,Side,24.75,,92.95,157.83,179.9,,147.5,
1397,12,Side,18.66,,85.45,152.97,167.67,,157.49,
1397,13,Side,12.7,,81.34,133.41,154.92,,166.73,
1397,14,Side,7.38,,83.77,122.06,137.21,,174.54,
1397,15,Side,1.04,,79.77,119.09,128.21,,179.66,
1397,16,Side,8.04,,72.57,99.36,120.59,,175.51,
1397,17,Side,6.9,,73.24,90.18,119.85,,174.87,
1397,18,Side,17.53,,70.43,80.05,106.98,,168.19,
1397,19,Side,19.87,,69.46,69.77,107.33,,170.26,
1397,20,Side,22.37,,69.53,55.23,104.0,,166.26,
1397,21,Side,27.16,,67.75,49.3,103.39,,168.43,
1397,22,Side,26.43,,68.2,44.38,103.73,,166.68,
1397,23,Side,33.62,,67.59,46.52,100.95,,166.77,
1397,24,Side,32.68,,57.06,46.52,112.59,,165.95,
1397,25,Side,31.52,,56.7,49.77,114.29,,164.45,
1397,26,Side,28.61,,57.96,46.52,122.07,,166.47,
1397,27,Side,24.75,,57.66,51.06,125.37,,168.02,
1397,28,Side,22.28,,60.57,55.36,127.33,,170.94,
1397,29,Side,18.98,,61.06,51.43,129.7,,170.67,
1397,30,Side,16.46,,62.1,56.24,131.43,,173.42,
1397,31,Side,13.39,,63.43,59.36,136.14,,177.66,
1397,32,Side,12.02,,63.37,78.0,137.18,,176.66,
1397,33,Side,10.73,,63.33,80.24,139.36,,178.57,
1397,34,Side,9.33,,64.34,67.53,141.71,,179.63,
1397,35,Side,11.92,,64.39,71.88,137.03,,177.14,
1397,36,Side,9.54,,66.4,76.08,141.11,,178.53,
1397,37,Side,2.25,,70.41,104.43,150.15,,174.63,
1397,38,Side,8.77,,78.99,112.71,168.52,,165.03,
1397,39,Side,15.3,,85.17,121.64,177.46,,158.75,
1397,40,Side,22.49,,92.03,127.28,169.33,,147.54,
1397,41,Side,29.91,,96.67,96.34,150.09,,131.3,
1397,42,Side,23.62,,114.78,108.89,172.11,,150.13,
1397,43,Side,23.29,,117.74,114.06,167.09,,154.05,
1397,44,Side,27.74,,129.04,119.83,168.05,,157.43,
1397,45,Side,27.96,,135.38,124.59,163.06,,161.26,
1397,46,Side,32.54,,142.74,131.26,168.01,,159.41,
1397,47,Side,37.95,,146.8,133.28,174.42,,160.91,
1397,48,Side,41.1,,144.84,135.71,177.79,,159.19,
1397,49,Side,42.31,,147.21,138.06,175.95,,157.35,
1397,50,Side,45.29,,151.22,140.06,173.65,,158.69,
1397,51,Side,48.35,,155.17,141.16,172.26,,160.87,
1398,1,Side,52.25,72.82,170.69,87.96,173.32,147.03,167.52,164.92
1398,2,Side,50.81,72.25,169.05,88.99,171.42,145.52,166.68,163.82
1398,3,Side,47.88,71.89,166.26,90.51,168.42,144.94,167.39,163.64
1398,4,Side,45.25,71.75,162.24,91.39,167.55,145.39,167.32,165.05
1398,5,Side,42.33,71.32,159.32,90.29,164.62,145.39,167.92,163.49
1398,6,Side,39.79,69.29,157.16,89.69,162.73,142.19,169.39,163.81
1398,7,Side,38.42,67.88,154.98,91.35,162.18,140.76,166.33,163.57
1398,8,Side,35.54,73.93,151.97,84.01,160.03,142.5,165.19,160.04
1398,9,Side,34.46,13.52,148.69,81.71,160.79,144.21,164.12,157.18
1398,10,Side,31.1,18.4,141.82,74.93,160.6,145.7,161.94,153.33
1398,11,Side,29.74,24.56,140.14,71.06,161.67,142.09,159.13,153.74
1398,12,Side,26.24,29.78,135.95,68.38,161.71,137.58,158.14,155.71
1398,13,Side,20.49,30.96,127.3,65.01,162.34,139.35,157.74,156.13
1398,14,Side,14.85,34.57,120.96,59.3,161.6,140.75,159.42,157.03
1398,15,Side,5.69,36.66,110.38,56.58,161.49,140.84,160.06,158.29
1398,16,Side,3.22,40.14,100.74,50.81,161.48,142.44,159.9,158.99
1398,17,Side,14.11,41.5,85.88,47.68,166.23,143.42,159.38,159.96
1398,18,Side,22.31,42.75,76.7,44.1,168.73,145.8,159.12,159.39
1398,19,Side,27.69,44.42,68.27,38.79,170.27,148.81,158.23,159.09
1398,20,Side,34.78,42.65,60.2,37.42,173.54,151.38,156.58,159.0
1398,21,Side,33.42,42.94,59.7,35.8,175.17,152.11,156.64,159.43
1398,22,Side,34.47,43.69,57.09,36.24,177.5,152.11,154.69,160.37
1398,23,Side,37.68,44.01,53.81,34.49,178.38,153.54,156.34,160.87
1398,24,Side,39.02,44.26,50.72,32.86,180.0,163.62,155.14,145.29
1398,25,Side,38.95,45.36,52.35,30.66,179.29,165.24,155.91,145.05
1398,26,Side,40.25,46.7,50.35,30.69,179.95,164.37,155.08,144.57
1398,27,Side,39.02,47.34,52.35,30.7,179.18,164.37,152.13,143.38
1398,28,Side,39.02,48.01,50.72,30.02,179.18,164.37,150.45,141.92
1398,29,Side,39.02,47.34,50.72,30.05,179.94,165.0,146.02,139.26
1398,30,Side,39.02,48.01,50.72,30.02,179.94,165.0,144.0,137.81
1398,31,Side,39.7,48.07,50.89,30.7,178.46,160.26,139.38,138.55
1398,32,Side,40.2,49.52,50.44,30.02,178.41,159.48,138.29,136.47
1398,33,Side,40.2,46.78,50.44,33.06,178.41,156.8,139.6,139.55
1398,34,Side,38.04,45.98,50.24,33.06,176.88,157.15,141.43,141.7
1398,35,Side,38.04,45.44,50.24,32.97,176.8,157.15,143.89,142.11
1398,36,Side,38.04,46.33,48.67,32.24,176.71,156.33,146.28,140.89
1398,37,Side,38.04,43.83,48.67,33.96,177.58,158.35,149.62,140.05
1398,38,Side,38.67,43.83,48.85,33.96,176.04,158.35,151.27,141.71
1398,39,Side,38.67,43.39,48.85,33.8,176.04,154.37,153.3,152.97
1398,40,Side,40.14,43.39,48.95,33.8,175.92,153.75,155.51,155.9
1398,41,Side,40.42,43.04,49.41,34.91,176.58,152.41,157.38,157.77
1398,42,Side,38.23,42.24,51.6,33.58,175.89,155.16,156.69,158.02
1398,43,Side,36.67,21.4,53.91,23.16,176.64,173.59,156.69,158.02
1398,44,Side,34.98,20.35,56.35,23.65,176.61,173.59,155.9,158.7
1398,45,Side,29.64,20.62,64.73,25.14,178.1,175.35,156.15,159.39
1398,46,Side,27.31,19.58,66.17,25.07,178.85,174.72,156.15,158.76
1398,47,Side,18.86,19.05,76.01,26.82,179.55,176.42,155.37,159.61
1398,48,Side,10.44,19.3,86.63,29.17,179.02,179.02,154.0,159.61
1398,49,Side,7.59,19.03,108.43,33.86,175.25,177.2,155.66,159.67
1398,50,Side,22.97,28.75,128.55,128.55,172.97,174.23,154.89,159.03
1398,51,Side,30.86,35.2,139.22,139.22,170.19,169.32,155.73,160.23
1398,52,Side,38.05,105.38,147.35,133.96,171.54,154.62,154.48,158.47
1398,53,Side,42.5,104.04,152.7,136.74,171.17,157.88,155.41,157.3
1398,54,Side,47.05,105.76,160.35,70.61,171.29,163.98,154.79,154.09
1398,55,Side,46.94,109.98,161.57,71.05,171.43,169.47,155.07,151.65
1398,56,Side,47.89,119.48,165.28,69.57,170.12,177.85,156.93,150.83
1398,57,Side,49.17,78.27,169.1,100.1,168.85,168.25,159.55,150.87
1398,58,Side,54.66,104.72,173.92,96.7,172.15,163.38,161.49,151.59
1398,59,Side,56.95,108.43,174.94,95.74,173.18,160.59,164.1,151.74
1398,60,Side,59.88,112.9,177.8,91.95,175.5,159.49,164.85,153.19
1399,1,Front/Back,179.98,179.97,179.97,179.97,179.97,179.97,179.97,179.97
1399,2,Front/Back,180.0,163.23,143.69,143.69,166.94,163.23,158.05,145.83
1399,3,Front/Back,178.33,163.23,141.42,141.42,178.32,163.23,159.4,145.83
1399,4,Front/Back,169.94,159.2,141.27,141.27,161.39,159.2,152.02,140.56
1399,5,Front/Back,167.88,162.66,139.42,139.42,161.1,162.66,153.43,140.56
1399,6,Front/Back,167.88,158.8,139.42,139.42,155.84,158.8,145.23,129.99
1399,7,Front/Back,162.73,165.89,137.67,137.67,149.67,165.87,144.53,143.27
1399,8,Front/Back,162.73,162.19,136.02,136.02,141.74,162.19,133.48,132.9
1399,9,Front/Back,112.62,127.9,131.35,115.64,137.43,148.27,129.78,146.09
1399,10,Front/Back,106.57,112.41,127.8,106.17,129.81,145.59,126.68,138.86
1399,11,Front/Back,99.61,112.37,125.21,99.95,125.35,129.97,125.32,132.45
1399,12,Front/Back,93.18,107.52,123.38,95.57,119.27,144.94,121.56,145.05
1399,13,Front/Back,88.72,107.52,124.45,92.6,116.82,140.95,129.11,143.94
1399,14,Front/Back,84.41,96.54,122.97,84.34,112.38,128.95,127.39,140.54
1399,15,Front/Back,67.68,91.67,122.82,79.38,124.86,127.86,153.59,140.26
1399,16,Front/Back,76.85,81.09,122.39,75.37,110.46,118.28,127.05,131.78
1399,17,Front/Back,74.58,83.71,122.39,72.14,110.06,101.03,129.01,108.89
1399,18,Front/Back,72.06,79.13,122.03,67.12,108.01,97.44,124.43,108.89
1399,19,Front/Back,66.1,72.42,120.78,63.77,107.71,92.88,128.92,103.65
1399,20,Front/Back,68.05,67.4,121.06,65.1,107.16,89.05,126.84,103.64
1399,21,Front/Back,66.9,64.68,119.19,62.51,105.69,86.49,124.65,101.87
1399,22,Front/Back,65.67,61.52,118.91,60.33,106.93,85.41,127.03,103.02
1399,23,Front/Back,67.37,55.89,121.69,60.4,108.07,92.18,127.13,118.3
1399,24,Front/Back,65.52,55.75,121.49,60.02,109.22,90.72,129.93,116.29
1399,25,Front/Back,64.32,54.66,121.15,60.6,103.65,91.96,125.04,117.77
1399,26,Front/Back,63.24,74.95,120.9,69.98,100.88,101.28,125.95,115.69
1399,27,Front/Back,61.7,76.48,118.53,72.3,99.97,102.81,123.9,115.69
1399,28,Front/Back,63.68,77.57,119.65,73.99,102.58,104.1,125.65,121.63
1399,29,Front/Back,65.34,62.02,121.31,67.8,105.52,96.4,121.93,124.12
1399,30,Front/Back,67.24,80.14,122.33,75.12,108.56,106.96,124.08,124.48
1399,31,Front/Back,69.76,81.21,123.0,75.99,111.14,106.96,124.9,124.48
1399,32,Front/Back,69.67,88.65,121.69,81.64,109.47,107.64,122.14,121.84
1399,33,Front/Back,71.37,88.08,121.58,81.07,111.28,108.1,122.14,121.63
1399,34,Front/Back,69.65,96.56,119.36,88.13,113.94,109.86,124.46,123.54
1399,35,Front/Back,74.05,102.16,119.45,91.98,115.52,111.61,121.97,123.62
1399,36,Front/Back,77.04,107.21,118.97,94.09,116.62,119.11,127.9,108.37
1399,37,Front/Back,81.86,122.73,120.49,104.54,119.58,123.64,127.87,109.39
1399,38,Front/Back,82.89,130.46,121.52,114.58,126.25,133.38,133.05,129.42
1399,39,Front/Back,92.36,144.76,125.23,130.4,139.63,150.37,136.93,141.11
1399,40,Front/Back,103.28,166.5,129.27,136.02,143.32,147.99,142.78,119.86
1399,41,Front/Back,157.01,151.08,137.65,137.65,152.52,151.08,147.03,137.71
1399,42,Front/Back,158.97,151.82,139.33,139.33,158.96,151.82,152.14,135.3
1399,43,Front/Back,164.25,152.61,139.35,139.35,164.25,152.61,165.53,138.19
1399,44,Front/Back,165.84,151.09,141.27,141.27,165.84,151.09,169.26,139.34
1399,45,Front/Back,167.69,151.89,143.24,143.24,167.69,151.89,168.29,148.73
1399,46,Front/Back,162.65,151.89,143.69,143.69,162.65,151.89,171.03,138.19
1399,47,Front/Back,158.75,167.73,143.69,143.69,158.75,167.73,180.0,140.56
1399,48,Front/Back,153.44,163.9,143.69,143.69,153.44,163.9,180.0,142.22
1400,1,Side,,58.36,84.22,162.49,,173.74,,177.97
1400,2,Side,,53.71,80.18,154.98,,175.31,,179.82
1400,3,Side,,49.49,71.51,142.3,,169.77,,172.71
1400,4,Side,,45.72,65.3,134.42,,168.05,,170.02
1400,5,Side,,40.4,57.6,122.68,,168.17,,169.16
1400,6,Side,,33.26,54.17,120.76,,170.05,,168.31
1400,7,Side,,31.98,40.62,111.49,,164.94,,162.87
1400,8,Side,,21.02,31.51,98.65,,165.04,,154.92
1400,9,Side,,17.29,93.07,93.07,,163.55,,153.06
1400,10,Side,,12.02,79.58,79.58,,160.04,,152.57
1400,11,Side,,6.48,92.94,76.44,,153.88,,135.61
1400,12,Side,,4.22,93.88,76.86,,155.54,,137.02
1400,13,Side,,4.6,95.11,75.25,,149.11,,136.02
1400,14,Side,,5.14,92.62,77.18,,150.5,,136.02
1400,15,Side,,5.09,90.11,77.44,,152.25,,140.16
1400,16,Side,,6.97,91.15,79.09,,152.25,,142.0
1400,17,Side,,5.09,69.44,77.44,,154.32,,145.2
1400,18,Side,,5.69,71.57,79.12,,155.88,,144.85
1400,19,Side,,6.77,66.8,79.12,,152.25,,146.5
1400,20,Side,,10.77,52.83,78.63,,156.01,,154.65
1400,21,Side,,11.02,39.27,78.56,,155.7,,154.65
1400,22,Side,,8.27,46.4,77.3,,152.12,,152.47
1400,23,Side,,8.91,38.94,79.33,,153.51,,152.47
1400,24,Side,,10.44,89.91,77.31,,149.98,,150.32
1400,25,Side,,10.57,90.18,75.3,,149.36,,150.17
1400,26,Side,,11.59,77.01,77.01,,152.15,,150.17
1400,27,Side,,16.34,85.02,85.02,,151.13,,150.26
1400,28,Side,,18.76,27.53,88.9,,154.52,,148.87
1400,29,Side,,21.73,30.74,93.15,,149.68,,142.31
1400,30,Side,,23.99,34.21,94.82,,152.46,,147.74
1400,31,Side,,28.82,42.66,106.89,,155.45,,149.88
1400,32,Side,,31.07,45.53,116.04,,160.18,,152.05
1400,33,Side,,36.38,55.34,125.16,,159.68,,152.1
1400,34,Side,,40.86,65.45,138.99,,165.51,,155.09
1400,35,Side,,39.19,64.77,136.45,,166.84,,157.38
1400,36,Side,,44.22,135.47,142.13,,165.29,,161.95
1400,37,Side,,47.17,142.73,151.45,,163.07,,159.95
1400,38,Side,,48.34,148.5,154.59,,162.87,,162.22
1400,39,Side,,49.83,148.5,154.59,,159.44,,160.28
1401,1,Side,,37.17,147.53,154.34,,179.57,,151.26
1401,2,Side,,33.78,142.35,150.88,,176.76,,153.49
1401,3,Side,,30.96,137.96,146.24,,174.79,,155.46
1401,4,Side,,29.43,133.77,141.68,,174.09,,157.46
1401,5,Side,,26.57,128.78,136.91,,176.1,,152.23
1401,6,Side,,25.44,122.47,128.91,,179.16,,155.16
1401,7,Side,,20.25,121.18,124.29,,176.09,,157.9
1401,8,Side,,21.35,118.3,119.48,,172.49,,151.48
1401,9,Side,,13.04,115.41,111.37,,179.58,,156.83
1401,10,Side,,9.47,112.52,106.26,,179.95,,157.21
1401,11,Side,,6.7,118.14,107.12,,177.24,,155.71
1401,12,Side,,5.47,118.17,106.56,,175.82,,155.71
1401,13,Side,,2.71,114.18,103.87,,176.14,,154.49
1401,14,Side,,1.33,108.72,96.34,,176.93,,156.16
1401,15,Side,,3.82,104.67,93.85,,176.93,,154.68
1401,16,Side,,7.43,58.22,88.91,,175.6,,153.22
1401,17,Side,,4.18,54.55,87.56,,173.1,,153.38
1401,18,Side,,4.85,63.91,85.65,,171.86,,153.38
1401,19,Side,,3.39,63.91,84.89,,163.28,,149.19
1401,20,Side,,3.88,66.5,84.05,,162.92,,149.19
1401,21,Side,,1.91,80.82,88.99,,167.94,,150.9
1401,22,Side,,0.04,69.21,90.94,,165.63,,148.58
1401,23,Side,,1.47,65.05,84.45,,165.01,,150.03
1401,24,Side,,1.28,63.18,82.17,,164.82,,150.03
1401,25,Side,,0.99,63.18,82.15,,162.73,,145.75
1401,26,Side,,0.99,58.08,79.86,,162.73,,145.01
1401,27,Side,,2.73,60.57,83.88,,160.67,,142.94
1401,28,Side,,3.36,60.57,88.05,,162.94,,141.48
1401,29,Side,,3.36,61.31,88.05,,162.62,,142.04
1401,30,Side,,5.39,70.17,92.37,,158.83,,136.68
1401,31,Side,,5.39,65.4,92.37,,158.37,,137.08
1401,32,Side,,4.1,60.34,96.36,,159.95,,137.54
1401,33,Side,,6.63,62.07,98.75,,157.95,,135.69
1401,34,Side,,7.92,58.36,103.49,,162.59,,143.6
1401,35,Side,,9.19,60.27,106.08,,161.08,,136.18
1401,36,Side,,13.51,117.45,112.09,,162.8,,137.35
1401,37,Side,,13.51,118.41,111.67,,162.34,,139.3
1401,38,Side,,15.43,121.11,114.92,,165.47,,142.72
1401,39,Side,,15.43,122.56,114.53,,165.88,,144.8
1401,40,Side,,16.7,122.53,115.13,,167.28,,144.8
1401,41,Side,,18.72,34.61,118.65,,169.17,,146.89
1401,42,Side,,19.82,39.94,120.96,,172.39,,152.68
1401,43,Side,,21.51,45.51,124.93,,178.14,,155.91
1401,44,Side,,23.53,50.28,128.18,,179.58,,157.27
1401,45,Side,,24.55,52.58,128.94,,178.44,,159.43
1401,46,Side,,24.99,55.86,130.63,,174.94,,161.26
1401,47,Side,,26.69,58.8,132.27,,176.63,,161.57
1401,48,Side,,28.54,58.92,131.62,,176.85,,159.89
1401,49,Side,,30.75,61.2,132.19,,178.1,,160.26
1401,50,Side,,35.14,122.01,134.73,,176.32,,156.53
1402,1,Side,60.13,,168.27,122.57,173.15,,155.25,
1402,2,Side,62.46,,170.31,115.96,172.25,,149.91,
1402,3,Side,59.26,,163.17,114.03,170.13,,146.85,
1402,4,Side,56.63,,154.07,108.84,167.42,,142.67,
1402,5,Side,51.11,,145.32,111.96,172.22,,151.48,
1402,6,Side,38.95,,128.22,128.22,175.82,,155.76,
1402,7,Side,29.71,,116.55,116.55,179.52,,157.53,
1402,8,Side,21.21,,105.14,105.14,176.78,,158.7,
1402,9,Side,18.9,,108.13,108.13,172.44,,158.84,
1402,10,Side,7.62,,95.03,95.03,171.38,,157.54,
1402,11,Side,5.62,,88.96,88.96,171.32,,160.15,
1402,12,Side,0.78,,83.9,83.9,171.72,,158.05,
1402,13,Side,3.99,,79.26,79.26,170.25,,159.33,
1402,14,Side,4.66,,73.4,73.4,174.31,,159.07,
1402,15,Side,6.25,,71.93,35.87,174.19,,158.5,
1402,16,Side,8.12,,66.42,34.38,174.3,,159.45,
1402,17,Side,9.63,,64.15,35.56,175.11,,157.67,
1402,18,Side,10.49,,67.62,26.47,170.43,,159.17,
1402,19,Side,12.08,,66.61,28.1,170.4,,158.88,
1402,20,Side,12.14,,64.46,30.48,173.04,,159.77,
1402,21,Side,13.7,,62.75,27.9,173.77,,158.58,
1402,22,Side,13.49,,65.11,27.66,171.92,,160.67,
1402,23,Side,10.12,,74.48,25.35,171.64,,159.8,
1402,24,Side,4.79,,81.69,81.69,165.32,,169.83,
1402,25,Side,1.11,,86.38,86.38,166.32,,169.03,
1402,26,Side,3.26,,89.35,89.35,169.81,,169.23,
1402,27,Side,1.63,,88.99,88.99,170.43,,169.38,
1402,28,Side,13.98,,98.35,98.35,176.84,,165.31,
1402,29,Side,19.34,,106.85,106.85,175.11,,166.27,
1402,30,Side,21.09,,110.53,46.2,177.3,,163.05,
1402,31,Side,25.11,,113.96,49.64,179.68,,162.28,
1402,32,Side,32.43,,122.88,57.32,177.63,,160.62,
1402,33,Side,31.55,,121.27,55.71,174.25,,157.97,
1402,34,Side,34.28,,119.9,58.19,172.26,,157.14,
1402,35,Side,40.47,,127.71,64.71,170.84,,161.26,
1402,36,Side,43.76,,129.4,65.83,170.95,,162.58,
1402,37,Side,48.53,,141.27,74.54,172.12,,164.38,
1402,38,Side,52.49,,147.0,78.91,170.73,,165.1,
1402,39,Side,55.37,,152.46,83.03,164.1,,152.37,
1402,40,Side,57.18,,155.82,86.48,160.36,,148.94,
1402,41,Side,62.77,,167.01,164.05,162.11,,147.88,
1402,42,Side,62.66,,168.27,170.23,162.24,,146.63,
1402,43,Side,59.05,,161.26,178.4,159.16,,146.33,
1403,1,Side,65.76,37.72,,,86.97,91.69,148.29,95.31
1403,2,Side,62.12,35.59,,,90.45,100.63,147.74,102.56
1403,3,Side,62.83,36.43,,,88.4,101.62,146.6,105.37
1403,4,Side,62.78,38.08,,,89.26,97.5,147.72,104.63
1403,5,Side,62.78,38.08,,,86.62,93.68,142.48,99.04
1403,6,Side,61.41,37.59,,,85.4,98.26,141.4,105.3
1403,7,Side,60.62,39.66,,,88.23,103.41,142.31,111.99
1403,8,Side,61.17,35.87,,,93.78,118.18,152.52,126.37
1403,9,Side,60.65,39.96,,,94.73,114.44,156.34,130.09
1403,10,Side,57.45,41.19,,,96.94,113.2,151.72,127.73
1403,11,Side,53.23,41.05,,,104.77,140.57,159.34,178.0
1403,12,Side,48.62,44.11,,,115.64,136.36,166.24,178.97
1403,13,Side,35.07,39.64,,,128.48,138.58,167.6,174.88
1403,14,Side,28.92,36.79,,,135.0,139.16,167.84,177.35
1403,15,Side,22.14,37.12,,,141.31,133.93,170.36,179.46
1403,16,Side,15.82,38.59,,,155.42,163.99,174.71,178.74
1403,17,Side,13.29,37.8,,,161.47,166.61,179.3,178.74
1403,18,Side,14.74,37.61,,,165.26,170.83,174.69,178.81
1403,19,Side,17.56,39.75,,,164.66,141.64,175.64,179.76
1403,20,Side,16.55,37.77,,,169.81,147.77,175.5,179.79
1403,21,Side,16.96,39.2,,,169.6,145.66,175.5,178.95
1403,22,Side,18.24,40.73,,,166.68,142.48,175.5,178.95
1403,23,Side,19.89,44.09,,,165.01,137.23,175.51,177.05
1403,24,Side,22.96,46.01,,,161.94,136.21,175.38,178.0
1403,25,Side,25.85,47.04,,,155.19,132.28,176.4,176.31
1403,26,Side,33.97,56.11,,,148.73,127.79,179.73,177.18
1403,27,Side,32.91,46.97,,,137.46,133.03,168.97,178.09
1403,28,Side,36.87,43.99,,,132.51,137.07,170.71,178.94
1403,29,Side,43.03,46.97,,,120.51,130.64,163.54,173.92
1403,30,Side,49.67,46.55,,,112.65,135.0,159.41,176.42
1403,31,Side,56.6,47.63,,,103.67,112.16,155.96,130.22
1403,32,Side,59.24,44.39,,,98.8,116.04,152.36,129.48
1403,33,Side,59.86,43.92,,,96.44,113.97,150.29,123.73
1403,34,Side,62.7,41.76,,,89.48,109.8,145.22,118.73
1403,35,Side,62.5,40.24,,,84.16,104.43,139.55,110.4
1403,36,Side,62.02,40.76,,,83.87,102.85,135.45,105.46
1403,37,Side,62.02,39.81,,,83.87,102.32,135.71,104.94
1403,38,Side,63.43,36.87,,,83.29,104.04,136.55,103.72
1403,39,Side,66.43,39.29,,,82.64,104.85,137.35,105.41
1403,40,Side,65.69,38.08,,,85.36,109.74,139.36,109.13
1403,41,Side,66.43,41.16,,,85.92,111.58,142.06,115.28
1403,42,Side,59.62,36.03,,,97.55,117.41,148.42,117.53
1403,43,Side,57.45,34.13,,,96.51,116.29,146.8,116.25
1403,44,Side,56.92,35.06,,,99.59,160.44,152.32,166.92
1404,1,Side,,62.32,159.36,159.36,,176.98,,162.78
1404,2,Side,,58.69,153.2,153.2,,177.31,,162.53
1404,3,Side,,55.15,146.51,146.51,,176.94,,162.51
1404,4,Side,,50.75,139.45,139.45,,176.83,,162.69
1404,5,Side,,44.32,129.14,129.14,,177.32,,163.25
1404,6,Side,,41.28,121.19,121.19,,177.1,,163.74
1404,7,Side,,35.14,115.51,115.51,,177.56,,163.34
1404,8,Side,,34.51,112.77,112.77,,176.36,,161.06
1404,9,Side,,28.98,103.47,103.47,,172.83,,154.64
1404,10,Side,,25.53,102.55,102.55,,177.49,,157.11
1404,11,Side,,21.03,94.55,94.55,,175.37,,152.47
1404,12,Side,,17.66,50.11,97.14,,177.31,,154.58
1404,13,Side,,4.97,40.2,76.43,,175.72,,156.38
1404,14,Side,,2.03,37.74,72.81,,179.22,,160.35
1404,15,Side,,1.76,35.83,70.35,,174.94,,158.41
1404,16,Side,,5.68,39.47,74.16,,176.1,,156.57
1404,17,Side,,2.33,33.93,62.58,,170.67,,155.55
1404,18,Side,,1.59,32.85,62.58,,168.92,,154.53
1404,19,Side,,5.98,40.96,68.85,,178.39,,159.69
1404,20,Side,,3.67,40.36,67.38,,167.87,,153.53
1404,21,Side,,7.31,39.9,68.75,,175.79,,156.85
1404,22,Side,,5.17,40.74,69.43,,176.72,,159.5
1404,23,Side,,3.13,40.2,71.47,,176.72,,160.32
1404,24,Side,,2.26,40.06,71.25,,174.99,,159.43
1404,25,Side,,1.93,41.86,75.44,,173.97,,159.22
1404,26,Side,,4.7,80.15,80.15,,178.86,,165.75
1404,27,Side,,13.54,92.94,92.94,,177.7,,165.48
1404,28,Side,,20.4,102.89,102.89,,176.82,,162.35
1404,29,Side,,24.39,107.77,107.77,,176.54,,164.38
1404,30,Side,,26.71,114.63,114.63,,178.62,,167.58
1404,31,Side,,32.96,123.37,123.37,,177.58,,168.59
1404,32,Side,,39.72,126.66,126.66,,176.39,,166.22
1404,33,Side,,44.4,132.47,132.47,,177.27,,166.85
1404,34,Side,,49.45,134.21,134.21,,170.82,,163.0
1404,35,Side,,53.73,139.4,139.4,,168.67,,161.61
1404,36,Side,,54.95,141.03,141.03,,174.5,,165.14
1404,37,Side,,61.73,146.74,146.74,,165.06,,158.8
1404,38,Side,,62.6,149.23,149.23,,167.6,,160.61
1404,39,Side,,62.48,153.09,153.09,,172.24,,163.74
1404,40,Side,,65.12,155.17,155.17,,169.71,,161.95
1404,41,Side,,66.61,157.2,157.2,,170.63,,164.89
1405,1,Side,53.48,80.65,167.29,168.56,160.11,144.59,168.48,140.34
1405,2,Side,51.93,78.09,164.5,171.82,159.99,145.99,169.67,141.81
1405,3,Side,50.71,73.76,163.96,171.62,158.97,151.31,170.27,143.6
1405,4,Side,57.65,75.67,162.26,171.94,170.54,148.73,166.57,143.86
1405,5,Side,56.46,73.6,160.98,171.78,169.23,150.65,169.7,146.73
1405,6,Side,52.6,70.16,156.77,156.77,168.61,150.01,168.85,145.04
1405,7,Side,53.06,69.71,159.68,159.68,166.73,153.6,169.59,146.58
1405,8,Side,44.75,65.58,156.69,156.69,156.76,157.99,172.4,147.97
1405,9,Side,40.93,61.35,152.25,152.25,154.46,161.65,173.04,149.57
1405,10,Side,34.15,53.89,145.87,145.87,153.06,165.06,173.52,151.38
1405,11,Side,29.05,47.55,145.53,145.53,149.04,171.37,173.29,152.2
1405,12,Side,24.7,42.47,137.64,137.64,153.25,169.01,170.95,150.99
1405,13,Side,28.21,42.14,138.06,138.06,159.97,166.77,165.07,145.74
1405,14,Side,26.17,37.87,135.33,135.33,159.5,171.94,163.54,146.69
1405,15,Side,16.75,26.67,126.23,126.23,161.42,173.69,162.21,147.24
1405,16,Side,12.9,23.42,125.22,125.22,163.21,170.29,159.4,143.43
1405,17,Side,2.8,9.87,111.61,70.02,165.5,169.12,159.4,144.19
1405,18,Side,11.04,14.4,94.22,60.78,168.13,166.09,161.52,146.15
1405,19,Side,19.68,16.64,83.84,57.28,169.82,165.87,160.93,146.52
1405,20,Side,27.48,20.28,74.05,52.28,173.0,163.92,161.43,148.04
1405,21,Side,24.24,22.09,77.74,51.91,169.71,167.85,165.16,152.25
1405,22,Side,27.69,23.82,71.5,46.24,174.6,164.41,163.47,151.56
1405,23,Side,31.46,23.71,67.07,46.67,175.94,159.76,160.34,146.37
1405,24,Side,33.76,24.13,63.04,45.31,177.31,158.38,158.98,145.15
1405,25,Side,28.3,22.19,70.41,49.37,174.0,161.7,159.05,145.32
1405,26,Side,31.18,23.2,65.31,47.74,176.77,160.6,156.66,144.17
1405,27,Side,30.47,23.2,64.81,47.74,175.82,161.08,158.09,145.13
1405,28,Side,32.65,24.18,58.78,44.05,177.41,159.18,159.51,146.12
1405,29,Side,27.75,23.2,63.91,43.19,178.73,159.69,158.45,146.21
1405,30,Side,30.38,23.35,58.6,40.8,177.2,161.22,159.85,147.69
1405,31,Side,29.67,22.5,58.02,39.98,177.21,161.46,159.71,147.7
1405,32,Side,27.59,21.78,59.96,41.05,175.36,163.76,161.24,149.58
1405,33,Side,30.16,22.89,61.55,42.45,169.64,168.75,168.85,156.96
1405,34,Side,32.61,22.68,61.68,43.52,169.64,168.91,168.69,156.95
1405,35,Side,31.81,21.4,64.28,45.94,171.47,167.27,164.3,152.68
1405,36,Side,36.62,22.44,59.97,44.5,173.45,163.81,164.3,151.78
1405,37,Side,29.86,22.54,70.35,49.69,170.99,166.54,164.12,151.79
1405,38,Side,31.45,19.88,70.56,51.36,169.58,167.87,165.53,153.09
1405,39,Side,24.3,20.32,77.47,50.31,169.85,167.85,165.51,153.09
1405,40,Side,28.1,18.45,74.84,51.1,171.18,166.95,165.49,152.91
1405,41,Side,21.67,18.2,84.41,53.82,169.93,168.24,167.09,154.41
1405,42,Side,17.5,17.82,88.37,56.27,169.56,169.97,166.29,154.41
1405,43,Side,7.19,15.64,100.94,59.5,168.11,171.25,165.49,153.69
1405,44,Side,9.21,0.26,97.53,97.53,166.8,172.39,166.18,154.31
1405,45,Side,0.17,10.25,106.33,106.33,165.0,171.63,166.34,153.05
1405,46,Side,0.88,11.31,108.43,108.43,165.58,170.08,165.55,151.64
1405,47,Side,8.63,21.7,117.93,117.93,164.84,166.07,160.7,144.68
1405,48,Side,10.35,27.79,124.12,124.12,156.48,166.96,168.69,149.56
1405,49,Side,16.87,35.64,129.85,129.85,157.71,163.41,163.65,143.54
1405,50,Side,20.02,40.9,134.26,134.26,154.73,162.62,164.94,143.17
1405,51,Side,25.03,47.24,139.62,139.62,150.68,163.94,171.54,148.38
1405,52,Side,32.58,55.67,148.05,148.05,153.18,159.37,166.63,142.27
1405,53,Side,44.01,68.32,160.77,160.77,151.84,158.49,170.29,144.94
1405,54,Side,44.89,70.2,160.81,160.81,152.9,155.36,169.76,143.32
1405,55,Side,48.57,74.88,164.84,164.84,153.36,152.41,170.51,142.59
1405,56,Side,45.84,72.59,163.71,173.41,151.66,152.72,174.37,145.5
1405,57,Side,50.71,78.23,166.36,170.93,153.41,150.43,173.81,145.18
1405,58,Side,51.26,79.54,165.63,172.78,154.82,147.21,174.53,144.84
1405,59,Side,52.18,80.54,164.86,173.64,156.78,145.47,173.93,144.54
1405,60,Side,52.07,81.0,165.32,174.4,156.21,144.94,175.49,145.57
1405,61,Side,54.06,89.75,167.04,173.45,157.36,133.53,176.62,143.19
1405,62,Side,52.78,83.78,164.65,175.71,157.25,140.25,176.81,145.32
1405,63,Side,51.99,85.2,164.78,175.57,156.22,137.09,176.91,143.44
1406,1,Side,,59.87,172.61,172.61,,166.56,,143.68
1406,2,Side,,58.19,168.72,168.72,,165.77,,145.05
1406,3,Side,,56.88,165.56,165.56,,166.29,,146.31
1406,4,Side,,56.75,164.63,164.63,,166.74,,146.43
1406,5,Side,,61.05,166.4,166.4,,162.35,,141.09
1406,6,Side,,60.37,164.29,164.29,,163.41,,132.27
1406,7,Side,,54.88,160.71,160.71,,171.87,,146.76
1406,8,Side,,47.82,153.43,153.43,,174.89,,151.3
1406,9,Side,,43.29,152.23,152.23,,176.5,,141.79
1406,10,Side,,31.57,136.59,136.59,,173.34,,142.55
1406,11,Side,,19.28,121.89,121.89,,172.55,,143.48
1406,12,Side,,4.63,104.63,104.63,,172.42,,146.7
1406,13,Side,,42.24,146.1,146.1,,175.4,,145.12
1406,14,Side,,2.87,100.38,100.38,,169.06,,146.25
1406,15,Side,,5.04,93.1,93.1,,167.77,,149.04
1406,16,Side,,0.26,84.65,84.65,,164.84,,147.8
1406,17,Side,,18.43,104.93,104.93,,169.7,,148.66
1406,18,Side,,16.89,102.14,102.14,,168.48,,147.44
1406,19,Side,,13.43,98.03,98.03,,167.47,,148.58
1406,20,Side,,11.44,95.77,95.77,,168.77,,148.76
1406,21,Side,,14.78,101.09,101.09,,166.16,,147.13
1406,22,Side,,24.59,115.35,115.35,,168.23,,148.33
1406,23,Side,,43.24,142.13,142.13,,169.65,,148.5
1406,24,Side,,36.12,133.26,133.26,,169.65,,149.7
1406,25,Side,,59.54,164.49,164.49,,174.65,,157.15
1406,26,Side,,40.34,145.8,145.8,,174.5,,155.13
1406,27,Side,,55.32,153.38,153.38,,171.47,,154.13
1406,28,Side,,56.54,156.35,156.35,,174.46,,157.72
1406,29,Side,,65.88,170.54,170.54,,177.13,,157.5
1406,30,Side,,66.05,172.23,172.23,,176.54,,155.27
1406,31,Side,,57.49,171.87,171.87,,176.48,,156.66
1406,32,Side,,58.7,172.5,172.5,,178.0,,159.5
1406,33,Side,,56.34,168.75,168.75,,179.97,,158.37
1406,34,Side,,58.16,169.22,169.22,,175.65,,157.93
1406,35,Side,,59.79,169.42,169.42,,171.94,,156.91
1406,36,Side,,61.5,169.42,169.42,,167.38,,154.06
1407,1,Side,155.78,45.0,127.23,72.7,75.78,163.56,78.72,137.59
1407,2,Side,166.55,36.62,127.93,60.53,87.62,160.93,80.04,136.9
1407,3,Side,166.26,37.88,123.11,60.43,94.04,160.9,80.47,133.88
1407,4,Side,80.92,37.09,54.82,54.82,100.33,158.96,85.59,139.94
1407,5,Side,81.73,31.53,48.39,48.39,99.96,164.62,87.91,143.18
1407,6,Side,74.29,29.36,45.86,45.86,105.71,162.19,87.66,140.84
1407,7,Side,51.6,25.73,50.78,50.78,129.31,167.12,89.05,143.57
1407,8,Side,18.33,24.28,48.74,48.0,175.38,169.4,158.62,147.23
1407,9,Side,16.26,30.73,47.49,45.19,179.78,154.73,159.38,141.87
1407,10,Side,13.49,29.6,45.91,41.38,176.95,152.33,160.46,141.62
1407,11,Side,14.69,25.1,48.91,41.7,179.47,157.35,156.56,145.87
1407,12,Side,13.9,25.84,50.31,40.31,175.48,150.58,146.73,141.28
1407,13,Side,64.96,16.47,174.16,37.75,178.47,157.01,150.46,143.87
1407,14,Side,23.43,13.65,93.62,35.12,179.3,155.04,151.47,141.19
1407,15,Side,99.82,9.77,12.44,34.38,174.96,159.67,152.61,145.82
1407,16,Side,77.89,8.55,35.98,35.98,176.22,157.16,154.5,142.64
1407,17,Side,72.28,6.47,42.25,35.36,177.46,159.83,156.46,147.57
1407,18,Side,68.76,8.68,42.34,30.81,177.36,156.37,157.67,148.84
1407,19,Side,66.89,6.14,47.22,33.53,178.79,161.23,159.73,153.54
1407,20,Side,70.26,3.77,46.15,35.73,175.99,164.73,157.27,154.66
1407,21,Side,67.89,2.33,51.74,34.91,176.17,163.37,157.27,155.96
1407,22,Side,68.06,0.66,55.53,40.42,176.34,169.07,157.27,154.79
1407,23,Side,65.56,3.54,60.5,43.64,176.34,172.57,157.27,156.31
1407,24,Side,63.92,6.96,65.28,48.44,177.15,176.67,158.04,157.85
1407,25,Side,61.56,7.21,71.21,52.4,179.08,178.08,160.48,159.81
1407,26,Side,59.83,10.64,76.83,58.14,178.16,177.19,161.59,161.12
1407,27,Side,53.99,13.95,83.66,64.82,179.28,172.28,160.48,163.57
1407,28,Side,50.64,16.04,82.62,64.88,175.44,168.91,160.48,164.85
1407,29,Side,47.29,17.01,86.12,66.34,175.44,167.14,160.48,165.65
1407,30,Side,49.96,18.86,86.58,64.95,179.63,163.22,160.48,169.31
1407,31,Side,54.14,16.49,82.92,71.47,178.79,158.3,160.48,170.54
1407,32,Side,68.25,16.76,73.01,59.94,172.01,155.79,165.19,170.96
1407,33,Side,75.1,18.99,63.59,49.71,172.02,150.68,168.18,172.6
1407,34,Side,80.37,23.72,55.9,39.75,172.02,146.71,168.18,176.19
1407,35,Side,84.29,25.85,49.4,33.11,170.97,142.21,168.18,177.34
1407,36,Side,87.24,26.16,43.6,26.67,170.87,141.17,168.18,177.75
1407,37,Side,88.49,28.34,39.56,23.98,169.94,135.8,166.85,178.23
1407,38,Side,91.69,25.76,33.73,21.36,171.94,135.46,165.89,176.48
1407,39,Side,93.0,28.91,25.87,18.71,171.03,130.67,165.89,177.96
1407,40,Side,92.6,28.9,20.76,17.12,171.03,129.24,165.89,178.26
1407,41,Side,3.1,25.31,29.79,15.6,166.44,130.85,167.24,177.24
1407,42,Side,2.04,21.3,28.8,14.69,163.29,133.54,167.23,178.8
1407,43,Side,42.8,21.03,19.08,19.08,147.85,127.49,166.28,179.42
1407,44,Side,57.58,21.11,18.85,18.85,129.62,124.81,157.52,179.64
1407,45,Side,65.08,17.42,27.91,27.91,126.51,120.68,152.37,176.14
1407,46,Side,68.54,20.3,30.38,30.38,117.51,116.54,143.36,175.26
1407,47,Side,71.61,13.73,35.86,35.86,107.49,118.81,130.3,174.56
1407,48,Side,85.83,18.24,40.51,40.51,89.59,110.92,123.25,176.31
1407,49,Side,72.62,15.14,43.05,43.05,103.27,114.01,121.85,174.45
1407,50,Side,148.08,8.44,108.82,48.86,96.72,121.33,83.75,168.18
1407,51,Side,156.6,9.98,113.84,51.69,95.77,158.58,79.24,145.45
1407,52,Side,160.14,15.71,118.75,55.87,93.85,165.52,81.47,144.76
1407,53,Side,156.6,19.06,123.42,60.42,87.1,168.04,85.35,148.12
1407,54,Side,154.65,22.26,126.42,63.83,86.52,167.39,91.81,154.28
1407,55,Side,155.94,23.16,130.05,68.15,84.44,164.52,92.03,158.64
1407,56,Side,155.04,24.52,133.01,73.41,81.55,159.52,99.07,165.03
1407,57,Side,154.99,38.99,137.68,75.37,80.65,177.84,100.01,158.14
1407,58,Side,151.86,39.06,135.06,73.77,79.69,176.39,100.94,158.14
1407,59,Side,152.19,39.06,133.14,73.77,81.12,176.39,101.5,158.14
1408,1,Side,44.74,110.87,179.89,173.62,155.71,112.69,156.8,116.35
1408,2,Side,40.73,108.88,172.22,174.68,154.61,116.32,157.49,117.89
1408,3,Side,36.89,112.08,161.99,178.3,155.6,112.71,155.69,117.19
1408,4,Side,32.23,107.04,151.46,174.45,159.44,114.64,148.9,112.99
1408,5,Side,26.43,71.89,140.44,106.4,158.53,122.73,149.47,116.19
1408,6,Side,19.3,58.72,122.57,89.89,162.24,129.06,150.82,121.54
1408,7,Side,9.17,41.02,107.66,74.98,160.12,141.78,161.12,134.87
1408,8,Side,0.27,23.63,91.19,57.32,168.2,148.39,151.46,131.95
1408,9,Side,9.2,8.43,75.98,75.98,172.22,154.44,152.86,137.14
1408,10,Side,13.19,1.22,74.99,74.99,167.29,169.78,153.23,142.28
1408,11,Side,18.89,5.5,62.35,62.35,170.57,171.27,153.26,163.75
1408,12,Side,23.62,7.96,51.02,51.02,173.39,164.61,154.62,163.7
1408,13,Side,25.76,41.92,44.76,49.86,171.02,163.97,161.28,165.74
1408,14,Side,24.78,37.65,44.95,50.87,170.28,163.92,161.28,164.36
1408,15,Side,21.51,30.88,49.59,58.84,166.68,169.69,160.4,165.77
1408,16,Side,20.9,27.15,48.87,59.84,165.66,171.6,161.88,154.42
1408,17,Side,21.84,26.57,49.03,56.67,163.73,171.6,164.63,155.38
1408,18,Side,21.33,27.75,53.35,59.06,164.91,172.95,164.32,156.8
1408,19,Side,22.62,30.74,54.84,60.19,164.93,172.95,165.84,158.42
1408,20,Side,23.31,33.33,54.94,60.22,166.89,170.52,167.73,158.87
1408,21,Side,23.91,38.42,55.66,58.69,167.65,170.54,169.27,160.5
1408,22,Side,23.36,45.36,56.9,55.51,168.49,172.36,170.8,165.0
1408,23,Side,20.68,47.85,57.9,54.03,171.35,170.0,171.18,166.48
1408,24,Side,19.06,5.53,62.43,62.43,173.15,171.19,162.34,168.51
1408,25,Side,12.49,0.33,70.78,70.78,171.75,173.8,160.06,167.89
1408,26,Side,8.09,3.45,77.68,77.68,171.04,177.51,158.28,168.87
1408,27,Side,3.19,13.11,86.05,86.05,169.87,170.31,155.05,172.64
1408,28,Side,2.25,23.96,96.42,96.42,167.45,161.42,155.79,166.62
1408,29,Side,9.03,35.88,106.08,106.08,164.24,153.16,158.97,160.63
1408,30,Side,16.81,48.8,113.87,113.87,167.89,139.92,158.37,152.65
1408,31,Side,23.86,58.3,123.11,84.36,166.71,131.11,166.26,138.53
1408,32,Side,30.29,101.15,130.89,178.5,166.19,128.17,166.48,137.71
1408,33,Side,34.2,100.78,140.47,179.6,164.19,129.6,167.22,137.95
1408,34,Side,37.53,102.43,150.07,178.6,163.86,125.15,166.08,135.05
1408,35,Side,40.35,101.83,160.36,168.45,159.82,112.22,167.85,134.37
1408,36,Side,43.46,99.93,169.94,165.05,158.09,109.0,166.16,131.02
1408,37,Side,43.62,96.69,172.28,162.29,157.48,108.65,165.24,129.17
1409,1,Side,99.4,64.51,177.87,170.54,144.11,176.8,149.71,168.9
1409,2,Side,98.26,58.03,175.99,159.8,147.08,179.0,149.74,168.98
1409,3,Side,91.35,51.77,172.15,149.9,148.84,177.05,143.61,162.16
1409,4,Side,59.46,43.93,99.02,138.33,152.09,179.53,145.41,163.38
1409,5,Side,51.02,36.72,125.8,125.8,165.94,178.44,169.57,164.0
1409,6,Side,41.2,26.77,110.08,110.08,168.05,176.72,170.9,162.78
1409,7,Side,33.96,18.98,100.28,100.28,168.56,175.05,173.35,162.03
1409,8,Side,29.64,14.39,98.84,98.84,169.75,172.93,171.11,161.91
1409,9,Side,9.36,6.22,91.32,92.2,176.68,166.86,170.6,168.84
1409,10,Side,3.38,2.02,100.31,82.29,172.13,166.57,169.56,164.88
1409,11,Side,13.28,9.67,88.15,75.04,172.42,161.91,168.02,169.14
1409,12,Side,19.34,9.92,77.57,73.14,174.26,162.2,168.47,170.73
1409,13,Side,18.13,10.78,75.93,68.41,174.9,163.72,167.8,171.36
1409,14,Side,20.19,10.3,74.69,65.38,174.87,166.0,169.05,171.37
1409,15,Side,19.71,11.13,74.23,61.59,173.78,168.16,170.95,170.86
1409,16,Side,20.45,10.41,77.18,58.94,172.49,170.57,172.86,170.96
1409,17,Side,18.62,8.83,79.12,62.24,173.14,169.93,175.6,170.88
1409,18,Side,14.53,7.13,84.93,65.92,174.2,170.46,173.35,172.22
1409,19,Side,13.79,4.58,84.89,70.95,174.96,170.46,174.87,173.47
1409,20,Side,12.9,1.93,87.72,76.06,173.64,171.09,175.6,173.39
1409,21,Side,10.06,0.82,88.49,77.77,175.36,170.49,175.3,175.34
1409,22,Side,5.72,10.07,92.71,89.12,177.57,174.08,173.92,172.31
1409,23,Side,33.94,19.44,99.54,99.54,165.7,177.09,173.82,170.53
1409,24,Side,40.56,24.56,56.53,101.96,161.04,179.41,172.04,170.07
1409,25,Side,50.06,33.52,67.67,116.09,151.65,179.83,152.05,170.62
1409,26,Side,54.77,38.13,72.91,119.96,147.99,175.84,157.0,168.21
1409,27,Side,99.93,50.53,164.74,131.56,144.82,171.47,156.77,166.82
1409,28,Side,107.61,56.2,171.58,142.68,139.14,174.47,157.04,171.19
1409,29,Side,114.28,63.66,178.34,152.4,135.17,172.1,156.5,171.0
1409,30,Side,120.7,70.86,171.59,163.51,132.19,171.33,157.1,171.43
1409,31,Side,120.63,76.39,167.27,174.16,133.79,170.32,158.69,171.92
1409,32,Side,119.49,74.65,173.64,172.22,133.17,170.99,156.96,170.3
1409,33,Side,118.11,71.76,176.14,170.24,132.43,172.93,154.41,169.17
1409,34,Side,117.02,68.68,175.08,166.42,130.9,175.14,144.57,169.26
1410,1,Side,54.17,,169.11,142.57,177.54,,161.92,
1410,2,Side,52.06,,169.3,144.7,176.86,,162.6,
1410,3,Side,50.52,,164.36,143.44,178.13,,156.26,
1410,4,Side,45.26,,155.8,149.24,179.96,,155.1,
1410,5,Side,43.54,,155.09,147.93,178.93,,155.1,
1410,6,Side,40.26,,146.63,146.63,176.22,,153.12,
1410,7,Side,36.99,,139.54,139.54,175.08,,149.19,
1410,8,Side,32.55,,137.16,137.16,176.37,,148.67,
1410,9,Side,26.04,,129.3,129.3,179.92,,149.1,
1410,10,Side,20.29,,122.35,122.35,178.41,,146.7,
1410,11,Side,17.95,,118.62,118.62,179.34,,149.6,
1410,12,Side,14.88,,116.62,116.62,175.57,,151.8,
1410,13,Side,10.38,,111.05,111.05,175.6,,151.03,
1410,14,Side,6.33,,107.7,107.7,170.99,,154.94,
1410,15,Side,0.85,,102.22,102.22,166.22,,158.14,
1410,16,Side,3.88,,100.06,100.06,164.44,,158.6,
1410,17,Side,4.22,,97.61,97.61,168.17,,156.37,
1410,18,Side,7.44,,88.58,88.58,171.41,,156.37,
1410,19,Side,9.6,,84.36,84.36,175.87,,153.97,
1410,20,Side,11.51,,80.19,80.19,178.13,,153.97,
1410,21,Side,12.37,,75.27,75.27,177.28,,156.41,
1410,22,Side,11.61,,74.6,74.6,179.83,,154.21,
1410,23,Side,7.71,,82.93,51.86,175.41,,154.21,
1410,24,Side,7.6,,87.14,58.07,172.87,,157.14,
1410,25,Side,6.41,,89.15,75.14,172.05,,157.14,
1410,26,Side,4.25,,90.98,75.14,172.05,,157.14,
1410,27,Side,3.2,,90.98,75.14,173.1,,159.01,
1410,28,Side,3.2,,93.04,16.31,173.1,,159.01,
1410,29,Side,2.11,,98.02,16.39,175.89,,152.68,
1410,30,Side,1.06,,98.02,7.13,178.68,,150.95,
1410,31,Side,6.58,,90.0,20.07,175.96,,150.95,
1410,32,Side,4.17,,92.29,13.97,173.73,,149.4,
1410,33,Side,4.17,,92.29,18.71,178.74,,163.12,
1410,34,Side,4.07,,95.25,16.65,175.5,,152.86,
1410,35,Side,1.7,,97.63,13.01,178.74,,165.02,
1410,36,Side,1.49,,100.68,10.45,175.15,,154.65,
1410,37,Side,0.67,,99.99,8.12,173.32,,152.83,
1410,38,Side,3.37,,97.49,97.49,178.12,,155.96,
1410,39,Side,2.34,,97.13,97.13,179.45,,155.96,
1410,40,Side,1.16,,99.46,99.46,179.39,,155.96,
1410,41,Side,3.78,,94.24,33.41,178.99,,152.66,
1410,42,Side,5.29,,101.31,35.29,173.81,,152.34,
1410,43,Side,10.26,,106.45,40.43,173.98,,155.91,
1410,44,Side,8.98,,104.21,42.56,174.78,,157.45,
1410,45,Side,11.84,,107.28,45.63,174.99,,159.22,
1410,46,Side,15.2,,113.47,53.64,177.82,,161.0,
1410,47,Side,20.52,,119.85,60.03,176.48,,160.39,
1410,48,Side,25.74,,125.63,65.8,175.2,,160.35,
1410,49,Side,28.67,,128.77,70.1,173.41,,160.4,
1410,50,Side,34.24,,137.01,76.65,171.96,,160.49,
1410,51,Side,37.27,,138.77,139.9,172.3,,161.57,
1410,52,Side,40.79,,142.62,140.75,173.16,,164.7,
1410,53,Side,44.97,,148.46,138.01,170.76,,165.11,
1410,54,Side,48.18,,152.0,141.78,169.55,,165.53,
1410,55,Side,53.38,,161.03,142.83,170.35,,165.23,
1410,56,Side,53.91,,161.57,149.22,170.35,,167.23,
1410,57,Side,57.15,,163.61,148.81,165.5,,163.57,
1410,58,Side,61.14,,165.17,147.4,159.44,,159.94,
1410,59,Side,62.72,,166.76,146.04,159.92,,159.92,
1411,1,Side,67.87,,158.49,158.49,161.94,,160.47,
1411,2,Side,66.14,,158.87,158.87,164.01,,159.8,
1411,3,Side,65.19,,156.99,156.99,162.63,,153.53,
1411,4,Side,63.05,,155.89,155.89,164.58,,152.05,
1411,5,Side,53.33,,145.07,145.07,164.52,,149.75,
1411,6,Side,43.73,,135.79,135.79,172.06,,156.4,
1411,7,Side,44.6,,135.31,135.31,173.95,,156.91,
1411,8,Side,38.01,,128.01,128.01,174.56,,154.29,
1411,9,Side,29.82,,120.13,120.13,178.56,,155.07,
1411,10,Side,20.34,,114.2,114.2,177.91,,155.79,
1411,11,Side,10.84,,106.49,106.49,175.02,,154.25,
1411,12,Side,4.83,,96.49,96.49,177.72,,154.4,
1411,13,Side,3.59,,83.38,83.38,177.39,,154.53,
1411,14,Side,6.8,,76.38,76.38,173.05,,153.69,
1411,15,Side,9.42,,70.16,70.16,171.13,,152.14,
1411,16,Side,13.63,,68.88,92.68,170.73,,156.43,
1411,17,Side,12.6,,63.73,84.66,168.54,,150.41,
1411,18,Side,12.61,,63.73,84.66,169.0,,150.53,
1411,19,Side,11.15,,66.24,86.98,169.2,,150.4,
1411,20,Side,7.51,,63.85,81.26,168.42,,149.61,
1411,21,Side,7.37,,62.64,79.48,167.67,,147.8,
1411,22,Side,7.52,,63.85,82.18,168.64,,149.82,
1411,23,Side,7.02,,66.46,83.8,169.14,,149.95,
1411,24,Side,7.16,,67.73,86.62,168.92,,150.05,
1411,25,Side,7.13,,69.17,88.32,169.47,,151.97,
1411,26,Side,6.52,,71.93,90.06,170.18,,151.97,
1411,27,Side,7.42,,72.1,92.15,169.47,,152.99,
1411,28,Side,7.6,,73.39,95.16,170.75,,155.28,
1411,29,Side,6.91,,76.26,98.23,171.26,,155.58,
1411,30,Side,7.07,,77.61,100.1,172.54,,157.83,
1411,31,Side,7.05,,79.09,79.09,172.51,,157.83,
1411,32,Side,1.88,,85.78,85.78,173.85,,159.69,
1411,33,Side,2.33,,91.59,91.59,175.44,,161.75,
1411,34,Side,13.77,,107.49,107.49,179.72,,162.61,
1411,35,Side,20.13,,115.75,115.75,177.28,,165.89,
1411,36,Side,28.2,,127.12,63.2,176.77,,164.6,
1411,37,Side,36.83,,135.24,72.35,171.68,,178.14,
1411,38,Side,45.2,,143.88,79.96,173.39,,177.12,
1411,39,Side,50.79,,149.67,85.75,176.43,,178.31,
1411,40,Side,55.15,,154.24,90.32,179.39,,179.46,
1411,41,Side,58.77,,158.17,164.4,174.65,,172.13,
1411,42,Side,59.94,,159.03,167.19,170.67,,168.58,
1411,43,Side,61.34,,162.44,169.61,168.4,,165.87,
1411,44,Side,62.0,,163.38,172.36,164.36,,161.64,
1411,45,Side,65.88,,165.15,171.04,157.87,,158.71,
1412,1,Side,79.36,73.43,153.8,173.06,114.83,166.43,139.3,166.43
1412,2,Side,74.89,71.48,148.54,171.11,118.8,167.59,141.81,167.59
1412,3,Side,68.18,63.81,137.68,157.6,121.46,169.63,144.46,170.47
1412,4,Side,81.71,61.9,174.55,153.75,126.61,170.35,147.01,170.96
1412,5,Side,77.82,59.6,169.65,148.57,131.18,172.02,150.85,173.47
1412,6,Side,70.89,54.99,163.31,136.02,132.97,169.54,153.07,173.72
1412,7,Side,61.89,47.74,156.49,126.08,138.02,170.73,154.19,172.76
1412,8,Side,61.07,48.06,155.18,123.91,144.63,172.97,157.8,173.14
1412,9,Side,53.72,42.49,148.37,115.75,147.57,172.17,158.42,171.79
1412,10,Side,44.27,31.0,108.43,108.43,150.52,178.69,158.11,175.63
1412,11,Side,32.75,25.98,97.82,97.82,157.03,171.41,160.76,168.36
1412,12,Side,22.94,12.61,86.9,86.9,162.22,174.84,179.15,171.83
1412,13,Side,18.91,9.4,81.33,81.33,162.36,173.45,178.13,169.86
1412,14,Side,3.98,7.34,44.0,76.72,159.72,173.69,176.13,170.98
1412,15,Side,7.44,2.18,40.54,70.76,160.85,174.2,175.08,171.25
1412,16,Side,15.41,2.18,35.79,66.13,161.12,171.04,175.13,167.71
1412,17,Side,9.93,3.83,39.76,69.34,158.86,174.03,171.71,169.05
1412,18,Side,12.2,8.81,39.59,71.57,158.86,173.01,171.71,177.13
1412,19,Side,14.54,8.81,37.24,68.39,158.63,174.37,171.41,174.71
1412,20,Side,13.29,14.82,37.58,64.44,158.86,174.12,173.62,176.07
1412,21,Side,14.05,15.98,37.54,62.48,158.23,174.95,173.62,175.94
1412,22,Side,13.29,24.78,41.11,63.8,158.01,177.03,173.32,174.71
1412,23,Side,13.87,19.7,42.36,70.49,159.61,176.6,173.09,173.35
1412,24,Side,14.14,13.93,42.66,73.15,157.73,178.81,171.89,171.98
1412,25,Side,9.31,12.89,43.3,69.26,155.73,178.81,170.71,171.98
1412,26,Side,8.72,14.24,42.27,68.65,152.94,178.27,169.46,170.72
1412,27,Side,5.46,6.95,42.34,76.43,150.75,177.42,169.32,171.75
1412,28,Side,2.29,3.05,44.7,82.23,148.65,179.06,167.49,171.77
1412,29,Side,19.69,5.11,91.21,91.21,150.85,179.96,167.79,173.94
1412,30,Side,29.12,15.72,102.38,102.38,146.2,172.98,164.3,170.25
1412,31,Side,43.7,24.7,116.41,116.41,144.71,175.63,164.33,177.46
1412,32,Side,50.52,28.99,109.22,109.22,137.64,178.6,160.04,173.52
1412,33,Side,63.66,40.59,121.76,121.76,134.15,179.43,158.5,172.0
1412,34,Side,68.85,45.38,130.34,130.34,134.15,177.25,158.0,173.44
1412,35,Side,77.81,51.59,178.95,141.42,130.46,175.64,157.57,175.41
1412,36,Side,83.93,56.31,170.36,151.7,125.73,177.27,154.48,174.05
1412,37,Side,69.74,58.81,129.5,157.17,115.1,177.97,137.87,175.47
1412,38,Side,73.37,61.28,133.26,159.92,111.91,179.37,136.51,173.89
1412,39,Side,74.94,71.05,138.71,167.47,107.41,167.12,136.36,168.47
1412,40,Side,78.53,67.32,142.17,168.07,104.74,174.76,135.0,172.77
1412,41,Side,82.57,70.65,143.25,175.0,100.7,174.19,132.37,171.17
1412,42,Side,85.59,71.32,147.13,176.62,100.77,173.83,131.98,169.86
1412,43,Side,86.91,73.96,145.75,179.79,96.25,171.78,133.28,171.68
1412,44,Side,95.22,79.58,152.6,173.39,95.74,171.8,134.23,170.92
1413,1,Side,,61.27,173.97,160.56,,160.85,,164.95
1413,2,Side,,57.24,172.44,154.86,,161.62,,165.21
1413,3,Side,,50.16,178.48,148.91,,160.29,,157.11
1413,4,Side,,45.56,179.13,147.99,,163.38,,157.06
1413,5,Side,,42.11,178.1,142.11,,162.58,,155.11
1413,6,Side,,35.56,168.83,132.71,,162.45,,154.01
1413,7,Side,,28.94,82.18,118.3,,162.69,,154.44
1413,8,Side,,20.85,75.8,112.88,,164.17,,153.77
1413,9,Side,,15.5,70.7,107.18,,171.61,,161.85
1413,10,Side,,9.75,63.43,101.31,,174.34,,162.74
1413,11,Side,,1.41,86.87,86.87,,175.27,,161.57
1413,12,Side,,4.05,83.33,83.33,,179.97,,165.44
1413,13,Side,,7.47,70.64,80.24,,178.37,,165.85
1413,14,Side,,11.29,65.18,77.0,,177.61,,156.52
1413,15,Side,,11.78,57.15,77.73,,174.66,,153.49
1413,16,Side,,17.69,53.25,66.05,,172.54,,151.41
1413,17,Side,,16.82,53.87,67.72,,172.2,,149.6
1413,18,Side,,16.82,49.61,67.36,,172.2,,149.6
1413,19,Side,,16.92,47.06,66.45,,173.71,,148.35
1413,20,Side,,18.37,49.92,60.62,,172.05,,148.29
1413,21,Side,,17.68,51.14,62.09,,172.3,,147.49
1413,22,Side,,17.19,53.03,60.97,,169.83,,146.31
1413,23,Side,,16.42,50.37,63.8,,168.24,,145.16
1413,24,Side,,17.07,51.44,64.25,,168.56,,148.12
1413,25,Side,,13.12,55.51,68.4,,166.07,,146.72
1413,26,Side,,10.71,61.93,74.09,,162.3,,143.56
1413,27,Side,,9.22,65.18,77.11,,165.27,,145.62
1413,28,Side,,7.89,65.11,78.47,,164.96,,151.38
1413,29,Side,,5.59,67.12,81.54,,164.26,,145.05
1413,30,Side,,1.33,74.55,86.58,,167.72,,144.98
1413,31,Side,,1.29,89.73,89.73,,168.89,,145.06
1413,32,Side,,1.29,90.0,90.0,,169.24,,146.11
1413,33,Side,,3.19,92.25,92.25,,168.65,,146.15
1413,34,Side,,4.24,92.59,92.59,,168.27,,147.26
1413,35,Side,,8.65,62.46,96.18,,167.74,,153.2
1413,36,Side,,14.4,68.64,104.57,,170.02,,158.24
1413,37,Side,,21.52,69.42,113.34,,171.43,,166.7
1413,38,Side,,27.04,75.06,118.79,,170.37,,167.4
1413,39,Side,,21.6,78.67,119.18,,174.89,,176.73
1413,40,Side,,34.36,85.24,123.33,,159.31,,158.54
1413,41,Side,,43.35,157.61,139.35,,161.02,,157.78
1413,42,Side,,48.68,160.79,149.3,,161.26,,157.77
1413,43,Side,,44.44,178.21,155.83,,179.79,,170.95
1413,44,Side,,48.84,173.55,167.35,,174.59,,177.65
1413,45,Side,,52.05,165.64,172.22,,178.87,,165.89
1414,1,Side,,81.12,121.68,170.14,,170.69,,179.2
1414,2,Side,,74.74,132.71,167.12,,173.66,,177.16
1414,3,Side,,76.43,135.16,171.51,,173.24,,174.79
1414,4,Side,,74.74,135.0,169.56,,169.18,,162.05
1414,5,Side,,75.44,135.0,169.56,,167.49,,158.83
1414,6,Side,,77.72,165.5,165.5,,163.25,,161.23
1414,7,Side,,76.85,164.83,164.83,,167.11,,161.44
1414,8,Side,,73.13,161.41,161.41,,170.12,,161.05
1414,9,Side,,65.79,147.78,147.78,,168.25,,158.56
1414,10,Side,,54.57,135.0,135.0,,166.32,,155.25
1414,11,Side,,34.96,115.29,115.29,,171.23,,159.0
1414,12,Side,,11.5,37.28,93.18,,172.4,,158.08
1414,13,Side,,3.95,39.68,85.79,,171.87,,159.81
1414,14,Side,,6.85,35.48,71.99,,169.13,,160.08
1414,15,Side,,7.64,35.78,71.99,,170.92,,161.17
1414,16,Side,,7.69,35.28,71.57,,171.22,,161.41
1414,17,Side,,8.28,34.1,71.17,,170.9,,158.53
1414,18,Side,,21.63,30.51,60.71,,179.66,,165.08
1414,19,Side,,20.08,29.62,61.05,,179.72,,165.21
1414,20,Side,,25.61,27.34,54.17,,179.84,,166.18
1414,21,Side,,25.28,28.12,55.18,,178.17,,167.17
1414,22,Side,,13.86,28.12,60.31,,179.32,,167.41
1414,23,Side,,12.02,28.99,64.45,,179.89,,166.22
1414,24,Side,,13.49,29.13,62.06,,177.26,,166.29
1414,25,Side,,20.72,30.27,58.53,,178.97,,168.28
1414,26,Side,,22.83,30.27,56.04,,174.94,,163.01
1414,27,Side,,28.08,30.74,53.05,,177.2,,168.35
1414,28,Side,,20.05,33.64,61.22,,178.76,,169.44
1414,29,Side,,6.86,41.41,77.83,,176.69,,169.44
1414,30,Side,,7.6,36.68,89.56,,177.77,,172.74
1414,31,Side,,24.83,46.8,111.77,,172.79,,172.74
1414,32,Side,,32.96,120.17,120.17,,174.07,,175.05
1414,33,Side,,32.23,118.01,118.01,,174.35,,175.26
1414,34,Side,,57.08,143.83,143.83,,177.19,,174.74
1414,35,Side,,68.18,156.5,156.5,,179.73,,175.34
1414,36,Side,,64.81,149.43,149.43,,175.32,,173.4
1414,37,Side,,70.72,145.55,156.05,,173.04,,173.49
1414,38,Side,,71.16,147.61,153.98,,169.01,,173.47
1414,39,Side,,75.14,144.93,159.35,,168.89,,175.14
1414,40,Side,,79.62,141.84,164.88,,168.57,,175.79
1414,41,Side,,81.36,142.87,166.85,,166.09,,172.87
1414,42,Side,,83.69,135.36,170.73,,165.41,,172.78
1414,43,Side,,84.55,124.38,172.53,,165.6,,172.72
1414,44,Side,,90.15,124.59,173.01,,153.75,,167.4
1415,1,Side,,82.32,164.94,164.94,,152.86,,175.6
1415,2,Side,,91.3,169.51,169.51,,141.77,,166.95
1415,3,Side,,86.6,169.9,169.9,,152.21,,170.41
1415,4,Side,,91.92,172.2,172.2,,141.92,,162.08
1415,5,Side,,93.16,179.22,179.22,,145.52,,159.37
1415,6,Side,,89.07,175.66,175.66,,143.37,,150.26
1415,7,Side,,78.58,170.19,170.19,,161.55,,157.03
1415,8,Side,,82.08,170.46,170.46,,152.44,,146.17
1415,9,Side,,76.46,168.56,168.56,,172.73,,167.35
1415,10,Side,,65.05,158.67,158.67,,180.0,,168.06
1415,11,Side,,65.7,164.05,164.05,,169.19,,171.7
1415,12,Side,,72.12,164.05,164.05,,173.26,,155.38
1415,13,Side,,62.7,162.54,162.54,,178.45,,157.6
1415,14,Side,,68.2,167.74,167.74,,178.75,,154.09
1415,15,Side,,50.4,149.3,149.3,,178.64,,151.32
1415,16,Side,,37.57,48.66,135.0,,171.06,,150.73
1415,17,Side,,15.95,46.04,112.83,,176.0,,152.45
1415,18,Side,,19.89,47.71,120.96,,168.38,,155.88
1415,19,Side,,4.81,42.96,97.77,,179.34,,153.47
1415,20,Side,,10.52,39.71,81.03,,171.33,,158.07
1415,21,Side,,16.39,35.31,66.5,,174.92,,158.07
1415,22,Side,,26.32,35.31,64.28,,171.89,,162.37
1415,23,Side,,27.9,34.46,62.1,,165.96,,168.48
1415,24,Side,,18.43,34.1,73.74,,167.91,,166.31
1415,25,Side,,19.98,32.39,72.35,,162.14,,172.17
1415,26,Side,,19.44,74.74,74.74,,162.76,,172.09
1415,27,Side,,2.12,101.94,101.94,,155.56,,180.0
1415,28,Side,,28.89,134.42,134.42,,147.81,,176.11
1415,29,Side,,40.36,149.43,149.43,,144.33,,176.12
1415,30,Side,,44.26,159.04,159.04,,134.89,,170.48
1415,31,Side,,58.53,173.45,173.45,,140.77,,179.93
1415,32,Side,,66.19,178.54,178.54,,148.18,,177.71
1415,33,Side,,69.32,177.69,177.69,,158.95,,176.62
1415,34,Side,,78.89,176.98,176.98,,172.21,,156.3
1415,35,Side,,79.16,175.83,175.83,,166.68,,153.95
1415,36,Side,,72.47,168.23,168.23,,164.5,,157.93
1415,37,Side,,72.47,168.23,168.23,,160.66,,157.17
1415,38,Side,,72.55,168.23,168.23,,165.44,,167.53
1415,39,Side,,77.01,167.2,167.2,,156.97,,169.74
1415,40,Side,,82.3,170.54,170.54,,149.04,,171.09
1415,41,Side,,102.33,140.56,178.34,,134.86,,173.45
1416,1,Side,,89.82,171.15,171.15,,148.81,,163.7
1416,2,Side,,88.52,173.14,173.14,,151.74,,163.57
1416,3,Side,,82.48,172.72,172.72,,159.79,,169.71
1416,4,Side,,81.96,176.85,176.85,,164.23,,168.29
1416,5,Side,,81.89,179.93,179.93,,165.68,,161.69
1416,6,Side,,83.14,178.51,178.51,,178.42,,174.47
1416,7,Side,,78.96,176.45,176.45,,174.88,,173.81
1416,8,Side,,78.84,178.3,178.3,,176.97,,169.14
1416,9,Side,,78.72,178.96,178.96,,178.1,,162.42
1416,10,Side,,85.44,171.13,171.13,,179.35,,157.6
1416,11,Side,,91.51,159.78,159.78,,178.34,,156.73
1416,12,Side,,124.14,138.73,138.73,,171.11,,154.17
1416,13,Side,,134.33,134.18,134.18,,166.96,,149.79
1416,14,Side,,153.62,10.9,112.78,,171.18,,151.71
1416,15,Side,,156.49,11.48,103.71,,179.69,,154.42
1416,16,Side,,179.73,10.75,89.63,,171.85,,153.24
1416,17,Side,,161.34,16.07,75.2,,168.37,,149.84
1416,18,Side,,122.74,16.46,43.49,,171.24,,159.87
1416,19,Side,,69.61,15.71,5.19,,169.47,,156.39
1416,20,Side,,24.61,18.62,45.0,,171.24,,159.87
1416,21,Side,,19.01,18.62,48.11,,173.23,,156.65
1416,22,Side,,0.6,22.52,68.29,,177.99,,160.15
1416,23,Side,,1.25,19.31,62.59,,177.99,,160.15
1416,24,Side,,5.91,21.97,81.87,,179.39,,159.95
1416,25,Side,,14.04,23.4,95.19,,179.39,,159.95
1416,26,Side,,56.69,82.15,160.82,,162.88,,153.19
1416,27,Side,,74.95,84.59,171.64,,160.57,,161.92
1416,28,Side,,77.08,87.17,166.93,,158.74,,165.11
1416,29,Side,,62.35,96.34,173.63,,154.68,,166.96
1416,30,Side,,78.92,89.29,166.69,,164.69,,161.0
1416,31,Side,,82.22,118.94,164.54,,169.45,,157.28
1416,32,Side,,87.84,159.22,159.22,,172.96,,157.95
1416,33,Side,,83.5,167.14,167.14,,175.86,,158.2
1416,34,Side,,83.0,172.04,172.04,,178.37,,156.89
1416,35,Side,,84.21,174.85,174.85,,174.16,,157.25
1416,36,Side,,84.68,175.75,175.75,,171.29,,157.64
1416,37,Side,,88.5,142.53,176.54,,162.92,,157.63
1416,38,Side,,94.03,138.42,172.11,,164.44,,166.54
1416,39,Side,,103.31,131.29,171.66,,159.04,,174.15
1416,40,Side,,99.22,133.59,173.96,,164.32,,177.24
1416,41,Side,,93.07,133.59,175.36,,167.67,,175.95
1416,42,Side,,88.89,145.4,178.2,,164.98,,178.65
1416,43,Side,,90.14,150.84,174.93,,160.53,,178.23
1416,44,Side,,89.88,164.82,176.42,,156.5,,176.46
1416,45,Side,,93.53,158.14,174.16,,149.16,,172.56
1416,46,Side,,91.26,158.14,170.08,,149.3,,174.39
1416,47,Side,,85.36,149.04,172.43,,156.26,,173.11
1417,1,Side,55.03,,167.04,167.39,173.15,,162.66,
1417,2,Side,50.97,,161.31,175.45,170.76,,163.96,
1417,3,Side,44.42,,149.95,176.32,169.42,,166.6,
1417,4,Side,39.33,,142.64,164.05,165.54,,173.0,
1417,5,Side,31.65,,130.02,130.02,164.68,,173.28,
1417,6,Side,27.81,,122.86,122.86,165.13,,171.83,
1417,7,Side,23.8,,114.03,114.03,166.01,,168.89,
1417,8,Side,15.81,,101.59,101.59,169.62,,164.36,
1417,9,Side,18.39,,95.64,95.64,175.23,,155.12,
1417,10,Side,10.84,,85.54,85.54,176.77,,154.94,
1417,11,Side,5.25,,84.86,84.86,177.83,,159.15,
1417,12,Side,0.72,,80.56,63.51,177.84,,159.27,
1417,13,Side,12.06,,72.72,57.08,162.54,,168.78,
1417,14,Side,9.84,,65.97,85.1,178.15,,159.96,
1417,15,Side,11.4,,61.44,82.01,179.26,,159.96,
1417,16,Side,17.61,,60.74,80.87,163.72,,168.28,
1417,17,Side,13.47,,58.24,86.53,176.23,,160.0,
1417,18,Side,17.21,,57.81,85.55,162.97,,168.28,
1417,19,Side,11.5,,55.44,81.74,176.96,,160.79,
1417,20,Side,17.22,,49.19,79.47,161.78,,169.07,
1417,21,Side,16.17,,41.85,71.57,161.78,,170.1,
1417,22,Side,17.11,,37.03,65.16,161.12,,170.1,
1417,23,Side,21.22,,34.52,65.69,164.16,,170.89,
1417,24,Side,20.09,,46.03,71.77,163.62,,170.89,
1417,25,Side,15.95,,63.03,80.84,164.45,,169.36,
1417,26,Side,14.58,,71.5,88.22,164.99,,170.16,
1417,27,Side,9.44,,80.94,91.63,164.86,,169.42,
1417,28,Side,5.61,,84.01,86.55,164.86,,170.22,
1417,29,Side,5.66,,90.13,94.33,164.38,,170.48,
1417,30,Side,4.25,,91.51,95.15,164.28,,171.27,
1417,31,Side,4.57,,89.84,64.15,164.28,,171.27,
1417,32,Side,1.31,,93.52,93.52,164.57,,171.37,
1417,33,Side,6.11,,102.99,60.49,161.74,,170.61,
1417,34,Side,13.11,,110.2,68.5,166.75,,167.58,
1417,35,Side,27.0,,119.55,80.87,179.97,,159.0,
1417,36,Side,32.47,,132.46,93.5,178.22,,160.76,
1417,37,Side,39.55,,141.22,98.88,177.96,,161.83,
1417,38,Side,40.64,,143.76,108.92,175.34,,165.5,
1417,39,Side,45.37,,148.42,117.35,178.77,,164.74,
1417,40,Side,50.07,,154.49,178.6,179.02,,163.56,
1417,41,Side,54.34,,162.43,176.42,178.12,,161.98,
1417,42,Side,59.63,,168.21,176.63,173.15,,160.08,
1417,43,Side,60.26,,170.99,176.88,174.57,,161.96,
1417,44,Side,62.84,,173.5,176.7,171.98,,161.35,
1417,45,Side,63.31,,172.22,177.66,171.19,,163.31,
1418,1,Side,60.9,,176.98,166.97,172.94,,153.38,
1418,2,Side,53.56,,169.59,169.79,175.73,,155.9,
1418,3,Side,46.85,,160.2,165.73,178.89,,160.85,
1418,4,Side,43.78,,151.59,156.84,179.1,,160.99,
1418,5,Side,39.29,,143.91,143.91,179.44,,158.75,
1418,6,Side,26.11,,126.87,126.87,172.42,,159.23,
1418,7,Side,19.05,,113.02,113.02,179.35,,157.74,
1418,8,Side,14.71,,106.59,68.25,178.62,,153.38,
1418,9,Side,1.65,,92.22,60.55,177.69,,151.88,
1418,10,Side,6.69,,86.34,48.5,174.53,,157.67,
1418,11,Side,14.66,,77.41,44.52,173.26,,155.34,
1418,12,Side,16.25,,74.45,43.49,178.63,,149.79,
1418,13,Side,24.85,,59.06,41.69,177.27,,148.98,
1418,14,Side,22.09,,62.1,37.72,176.06,,150.6,
1418,15,Side,24.24,,60.85,39.26,172.97,,148.74,
1418,16,Side,15.95,,63.93,63.93,168.31,,147.15,
1418,17,Side,7.02,,82.4,82.4,172.34,,147.92,
1418,18,Side,10.32,,101.82,101.82,172.94,,147.84,
1418,19,Side,14.13,,108.62,108.62,179.76,,151.45,
1418,20,Side,22.82,,116.32,92.44,175.61,,151.96,
1418,21,Side,24.15,,119.1,89.38,172.64,,153.43,
1418,22,Side,38.99,,141.49,117.05,178.36,,162.06,
1418,23,Side,50.76,,157.5,176.66,169.06,,154.44,
1418,24,Side,53.5,,165.51,179.79,170.51,,154.13,
1418,25,Side,54.48,,167.52,173.42,166.46,,150.26,
1418,26,Side,52.51,,171.29,168.33,170.69,,150.07,
1418,27,Side,54.95,,179.0,168.46,178.4,,153.95,
1419,1,Side,55.3,128.87,176.73,162.31,175.96,97.68,,
1419,2,Side,52.03,131.59,176.73,161.83,174.36,94.31,,
1419,3,Side,48.39,131.55,169.72,160.58,172.71,96.4,,
1419,4,Side,47.95,132.08,169.28,159.19,171.87,98.11,,
1419,5,Side,43.88,126.87,160.59,163.95,174.6,99.46,,
1419,6,Side,43.73,130.95,159.32,163.91,173.76,99.15,,
1419,7,Side,43.73,81.0,157.13,115.82,174.71,116.46,,
1419,8,Side,41.63,61.43,154.51,104.08,172.53,126.7,,
1419,9,Side,34.07,55.33,143.82,96.34,169.07,130.13,,
1419,10,Side,30.87,48.46,144.3,86.63,167.41,128.9,,
1419,11,Side,16.44,32.94,119.97,67.17,173.94,129.31,,
1419,12,Side,9.46,19.26,114.22,65.25,174.79,148.85,,
1419,13,Side,0.43,12.17,104.21,55.38,173.7,144.65,,
1419,14,Side,0.43,18.88,104.27,67.41,175.23,147.6,,
1419,15,Side,1.97,0.0,100.84,41.99,175.23,148.5,,
1419,16,Side,1.0,0.0,101.58,40.6,175.71,146.31,,
1419,17,Side,1.0,6.07,101.58,40.6,177.76,158.0,,
1419,18,Side,3.54,2.54,98.34,39.29,171.87,143.77,,
1419,19,Side,0.0,2.49,100.06,39.29,173.9,143.0,,
1419,20,Side,3.06,1.44,96.87,37.0,169.17,142.58,,
1419,21,Side,0.19,1.25,98.27,39.29,173.97,147.05,,
1419,22,Side,0.34,2.2,98.32,40.25,171.03,149.53,,
1419,23,Side,0.34,2.2,98.32,40.25,171.03,149.53,,
1419,24,Side,0.62,1.75,98.13,42.9,170.25,152.56,,
1419,25,Side,0.62,2.99,98.13,42.9,168.09,152.05,,
1419,26,Side,11.63,16.22,114.0,63.16,163.27,165.69,,
1419,27,Side,14.69,19.56,121.2,66.11,161.15,164.47,,
1419,28,Side,11.98,17.1,118.5,65.56,159.67,166.44,,
1419,29,Side,12.03,18.3,125.54,69.58,147.03,166.44,,
1419,30,Side,18.08,18.82,136.77,79.26,145.95,166.99,,
1419,31,Side,16.95,12.97,135.35,72.73,149.73,167.56,,
1419,32,Side,20.22,15.26,133.32,77.91,165.23,167.76,,
1419,33,Side,26.15,17.72,140.44,77.91,162.39,165.29,,
1419,34,Side,18.06,26.1,135.8,88.75,156.58,165.96,,
1419,35,Side,31.75,33.18,142.78,99.57,170.53,162.93,,
1419,36,Side,44.47,58.13,154.35,122.35,178.98,156.3,,
1419,37,Side,51.94,107.76,158.98,156.54,173.84,144.8,,
1419,38,Side,54.68,124.44,163.93,154.54,177.41,123.67,,
1419,39,Side,50.52,127.66,159.04,156.83,179.44,118.29,,
1419,40,Side,53.97,129.6,165.9,156.73,179.26,114.46,,
1419,41,Side,53.04,127.79,166.62,158.54,176.8,113.84,,
1419,42,Side,60.9,126.87,178.03,156.8,172.96,109.48,,
1419,43,Side,63.43,129.58,178.36,157.52,170.04,102.41,,
1420,1,Side,,61.6,178.53,173.54,,174.19,,157.9
1420,2,Side,,58.59,176.27,171.18,,177.85,,159.44
1420,3,Side,,49.34,175.94,150.1,,179.89,,160.82
1420,4,Side,,43.88,166.22,145.47,,176.37,,161.44
1420,5,Side,,38.43,84.29,135.84,,175.33,,162.2
1420,6,Side,,32.9,72.16,128.38,,173.76,,158.5
1420,7,Side,,23.81,55.66,110.36,,171.32,,156.32
1420,8,Side,,12.86,37.35,88.49,,172.63,,157.27
1420,9,Side,,1.1,84.53,84.53,,175.12,,152.59
1420,10,Side,,6.79,71.57,71.57,,177.16,,153.07
1420,11,Side,,13.97,40.14,64.12,,178.65,,152.11
1420,12,Side,,16.62,44.58,64.65,,174.69,,155.56
1420,13,Side,,17.86,47.41,55.3,,177.4,,157.62
1420,14,Side,,12.03,49.41,60.07,,173.98,,160.62
1420,15,Side,,13.21,49.4,61.31,,172.8,,159.13
1420,16,Side,,15.98,54.27,70.24,,172.76,,160.54
1420,17,Side,,17.94,43.26,66.99,,173.98,,164.19
1420,18,Side,,18.23,40.09,72.1,,171.54,,165.26
1420,19,Side,,13.31,74.83,74.83,,172.41,,160.56
1420,20,Side,,6.75,90.0,90.0,,166.91,,161.08
1420,21,Side,,0.42,39.15,90.78,,164.05,,162.07
1420,22,Side,,10.62,51.58,107.1,,166.26,,160.94
1420,23,Side,,24.69,62.82,119.91,,179.79,,156.26
1420,24,Side,,31.89,78.83,133.08,,172.26,,160.53
1420,25,Side,,40.14,149.79,142.86,,171.03,,165.34
1420,26,Side,,46.71,160.35,148.27,,172.17,,165.95
1420,27,Side,,54.65,165.83,163.1,,170.95,,169.64
1420,28,Side,,55.65,166.62,163.78,,177.58,,163.41
1420,29,Side,,60.68,165.37,169.11,,171.87,,157.01
1420,30,Side,,59.87,166.34,165.04,,170.28,,157.44
1421,1,Side,,52.16,146.3,179.6,,174.81,,170.21
1421,2,Side,,50.67,154.1,175.6,,178.76,,168.82
1421,3,Side,,46.61,157.83,165.14,,177.87,,166.42
1421,4,Side,,41.75,159.44,156.9,,177.39,,165.96
1421,5,Side,,37.35,167.75,144.34,,174.57,,163.71
1421,6,Side,,24.76,77.38,131.83,,173.73,,170.79
1421,7,Side,,20.33,69.38,124.16,,176.61,,165.75
1421,8,Side,,16.34,114.88,114.88,,177.42,,160.71
1421,9,Side,,7.87,102.73,102.73,,177.53,,155.91
1421,10,Side,,0.18,94.53,94.53,,177.69,,159.5
1421,11,Side,,12.96,78.68,78.68,,177.39,,164.6
1421,12,Side,,14.97,75.58,75.58,,175.99,,167.99
1421,13,Side,,16.35,76.02,76.02,,174.82,,169.16
1421,14,Side,,18.45,75.87,75.87,,171.59,,169.2
1421,15,Side,,20.45,69.7,69.7,,173.66,,167.11
1421,16,Side,,22.64,66.64,66.64,,174.71,,163.18
1421,17,Side,,22.15,67.29,67.29,,174.71,,164.74
1421,18,Side,,22.28,66.41,66.41,,175.6,,165.96
1421,19,Side,,17.21,71.27,71.27,,175.52,,167.2
1421,20,Side,,12.59,79.12,79.12,,176.5,,168.44
1421,21,Side,,9.6,72.34,72.34,,179.96,,165.89
1421,22,Side,,3.37,88.15,88.15,,178.97,,167.36
1421,23,Side,,1.15,90.66,90.66,,177.0,,168.57
1421,24,Side,,1.96,86.73,86.73,,178.34,,168.84
1421,25,Side,,5.29,45.9,94.63,,174.18,,169.98
1421,26,Side,,9.65,53.77,101.45,,171.41,,168.6
1421,27,Side,,20.73,68.14,117.91,,174.74,,164.49
1421,28,Side,,28.07,138.94,127.8,,174.16,,165.01
1421,29,Side,,37.13,147.37,140.84,,177.35,,163.89
1421,30,Side,,43.1,149.41,149.45,,179.85,,163.29
1421,31,Side,,39.31,162.4,150.24,,178.08,,163.7
1421,32,Side,,48.31,142.18,159.33,,179.81,,167.73
1421,33,Side,,55.24,142.18,174.63,,179.05,,170.31
1422,1,Side,63.11,91.94,174.6,174.39,179.73,178.31,168.08,170.73
1422,2,Side,57.22,93.37,174.43,177.12,178.43,173.66,167.92,168.81
1422,3,Side,51.14,108.58,168.0,158.89,176.01,176.67,167.73,168.81
1422,4,Side,45.37,109.86,158.96,156.23,174.32,178.15,166.22,172.6
1422,5,Side,39.94,105.22,150.65,156.82,172.24,171.13,166.17,174.02
1422,6,Side,34.7,107.97,140.86,153.6,172.98,170.81,163.39,169.4
1422,7,Side,24.68,107.74,134.36,152.65,162.59,173.87,168.86,161.21
1422,8,Side,17.47,24.99,124.85,70.67,161.6,177.01,167.74,157.11
1422,9,Side,9.79,14.47,113.18,60.26,162.3,175.88,166.51,152.7
1422,10,Side,5.28,10.12,108.94,54.12,163.96,177.31,164.22,150.21
1422,11,Side,0.94,3.23,100.23,100.23,154.14,175.59,179.68,150.44
1422,12,Side,6.22,0.26,93.75,93.75,161.46,176.35,164.04,154.22
1422,13,Side,9.4,3.43,87.04,96.11,163.17,164.44,163.22,154.87
1422,14,Side,12.86,20.81,82.74,123.1,164.7,162.04,163.3,158.24
1422,15,Side,14.68,29.0,76.55,110.96,167.09,162.16,162.28,159.87
1422,16,Side,16.44,35.02,72.7,110.94,172.36,151.61,158.83,164.79
1422,17,Side,17.27,38.69,72.86,103.94,172.06,155.82,160.64,161.94
1422,18,Side,18.08,36.13,72.97,103.94,171.72,159.66,164.19,161.9
1422,19,Side,18.97,39.36,73.01,101.0,172.83,158.65,164.07,160.74
1422,20,Side,19.93,36.87,72.98,101.0,172.65,163.47,166.36,161.55
1422,21,Side,18.45,39.04,76.47,100.36,175.79,164.59,165.62,162.73
1422,22,Side,17.47,40.87,76.68,98.99,176.9,165.75,167.43,165.74
1422,23,Side,17.45,37.73,79.7,102.84,174.78,167.93,169.38,163.71
1422,24,Side,17.45,32.98,79.7,110.21,174.78,164.1,169.38,169.12
1422,25,Side,16.35,31.42,82.77,110.85,175.06,164.15,171.27,170.7
1422,26,Side,15.87,27.92,81.27,113.62,175.04,161.16,170.93,177.84
1422,27,Side,15.06,28.22,83.82,113.39,173.03,161.79,170.93,176.54
1422,28,Side,11.0,23.29,88.99,116.94,171.25,163.2,169.65,174.55
1422,29,Side,7.96,80.78,92.21,6.27,169.11,171.09,170.96,178.28
1422,30,Side,4.91,0.53,95.34,38.9,168.22,171.24,170.11,173.28
1422,31,Side,1.02,2.85,100.59,44.15,169.22,170.07,167.44,174.69
1422,32,Side,4.82,7.78,105.71,50.49,169.11,170.64,167.62,174.8
1422,33,Side,10.58,10.97,112.75,57.53,170.07,166.56,166.44,174.36
1422,34,Side,14.74,19.94,120.38,64.07,166.6,177.69,167.83,156.75
1422,35,Side,20.17,26.16,126.87,69.44,166.73,179.19,168.04,156.42
1422,36,Side,24.71,103.53,132.8,157.95,167.63,177.51,167.16,153.75
1422,37,Side,32.22,105.5,143.52,160.62,170.62,172.12,167.74,155.68
1422,38,Side,39.06,79.99,150.91,166.3,174.46,164.18,168.12,158.47
1422,39,Side,47.17,91.54,161.29,178.5,177.78,166.69,167.43,160.02
1422,40,Side,49.95,92.27,170.06,179.05,174.11,164.92,171.38,160.92
1422,41,Side,53.29,93.03,179.18,176.97,172.22,167.11,172.54,161.79
1422,42,Side,53.67,90.0,178.19,177.47,173.08,169.04,171.82,162.7
1423,1,Side,,,167.17,168.99,,,,
1423,2,Side,,,159.67,175.5,,,,
1423,3,Side,,,153.86,175.73,,,,
1423,4,Side,,,146.95,174.58,,,,
1423,5,Side,,,140.59,162.86,,,,
1423,6,Side,,,128.93,155.26,,,,
1423,7,Side,,,123.93,146.34,,,,
1423,8,Side,,,118.89,142.37,,,,
1423,9,Side,,,111.45,136.3,,,,
1423,10,Side,,,105.31,130.89,,,,
1423,11,Side,,,98.47,122.47,,,,
1423,12,Side,,,92.63,121.08,,,,
1423,13,Side,,,91.07,111.04,,,,
1423,14,Side,,,87.98,100.73,,,,
1423,15,Side,,,76.87,80.42,,,,
1423,16,Side,,,74.87,68.35,,,,
1423,17,Side,,,72.62,76.64,,,,
1423,18,Side,,,71.0,76.08,,,,
1423,19,Side,,,68.6,73.66,,,,
1423,20,Side,,,67.68,73.27,,,,
1423,21,Side,,,67.25,72.03,,,,
1423,22,Side,,,66.21,73.61,,,,
1423,23,Side,,,64.28,71.24,,,,
1423,24,Side,,,63.62,68.49,,,,
1423,25,Side,,,60.6,60.26,,,,
1423,26,Side,,,64.52,55.21,,,,
1423,27,Side,,,71.15,61.11,,,,
1423,28,Side,,,73.05,72.28,,,,
1423,29,Side,,,73.01,73.24,,,,
1423,30,Side,,,72.15,73.11,,,,
1423,31,Side,,,78.05,75.6,,,,
1423,32,Side,,,79.75,78.31,,,,
1423,33,Side,,,82.33,81.11,,,,
1423,34,Side,,,79.92,82.96,,,,
1423,35,Side,,,83.76,87.21,,,,
1423,36,Side,,,87.46,76.86,,,,
1423,37,Side,,,95.38,90.18,,,,
1423,38,Side,,,102.43,104.04,,,,
1423,39,Side,,,118.1,119.54,,,,
1423,40,Side,,,126.18,132.13,,,,
1423,41,Side,,,131.19,136.06,,,,
1423,42,Side,,,140.35,146.77,,,,
1423,43,Side,,,143.56,152.18,,,,
1423,44,Side,,,150.17,163.5,,,,
1423,45,Side,,,151.86,174.09,,,,
1423,46,Side,,,154.51,177.42,,,,
1423,47,Side,,,160.0,174.84,,,,
1423,48,Side,,,162.84,174.84,,,,
1423,49,Side,,,165.36,173.52,,,,
1424,1,Side,64.01,,161.51,169.38,169.28,,173.26,
1424,2,Side,63.07,,162.41,169.75,169.85,,170.76,
1424,3,Side,58.26,,157.71,177.13,172.71,,169.01,
1424,4,Side,53.72,,154.16,178.0,174.14,,169.95,
1424,5,Side,49.55,,149.19,177.03,175.09,,169.47,
1424,6,Side,45.4,,145.01,171.87,176.44,,167.69,
1424,7,Side,7.75,,98.88,98.88,172.04,,169.61,
1424,8,Side,2.29,,94.72,94.72,174.04,,169.45,
1424,9,Side,2.69,,89.75,89.75,175.67,,167.94,
1424,10,Side,10.11,,80.93,80.93,179.58,,170.87,
1424,11,Side,11.73,,80.71,80.71,176.6,,172.54,
1424,12,Side,11.33,,82.7,54.11,176.64,,171.46,
1424,13,Side,15.48,,83.12,53.33,176.64,,170.43,
1424,14,Side,13.39,,79.97,56.06,173.73,,172.17,
1424,15,Side,13.73,,80.15,54.32,172.37,,172.06,
1424,16,Side,12.85,,78.87,53.12,172.89,,172.06,
1424,17,Side,14.61,,77.76,52.83,173.36,,169.88,
1424,18,Side,13.92,,76.4,52.1,174.74,,169.21,
1424,19,Side,12.82,,68.88,51.25,177.59,,166.2,
1424,20,Side,12.49,,67.72,51.52,176.68,,168.06,
1424,21,Side,13.39,,58.14,47.1,178.09,,167.15,
1424,22,Side,14.73,,55.88,44.22,177.59,,167.15,
1424,23,Side,16.62,,55.81,43.09,177.59,,166.2,
1424,24,Side,14.64,,70.14,43.05,179.0,,165.29,
1424,25,Side,13.12,,74.81,46.51,179.5,,166.24,
1424,26,Side,11.25,,80.15,49.9,179.5,,166.24,
1424,27,Side,11.45,,83.06,54.25,179.63,,165.36,
1424,28,Side,10.73,,87.21,54.28,179.63,,164.41,
1424,29,Side,12.67,,85.94,56.86,179.12,,165.36,
1424,30,Side,10.61,,91.26,55.07,179.98,,167.22,
1424,31,Side,11.55,,89.99,55.7,179.09,,169.08,
1424,32,Side,10.49,,86.03,54.89,177.63,,168.29,
1424,33,Side,3.75,,94.03,63.58,178.86,,167.45,
1424,34,Side,0.71,,102.92,102.92,177.97,,166.71,
1424,35,Side,5.82,,89.7,89.7,179.66,,172.47,
1424,36,Side,4.81,,90.72,90.72,178.74,,171.46,
1424,37,Side,0.56,,91.87,91.87,177.89,,172.5,
1424,38,Side,9.47,,97.14,97.14,175.2,,171.78,
1424,39,Side,7.47,,95.74,125.39,174.19,,172.71,
1424,40,Side,10.84,,100.4,127.78,171.71,,171.19,
1424,41,Side,22.37,,116.39,149.29,170.2,,169.15,
1424,42,Side,27.23,,119.11,152.22,167.38,,167.82,
1424,43,Side,32.85,,123.5,159.42,168.74,,176.57,
1424,44,Side,36.84,,124.9,159.88,165.04,,177.41,
1424,45,Side,38.81,,126.77,161.21,158.84,,168.79,
1424,46,Side,40.25,,134.02,166.96,164.31,,171.12,
1424,47,Side,40.41,,134.67,165.23,164.47,,170.8,
1425,1,Side,70.08,,167.05,165.54,160.43,,168.68,
1425,2,Side,71.57,,170.77,159.82,163.14,,169.8,
1425,3,Side,66.03,,164.37,167.03,165.68,,169.95,
1425,4,Side,68.78,,167.8,155.8,169.47,,172.07,
1425,5,Side,56.95,,156.32,178.45,171.94,,171.03,
1425,6,Side,46.61,,138.5,165.36,169.25,,171.08,
1425,7,Side,43.11,,138.37,138.37,173.72,,171.07,
1425,8,Side,29.91,,121.72,121.72,172.66,,164.42,
1425,9,Side,22.76,,116.47,116.47,176.55,,165.89,
1425,10,Side,19.33,,113.87,113.87,179.25,,167.26,
1425,11,Side,7.26,,100.21,100.21,176.07,,168.64,
1425,12,Side,8.45,,85.67,47.11,174.41,,169.94,
1425,13,Side,12.34,,83.11,45.0,177.23,,167.12,
1425,14,Side,18.61,,74.85,40.6,178.09,,167.97,
1425,15,Side,18.92,,72.35,40.09,179.19,,163.67,
1425,16,Side,19.75,,68.29,37.48,178.68,,167.77,
1425,17,Side,18.97,,67.45,38.22,178.19,,161.54,
1425,18,Side,19.06,,62.79,37.87,177.23,,159.47,
1425,19,Side,19.75,,59.36,38.21,177.16,,159.65,
1425,20,Side,22.78,,53.81,36.87,177.17,,159.4,
1425,21,Side,21.02,,51.91,33.57,177.2,,159.65,
1425,22,Side,21.02,,50.36,32.32,177.2,,159.65,
1425,23,Side,21.92,,38.74,27.6,177.28,,159.73,
1425,24,Side,23.44,,33.38,23.29,176.04,,157.93,
1425,25,Side,24.08,,35.74,24.5,177.17,,159.65,
1425,26,Side,27.09,,47.79,31.48,177.11,,159.65,
1425,27,Side,27.82,,52.43,34.61,176.06,,157.77,
1425,28,Side,27.84,,63.43,37.54,177.19,,159.47,
1425,29,Side,27.84,,68.33,38.2,177.19,,159.47,
1425,30,Side,27.95,,66.2,39.47,178.59,,159.55,
1425,31,Side,24.37,,69.75,39.7,178.49,,160.58,
1425,32,Side,13.91,,78.69,43.75,177.5,,161.3,
1425,33,Side,8.07,,86.15,86.15,177.62,,163.14,
1425,34,Side,15.43,,76.73,76.73,176.8,,167.86,
1425,35,Side,0.67,,88.53,88.53,176.66,,173.22,
1425,36,Side,13.48,,104.09,104.09,174.19,,169.33,
1425,37,Side,25.85,,113.61,113.61,173.07,,171.03,
1425,38,Side,38.27,,128.77,128.77,172.25,,170.73,
1425,39,Side,51.33,,138.18,169.26,167.83,,171.07,
1425,40,Side,54.6,,141.09,176.62,161.99,,162.05,
1425,41,Side,61.9,,146.88,177.94,157.36,,162.02,
1425,42,Side,60.07,,147.86,177.66,160.43,,164.19,
1425,43,Side,66.06,,157.28,170.68,161.65,,165.02,
1425,44,Side,69.46,,164.18,160.66,163.81,,169.77,
1425,45,Side,71.74,,168.69,155.47,164.57,,170.61,
1425,46,Side,73.18,,170.16,153.43,161.23,,168.72,
1426,1,Side,50.11,61.14,172.87,172.87,172.75,174.75,163.33,174.75
1426,2,Side,51.92,64.59,168.69,168.69,174.47,171.03,164.56,175.87
1426,3,Side,46.03,59.7,164.96,164.96,172.0,169.4,168.54,174.51
1426,4,Side,41.87,55.4,150.93,150.93,172.41,168.4,169.27,173.45
1426,5,Side,29.09,44.71,143.53,143.53,164.44,172.48,172.31,174.76
1426,6,Side,26.87,44.53,131.82,131.82,164.31,168.94,172.12,173.04
1426,7,Side,20.83,38.4,120.64,120.64,166.44,166.91,170.92,171.95
1426,8,Side,18.71,35.18,116.07,116.07,168.55,166.79,169.73,171.74
1426,9,Side,18.21,31.81,111.35,111.35,173.34,166.7,167.6,171.54
1426,10,Side,12.28,26.62,99.52,99.52,174.56,164.16,167.34,170.78
1426,11,Side,7.77,20.2,92.25,92.25,178.3,163.24,165.2,169.24
1426,12,Side,5.41,17.06,89.23,53.6,179.12,167.2,164.03,172.35
1426,13,Side,2.77,20.73,87.62,50.84,179.2,171.61,160.96,176.18
1426,14,Side,0.32,19.08,83.96,51.72,177.82,168.84,157.98,174.12
1426,15,Side,2.67,20.05,79.77,48.84,173.84,167.09,153.69,174.27
1426,16,Side,4.33,11.92,76.87,67.9,170.05,177.46,151.68,173.37
1426,17,Side,4.33,12.1,77.47,70.17,171.03,176.78,153.94,172.38
1426,18,Side,4.4,13.72,74.93,63.92,172.3,174.16,156.18,172.17
1426,19,Side,5.64,12.68,70.78,64.84,172.41,174.65,158.2,171.43
1426,20,Side,5.64,12.68,68.08,63.25,173.4,174.65,160.24,171.43
1426,21,Side,15.97,12.68,62.47,60.95,178.65,174.45,165.01,171.18
1426,22,Side,12.75,15.65,66.65,58.98,178.67,175.83,163.13,171.43
1426,23,Side,10.67,18.23,71.2,60.53,177.78,174.77,162.23,172.47
1426,24,Side,9.15,11.03,73.58,65.44,178.67,174.77,167.98,172.47
1426,25,Side,8.19,10.15,73.58,66.41,179.63,172.76,169.07,171.53
1426,26,Side,5.91,10.15,77.28,67.54,179.66,171.82,168.27,169.55
1426,27,Side,1.03,11.43,81.54,68.77,173.57,174.03,164.56,171.81
1426,28,Side,3.6,10.05,83.55,68.98,173.74,171.94,164.62,170.89
1426,29,Side,6.4,10.01,88.18,71.57,170.62,174.18,159.34,170.89
1426,30,Side,6.04,8.58,90.84,74.05,171.42,175.23,159.34,170.81
1426,31,Side,6.52,10.68,93.19,73.61,172.17,177.34,161.32,170.81
1426,32,Side,5.19,7.15,91.42,77.16,173.02,179.0,162.41,172.77
1426,33,Side,9.98,19.02,98.82,50.28,172.9,161.57,161.44,171.68
1426,34,Side,19.76,29.68,113.45,113.45,177.75,166.86,162.53,172.55
1426,35,Side,16.73,28.12,110.15,110.15,175.55,162.3,162.53,171.65
1426,36,Side,21.45,33.76,114.87,114.87,173.36,159.87,160.43,171.37
1426,37,Side,35.39,48.75,133.15,133.15,173.39,157.22,159.46,168.36
1426,38,Side,35.43,53.28,133.27,133.27,174.81,149.77,160.19,164.9
1426,39,Side,44.45,66.6,145.24,145.24,175.05,141.84,160.32,160.04
1426,40,Side,47.98,74.87,150.71,150.71,177.97,134.84,163.5,156.9
1426,41,Side,55.33,85.17,162.64,162.64,178.1,131.14,163.65,156.94
1426,42,Side,58.24,87.4,167.52,167.52,175.75,131.59,160.99,157.35
1426,43,Side,61.72,91.32,173.88,173.88,175.93,131.16,160.02,155.96
1426,44,Side,63.3,92.96,177.25,177.25,175.63,128.1,159.47,152.04
1426,45,Side,62.98,92.62,177.83,177.83,176.52,129.03,160.55,153.06
1426,46,Side,63.39,92.91,178.34,178.34,178.29,132.51,160.59,155.62
1427,1,Side,,57.87,168.46,168.46,,169.99,,167.39
1427,2,Side,,54.54,163.44,163.44,,168.49,,169.14
1427,3,Side,,44.05,148.13,148.13,,170.12,,168.54
1427,4,Side,,39.55,140.62,140.62,,174.18,,161.06
1427,5,Side,,28.0,124.16,124.16,,172.62,,166.58
1427,6,Side,,17.59,111.49,111.49,,175.24,,159.05
1427,7,Side,,11.5,99.87,99.87,,173.64,,162.44
1427,8,Side,,0.32,86.5,86.5,,169.79,,170.47
1427,9,Side,,20.81,71.57,71.57,,153.48,,179.89
1427,10,Side,,23.67,54.26,54.26,,175.55,,170.02
1427,11,Side,,15.3,57.43,57.43,,175.61,,168.39
1427,12,Side,,13.48,63.32,63.32,,176.21,,166.77
1427,13,Side,,16.66,56.85,56.85,,178.92,,162.82
1427,14,Side,,15.66,57.72,57.72,,176.41,,162.31
1427,15,Side,,12.14,65.19,65.19,,178.69,,162.58
1427,16,Side,,9.13,68.2,68.2,,178.69,,163.74
1427,17,Side,,2.94,82.68,82.68,,177.31,,161.06
1427,18,Side,,14.77,99.64,99.64,,179.97,,162.01
1427,19,Side,,30.2,118.74,118.74,,179.95,,162.97
1427,20,Side,,38.37,130.97,130.97,,179.95,,162.71
1427,21,Side,,48.78,145.92,145.92,,173.77,,163.44
1427,22,Side,,51.8,153.51,153.51,,172.82,,164.72
1427,23,Side,,56.85,163.39,163.39,,172.33,,164.01
1427,24,Side,,57.43,168.09,168.09,,169.44,,164.26
1427,25,Side,,60.33,164.74,164.74,,172.67,,165.49
1427,26,Side,,61.16,163.14,163.14,,173.67,,165.98
1428,1,Side,40.03,35.39,146.49,55.45,167.07,172.87,169.99,161.57
1428,2,Side,34.77,32.74,128.17,49.28,168.69,171.71,177.51,157.4
1428,3,Side,30.08,30.96,112.45,43.54,167.68,169.81,176.86,155.68
1428,4,Side,26.39,28.23,105.76,34.06,163.38,165.32,171.08,131.46
1428,5,Side,24.64,24.86,96.5,30.54,165.56,167.26,169.25,130.68
1428,6,Side,20.43,24.71,83.71,86.62,167.03,162.37,168.06,126.87
1428,7,Side,15.6,21.76,78.47,84.12,160.3,166.69,161.38,130.11
1428,8,Side,13.52,168.03,74.02,29.62,156.31,169.04,156.4,131.18
1428,9,Side,9.48,157.69,70.93,19.09,153.13,170.93,157.48,129.81
1428,10,Side,8.13,139.45,67.96,2.4,152.2,170.83,158.3,128.72
1428,11,Side,7.09,129.9,68.46,6.65,152.29,171.78,158.3,127.79
1428,12,Side,6.9,130.68,67.16,6.65,152.42,174.66,156.95,128.07
1428,13,Side,5.21,122.83,63.97,11.95,156.21,171.46,160.49,123.14
1428,14,Side,4.81,120.29,61.38,13.94,157.81,173.42,158.3,126.87
1428,15,Side,5.69,113.15,59.37,19.41,159.44,174.23,153.85,128.3
1428,16,Side,5.69,111.54,57.75,24.7,159.44,178.14,151.66,133.26
1428,17,Side,6.98,106.23,62.05,29.05,160.34,176.09,150.46,136.35
1428,18,Side,7.32,98.1,63.26,36.22,159.48,177.1,150.46,150.59
1428,19,Side,7.45,94.61,63.16,40.31,159.71,176.0,150.46,150.59
1428,20,Side,7.68,96.34,64.52,39.68,157.18,174.99,146.77,148.76
1428,21,Side,7.98,97.44,66.58,39.17,159.88,172.89,149.04,152.32
1428,22,Side,8.43,106.28,66.46,31.47,158.9,171.75,149.04,150.47
1428,23,Side,8.65,112.92,67.89,27.07,156.31,168.51,145.36,154.27
1428,24,Side,9.06,106.91,69.36,33.69,155.25,167.52,145.36,152.19
1428,25,Side,10.31,106.91,69.36,33.69,157.88,166.55,146.75,156.25
1428,26,Side,10.86,9.91,72.54,86.06,155.42,165.44,143.08,156.25
1428,27,Side,12.4,9.26,74.08,87.62,156.8,163.23,144.46,156.25
1428,28,Side,12.97,9.01,75.78,88.66,155.67,161.94,144.46,153.16
1428,29,Side,13.94,10.03,74.67,87.45,158.88,164.08,146.54,155.39
1428,30,Side,16.54,11.77,76.19,87.94,160.66,167.32,144.98,151.32
1428,31,Side,19.62,13.03,82.92,90.45,158.63,167.07,146.31,153.76
1428,32,Side,23.24,20.29,86.43,93.33,162.12,179.28,149.68,145.93
1428,33,Side,30.12,23.21,95.75,95.4,166.16,175.04,153.84,141.09
1428,34,Side,33.99,23.97,107.96,38.28,166.49,177.6,161.92,142.36
1428,35,Side,32.85,25.92,112.1,40.87,157.3,174.69,158.38,138.5
1428,36,Side,33.17,28.74,119.48,41.42,154.76,167.89,158.2,131.86
1428,37,Side,32.04,28.76,131.0,47.15,151.02,170.85,160.26,133.98
1428,38,Side,39.31,73.66,156.12,158.89,144.1,176.28,156.01,136.05
1428,39,Side,40.63,73.66,158.83,158.89,142.06,177.44,151.83,140.15
1428,40,Side,40.63,73.66,158.83,158.89,142.06,177.44,151.83,140.15
1428,41,Side,40.63,73.66,158.83,158.89,140.06,178.62,147.72,144.38
1429,1,Side,73.7,,165.83,165.83,173.83,,169.2,
1429,2,Side,72.92,,162.79,162.79,173.99,,168.39,
1429,3,Side,76.21,,163.73,163.73,172.87,,168.55,
1429,4,Side,73.65,,158.64,158.64,173.7,,169.15,
1429,5,Side,72.3,,154.87,154.87,172.96,,166.4,
1429,6,Side,71.45,,151.65,151.65,171.74,,165.71,
1429,7,Side,64.22,,144.76,144.76,172.18,,165.08,
1429,8,Side,60.89,,140.23,140.23,173.91,,165.58,
1429,9,Side,42.09,,122.35,122.35,173.98,,165.22,
1429,10,Side,34.41,,113.77,113.77,177.16,,169.37,
1429,11,Side,13.02,,92.68,40.02,178.28,,169.35,
1429,12,Side,6.9,,88.99,36.37,178.56,,169.25,
1429,13,Side,1.67,,81.16,34.51,177.88,,168.27,
1429,14,Side,2.0,,76.37,33.12,177.15,,167.17,
1429,15,Side,4.91,,72.39,31.56,177.52,,168.06,
1429,16,Side,10.67,,65.52,29.61,177.8,,167.84,
1429,17,Side,13.2,,61.76,28.81,177.86,,167.06,
1429,18,Side,14.74,,60.0,29.42,175.39,,164.47,
1429,19,Side,14.74,,60.0,29.19,175.39,,164.65,
1429,20,Side,16.84,,57.65,29.19,173.16,,161.55,
1429,21,Side,16.01,,58.47,30.0,172.29,,160.76,
1429,22,Side,15.26,,58.11,31.06,173.26,,162.64,
1429,23,Side,12.11,,59.75,32.14,172.4,,161.78,
1429,24,Side,10.3,,62.25,33.24,174.04,,163.65,
1429,25,Side,7.43,,63.64,34.37,174.04,,164.57,
1429,26,Side,6.81,,64.86,64.86,177.71,,166.36,
1429,27,Side,6.75,,77.75,77.75,175.33,,168.75,
1429,28,Side,20.22,,89.85,89.85,170.39,,167.27,
1429,29,Side,39.09,,109.65,109.65,168.69,,168.69,
1429,30,Side,53.62,,124.18,124.18,164.43,,166.37,
1429,31,Side,65.87,,136.01,166.9,161.27,,167.63,
1429,32,Side,70.75,,144.25,160.95,163.86,,168.24,
1429,33,Side,74.74,,150.44,154.76,164.33,,167.48,
1429,34,Side,76.19,,155.25,152.09,166.91,,169.08,
1429,35,Side,76.72,,158.74,148.6,169.01,,168.71,
1429,36,Side,77.55,,164.48,140.5,171.68,,169.13,
1429,37,Side,77.01,,165.26,140.79,174.02,,172.14,
1429,38,Side,80.28,,166.92,145.41,171.54,,170.82,
1429,39,Side,80.71,,169.92,152.42,172.68,,171.09,
1430,1,Side,,59.46,171.63,171.63,,164.5,,152.01
1430,2,Side,,57.88,168.34,168.34,,166.13,,149.57
1430,3,Side,,54.43,162.17,162.17,,167.67,,149.56
1430,4,Side,,50.09,154.44,154.44,,166.17,,147.19
1430,5,Side,,44.66,147.53,147.53,,167.41,,142.61
1430,6,Side,,46.54,147.07,147.07,,165.21,,143.08
1430,7,Side,,42.92,143.45,143.45,,164.51,,140.68
1430,8,Side,,41.88,138.48,138.48,,163.69,,146.73
1430,9,Side,,34.94,127.17,127.17,,162.17,,144.06
1430,10,Side,,28.49,120.54,120.54,,165.29,,147.35
1430,11,Side,,10.87,102.38,102.38,,163.73,,142.51
1430,12,Side,,9.91,100.38,100.38,,173.76,,157.1
1430,13,Side,,1.35,97.13,97.13,,179.38,,163.62
1430,14,Side,,6.98,90.0,90.0,,178.93,,165.56
1430,15,Side,,8.89,89.55,89.55,,179.8,,165.56
1430,16,Side,,11.61,86.72,86.72,,178.35,,167.52
1430,17,Side,,13.51,81.42,81.42,,178.26,,168.93
1430,18,Side,,15.14,75.96,75.96,,177.16,,168.93
1430,19,Side,,15.12,59.26,78.69,,177.14,,168.93
1430,20,Side,,14.04,58.34,78.69,,174.09,,166.97
1430,21,Side,,14.04,78.69,78.69,,174.09,,166.97
1430,22,Side,,8.51,76.86,76.86,,170.13,,157.16
1430,23,Side,,7.43,76.86,76.86,,174.09,,168.38
1430,24,Side,,7.43,76.86,76.86,,174.09,,168.38
1430,25,Side,,11.31,78.69,78.69,,174.09,,168.38
1430,26,Side,,12.93,75.96,75.96,,166.17,,156.84
1430,27,Side,,12.29,74.0,74.0,,166.17,,156.84
1430,28,Side,,6.64,76.52,76.52,,173.35,,170.07
1430,29,Side,,5.47,76.52,76.52,,170.58,,168.48
1430,30,Side,,5.52,76.52,76.52,,165.42,,158.69
1430,31,Side,,5.52,76.52,76.52,,165.42,,158.69
1430,32,Side,,4.33,76.52,76.52,,162.94,,157.4
1430,33,Side,,4.81,66.45,66.45,,158.32,,154.84
1430,34,Side,,3.28,64.61,64.61,,157.23,,156.31
1430,35,Side,,3.28,64.61,64.61,,157.23,,156.31
1430,36,Side,,9.24,63.27,63.27,,157.1,,156.31
1430,37,Side,,8.13,65.92,65.92,,154.31,,154.63
1430,38,Side,,1.42,69.98,69.98,,155.41,,154.63
1430,39,Side,,0.16,72.67,72.67,,156.52,,154.63
1430,40,Side,,0.41,78.28,78.28,,156.52,,156.11
1430,41,Side,,1.39,81.11,81.11,,158.07,,156.48
1430,42,Side,,1.39,81.11,81.11,,158.07,,156.48
1430,43,Side,,3.43,84.29,84.29,,158.69,,155.95
1430,44,Side,,6.8,87.66,87.66,,157.03,,154.29
1430,45,Side,,21.44,109.31,109.31,,165.7,,157.49
1430,46,Side,,24.98,116.88,116.88,,166.88,,157.49
1430,47,Side,,29.59,122.68,122.68,,166.41,,155.83
1430,48,Side,,26.79,120.01,120.01,,166.41,,155.83
1430,49,Side,,31.77,127.51,127.51,,168.93,,155.83
1430,50,Side,,34.24,129.85,129.85,,168.93,,157.37
1430,51,Side,,37.42,99.72,134.43,,170.33,,157.37
1430,52,Side,,40.77,107.15,141.84,,171.53,,157.37
1430,53,Side,,40.58,100.08,136.59,,170.21,,155.1
1430,54,Side,,46.2,110.13,146.92,,172.58,,157.29
1430,55,Side,,49.72,124.91,157.38,,172.82,,156.3
1430,56,Side,,49.16,132.58,164.59,,176.41,,163.61
1430,57,Side,,55.09,138.18,170.19,,177.79,,164.24
1430,58,Side,,59.3,141.17,173.18,,180.0,,166.46
1430,59,Side,,64.52,141.67,173.67,,172.21,,167.96
1430,60,Side,,66.87,142.61,176.62,,172.87,,169.28
1430,61,Side,,57.66,115.92,155.02,,169.38,,169.01
1430,62,Side,,63.52,122.91,164.54,,173.83,,169.88
1431,1,Side,,56.35,167.73,169.95,,179.47,,167.13
1431,2,Side,,52.19,170.07,159.08,,178.45,,169.55
1431,3,Side,,45.72,175.59,146.99,,178.8,,171.06
1431,4,Side,,40.7,98.13,133.97,,176.31,,168.2
1431,5,Side,,35.54,85.82,120.07,,174.53,,168.31
1431,6,Side,,29.52,71.09,106.1,,176.31,,173.04
1431,7,Side,,20.88,64.2,99.23,,178.95,,174.07
1431,8,Side,,10.55,88.78,88.78,,179.71,,167.02
1431,9,Side,,6.15,77.11,77.69,,174.81,,161.76
1431,10,Side,,4.26,60.99,70.75,,178.81,,163.41
1431,11,Side,,11.18,51.12,62.05,,179.4,,161.6
1431,12,Side,,8.94,50.87,56.19,,177.52,,164.18
1431,13,Side,,12.98,46.56,53.13,,177.7,,160.88
1431,14,Side,,16.05,45.25,52.45,,179.02,,167.84
1431,15,Side,,19.1,42.89,49.36,,178.97,,167.99
1431,16,Side,,21.46,41.95,47.89,,176.81,,169.26
1431,17,Side,,15.78,52.12,56.89,,178.08,,168.92
1431,18,Side,,11.18,56.5,64.86,,179.35,,170.66
1431,19,Side,,3.58,56.52,70.35,,177.37,,166.07
1431,20,Side,,0.58,77.22,77.22,,178.26,,166.32
1431,21,Side,,3.9,82.42,82.42,,177.04,,165.1
1431,22,Side,,11.01,93.32,93.32,,177.69,,165.73
1431,23,Side,,14.71,60.5,101.51,,178.62,,167.17
1431,24,Side,,23.94,74.52,114.38,,179.15,,167.94
1431,25,Side,,25.89,79.25,119.1,,177.84,,160.69
1431,26,Side,,31.97,88.28,128.13,,179.02,,161.03
1431,27,Side,,38.82,102.82,140.82,,177.76,,161.94
1431,28,Side,,42.5,176.38,148.28,,179.71,,165.84
1431,29,Side,,46.07,173.66,154.8,,178.56,,166.88
1431,30,Side,,47.27,171.87,161.11,,173.69,,174.78
1431,31,Side,,55.04,165.35,172.85,,172.72,,176.96
1432,1,Front/Back,164.52,180.0,164.52,180.0,101.21,109.96,52.42,80.3
1432,2,Front/Back,161.43,180.0,161.43,180.0,101.21,109.96,52.42,80.3
1432,3,Front/Back,158.91,180.0,158.91,180.0,101.21,109.96,52.42,80.3
1432,4,Front/Back,161.07,180.0,161.07,180.0,101.21,109.96,52.42,80.3
1432,5,Front/Back,159.47,180.0,159.47,180.0,101.21,109.96,52.42,80.3
1432,6,Front/Back,155.32,180.0,155.32,180.0,101.21,109.96,52.42,80.3
1432,7,Front/Back,161.48,180.0,161.48,180.0,101.21,109.96,52.42,80.3
1432,8,Front/Back,165.19,180.0,165.19,180.0,101.21,109.96,52.42,80.3
1432,9,Front/Back,180.0,180.0,180.0,180.0,101.21,109.96,52.42,80.3
1432,10,Front/Back,180.0,180.0,180.0,180.0,101.21,109.96,52.42,80.3
1432,11,Front/Back,180.0,180.0,180.0,180.0,101.21,109.96,52.42,80.3
1432,12,Front/Back,166.57,167.36,166.57,167.36,101.21,109.96,52.42,80.3
1432,13,Front/Back,167.41,155.71,167.41,155.71,101.21,109.96,52.42,80.3
1432,14,Front/Back,170.36,173.07,170.36,173.07,101.21,109.96,52.42,80.3
1432,15,Front/Back,180.0,163.37,180.0,163.37,101.21,109.96,52.42,80.3
1432,16,Front/Back,180.0,164.96,180.0,164.96,101.21,109.96,37.48,81.75
1432,17,Front/Back,180.0,162.03,180.0,162.03,101.21,109.96,23.99,80.3
1432,18,Front/Back,180.0,157.97,180.0,157.97,101.21,109.96,101.21,27.21
1432,19,Front/Back,180.0,163.0,180.0,163.0,101.21,109.96,101.21,26.69
1432,20,Front/Back,173.33,156.84,173.33,156.84,101.21,109.96,101.21,33.29
1432,21,Front/Back,169.29,156.84,169.29,156.84,101.21,109.96,52.81,91.4
1432,22,Front/Back,167.63,163.0,167.63,163.0,101.21,109.96,71.77,109.96
1432,23,Front/Back,162.32,163.31,162.32,163.31,101.21,109.96,101.21,109.96
1432,24,Front/Back,162.48,171.5,162.48,171.5,101.54,105.04,74.06,94.95
1432,25,Front/Back,160.62,160.49,160.62,160.49,108.43,107.26,79.91,94.58
1432,26,Front/Back,160.28,154.71,155.0,154.71,119.48,115.97,104.81,115.97
1432,27,Front/Back,164.28,163.56,156.15,163.56,128.97,124.69,100.45,112.0
1432,28,Front/Back,142.22,140.27,159.93,167.6,150.98,137.63,151.48,152.27
1432,29,Front/Back,179.97,179.97,179.97,179.97,179.96,179.96,179.96,179.96
1432,30,Front/Back,144.38,155.58,165.19,173.07,159.18,162.51,179.98,179.99
1432,31,Front/Back,180.0,180.0,180.0,167.42,173.95,171.22,144.62,151.88
1432,32,Front/Back,141.4,124.54,180.0,151.69,135.35,132.19,173.95,171.22
1432,33,Front/Back,180.0,160.54,180.0,143.33,173.95,171.22,155.55,152.65
1432,34,Front/Back,180.0,157.97,180.0,157.97,173.95,171.22,173.95,164.63
1432,35,Front/Back,154.8,153.69,154.8,153.69,173.95,171.22,155.55,152.65
1432,36,Front/Back,180.0,161.91,180.0,161.91,173.95,171.22,173.95,153.99
1432,37,Front/Back,180.0,161.91,180.0,161.91,173.95,171.22,173.95,156.05
1432,38,Front/Back,180.0,170.07,180.0,170.07,173.95,171.22,156.37,156.61
1432,39,Front/Back,180.0,164.89,180.0,164.89,173.95,171.22,173.95,159.76
1432,40,Front/Back,180.0,167.85,180.0,167.85,173.95,171.22,173.95,159.76
1432,41,Front/Back,180.0,167.84,180.0,167.85,173.95,171.2,173.95,156.05
1432,42,Front/Back,162.75,167.34,162.75,167.36,173.95,171.2,155.07,149.4
1432,43,Front/Back,148.86,157.56,160.62,157.57,162.19,171.2,173.95,155.43
1432,44,Front/Back,145.37,157.36,157.12,157.38,162.19,171.2,173.95,162.28
1432,45,Front/Back,180.0,180.0,180.0,180.0,173.95,171.22,173.95,153.12
1432,46,Front/Back,180.0,180.0,180.0,180.0,173.95,171.22,173.95,153.12
1432,47,Front/Back,180.0,180.0,180.0,180.0,173.95,171.22,173.95,153.12
1432,48,Front/Back,180.0,180.0,180.0,180.0,173.95,171.22,173.95,153.12
1432,49,Front/Back,180.0,180.0,180.0,180.0,173.95,171.22,173.95,153.12
1432,50,Front/Back,180.0,175.94,180.0,180.0,173.95,167.15,173.95,153.12
1432,51,Front/Back,180.0,180.0,180.0,180.0,173.95,171.22,173.95,153.12
1432,52,Front/Back,150.29,142.38,180.0,180.0,144.24,133.59,173.95,153.12
1432,53,Front/Back,150.29,146.02,180.0,180.0,144.24,137.23,173.95,153.12
1432,54,Front/Back,134.21,131.94,180.0,180.0,128.16,123.16,173.95,153.12
1432,55,Front/Back,132.22,124.06,180.0,180.0,126.17,115.28,173.95,153.12
1432,56,Front/Back,125.4,120.23,180.0,180.0,119.35,111.44,173.95,153.12
1432,57,Front/Back,130.62,120.23,180.0,180.0,124.57,111.44,173.95,153.12
1432,58,Front/Back,126.55,120.72,180.0,180.0,120.5,111.94,173.95,153.12
1432,59,Front/Back,127.89,123.44,180.0,180.0,121.84,114.65,173.95,153.12
1432,60,Front/Back,133.51,124.83,180.0,180.0,127.46,116.05,173.95,153.12
1432,61,Front/Back,139.88,129.32,180.0,180.0,133.83,120.54,173.95,153.12
1432,62,Front/Back,136.59,129.32,180.0,180.0,130.54,120.54,173.95,153.12
1432,63,Front/Back,132.12,130.56,180.0,180.0,126.07,121.78,173.95,153.12
1432,64,Front/Back,132.12,130.56,180.0,180.0,126.07,121.78,173.95,153.12
1432,65,Front/Back,127.89,129.69,180.0,180.0,121.84,120.9,173.95,153.12
1432,66,Front/Back,129.31,131.94,180.0,180.0,123.26,123.16,173.95,153.12
1432,67,Front/Back,125.4,130.78,180.0,180.0,119.35,122.0,173.95,153.12
1432,68,Front/Back,140.99,141.86,180.0,180.0,134.94,133.08,173.95,153.12
1432,69,Front/Back,150.29,153.38,180.0,180.0,144.24,144.6,173.95,153.12
1432,70,Front/Back,151.81,160.59,180.0,180.0,145.76,151.81,173.95,153.12
1432,71,Front/Back,180.0,172.95,180.0,180.0,173.95,164.17,173.95,153.12
1432,72,Front/Back,180.0,172.95,180.0,180.0,173.95,164.17,173.95,153.12
1432,73,Front/Back,180.0,180.0,180.0,180.0,173.95,171.22,173.95,153.12
1432,74,Front/Back,161.86,166.57,180.0,180.0,155.81,157.79,173.95,153.12
1432,75,Front/Back,171.37,180.0,180.0,180.0,165.32,171.22,173.95,153.12
1432,76,Front/Back,180.0,180.0,180.0,180.0,173.95,171.22,173.95,153.12
1432,77,Front/Back,180.0,180.0,180.0,180.0,173.95,171.22,173.95,153.12
1432,78,Front/Back,179.98,180.0,180.0,180.0,173.93,171.22,173.95,153.12
1432,79,Front/Back,180.0,180.0,180.0,180.0,173.95,171.22,173.95,153.12
1432,80,Front/Back,157.03,180.0,180.0,180.0,150.98,171.22,173.95,153.12
1432,81,Front/Back,180.0,180.0,180.0,180.0,173.95,171.22,173.95,153.12
1433,1,Side,87.03,,170.67,155.41,154.98,,173.18,
1433,2,Side,85.19,,167.95,155.37,155.47,,172.12,
1433,3,Side,82.88,,167.95,151.7,159.08,,172.62,
1433,4,Side,81.8,,166.77,148.14,156.64,,165.85,
1433,5,Side,78.39,,164.23,148.59,159.19,,163.41,
1433,6,Side,69.97,,164.54,147.37,170.66,,165.73,
1433,7,Side,73.21,,163.21,169.38,162.91,,160.95,
1433,8,Side,63.64,,160.73,179.08,176.1,,164.46,
1433,9,Side,65.01,,158.2,176.14,170.93,,159.67,
1433,10,Side,62.21,,156.8,175.4,173.56,,158.91,
1433,11,Side,60.28,,156.58,171.65,175.78,,157.59,
1433,12,Side,58.81,,157.75,174.81,177.95,,156.48,
1433,13,Side,56.72,,156.09,173.8,179.18,,155.17,
1433,14,Side,56.43,,160.1,178.53,178.88,,153.96,
1433,15,Side,52.38,,154.33,172.67,175.73,,154.54,
1433,16,Side,51.9,,158.21,179.14,172.79,,156.13,
1433,17,Side,44.96,,152.38,171.07,166.86,,156.93,
1433,18,Side,42.9,,150.32,150.32,165.76,,158.04,
1433,19,Side,39.62,,148.48,148.48,161.71,,159.55,
1433,20,Side,37.95,,148.84,148.84,160.57,,159.87,
1433,21,Side,31.36,,146.67,146.67,149.86,,166.17,
1433,22,Side,28.66,,143.13,143.13,148.87,,166.34,
1433,23,Side,24.39,,141.2,141.2,144.69,,167.37,
1433,24,Side,23.03,,138.48,138.48,146.05,,166.39,
1433,25,Side,20.26,,132.66,132.66,148.03,,164.97,
1433,26,Side,20.15,,129.61,152.08,154.28,,160.66,
1433,27,Side,17.38,,125.31,69.93,155.8,,159.63,
1433,28,Side,11.14,,115.69,69.27,156.78,,160.77,
1433,29,Side,6.54,,106.44,66.31,159.85,,159.61,
1433,30,Side,0.18,,96.81,60.24,161.4,,159.07,
1433,31,Side,3.94,,90.91,55.97,162.61,,159.36,
1433,32,Side,5.89,,87.68,51.29,163.88,,159.36,
1433,33,Side,7.34,,83.86,44.42,164.75,,158.46,
1433,34,Side,10.04,,80.18,43.17,164.74,,158.72,
1433,35,Side,11.95,,76.48,40.52,164.15,,159.31,
1433,36,Side,11.95,,76.48,45.87,164.15,,159.31,
1433,37,Side,12.18,,75.17,45.23,163.92,,159.31,
1433,38,Side,12.18,,75.17,47.52,163.92,,159.31,
1433,39,Side,11.43,,75.3,49.13,163.25,,159.31,
1433,40,Side,13.04,,74.21,47.22,163.25,,159.31,
1433,41,Side,13.22,,70.99,46.56,163.25,,159.31,
1433,42,Side,13.88,,71.57,47.19,162.58,,159.31,
1433,43,Side,13.88,,71.57,45.88,162.58,,159.31,
1433,44,Side,15.33,,71.87,45.3,162.58,,159.31,
1433,45,Side,14.37,,73.49,45.33,161.92,,159.31,
1433,46,Side,15.99,,71.2,44.59,161.92,,159.31,
1433,47,Side,14.18,,73.68,43.54,161.92,,159.31,
1433,48,Side,13.97,,75.11,43.54,161.36,,160.72,
1433,49,Side,10.92,,79.58,41.92,160.7,,160.72,
1433,50,Side,8.55,,80.8,42.1,161.92,,160.16,
1433,51,Side,5.72,,86.06,42.1,161.67,,159.31,
1433,52,Side,3.98,,89.85,41.02,161.0,,159.31,
1433,53,Side,1.48,,95.9,41.05,161.0,,159.31,
1433,54,Side,4.76,,102.53,43.5,161.0,,159.31,
1433,55,Side,8.51,,108.24,46.43,160.35,,159.31,
1433,56,Side,9.55,,111.05,46.71,160.35,,159.31,
1433,57,Side,10.65,,113.95,47.53,159.79,,160.72,
1433,58,Side,10.65,,113.95,49.01,159.79,,160.72,
1433,59,Side,13.76,,121.51,47.91,159.14,,160.72,
1433,60,Side,11.89,,119.8,48.04,159.14,,160.72,
1433,61,Side,11.18,,115.41,49.63,159.14,,160.72,
1433,62,Side,16.35,,126.52,47.94,158.5,,160.72,
1433,63,Side,13.94,,118.53,49.46,158.5,,160.72,
1433,64,Side,16.21,,123.25,48.19,157.86,,160.72,
1433,65,Side,17.31,,124.63,50.32,157.59,,160.95,
1433,66,Side,18.77,,127.92,54.71,157.59,,160.95,
1433,67,Side,13.61,,123.25,56.31,157.59,,160.95,
1433,68,Side,15.42,,124.91,57.94,157.59,,160.95,
1433,69,Side,14.79,,125.2,59.85,157.55,,159.78,
1433,70,Side,22.87,,136.39,62.68,157.52,,159.55,
1433,71,Side,10.98,,119.17,64.44,162.85,,159.55,
1433,72,Side,11.12,,118.18,64.5,162.17,,159.58,
1433,73,Side,14.68,,123.29,69.25,160.62,,159.58,
1433,74,Side,18.07,,128.24,77.01,159.06,,159.58,
1433,75,Side,19.69,,129.64,81.08,157.47,,159.34,
1433,76,Side,22.52,,134.04,160.61,155.9,,159.34,
1433,77,Side,25.63,,139.33,162.26,153.72,,159.61,
1433,78,Side,27.38,,142.19,172.26,153.3,,158.82,
1433,79,Side,29.2,,145.99,145.99,150.35,,159.37,
1433,80,Side,32.62,,148.85,148.85,152.06,,159.06,
1433,81,Side,32.32,,148.06,148.06,151.12,,160.13,
1433,82,Side,34.87,,150.62,150.62,152.28,,158.97,
1433,83,Side,40.53,,155.48,155.48,153.62,,159.25,
1433,84,Side,41.39,,154.75,154.75,154.81,,158.28,
1433,85,Side,43.19,,156.95,156.95,152.17,,166.46,
1433,86,Side,44.22,,158.65,158.65,153.74,,163.44,
1433,87,Side,44.76,,156.0,156.0,156.64,,162.99,
1433,88,Side,46.8,,157.69,157.69,157.95,,163.22,
1433,89,Side,48.0,,158.25,158.25,160.35,,162.26,
1433,90,Side,50.89,,159.82,159.82,162.94,,161.78,
1433,91,Side,55.58,,168.55,168.55,164.19,,162.06,
1433,92,Side,58.75,,170.0,170.0,166.49,,162.98,
1433,93,Side,59.05,,165.71,165.71,168.6,,163.92,
1433,94,Side,59.98,,165.92,165.92,169.73,,165.11,
1433,95,Side,61.98,,167.21,167.21,169.87,,167.42,
1433,96,Side,64.98,,169.97,169.97,172.18,,168.66,
1433,97,Side,68.39,,171.16,171.16,176.18,,167.69,
1433,98,Side,69.72,,171.2,171.2,178.18,,168.79,
1433,99,Side,72.32,,170.79,170.79,179.07,,169.15,
1433,100,Side,75.41,,174.19,174.19,176.39,,170.26,
1433,101,Side,78.06,,175.34,175.34,174.34,,170.57,
1433,102,Side,78.96,,175.29,175.29,172.66,,170.69,
1433,103,Side,80.48,,175.29,156.43,170.28,,169.82,
1433,104,Side,82.63,,178.83,154.7,170.07,,170.46,
1433,105,Side,84.16,,178.83,158.03,168.75,,172.34,
1433,106,Side,84.98,,178.74,158.41,166.8,,171.5,
1433,107,Side,87.48,,179.82,159.83,164.86,,171.61,
1433,108,Side,88.36,,179.95,159.55,163.98,,172.66,
1433,109,Side,86.75,,179.95,157.21,165.83,,173.73,
1434,1,Side,,69.26,178.32,178.32,,177.15,,166.63
1434,2,Side,,66.51,176.52,176.52,,176.79,,165.3
1434,3,Side,,61.81,166.97,166.97,,178.0,,164.43
1434,4,Side,,55.92,155.99,155.99,,179.27,,162.3
1434,5,Side,,50.02,148.27,148.27,,178.85,,160.72
1434,6,Side,,40.85,121.02,121.02,,179.7,,158.91
1434,7,Side,,36.6,117.66,117.66,,179.89,,159.08
1434,8,Side,,31.81,111.04,111.04,,178.62,,157.83
1434,9,Side,,25.49,106.12,106.12,,178.08,,161.17
1434,10,Side,,9.71,89.05,89.05,,179.2,,156.5
1434,11,Side,,1.86,81.02,81.02,,177.83,,157.45
1434,12,Side,,3.92,70.43,70.43,,179.94,,160.01
1434,13,Side,,5.39,72.01,72.01,,177.23,,161.05
1434,14,Side,,5.54,73.6,73.6,,175.92,,163.47
1434,15,Side,,5.43,75.06,75.06,,174.57,,164.5
1434,16,Side,,5.43,74.42,74.42,,173.54,,165.54
1434,17,Side,,7.0,74.17,74.17,,174.55,,165.54
1434,18,Side,,8.88,75.53,75.53,,176.31,,164.5
1434,19,Side,,9.77,74.41,74.41,,178.28,,165.56
1434,20,Side,,11.5,75.41,75.41,,179.45,,164.41
1434,21,Side,,17.16,66.1,66.1,,178.56,,164.41
1434,22,Side,,16.43,66.09,66.09,,174.3,,164.67
1434,23,Side,,12.73,68.95,68.95,,168.67,,157.96
1434,24,Side,,4.41,74.14,74.14,,169.28,,159.12
1434,25,Side,,9.87,75.07,75.07,,171.3,,171.56
1434,26,Side,,2.24,80.52,80.52,,173.43,,169.29
1434,27,Side,,9.58,101.07,101.07,,170.63,,171.7
1434,28,Side,,31.75,113.74,113.74,,167.37,,158.35
1434,29,Side,,45.21,128.55,128.55,,168.13,,161.22
1434,30,Side,,54.98,142.75,142.75,,168.91,,160.78
1434,31,Side,,63.98,155.68,155.68,,169.89,,161.13
1434,32,Side,,67.54,164.16,164.16,,172.17,,165.27
1434,33,Side,,64.27,160.96,160.96,,175.26,,168.17
1434,34,Side,,70.64,172.56,172.56,,173.66,,166.62
1434,35,Side,,71.05,176.53,176.53,,175.68,,166.99
1434,36,Side,,72.02,178.32,178.32,,176.79,,169.54
1435,1,Side,,57.83,170.08,170.08,,171.19,,157.26
1435,2,Side,,56.17,168.69,168.69,,173.41,,155.3
1435,3,Side,,50.07,159.88,159.88,,175.26,,147.49
1435,4,Side,,41.92,146.43,146.43,,176.74,,149.5
1435,5,Side,,39.39,145.84,145.84,,178.16,,148.14
1435,6,Side,,28.96,129.25,129.25,,179.82,,145.79
1435,7,Side,,28.61,127.15,127.15,,169.36,,141.2
1435,8,Side,,17.51,115.05,115.05,,171.22,,144.05
1435,9,Side,,5.91,95.6,95.6,,176.02,,154.99
1435,10,Side,,15.4,84.29,84.29,,177.01,,154.94
1435,11,Side,,23.44,74.28,74.28,,178.74,,155.18
1435,12,Side,,31.26,63.04,63.04,,178.7,,156.04
1435,13,Side,,38.14,52.86,52.86,,175.4,,156.04
1435,14,Side,,35.19,56.53,56.53,,175.9,,154.97
1435,15,Side,,35.19,56.53,56.53,,177.02,,155.83
1435,16,Side,,33.59,58.94,58.94,,177.63,,155.88
1435,17,Side,,33.48,60.84,60.84,,177.51,,153.12
1435,18,Side,,32.82,59.62,59.62,,175.63,,154.81
1435,19,Side,,32.82,59.62,59.62,,175.63,,154.81
1435,20,Side,,27.71,62.51,62.51,,174.81,,151.77
1435,21,Side,,25.67,68.26,68.26,,176.25,,151.84
1435,22,Side,,24.85,70.66,70.66,,178.97,,152.99
1435,23,Side,,23.18,73.11,73.11,,179.76,,152.99
1435,24,Side,,23.77,74.56,74.56,,178.61,,151.84
1435,25,Side,,21.94,77.17,77.17,,179.39,,151.84
1435,26,Side,,22.62,76.64,76.64,,178.4,,150.7
1435,27,Side,,18.59,82.24,82.24,,179.97,,150.7
1435,28,Side,,14.98,87.95,87.95,,177.03,,151.29
1435,29,Side,,11.61,90.97,90.97,,179.42,,149.26
1435,30,Side,,6.15,97.42,97.42,,179.54,,149.2
1435,31,Side,,3.83,107.39,107.39,,176.81,,145.56
1435,32,Side,,17.3,123.69,123.69,,171.85,,139.82
1435,33,Side,,32.04,137.42,137.42,,169.8,,137.87
1435,34,Side,,47.38,147.56,147.56,,157.53,,135.37
1435,35,Side,,48.09,154.83,154.83,,169.54,,143.31
1435,36,Side,,50.37,156.26,156.26,,176.13,,156.3
1435,37,Side,,56.13,162.06,162.06,,168.19,,154.73
1435,38,Side,,59.59,165.79,165.79,,173.26,,164.42
1435,39,Side,,63.69,172.41,172.41,,173.63,,165.09
1435,40,Side,,65.93,174.64,174.64,,167.18,,153.23
1435,41,Side,,67.54,176.53,176.53,,166.53,,152.29
1436,1,Side,,76.8,178.67,178.67,,152.33,,150.36
1436,2,Side,,74.65,178.61,178.61,,152.33,,150.35
1436,3,Side,,71.47,174.12,174.12,,153.68,,150.16
1436,4,Side,,68.75,170.72,170.72,,156.58,,151.52
1436,5,Side,,61.98,168.59,168.59,,168.58,,157.3
1436,6,Side,,58.11,160.96,160.96,,170.74,,158.12
1436,7,Side,,55.17,159.11,159.11,,173.5,,157.37
1436,8,Side,,50.96,157.0,157.0,,176.34,,157.11
1436,9,Side,,44.79,149.97,149.97,,177.7,,158.49
1436,10,Side,,29.15,130.38,130.38,,175.24,,165.71
1436,11,Side,,24.06,120.21,120.21,,174.84,,159.25
1436,12,Side,,9.0,111.48,111.48,,169.08,,166.57
1436,13,Side,,8.09,105.2,105.2,,172.72,,147.18
1436,14,Side,,2.98,98.56,98.56,,174.54,,149.16
1436,15,Side,,2.11,92.1,92.1,,176.54,,151.18
1436,16,Side,,7.16,85.43,85.43,,174.32,,150.66
1436,17,Side,,9.67,81.03,81.03,,172.1,,149.99
1436,18,Side,,11.92,76.79,76.79,,169.83,,150.68
1436,19,Side,,10.17,77.69,77.69,,167.05,,149.64
1436,20,Side,,8.61,79.89,79.89,,168.56,,151.33
1436,21,Side,,7.05,80.54,80.54,,169.2,,151.33
1436,22,Side,,5.0,79.52,79.52,,168.32,,150.45
1436,23,Side,,4.92,81.12,81.12,,168.32,,149.64
1436,24,Side,,11.62,73.37,73.37,,169.83,,151.33
1436,25,Side,,10.29,73.68,73.68,,170.17,,151.19
1436,26,Side,,9.04,74.05,74.05,,171.8,,152.89
1436,27,Side,,8.94,77.62,77.62,,171.41,,152.47
1436,28,Side,,4.61,83.2,83.2,,170.41,,151.56
1436,29,Side,,0.48,88.05,88.05,,171.13,,150.74
1436,30,Side,,1.14,87.89,87.89,,171.13,,150.74
1436,31,Side,,2.34,94.59,94.59,,172.67,,152.47
1436,32,Side,,4.25,97.13,97.13,,172.99,,152.32
1436,33,Side,,5.67,99.16,99.16,,174.55,,154.06
1436,34,Side,,0.39,93.35,93.35,,169.23,,152.99
1436,35,Side,,4.49,98.72,98.72,,170.19,,151.87
1436,36,Side,,18.83,117.34,117.34,,174.48,,151.87
1436,37,Side,,24.42,126.43,126.43,,177.5,,153.64
1436,38,Side,,21.58,123.72,123.72,,177.63,,153.64
1436,39,Side,,28.91,130.6,130.6,,175.91,,154.03
1436,40,Side,,37.46,138.68,138.68,,172.98,,153.14
1436,41,Side,,44.12,145.33,145.33,,171.18,,152.91
1436,42,Side,,54.06,155.47,155.47,,167.44,,152.91
1436,43,Side,,60.68,160.79,160.79,,163.59,,153.05
1436,44,Side,,63.9,161.81,161.81,,158.78,,153.11
1436,45,Side,,66.02,165.34,165.34,,159.86,,154.64
1436,46,Side,,66.72,168.13,168.13,,163.23,,158.75
1436,47,Side,,68.14,170.2,170.2,,163.07,,159.9
1436,48,Side,,73.22,175.09,175.09,,162.88,,161.9
1436,49,Side,,79.95,178.67,178.67,,156.87,,159.05
1436,50,Side,,76.25,175.16,175.16,,155.03,,157.01
1436,51,Side,,82.79,179.92,179.92,,151.37,,155.17
1437,1,Side,,55.29,161.35,161.35,,177.42,,167.67
1437,2,Side,,50.47,153.56,153.56,,178.63,,166.82
1437,3,Side,,52.72,148.61,148.61,,170.4,,160.74
1437,4,Side,,47.92,138.79,138.79,,171.45,,160.48
1437,5,Side,,41.12,123.26,123.26,,171.18,,158.62
1437,6,Side,,36.49,112.44,112.44,,170.5,,156.56
1437,7,Side,,30.73,104.42,104.42,,172.22,,156.55
1437,8,Side,,25.61,98.46,98.46,,173.86,,157.1
1437,9,Side,,18.57,90.54,90.54,,175.24,,157.14
1437,10,Side,,12.24,83.37,83.37,,176.84,,157.13
1437,11,Side,,1.93,47.28,73.01,,172.66,,162.44
1437,12,Side,,2.04,46.76,73.47,,173.57,,162.32
1437,13,Side,,2.83,43.97,71.81,,174.22,,162.99
1437,14,Side,,3.03,43.53,70.32,,175.19,,162.47
1437,15,Side,,4.21,41.93,69.06,,175.4,,163.12
1437,16,Side,,4.92,67.5,67.5,,176.73,,162.98
1437,17,Side,,1.64,72.77,72.77,,177.15,,162.22
1437,18,Side,,1.13,72.82,72.82,,175.88,,162.72
1437,19,Side,,0.94,76.05,76.05,,175.66,,162.6
1437,20,Side,,4.78,79.89,79.89,,177.64,,161.15
1437,21,Side,,11.17,82.94,82.94,,172.39,,155.04
1437,22,Side,,21.15,99.24,99.24,,173.16,,157.65
1437,23,Side,,27.59,110.41,110.41,,179.42,,162.65
1437,24,Side,,34.94,119.29,119.29,,178.32,,163.68
1437,25,Side,,45.41,131.59,131.59,,177.7,,164.91
1437,26,Side,,49.95,84.79,138.37,,179.04,,170.37
1437,27,Side,,52.54,96.11,146.58,,179.41,,171.31
1437,28,Side,,55.8,107.89,155.77,,179.44,,169.46
1437,29,Side,,59.86,116.64,161.37,,179.79,,173.4
1437,30,Side,,58.04,127.39,168.44,,173.78,,174.82
1437,31,Side,,66.3,134.72,173.36,,175.23,,168.36
1438,1,Side,69.65,,176.04,176.04,153.94,,155.62,
1438,2,Side,66.13,,168.86,168.86,154.66,,154.83,
1438,3,Side,63.28,,165.59,165.59,154.46,,153.32,
1438,4,Side,58.68,,157.52,157.52,154.46,,151.79,
1438,5,Side,56.0,,151.7,151.7,154.09,,152.83,
1438,6,Side,49.03,,140.95,140.95,156.31,,153.8,
1438,7,Side,45.33,,133.6,133.6,158.62,,152.66,
1438,8,Side,40.33,,126.29,126.29,160.71,,153.43,
1438,9,Side,37.87,,120.47,120.47,161.18,,152.69,
1438,10,Side,31.86,,110.47,110.47,163.64,,156.57,
1438,11,Side,22.9,,101.31,101.31,167.96,,157.03,
1438,12,Side,18.55,,95.71,98.13,169.85,,160.06,
1438,13,Side,13.43,,90.59,93.95,172.6,,161.43,
1438,14,Side,7.97,,87.07,93.29,175.67,,163.12,
1438,15,Side,0.51,,77.31,88.85,176.18,,164.55,
1438,16,Side,11.37,,70.99,84.62,166.02,,173.47,
1438,17,Side,11.75,,67.37,84.84,170.84,,171.63,
1438,18,Side,8.5,,62.28,83.78,173.69,,164.51,
1438,19,Side,8.5,,63.74,84.37,173.89,,163.01,
1438,20,Side,9.8,,60.32,83.27,166.72,,152.07,
1438,21,Side,4.64,,69.5,95.83,172.02,,149.16,
1438,22,Side,8.05,,58.32,95.83,169.49,,159.16,
1438,23,Side,9.08,,58.32,93.96,170.53,,157.69,
1438,24,Side,13.63,,57.94,95.91,180.0,,163.01,
1438,25,Side,14.65,,57.94,97.09,178.98,,161.57,
1438,26,Side,14.38,,61.4,104.74,177.95,,161.57,
1438,27,Side,14.38,,61.4,91.42,177.95,,161.57,
1438,28,Side,12.67,,60.95,91.3,179.39,,160.6,
1438,29,Side,12.7,,63.12,86.82,177.92,,163.44,
1438,30,Side,7.38,,63.12,89.02,170.13,,156.81,
1438,31,Side,7.38,,63.12,86.86,169.97,,157.07,
1438,32,Side,6.72,,64.86,89.37,172.52,,160.65,
1438,33,Side,13.69,,63.74,90.86,175.54,,167.02,
1438,34,Side,12.97,,65.48,86.63,174.52,,167.02,
1438,35,Side,6.06,,67.23,80.78,173.74,,160.06,
1438,36,Side,11.95,,65.48,84.56,176.93,,164.25,
1438,37,Side,7.66,,70.78,88.12,177.31,,164.22,
1438,38,Side,4.86,,72.57,91.71,178.88,,161.43,
1438,39,Side,1.85,,76.21,94.91,169.22,,154.83,
1438,40,Side,6.53,,81.95,41.27,168.68,,154.62,
1438,41,Side,10.83,,96.15,47.03,168.45,,153.61,
1438,42,Side,17.24,,89.5,46.0,164.41,,155.43,
1438,43,Side,27.06,,98.38,47.81,158.82,,150.74,
1438,44,Side,31.26,,100.23,50.03,158.43,,155.33,
1438,45,Side,39.28,,106.36,53.3,153.41,,154.54,
1438,46,Side,47.29,,111.5,57.8,150.61,,157.67,
1438,47,Side,53.74,,119.9,66.56,149.04,,156.6,
1438,48,Side,55.92,,122.99,69.96,149.24,,158.96,
1438,49,Side,55.46,,132.34,78.69,147.9,,151.82,
1438,50,Side,58.08,,139.56,85.34,147.66,,150.68,
1438,51,Side,61.15,,145.7,139.37,147.91,,151.34,
1438,52,Side,64.29,,154.44,150.96,148.07,,152.68,
1438,53,Side,68.05,,163.53,150.96,153.26,,164.42,
1438,54,Side,69.63,,166.91,147.61,154.25,,166.83,
1438,55,Side,72.07,,175.89,145.12,157.51,,170.29,
1439,1,Side,65.51,,171.53,158.9,179.44,,164.42,
1439,2,Side,62.75,,166.39,155.88,179.53,,164.15,
1439,3,Side,60.28,,162.29,152.74,179.25,,163.41,
1439,4,Side,57.05,,157.28,147.17,178.54,,162.94,
1439,5,Side,54.34,,152.82,145.65,177.99,,162.2,
1439,6,Side,51.79,,148.82,140.23,177.29,,161.73,
1439,7,Side,48.94,,141.42,132.2,179.07,,162.42,
1439,8,Side,46.35,,134.86,122.68,179.89,,163.53,
1439,9,Side,39.82,,124.0,142.46,177.92,,162.8,
1439,10,Side,31.98,,111.41,130.03,176.37,,162.6,
1439,11,Side,22.79,,98.59,119.47,174.81,,162.38,
1439,12,Side,16.8,,92.49,114.01,174.94,,162.58,
1439,13,Side,8.78,,84.69,104.02,173.58,,161.79,
1439,14,Side,0.09,,75.89,95.71,173.93,,162.26,
1439,15,Side,8.3,,68.33,88.82,174.08,,162.76,
1439,16,Side,9.67,,71.24,71.24,177.92,,162.99,
1439,17,Side,11.99,,71.17,71.17,179.49,,162.8,
1439,18,Side,22.02,,62.43,62.43,175.0,,165.67,
1439,19,Side,22.04,,60.54,60.54,179.08,,162.04,
1439,20,Side,24.32,,58.43,58.43,177.98,,161.12,
1439,21,Side,25.62,,56.35,56.35,177.05,,161.45,
1439,22,Side,23.43,,58.26,58.26,176.85,,161.33,
1439,23,Side,21.42,,59.82,59.82,176.56,,162.0,
1439,24,Side,19.34,,62.23,62.23,176.36,,161.82,
1439,25,Side,18.14,,63.13,63.13,175.55,,161.64,
1439,26,Side,15.1,,65.73,87.63,176.44,,164.43,
1439,27,Side,2.36,,80.51,100.14,179.54,,165.27,
1439,28,Side,2.79,,84.43,103.87,178.52,,167.11,
1439,29,Side,11.55,,93.7,112.58,179.22,,168.2,
1439,30,Side,19.14,,103.09,121.76,177.96,,170.59,
1439,31,Side,26.48,,109.71,127.21,177.8,,167.85,
1439,32,Side,35.6,,120.28,138.57,176.43,,166.17,
1439,33,Side,42.46,,130.53,110.94,178.17,,166.2,
1439,34,Side,49.38,,139.02,118.03,176.07,,163.79,
1439,35,Side,52.89,,143.67,128.85,173.64,,161.79,
1439,36,Side,55.72,,149.58,138.23,175.15,,162.89,
1439,37,Side,60.81,,157.19,147.09,174.6,,162.97,
1439,38,Side,62.58,,159.71,154.5,173.93,,162.18,
1439,39,Side,65.2,,164.86,158.84,174.39,,161.84,
1439,40,Side,68.2,,170.16,160.57,174.09,,161.63,
1440,1,Side,,70.15,175.21,175.21,,164.17,,162.54
1440,2,Side,,68.21,178.2,178.2,,164.97,,164.19
1440,3,Side,,64.8,176.53,176.53,,166.25,,165.29
1440,4,Side,,62.21,169.7,169.7,,164.63,,164.44
1440,5,Side,,56.93,159.33,159.33,,165.59,,164.76
1440,6,Side,,50.82,156.8,156.8,,177.17,,170.9
1440,7,Side,,53.2,152.97,152.97,,165.97,,163.52
1440,8,Side,,51.64,148.07,148.07,,165.04,,162.3
1440,9,Side,,49.77,143.61,143.61,,165.16,,162.11
1440,10,Side,,41.91,127.77,127.77,,162.6,,158.38
1440,11,Side,,40.93,122.47,122.47,,162.12,,159.76
1440,12,Side,,37.16,117.91,117.91,,161.79,,156.74
1440,13,Side,,33.69,112.85,112.85,,161.11,,156.7
1440,14,Side,,30.66,110.26,110.26,,161.74,,156.16
1440,15,Side,,25.25,104.04,104.04,,162.25,,155.6
1440,16,Side,,20.87,99.42,99.42,,160.69,,153.77
1440,17,Side,,16.27,93.94,93.94,,160.34,,153.38
1440,18,Side,,12.02,88.88,88.88,,161.04,,154.95
1440,19,Side,,2.07,83.29,83.29,,177.58,,166.93
1440,20,Side,,2.31,85.03,85.03,,174.67,,167.94
1440,21,Side,,1.53,90.58,90.58,,169.12,,168.3
1440,22,Side,,2.19,93.95,93.95,,170.1,,168.15
1440,23,Side,,4.61,95.54,95.54,,172.87,,166.21
1440,24,Side,,17.2,98.61,98.61,,164.63,,154.05
1440,25,Side,,14.93,92.34,92.34,,159.64,,153.07
1440,26,Side,,17.08,94.52,94.52,,158.7,,152.16
1440,27,Side,,24.22,108.95,108.95,,163.43,,151.98
1440,28,Side,,27.32,113.79,113.79,,165.16,,152.73
1440,29,Side,,31.77,118.24,118.24,,163.77,,151.34
1440,30,Side,,34.61,122.69,122.69,,164.9,,151.73
1440,31,Side,,37.14,126.8,126.8,,162.29,,147.65
1440,32,Side,,39.01,129.46,129.46,,161.46,,146.83
1440,33,Side,,42.85,134.59,134.59,,167.81,,158.94
1440,34,Side,,44.64,138.73,138.73,,165.91,,156.19
1440,35,Side,,47.82,143.97,143.97,,166.91,,157.81
1440,36,Side,,48.13,145.59,145.59,,166.58,,156.98
1440,37,Side,,52.14,152.52,152.52,,165.79,,155.95
1440,38,Side,,54.12,156.99,156.99,,166.42,,156.49
1440,39,Side,,56.67,162.24,162.24,,165.11,,155.18
1440,40,Side,,56.8,165.23,165.23,,167.24,,156.72
1440,41,Side,,58.85,169.32,169.32,,161.09,,147.66
1440,42,Side,,62.63,175.16,175.16,,163.79,,154.18
1440,43,Side,,62.76,156.78,175.29,,162.89,,153.28
1440,44,Side,,65.93,160.52,179.12,,162.01,,153.34
1440,45,Side,,68.11,164.48,179.27,,158.82,,152.48
1440,46,Side,,68.36,166.88,179.27,,163.12,,159.95
1440,47,Side,,61.63,169.57,174.78,,177.88,,169.78
1440,48,Side,,61.63,169.57,174.78,,176.58,,172.1
1440,49,Side,,62.85,169.57,174.78,,179.09,,170.81
1441,1,Side,,55.88,169.71,169.71,,171.51,,174.17
1441,2,Side,,53.31,164.16,164.16,,171.45,,176.13
1441,3,Side,,50.99,161.2,161.2,,171.34,,175.81
1441,4,Side,,50.45,155.93,155.93,,173.34,,176.43
1441,5,Side,,47.27,148.44,148.44,,173.7,,176.77
1441,6,Side,,42.44,138.45,138.45,,173.49,,178.32
1441,7,Side,,39.17,132.56,132.56,,173.56,,177.92
1441,8,Side,,37.86,127.03,127.03,,173.41,,178.7
1441,9,Side,,35.98,121.34,121.34,,173.64,,178.53
1441,10,Side,,31.19,114.58,114.58,,171.51,,178.39
1441,11,Side,,29.24,108.3,108.3,,172.28,,177.71
1441,12,Side,,25.28,103.88,103.88,,169.9,,179.36
1441,13,Side,,22.14,97.32,97.32,,169.02,,179.26
1441,14,Side,,20.62,96.24,96.24,,168.14,,179.26
1441,15,Side,,15.79,89.23,89.23,,167.33,,178.78
1441,16,Side,,12.64,84.07,84.07,,165.37,,176.69
1441,17,Side,,10.31,81.53,81.53,,165.98,,178.03
1441,18,Side,,8.71,80.14,80.14,,166.5,,179.1
1441,19,Side,,5.34,73.96,73.96,,166.47,,179.33
1441,20,Side,,2.27,70.09,70.09,,166.8,,178.19
1441,21,Side,,0.22,68.04,68.04,,167.25,,175.59
1441,22,Side,,2.35,64.65,64.65,,168.76,,173.43
1441,23,Side,,2.35,64.65,64.65,,168.76,,173.43
1441,24,Side,,2.35,64.65,64.65,,168.76,,173.46
1441,25,Side,,2.88,64.53,64.53,,168.88,,173.44
1441,26,Side,,4.91,65.87,65.87,,168.39,,166.58
1441,27,Side,,2.0,66.4,66.4,,174.17,,162.7
1441,28,Side,,1.6,66.4,66.4,,174.57,,163.25
1441,29,Side,,1.76,66.93,66.93,,175.56,,162.77
1441,30,Side,,1.17,66.02,66.02,,176.36,,162.28
1441,31,Side,,1.22,66.16,66.16,,176.09,,162.36
1441,32,Side,,0.27,67.52,67.52,,175.68,,162.84
1441,33,Side,,0.39,67.21,67.21,,175.87,,162.91
1441,34,Side,,0.1,66.91,66.91,,176.86,,162.45
1441,35,Side,,0.05,67.76,67.76,,176.86,,162.51
1441,36,Side,,0.32,68.26,68.26,,178.61,,161.08
1441,37,Side,,1.33,68.4,68.4,,178.84,,162.07
1441,38,Side,,3.16,71.27,71.27,,174.3,,171.01
1441,39,Side,,4.22,71.92,71.92,,174.71,,172.07
1441,40,Side,,5.24,74.51,74.51,,172.13,,173.6
1441,41,Side,,7.95,78.39,78.39,,174.8,,172.22
1441,42,Side,,11.45,79.97,79.97,,176.78,,170.24
1441,43,Side,,14.55,83.24,83.24,,177.95,,169.44
1441,44,Side,,16.17,89.14,89.14,,177.86,,171.16
1441,45,Side,,20.6,95.37,95.37,,179.1,,170.67
1441,46,Side,,25.03,100.62,100.62,,177.35,,169.85
1441,47,Side,,30.3,111.64,111.64,,179.38,,170.34
1441,48,Side,,33.94,115.82,115.82,,178.54,,170.74
1441,49,Side,,37.05,122.14,122.14,,179.27,,169.61
1441,50,Side,,35.55,121.0,121.0,,176.27,,173.45
1441,51,Side,,40.07,124.87,124.87,,177.7,,170.0
1441,52,Side,,47.37,138.86,138.86,,175.74,,167.61
1441,53,Side,,49.49,145.03,145.03,,177.03,,168.15
1441,54,Side,,50.78,151.08,151.08,,179.92,,169.56
1441,55,Side,,51.0,154.56,154.56,,178.26,,169.13
1441,56,Side,,54.45,162.29,162.29,,177.2,,168.89
1441,57,Side,,57.5,169.97,169.97,,177.85,,168.62
1441,58,Side,,59.45,173.86,173.86,,177.36,,168.79
1441,59,Side,,59.84,174.41,174.41,,177.19,,168.7
1442,1,Front/Back,180.0,168.71,180.0,168.71,135.8,113.93,135.77,113.89
1442,2,Front/Back,180.0,165.68,180.0,165.68,139.98,115.99,139.96,115.96
1442,3,Front/Back,180.0,165.68,180.0,165.68,180.0,148.15,179.97,148.12
1442,4,Front/Back,174.09,161.05,180.0,161.05,174.09,151.31,179.97,151.28
1442,5,Front/Back,163.75,159.11,180.0,159.11,163.75,155.71,179.97,155.68
1442,6,Front/Back,161.92,159.12,180.0,159.12,161.92,155.96,179.97,155.93
1442,7,Front/Back,163.77,152.67,166.57,152.67,177.21,156.22,179.97,156.19
1442,8,Front/Back,156.63,147.43,156.63,147.43,180.0,156.49,179.97,156.46
1442,9,Front/Back,155.29,141.94,155.29,141.94,180.0,156.75,179.97,156.72
1442,10,Front/Back,147.79,138.07,147.79,138.07,180.0,157.02,179.97,156.99
1442,11,Front/Back,142.38,135.48,140.0,135.48,180.0,157.3,179.97,157.27
1442,12,Front/Back,138.18,129.47,124.14,129.47,180.0,157.57,179.97,157.54
1442,13,Front/Back,133.71,125.58,113.98,125.58,180.0,157.86,179.97,157.83
1442,14,Front/Back,126.6,120.99,107.01,120.99,180.0,158.14,179.97,158.11
1442,15,Front/Back,123.02,115.09,99.06,115.09,180.0,158.43,179.97,158.4
1442,16,Front/Back,119.43,112.12,90.04,112.12,180.0,158.73,179.97,158.7
1442,17,Front/Back,115.65,109.91,84.98,109.91,180.0,159.03,179.97,159.0
1442,18,Front/Back,117.59,108.85,79.54,108.85,180.0,159.33,179.97,159.3
1442,19,Front/Back,113.85,106.13,74.69,106.11,180.0,159.64,179.97,159.61
1442,20,Front/Back,110.8,103.76,70.58,103.74,180.0,159.95,179.97,159.92
1442,21,Front/Back,180.0,99.51,180.0,83.49,180.0,160.27,179.97,160.24
1442,22,Front/Back,180.0,100.82,180.0,90.47,180.0,160.6,179.97,160.57
1442,23,Front/Back,180.0,100.05,180.0,80.93,180.0,160.93,179.97,160.9
1442,24,Front/Back,180.0,102.15,180.0,87.5,180.0,161.27,179.97,161.24
1442,25,Front/Back,180.0,101.62,180.0,79.82,180.0,161.61,179.97,161.58
1442,26,Front/Back,180.0,102.64,180.0,78.44,180.0,161.96,179.97,161.93
1442,27,Front/Back,180.0,102.28,180.0,78.08,180.0,162.32,179.97,162.29
1442,28,Front/Back,180.0,101.39,180.0,77.19,180.0,162.69,179.97,162.66
1442,29,Front/Back,180.0,101.31,180.0,77.11,180.0,163.06,179.97,163.03
1442,30,Front/Back,180.0,101.39,180.0,77.19,180.0,163.45,179.97,163.42
1442,31,Front/Back,180.0,100.82,180.0,76.62,180.0,163.84,179.97,163.81
1442,32,Front/Back,180.0,100.97,180.0,76.77,180.0,164.25,179.97,164.22
1442,33,Front/Back,180.0,101.15,180.0,76.95,180.0,164.66,179.97,164.63
1442,34,Front/Back,180.0,100.51,180.0,76.31,180.0,165.09,179.97,165.06
1442,35,Front/Back,180.0,101.01,180.0,76.81,180.0,165.53,179.97,165.5
1442,36,Front/Back,180.0,101.91,180.0,78.16,180.0,165.99,179.97,165.96
1442,37,Front/Back,180.0,102.94,180.0,81.63,180.0,166.46,179.97,166.43
1442,38,Front/Back,180.0,104.65,180.0,83.34,180.0,166.95,179.97,166.92
1442,39,Front/Back,180.0,107.1,180.0,86.33,180.0,167.46,179.97,167.43
1442,40,Front/Back,180.0,109.3,180.0,88.52,180.0,167.99,179.97,167.96
1442,41,Front/Back,114.31,111.49,83.44,91.32,180.0,168.54,179.97,168.51
1442,42,Front/Back,118.56,115.09,89.35,94.32,180.0,169.13,179.97,169.1
1442,43,Front/Back,122.84,119.26,93.45,98.49,180.0,169.75,179.97,169.72
1442,44,Front/Back,126.6,124.23,98.97,103.45,180.0,170.41,179.97,170.38
1442,45,Front/Back,131.46,129.01,103.66,108.23,180.0,171.12,179.97,171.09
1442,46,Front/Back,136.89,135.29,108.95,114.51,180.0,171.89,179.97,171.86
1442,47,Front/Back,141.55,139.87,117.33,121.9,180.0,172.74,179.97,172.71
1442,48,Front/Back,146.9,145.0,127.07,130.35,180.0,173.71,179.97,173.68
1442,49,Front/Back,153.16,151.17,135.92,140.82,180.0,174.87,179.97,174.83
1442,50,Front/Back,161.08,158.65,150.97,158.64,180.0,176.37,179.97,176.34
1442,51,Front/Back,179.98,179.98,179.98,179.98,179.97,179.97,179.95,179.95
1442,52,Front/Back,180.0,180.0,180.0,180.0,159.39,165.11,159.36,165.08
1442,53,Front/Back,180.0,180.0,180.0,180.0,154.7,158.9,154.67,158.86
1442,54,Front/Back,180.0,180.0,180.0,180.0,147.18,154.09,147.15,154.06
1442,55,Front/Back,180.0,180.0,180.0,180.0,143.96,146.41,143.93,146.38
1442,56,Front/Back,180.0,180.0,180.0,180.0,138.19,142.19,138.16,142.16
1442,57,Front/Back,180.0,180.0,180.0,180.0,133.84,142.19,133.84,142.16
1442,58,Front/Back,180.0,180.0,180.0,180.0,119.86,139.18,119.86,139.15
1443,1,Side,,65.38,154.98,178.47,,168.73,,158.36
1443,2,Side,,61.39,163.07,172.94,,168.01,,158.26
1443,3,Side,,58.85,165.78,165.87,,167.81,,159.26
1443,4,Side,,53.44,177.85,153.58,,167.22,,159.25
1443,5,Side,,49.31,170.2,142.55,,166.23,,159.29
1443,6,Side,,42.83,131.49,131.49,,167.9,,163.01
1443,7,Side,,37.78,128.14,128.14,,169.7,,160.86
1443,8,Side,,30.29,117.62,117.62,,171.46,,162.73
1443,9,Side,,19.35,102.41,102.41,,171.24,,163.82
1443,10,Side,,4.23,84.3,84.3,,170.6,,163.91
1443,11,Side,,6.56,72.43,72.43,,172.52,,165.47
1443,12,Side,,7.7,72.22,72.22,,171.14,,164.8
1443,13,Side,,9.6,69.21,69.21,,169.91,,164.69
1443,14,Side,,9.98,68.96,68.96,,167.94,,163.98
1443,15,Side,,12.25,59.07,59.07,,165.09,,163.99
1443,16,Side,,10.83,63.06,63.06,,165.29,,162.51
1443,17,Side,,7.71,65.51,65.51,,165.05,,162.41
1443,18,Side,,1.43,76.81,76.81,,168.37,,165.19
1443,19,Side,,7.85,88.7,88.7,,171.12,,164.73
1443,20,Side,,14.19,98.82,98.82,,173.94,,166.46
1443,21,Side,,23.61,114.85,114.85,,177.04,,168.06
1443,22,Side,,29.1,146.6,122.63,,179.86,,172.99
1443,23,Side,,36.33,159.96,134.66,,178.83,,171.16
1443,24,Side,,42.86,173.25,147.42,,177.23,,170.55
1443,25,Side,,48.9,174.72,160.28,,174.55,,173.16
1443,26,Side,,55.61,163.99,170.99,,174.83,,172.78
1443,27,Side,,53.34,161.38,173.63,,167.82,,175.97
1443,28,Side,,56.65,156.61,178.51,,169.85,,174.52
1444,1,Side,37.14,137.56,144.57,139.39,156.42,125.35,132.36,48.88
1444,2,Side,34.84,137.47,140.45,138.67,158.99,130.16,134.59,51.74
1444,3,Side,32.08,86.87,135.29,173.37,161.8,137.13,137.1,56.95
1444,4,Side,29.25,80.99,130.6,168.25,164.24,143.83,139.29,60.02
1444,5,Side,26.03,76.25,123.44,161.02,165.39,147.35,142.28,65.4
1444,6,Side,22.6,72.19,117.58,156.9,170.23,153.5,151.14,75.16
1444,7,Side,17.91,17.22,112.32,40.85,177.27,161.47,158.28,82.68
1444,8,Side,16.42,17.74,108.51,37.83,175.93,159.98,155.58,85.58
1444,9,Side,15.61,17.57,104.66,36.02,174.04,158.52,153.09,84.37
1444,10,Side,14.48,17.8,100.0,33.4,173.4,158.1,154.39,152.18
1444,11,Side,15.92,18.15,95.55,31.34,166.21,156.63,152.32,151.82
1444,12,Side,18.84,18.14,92.32,29.33,158.7,156.79,149.46,153.68
1444,13,Side,14.96,17.55,89.28,27.03,161.37,158.29,150.03,156.5
1444,14,Side,16.61,17.45,88.8,25.96,159.32,159.42,150.59,157.89
1444,15,Side,16.45,17.01,86.83,25.1,157.04,161.7,149.31,161.48
1444,16,Side,16.02,15.91,85.89,24.25,155.61,164.39,148.61,162.51
1444,17,Side,15.04,15.35,84.91,23.11,157.89,165.52,152.1,162.81
1444,18,Side,13.49,15.44,84.12,22.18,159.34,163.35,153.43,160.95
1444,19,Side,13.28,15.16,82.68,21.99,158.93,163.95,154.26,161.55
1444,20,Side,12.06,14.58,81.16,66.94,160.57,164.63,155.33,160.76
1444,21,Side,11.94,18.27,78.39,62.75,158.11,164.15,157.28,159.56
1444,22,Side,10.46,22.53,77.51,58.75,160.11,164.43,157.85,160.25
1444,23,Side,9.99,24.62,76.48,58.0,160.82,165.12,158.85,160.61
1444,24,Side,9.05,25.83,75.54,56.79,162.32,165.76,159.47,161.58
1444,25,Side,8.64,25.83,74.6,57.46,161.77,166.46,158.88,161.95
1444,26,Side,8.1,28.5,74.62,53.48,162.54,166.59,159.64,162.97
1444,27,Side,7.16,29.6,73.13,53.03,164.06,167.29,161.17,163.67
1444,28,Side,5.78,31.08,72.66,51.11,167.18,166.08,163.07,161.77
1444,29,Side,5.23,32.16,72.66,50.75,167.92,166.78,163.81,162.47
1444,30,Side,4.76,32.16,72.19,50.03,168.66,166.78,165.43,162.47
1444,31,Side,3.73,34.19,71.72,48.47,170.14,167.4,166.91,163.5
1444,32,Side,3.88,34.82,71.16,47.43,170.64,166.98,168.44,163.17
1444,33,Side,2.72,36.35,71.63,47.07,172.99,168.84,167.97,164.94
1444,34,Side,2.25,36.62,71.16,91.84,173.72,167.38,168.69,164.22
1444,35,Side,1.65,37.58,72.09,90.89,174.59,168.12,167.37,165.28
1444,36,Side,1.18,38.09,71.62,89.97,175.3,167.72,168.08,165.28
1444,37,Side,0.84,38.57,70.59,88.9,176.33,167.32,169.82,165.6
1444,38,Side,0.84,38.86,70.66,88.1,176.33,167.02,169.82,164.49
1444,39,Side,0.93,37.88,70.19,89.78,175.77,166.97,169.82,162.3
1444,40,Side,1.03,37.39,69.72,90.68,175.21,167.38,169.82,161.2
1444,41,Side,1.0,36.79,69.69,91.61,174.65,166.96,168.56,159.38
1444,42,Side,0.91,36.35,69.54,92.88,175.89,168.11,170.17,161.2
1444,43,Side,1.43,34.69,69.65,95.04,175.49,169.34,171.11,163.03
1444,44,Side,1.24,33.35,70.57,96.81,176.04,170.88,171.11,163.39
1444,45,Side,1.24,32.64,70.57,97.93,176.72,171.3,172.74,163.39
1444,46,Side,1.13,32.57,71.15,97.72,177.41,171.2,172.74,164.5
1444,47,Side,0.8,32.94,73.05,96.17,179.68,169.02,174.38,164.22
1444,48,Side,0.36,31.57,75.45,52.04,176.02,167.96,176.46,164.65
1444,49,Side,3.73,14.41,78.9,24.54,179.21,166.34,170.65,161.49
1444,50,Side,8.12,15.53,83.35,26.72,173.56,164.75,165.95,159.92
1444,51,Side,13.23,17.04,87.88,28.4,165.19,161.08,158.72,155.77
1444,52,Side,16.76,17.5,93.03,30.95,161.69,157.05,154.57,73.81
1444,53,Side,20.65,18.21,98.07,32.74,159.86,158.78,155.53,71.64
1444,54,Side,22.41,19.17,104.98,35.07,163.58,156.91,157.69,70.8
1444,55,Side,22.78,53.23,110.13,144.77,168.47,173.83,162.36,75.96
1444,56,Side,24.6,61.97,114.88,149.08,168.28,158.95,163.1,71.94
1444,57,Side,28.28,65.01,122.61,152.11,165.9,154.93,159.95,64.56
1444,58,Side,30.52,134.47,131.26,141.47,168.26,151.04,160.72,64.56
1444,59,Side,32.57,132.36,140.29,141.94,170.34,146.85,161.13,154.61
1444,60,Side,35.55,133.09,150.0,141.48,173.11,142.79,164.69,155.67
1444,61,Side,36.52,128.54,159.99,143.36,178.9,142.33,168.08,155.81
1444,62,Side,36.35,136.75,163.35,143.95,178.23,133.72,167.82,155.99
1445,1,Front/Back,180.0,180.0,158.66,155.31,,,,
1445,2,Front/Back,180.0,180.0,159.64,154.2,,,,
1445,3,Front/Back,180.0,180.0,159.44,153.46,,,,
1445,4,Front/Back,165.74,180.0,155.23,152.19,,,,
1445,5,Front/Back,161.61,180.0,142.09,149.26,,,,
1445,6,Front/Back,156.96,180.0,139.57,149.87,,,,
1445,7,Front/Back,162.01,180.0,143.61,156.64,,,,
1445,8,Front/Back,154.14,180.0,135.05,152.7,,,,
1445,9,Front/Back,151.82,153.84,132.24,126.71,,,,
1445,10,Front/Back,146.3,153.72,130.45,126.95,,,,
1445,11,Front/Back,148.76,149.12,148.76,127.73,,,,
1445,12,Front/Back,138.83,149.78,136.86,122.69,,,,
1445,13,Front/Back,163.51,140.17,144.72,113.23,,,,
1445,14,Front/Back,180.0,145.39,180.0,118.16,,,,
1445,15,Front/Back,180.0,137.62,180.0,109.11,,,,
1445,16,Front/Back,180.0,167.77,180.0,140.41,,,,
1445,17,Front/Back,180.0,180.0,180.0,152.91,,,,
1445,18,Front/Back,180.0,180.0,169.83,154.01,,,,
1445,19,Front/Back,180.0,180.0,167.63,155.0,,,,
1445,20,Front/Back,180.0,180.0,165.78,155.16,,,,
1445,21,Front/Back,180.0,180.0,166.0,156.2,,,,
1445,22,Front/Back,180.0,168.37,167.9,156.77,,,,
1445,23,Front/Back,180.0,151.14,170.16,157.88,,,,
1445,24,Front/Back,180.0,170.43,179.99,158.88,,,,
1445,25,Front/Back,179.98,179.98,179.98,179.98,,,,
1445,26,Front/Back,171.38,170.79,171.38,170.79,,,,
1445,27,Front/Back,163.07,157.04,163.07,157.04,,,,
1445,28,Front/Back,168.4,153.84,168.4,153.84,,,,
1445,29,Front/Back,180.0,162.69,180.0,162.69,,,,
1445,30,Front/Back,180.0,180.0,180.0,180.0,,,,
1445,31,Front/Back,180.0,180.0,180.0,180.0,,,,
1445,32,Front/Back,180.0,180.0,180.0,162.86,,,,
1445,33,Front/Back,180.0,180.0,180.0,170.49,,,,
1445,34,Front/Back,180.0,180.0,164.31,166.83,,,,
1445,35,Front/Back,180.0,180.0,165.28,162.98,,,,
1445,36,Front/Back,180.0,180.0,164.23,161.29,,,,
1445,37,Front/Back,180.0,180.0,180.0,161.29,,,,
1446,1,Side,76.29,,162.52,152.53,155.95,,168.05,
1446,2,Side,75.15,,160.44,146.61,156.23,,168.5,
1446,3,Side,73.74,,158.08,146.61,156.81,,169.07,
1446,4,Side,71.13,,154.54,142.91,157.08,,168.66,
1446,5,Side,69.62,,152.1,142.88,157.66,,169.24,
1446,6,Side,68.75,,152.64,139.18,158.98,,169.39,
1446,7,Side,65.79,,147.46,136.11,159.54,,169.97,
1446,8,Side,61.62,,142.8,135.21,160.83,,170.8,
1446,9,Side,57.96,,138.66,127.59,163.08,,172.42,
1446,10,Side,50.31,,134.44,123.65,173.9,,177.96,
1446,11,Side,47.06,,132.46,160.2,176.75,,177.92,
1446,12,Side,42.57,,123.16,150.48,175.51,,178.66,
1446,13,Side,39.67,,118.61,145.95,175.76,,177.81,
1446,14,Side,35.76,,112.97,140.26,175.94,,176.98,
1446,15,Side,32.91,,111.92,139.81,176.17,,176.18,
1446,16,Side,29.12,,107.4,107.4,176.41,,175.41,
1446,17,Side,25.51,,104.71,104.71,177.67,,176.05,
1446,18,Side,19.42,,98.06,98.06,177.69,,175.23,
1446,19,Side,16.1,,94.45,94.45,178.44,,174.64,
1446,20,Side,17.93,,92.49,92.49,167.97,,167.27,
1446,21,Side,15.46,,88.04,88.04,168.76,,166.07,
1446,22,Side,6.84,,76.66,76.66,168.18,,167.58,
1446,23,Side,1.6,,77.85,77.85,177.67,,174.64,
1446,24,Side,1.91,,74.92,74.92,177.45,,174.65,
1446,25,Side,4.15,,71.92,71.92,177.2,,174.66,
1446,26,Side,8.14,,68.99,68.99,176.52,,174.62,
1446,27,Side,11.35,,65.52,65.52,177.86,,174.01,
1446,28,Side,15.03,,62.75,42.25,178.32,,173.29,
1446,29,Side,16.77,,61.13,42.63,179.94,,171.96,
1446,30,Side,18.1,,60.89,39.97,179.94,,171.38,
1446,31,Side,20.67,,60.05,39.12,178.23,,168.06,
1446,32,Side,21.46,,60.71,44.01,179.81,,169.31,
1446,33,Side,20.31,,61.28,44.82,179.7,,169.33,
1446,34,Side,20.31,,61.28,44.82,179.04,,170.65,
1446,35,Side,19.57,,61.45,45.4,178.57,,170.65,
1446,36,Side,19.64,,61.81,61.81,177.48,,171.97,
1446,37,Side,22.52,,55.54,55.54,178.7,,171.91,
1446,38,Side,22.05,,55.54,55.54,177.58,,171.26,
1446,39,Side,20.85,,56.74,56.74,176.93,,170.61,
1446,40,Side,20.39,,56.74,56.74,176.47,,171.28,
1446,41,Side,21.11,,55.54,55.54,176.02,,171.31,
1446,42,Side,19.15,,58.35,58.35,176.02,,172.05,
1446,43,Side,18.68,,58.35,58.35,175.49,,172.77,
1446,44,Side,16.96,,60.7,60.7,174.34,,172.77,
1446,45,Side,16.5,,60.7,60.7,173.22,,172.11,
1446,46,Side,16.06,,61.14,61.14,173.26,,172.15,
1446,47,Side,13.14,,64.1,64.1,174.18,,173.45,
1446,48,Side,10.36,,67.8,67.8,175.11,,174.1,
1446,49,Side,7.13,,70.93,70.93,176.05,,174.75,
1446,50,Side,3.69,,72.21,72.21,179.05,,179.42,
1446,51,Side,0.58,,75.27,75.27,179.35,,178.65,
1446,52,Side,6.57,,82.44,82.44,178.74,,179.22,
1446,53,Side,14.25,,90.31,90.31,177.95,,179.18,
1446,54,Side,19.84,,96.22,96.22,175.5,,179.08,
1446,55,Side,25.88,,102.3,133.22,173.77,,178.04,
1446,56,Side,31.06,,108.98,140.44,172.41,,176.88,
1446,57,Side,34.66,,112.85,143.59,170.18,,173.91,
1446,58,Side,42.43,,123.97,156.83,169.75,,173.9,
1446,59,Side,46.68,,123.93,155.61,159.81,,167.45,
1446,60,Side,51.75,,130.28,163.15,158.9,,166.86,
1446,61,Side,53.34,,132.29,163.66,157.52,,166.28,
1446,62,Side,57.06,,136.01,167.38,156.13,,164.89,
1446,63,Side,61.35,,139.9,171.65,153.58,,164.59,
1446,64,Side,65.88,,145.45,177.54,153.33,,166.82,
1446,65,Side,67.86,,149.1,179.23,153.81,,167.65,
1446,66,Side,70.87,,153.61,132.58,154.87,,168.9,
1446,67,Side,72.09,,155.33,134.09,155.36,,169.58,
1446,68,Side,72.73,,156.94,139.3,156.06,,169.3,
1446,69,Side,72.83,,157.73,137.44,157.33,,170.1,
1446,70,Side,73.07,,156.92,140.48,156.45,,169.04,
1446,71,Side,70.31,,159.13,140.99,164.91,,173.59,
1446,72,Side,70.81,,160.93,149.68,164.91,,174.06,
1447,1,Side,78.72,,166.57,131.79,161.55,,169.6,
1447,2,Side,77.63,,164.42,131.74,161.55,,168.98,
1447,3,Side,75.54,,161.23,128.74,157.83,,162.37,
1447,4,Side,73.36,,158.01,127.49,158.14,,162.08,
1447,5,Side,71.13,,157.63,126.46,159.07,,159.93,
1447,6,Side,68.54,,154.48,122.02,160.16,,160.46,
1447,7,Side,68.95,,153.99,119.52,158.98,,159.56,
1447,8,Side,64.08,,142.6,113.47,157.14,,159.64,
1447,9,Side,62.03,,136.48,136.48,156.02,,159.95,
1447,10,Side,58.91,,133.51,133.51,156.13,,160.56,
1447,11,Side,59.15,,132.68,132.68,154.7,,160.56,
1447,12,Side,55.23,,127.88,127.88,157.05,,161.14,
1447,13,Side,51.24,,124.0,124.0,161.5,,165.95,
1447,14,Side,47.75,,121.88,121.88,165.13,,165.41,
1447,15,Side,38.24,,113.82,113.82,168.88,,169.76,
1447,16,Side,33.34,,108.12,108.12,168.32,,166.0,
1447,17,Side,29.74,,104.52,104.52,171.43,,169.8,
1447,18,Side,25.31,,99.26,99.26,172.27,,170.84,
1447,19,Side,21.82,,95.8,95.8,173.66,,171.53,
1447,20,Side,17.62,,88.84,88.84,173.89,,171.94,
1447,21,Side,12.99,,82.93,82.93,174.56,,172.17,
1447,22,Side,9.13,,79.03,79.03,174.18,,171.62,
1447,23,Side,3.45,,76.32,76.32,172.62,,169.7,
1447,24,Side,0.96,,73.35,73.35,171.47,,166.86,
1447,25,Side,1.43,,71.55,71.55,170.99,,166.32,
1447,26,Side,4.98,,62.84,62.84,169.38,,166.48,
1447,27,Side,11.59,,59.1,59.1,167.59,,166.26,
1447,28,Side,8.74,,64.67,64.67,171.93,,168.35,
1447,29,Side,10.47,,61.98,61.98,170.36,,167.17,
1447,30,Side,12.29,,59.68,59.68,170.66,,167.9,
1447,31,Side,14.34,,58.23,58.23,171.09,,168.71,
1447,32,Side,15.19,,58.11,58.11,171.55,,168.71,
1447,33,Side,16.88,,57.47,57.47,172.02,,169.34,
1447,34,Side,19.88,,59.39,59.39,179.89,,172.72,
1447,35,Side,20.71,,58.08,58.08,179.63,,172.72,
1447,36,Side,20.32,,60.44,60.44,179.61,,172.77,
1447,37,Side,18.49,,61.16,61.16,178.94,,172.03,
1447,38,Side,18.94,,61.83,61.83,179.64,,173.31,
1447,39,Side,18.01,,61.16,61.16,178.46,,172.62,
1447,40,Side,17.04,,63.24,63.24,178.51,,172.25,
1447,41,Side,13.68,,62.55,62.55,171.69,,168.45,
1447,42,Side,14.74,,63.95,63.95,176.63,,171.87,
1447,43,Side,13.79,,63.95,63.95,174.28,,170.52,
1447,44,Side,11.56,,64.35,64.35,173.8,,171.15,
1447,45,Side,11.1,,64.35,64.35,172.6,,170.45,
1447,46,Side,10.63,,64.35,64.35,172.19,,171.67,
1447,47,Side,1.07,,68.93,68.93,162.08,,166.54,
1447,48,Side,2.31,,73.49,73.49,163.11,,167.85,
1447,49,Side,7.37,,78.44,78.44,164.08,,169.04,
1447,50,Side,12.4,,83.33,83.33,165.76,,171.6,
1447,51,Side,20.42,,92.51,92.51,167.47,,173.57,
1447,52,Side,23.22,,98.09,98.09,173.69,,176.49,
1447,53,Side,26.93,,102.22,102.22,171.34,,173.67,
1447,54,Side,31.18,,106.32,106.32,171.78,,174.41,
1447,55,Side,35.51,,112.54,112.54,172.9,,174.25,
1447,56,Side,39.1,,116.2,149.19,172.55,,174.67,
1447,57,Side,46.96,,119.8,152.79,159.48,,166.45,
1447,58,Side,49.98,,126.65,160.87,166.96,,173.58,
1447,59,Side,56.32,,129.6,163.81,155.85,,165.77,
1447,60,Side,60.46,,136.53,171.78,155.42,,165.46,
1447,61,Side,63.43,,141.17,176.86,154.65,,164.21,
1447,62,Side,66.18,,144.4,179.91,154.52,,164.19,
1447,63,Side,68.22,,147.41,176.89,155.2,,164.36,
1447,64,Side,69.47,,148.93,176.31,157.3,,169.14,
1447,65,Side,67.6,,151.65,173.59,167.84,,176.4,
1447,66,Side,69.4,,155.12,135.13,165.77,,172.38,
1447,67,Side,70.3,,156.25,138.29,165.53,,172.57,
1447,68,Side,73.25,,156.26,145.92,155.3,,166.44,
1447,69,Side,73.74,,157.41,144.43,156.09,,167.31,
1447,70,Side,73.74,,157.57,144.88,156.69,,168.63,
1447,71,Side,74.94,,158.78,148.33,156.1,,168.18,
1447,72,Side,74.94,,158.78,148.33,156.1,,168.18,
1448,1,Side,,67.55,157.04,169.5,,176.42,,170.51
1448,2,Side,,66.75,154.48,167.32,,175.89,,169.66
1448,3,Side,,71.16,153.32,166.57,,172.4,,168.59
1448,4,Side,,70.2,150.23,163.99,,172.25,,168.5
1448,5,Side,,69.01,148.26,162.41,,171.56,,167.28
1448,6,Side,,69.58,178.7,161.85,,170.86,,166.06
1448,7,Side,,64.28,174.28,154.87,,171.38,,167.46
1448,8,Side,,59.71,170.58,149.79,,172.36,,167.79
1448,9,Side,,54.34,163.23,142.47,,172.24,,168.23
1448,10,Side,,54.11,164.29,143.03,,174.83,,168.18
1448,11,Side,,48.66,158.02,136.6,,174.77,,167.63
1448,12,Side,,46.13,157.23,134.36,,176.32,,166.08
1448,13,Side,,37.9,127.56,127.56,,177.04,,165.17
1448,14,Side,,37.5,127.23,127.23,,179.67,,165.97
1448,15,Side,,29.82,119.41,119.41,,177.47,,165.15
1448,16,Side,,23.65,112.58,112.58,,175.51,,168.31
1448,17,Side,,20.29,108.93,108.93,,176.94,,164.13
1448,18,Side,,15.64,104.11,104.11,,176.5,,164.47
1448,19,Side,,11.64,100.69,100.69,,177.38,,164.06
1448,20,Side,,9.09,98.59,98.59,,177.97,,163.97
1448,21,Side,,6.1,52.73,97.91,,178.25,,163.56
1448,22,Side,,4.75,54.26,95.35,,176.77,,163.91
1448,23,Side,,0.19,50.43,88.17,,174.31,,170.61
1448,24,Side,,0.69,51.9,89.74,,171.6,,172.33
1448,25,Side,,0.08,51.9,88.63,,173.11,,171.52
1448,26,Side,,0.59,87.79,87.79,,177.08,,166.57
1448,27,Side,,10.52,99.02,99.02,,177.39,,167.54
1448,28,Side,,20.12,109.04,109.04,,178.42,,168.12
1448,29,Side,,29.66,141.27,118.9,,179.2,,168.27
1448,30,Side,,41.15,153.54,130.6,,178.15,,168.11
1448,31,Side,,44.12,154.47,131.7,,175.9,,172.03
1448,32,Side,,54.81,169.62,144.92,,175.24,,172.31
1448,33,Side,,58.62,173.27,149.09,,174.9,,172.88
1448,34,Side,,61.86,174.64,154.32,,175.54,,173.63
1448,35,Side,,61.72,172.85,156.0,,175.68,,174.28
1448,36,Side,,65.08,135.72,158.86,,173.88,,174.54
1448,37,Side,,66.99,140.94,164.07,,174.51,,174.5
1448,38,Side,,68.04,146.91,166.51,,174.8,,175.34
1448,39,Side,,70.03,150.35,169.38,,174.17,,174.74
1448,40,Side,,70.63,153.35,172.96,,176.07,,176.42
1448,41,Side,,67.73,161.16,174.23,,177.13,,179.72
1449,1,Side,154.91,84.35,70.71,166.2,93.54,137.0,155.3,159.13
1449,2,Side,154.27,83.41,69.13,163.95,95.65,137.29,155.88,158.73
1449,3,Side,155.38,82.04,68.55,160.78,98.63,136.61,156.32,157.35
1449,4,Side,154.66,81.18,67.57,158.7,100.2,136.71,156.7,156.68
1449,5,Side,169.4,70.4,70.38,149.29,113.11,140.08,157.21,156.16
1449,6,Side,110.18,78.5,152.3,152.3,106.99,135.74,156.53,153.6
1449,7,Side,106.63,76.46,146.43,146.43,109.35,137.24,114.75,155.63
1449,8,Side,101.28,73.82,139.46,139.46,112.69,138.32,114.82,157.14
1449,9,Side,107.9,70.64,131.84,131.84,99.59,138.24,112.77,155.97
1449,10,Side,108.31,67.38,123.75,123.75,96.52,139.29,112.61,157.87
1449,11,Side,34.2,62.85,110.77,114.65,163.98,145.02,120.58,169.43
1449,12,Side,32.0,59.62,108.09,108.44,166.67,146.19,122.36,170.68
1449,13,Side,31.32,55.92,104.12,102.36,171.78,145.95,167.44,169.78
1449,14,Side,29.76,52.85,100.05,96.99,171.73,146.57,164.62,169.45
1449,15,Side,21.71,47.64,95.77,90.39,173.26,150.18,169.77,171.66
1449,16,Side,21.66,42.86,92.88,85.89,176.34,154.21,166.08,172.93
1449,17,Side,21.02,36.84,90.57,82.95,177.23,160.58,166.43,173.83
1449,18,Side,20.07,31.56,88.5,79.73,177.18,164.78,167.14,173.3
1449,19,Side,114.3,30.49,17.61,76.59,178.75,161.92,165.81,170.65
1449,20,Side,94.66,28.84,31.08,73.39,170.78,159.08,162.49,166.69
1449,21,Side,89.42,29.2,34.13,69.29,167.28,156.34,161.51,165.74
1449,22,Side,90.13,29.04,33.86,70.74,167.09,156.98,160.25,165.61
1449,23,Side,93.71,24.69,32.48,71.98,169.11,164.19,158.98,167.84
1449,24,Side,110.61,25.31,20.62,73.23,174.17,163.52,158.37,167.82
1449,25,Side,112.36,24.53,19.23,74.68,175.17,163.73,160.22,166.6
1449,26,Side,116.59,24.3,15.47,75.31,176.11,162.43,161.47,163.55
1449,27,Side,23.28,26.88,89.25,80.32,171.28,168.23,156.16,170.44
1449,28,Side,24.87,29.27,90.47,85.82,172.76,168.65,162.66,167.09
1449,29,Side,25.15,34.46,89.95,85.08,172.44,153.6,165.19,158.12
1449,30,Side,28.1,39.86,95.03,90.7,171.67,150.77,165.71,158.33
1449,31,Side,28.66,46.62,35.51,96.33,160.93,147.7,115.11,160.36
1449,32,Side,29.86,55.13,40.33,107.38,164.15,143.16,117.15,160.71
1449,33,Side,29.81,61.34,45.24,116.86,168.48,140.49,116.02,161.25
1449,34,Side,94.75,67.82,57.97,128.36,119.46,140.4,169.12,163.13
1449,35,Side,96.9,65.85,67.68,140.75,118.61,147.91,165.64,163.91
1449,36,Side,139.07,79.63,118.4,152.13,94.53,139.15,162.55,163.56
1449,37,Side,137.8,85.73,119.0,159.11,90.36,135.8,160.45,161.25
1449,38,Side,138.08,87.63,121.39,162.17,87.14,134.74,158.62,160.19
1449,39,Side,137.87,90.19,122.45,166.06,84.1,132.54,156.96,158.47
1449,40,Side,137.55,92.75,123.29,169.53,83.24,135.24,163.52,167.62
1450,1,Side,,52.26,119.97,167.57,,177.84,,148.4
1450,2,Side,,49.74,116.53,164.48,,177.07,,147.98
1450,3,Side,,48.16,114.39,162.03,,171.96,,156.75
1450,4,Side,,48.2,115.91,162.65,,172.0,,156.09
1450,5,Side,,45.52,112.43,158.87,,170.73,,159.54
1450,6,Side,,42.54,108.59,154.99,,168.33,,160.1
1450,7,Side,,40.25,105.33,152.57,,166.64,,159.31
1450,8,Side,,36.61,101.1,148.16,,164.67,,157.37
1450,9,Side,,31.13,91.94,138.4,,163.41,,156.54
1450,10,Side,,27.03,87.1,133.07,,160.9,,155.08
1450,11,Side,,24.29,83.28,129.08,,159.92,,153.15
1450,12,Side,,21.0,79.24,125.16,,158.53,,153.43
1450,13,Side,,17.06,75.56,121.33,,157.25,,152.38
1450,14,Side,,12.66,70.49,114.2,,158.04,,151.72
1450,15,Side,,9.74,64.92,108.07,,160.37,,149.4
1450,16,Side,,5.03,101.35,101.35,,159.67,,150.25
1450,17,Side,,0.48,93.3,93.3,,162.95,,149.82
1450,18,Side,,7.03,84.58,84.58,,160.18,,153.47
1450,19,Side,,10.45,76.61,76.61,,166.08,,148.73
1450,20,Side,,12.9,69.88,69.88,,169.93,,147.65
1450,21,Side,,13.82,12.28,62.5,,176.53,,146.63
1450,22,Side,,13.8,17.88,61.78,,176.47,,147.79
1450,23,Side,,13.22,16.76,61.43,,176.99,,146.62
1450,24,Side,,13.88,33.69,56.52,,178.13,,155.27
1450,25,Side,,14.69,40.95,55.14,,176.98,,157.77
1450,26,Side,,15.32,40.15,52.89,,175.5,,147.68
1450,27,Side,,14.92,33.33,53.52,,177.52,,157.41
1450,28,Side,,15.81,32.77,55.84,,176.4,,157.06
1450,29,Side,,16.03,22.08,58.11,,174.75,,155.77
1450,30,Side,,15.95,19.77,58.83,,174.11,,155.41
1450,31,Side,,16.23,103.81,57.8,,174.83,,153.39
1450,32,Side,,16.4,103.81,58.84,,175.68,,152.93
1450,33,Side,,16.23,103.23,58.15,,175.68,,152.93
1450,34,Side,,12.31,103.65,59.05,,177.5,,149.13
1450,35,Side,,12.44,103.06,58.91,,177.43,,149.06
1450,36,Side,,12.31,105.16,58.2,,177.43,,149.06
1450,37,Side,,12.27,103.49,59.05,,177.4,,149.06
1450,38,Side,,12.67,103.75,58.92,,176.81,,149.06
1450,39,Side,,12.08,101.96,58.59,,176.22,,149.43
1450,40,Side,,12.08,100.53,58.59,,176.22,,149.43
1450,41,Side,,11.64,99.13,58.98,,175.7,,149.13
1450,42,Side,,12.74,99.74,59.17,,174.91,,148.64
1450,43,Side,,11.29,101.51,58.49,,174.89,,149.0
1450,44,Side,,11.29,102.15,58.49,,174.89,,149.0
1450,45,Side,,11.28,100.51,59.38,,174.88,,149.0
1450,46,Side,,11.28,102.65,59.38,,174.88,,149.0
1450,47,Side,,12.35,101.33,59.54,,174.09,,147.45
1450,48,Side,,12.63,101.31,59.53,,173.48,,147.81
1450,49,Side,,13.74,99.4,59.62,,173.48,,147.81
1450,50,Side,,17.57,99.99,57.7,,173.48,,147.81
1450,51,Side,,17.57,100.21,57.7,,173.48,,148.16
1450,52,Side,,19.56,100.21,57.97,,178.66,,151.08
1450,53,Side,,15.76,99.99,60.79,,173.19,,145.25
1450,54,Side,,15.76,100.79,60.79,,173.19,,145.25
1450,55,Side,,15.92,100.83,58.23,,173.19,,145.65
1450,56,Side,,15.69,99.2,57.6,,173.19,,145.65
1450,57,Side,,15.28,99.2,60.37,,173.19,,145.65
1450,58,Side,,15.28,97.29,60.37,,173.19,,145.65
1450,59,Side,,14.4,98.84,61.01,,173.19,,145.65
1450,60,Side,,15.73,98.2,61.9,,177.33,,147.96
1450,61,Side,,14.84,98.2,62.55,,177.4,,147.64
1450,62,Side,,15.94,100.22,62.6,,177.4,,147.64
1450,63,Side,,15.94,101.92,62.6,,177.4,,148.03
1450,64,Side,,15.03,103.91,63.27,,177.4,,148.03
1450,65,Side,,15.03,103.91,63.27,,177.4,,148.03
1450,66,Side,,15.03,103.4,63.27,,177.4,,149.17
1450,67,Side,,15.0,103.4,64.2,,177.38,,149.17
1450,68,Side,,14.09,103.4,65.12,,176.61,,148.4
1450,69,Side,,14.09,99.52,65.12,,176.61,,148.4
1450,70,Side,,14.28,99.52,65.87,,176.61,,148.4
1450,71,Side,,14.28,99.52,65.87,,176.61,,148.76
1450,72,Side,,14.28,100.19,65.87,,176.61,,147.64
1450,73,Side,,14.44,100.19,66.62,,176.5,,147.92
1450,74,Side,,14.44,100.19,66.62,,176.5,,147.92
1450,75,Side,,14.44,100.19,66.62,,176.5,,149.16
1450,76,Side,,13.49,100.56,67.57,,175.72,,148.38
1450,77,Side,,14.42,102.28,67.75,,175.7,,148.38
1450,78,Side,,14.42,102.28,67.75,,176.47,,149.96
1450,79,Side,,14.42,102.28,67.75,,176.47,,148.78
1450,80,Side,,14.42,102.3,67.75,,176.47,,148.78
1450,81,Side,,15.36,102.3,66.98,,176.47,,148.78
1450,82,Side,,17.23,102.62,65.44,,176.47,,148.4
1450,83,Side,,15.36,102.62,66.98,,176.47,,148.4
1450,84,Side,,14.96,102.62,67.92,,177.02,,148.4
1450,85,Side,,15.57,102.62,67.84,,175.7,,147.63
1450,86,Side,,15.57,104.37,67.84,,175.7,,147.23
1450,87,Side,,18.15,102.45,62.83,,172.97,,147.23
1450,88,Side,,18.15,102.45,62.83,,172.97,,146.41
1450,89,Side,,19.0,102.62,62.12,,172.97,,145.99
1450,90,Side,,19.0,102.45,62.12,,172.97,,145.99
1450,91,Side,,19.0,100.91,62.12,,172.97,,145.99
1450,92,Side,,19.29,100.91,62.71,,172.97,,145.56
1450,93,Side,,19.29,100.91,62.71,,172.97,,145.56
1450,94,Side,,20.14,100.91,61.98,,172.97,,145.56
1450,95,Side,,19.31,100.91,62.28,,171.68,,144.35
1450,96,Side,,19.62,100.91,62.85,,171.68,,143.51
1450,97,Side,,19.62,101.4,62.85,,171.68,,143.51
1450,98,Side,,19.62,101.4,62.85,,171.68,,143.51
1450,99,Side,,19.62,101.4,62.85,,171.68,,143.05
1450,100,Side,,20.45,99.8,62.12,,171.68,,143.05
1450,101,Side,,20.14,99.8,62.43,,171.68,,143.05
1450,102,Side,,20.46,100.41,62.97,,171.68,,143.05
1450,103,Side,,19.32,100.41,63.15,,171.68,,142.58
1450,104,Side,,19.32,102.03,63.15,,172.46,,144.2
1450,105,Side,,19.63,102.17,62.43,,171.17,,143.43
1450,106,Side,,19.94,100.3,62.97,,171.17,,143.43
1450,107,Side,,20.27,100.2,63.51,,171.17,,142.58
1450,108,Side,,20.27,100.2,64.37,,171.18,,142.58
1450,109,Side,,19.39,100.2,66.57,,171.69,,143.05
1450,110,Side,,17.52,98.4,72.7,,175.94,,142.58
1450,111,Side,,17.5,96.91,76.24,,175.94,,142.58
1450,112,Side,,16.93,100.19,77.35,,176.48,,142.58
1450,113,Side,,16.93,100.19,77.35,,176.48,,142.58
1450,114,Side,,16.45,101.6,76.04,,176.48,,142.58
1450,115,Side,,15.9,102.63,77.12,,177.01,,143.05
1450,116,Side,,15.16,102.63,76.43,,175.71,,142.28
1450,117,Side,,14.92,104.12,76.63,,175.67,,142.28
1450,118,Side,,15.65,103.79,77.35,,176.19,,142.28
1450,119,Side,,15.81,105.3,78.02,,176.03,,142.17
1450,120,Side,,15.06,105.3,78.42,,176.56,,143.01
1450,121,Side,,14.88,106.82,77.72,,176.56,,143.47
1450,122,Side,,13.23,108.71,75.77,,177.33,,145.1
1450,123,Side,,12.12,112.9,75.88,,177.33,,145.1
1450,124,Side,,14.2,87.16,71.75,,175.16,,145.1
1450,125,Side,,13.15,86.69,71.06,,174.41,,144.32
1450,126,Side,,11.77,71.09,71.09,,174.95,,144.75
1450,127,Side,,9.57,76.45,76.45,,178.11,,144.75
1450,128,Side,,6.73,80.97,80.97,,179.14,,144.75
1450,129,Side,,4.75,85.0,85.0,,175.33,,144.82
1450,130,Side,,1.46,45.89,91.11,,172.31,,146.07
1450,131,Side,,0.35,50.14,94.62,,169.72,,146.07
1450,132,Side,,2.38,54.79,98.76,,166.72,,146.07
1450,133,Side,,4.75,58.91,102.38,,165.37,,144.47
1450,134,Side,,3.58,59.45,100.09,,162.53,,145.27
1450,135,Side,,5.3,64.26,104.4,,159.12,,145.72
1450,136,Side,,5.51,66.22,105.88,,156.92,,145.38
1450,137,Side,,7.25,70.03,109.62,,154.92,,147.58
1450,138,Side,,7.9,71.59,110.7,,154.45,,147.21
1450,139,Side,,9.46,73.93,113.04,,157.14,,142.73
1450,140,Side,,12.38,78.71,118.77,,157.29,,141.37
1450,141,Side,,14.04,153.25,122.88,,156.8,,140.89
1450,142,Side,,16.67,154.92,126.81,,157.22,,143.49
1450,143,Side,,20.17,155.9,132.14,,158.94,,144.3
1450,144,Side,,24.75,156.94,136.97,,159.95,,146.87
1450,145,Side,,27.71,158.54,139.75,,161.18,,149.55
1450,146,Side,,29.78,158.16,142.34,,161.52,,152.21
1450,147,Side,,32.17,159.44,145.23,,162.94,,153.12
1450,148,Side,,35.05,160.7,148.12,,163.49,,159.0
1450,149,Side,,36.82,161.5,150.45,,163.81,,160.83
1450,150,Side,,38.91,162.7,151.86,,166.15,,160.86
1450,151,Side,,40.33,163.06,152.35,,167.68,,160.16
1450,152,Side,,43.17,162.62,155.03,,170.36,,159.49
1450,153,Side,,46.26,162.19,157.87,,174.01,,157.02
1450,154,Side,,48.57,163.31,158.9,,178.5,,150.8
1451,1,Side,39.22,,169.41,157.19,174.69,,151.74,
1451,2,Side,36.28,,164.02,156.75,176.43,,151.45,
1451,3,Side,33.45,,158.33,155.79,178.01,,151.75,
1451,4,Side,30.18,,152.2,152.54,178.35,,149.08,
1451,5,Side,27.13,,146.71,152.0,179.38,,148.27,
1451,6,Side,23.92,,140.56,69.99,179.26,,146.66,
1451,7,Side,16.48,,136.8,66.61,167.03,,145.6,
1451,8,Side,17.52,,128.39,60.28,178.33,,134.85,
1451,9,Side,15.5,,120.9,53.87,176.35,,135.05,
1451,10,Side,13.91,,113.78,47.87,172.58,,132.48,
1451,11,Side,6.13,,98.57,98.57,177.08,,140.57,
1451,12,Side,4.14,,99.67,99.67,153.28,,155.83,
1451,13,Side,9.74,,92.66,92.66,142.74,,161.13,
1451,14,Side,14.91,,88.11,88.11,127.5,,177.57,
1451,15,Side,21.16,,84.79,84.79,119.27,,174.32,
1451,16,Side,26.75,,80.92,80.92,111.08,,169.55,
1451,17,Side,29.83,,78.23,79.78,108.0,,168.22,
1451,18,Side,36.26,,77.37,81.04,103.53,,163.67,
1451,19,Side,40.26,,74.66,78.3,100.55,,164.59,
1451,20,Side,43.73,,72.73,79.06,97.32,,161.26,
1451,21,Side,46.7,,71.7,62.06,93.6,,160.1,
1451,22,Side,41.76,,72.61,61.25,100.15,,164.69,
1451,23,Side,39.08,,74.32,60.73,104.19,,167.77,
1451,24,Side,35.48,,76.11,59.24,108.07,,168.01,
1451,25,Side,31.47,,73.72,58.55,117.26,,171.63,
1451,26,Side,27.36,,75.15,79.69,122.3,,170.91,
1451,27,Side,28.31,,81.29,81.79,114.85,,170.34,
1451,28,Side,21.92,,87.19,87.19,115.64,,175.79,
1451,29,Side,19.46,,87.34,87.34,122.75,,179.96,
1451,30,Side,10.09,,91.07,91.07,141.9,,166.72,
1451,31,Side,4.64,,95.58,95.58,151.22,,159.72,
1451,32,Side,0.16,,99.64,99.64,158.81,,154.98,
1451,33,Side,5.41,,104.88,104.88,166.12,,151.63,
1451,34,Side,10.72,,109.84,109.84,173.83,,146.51,
1451,35,Side,16.25,,114.27,114.27,175.92,,138.17,
1451,36,Side,16.73,,118.04,53.07,172.18,,129.31,
1451,37,Side,17.63,,124.65,58.74,176.21,,132.25,
1451,38,Side,18.66,,136.22,66.35,172.02,,140.87,
1451,39,Side,16.73,,136.27,68.5,167.43,,144.9,
1451,40,Side,21.25,,148.24,76.37,163.46,,149.01,
1451,41,Side,21.14,,149.41,77.81,161.93,,149.8,
1451,42,Side,22.97,,155.25,82.01,161.71,,148.49,
1451,43,Side,25.8,,160.99,85.71,163.19,,146.51,
1451,44,Side,26.68,,164.45,88.34,163.49,,145.25,
1451,45,Side,27.86,,168.67,153.73,164.56,,143.24,
1452,1,Side,36.73,,162.75,170.52,162.41,,143.13,
1452,2,Side,32.21,,159.88,172.93,169.77,,144.8,
1452,3,Side,31.95,,158.87,172.51,151.04,,102.18,
1452,4,Side,27.43,,157.01,177.66,171.66,,157.38,
1452,5,Side,21.0,,151.4,171.21,163.41,,158.81,
1452,6,Side,15.4,,147.42,122.49,174.95,,126.11,
1452,7,Side,11.16,,141.51,122.32,144.69,,171.87,
1452,8,Side,8.3,,135.46,118.47,141.91,,173.09,
1452,9,Side,1.3,,128.26,113.17,160.35,,135.0,
1452,10,Side,6.01,,122.08,106.9,125.52,,176.29,
1452,11,Side,9.24,,122.18,49.08,113.65,,170.13,
1452,12,Side,15.95,,118.47,45.78,115.69,,168.11,
1452,13,Side,21.72,,112.6,38.21,109.83,,167.66,
1452,14,Side,30.03,,108.99,38.2,91.05,,177.64,
1452,15,Side,31.8,,102.49,31.7,101.39,,169.57,
1452,16,Side,42.19,,91.96,16.96,90.2,,174.63,
1452,17,Side,43.85,,92.1,19.22,86.27,,174.63,
1452,18,Side,44.87,,87.6,16.64,84.72,,169.79,
1452,19,Side,45.0,,83.66,12.7,88.53,,169.79,
1452,20,Side,45.58,,81.75,10.97,88.47,,165.83,
1452,21,Side,47.8,,78.13,7.35,90.0,,165.96,
1452,22,Side,44.31,,83.85,11.15,89.74,,165.83,
1452,23,Side,37.77,,89.34,16.63,93.65,,168.69,
1452,24,Side,35.99,,91.12,18.41,95.2,,170.24,
1452,25,Side,36.46,,89.79,15.15,99.81,,171.87,
1452,26,Side,28.35,,89.79,15.15,117.47,,178.59,
1452,27,Side,30.75,,93.99,20.35,105.26,,175.82,
1452,28,Side,19.56,,88.0,21.58,127.59,,170.27,
1452,29,Side,15.61,,92.21,23.83,135.0,,164.74,
1452,30,Side,14.42,,94.39,26.01,136.06,,164.38,
1452,31,Side,8.53,,102.18,31.29,139.92,,161.57,
1452,32,Side,12.11,,106.36,105.63,121.06,,172.67,
1452,33,Side,3.56,,112.83,100.25,136.94,,162.74,
1452,34,Side,4.13,,116.84,110.43,156.92,,146.24,
1452,35,Side,9.67,,123.02,112.81,172.79,,132.21,
1452,36,Side,15.81,,129.56,118.3,173.49,,120.39,
1452,37,Side,18.98,,135.81,120.42,167.75,,113.77,
1452,38,Side,23.88,,144.84,126.49,161.57,,105.64,
1452,39,Side,27.34,,152.37,128.83,160.72,,107.07,
1452,40,Side,34.29,,164.69,126.87,149.88,,97.27,
1452,41,Side,36.88,,169.36,126.4,146.02,,97.36,
1452,42,Side,37.72,,169.36,126.4,146.82,,99.01,
1452,43,Side,36.87,,167.97,124.67,146.82,,99.01,
1452,44,Side,37.67,,167.38,122.95,143.08,,97.05,
1452,45,Side,39.66,,171.14,121.23,143.08,,97.05,
1453,1,Side,,64.12,148.07,176.66,,161.23,,164.47
1453,2,Side,,62.45,147.41,179.23,,161.45,,161.79
1453,3,Side,,62.59,146.75,178.15,,160.99,,156.59
1453,4,Side,,56.67,146.06,173.22,,162.46,,152.02
1453,5,Side,,45.4,145.56,164.12,,173.53,,154.87
1453,6,Side,,45.12,86.11,168.3,,178.5,,152.55
1453,7,Side,,40.25,83.81,162.26,,178.53,,148.37
1453,8,Side,,37.89,80.26,156.72,,179.67,,150.88
1453,9,Side,,35.5,76.42,149.81,,178.59,,152.72
1453,10,Side,,31.36,72.59,143.88,,176.52,,152.19
1453,11,Side,,28.64,70.25,141.07,,171.87,,154.01
1453,12,Side,,28.94,67.42,136.59,,174.44,,156.6
1453,13,Side,,34.44,62.75,130.68,,172.58,,152.3
1453,14,Side,,23.61,54.85,122.42,,172.04,,164.38
1453,15,Side,,25.17,115.8,115.8,,175.71,,151.69
1453,16,Side,,19.8,110.81,110.81,,179.86,,155.84
1453,17,Side,,17.55,107.33,107.33,,179.12,,155.59
1453,18,Side,,22.49,104.64,104.64,,165.4,,144.59
1453,19,Side,,17.9,100.59,100.59,,178.44,,153.12
1453,20,Side,,11.4,97.25,97.25,,177.66,,156.04
1453,21,Side,,16.78,94.35,94.35,,163.99,,147.16
1453,22,Side,,18.29,95.26,95.26,,160.34,,144.48
1453,23,Side,,18.31,94.57,94.57,,158.0,,141.1
1453,24,Side,,18.5,93.35,93.35,,155.69,,137.7
1453,25,Side,,18.21,87.97,87.97,,152.92,,138.19
1453,26,Side,,17.1,89.57,89.57,,157.39,,148.09
1453,27,Side,,15.79,84.54,84.54,,153.4,,140.67
1453,28,Side,,17.16,82.09,82.09,,152.95,,147.24
1453,29,Side,,17.11,80.82,80.82,,146.72,,137.49
1453,30,Side,,17.04,79.55,79.55,,146.42,,141.45
1453,31,Side,,15.84,79.55,79.55,,149.39,,143.22
1453,32,Side,,17.16,82.09,82.09,,150.61,,144.74
1453,33,Side,,17.59,83.37,83.37,,151.45,,144.74
1453,34,Side,,17.62,85.97,85.97,,155.82,,148.09
1453,35,Side,,11.52,88.68,88.68,,171.51,,154.96
1453,36,Side,,14.67,92.89,92.89,,171.54,,155.4
1453,37,Side,,15.12,97.22,97.22,,173.98,,156.0
1453,38,Side,,13.65,97.07,97.07,,178.73,,159.86
1453,39,Side,,15.04,101.0,101.0,,179.23,,156.51
1453,40,Side,,13.78,101.97,101.97,,174.29,,165.5
1453,41,Side,,13.75,104.26,104.26,,169.77,,169.47
1453,42,Side,,14.98,106.7,106.7,,167.95,,174.65
1453,43,Side,,14.87,109.97,109.97,,162.78,,178.01
1453,44,Side,,19.05,114.31,114.31,,164.85,,177.78
1453,45,Side,,21.94,118.52,118.52,,166.81,,177.83
1453,46,Side,,22.8,52.52,120.68,,167.55,,175.57
1453,47,Side,,23.2,52.2,119.87,,172.7,,175.98
1453,48,Side,,26.08,55.67,125.54,,174.35,,176.19
1453,49,Side,,31.07,62.46,134.51,,179.53,,168.69
1453,50,Side,,35.85,66.89,142.05,,177.08,,167.11
1453,51,Side,,40.63,69.94,146.28,,168.92,,160.88
1453,52,Side,,42.56,73.77,152.44,,169.45,,161.98
1453,53,Side,,44.59,77.78,158.72,,170.98,,164.01
1453,54,Side,,44.06,81.92,167.14,,175.22,,163.64
1453,55,Side,,47.0,155.72,173.99,,175.22,,165.65
1453,56,Side,,50.71,155.6,178.2,,172.83,,166.86
1453,57,Side,,49.46,156.17,178.56,,174.63,,167.06
1453,58,Side,,49.46,155.2,178.56,,174.63,,167.06
1453,59,Side,,48.69,155.77,178.9,,175.75,,167.06
1454,1,Side,72.81,,176.37,179.26,156.24,,162.95,
1454,2,Side,71.57,,174.21,178.92,156.74,,160.98,
1454,3,Side,69.49,,171.18,177.41,156.74,,157.96,
1454,4,Side,68.13,,168.16,178.13,155.61,,155.35,
1454,5,Side,66.32,,164.68,175.76,155.27,,155.67,
1454,6,Side,58.1,,162.67,168.17,163.47,,155.62,
1454,7,Side,58.11,,160.99,169.65,161.78,,154.56,
1454,8,Side,56.0,,156.31,165.4,161.25,,154.88,
1454,9,Side,54.43,,152.33,165.28,160.46,,154.52,
1454,10,Side,52.87,,147.39,162.96,158.45,,154.11,
1454,11,Side,50.75,,142.78,83.24,157.64,,153.82,
1454,12,Side,47.06,,139.84,80.22,162.29,,155.55,
1454,13,Side,42.5,,135.28,76.35,165.32,,156.43,
1454,14,Side,38.24,,131.78,76.68,166.39,,149.04,
1454,15,Side,32.83,,127.28,75.05,169.17,,149.51,
1454,16,Side,26.55,,122.51,129.56,179.81,,164.13,
1454,17,Side,24.34,,118.72,125.69,173.0,,150.03,
1454,18,Side,21.75,,114.63,122.17,172.29,,149.73,
1454,19,Side,18.89,,111.12,120.14,170.76,,147.57,
1454,20,Side,15.26,,105.26,116.2,169.33,,147.32,
1454,21,Side,1.64,,92.54,111.04,174.05,,158.71,
1454,22,Side,8.51,,97.22,112.22,168.77,,146.87,
1454,23,Side,6.17,,93.43,115.19,172.96,,159.23,
1454,24,Side,4.34,,89.1,113.48,173.09,,159.0,
1454,25,Side,1.1,,82.9,110.44,170.13,,157.93,
1454,26,Side,8.17,,83.93,77.98,170.02,,167.33,
1454,27,Side,9.2,,83.66,80.34,168.39,,169.24,
1454,28,Side,7.46,,85.57,81.94,170.73,,167.62,
1454,29,Side,5.49,,88.22,84.15,170.05,,168.33,
1454,30,Side,3.53,,90.88,83.12,170.13,,167.54,
1454,31,Side,4.12,,91.24,119.17,172.34,,163.1,
1454,32,Side,0.03,,94.49,120.24,171.71,,168.94,
1454,33,Side,9.67,,100.91,123.16,172.19,,153.81,
1454,34,Side,14.77,,107.45,123.93,174.73,,162.29,
1454,35,Side,19.44,,113.71,128.2,172.78,,154.34,
1454,36,Side,23.06,,118.07,127.5,174.4,,162.82,
1454,37,Side,31.01,,128.39,136.07,171.88,,152.03,
1454,38,Side,37.52,,137.21,138.51,172.64,,153.05,
1454,39,Side,42.49,,143.69,144.13,172.62,,156.1,
1454,40,Side,41.71,,143.32,147.3,169.91,,155.3,
1454,41,Side,43.88,,146.89,88.67,170.65,,157.51,
1454,42,Side,49.49,,153.6,94.29,169.21,,158.88,
1454,43,Side,53.41,,156.96,100.46,166.93,,160.08,
1454,44,Side,60.96,,167.56,104.35,166.68,,159.05,
1454,45,Side,64.2,,171.2,102.4,166.67,,161.6,
1454,46,Side,67.08,,174.33,170.07,164.99,,161.97,
1454,47,Side,67.73,,174.97,171.01,168.9,,178.05,
1454,48,Side,68.12,,175.37,173.92,168.42,,174.79,
1454,49,Side,69.56,,176.05,172.69,166.35,,175.17,
1454,50,Side,68.47,,174.0,178.99,164.79,,173.72,
1454,51,Side,68.2,,173.61,179.22,163.57,,173.01,
1455,1,Side,89.64,175.93,173.44,147.87,137.09,116.77,157.23,155.34
1455,2,Side,86.02,174.43,168.93,146.49,139.71,120.78,159.3,157.38
1455,3,Side,83.83,176.66,164.6,143.73,141.16,121.55,160.09,157.73
1455,4,Side,79.36,96.37,156.45,68.63,149.8,128.25,173.24,168.69
1455,5,Side,75.45,92.34,147.93,147.93,149.34,128.74,170.17,166.47
1455,6,Side,69.66,88.23,138.15,138.15,153.15,128.91,170.42,164.76
1455,7,Side,67.93,87.94,131.07,131.07,154.33,127.55,169.71,162.93
1455,8,Side,65.88,84.89,123.8,123.8,154.8,128.04,168.69,160.94
1455,9,Side,63.22,81.52,118.57,118.57,156.49,140.97,168.73,171.75
1455,10,Side,62.1,78.88,117.35,117.35,156.08,143.48,167.28,168.38
1455,11,Side,58.09,75.42,116.63,116.63,161.18,148.02,169.82,166.33
1455,12,Side,50.76,70.96,112.04,112.04,167.34,149.88,169.74,163.88
1455,13,Side,48.22,68.81,103.82,103.82,163.08,143.8,166.69,159.34
1455,14,Side,45.16,65.07,99.63,99.63,163.67,146.87,163.55,158.66
1455,15,Side,43.13,169.58,104.96,37.97,167.59,175.27,162.65,159.66
1455,16,Side,40.68,157.8,99.42,28.27,166.71,173.15,160.38,164.5
1455,17,Side,40.05,152.89,97.77,24.29,164.8,173.15,160.69,165.61
1455,18,Side,39.0,153.21,96.86,23.81,163.76,171.49,158.2,165.9
1455,19,Side,37.52,152.95,96.21,22.69,166.23,168.2,159.44,169.17
1455,20,Side,38.34,153.92,94.39,22.35,165.37,164.03,158.94,173.42
1455,21,Side,39.19,149.19,93.9,19.46,161.34,166.58,156.99,171.79
1455,22,Side,41.49,146.07,97.01,18.25,159.39,171.02,155.43,169.78
1455,23,Side,44.24,129.54,98.08,8.87,158.1,179.52,157.31,169.5
1455,24,Side,41.4,135.74,89.74,13.28,158.13,178.85,159.72,168.65
1455,25,Side,42.79,141.18,91.36,18.65,158.47,175.81,163.26,166.18
1455,26,Side,43.67,40.45,91.19,101.06,157.39,173.81,163.48,164.33
1455,27,Side,47.33,40.94,95.07,102.62,154.98,174.08,164.67,165.9
1455,28,Side,49.87,41.38,98.07,104.72,154.2,174.11,165.34,166.67
1455,29,Side,50.86,41.59,97.82,105.53,150.83,174.47,163.66,167.84
1455,30,Side,51.75,67.49,99.38,99.38,149.24,141.42,162.59,170.07
1455,31,Side,56.46,70.8,101.0,101.0,142.67,139.75,157.2,171.24
1455,32,Side,60.91,76.18,109.5,109.5,143.71,141.03,155.77,173.52
1455,33,Side,63.08,78.94,113.4,113.4,142.41,139.69,154.5,173.01
1455,34,Side,63.55,78.62,113.45,113.45,138.63,136.82,156.15,173.48
1455,35,Side,67.7,84.25,123.84,42.18,142.93,138.12,157.81,175.43
1455,36,Side,70.56,87.4,129.37,46.71,143.31,137.17,159.63,178.04
1455,37,Side,73.91,90.73,134.66,52.04,141.67,137.15,158.8,179.73
1455,38,Side,76.25,92.92,140.44,55.83,142.4,136.6,160.07,179.37
1455,39,Side,78.84,96.28,146.03,60.13,142.57,132.83,163.37,179.76
1455,40,Side,75.21,90.56,145.99,58.66,145.44,127.98,171.47,35.37
1455,41,Side,79.63,179.25,153.45,130.37,144.1,129.14,172.58,171.45
1455,42,Side,86.82,178.09,167.91,134.87,142.94,128.02,170.96,170.17
1455,43,Side,91.34,177.84,175.14,136.7,143.34,126.34,170.92,169.91
1455,44,Side,91.76,175.98,175.33,141.34,139.85,124.18,169.68,169.18
1455,45,Side,95.31,174.95,179.8,143.71,137.59,123.88,169.18,169.9
1456,1,Side,,74.45,169.22,169.22,,151.42,,153.41
1456,2,Side,,70.09,157.71,157.71,,149.05,,153.33
1456,3,Side,,69.44,153.17,153.17,,149.36,,154.39
1456,4,Side,,63.43,140.91,140.91,,148.13,,154.8
1456,5,Side,,59.74,133.75,133.75,,147.7,,155.2
1456,6,Side,,52.08,119.93,119.93,,146.22,,155.86
1456,7,Side,,46.85,111.54,111.54,,150.5,,159.44
1456,8,Side,,40.98,104.73,104.73,,151.99,,161.71
1456,9,Side,,38.13,99.82,99.82,,151.76,,162.27
1456,10,Side,,26.24,87.78,87.78,,153.04,,164.07
1456,11,Side,,22.06,84.55,84.55,,154.44,,163.89
1456,12,Side,,19.13,80.86,80.86,,152.65,,164.32
1456,13,Side,,20.95,83.17,83.17,,153.55,,164.73
1456,14,Side,,19.71,81.2,81.2,,153.22,,165.15
1456,15,Side,,13.86,76.82,76.82,,154.36,,166.76
1456,16,Side,,16.94,80.15,80.15,,154.2,,165.13
1456,17,Side,,25.85,91.43,91.43,,155.51,,166.72
1456,18,Side,,31.64,99.32,99.32,,157.61,,167.51
1456,19,Side,,34.5,104.04,104.04,,159.37,,168.72
1456,20,Side,,43.18,116.45,116.45,,163.1,,169.52
1456,21,Side,,47.08,67.58,122.71,,165.46,,170.41
1456,22,Side,,53.17,76.29,133.43,,164.31,,168.4
1456,23,Side,,56.78,83.39,141.18,,163.46,,167.61
1456,24,Side,,60.15,88.15,146.82,,160.23,,163.68
1456,25,Side,,61.93,92.83,152.34,,160.75,,162.8
1456,26,Side,,65.71,100.58,160.91,,161.15,,160.0
1456,27,Side,,65.39,172.78,163.46,,162.86,,159.83
1457,1,Front/Back,133.1,180.0,157.98,180.0,155.12,180.0,126.35,180.0
1457,2,Front/Back,155.46,180.0,173.23,180.0,162.23,180.0,131.12,180.0
1457,3,Front/Back,161.88,180.0,170.08,180.0,171.81,180.0,131.12,180.0
1457,4,Front/Back,161.92,180.0,167.79,180.0,174.13,180.0,136.39,180.0
1457,5,Front/Back,151.24,180.0,163.2,180.0,168.03,180.0,149.38,180.0
1457,6,Front/Back,149.92,180.0,161.89,180.0,168.03,180.0,142.36,180.0
1457,7,Front/Back,159.69,180.0,159.7,180.0,179.99,180.0,158.43,173.27
1457,8,Front/Back,179.98,179.97,179.98,179.97,179.96,179.97,179.95,179.96
1457,9,Front/Back,148.49,152.91,162.61,166.79,146.27,163.87,150.95,166.54
1457,10,Front/Back,117.49,152.67,144.36,168.8,122.12,163.85,148.99,179.98
1457,11,Front/Back,112.26,140.59,143.66,164.18,123.33,156.41,154.72,180.0
1457,12,Front/Back,108.27,140.26,137.28,165.27,136.82,154.99,180.0,180.0
1457,13,Front/Back,112.88,140.74,136.54,162.54,139.39,158.21,180.0,180.0
1457,14,Front/Back,109.76,133.28,134.53,158.86,138.84,154.41,180.0,180.0
1457,15,Front/Back,118.53,126.51,131.88,157.94,119.41,148.56,151.85,180.0
1457,16,Front/Back,113.46,118.67,127.2,154.47,118.54,144.19,150.74,180.0
1457,17,Front/Back,118.75,119.0,127.1,152.46,119.91,146.54,149.67,180.0
1457,18,Front/Back,147.51,149.86,129.76,149.86,148.64,180.0,148.64,180.0
1457,19,Front/Back,146.97,156.66,141.55,156.66,147.65,180.0,147.65,180.0
1457,20,Front/Back,147.78,155.12,147.78,155.12,146.7,180.0,146.7,180.0
1457,21,Front/Back,147.94,153.01,147.94,153.01,145.78,177.82,145.78,177.82
1457,22,Front/Back,144.59,152.04,144.59,152.04,144.9,171.22,144.9,171.22
1457,23,Front/Back,143.26,143.67,143.26,143.67,144.04,167.77,144.04,167.77
1457,24,Front/Back,140.2,141.67,131.31,141.67,143.21,165.1,143.21,165.1
1457,25,Front/Back,130.84,141.24,121.95,141.24,142.41,162.83,142.41,162.83
1457,26,Front/Back,128.68,141.21,109.39,141.21,141.64,160.83,141.64,160.83
1457,27,Front/Back,128.72,141.24,112.67,141.24,140.88,159.02,140.88,159.02
1457,28,Front/Back,128.85,139.96,112.81,139.96,140.16,157.35,140.16,157.35
1457,29,Front/Back,129.08,140.05,113.03,140.05,139.45,155.79,139.45,155.79
1457,30,Front/Back,128.39,146.19,111.44,146.19,138.77,154.33,138.77,154.33
1457,31,Front/Back,125.53,140.31,116.47,140.31,130.22,152.94,138.1,152.94
1457,32,Front/Back,134.37,141.4,118.32,141.4,137.46,151.62,137.46,151.62
1457,33,Front/Back,134.25,141.31,118.2,141.31,136.84,150.36,136.84,150.36
1457,34,Front/Back,134.15,142.6,118.1,142.6,136.24,149.15,136.24,149.15
1457,35,Front/Back,134.07,142.58,118.02,142.58,135.65,147.99,135.65,147.99
1457,36,Front/Back,134.02,142.6,117.97,142.6,135.09,146.86,135.09,146.86
1457,37,Front/Back,134.02,142.64,117.97,142.64,134.55,145.77,134.55,145.77
1457,38,Front/Back,133.98,141.31,117.93,141.31,134.02,144.72,134.02,144.72
1457,39,Front/Back,133.15,145.52,117.1,145.52,133.51,143.7,133.51,143.7
1457,40,Front/Back,131.98,145.52,115.02,145.52,133.03,142.7,133.03,142.7
1457,41,Front/Back,131.98,145.52,115.02,145.52,132.56,141.73,132.56,141.73
1457,42,Front/Back,131.9,145.51,114.95,145.51,132.1,140.79,132.1,140.79
1457,43,Front/Back,131.84,144.02,114.89,144.02,131.67,139.87,131.67,139.87
1457,44,Front/Back,130.75,144.03,113.0,144.03,131.26,138.97,131.26,138.97
1457,45,Front/Back,119.29,144.02,113.0,144.02,119.4,138.09,130.86,138.09
1457,46,Front/Back,131.8,142.58,114.05,142.58,130.48,137.23,130.48,137.23
1457,47,Front/Back,131.02,144.36,113.27,144.36,130.12,136.39,130.12,136.39
1457,48,Front/Back,133.97,144.21,115.51,144.21,129.78,135.57,129.78,135.57
1457,49,Front/Back,134.64,145.23,116.17,145.23,129.46,134.77,129.46,134.77
1457,50,Front/Back,117.39,147.01,116.92,147.01,111.16,133.98,129.15,133.98
1457,51,Front/Back,112.63,147.79,117.01,147.79,105.39,133.2,128.87,133.2
1457,52,Front/Back,112.92,150.6,122.5,150.6,103.29,132.45,128.6,132.45
1457,53,Front/Back,113.26,133.09,124.35,152.26,100.47,121.87,127.96,141.04
1457,54,Front/Back,119.51,160.67,135.93,160.67,121.84,140.46,147.45,140.46
1457,55,Front/Back,116.86,170.43,126.88,170.43,128.61,151.03,155.58,151.03
1457,56,Front/Back,119.76,164.96,143.34,180.0,147.23,155.09,180.0,170.14
1457,57,Front/Back,121.87,180.0,135.89,180.0,148.54,165.25,180.0,165.25
1457,58,Front/Back,125.34,180.0,137.01,180.0,150.48,180.0,180.0,180.0
1457,59,Front/Back,127.04,180.0,141.97,180.0,150.48,180.0,180.0,180.0
1457,60,Front/Back,131.48,180.0,144.02,180.0,152.54,180.0,180.0,180.0
1457,61,Front/Back,125.02,180.0,145.64,180.0,148.54,180.0,180.0,180.0
1457,62,Front/Back,130.16,180.0,148.43,180.0,150.74,180.0,180.0,180.0
1457,63,Front/Back,135.1,180.0,151.26,180.0,152.82,180.0,180.0,180.0
1457,64,Front/Back,142.34,180.0,156.59,180.0,154.76,180.0,159.35,180.0
1457,65,Front/Back,162.95,180.0,169.16,180.0,162.95,180.0,133.92,180.0
1457,66,Front/Back,149.16,180.0,163.55,180.0,155.39,180.0,122.36,174.35
1457,67,Front/Back,166.71,180.0,170.25,180.0,166.71,180.0,117.71,165.27
1457,68,Front/Back,162.95,180.0,171.66,180.0,162.95,180.0,116.57,165.55
1457,69,Front/Back,159.86,180.0,172.68,180.0,159.86,180.0,116.57,166.04
1457,70,Front/Back,162.95,180.0,172.68,180.0,162.95,180.0,136.7,180.0
1457,71,Front/Back,159.57,180.0,167.68,180.0,159.57,180.0,132.67,180.0
1457,72,Front/Back,159.86,180.0,167.68,180.0,159.86,180.0,132.67,180.0
1457,73,Front/Back,159.86,180.0,167.68,180.0,159.86,180.0,132.67,180.0
1457,74,Front/Back,157.49,180.0,167.68,180.0,157.49,180.0,132.67,180.0
1458,1,Side,68.45,,167.87,167.87,172.52,,169.02,
1458,2,Side,66.01,,164.29,164.29,173.09,,169.86,
1458,3,Side,64.73,,162.41,162.41,172.49,,169.13,
1458,4,Side,63.53,,160.03,160.03,171.05,,167.78,
1458,5,Side,62.03,,157.95,157.95,170.96,,169.13,
1458,6,Side,60.33,,154.6,154.6,170.67,,168.59,
1458,7,Side,58.34,,152.16,152.16,170.1,,167.86,
1458,8,Side,55.86,,147.13,147.13,169.27,,168.66,
1458,9,Side,55.05,,146.32,146.32,169.76,,171.23,
1458,10,Side,50.35,,142.8,142.8,171.41,,171.81,
1458,11,Side,47.31,,139.08,139.08,172.52,,173.47,
1458,12,Side,43.15,,133.25,133.25,173.13,,171.08,
1458,13,Side,39.26,,129.05,129.05,175.02,,176.72,
1458,14,Side,38.49,,128.43,128.43,176.24,,177.22,
1458,15,Side,35.01,,123.92,123.92,176.56,,177.6,
1458,16,Side,31.33,,118.99,118.99,176.92,,178.91,
1458,17,Side,26.72,,113.44,113.44,176.44,,178.58,
1458,18,Side,19.2,,104.07,104.07,175.32,,178.55,
1458,19,Side,16.07,,100.59,100.59,175.45,,177.56,
1458,20,Side,12.31,,95.2,95.2,173.91,,174.07,
1458,21,Side,9.11,,91.49,91.49,172.93,,174.86,
1458,22,Side,7.01,,89.43,89.43,174.11,,174.04,
1458,23,Side,5.71,,89.2,89.2,174.68,,174.62,
1458,24,Side,4.23,,86.48,86.48,175.85,,176.46,
1458,25,Side,2.83,,83.99,83.99,175.85,,175.74,
1458,26,Side,0.25,,81.4,81.4,176.94,,176.85,
1458,27,Side,1.78,,78.91,78.91,177.06,,177.41,
1458,28,Side,3.47,,78.75,78.75,178.68,,178.58,
1458,29,Side,7.26,,74.05,74.05,178.36,,178.46,
1458,30,Side,5.86,,76.57,76.57,178.23,,179.66,
1458,31,Side,8.61,,72.96,72.96,179.09,,178.95,
1458,32,Side,6.66,,75.33,75.33,179.28,,178.34,
1458,33,Side,5.47,,76.52,76.52,179.87,,177.75,
1458,34,Side,3.49,,78.91,78.91,179.92,,177.11,
1458,35,Side,1.61,,86.18,86.18,177.95,,179.02,
1458,36,Side,5.46,,93.59,93.59,178.71,,177.16,
1458,37,Side,8.41,,96.07,96.07,179.84,,176.58,
1458,38,Side,11.2,,99.98,99.98,179.55,,175.97,
1458,39,Side,13.99,,102.81,89.67,178.39,,174.75,
1458,40,Side,16.81,,105.68,92.54,177.84,,174.79,
1458,41,Side,18.1,,103.25,89.14,177.68,,174.77,
1458,42,Side,25.09,,114.59,101.45,177.27,,174.92,
1458,43,Side,29.28,,118.37,105.23,175.58,,174.29,
1458,44,Side,31.31,,120.8,107.66,174.79,,173.11,
1458,45,Side,36.14,,125.18,110.16,174.87,,173.18,
1458,46,Side,36.02,,125.35,110.33,174.7,,173.38,
1458,47,Side,38.02,,128.02,113.45,175.21,,174.7,
1458,48,Side,39.99,,130.36,115.8,175.02,,174.86,
1458,49,Side,43.46,,134.88,120.32,175.63,,175.09,
1458,50,Side,45.88,,138.21,123.64,175.96,,175.28,
1458,51,Side,48.76,,142.07,127.51,176.24,,174.57,
1458,52,Side,49.36,,143.19,129.05,176.03,,174.78,
1458,53,Side,51.85,,146.85,133.06,175.71,,175.05,
1458,54,Side,53.1,,148.9,135.1,176.35,,175.69,
1458,55,Side,53.18,,150.45,137.12,175.96,,176.11,
1458,56,Side,55.26,,153.13,138.67,174.83,,172.0,
1458,57,Side,58.3,,159.52,147.18,174.13,,171.89,
1458,58,Side,60.44,,162.79,150.82,173.72,,172.08,
1458,59,Side,62.57,,167.38,155.79,174.45,,172.09,
1458,60,Side,63.32,,168.37,157.06,174.56,,171.96,
1458,61,Side,65.03,,170.2,159.25,173.15,,172.16,
1458,62,Side,65.87,,171.16,160.21,173.27,,172.86,
1458,63,Side,66.56,,171.97,161.02,173.38,,172.86,
1459,1,Side,34.82,,156.3,141.9,,,,
1459,2,Side,26.95,,143.69,143.17,,,,
1459,3,Side,20.23,,134.8,145.49,,,,
1459,4,Side,17.99,,135.0,147.82,,,,
1459,5,Side,12.09,,122.8,70.14,,,,
1459,6,Side,8.91,,115.58,63.39,,,,
1459,7,Side,4.8,,108.78,54.21,,,,
1459,8,Side,8.13,,101.02,47.13,,,,
1459,9,Side,2.89,,89.29,37.72,,,,
1459,10,Side,2.76,,86.37,86.37,,,,
1459,11,Side,2.77,,81.43,81.43,,,,
1459,12,Side,3.02,,80.08,80.08,,,,
1459,13,Side,3.38,,83.53,83.53,,,,
1459,14,Side,2.66,,85.66,85.66,,,,
1459,15,Side,3.69,,85.97,85.97,,,,
1459,16,Side,2.97,,88.98,88.98,,,,
1459,17,Side,1.43,,91.63,40.01,,,,
1459,18,Side,0.08,,93.68,37.99,,,,
1459,19,Side,2.88,,102.48,47.09,,,,
1459,20,Side,3.91,,104.1,49.84,,,,
1459,21,Side,7.65,,111.95,57.15,,,,
1459,22,Side,12.9,,129.3,68.24,,,,
1459,23,Side,23.9,,142.92,176.54,,,,
1459,24,Side,35.04,,160.36,178.67,,,,
1459,25,Side,37.53,,164.32,176.42,,,,
1459,26,Side,39.33,,164.9,172.45,,,,
1459,27,Side,41.77,,166.9,172.78,,,,
1459,28,Side,43.24,,169.53,172.78,,,,
1459,29,Side,43.53,,169.05,172.78,,,,
1459,30,Side,45.85,,170.59,172.78,,,,
1460,1,Side,76.95,88.03,159.6,164.83,150.0,138.01,151.42,159.9
1460,2,Side,76.58,86.44,157.29,162.66,150.19,140.87,150.93,160.96
1460,3,Side,74.81,84.75,154.23,160.58,151.75,143.73,151.9,162.16
1460,4,Side,70.85,81.84,148.31,156.19,152.84,146.76,151.44,163.81
1460,5,Side,66.7,79.64,143.87,151.82,157.25,149.41,151.97,164.13
1460,6,Side,64.61,78.23,139.52,149.02,157.87,151.95,151.93,165.24
1460,7,Side,62.92,77.15,138.95,150.32,158.56,155.44,152.39,167.94
1460,8,Side,59.93,75.85,135.75,150.46,159.42,158.87,153.4,169.83
1460,9,Side,60.59,74.57,135.3,151.61,157.43,162.36,153.48,171.92
1460,10,Side,54.75,71.46,133.32,150.62,159.88,164.72,154.12,174.17
1460,11,Side,51.51,5.92,127.47,66.24,158.57,170.74,153.61,177.77
1460,12,Side,47.98,9.24,123.21,62.48,161.95,170.35,155.75,177.64
1460,13,Side,44.06,12.41,121.89,59.14,163.3,168.3,156.18,174.41
1460,14,Side,41.99,14.73,121.98,57.69,164.8,169.07,157.13,174.65
1460,15,Side,36.97,18.31,116.57,55.43,166.43,170.6,159.09,177.21
1460,16,Side,31.16,20.76,109.33,52.28,167.29,169.08,161.18,165.26
1460,17,Side,31.99,22.06,111.91,50.72,166.74,169.7,159.98,165.38
1460,18,Side,31.76,22.53,112.47,50.72,165.2,171.36,157.76,167.19
1460,19,Side,35.22,22.56,115.29,50.26,164.11,171.5,154.9,167.3
1460,20,Side,32.77,22.63,112.61,50.22,163.72,172.1,154.9,166.83
1460,21,Side,31.24,75.46,112.4,161.35,163.32,172.71,154.15,167.45
1460,22,Side,32.54,71.76,110.34,152.99,164.24,170.89,154.73,165.65
1460,23,Side,36.71,72.52,117.07,155.07,164.46,169.5,154.16,164.64
1460,24,Side,38.02,72.61,118.55,154.61,165.66,168.82,154.16,163.46
1460,25,Side,39.96,73.41,120.9,156.33,166.06,169.62,154.7,163.91
1460,26,Side,40.94,72.55,123.29,157.62,167.12,170.55,154.65,162.9
1460,27,Side,43.62,71.01,126.72,154.28,168.9,168.5,156.12,162.04
1460,28,Side,46.15,70.98,128.43,154.56,169.01,169.0,155.52,160.73
1460,29,Side,45.83,68.74,125.61,149.98,169.16,169.69,154.94,161.16
1460,30,Side,46.58,66.97,124.46,146.69,168.89,169.39,154.37,160.22
1460,31,Side,47.87,60.61,125.98,125.98,169.2,155.1,154.92,160.84
1460,32,Side,53.12,65.8,129.94,129.94,165.84,149.47,154.92,156.23
1460,33,Side,56.25,68.56,134.81,134.81,164.97,149.69,154.74,156.79
1460,34,Side,61.24,73.29,142.13,142.13,164.84,150.9,154.22,157.95
1460,35,Side,63.08,74.72,143.0,143.0,163.74,151.17,153.83,158.53
1460,36,Side,64.84,76.19,146.72,146.72,163.66,152.43,153.35,159.62
1460,37,Side,67.25,78.54,148.51,148.51,161.46,150.75,152.59,159.98
1460,38,Side,69.13,80.36,152.36,152.36,159.66,150.53,150.26,160.91
1460,39,Side,71.52,83.19,156.76,156.76,159.9,150.1,151.59,162.13
1460,40,Side,73.63,85.6,160.42,160.42,159.64,148.17,153.96,162.14
1460,41,Side,75.64,87.58,164.08,73.87,158.39,146.92,153.66,161.84
1460,42,Side,75.73,86.27,162.52,91.68,154.5,146.92,151.16,161.84
1461,1,Side,,69.66,139.51,173.1,,164.97,,179.76
1461,2,Side,,68.03,138.27,168.4,,165.13,,177.92
1461,3,Side,,66.82,138.21,164.33,,162.52,,175.33
1461,4,Side,,64.49,138.21,159.16,,162.52,,175.33
1461,5,Side,,60.92,138.21,154.21,,164.97,,176.58
1461,6,Side,,64.17,134.43,151.36,,160.26,,173.97
1461,7,Side,,60.71,134.96,146.5,,155.43,,161.87
1461,8,Side,,59.2,136.16,143.89,,156.58,,163.03
1461,9,Side,,51.61,141.79,139.2,,161.57,,162.18
1461,10,Side,,54.22,135.6,137.34,,158.24,,163.34
1461,11,Side,,50.18,141.99,137.64,,160.14,,160.74
1461,12,Side,,46.92,142.91,135.34,,168.01,,172.87
1461,13,Side,,44.78,75.1,134.18,,169.09,,174.09
1461,14,Side,,41.48,72.57,131.93,,171.39,,173.51
1461,15,Side,,39.95,70.05,128.84,,172.99,,175.12
1461,16,Side,,36.23,66.68,122.3,,176.37,,177.62
1461,17,Side,,37.12,65.11,124.67,,176.05,,176.68
1461,18,Side,,36.61,64.39,123.23,,176.6,,178.14
1461,19,Side,,35.98,61.32,117.43,,171.14,,171.22
1461,20,Side,,34.89,58.19,113.54,,171.31,,171.09
1461,21,Side,,33.96,54.1,107.04,,171.48,,172.36
1461,22,Side,,32.59,49.44,100.86,,170.56,,173.75
1461,23,Side,,38.45,49.8,99.98,,164.14,,172.01
1461,24,Side,,37.3,48.28,99.42,,162.88,,170.61
1461,25,Side,,36.69,43.69,92.37,,161.5,,171.93
1461,26,Side,,36.31,42.24,89.44,,160.23,,170.54
1461,27,Side,,36.76,40.86,90.84,,158.01,,170.54
1461,28,Side,,37.14,38.47,88.56,,154.59,,167.78
1461,29,Side,,35.14,35.73,85.31,,154.06,,167.78
1461,30,Side,,33.29,32.15,80.02,,151.21,,165.24
1461,31,Side,,32.57,30.72,78.59,,149.19,,162.62
1461,32,Side,,31.68,29.28,76.08,,150.52,,163.72
1461,33,Side,,28.2,26.47,73.27,,153.43,,166.64
1461,34,Side,,26.44,70.58,70.58,,155.07,,167.97
1461,35,Side,,24.86,68.33,68.33,,154.4,,166.68
1461,36,Side,,22.84,21.54,67.29,,158.06,,169.37
1461,37,Side,,23.61,21.42,68.19,,159.69,,170.72
1461,38,Side,,20.65,67.9,67.9,,158.44,,169.57
1461,39,Side,,21.24,66.56,66.56,,159.15,,170.93
1461,40,Side,,17.55,57.86,57.86,,156.16,,172.3
1461,41,Side,,16.47,76.93,58.08,,156.16,,171.04
1461,42,Side,,18.3,77.63,63.72,,160.62,,173.66
1461,43,Side,,18.55,76.12,61.31,,159.33,,172.41
1461,44,Side,,17.22,93.89,62.4,,158.39,,172.41
1461,45,Side,,17.33,93.89,61.2,,157.07,,171.67
1461,46,Side,,16.04,85.68,58.99,,156.14,,170.31
1461,47,Side,,15.0,89.49,58.55,,156.07,,172.74
1461,48,Side,,14.8,106.19,57.44,,155.16,,171.35
1461,49,Side,,14.61,104.74,56.34,,154.26,,171.35
1461,50,Side,,15.09,103.39,54.99,,151.14,,168.69
1461,51,Side,,15.1,108.43,53.6,,149.74,,168.69
1461,52,Side,,15.93,107.2,55.82,,148.5,,167.71
1461,53,Side,,16.22,105.73,54.36,,145.45,,166.41
1461,54,Side,,16.22,105.73,54.36,,145.45,,166.67
1461,55,Side,,17.07,105.73,56.63,,144.18,,165.4
1461,56,Side,,17.64,103.52,57.53,,144.51,,165.65
1461,57,Side,,17.73,78.74,57.26,,145.06,,164.27
1461,58,Side,,21.58,78.98,60.92,,149.93,,174.7
1461,59,Side,,23.09,61.94,61.94,,144.45,,162.1
1461,60,Side,,23.66,64.36,64.36,,148.82,,167.16
1461,61,Side,,24.42,12.82,65.58,,149.16,,168.32
1461,62,Side,,25.67,20.31,71.67,,155.29,,170.91
1461,63,Side,,27.08,25.11,76.46,,160.15,,174.7
1461,64,Side,,24.48,26.13,77.49,,166.2,,180.0
1461,65,Side,,32.69,35.73,87.08,,164.02,,177.89
1461,66,Side,,30.06,38.38,89.73,,169.3,,179.36
1461,67,Side,,30.65,43.32,97.1,,171.46,,179.04
1461,68,Side,,33.65,49.85,105.86,,170.32,,176.98
1461,69,Side,,42.87,63.95,122.47,,171.66,,174.03
1461,70,Side,,46.69,129.87,132.42,,171.97,,174.28
1461,71,Side,,45.17,138.41,131.83,,168.52,,173.08
1461,72,Side,,47.82,141.12,137.69,,166.91,,174.35
1461,73,Side,,49.78,140.19,146.59,,166.25,,173.83
1461,74,Side,,53.68,140.48,153.43,,169.2,,178.8
1461,75,Side,,61.16,136.4,167.09,,167.99,,177.97
1461,76,Side,,57.64,145.55,165.88,,166.71,,174.9
1461,77,Side,,57.21,148.61,166.34,,168.03,,177.76
1461,78,Side,,64.08,146.43,171.79,,166.62,,177.76
1462,1,Side,60.83,,168.36,80.72,170.8,,164.35,
1462,2,Side,59.32,,165.01,81.19,170.44,,164.97,
1462,3,Side,54.01,,157.27,83.69,171.58,,164.89,
1462,4,Side,51.62,,150.38,75.11,172.2,,164.82,
1462,5,Side,48.59,,144.09,70.38,172.17,,165.37,
1462,6,Side,46.59,,143.45,75.58,172.49,,165.11,
1462,7,Side,44.05,,138.03,74.61,172.56,,165.06,
1462,8,Side,43.23,,135.64,68.48,173.28,,165.17,
1462,9,Side,41.2,,129.72,129.72,172.72,,165.58,
1462,10,Side,38.61,,122.91,122.91,171.92,,166.76,
1462,11,Side,37.79,,117.96,117.96,171.5,,166.57,
1462,12,Side,36.26,,115.52,115.52,172.52,,166.55,
1462,13,Side,35.4,,113.82,113.82,171.81,,166.07,
1462,14,Side,34.0,,112.71,112.71,171.35,,165.45,
1462,15,Side,32.63,,109.28,109.28,171.38,,165.91,
1462,16,Side,31.01,,106.38,106.38,171.23,,166.62,
1462,17,Side,29.33,,104.68,104.68,171.4,,167.21,
1462,18,Side,27.87,,103.22,103.22,171.99,,167.18,
1462,19,Side,26.01,,102.59,102.59,172.17,,167.77,
1462,20,Side,23.62,,100.15,100.15,172.96,,168.97,
1462,21,Side,20.56,,94.96,94.96,171.35,,169.48,
1462,22,Side,17.45,,90.66,90.66,171.2,,169.55,
1462,23,Side,17.49,,91.54,91.54,170.77,,169.55,
1462,24,Side,16.53,,90.58,90.58,171.37,,170.16,
1462,25,Side,15.44,,87.92,87.92,169.99,,169.64,
1462,26,Side,13.12,,83.81,83.81,169.14,,169.64,
1462,27,Side,12.97,,82.82,36.48,167.6,,168.98,
1462,28,Side,11.39,,81.18,35.67,167.26,,169.04,
1462,29,Side,10.64,,79.16,34.86,165.39,,168.44,
1462,30,Side,9.45,,76.75,33.81,164.45,,168.37,
1462,31,Side,10.21,,77.85,34.75,164.88,,168.47,
1462,32,Side,10.64,,77.85,34.87,163.86,,167.88,
1462,33,Side,10.99,,79.96,37.33,165.26,,167.88,
1462,34,Side,11.51,,81.33,37.33,164.25,,167.29,
1462,35,Side,10.93,,79.07,36.01,163.83,,167.29,
1462,36,Side,10.93,,78.7,35.86,163.83,,167.29,
1462,37,Side,10.98,,79.07,36.34,163.2,,166.72,
1462,38,Side,10.98,,79.07,35.42,163.2,,166.72,
1462,39,Side,11.2,,80.52,35.06,163.15,,166.72,
1462,40,Side,11.55,,79.47,33.03,163.99,,171.64,
1462,41,Side,11.55,,79.47,32.71,163.99,,171.64,
1462,42,Side,12.34,,82.0,33.17,164.43,,171.64,
1462,43,Side,12.84,,82.0,33.17,163.41,,171.12,
1462,44,Side,13.26,,83.55,36.35,164.53,,171.12,
1462,45,Side,14.01,,84.72,36.33,167.29,,175.34,
1462,46,Side,13.22,,83.86,36.36,166.32,,174.75,
1462,47,Side,15.0,,85.63,85.63,167.52,,174.64,
1462,48,Side,16.33,,87.42,87.42,168.05,,175.37,
1462,49,Side,19.83,,94.73,94.73,170.66,,175.44,
1462,50,Side,24.02,,99.77,99.77,171.64,,174.29,
1462,51,Side,26.0,,101.34,101.34,173.66,,174.81,
1462,52,Side,29.62,,106.74,106.74,173.69,,174.94,
1462,53,Side,32.26,,110.58,88.17,170.38,,167.92,
1462,54,Side,36.19,,117.0,86.22,169.37,,166.03,
1462,55,Side,37.74,,123.3,91.62,171.84,,165.89,
1462,56,Side,40.25,,128.68,93.14,172.64,,165.31,
1462,57,Side,47.48,,144.41,95.23,171.86,,164.73,
1462,58,Side,51.7,,154.6,95.56,171.0,,164.17,
1462,59,Side,52.52,,156.63,95.62,171.0,,164.17,
1462,60,Side,57.44,,165.93,85.91,171.0,,164.17,
1463,1,Side,74.53,,176.06,146.24,157.51,,162.31,
1463,2,Side,74.38,,176.42,147.23,158.45,,160.41,
1463,3,Side,74.73,,177.43,147.98,157.59,,159.23,
1463,4,Side,75.74,,177.67,147.64,157.8,,159.71,
1463,5,Side,75.61,,178.68,148.41,157.91,,159.71,
1463,6,Side,74.9,,179.44,148.82,157.45,,158.67,
1463,7,Side,72.23,,176.05,152.49,157.61,,159.67,
1463,8,Side,67.99,,167.61,154.53,158.53,,159.98,
1463,9,Side,64.69,,161.3,156.07,159.57,,160.31,
1463,10,Side,64.85,,161.73,160.22,159.51,,159.42,
1463,11,Side,63.79,,160.0,160.0,158.59,,157.52,
1463,12,Side,53.45,,143.78,143.78,159.33,,158.28,
1463,13,Side,45.13,,130.96,130.96,160.0,,157.86,
1463,14,Side,36.54,,117.85,117.85,161.55,,158.94,
1463,15,Side,27.32,,103.67,103.67,162.11,,158.81,
1463,16,Side,23.29,,94.41,94.41,164.35,,158.68,
1463,17,Side,14.53,,80.74,80.74,162.18,,158.47,
1463,18,Side,12.68,,80.23,80.23,164.86,,156.45,
1463,19,Side,6.27,,68.89,68.89,164.75,,159.14,
1463,20,Side,5.64,,67.86,67.86,168.5,,159.68,
1463,21,Side,1.74,,62.28,62.28,170.77,,163.1,
1463,22,Side,0.25,,64.95,64.95,169.05,,160.42,
1463,23,Side,0.9,,62.9,62.9,166.86,,159.62,
1463,24,Side,4.24,,68.94,68.94,167.67,,159.68,
1463,25,Side,7.73,,72.97,72.97,167.4,,159.57,
1463,26,Side,6.29,,72.55,72.55,165.98,,158.87,
1463,27,Side,21.34,,93.76,74.47,168.3,,156.8,
1463,28,Side,30.64,,106.26,86.65,170.81,,161.35,
1463,29,Side,33.12,,108.72,89.07,168.98,,164.58,
1463,30,Side,41.43,,120.49,100.24,168.26,,164.03,
1463,31,Side,48.96,,131.02,172.64,166.78,,163.18,
1463,32,Side,54.58,,141.35,179.23,165.16,,163.07,
1463,33,Side,58.77,,151.51,177.58,165.04,,162.3,
1463,34,Side,62.5,,160.46,172.58,164.09,,161.08,
1463,35,Side,65.71,,170.21,166.16,163.39,,159.09,
1463,36,Side,67.14,,175.58,166.02,162.04,,158.36,
1463,37,Side,68.39,,177.25,166.02,160.53,,157.45,
1463,38,Side,68.86,,177.25,166.02,160.06,,158.09,
1463,39,Side,70.18,,179.04,166.02,158.54,,157.16,
1464,1,Side,66.07,68.99,168.72,174.18,173.38,179.62,176.14,171.96
1464,2,Side,65.07,68.64,166.37,173.55,173.82,179.56,176.59,171.18
1464,3,Side,64.27,65.95,165.33,165.2,174.84,175.64,176.55,170.99
1464,4,Side,63.92,64.36,164.26,163.18,174.84,176.51,175.93,172.52
1464,5,Side,63.1,63.22,162.69,162.56,175.41,177.31,176.5,172.87
1464,6,Side,62.19,62.66,161.44,161.61,176.41,177.82,176.44,171.98
1464,7,Side,61.62,61.95,159.68,160.94,176.15,177.91,175.93,173.55
1464,8,Side,61.69,61.21,158.18,159.84,175.46,178.05,175.21,173.88
1464,9,Side,61.21,60.41,156.33,158.74,175.46,178.14,175.65,174.04
1464,10,Side,60.49,58.81,154.27,162.65,175.63,175.47,175.58,174.17
1464,11,Side,59.21,58.19,152.05,162.03,176.61,175.02,175.94,174.57
1464,12,Side,57.59,56.72,149.68,160.56,178.62,174.58,176.92,175.11
1464,13,Side,55.78,55.94,147.42,159.85,178.88,174.52,178.11,176.89
1464,14,Side,53.38,53.95,144.42,158.25,176.04,173.24,179.66,176.94
1464,15,Side,52.11,52.88,143.2,155.62,174.28,174.36,179.76,177.31
1464,16,Side,50.31,50.2,139.74,152.1,171.76,174.78,178.98,178.6
1464,17,Side,49.1,47.6,136.89,148.72,171.25,175.11,178.66,179.01
1464,18,Side,47.92,45.48,135.41,146.64,169.92,174.17,177.86,178.96
1464,19,Side,46.92,39.58,132.86,139.87,169.27,174.15,177.54,178.88
1464,20,Side,45.86,37.5,130.81,137.08,168.76,174.86,177.24,179.55
1464,21,Side,44.92,33.72,128.49,131.74,168.47,177.31,175.86,176.37
1464,22,Side,43.84,28.78,125.27,125.91,169.1,178.11,176.01,174.85
1464,23,Side,41.83,22.0,122.11,117.53,169.35,179.85,175.73,172.21
1464,24,Side,41.39,20.47,121.77,116.01,168.84,179.24,175.91,173.86
1464,25,Side,40.93,17.12,120.49,111.83,170.08,179.48,176.95,172.67
1464,26,Side,40.86,15.99,121.15,110.29,170.44,179.06,177.59,172.73
1464,27,Side,40.79,14.04,120.71,107.14,170.8,177.86,177.59,173.46
1464,28,Side,39.9,11.61,120.11,103.91,170.35,176.61,177.13,172.28
1464,29,Side,39.81,10.77,119.65,102.27,170.69,175.36,177.09,171.83
1464,30,Side,39.81,12.0,120.7,103.91,170.23,176.21,176.63,173.0
1464,31,Side,40.07,12.0,119.95,103.91,170.93,175.76,176.58,171.81
1464,32,Side,40.44,12.39,120.23,103.91,172.22,175.36,177.5,172.55
1464,33,Side,41.47,14.82,121.62,107.14,172.77,176.6,178.42,173.73
1464,34,Side,42.68,16.01,123.4,108.73,174.44,177.0,178.75,173.73
1464,35,Side,44.03,17.12,124.78,109.85,175.34,177.0,179.67,174.47
1464,36,Side,45.35,19.31,127.17,112.83,176.24,177.78,179.4,174.45
1464,37,Side,46.27,22.38,128.3,116.28,176.7,178.17,179.53,175.19
1464,38,Side,47.58,23.41,130.66,117.71,177.63,178.56,178.6,175.19
1464,39,Side,48.35,23.41,131.05,117.71,178.94,179.02,177.67,176.39
1464,40,Side,48.86,25.2,133.16,119.1,179.03,177.69,177.21,175.46
1464,41,Side,50.12,25.59,135.45,119.1,179.96,176.82,176.28,175.0
1464,42,Side,49.73,32.88,135.12,129.12,179.24,179.99,176.84,176.94
1464,43,Side,49.72,36.79,135.63,134.21,178.83,178.34,177.47,178.87
1464,44,Side,50.2,38.9,136.64,137.02,178.96,177.57,176.97,179.57
1464,45,Side,50.17,41.16,137.13,139.67,178.58,177.18,177.57,178.98
1464,46,Side,50.22,43.2,138.25,142.84,178.26,176.07,177.1,178.27
1464,47,Side,51.52,45.39,140.96,145.84,178.4,175.25,177.19,177.55
1464,48,Side,52.66,46.56,143.91,147.79,178.07,174.46,177.32,176.75
1464,49,Side,53.37,47.74,145.99,150.12,178.16,173.31,177.44,176.02
1464,50,Side,54.03,50.56,148.85,153.83,176.98,173.33,178.63,176.86
1464,51,Side,54.3,51.93,150.78,156.44,175.72,172.08,179.61,176.02
1464,52,Side,54.84,53.05,153.4,158.8,174.53,170.82,179.01,175.15
1464,53,Side,55.2,54.94,155.02,162.01,174.62,169.92,178.88,174.72
1464,54,Side,55.31,55.93,156.0,165.14,174.21,168.21,178.62,175.04
1464,55,Side,56.26,55.42,158.22,164.91,174.22,167.9,178.48,174.11
1464,56,Side,56.44,57.67,160.38,166.29,172.95,170.59,177.74,175.02
1464,57,Side,57.29,60.31,161.23,168.25,173.47,173.05,177.05,175.87
1464,58,Side,58.18,61.41,162.22,169.94,174.22,172.4,177.19,174.86
1464,59,Side,58.97,61.89,163.01,170.92,175.13,171.85,177.37,173.83
1464,60,Side,59.46,62.04,163.78,171.86,175.37,170.68,177.16,172.65
1464,61,Side,59.69,61.9,164.19,171.99,175.73,170.46,176.95,172.7
1464,62,Side,60.71,62.4,164.66,171.99,176.99,170.96,177.66,171.7
1464,63,Side,62.08,62.51,165.13,171.99,179.11,171.12,178.89,171.75
1464,64,Side,62.6,62.61,165.13,171.99,179.79,170.82,179.32,170.56
1464,65,Side,63.51,62.72,165.61,171.99,178.66,170.98,179.98,170.61
1464,66,Side,63.66,62.72,165.61,171.91,178.27,170.52,179.75,169.36
1465,1,Side,,87.88,98.04,161.97,,154.18,,178.23
1465,2,Side,,85.42,93.97,159.75,,155.7,,177.31
1465,3,Side,,80.74,94.05,155.82,,159.39,,176.24
1465,4,Side,,78.99,91.44,154.61,,159.93,,178.36
1465,5,Side,,73.5,91.51,148.81,,164.84,,175.1
1465,6,Side,,70.21,91.51,146.61,,166.94,,175.92
1465,7,Side,,82.89,150.52,150.52,,139.61,,165.36
1465,8,Side,,80.69,149.42,149.42,,142.35,,164.2
1465,9,Side,,68.29,150.24,150.24,,175.76,,177.74
1465,10,Side,,66.93,151.16,151.16,,179.32,,178.87
1465,11,Side,,62.18,147.8,147.8,,179.66,,179.44
1465,12,Side,,60.42,145.53,145.53,,176.42,,179.62
1465,13,Side,,56.85,141.67,141.67,,166.87,,165.86
1465,14,Side,,54.79,138.93,138.93,,166.49,,167.03
1465,15,Side,,51.11,135.0,135.0,,163.78,,165.4
1465,16,Side,,47.95,129.9,129.9,,170.68,,174.64
1465,17,Side,,45.32,130.56,130.56,,171.44,,175.71
1465,18,Side,,42.38,125.93,125.93,,174.05,,177.52
1465,19,Side,,41.57,126.7,126.7,,174.0,,176.42
1465,20,Side,,37.45,119.52,119.52,,172.6,,176.41
1465,21,Side,,35.09,116.63,116.63,,171.2,,176.32
1465,22,Side,,34.73,115.68,115.68,,170.97,,177.88
1465,23,Side,,28.54,107.86,107.86,,172.81,,178.92
1465,24,Side,,29.09,108.11,108.11,,174.19,,178.0
1465,25,Side,,30.21,108.11,108.11,,174.75,,179.12
1465,26,Side,,37.57,115.16,115.16,,179.23,,175.35
1465,27,Side,,34.97,114.54,114.54,,174.84,,179.39
1465,28,Side,,36.21,115.49,115.49,,176.16,,179.59
1465,29,Side,,37.67,116.37,116.37,,178.3,,176.93
1465,30,Side,,38.97,117.34,117.34,,179.65,,177.17
1465,31,Side,,41.16,118.97,118.97,,179.0,,177.41
1465,32,Side,,40.16,113.01,113.01,,173.81,,178.43
1465,33,Side,,42.45,114.84,114.84,,172.38,,178.72
1465,34,Side,,44.92,115.16,115.16,,166.41,,171.99
1465,35,Side,,51.92,117.09,117.09,,153.3,,165.07
1465,36,Side,,57.64,120.96,120.96,,149.69,,168.0
1465,37,Side,,62.59,124.13,124.13,,145.67,,166.92
1465,38,Side,,67.96,46.41,128.92,,143.46,,167.08
1465,39,Side,,75.5,49.16,137.96,,141.69,,166.08
1465,40,Side,,72.73,53.42,133.88,,139.35,,165.1
1465,41,Side,,75.18,55.5,137.04,,138.9,,164.92
1465,42,Side,,72.95,57.41,137.7,,139.45,,163.59
1465,43,Side,,77.35,60.51,143.09,,138.16,,163.45
1465,44,Side,,80.57,61.95,146.31,,136.23,,162.58
1465,45,Side,,85.0,64.11,149.93,,133.96,,162.19
1465,46,Side,,88.22,80.36,153.62,,133.54,,162.58
1465,47,Side,,91.05,82.86,156.93,,130.76,,161.1
1465,48,Side,,91.13,83.08,157.14,,130.4,,161.46
1465,49,Side,,92.45,84.4,158.47,,129.71,,161.91
1465,50,Side,,94.33,85.32,159.39,,126.36,,159.51
1465,51,Side,,93.81,154.24,159.56,,126.49,,158.96
1466,1,Side,71.14,40.87,161.8,132.79,160.86,177.96,159.53,171.56
1466,2,Side,70.32,40.14,160.07,131.58,161.32,177.44,159.99,169.76
1466,3,Side,70.13,40.14,159.94,131.58,162.09,177.44,160.69,169.76
1466,4,Side,69.35,40.14,159.1,131.58,162.49,176.92,161.16,168.56
1466,5,Side,69.96,40.14,158.8,131.58,161.51,176.92,160.45,168.56
1466,6,Side,69.48,40.11,158.8,131.1,162.67,175.94,160.72,167.45
1466,7,Side,69.07,39.55,158.8,130.73,163.55,176.11,161.18,166.64
1466,8,Side,69.42,39.51,158.64,130.24,162.74,175.66,160.18,166.64
1466,9,Side,68.94,39.51,158.64,130.24,163.9,175.66,160.92,166.64
1466,10,Side,67.97,38.34,157.92,129.52,165.0,176.64,161.6,167.18
1466,11,Side,68.23,38.16,157.77,129.02,164.12,176.08,160.65,166.41
1466,12,Side,68.23,37.71,157.77,129.02,164.12,176.92,160.71,166.8
1466,13,Side,68.23,37.64,157.6,128.5,164.58,176.47,161.17,166.8
1466,14,Side,68.23,37.05,157.6,128.5,164.37,177.58,160.9,167.32
1466,15,Side,67.81,36.39,157.6,127.25,164.78,176.99,159.93,167.32
1466,16,Side,68.07,35.24,157.44,126.08,164.37,177.83,159.97,167.78
1466,17,Side,68.23,34.57,157.43,124.84,164.37,177.25,159.97,167.78
1466,18,Side,68.23,34.57,157.25,124.7,164.15,177.64,159.23,168.17
1466,19,Side,67.83,34.01,156.37,124.13,163.67,177.9,159.26,168.36
1466,20,Side,66.94,34.01,155.48,124.13,164.36,177.9,159.95,168.43
1466,21,Side,65.65,32.74,153.65,122.87,163.82,178.42,159.46,168.95
1466,22,Side,65.65,32.29,153.65,122.87,163.82,178.87,159.46,168.36
1466,23,Side,64.58,62.64,152.92,158.28,164.64,178.3,159.93,168.36
1466,24,Side,64.7,62.57,152.7,157.64,164.5,177.73,160.14,168.36
1466,25,Side,64.29,62.33,152.7,157.52,165.38,178.37,160.61,168.94
1466,26,Side,64.07,61.67,152.48,156.87,165.38,178.88,160.65,169.45
1466,27,Side,63.34,62.0,151.75,156.74,165.38,178.43,160.12,169.45
1466,28,Side,62.93,61.44,151.75,156.07,166.26,178.59,160.59,169.67
1466,29,Side,62.52,61.19,151.75,155.93,167.15,178.82,161.07,169.18
1466,30,Side,62.21,61.06,151.51,155.24,167.41,178.26,160.78,169.24
1466,31,Side,62.21,60.21,151.51,153.83,167.41,178.2,160.78,169.75
1466,32,Side,61.29,60.05,150.52,153.67,167.82,178.6,161.26,170.14
1466,33,Side,60.88,59.43,150.52,152.94,168.71,178.88,161.74,170.54
1466,34,Side,61.17,59.7,150.83,153.61,168.09,178.94,161.43,171.04
1466,35,Side,60.42,59.21,149.2,152.68,167.51,178.99,161.73,171.59
1466,36,Side,60.25,59.21,149.32,152.5,168.64,179.29,162.4,171.83
1466,37,Side,59.95,59.03,149.03,152.31,168.64,179.69,161.9,172.23
1466,38,Side,59.38,59.73,148.68,151.94,169.23,178.79,162.08,172.23
1466,39,Side,59.08,59.44,148.38,151.75,169.71,179.38,162.56,172.78
1466,40,Side,59.08,58.98,148.38,150.74,169.23,179.23,161.09,173.18
1466,41,Side,58.9,58.98,148.49,150.55,170.36,179.23,161.75,172.57
1466,42,Side,56.92,59.28,144.52,152.04,167.76,179.72,162.23,172.91
1466,43,Side,56.92,59.52,144.12,151.83,166.87,179.27,161.26,172.91
1466,44,Side,56.46,58.78,143.71,150.99,167.56,179.18,161.9,171.74
1466,45,Side,55.64,58.46,142.03,150.76,166.71,179.75,161.9,172.22
1466,46,Side,55.15,58.14,141.57,149.9,166.91,178.81,161.57,171.21
1466,47,Side,53.89,58.35,140.28,149.66,167.35,178.35,162.04,171.21
1466,48,Side,53.71,58.22,139.29,149.16,166.38,178.38,161.89,171.61
1466,49,Side,52.36,58.04,137.94,148.89,167.02,178.62,162.53,171.93
1466,50,Side,52.22,57.4,137.22,148.08,166.61,179.1,162.03,172.41
1466,51,Side,53.06,58.23,139.17,149.57,166.61,178.24,162.03,171.39
1466,52,Side,52.48,57.96,138.62,149.3,167.27,178.56,162.66,171.69
1466,53,Side,52.32,56.64,138.05,148.36,166.86,179.75,162.16,172.53
1466,54,Side,50.7,56.8,136.0,148.07,166.43,178.89,161.66,171.51
1466,55,Side,50.29,56.5,136.0,147.77,166.83,179.23,161.16,171.82
1466,56,Side,50.29,56.2,136.0,147.46,166.35,179.64,160.19,172.23
1466,57,Side,49.86,55.66,136.0,146.47,166.94,179.25,159.84,172.3
1466,58,Side,49.64,17.31,135.37,66.48,165.58,179.18,157.9,171.61
1466,59,Side,49.23,18.24,135.37,65.55,167.08,179.59,159.43,172.02
1466,60,Side,49.23,18.94,135.37,63.88,166.61,178.62,158.45,172.02
1466,61,Side,48.82,19.84,135.37,62.98,167.35,178.62,158.81,171.42
1466,62,Side,48.55,21.17,134.73,61.2,167.11,178.51,158.96,171.76
1466,63,Side,48.14,22.11,134.73,60.32,168.0,179.05,159.43,172.24
1466,64,Side,47.76,22.53,133.55,59.44,167.68,178.53,159.9,172.17
1466,65,Side,46.76,23.39,131.3,58.57,165.81,178.94,158.83,171.99
1466,66,Side,46.89,23.85,131.6,57.71,165.6,178.18,159.4,171.04
1466,67,Side,45.54,24.37,129.81,57.13,165.17,178.48,159.4,171.4
1466,68,Side,44.17,25.11,128.02,55.48,164.75,177.56,159.4,171.4
1466,69,Side,43.26,25.5,127.11,54.04,165.23,177.11,159.88,171.88
1466,70,Side,41.86,26.29,125.29,52.79,164.67,176.7,159.79,171.35
1466,71,Side,40.89,27.09,124.33,52.03,164.81,177.15,159.43,171.77
1466,72,Side,39.06,27.6,122.49,52.03,165.29,178.11,159.91,172.23
1466,73,Side,38.45,27.64,121.47,52.03,164.88,177.79,159.91,170.71
1466,74,Side,36.61,28.03,119.63,51.59,165.23,178.11,160.26,171.1
1466,75,Side,35.95,27.56,118.56,51.48,164.82,177.64,160.26,171.1
1466,76,Side,36.74,28.03,120.5,51.48,165.31,178.48,161.24,171.51
1466,77,Side,34.9,28.03,118.25,51.48,165.39,178.06,161.73,170.53
1466,78,Side,36.03,28.01,120.2,50.64,166.7,177.68,162.23,170.58
1466,79,Side,36.03,28.73,120.2,49.91,166.7,178.09,162.23,170.99
1466,80,Side,35.62,29.06,120.2,50.01,167.61,178.09,162.72,170.99
1466,81,Side,36.73,28.59,121.2,49.89,167.72,177.61,162.79,170.43
1466,82,Side,36.03,29.06,120.2,49.89,166.7,178.5,162.19,170.87
1466,83,Side,35.22,29.06,119.39,49.89,167.2,178.5,163.18,170.87
1466,84,Side,35.22,29.82,119.39,49.17,167.2,179.39,163.18,172.29
1466,85,Side,36.44,29.82,121.36,49.17,166.29,178.98,162.69,171.32
1466,86,Side,36.44,30.16,121.36,48.8,166.29,179.35,162.69,171.73
1466,87,Side,37.56,30.19,122.38,48.8,166.29,179.83,162.69,172.73
1466,88,Side,37.97,30.54,122.38,48.89,165.39,179.83,162.19,172.73
1466,89,Side,37.97,30.76,122.38,48.18,165.39,179.39,162.19,172.17
1466,90,Side,38.37,30.76,122.38,48.18,164.49,179.35,161.7,172.17
1466,91,Side,38.37,30.28,122.38,48.18,165.1,178.47,162.78,171.77
1466,92,Side,38.37,30.76,122.38,48.18,165.1,179.35,162.78,172.21
1466,93,Side,40.32,30.98,125.52,47.48,164.61,178.91,162.3,172.21
1466,94,Side,39.64,31.67,124.42,46.91,164.69,178.87,163.29,172.21
1466,95,Side,40.32,31.19,125.52,46.91,165.1,178.02,163.29,171.8
1466,96,Side,40.73,31.0,125.52,46.6,164.21,177.93,162.8,172.76
1466,97,Side,40.04,30.9,124.5,46.23,163.31,177.06,162.32,172.38
1466,98,Side,40.04,30.71,124.5,46.91,163.31,177.54,162.29,172.38
1466,99,Side,39.32,30.23,123.37,46.91,162.9,176.66,162.32,171.98
1466,100,Side,41.14,30.24,125.59,46.91,162.83,176.75,161.84,171.47
1466,101,Side,44.67,30.41,130.64,47.66,163.71,177.23,162.82,171.47
1466,102,Side,43.92,29.37,129.59,48.71,164.53,176.86,162.82,171.63
1466,103,Side,44.89,28.37,130.56,50.18,164.05,176.88,162.32,171.19
1466,104,Side,46.35,26.87,132.44,51.68,164.46,176.08,162.34,170.39
1466,105,Side,47.26,26.47,133.41,52.11,163.5,176.11,161.38,170.95
1466,106,Side,48.97,25.25,134.29,53.36,161.25,175.34,159.97,170.15
1466,107,Side,50.24,23.78,135.14,55.81,159.9,175.98,159.05,169.79
1466,108,Side,52.05,22.41,136.17,57.21,158.13,175.63,158.63,169.98
1466,109,Side,55.3,19.64,140.25,61.38,158.04,176.04,157.74,169.0
1466,110,Side,57.14,17.25,142.94,64.14,158.1,175.49,156.94,168.06
1466,111,Side,58.47,15.75,145.16,66.13,158.29,174.9,156.3,166.55
1466,112,Side,60.63,15.08,147.75,66.9,158.06,175.32,156.15,167.09
1466,113,Side,60.32,58.24,146.83,151.8,157.63,175.75,155.82,166.21
1466,114,Side,61.29,58.63,148.37,152.93,157.38,176.51,155.65,167.49
1466,115,Side,63.1,62.34,150.59,171.79,157.12,172.56,155.47,164.81
1466,116,Side,63.08,63.33,150.14,170.2,156.63,173.06,154.56,165.84
1466,117,Side,63.9,65.11,151.87,174.21,157.24,172.07,154.83,165.41
1466,118,Side,64.94,65.76,153.86,174.85,157.19,171.97,153.92,165.49
1466,119,Side,65.58,66.31,155.4,175.47,158.25,172.05,155.11,165.69
1466,120,Side,65.42,65.86,154.85,172.99,158.02,171.35,154.41,165.82
1466,121,Side,66.22,65.73,156.57,173.32,158.17,171.55,154.2,166.75
1466,122,Side,66.62,66.97,157.94,173.82,158.6,170.3,153.75,167.19
1466,123,Side,67.43,67.12,159.25,173.71,156.3,169.92,149.59,167.97
1466,124,Side,67.64,67.27,158.67,171.79,153.49,169.53,144.9,168.17
1466,125,Side,67.48,66.76,158.96,172.22,158.68,170.08,154.96,168.37
1466,126,Side,68.04,66.46,158.31,170.08,157.68,170.08,154.83,169.52
1466,127,Side,66.82,65.44,155.61,165.83,157.79,169.79,155.06,168.76
1466,128,Side,67.43,65.05,154.95,164.45,156.25,170.56,153.93,169.77
1466,129,Side,67.12,64.62,153.63,162.9,156.08,170.95,153.75,169.24
1466,130,Side,66.91,64.72,152.26,161.14,155.61,170.17,154.76,168.56
1466,131,Side,67.55,65.4,153.31,162.37,156.45,170.19,156.2,168.02
1466,132,Side,68.58,66.41,154.15,163.66,156.35,169.37,157.49,167.67
1466,133,Side,69.42,67.29,154.99,164.93,156.35,168.82,157.97,166.24
1466,134,Side,70.46,68.26,155.66,165.43,155.55,168.19,157.54,166.63
1466,135,Side,70.59,68.26,156.62,165.43,156.13,167.81,157.29,165.69
1466,136,Side,70.96,68.69,158.25,168.33,156.54,168.93,157.29,166.34
1466,137,Side,71.33,67.83,159.03,167.82,156.27,169.66,156.11,166.72
1466,138,Side,71.03,66.91,159.16,168.4,156.69,171.93,156.11,167.48
1466,139,Side,70.66,67.3,160.02,168.33,157.83,171.47,156.42,167.48
1466,140,Side,70.66,65.86,160.02,168.4,157.66,173.36,155.85,167.19
1466,141,Side,71.33,65.79,159.8,168.33,156.23,173.74,155.24,168.14
1466,142,Side,71.32,64.94,158.91,168.4,155.62,174.82,155.51,167.73
1466,143,Side,72.15,64.89,160.17,171.19,154.94,176.64,154.69,168.5
1466,144,Side,73.46,64.09,159.79,170.69,152.53,177.1,153.98,168.18
1466,145,Side,72.81,63.93,158.79,171.17,151.76,177.7,153.22,167.6
1466,146,Side,72.83,63.48,157.57,171.17,150.37,178.54,152.65,167.99
1466,147,Side,72.97,62.65,156.31,171.24,148.54,179.96,152.5,168.03
1466,148,Side,72.58,62.15,154.84,171.22,147.19,179.6,151.94,167.45
1466,149,Side,70.51,61.71,153.57,171.22,154.85,179.16,158.32,166.86
1466,150,Side,70.16,37.49,152.95,128.17,153.67,174.98,157.59,167.39
1467,1,Side,75.59,114.64,167.15,167.15,164.13,95.86,173.88,148.22
1467,2,Side,74.92,113.72,165.05,165.05,163.61,96.25,172.79,148.04
1467,3,Side,72.98,111.6,161.68,161.68,163.05,96.23,171.36,147.53
1467,4,Side,72.22,110.25,159.49,159.49,163.18,97.3,173.24,148.52
1467,5,Side,71.08,108.94,157.83,157.83,162.48,97.61,172.01,149.39
1467,6,Side,69.7,107.5,156.47,156.47,162.61,98.35,170.85,148.99
1467,7,Side,68.83,105.75,154.16,154.16,162.76,99.39,172.81,149.68
1467,8,Side,66.96,102.24,150.38,150.38,161.26,100.76,171.02,150.24
1467,9,Side,64.99,98.89,146.49,146.49,160.11,102.54,171.18,151.66
1467,10,Side,64.46,93.35,145.95,145.95,160.23,108.1,169.96,152.03
1467,11,Side,62.81,90.43,143.8,92.26,160.48,110.15,170.71,152.32
1467,12,Side,61.23,87.83,139.28,85.24,158.88,111.48,169.18,154.48
1467,13,Side,60.54,86.25,133.55,70.51,159.13,112.78,172.0,155.57
1467,14,Side,59.19,84.33,129.83,63.62,158.8,113.2,171.67,155.54
1467,15,Side,59.37,83.11,127.51,58.42,157.8,115.01,171.67,156.97
1467,16,Side,58.8,73.91,128.39,70.27,160.84,141.19,170.82,157.78
1467,17,Side,57.46,72.14,125.53,69.0,160.97,142.24,171.45,157.45
1467,18,Side,56.89,71.14,124.96,69.0,160.81,143.95,170.37,158.0
1467,19,Side,56.1,69.61,122.27,66.09,161.07,144.68,171.16,157.25
1467,20,Side,54.77,68.11,119.91,65.6,160.91,146.21,170.11,156.96
1467,21,Side,54.06,66.38,118.65,64.89,160.51,147.98,169.44,158.35
1467,22,Side,52.83,66.65,116.53,62.37,162.3,146.98,170.72,158.35
1467,23,Side,52.32,66.67,116.13,60.59,163.45,146.74,170.53,156.38
1467,24,Side,47.73,66.98,112.67,58.24,172.35,146.02,176.85,156.69
1467,25,Side,47.72,66.74,110.69,54.83,173.05,145.49,177.55,154.39
1467,26,Side,47.01,66.77,109.49,52.21,173.11,144.8,176.78,153.82
1467,27,Side,46.78,65.75,108.78,51.73,172.57,145.55,176.72,153.96
1467,28,Side,47.01,65.01,108.97,124.97,173.81,147.47,177.48,156.76
1467,29,Side,44.37,63.7,106.36,125.17,172.83,148.79,177.48,157.49
1467,30,Side,44.66,62.45,104.01,122.89,169.43,150.2,175.69,159.77
1467,31,Side,42.08,61.66,102.09,121.61,172.39,150.83,176.65,160.19
1467,32,Side,42.98,61.36,101.31,121.31,169.64,151.97,175.58,161.5
1467,33,Side,41.79,60.85,100.78,120.3,172.6,152.84,177.35,162.44
1467,34,Side,42.68,60.73,99.98,119.69,169.79,153.43,176.24,163.72
1467,35,Side,42.83,60.41,102.78,120.92,171.39,154.75,176.24,163.73
1467,36,Side,42.86,60.06,102.25,119.58,172.05,155.1,176.94,164.62
1467,37,Side,42.6,59.4,101.48,118.93,171.55,156.05,176.94,164.17
1467,38,Side,42.71,58.69,103.2,119.35,172.05,157.28,176.1,165.37
1467,39,Side,42.47,57.49,102.41,118.15,170.91,158.5,173.82,166.52
1467,40,Side,41.96,56.76,102.41,117.42,172.06,159.55,174.46,167.51
1467,41,Side,41.71,54.51,101.61,115.68,170.92,161.96,173.03,169.35
1467,42,Side,41.2,54.54,101.61,116.17,172.06,163.05,173.66,169.99
1467,43,Side,40.93,54.64,100.79,115.78,170.92,162.57,172.23,169.99
1467,44,Side,39.81,54.15,100.19,115.78,172.15,163.7,172.89,170.58
1467,45,Side,36.43,54.24,94.79,115.38,170.79,163.21,174.27,170.58
1467,46,Side,35.4,53.78,94.28,115.38,171.33,164.46,173.41,171.37
1467,47,Side,34.52,53.78,93.39,115.38,171.93,163.82,174.01,169.94
1467,48,Side,33.61,53.38,92.49,114.98,171.93,163.67,173.12,168.96
1467,49,Side,33.08,53.38,92.98,114.98,173.52,163.67,172.88,168.96
1467,50,Side,31.63,52.96,91.57,114.57,173.56,163.52,172.01,168.0
1467,51,Side,31.12,57.12,91.03,114.44,174.67,155.86,171.74,163.31
1467,52,Side,29.76,51.98,88.52,112.42,175.26,164.66,172.37,167.11
1467,53,Side,29.34,51.01,87.58,112.42,174.13,166.82,170.88,168.29
1467,54,Side,27.14,50.57,85.66,112.0,175.64,167.37,172.12,168.83
1467,55,Side,26.16,49.66,84.68,111.57,175.64,169.1,171.25,170.07
1467,56,Side,25.17,48.74,83.69,111.14,176.31,170.28,172.06,170.02
1467,57,Side,24.2,49.29,82.68,111.19,176.93,169.79,172.72,170.02
1467,58,Side,24.44,49.35,81.66,111.25,174.96,170.59,172.01,170.81
1467,59,Side,24.39,49.39,81.66,110.79,175.02,170.09,172.01,170.81
1467,60,Side,24.39,48.95,81.66,109.85,175.02,170.29,172.01,171.5
1467,61,Side,23.95,1.93,80.74,83.36,175.76,170.49,172.66,172.19
1467,62,Side,23.38,1.93,79.72,83.36,175.33,170.49,172.67,172.19
1467,63,Side,20.9,3.85,73.64,80.45,173.92,169.51,172.67,172.19
1467,64,Side,20.19,4.77,72.63,79.01,173.67,169.07,172.72,172.27
1467,65,Side,20.42,5.7,72.86,77.58,173.69,167.88,172.73,170.81
1467,66,Side,20.42,6.13,72.86,76.14,173.69,166.9,172.73,170.79
1467,67,Side,20.14,6.62,72.05,76.14,173.15,168.08,172.73,171.48
1467,68,Side,20.37,7.31,73.36,75.05,173.15,167.5,172.73,171.33
1467,69,Side,19.77,7.8,72.28,75.05,172.0,167.99,171.21,170.55
1467,70,Side,20.35,8.38,73.95,74.03,173.08,167.55,171.21,170.55
1467,71,Side,17.81,10.21,69.62,73.28,171.29,169.49,171.21,172.74
1467,72,Side,17.45,10.21,68.71,73.28,170.75,169.49,171.21,171.97
1467,73,Side,16.47,10.17,67.65,73.28,171.32,169.52,171.87,172.04
1467,74,Side,15.74,10.13,66.58,73.28,170.92,169.54,170.97,172.11
1467,75,Side,15.24,10.13,65.51,73.28,170.34,169.54,170.95,172.11
1467,76,Side,13.53,10.05,63.31,73.26,170.46,169.59,171.56,171.47
1467,77,Side,13.57,10.54,63.35,73.26,169.85,171.44,170.12,173.59
1467,78,Side,12.97,11.04,62.27,73.26,169.37,172.61,170.12,174.27
1467,79,Side,13.01,11.04,64.56,73.26,169.37,172.61,170.12,174.27
1467,80,Side,11.89,11.5,63.43,73.26,169.37,173.79,169.28,174.98
1467,81,Side,11.25,12.74,62.31,73.68,168.26,174.29,167.83,174.21
1467,82,Side,11.25,13.59,62.31,72.32,168.89,173.79,169.28,174.21
1467,83,Side,10.6,14.42,61.19,70.99,168.41,173.29,169.28,174.21
1467,84,Side,10.6,14.89,61.19,70.99,168.41,174.46,169.28,174.91
1467,85,Side,9.96,15.7,60.07,69.68,167.93,173.95,169.28,174.91
1467,86,Side,8.84,17.75,58.95,67.12,168.56,174.1,169.91,175.6
1467,87,Side,8.75,17.75,60.02,67.12,168.56,174.11,169.91,175.57
1467,88,Side,8.09,19.0,58.88,65.87,168.09,174.78,169.91,176.24
1467,89,Side,8.09,19.72,58.88,64.65,168.09,174.28,169.91,176.24
1467,90,Side,8.09,20.37,58.77,63.45,167.97,173.73,169.91,176.25
1467,91,Side,6.94,21.01,57.61,62.86,168.6,174.44,170.54,176.86
1467,92,Side,5.79,21.01,57.01,62.86,168.6,174.44,170.71,176.91
1467,93,Side,7.8,21.01,60.56,62.86,170.15,174.44,170.71,176.91
1467,94,Side,7.8,23.25,60.56,60.62,170.15,175.1,170.71,177.56
1467,95,Side,7.7,22.64,61.63,61.73,170.15,175.6,170.71,177.56
1467,96,Side,7.7,23.25,61.63,61.19,170.15,175.09,170.71,177.56
1467,97,Side,7.7,23.2,61.63,61.7,170.15,175.55,170.71,177.56
1467,98,Side,7.69,23.24,61.72,61.7,170.25,175.6,170.71,177.56
1467,99,Side,7.69,24.37,61.72,60.57,170.25,175.6,170.71,177.56
1467,100,Side,7.7,24.37,61.63,60.57,170.15,175.6,170.71,177.56
1467,101,Side,7.21,24.37,61.72,60.57,171.36,175.6,171.34,177.56
1467,102,Side,7.59,23.75,61.72,61.7,170.38,176.1,170.74,177.56
1467,103,Side,7.5,23.75,62.81,61.7,170.38,176.1,170.74,177.56
1467,104,Side,8.19,22.6,63.98,62.85,170.86,176.1,170.74,177.56
1467,105,Side,8.19,22.6,63.98,62.85,171.49,176.1,172.2,177.56
1467,106,Side,8.19,22.6,63.98,62.85,170.88,176.1,170.94,177.56
1467,107,Side,8.19,21.36,63.98,64.03,171.49,176.61,172.2,177.56
1467,108,Side,8.66,21.36,63.98,64.03,170.38,176.61,171.39,177.56
1467,109,Side,8.66,20.69,63.98,64.65,170.38,176.57,171.39,177.56
1467,110,Side,8.66,20.69,63.98,64.65,170.38,176.57,171.39,177.56
1467,111,Side,8.61,41.29,65.03,105.89,170.28,176.57,171.39,177.56
1467,112,Side,8.69,40.75,63.9,104.18,170.28,177.28,171.39,179.01
1467,113,Side,8.69,40.91,63.9,104.85,170.28,177.79,171.39,179.01
1467,114,Side,9.4,41.42,65.09,104.85,170.76,176.62,171.39,178.34
1467,115,Side,9.88,41.42,65.09,104.85,169.64,176.62,170.75,178.34
1467,116,Side,9.88,41.42,65.09,104.85,169.67,176.62,171.07,178.34
1467,117,Side,9.88,41.42,65.09,104.85,170.28,176.62,172.31,178.34
1467,118,Side,9.88,41.92,65.09,104.85,170.28,175.45,172.31,177.68
1467,119,Side,10.59,41.92,66.29,104.85,170.76,175.45,172.31,177.68
1467,120,Side,10.62,41.42,65.13,103.17,171.39,175.45,173.72,177.68
1467,121,Side,10.62,41.42,65.13,103.17,171.39,175.45,173.72,177.68
1467,122,Side,11.1,42.07,65.13,103.82,170.28,174.78,173.08,177.04
1467,123,Side,11.1,42.21,65.13,104.45,170.28,175.28,173.08,177.04
1467,124,Side,10.99,42.33,65.13,105.08,171.05,175.79,175.42,177.04
1467,125,Side,10.99,42.33,65.13,105.08,171.05,175.79,175.42,177.04
1467,126,Side,14.46,42.95,65.13,105.7,162.38,175.12,170.31,176.38
1467,127,Side,14.46,43.48,65.13,106.21,162.4,175.11,170.22,176.36
1467,128,Side,14.46,43.48,65.13,106.21,162.4,175.11,170.22,176.36
1467,129,Side,15.62,43.48,66.3,106.21,162.4,175.11,171.0,176.36
1467,130,Side,13.53,43.99,62.72,106.21,160.92,173.94,171.0,175.7
1467,131,Side,14.72,44.6,63.39,106.29,160.92,173.94,171.0,175.7
1467,132,Side,14.77,44.09,62.25,104.6,160.92,173.94,171.0,175.7
1467,133,Side,15.21,44.09,62.25,104.6,159.82,173.94,170.34,175.7
1467,134,Side,12.41,45.15,62.25,105.11,167.17,172.73,174.88,175.05
1467,135,Side,13.0,45.23,62.25,105.7,166.55,173.25,175.63,175.05
1467,136,Side,15.12,45.23,62.3,105.7,160.62,173.25,171.77,175.05
1467,137,Side,14.74,45.31,64.59,106.29,166.5,173.76,174.91,175.05
1467,138,Side,16.42,45.82,66.98,106.29,167.21,172.59,174.91,174.39
1467,139,Side,17.83,45.88,69.36,106.87,168.18,173.1,174.91,174.39
1467,140,Side,19.02,45.93,70.54,107.43,167.55,173.62,174.37,174.39
1467,141,Side,19.02,45.97,70.54,107.99,168.18,174.13,175.77,174.39
1467,142,Side,19.97,47.04,71.87,108.51,168.55,172.93,175.77,173.73
1467,143,Side,22.36,47.09,71.87,109.06,162.31,173.47,171.92,173.78
1467,144,Side,20.99,46.57,71.73,107.37,167.93,173.47,175.15,173.78
1467,145,Side,21.66,46.57,72.9,107.37,168.42,173.47,175.15,173.78
1467,146,Side,22.33,46.57,74.05,107.37,168.92,173.47,175.15,173.78
1467,147,Side,26.39,48.14,76.61,109.48,164.18,173.35,172.63,173.88
1467,148,Side,27.73,49.68,78.9,111.01,165.13,172.7,172.63,174.01
1467,149,Side,27.02,50.11,80.02,111.98,168.92,173.24,174.59,174.81
1467,150,Side,29.49,51.58,81.14,113.45,165.64,171.95,173.4,173.52
1467,151,Side,27.76,51.65,83.09,116.26,166.6,171.33,173.4,173.71
1467,152,Side,36.55,52.79,92.49,115.2,169.9,172.42,174.17,175.9
1467,153,Side,36.91,53.0,92.91,116.43,170.0,173.44,174.97,176.86
1467,154,Side,36.91,53.81,92.91,117.74,170.0,174.39,174.97,178.93
1467,155,Side,38.76,54.43,94.18,118.28,170.02,174.88,175.79,179.85
1467,156,Side,39.25,54.64,94.18,118.99,168.9,175.99,175.16,177.97
1467,157,Side,41.1,54.82,94.17,118.01,168.19,174.71,176.0,179.92
1467,158,Side,40.4,55.66,95.99,118.85,173.25,173.27,179.37,177.65
1467,159,Side,41.8,56.49,98.36,119.18,174.22,171.42,179.37,176.3
1467,160,Side,42.93,57.31,100.03,120.01,174.77,170.88,179.81,175.84
1467,161,Side,42.78,57.43,101.37,119.5,176.87,169.42,179.81,173.47
1467,162,Side,44.5,58.74,104.68,120.94,177.22,167.6,179.58,172.82
1467,163,Side,46.69,60.03,108.52,122.38,177.1,164.83,178.97,171.03
1467,164,Side,48.8,59.6,111.14,122.96,176.31,166.78,177.68,172.14
1467,165,Side,50.91,60.67,114.93,124.7,176.23,164.48,177.1,170.35
1467,166,Side,52.05,61.46,116.07,41.97,174.92,162.96,175.79,169.44
1467,167,Side,51.35,61.9,120.12,50.44,175.94,161.24,176.63,167.81
1467,168,Side,53.98,64.4,123.88,51.62,175.31,156.73,176.89,164.16
1467,169,Side,54.0,65.16,124.84,54.23,175.19,155.33,176.26,162.68
1467,170,Side,55.29,65.91,126.54,56.85,174.64,154.19,176.68,161.62
1467,171,Side,54.91,67.13,124.72,57.33,171.48,152.33,176.06,160.23
1467,172,Side,56.15,66.96,123.23,54.01,173.72,151.9,175.27,159.59
1467,173,Side,57.89,70.0,131.63,65.27,170.96,151.54,175.36,159.58
1467,174,Side,60.27,71.06,136.9,69.36,172.35,151.69,176.21,159.44
1467,175,Side,63.23,72.24,140.99,75.54,168.2,151.35,173.44,159.26
1467,176,Side,67.38,73.44,144.44,66.02,166.47,151.52,172.21,159.06
1467,177,Side,66.29,74.93,147.43,69.01,172.68,150.45,176.66,159.6
1467,178,Side,69.84,75.91,152.38,71.98,171.35,150.44,177.34,160.56
1467,179,Side,70.5,77.48,155.41,72.78,172.14,150.26,176.93,162.68
1467,180,Side,75.09,78.46,159.2,76.46,169.42,150.58,176.46,164.22
1467,181,Side,77.0,79.95,164.38,77.09,169.95,150.07,176.04,165.27
1467,182,Side,78.05,81.53,165.43,77.66,169.95,147.17,177.07,163.38
1467,183,Side,78.56,83.11,166.45,78.22,170.46,144.62,177.22,161.85
1467,184,Side,79.42,84.11,167.42,82.08,169.83,143.62,176.56,162.43
1467,185,Side,77.77,85.01,165.45,91.4,170.32,141.12,176.72,160.97
1467,186,Side,76.7,86.56,165.86,91.9,171.66,138.77,176.57,159.43
1467,187,Side,77.98,87.06,167.76,96.18,170.47,138.66,176.07,159.57
1467,188,Side,80.02,88.11,168.29,96.68,168.8,137.3,175.91,158.51
1467,189,Side,80.94,88.66,170.27,97.97,168.8,137.61,175.91,158.86
1468,1,Side,67.72,65.99,170.22,170.22,177.26,163.23,169.18,168.55
1468,2,Side,65.9,63.61,168.71,168.71,177.16,160.56,167.07,167.69
1468,3,Side,65.61,63.06,167.57,167.57,178.44,159.28,162.58,167.58
1468,4,Side,64.43,62.17,167.34,167.34,175.82,156.94,163.33,166.74
1468,5,Side,63.8,62.29,166.03,166.03,176.15,157.26,158.86,168.33
1468,6,Side,59.85,58.96,164.48,164.48,172.77,153.75,155.98,168.33
1468,7,Side,58.53,58.57,161.97,161.97,171.09,154.91,157.85,175.34
1468,8,Side,53.93,53.16,156.07,156.07,169.97,152.49,161.19,174.53
1468,9,Side,44.9,43.91,144.86,144.86,167.42,150.18,163.92,173.07
1468,10,Side,43.04,42.83,145.58,145.58,168.96,154.18,158.68,178.72
1468,11,Side,39.85,41.14,140.98,140.98,168.32,158.37,159.77,178.05
1468,12,Side,18.89,22.37,114.65,114.65,173.57,168.23,157.6,174.19
1468,13,Side,10.26,43.42,107.87,46.74,169.76,171.62,160.81,172.53
1468,14,Side,5.91,43.91,93.05,42.7,169.23,177.03,161.09,168.64
1468,15,Side,25.5,31.85,75.64,60.0,167.55,170.78,160.64,166.35
1468,16,Side,39.02,31.59,53.69,61.19,179.19,172.65,154.78,163.56
1468,17,Side,39.98,32.29,51.17,59.47,178.88,173.73,155.55,164.05
1468,18,Side,32.91,25.62,56.0,63.19,177.58,176.66,156.99,161.53
1468,19,Side,32.79,25.85,52.6,61.69,176.21,176.43,158.43,161.53
1468,20,Side,30.13,25.24,50.86,61.5,176.99,175.66,156.99,160.88
1468,21,Side,25.81,20.93,46.58,59.74,176.99,175.4,156.99,160.7
1468,22,Side,21.96,25.57,49.64,34.25,169.35,167.6,160.91,159.18
1468,23,Side,9.24,17.2,51.12,33.61,167.83,169.56,160.91,158.43
1468,24,Side,1.15,18.29,49.52,27.5,167.07,169.56,161.66,157.46
1468,25,Side,8.64,20.29,47.98,20.56,166.2,169.51,163.07,156.71
1468,26,Side,18.79,22.04,52.33,17.98,166.3,171.41,162.2,158.18
1468,27,Side,12.13,22.99,49.86,17.85,165.54,170.09,160.36,165.63
1468,28,Side,4.57,24.1,46.33,18.77,165.42,170.04,159.46,164.82
1468,29,Side,3.84,24.66,41.33,18.43,167.16,168.1,159.18,164.76
1468,30,Side,10.55,25.45,33.15,16.98,167.19,166.87,158.88,163.98
1468,31,Side,17.18,24.39,42.4,29.77,167.19,167.49,158.3,165.16
1468,32,Side,23.57,31.69,48.93,32.91,165.76,168.62,158.59,165.22
1468,33,Side,21.06,21.56,61.66,65.29,166.23,175.73,160.0,165.22
1468,34,Side,27.98,20.85,63.08,71.23,166.88,176.87,160.28,165.22
1468,35,Side,35.38,23.2,52.62,69.31,167.43,177.06,160.94,165.95
1468,36,Side,37.85,25.64,57.37,70.63,171.16,178.05,161.34,168.23
1468,37,Side,40.74,26.28,54.54,69.28,171.19,179.42,162.05,168.46
1468,38,Side,41.53,34.17,56.11,66.78,168.85,179.5,162.31,157.17
1468,39,Side,34.46,33.69,62.93,67.97,168.28,178.71,163.79,157.23
1468,40,Side,34.37,33.69,64.29,67.9,168.36,178.71,164.05,158.0
1468,41,Side,33.16,35.66,64.67,66.57,167.09,178.07,166.27,158.76
1468,42,Side,33.48,37.12,68.98,66.0,166.56,178.14,166.27,158.91
1468,43,Side,33.91,33.6,68.1,69.27,167.78,176.85,165.25,160.71
1468,44,Side,33.32,27.99,70.59,72.5,167.25,178.07,165.49,170.19
1468,45,Side,31.72,27.99,72.71,71.59,165.98,177.49,167.72,172.36
1468,46,Side,32.6,27.99,73.19,71.59,165.98,176.83,167.72,173.81
1468,47,Side,30.34,25.1,74.01,74.21,166.67,176.2,167.99,173.83
1468,48,Side,28.79,22.6,69.02,76.18,167.42,177.4,167.25,173.18
1468,49,Side,26.21,23.38,65.41,76.32,177.5,176.05,162.64,176.9
1468,50,Side,21.73,24.86,71.73,70.56,177.21,176.69,161.95,178.49
1468,51,Side,20.68,40.6,70.99,45.92,176.98,173.0,164.11,178.63
1468,52,Side,12.83,0.12,77.54,77.54,176.87,168.54,166.42,179.59
1468,53,Side,10.61,3.73,80.63,80.63,177.36,165.39,168.99,178.47
1468,54,Side,4.07,9.76,86.0,86.0,177.3,166.57,170.79,176.54
1468,55,Side,1.7,15.68,90.64,90.64,179.21,164.11,169.43,176.04
1468,56,Side,8.42,7.17,95.56,95.56,177.99,165.17,169.55,159.22
1468,57,Side,11.6,9.82,97.35,97.35,176.83,165.75,171.19,158.11
1468,58,Side,21.08,19.32,104.96,104.96,174.9,167.66,171.36,157.98
1468,59,Side,30.67,30.78,114.42,114.42,174.38,172.21,172.36,158.78
1468,60,Side,41.3,42.93,130.21,130.21,176.04,172.98,173.14,157.38
1468,61,Side,48.05,48.0,134.71,134.71,173.24,173.42,172.95,173.09
1468,62,Side,52.66,52.62,138.72,138.72,170.66,170.86,170.02,170.18
1468,63,Side,56.33,56.29,141.18,141.18,170.0,170.21,170.12,170.29
1468,64,Side,58.13,58.71,141.74,141.74,169.13,168.04,170.01,169.51
1468,65,Side,62.84,63.46,146.49,146.49,167.59,166.27,168.43,167.74
1468,66,Side,55.81,56.4,136.86,136.86,165.31,164.03,167.52,166.83
1468,67,Side,56.12,56.67,137.97,137.97,165.43,164.39,167.92,167.43
1468,68,Side,58.31,58.87,140.19,140.19,164.75,163.72,167.2,166.74
1468,69,Side,58.62,59.76,141.67,141.67,166.64,164.31,168.68,167.5
1468,70,Side,55.17,55.72,136.39,136.39,166.64,165.61,169.45,168.97
1468,71,Side,55.35,56.49,137.16,137.16,167.23,164.91,169.45,168.27
1468,72,Side,57.48,58.57,139.88,139.88,167.59,165.55,169.98,169.03
1468,73,Side,64.56,65.12,147.24,147.24,167.15,166.12,169.26,168.79
1468,74,Side,65.92,66.49,148.91,148.91,166.5,165.48,168.55,168.09
1468,75,Side,65.76,66.32,149.38,149.38,167.12,166.11,168.55,168.09
1468,76,Side,67.52,67.44,151.2,151.2,167.44,167.74,169.66,169.9
1468,77,Side,67.58,68.08,151.2,151.2,167.12,166.42,169.42,169.21
1468,78,Side,70.67,70.59,155.47,155.47,166.48,166.81,168.71,168.97
1468,79,Side,72.63,72.57,156.87,156.87,165.22,165.54,167.9,168.16
1468,80,Side,74.63,73.98,158.29,158.29,164.9,166.24,169.04,169.73
1468,81,Side,74.23,73.59,158.54,158.54,168.79,170.13,175.65,176.35
1468,82,Side,76.76,76.71,159.94,159.94,166.53,166.8,175.68,175.91
1468,83,Side,77.78,79.44,161.38,161.38,166.48,163.89,175.22,174.29
1468,84,Side,79.98,82.34,162.98,162.98,164.86,160.97,174.98,173.44
1468,85,Side,80.81,82.5,163.12,163.12,160.31,158.34,169.39,169.11
1468,86,Side,81.58,83.29,163.25,163.25,159.99,157.98,171.63,171.33
1468,87,Side,83.03,84.74,164.7,164.7,158.94,157.01,170.58,170.36
1468,88,Side,83.28,86.18,166.15,166.15,161.3,156.71,173.29,171.6
1468,89,Side,85.6,86.24,167.47,167.47,159.29,157.98,172.5,171.82
1468,90,Side,85.51,86.77,166.3,166.3,158.69,156.06,173.96,172.59
1468,91,Side,85.63,87.6,172.18,172.18,162.91,158.56,173.43,171.04
1468,92,Side,86.31,88.23,172.22,172.22,160.89,156.96,170.73,168.71
1468,93,Side,86.24,88.18,172.22,172.22,162.64,158.66,173.5,171.46
1469,1,Side,,61.43,163.1,153.43,,157.39,,154.09
1469,2,Side,,57.6,155.29,143.62,,158.71,,156.2
1469,3,Side,,48.53,140.53,125.62,,157.54,,152.23
1469,4,Side,,43.88,131.22,115.95,,158.01,,153.18
1469,5,Side,,37.48,123.24,105.84,,158.19,,151.11
1469,6,Side,,26.06,116.21,88.32,,156.81,,151.98
1469,7,Side,,16.15,110.41,76.33,,159.54,,154.36
1469,8,Side,,10.3,101.15,71.45,,165.63,,154.8
1469,9,Side,,3.04,71.63,68.43,,171.05,,156.74
1469,10,Side,,1.79,73.24,60.77,,169.67,,154.24
1469,11,Side,,0.78,72.92,62.27,,166.55,,148.87
1469,12,Side,,0.27,74.74,62.63,,165.65,,147.39
1469,13,Side,,1.33,75.07,61.74,,164.18,,147.51
1469,14,Side,,5.16,76.58,71.31,,173.87,,155.92
1469,15,Side,,7.9,77.08,68.68,,166.81,,155.92
1469,16,Side,,12.77,79.84,76.33,,167.04,,159.49
1469,17,Side,,16.73,108.49,79.52,,167.17,,163.0
1469,18,Side,,18.69,118.21,84.27,,167.81,,165.69
1469,19,Side,,27.14,124.84,98.35,,165.65,,164.85
1469,20,Side,,33.11,130.41,106.11,,163.95,,165.43
1469,21,Side,,40.21,137.21,111.16,,160.95,,162.65
1469,22,Side,,44.57,140.57,116.47,,158.94,,162.36
1469,23,Side,,47.02,65.74,121.6,,158.59,,162.74
1469,24,Side,,55.76,78.97,137.41,,159.36,,160.63
1469,25,Side,,57.45,94.37,143.87,,160.59,,160.59
1469,26,Side,,59.75,105.85,150.04,,161.07,,159.59
1469,27,Side,,61.09,101.92,156.5,,167.01,,160.39
1469,28,Side,,56.84,105.95,150.59,,166.49,,161.57
1469,29,Side,,55.27,102.13,147.01,,165.29,,162.35
1470,1,Side,60.16,96.36,178.11,177.14,165.34,128.18,164.4,140.77
1470,2,Side,55.92,94.11,172.55,173.08,164.22,127.15,165.2,141.04
1470,3,Side,50.79,106.15,162.57,168.24,165.37,136.4,163.94,141.0
1470,4,Side,45.76,103.57,152.53,168.64,165.49,138.64,164.79,142.55
1470,5,Side,41.73,99.93,144.67,172.87,165.28,142.03,165.65,144.6
1470,6,Side,36.57,69.16,135.49,115.85,165.09,140.8,165.84,144.31
1470,7,Side,29.62,59.06,123.69,107.43,164.49,146.5,165.37,145.79
1470,8,Side,20.29,46.38,113.71,113.71,163.17,153.0,165.04,147.29
1470,9,Side,7.55,28.1,98.55,98.55,163.94,160.97,165.35,150.82
1470,10,Side,5.03,50.19,86.27,42.13,162.95,164.84,165.65,152.09
1470,11,Side,15.92,50.3,75.38,41.19,161.9,170.08,167.14,155.2
1470,12,Side,16.9,32.47,72.65,69.08,162.57,177.37,167.14,154.03
1470,13,Side,17.78,24.22,68.57,69.89,162.7,177.98,167.19,154.03
1470,14,Side,18.98,21.67,64.17,70.23,162.34,176.77,168.53,153.93
1470,15,Side,17.74,30.74,64.49,63.15,160.65,177.07,169.01,153.83
1470,16,Side,19.03,33.53,60.35,59.73,160.31,176.87,169.7,154.69
1470,17,Side,17.05,33.13,66.64,62.46,161.88,177.67,168.61,154.96
1470,18,Side,15.2,33.09,73.79,66.53,162.42,178.37,168.85,155.14
1470,19,Side,14.64,32.08,78.03,73.68,162.01,175.23,172.21,158.76
1470,20,Side,12.87,63.43,83.09,30.43,161.69,169.29,172.45,159.11
1470,21,Side,8.22,8.13,94.76,94.76,163.13,169.29,172.67,159.11
1470,22,Side,5.66,24.06,109.51,109.51,164.38,164.32,173.57,158.66
1470,23,Side,16.2,34.7,118.33,101.2,166.58,161.54,173.96,160.58
1470,24,Side,27.89,47.8,131.16,111.65,168.18,157.54,173.62,159.25
1470,25,Side,34.28,55.33,135.41,114.37,170.14,153.28,174.5,158.97
1470,26,Side,41.16,63.09,142.48,124.31,172.81,148.84,174.13,157.72
1470,27,Side,45.03,91.84,149.01,176.45,172.96,147.07,171.45,154.76
1470,28,Side,52.43,93.49,159.52,178.93,172.48,145.83,171.29,154.31
1470,29,Side,55.24,95.58,165.81,171.69,170.06,148.69,171.6,154.99
1470,30,Side,57.46,101.04,171.35,166.02,169.77,144.69,170.38,152.49
1470,31,Side,58.95,97.05,175.52,176.61,168.1,135.02,170.71,151.95
1471,1,Side,57.48,,179.9,179.9,172.45,,153.96,
1471,2,Side,49.73,,178.65,178.65,161.81,,150.69,
1471,3,Side,44.62,,171.13,171.13,158.54,,161.94,
1471,4,Side,42.13,,162.88,162.88,156.27,,165.07,
1471,5,Side,45.89,,160.32,160.32,163.9,,161.79,
1471,6,Side,44.48,,156.07,156.07,162.49,,162.68,
1471,7,Side,42.02,,148.25,148.25,161.49,,165.16,
1471,8,Side,33.4,,141.22,141.22,150.4,,171.33,
1471,9,Side,38.42,,140.14,140.14,165.74,,165.94,
1471,10,Side,21.43,,113.91,113.91,171.64,,164.51,
1471,11,Side,12.29,,69.19,24.44,174.05,,167.32,
1471,12,Side,0.68,,85.96,26.5,177.9,,164.66,
1471,13,Side,0.51,,85.96,27.45,179.49,,163.53,
1471,14,Side,1.7,,85.96,28.33,176.95,,162.18,
1471,15,Side,0.0,,84.09,28.33,173.21,,162.17,
1471,16,Side,1.17,,84.09,84.09,172.04,,163.52,
1471,17,Side,14.1,,64.99,64.99,169.58,,162.18,
1471,18,Side,15.06,,67.6,67.6,169.58,,163.54,
1471,19,Side,17.32,,64.93,64.93,166.05,,163.41,
1471,20,Side,12.51,,70.78,70.78,165.78,,162.09,
1471,21,Side,12.8,,78.6,78.6,178.0,,171.63,
1471,22,Side,2.34,,97.78,97.78,176.87,,171.72,
1471,23,Side,22.81,,120.74,120.74,176.97,,169.08,
1471,24,Side,34.55,,137.73,137.73,174.77,,169.19,
1471,25,Side,49.7,,152.1,152.1,176.66,,161.39,
1471,26,Side,54.07,,161.81,161.81,179.25,,161.87,
1471,27,Side,52.67,,168.19,168.19,170.2,,165.96,
1471,28,Side,54.0,,171.12,171.12,168.13,,167.61,
1471,29,Side,52.88,,178.26,178.26,159.34,,167.83,
1471,30,Side,50.31,,175.65,175.65,154.1,,170.49,
1471,31,Side,56.07,,171.24,171.24,156.23,,171.04,
1472,1,Side,17.47,,143.96,164.23,168.3,,160.88,
1472,2,Side,22.82,,139.98,163.67,176.91,,153.34,
1472,3,Side,20.03,,135.34,162.36,177.65,,152.93,
1472,4,Side,18.07,,129.79,161.26,175.91,,152.26,
1472,5,Side,13.21,,117.18,153.23,173.62,,151.17,
1472,6,Side,10.07,,110.61,70.71,170.98,,148.54,
1472,7,Side,7.62,,102.37,62.83,165.56,,146.32,
1472,8,Side,3.36,,92.96,53.42,160.84,,144.81,
1472,9,Side,19.55,,84.05,44.64,164.62,,164.26,
1472,10,Side,25.35,,74.87,35.45,165.79,,164.55,
1472,11,Side,17.94,,67.0,28.49,168.15,,151.72,
1472,12,Side,18.66,,68.55,29.58,168.72,,150.25,
1472,13,Side,17.98,,70.63,31.49,171.47,,152.31,
1472,14,Side,18.16,,71.03,32.36,172.99,,153.8,
1472,15,Side,18.37,,72.43,33.76,175.65,,155.84,
1472,16,Side,16.65,,72.74,34.16,174.08,,156.12,
1472,17,Side,10.01,,83.01,44.28,174.11,,156.12,
1472,18,Side,2.53,,92.65,53.62,172.07,,154.42,
1472,19,Side,3.19,,102.95,63.48,173.79,,154.73,
1472,20,Side,9.9,,112.74,72.92,174.55,,153.2,
1472,21,Side,15.02,,120.38,150.45,175.21,,156.85,
1472,22,Side,17.86,,129.36,155.64,179.01,,162.68,
1472,23,Side,21.11,,138.59,154.55,179.08,,162.38,
1472,24,Side,25.45,,150.64,159.71,176.89,,161.13,
1472,25,Side,27.09,,154.93,160.2,176.52,,161.17,
1473,1,Side,74.74,,170.15,170.15,167.87,,166.3,
1473,2,Side,69.45,,164.77,164.77,173.53,,168.61,
1473,3,Side,68.05,,164.53,164.53,176.92,,170.28,
1473,4,Side,65.35,,161.46,161.46,179.99,,169.92,
1473,5,Side,63.43,,158.26,158.26,179.09,,168.49,
1473,6,Side,58.26,,153.09,153.09,174.52,,171.53,
1473,7,Side,55.79,,142.38,142.38,173.21,,162.11,
1473,8,Side,47.78,,132.37,132.37,174.08,,161.85,
1473,9,Side,41.94,,126.25,126.25,176.05,,160.53,
1473,10,Side,29.22,,114.17,114.17,175.3,,155.23,
1473,11,Side,19.71,,102.53,102.53,176.37,,155.3,
1473,12,Side,15.46,,98.42,98.42,179.51,,161.07,
1473,13,Side,10.56,,91.28,91.28,179.75,,161.79,
1473,14,Side,4.43,,85.33,85.33,179.27,,162.05,
1473,15,Side,2.96,,79.12,79.12,177.39,,163.07,
1473,16,Side,16.04,,64.98,65.05,179.56,,157.15,
1473,17,Side,7.17,,73.86,62.91,179.56,,157.99,
1473,18,Side,9.46,,70.25,65.75,178.67,,158.88,
1473,19,Side,7.13,,70.25,63.49,175.64,,155.71,
1473,20,Side,14.59,,62.82,59.37,173.5,,154.86,
1473,21,Side,7.96,,65.57,53.71,173.31,,154.85,
1473,22,Side,9.49,,62.21,60.47,172.72,,155.67,
1473,23,Side,16.14,,58.26,58.76,177.12,,164.22,
1473,24,Side,10.94,,60.63,57.5,176.47,,165.06,
1473,25,Side,17.65,,55.43,58.41,177.42,,166.8,
1473,26,Side,19.72,,53.81,87.31,177.42,,166.8,
1473,27,Side,17.59,,55.88,89.43,176.47,,165.82,
1473,28,Side,18.1,,56.52,91.39,177.36,,167.57,
1473,29,Side,15.71,,60.2,97.53,175.82,,166.68,
1473,30,Side,15.06,,60.2,97.53,174.27,,165.79,
1473,31,Side,15.02,,61.41,61.41,174.23,,165.79,
1473,32,Side,4.6,,73.18,73.18,174.54,,167.3,
1473,33,Side,9.41,,89.88,89.88,176.16,,167.14,
1473,34,Side,24.9,,109.52,109.52,179.19,,169.02,
1473,35,Side,37.09,,124.88,124.88,179.5,,167.69,
1473,36,Side,47.55,,138.49,138.49,178.33,,167.56,
1473,37,Side,51.66,,141.78,141.78,178.8,,164.56,
1473,38,Side,56.57,,149.43,149.43,179.5,,167.56,
1473,39,Side,61.04,,155.42,155.42,178.91,,167.68,
1473,40,Side,67.55,,160.95,160.95,168.69,,161.53,
1473,41,Side,70.98,,165.65,165.65,165.99,,159.75,
1473,42,Side,74.2,,168.36,168.36,167.81,,166.64,
1473,43,Side,72.0,,172.23,172.23,179.28,,175.97,
1473,44,Side,74.04,,175.75,175.75,178.13,,177.41,
1474,1,Side,,,176.57,175.89,,,,
1474,2,Side,,,176.81,171.0,,,,
1474,3,Side,,,175.97,165.14,,,,
1474,4,Side,,,161.67,157.21,,,,
1474,5,Side,,,157.17,155.11,,,,
1474,6,Side,,,150.31,151.45,,,,
1474,7,Side,,,146.95,141.07,,,,
1474,8,Side,,,141.06,131.42,,,,
1474,9,Side,,,137.94,128.71,,,,
1474,10,Side,,,133.21,127.12,,,,
1474,11,Side,,,126.57,124.34,,,,
1474,12,Side,,,121.76,112.32,,,,
1474,13,Side,,,105.69,110.22,,,,
1474,14,Side,,,97.92,87.14,,,,
1474,15,Side,,,91.62,75.96,,,,
1474,16,Side,,,76.05,73.3,,,,
1474,17,Side,,,68.99,70.71,,,,
1474,18,Side,,,60.35,66.63,,,,
1474,19,Side,,,62.42,60.38,,,,
1474,20,Side,,,62.42,57.45,,,,
1474,21,Side,,,47.62,53.74,,,,
1474,22,Side,,,49.04,47.42,,,,
1474,23,Side,,,54.93,56.27,,,,
1474,24,Side,,,72.43,60.38,,,,
1474,25,Side,,,78.49,63.8,,,,
1474,26,Side,,,82.02,71.26,,,,
1474,27,Side,,,97.34,85.66,,,,
1474,28,Side,,,106.31,86.05,,,,
1474,29,Side,,,120.78,105.52,,,,
1474,30,Side,,,129.3,122.37,,,,
1474,31,Side,,,139.9,135.51,,,,
1474,32,Side,,,147.38,144.89,,,,
1474,33,Side,,,152.3,151.81,,,,
1474,34,Side,,,160.32,157.21,,,,
1474,35,Side,,,165.21,164.97,,,,
1474,36,Side,,,169.72,164.21,,,,
1474,37,Side,,,173.39,167.37,,,,
1474,38,Side,,,172.42,173.25,,,,
1474,39,Side,,,175.05,171.44,,,,
1474,40,Side,,,176.33,176.39,,,,
1474,41,Side,,,179.28,174.44,,,,
1474,42,Side,,,179.28,177.22,,,,
1474,43,Side,,,179.28,177.22,,,,
1474,44,Side,,,179.28,180.0,,,,
1474,45,Side,,,179.28,179.2,,,,
1475,1,Side,84.42,,174.34,145.41,167.27,,177.66,
1475,2,Side,78.83,,171.81,146.13,172.61,,178.2,
1475,3,Side,73.13,,163.81,141.15,174.06,,178.55,
1475,4,Side,69.48,,159.81,139.66,176.42,,177.71,
1475,5,Side,66.13,,155.58,135.77,178.29,,177.2,
1475,6,Side,60.74,,150.21,150.21,178.71,,176.44,
1475,7,Side,55.83,,143.56,143.56,178.03,,172.65,
1475,8,Side,53.26,,136.81,136.81,176.76,,173.07,
1475,9,Side,50.84,,131.97,131.97,176.24,,172.07,
1475,10,Side,41.8,,120.7,120.7,178.27,,173.99,
1475,11,Side,35.81,,114.08,114.08,177.88,,172.11,
1475,12,Side,29.8,,109.55,109.55,179.88,,172.43,
1475,13,Side,23.35,,106.39,106.39,171.02,,178.61,
1475,14,Side,15.31,,97.92,97.92,173.86,,177.65,
1475,15,Side,8.72,,93.84,93.84,172.89,,173.82,
1475,16,Side,3.65,,90.17,90.17,169.04,,177.25,
1475,17,Side,0.68,,82.87,82.87,172.0,,177.25,
1475,18,Side,0.05,,83.45,52.7,171.6,,176.28,
1475,19,Side,1.08,,83.17,54.43,170.04,,177.04,
1475,20,Side,4.7,,79.46,56.76,169.2,,175.25,
1475,21,Side,4.58,,81.43,57.85,167.33,,174.19,
1475,22,Side,4.17,,90.99,59.27,168.28,,176.23,
1475,23,Side,6.33,,93.32,93.32,168.11,,177.18,
1475,24,Side,9.01,,96.77,96.77,167.34,,177.22,
1475,25,Side,13.62,,98.44,98.44,172.66,,176.82,
1475,26,Side,19.86,,104.19,104.19,174.24,,176.16,
1475,27,Side,23.39,,106.49,106.49,177.81,,175.23,
1475,28,Side,33.45,,118.47,118.47,177.46,,179.97,
1475,29,Side,40.57,,126.14,126.14,179.74,,178.66,
1475,30,Side,47.94,,132.68,132.68,176.9,,177.99,
1475,31,Side,53.28,,141.46,141.46,177.71,,177.78,
1475,32,Side,60.77,,145.75,145.75,170.32,,176.63,
1475,33,Side,62.19,,148.44,148.44,167.78,,171.3,
1475,34,Side,67.22,,156.88,128.15,172.31,,178.75,
1475,35,Side,70.57,,161.79,131.89,169.89,,177.28,
1475,36,Side,75.86,,167.3,137.12,166.58,,175.62,
1475,37,Side,75.47,,167.56,140.84,167.22,,175.62,
1475,38,Side,77.1,,170.33,141.4,165.76,,174.28,
1475,39,Side,77.3,,170.41,141.92,164.7,,173.34,
1475,40,Side,75.55,,169.28,141.1,165.31,,173.34,
1476,1,Front/Back,180.0,162.41,180.0,167.94,160.17,144.11,160.17,161.7
1476,2,Front/Back,180.0,156.43,180.0,174.02,161.61,148.38,161.61,165.97
1476,3,Front/Back,180.0,162.91,180.0,173.09,161.18,157.87,161.18,168.05
1476,4,Front/Back,180.0,161.21,175.22,171.39,157.57,162.31,157.57,172.49
1476,5,Front/Back,180.0,179.99,164.16,179.99,159.65,180.0,159.65,180.0
1476,6,Front/Back,180.0,110.74,162.8,110.74,160.64,180.0,160.64,180.0
1476,7,Front/Back,180.0,110.73,158.01,110.73,158.15,180.0,158.15,180.0
1476,8,Front/Back,180.0,108.99,157.71,108.99,158.53,180.0,154.07,175.54
1476,9,Front/Back,180.0,107.98,152.17,107.98,161.61,180.0,161.61,160.32
1476,10,Front/Back,180.0,107.72,147.5,103.84,165.69,180.0,165.69,180.0
1476,11,Front/Back,180.0,110.73,143.18,105.71,175.86,180.0,175.86,180.0
1476,12,Front/Back,180.0,110.5,141.19,105.48,178.54,180.0,178.54,180.0
1476,13,Front/Back,180.0,110.05,137.43,105.29,180.0,180.0,180.0,180.0
1476,14,Front/Back,180.0,109.86,137.96,105.09,180.0,180.0,180.0,180.0
1476,15,Front/Back,180.0,110.79,136.18,106.9,180.0,127.67,180.0,87.76
1476,16,Front/Back,161.04,110.12,112.97,108.53,180.0,129.0,161.72,94.14
1476,17,Front/Back,161.04,111.64,112.97,110.05,180.0,128.59,169.02,91.9
1476,18,Front/Back,161.04,113.01,114.65,113.01,180.0,127.18,161.72,94.47
1476,19,Front/Back,165.25,113.01,118.86,113.01,180.0,125.96,161.72,98.45
1476,20,Front/Back,164.23,114.48,119.69,103.78,180.0,127.26,180.0,93.61
1476,21,Front/Back,168.42,117.39,123.88,100.21,180.0,126.88,180.0,90.19
1476,22,Front/Back,171.27,115.17,126.73,97.99,180.0,124.34,180.0,90.69
1476,23,Front/Back,173.46,115.88,130.71,94.86,180.0,122.53,166.5,86.56
1476,24,Front/Back,180.0,116.64,137.24,101.77,180.0,180.0,180.0,180.0
1476,25,Front/Back,180.0,117.39,137.24,104.1,180.0,180.0,180.0,180.0
1476,26,Front/Back,172.97,117.43,141.19,100.01,172.97,180.0,180.0,180.0
1476,27,Front/Back,171.82,117.12,132.83,98.29,179.98,177.23,180.0,177.23
1476,28,Front/Back,162.19,115.88,131.68,90.16,174.15,180.0,174.15,180.0
1476,29,Front/Back,160.16,116.0,129.65,89.67,174.72,180.0,174.72,180.0
1476,30,Front/Back,157.55,115.4,129.94,88.19,178.54,180.0,178.54,180.0
1476,31,Front/Back,155.73,115.89,128.78,88.41,180.0,180.0,180.0,180.0
1476,32,Front/Back,152.41,117.92,131.04,90.45,180.0,180.0,172.59,180.0
1476,33,Front/Back,153.95,118.95,133.53,91.26,180.0,180.0,167.29,167.29
1476,34,Front/Back,152.41,119.1,138.49,95.28,180.0,175.55,169.73,165.28
1476,35,Front/Back,154.05,120.04,142.89,96.94,180.0,180.0,166.5,166.5
1476,36,Front/Back,179.97,179.98,179.97,179.97,179.97,179.97,179.97,179.97
1476,37,Front/Back,167.72,180.0,177.83,180.0,169.88,180.0,169.97,169.98
1476,38,Front/Back,163.76,180.0,180.0,180.0,163.75,180.0,168.32,168.34
1476,39,Front/Back,163.76,180.0,180.0,180.0,147.75,180.0,163.99,180.0
1476,40,Front/Back,167.42,180.0,180.0,180.0,137.06,162.4,149.64,162.4
1476,41,Front/Back,167.42,180.0,180.0,180.0,134.76,162.4,147.34,162.4
1476,42,Front/Back,125.23,180.0,180.0,180.0,83.25,160.19,138.02,160.19
1476,43,Front/Back,122.46,180.0,176.03,180.0,84.46,157.23,138.02,157.23
1477,1,Side,,105.93,120.62,171.03,,132.23,,163.25
1477,2,Side,,107.76,119.64,171.64,,131.56,,160.95
1477,3,Side,,111.62,116.72,175.41,,132.13,,160.75
1477,4,Side,,113.15,111.37,177.58,,131.59,,159.0
1477,5,Side,,113.18,110.52,175.55,,130.48,,159.0
1477,6,Side,,112.05,110.13,172.87,,129.96,,157.55
1477,7,Side,,114.72,106.8,175.17,,129.49,,156.03
1477,8,Side,,117.62,100.39,179.21,,130.18,,155.48
1477,9,Side,,119.58,93.96,179.34,,130.96,,155.69
1477,10,Side,,119.09,93.19,179.54,,130.4,,153.19
1477,11,Side,,118.61,177.57,177.57,,131.24,,152.86
1477,12,Side,,123.32,177.67,177.67,,132.46,,154.69
1477,13,Side,,127.97,173.94,173.94,,134.37,,156.66
1477,14,Side,,127.12,178.81,178.81,,136.39,,158.88
1477,15,Side,,138.4,162.95,162.95,,139.4,,160.92
1477,16,Side,,146.42,155.9,155.9,,140.68,,162.78
1477,17,Side,,141.95,160.28,160.28,,141.46,,162.98
1477,18,Side,,143.9,158.43,158.43,,139.96,,160.52
1477,19,Side,,141.49,160.16,160.16,,140.63,,160.7
1477,20,Side,,138.97,163.59,163.59,,140.78,,159.11
1477,21,Side,,138.97,163.59,163.59,,139.9,,157.35
1477,22,Side,,136.68,165.96,165.96,,141.45,,159.11
1477,23,Side,,136.55,163.78,163.78,,141.26,,158.4
1477,24,Side,,134.43,165.15,165.15,,141.45,,157.67
1477,25,Side,,133.33,162.51,162.51,,142.85,,157.84
1477,26,Side,,132.93,79.73,157.68,,143.52,,157.84
1477,27,Side,,129.93,77.71,160.01,,145.08,,160.5
1477,28,Side,,130.26,76.88,157.85,,146.17,,162.9
1477,29,Side,,128.87,74.5,157.17,,146.33,,162.36
1477,30,Side,,127.88,76.53,158.13,,146.89,,164.28
1477,31,Side,,126.29,77.9,159.04,,148.44,,166.08
1477,32,Side,,126.52,82.35,161.96,,144.46,,168.12
1477,33,Side,,125.57,85.91,168.37,,143.61,,168.18
1477,34,Side,,124.66,87.35,169.28,,143.28,,169.1
1477,35,Side,,123.89,88.6,170.6,,143.03,,169.55
1477,36,Side,,120.37,90.39,175.22,,144.78,,171.75
1477,37,Side,,117.72,89.55,172.73,,148.6,,169.65
1477,38,Side,,115.69,91.91,172.75,,148.61,,169.21
1477,39,Side,,115.41,95.56,176.39,,144.69,,169.13
1477,40,Side,,116.0,94.96,175.8,,142.73,,171.62
1477,41,Side,,114.33,94.95,177.54,,142.57,,170.49
1477,42,Side,,117.79,138.72,173.53,,133.21,,157.48
1478,1,Side,79.71,,168.7,113.98,146.7,,162.95,
1478,2,Side,78.23,,162.24,111.23,144.0,,159.94,
1478,3,Side,75.88,,157.1,108.71,145.49,,160.43,
1478,4,Side,72.99,,151.39,105.97,146.68,,159.04,
1478,5,Side,71.77,,146.82,101.58,147.13,,158.77,
1478,6,Side,68.13,,142.91,142.91,151.32,,158.07,
1478,7,Side,65.5,,136.27,136.27,151.37,,157.17,
1478,8,Side,61.1,,128.64,128.64,153.67,,156.34,
1478,9,Side,59.46,,124.53,124.53,153.4,,153.85,
1478,10,Side,52.15,,115.4,115.4,156.23,,154.13,
1478,11,Side,50.41,,110.19,110.19,157.36,,153.67,
1478,12,Side,47.06,,105.0,105.0,158.12,,153.11,
1478,13,Side,44.86,,104.89,104.89,159.16,,152.44,
1478,14,Side,41.55,,102.38,102.38,161.46,,153.73,
1478,15,Side,38.96,,99.14,99.14,162.49,,155.63,
1478,16,Side,35.96,,95.81,24.48,164.81,,156.81,
1478,17,Side,36.22,,98.07,25.09,166.69,,157.75,
1478,18,Side,35.0,,95.12,24.64,164.94,,152.1,
1478,19,Side,34.73,,96.85,25.8,166.88,,153.06,
1478,20,Side,33.16,,95.31,26.27,168.02,,154.16,
1478,21,Side,32.86,,98.52,24.3,171.45,,156.96,
1478,22,Side,35.82,,103.42,28.37,170.96,,157.58,
1478,23,Side,38.34,,107.86,32.03,170.15,,156.24,
1478,24,Side,42.55,,114.7,36.57,168.37,,155.63,
1478,25,Side,46.52,,119.05,40.24,163.0,,150.69,
1478,26,Side,50.71,,125.91,44.77,161.86,,150.09,
1478,27,Side,53.45,,129.95,49.36,161.83,,151.37,
1478,28,Side,57.33,,134.63,53.49,161.29,,151.35,
1478,29,Side,60.19,,139.39,57.65,158.99,,150.57,
1478,30,Side,61.23,,146.61,63.2,166.68,,156.75,
1478,31,Side,63.32,,150.93,141.63,166.69,,157.44,
1478,32,Side,68.69,,155.54,145.51,159.0,,155.7,
1478,33,Side,70.12,,157.97,149.15,157.32,,158.23,
1478,34,Side,73.18,,164.02,152.57,156.93,,159.87,
1478,35,Side,75.9,,168.15,153.67,156.03,,162.32,
1478,36,Side,79.41,,173.91,151.98,154.77,,163.64,
1478,37,Side,79.41,,173.91,156.17,156.19,,166.93,
1478,38,Side,78.87,,173.91,156.17,157.85,,168.97,
1478,39,Side,78.87,,173.91,156.17,159.35,,172.3,
1479,1,Side,,87.28,159.23,171.62,,158.76,,172.7
1479,2,Side,,86.99,158.39,172.37,,158.31,,172.7
1479,3,Side,,84.75,155.56,176.21,,159.06,,173.45
1479,4,Side,,83.3,153.02,178.51,,159.23,,173.32
1479,5,Side,,82.23,150.75,178.13,,158.99,,173.37
1479,6,Side,,80.75,147.89,175.76,,162.72,,179.35
1479,7,Side,,79.35,142.87,172.5,,162.21,,178.97
1479,8,Side,,77.78,137.92,168.09,,161.31,,179.6
1479,9,Side,,74.44,122.66,160.93,,160.78,,179.03
1479,10,Side,,69.85,116.22,150.67,,160.68,,178.42
1479,11,Side,,67.25,118.61,145.3,,160.19,,178.12
1479,12,Side,,66.37,116.49,145.26,,161.57,,177.99
1479,13,Side,,65.37,112.99,143.04,,161.52,,178.05
1479,14,Side,,62.75,109.04,139.02,,162.34,,177.71
1479,15,Side,,59.75,106.37,134.79,,162.87,,177.95
1479,16,Side,,58.59,100.6,133.19,,162.84,,178.17
1479,17,Side,,56.65,98.04,130.56,,162.94,,178.12
1479,18,Side,,54.67,93.85,127.89,,162.81,,178.59
1479,19,Side,,52.24,91.45,124.14,,163.63,,178.24
1479,20,Side,,50.64,88.94,121.38,,163.19,,178.1
1479,21,Side,,49.09,88.69,118.62,,163.15,,177.47
1479,22,Side,,47.72,84.73,115.67,,162.22,,177.54
1479,23,Side,,46.19,82.38,112.83,,160.9,,178.13
1479,24,Side,,45.64,83.15,113.8,,161.75,,178.05
1479,25,Side,,43.46,83.54,111.93,,161.75,,178.63
1479,26,Side,,42.6,84.96,111.93,,159.7,,174.57
1479,27,Side,,40.62,86.99,110.16,,163.39,,178.45
1479,28,Side,,42.43,88.36,113.43,,163.4,,178.99
1479,29,Side,,42.78,90.12,114.22,,163.41,,179.99
1479,30,Side,,42.7,91.3,115.26,,164.36,,179.89
1479,31,Side,,44.09,93.22,117.69,,163.97,,179.8
1479,32,Side,,44.39,94.18,118.67,,164.3,,179.94
1479,33,Side,,45.79,92.93,120.3,,163.36,,179.0
1479,34,Side,,48.11,94.72,124.06,,163.38,,179.51
1479,35,Side,,49.48,96.53,125.63,,162.96,,179.21
1479,36,Side,,50.9,98.51,127.51,,161.79,,176.57
1479,37,Side,,52.36,100.35,129.59,,163.0,,179.05
1479,38,Side,,54.57,102.17,133.64,,163.88,,179.5
1479,39,Side,,56.65,104.85,137.75,,164.75,,179.47
1479,40,Side,,59.06,106.87,141.26,,163.93,,179.84
1479,41,Side,,61.78,109.14,145.18,,163.52,,179.07
1479,42,Side,,64.02,121.25,147.99,,161.27,,176.6
1479,43,Side,,66.44,124.48,150.85,,162.37,,179.19
1479,44,Side,,68.85,128.87,154.81,,160.48,,175.83
1479,45,Side,,70.95,133.18,158.78,,162.04,,178.24
1479,46,Side,,74.34,139.41,163.14,,160.92,,177.38
1479,47,Side,,77.63,146.59,168.48,,160.04,,177.56
1479,48,Side,,79.54,149.23,170.87,,159.19,,177.75
1479,49,Side,,81.01,151.88,173.25,,159.38,,178.69
1479,50,Side,,82.58,156.93,174.78,,156.53,,175.7
1479,51,Side,,84.35,159.38,176.87,,155.69,,175.57
1479,52,Side,,84.35,155.81,176.87,,155.1,,174.4
1479,53,Side,,84.8,157.48,176.87,,153.87,,173.18
1479,54,Side,,84.81,157.48,176.87,,153.08,,171.81
1480,1,Front/Back,179.98,179.98,179.98,179.98,,,,
1480,2,Front/Back,167.64,167.85,167.64,165.83,,,,
1480,3,Front/Back,163.37,162.81,158.97,153.09,,,,
1480,4,Front/Back,161.82,180.0,157.43,154.93,,,,
1480,5,Front/Back,159.77,168.72,155.37,141.85,,,,
1480,6,Front/Back,156.98,163.82,149.54,135.36,,,,
1480,7,Front/Back,156.86,162.23,152.47,132.35,,,,
1480,8,Front/Back,157.3,160.88,154.15,129.74,,,,
1480,9,Front/Back,157.3,159.73,149.36,127.46,,,,
1480,10,Front/Back,157.25,156.63,152.12,124.55,,,,
1480,11,Front/Back,180.0,153.25,118.52,138.31,,,,
1480,12,Front/Back,180.0,144.61,118.61,122.6,,,,
1480,13,Front/Back,180.0,141.89,118.27,118.4,,,,
1480,14,Front/Back,180.0,139.38,117.95,114.54,,,,
1480,15,Front/Back,180.0,138.39,117.75,112.76,,,,
1480,16,Front/Back,180.0,139.77,117.46,112.99,,,,
1480,17,Front/Back,180.0,136.15,117.73,110.45,,,,
1480,18,Front/Back,180.0,133.26,118.03,108.77,,,,
1480,19,Front/Back,180.0,131.68,117.95,106.83,,,,
1480,20,Front/Back,180.0,129.52,118.12,105.39,,,,
1480,21,Front/Back,180.0,128.57,118.48,106.0,,,,
1480,22,Front/Back,180.0,127.13,118.48,104.56,,,,
1480,23,Front/Back,180.0,125.46,117.49,98.8,,,,
1480,24,Front/Back,180.0,124.86,117.08,96.7,,,,
1480,25,Front/Back,180.0,126.95,117.08,98.79,,,,
1480,26,Front/Back,180.0,127.42,116.88,98.5,,,,
1480,27,Front/Back,180.0,128.0,117.27,100.54,,,,
1480,28,Front/Back,180.0,128.83,117.27,101.36,,,,
1480,29,Front/Back,180.0,129.8,117.27,102.34,,,,
1480,30,Front/Back,180.0,131.81,117.47,105.08,,,,
1480,31,Front/Back,180.0,132.2,117.47,105.48,,,,
1480,32,Front/Back,180.0,128.36,117.47,101.63,,,,
1480,33,Front/Back,180.0,128.17,117.47,101.44,,,,
1480,34,Front/Back,180.0,128.0,117.07,99.8,,,,
1480,35,Front/Back,180.0,130.67,117.07,102.47,,,,
1480,36,Front/Back,180.0,129.75,117.07,101.54,,,,
1480,37,Front/Back,180.0,126.5,116.88,97.59,,,,
1480,38,Front/Back,180.0,126.14,116.68,96.54,,,,
1480,39,Front/Back,180.0,125.26,116.1,93.67,,,,
1480,40,Front/Back,180.0,124.43,115.92,92.24,,,,
1480,41,Front/Back,180.0,124.54,115.92,92.35,,,,
1480,42,Front/Back,180.0,125.98,115.74,93.21,,,,
1480,43,Front/Back,180.0,128.69,115.57,95.38,,,,
1480,44,Front/Back,180.0,130.2,115.41,96.38,,,,
1480,45,Front/Back,180.0,132.32,115.25,98.0,,,,
1480,46,Front/Back,180.0,134.97,166.55,100.65,,,,
1480,47,Front/Back,180.0,138.8,164.99,104.01,,,,
1480,48,Front/Back,180.0,141.78,163.57,106.55,,,,
1480,49,Front/Back,180.0,153.4,163.57,118.17,,,,
1480,50,Front/Back,180.0,155.35,164.57,124.08,,,,
1480,51,Front/Back,180.0,160.01,163.19,128.3,,,,
1480,52,Front/Back,180.0,163.59,158.81,131.73,,,,
1480,53,Front/Back,180.0,180.0,153.82,145.39,,,,
1480,54,Front/Back,180.0,178.67,151.48,149.03,,,,
1480,55,Front/Back,180.0,180.0,149.44,151.6,,,,
1480,56,Front/Back,144.32,180.0,100.13,151.49,,,,
1480,57,Front/Back,151.45,180.0,103.04,150.04,,,,
1480,58,Front/Back,151.73,170.28,103.62,148.63,,,,
1480,59,Front/Back,156.53,164.08,107.31,147.29,,,,
1480,60,Front/Back,165.26,159.67,114.8,146.34,,,,
1481,1,Side,43.88,175.9,172.55,130.42,167.28,75.74,173.77,140.53
1481,2,Side,48.06,173.72,169.78,130.05,178.63,75.19,168.46,141.65
1481,3,Side,46.83,172.29,164.9,129.48,179.34,75.73,169.29,143.06
1481,4,Side,45.05,169.94,158.88,128.94,178.39,74.34,166.33,141.79
1481,5,Side,42.87,168.2,154.97,128.39,179.81,74.57,167.61,143.2
1481,6,Side,39.72,164.16,145.95,127.75,178.65,73.73,166.3,144.47
1481,7,Side,37.77,169.18,141.88,126.52,178.65,80.06,164.97,144.45
1481,8,Side,37.09,110.98,138.06,87.16,175.65,83.86,164.25,146.34
1481,9,Side,35.02,113.85,130.43,80.91,177.84,76.48,168.13,145.61
1481,10,Side,27.18,108.43,125.33,77.07,172.87,81.01,172.97,148.11
1481,11,Side,24.69,100.38,118.73,71.34,170.9,89.68,174.72,150.98
1481,12,Side,22.59,102.74,115.63,69.01,169.96,89.53,174.33,153.97
1481,13,Side,21.31,31.47,106.46,50.14,175.72,146.77,173.56,156.54
1481,14,Side,23.01,23.01,100.88,47.37,177.15,158.25,172.89,160.55
1481,15,Side,22.75,21.41,91.59,44.34,170.24,159.27,170.51,159.08
1481,16,Side,21.11,20.35,83.21,37.46,162.83,156.02,166.2,158.09
1481,17,Side,19.12,16.83,77.87,37.46,160.44,162.64,165.82,159.86
1481,18,Side,15.91,16.66,71.17,32.98,159.06,159.64,166.6,159.84
1481,19,Side,16.68,14.39,68.64,30.12,154.66,161.09,164.17,160.55
1481,20,Side,16.31,15.24,59.34,70.99,145.66,155.69,161.88,159.19
1481,21,Side,20.19,16.02,58.82,69.91,141.03,156.39,158.82,158.92
1481,22,Side,13.07,7.05,54.65,119.01,145.09,155.19,157.15,154.69
1481,23,Side,7.81,12.04,52.32,115.11,154.5,156.98,163.12,155.8
1481,24,Side,8.43,13.27,49.93,116.74,153.52,162.54,166.61,161.04
1481,25,Side,2.15,11.69,49.16,118.39,165.37,161.92,172.95,160.35
1481,26,Side,3.54,11.01,49.83,118.39,161.01,159.38,167.0,156.17
1481,27,Side,8.78,15.12,52.13,109.71,156.62,156.09,168.08,161.05
1481,28,Side,14.75,15.98,58.03,68.07,150.46,156.62,164.85,162.21
1481,29,Side,17.24,22.3,62.81,71.55,154.96,149.92,168.52,159.78
1481,30,Side,15.88,22.68,67.01,30.18,163.62,152.31,170.81,159.51
1481,31,Side,18.12,82.72,74.74,30.23,166.94,85.95,169.7,153.3
1481,32,Side,22.64,91.63,82.79,37.36,163.76,76.13,163.36,144.73
1481,33,Side,21.97,98.8,93.33,47.03,174.39,73.27,167.01,142.72
1481,34,Side,26.97,109.72,105.15,57.13,177.96,69.35,172.0,146.14
1481,35,Side,29.88,120.67,114.67,65.87,179.92,61.82,168.94,141.46
1481,36,Side,28.98,122.97,118.98,70.5,176.22,58.75,169.95,138.91
1481,37,Side,32.94,131.76,136.17,82.41,170.27,57.8,172.36,139.25
1481,38,Side,35.41,152.33,153.89,132.9,160.17,58.59,179.24,142.71
1481,39,Side,33.29,157.53,153.58,137.77,161.17,55.88,179.09,141.44
1481,40,Side,39.25,163.26,162.39,140.95,167.9,58.1,175.55,142.46
1481,41,Side,39.84,164.95,169.93,140.95,167.46,54.88,167.74,131.67
1481,42,Side,45.73,164.95,169.93,140.95,179.57,54.88,161.52,131.67
1481,43,Side,45.73,164.24,169.93,140.95,179.57,54.51,161.52,132.01
1481,44,Side,45.73,162.86,169.93,140.95,175.57,54.21,171.41,138.97
1482,1,Side,,73.87,168.11,168.11,,149.45,,154.26
1482,2,Side,,69.76,166.58,166.58,,158.17,,159.5
1482,3,Side,,68.81,163.35,163.35,,157.46,,158.61
1482,4,Side,,69.63,162.7,162.7,,157.67,,158.65
1482,5,Side,,70.11,160.8,160.8,,154.04,,158.48
1482,6,Side,,63.43,150.09,150.09,,153.4,,157.61
1482,7,Side,,60.58,147.07,147.07,,156.34,,160.46
1482,8,Side,,57.43,143.0,143.0,,158.21,,161.22
1482,9,Side,,59.1,146.97,146.97,,163.55,,164.93
1482,10,Side,,51.45,136.76,136.76,,165.26,,167.81
1482,11,Side,,47.36,132.31,132.31,,168.13,,169.64
1482,12,Side,,31.68,115.56,115.56,,168.31,,169.17
1482,13,Side,,32.18,116.35,116.35,,168.52,,166.86
1482,14,Side,,27.71,108.19,108.19,,166.1,,162.47
1482,15,Side,,23.19,103.9,103.9,,169.12,,162.89
1482,16,Side,,17.23,98.6,98.6,,170.44,,161.75
1482,17,Side,,14.77,96.08,96.08,,172.25,,164.55
1482,18,Side,,13.56,96.34,96.34,,175.1,,167.4
1482,19,Side,,15.6,99.31,99.31,,171.8,,166.4
1482,20,Side,,17.19,105.66,105.66,,173.26,,168.12
1482,21,Side,,20.95,110.5,110.5,,172.57,,169.08
1482,22,Side,,26.08,119.05,119.05,,173.77,,169.84
1482,23,Side,,28.23,114.88,114.88,,171.17,,168.84
1482,24,Side,,31.79,118.43,118.43,,169.24,,166.91
1482,25,Side,,42.26,134.81,134.81,,167.4,,165.93
1482,26,Side,,46.01,139.27,139.27,,167.82,,166.58
1482,27,Side,,43.88,140.62,140.62,,175.13,,171.47
1482,28,Side,,42.38,137.62,137.62,,172.8,,170.19
1482,29,Side,,49.81,147.49,147.49,,173.01,,170.43
1482,30,Side,,53.5,148.56,148.56,,169.99,,169.16
1482,31,Side,,57.14,150.81,150.81,,169.19,,172.64
1482,32,Side,,61.89,157.94,157.94,,169.88,,175.93
1482,33,Side,,64.15,160.79,160.79,,170.19,,177.95
1482,34,Side,,67.1,165.22,165.22,,166.23,,169.96
1482,35,Side,,75.7,174.58,174.58,,168.94,,177.15
1482,36,Side,,72.4,171.33,171.33,,166.94,,175.1
1482,37,Side,,74.94,172.49,172.49,,164.33,,174.89
1482,38,Side,,75.68,173.92,173.92,,163.36,,173.23
1482,39,Side,,80.4,174.34,174.34,,158.7,,171.19
1482,40,Side,,83.0,175.49,175.49,,155.66,,169.98
1482,41,Side,,86.24,176.63,176.63,,151.76,,168.17
1482,42,Side,,82.68,177.66,177.66,,156.07,,166.86
1483,1,Side,66.58,,175.82,159.04,171.5,,,
1483,2,Side,66.68,,177.17,160.52,169.45,,,
1483,3,Side,66.34,,177.27,160.14,167.98,,,
1483,4,Side,64.56,,175.88,158.61,167.59,,,
1483,5,Side,64.11,,175.67,158.34,166.14,,,
1483,6,Side,63.19,,174.31,156.36,165.0,,,
1483,7,Side,63.19,,174.08,155.85,164.2,,,
1483,8,Side,61.76,,172.65,142.43,163.23,,,
1483,9,Side,64.71,,175.42,137.18,162.52,,,
1483,10,Side,63.25,,173.95,138.65,162.37,,,
1483,11,Side,61.41,,170.56,139.32,163.52,,,
1483,12,Side,60.92,,168.78,141.09,164.02,,,
1483,13,Side,58.66,,166.95,142.92,162.66,,,
1483,14,Side,58.35,,164.55,145.32,164.75,,,
1483,15,Side,56.19,,162.02,147.85,164.34,,,
1483,16,Side,51.97,,157.08,157.08,164.26,,,
1483,17,Side,53.19,,158.65,158.65,163.11,,,
1483,18,Side,51.6,,155.61,155.61,163.5,,,
1483,19,Side,48.91,,150.07,150.07,165.54,,,
1483,20,Side,47.6,,147.91,147.91,167.28,,,
1483,21,Side,47.25,,149.2,149.2,169.52,,,
1483,22,Side,38.38,,138.18,138.18,162.95,,,
1483,23,Side,41.07,,136.33,136.33,172.32,,,
1483,24,Side,39.9,,134.3,134.3,173.18,,,
1483,25,Side,36.01,,129.36,129.36,174.23,,,
1483,26,Side,34.38,,126.87,126.87,175.09,,,
1483,27,Side,35.96,,132.34,132.34,168.37,,,
1483,28,Side,39.9,,134.58,134.58,173.18,,,
1483,29,Side,42.12,,136.61,136.61,174.27,,,
1483,30,Side,43.12,,138.46,138.46,173.42,,,
1483,31,Side,46.39,,142.79,142.79,172.36,,,
1483,32,Side,45.24,,144.25,144.25,167.47,,,
1483,33,Side,50.7,,148.18,148.18,172.1,,,
1483,34,Side,46.75,,144.87,144.87,167.29,,,
1483,35,Side,49.83,,145.99,145.99,172.42,,,
1483,36,Side,48.1,,147.02,163.91,167.36,,,
1483,37,Side,50.25,,150.55,163.11,166.29,,,
1483,38,Side,54.91,,153.61,160.06,170.58,,,
1483,39,Side,59.52,,158.77,154.9,170.89,,,
1483,40,Side,63.04,,165.52,149.56,169.77,,,
1483,41,Side,62.5,,165.8,149.27,168.95,,,
1483,42,Side,61.94,,164.54,153.85,169.14,,,
1483,43,Side,61.13,,165.0,153.38,168.2,,,
1483,44,Side,62.97,,167.17,151.21,168.57,,,
1483,45,Side,56.08,,162.03,157.61,163.59,,,
1483,46,Side,57.51,,163.85,155.78,163.19,,,
1483,47,Side,57.05,,164.5,157.12,162.4,,,
1483,48,Side,60.14,,168.01,153.61,162.96,,,
1483,49,Side,61.03,,170.54,143.13,162.18,,,
1483,50,Side,61.21,,171.93,141.73,161.61,,,
1483,51,Side,61.03,,170.54,143.13,163.65,,,
1483,52,Side,62.4,,171.9,141.77,163.84,,,
1483,53,Side,63.26,,173.2,140.47,164.22,,,
1483,54,Side,65.38,,174.53,139.14,166.05,,,
1483,55,Side,64.49,,174.44,161.79,165.25,,,
1483,56,Side,66.14,,175.73,163.28,166.42,,,
1483,57,Side,65.22,,175.62,163.55,164.8,,,
1483,58,Side,64.21,,175.4,164.06,164.6,,,
1483,59,Side,64.21,,175.4,164.06,164.6,,,
1483,60,Side,64.04,,176.48,165.67,163.35,,,
1483,61,Side,64.04,,176.48,165.67,163.35,,,
1484,1,Side,56.35,,158.03,158.03,172.4,,163.67,
1484,2,Side,53.37,,149.66,149.66,173.32,,165.88,
1484,3,Side,52.8,,148.32,148.32,176.2,,167.66,
1484,4,Side,52.0,,147.53,147.53,176.2,,165.81,
1484,5,Side,46.29,,137.12,137.12,177.52,,164.97,
1484,6,Side,45.55,,132.36,132.36,175.9,,167.38,
1484,7,Side,39.53,,123.69,123.69,175.38,,165.27,
1484,8,Side,22.83,,97.82,97.82,172.23,,167.08,
1484,9,Side,9.87,,86.63,86.63,174.15,,167.95,
1484,10,Side,1.26,,78.37,78.37,178.03,,169.71,
1484,11,Side,7.26,,70.56,70.56,177.39,,171.81,
1484,12,Side,13.66,,61.49,61.49,172.92,,169.54,
1484,13,Side,9.69,,71.57,71.57,172.04,,164.09,
1484,14,Side,8.91,,80.05,80.05,179.27,,171.2,
1484,15,Side,4.25,,84.71,84.71,177.74,,168.21,
1484,16,Side,2.76,,84.56,84.56,174.55,,174.89,
1484,17,Side,5.11,,90.0,90.0,175.67,,167.54,
1484,18,Side,11.12,,96.01,96.01,174.89,,168.48,
1484,19,Side,3.66,,86.82,86.82,174.89,,170.21,
1484,20,Side,11.36,,93.37,93.37,168.64,,165.11,
1484,21,Side,25.67,,109.44,109.44,167.97,,164.39,
1484,22,Side,34.33,,119.93,119.93,170.84,,167.42,
1484,23,Side,38.34,,127.87,127.87,173.74,,166.39,
1484,24,Side,47.47,,139.76,139.76,171.67,,161.57,
1484,25,Side,51.54,,146.51,146.51,173.01,,163.67,
1484,26,Side,54.73,,151.01,151.01,170.48,,159.82,
1484,27,Side,58.96,,153.92,153.92,169.16,,162.03,
1484,28,Side,62.49,,158.61,158.61,164.66,,159.84,
1484,29,Side,61.59,,160.42,160.42,164.66,,159.84,
1484,30,Side,63.77,,163.37,163.37,160.75,,157.77,
1484,31,Side,64.58,,164.5,164.5,160.75,,157.77,
1485,1,Side,59.74,,167.47,167.47,178.04,,166.95,
1485,2,Side,57.11,,158.77,158.77,178.46,,169.19,
1485,3,Side,53.13,,150.44,150.44,179.9,,171.89,
1485,4,Side,44.19,,140.48,140.48,178.11,,170.69,
1485,5,Side,35.97,,129.23,129.23,175.84,,171.46,
1485,6,Side,27.31,,116.46,116.46,172.51,,169.47,
1485,7,Side,15.58,,101.82,101.82,175.02,,170.35,
1485,8,Side,13.59,,99.17,99.17,177.2,,170.55,
1485,9,Side,0.4,,83.55,83.55,176.69,,168.5,
1485,10,Side,5.78,,79.83,79.83,175.61,,168.54,
1485,11,Side,14.94,,69.66,69.66,177.81,,169.07,
1485,12,Side,14.94,,70.67,70.67,177.81,,170.74,
1485,13,Side,11.82,,75.07,75.07,179.1,,170.85,
1485,14,Side,7.06,,83.45,83.45,177.35,,169.11,
1485,15,Side,4.48,,83.45,83.45,170.81,,167.09,
1485,16,Side,1.06,,92.71,92.71,166.77,,161.21,
1485,17,Side,6.01,,97.66,97.66,167.44,,161.89,
1485,18,Side,12.56,,104.21,104.21,165.1,,159.55,
1485,19,Side,23.16,,119.28,119.28,172.93,,164.58,
1485,20,Side,33.44,,131.22,131.22,175.24,,167.22,
1485,21,Side,40.93,,142.5,142.5,173.57,,165.55,
1485,22,Side,44.69,,143.79,143.79,174.9,,167.36,
1485,23,Side,49.73,,142.13,142.13,167.14,,164.39,
1485,24,Side,47.02,,136.77,136.77,170.53,,169.42,
1485,25,Side,54.87,,146.63,146.63,173.27,,172.52,
1485,26,Side,63.99,,161.57,161.57,175.46,,172.52,
1485,27,Side,62.65,,159.63,159.63,176.8,,174.39,
1485,28,Side,63.91,,159.62,159.62,173.98,,172.05,
1485,29,Side,61.56,,152.64,152.64,172.72,,172.72,
1485,30,Side,62.53,,153.18,153.18,170.6,,171.62,
1485,31,Side,64.24,,156.64,156.64,172.34,,171.62,
1485,32,Side,64.24,,154.55,154.55,171.45,,171.84,
1485,33,Side,63.52,,155.12,155.12,169.43,,167.42,
1485,34,Side,63.73,,156.76,156.76,166.34,,164.22,
1485,35,Side,65.66,,154.37,154.37,159.96,,159.83,
1485,36,Side,68.55,,156.76,156.76,160.39,,159.83,
1485,37,Side,63.99,,161.57,161.57,176.82,,169.14,
1486,1,Side,90.49,149.08,138.27,161.16,132.13,153.58,147.98,167.44
1486,2,Side,89.92,152.79,146.66,148.48,133.8,154.19,147.98,166.38
1486,3,Side,85.53,158.92,145.33,138.67,133.84,155.94,147.53,167.03
1486,4,Side,82.64,165.73,146.2,130.54,135.1,151.85,147.75,164.32
1486,5,Side,57.55,88.99,76.69,108.71,133.66,151.36,146.81,163.91
1486,6,Side,45.77,47.27,47.51,49.4,134.62,152.46,145.66,163.12
1486,7,Side,40.81,36.53,49.45,47.5,138.64,160.24,145.24,164.51
1486,8,Side,35.86,31.42,52.73,45.96,144.45,158.62,146.77,163.26
1486,9,Side,30.74,21.61,53.37,43.45,147.1,164.02,145.61,163.32
1486,10,Side,25.16,15.47,53.51,39.66,152.65,163.04,145.65,160.19
1486,11,Side,19.08,7.58,52.89,36.76,170.06,166.63,173.17,159.74
1486,12,Side,18.64,5.52,51.68,33.75,170.49,168.39,172.51,161.29
1486,13,Side,17.13,3.28,50.8,31.54,172.52,169.56,173.6,161.18
1486,14,Side,17.46,2.78,48.93,31.23,170.33,169.89,173.63,162.03
1486,15,Side,15.85,1.05,47.94,29.31,170.19,170.32,170.88,162.03
1486,16,Side,14.43,0.02,46.29,25.28,174.31,167.68,175.05,159.9
1486,17,Side,16.05,1.05,47.32,28.5,173.18,170.39,175.6,160.83
1486,18,Side,17.93,4.11,49.37,32.56,172.05,170.16,176.22,161.57
1486,19,Side,19.98,7.27,52.4,35.08,171.57,170.0,173.34,161.85
1486,20,Side,21.57,10.54,50.72,38.29,166.96,169.91,171.08,161.72
1486,21,Side,23.1,14.85,50.89,42.03,157.66,169.52,149.13,161.59
1486,22,Side,27.47,21.4,52.09,46.15,155.1,168.46,151.62,164.83
1486,23,Side,31.83,29.53,53.26,51.08,154.35,167.4,155.2,168.12
1486,24,Side,36.11,35.84,56.38,55.52,153.54,165.26,157.08,169.4
1486,25,Side,41.52,44.93,56.71,59.75,153.27,165.85,160.48,173.43
1486,26,Side,46.16,47.94,62.72,65.04,151.41,165.98,164.0,178.03
1486,27,Side,53.8,59.11,79.63,87.29,148.06,164.78,162.64,177.01
1486,28,Side,61.29,74.01,98.83,116.57,144.56,165.28,161.05,176.77
1486,29,Side,71.21,93.35,122.86,151.82,140.52,162.71,157.9,173.27
1486,30,Side,78.44,109.2,146.06,174.72,138.3,163.08,156.63,172.94
1486,31,Side,91.98,125.27,173.09,143.29,133.29,160.7,152.62,169.7
1486,32,Side,91.74,118.29,170.27,152.14,132.3,160.49,152.55,169.7
1487,1,Side,,67.7,155.98,155.98,,160.61,,162.54
1487,2,Side,,67.36,156.87,156.87,,161.21,,163.14
1487,3,Side,,68.45,159.14,159.14,,161.27,,162.37
1487,4,Side,,66.95,157.64,157.64,,162.14,,163.32
1487,5,Side,,66.01,157.27,157.27,,163.05,,163.58
1487,6,Side,,65.35,154.54,154.54,,163.15,,164.2
1487,7,Side,,64.3,154.14,154.14,,164.42,,164.06
1487,8,Side,,62.02,150.3,150.3,,164.35,,164.06
1487,9,Side,,61.96,149.9,149.9,,165.29,,164.26
1487,10,Side,,61.46,148.31,148.31,,165.9,,166.19
1487,11,Side,,60.91,145.16,145.16,,165.32,,166.26
1487,12,Side,,59.24,143.23,143.23,,166.87,,167.68
1487,13,Side,,55.89,138.31,138.31,,167.5,,167.64
1487,14,Side,,52.31,131.78,131.78,,168.65,,168.0
1487,15,Side,,48.75,126.72,126.72,,169.28,,167.96
1487,16,Side,,46.82,122.91,122.91,,169.58,,167.42
1487,17,Side,,42.94,116.99,116.99,,163.89,,154.26
1487,18,Side,,38.83,112.17,112.17,,168.95,,168.82
1487,19,Side,,36.27,110.26,110.26,,169.78,,168.27
1487,20,Side,,33.82,109.85,109.85,,170.96,,168.18
1487,21,Side,,31.78,109.01,109.01,,172.16,,166.84
1487,22,Side,,28.1,105.34,105.34,,172.95,,167.61
1487,23,Side,,24.06,101.81,101.81,,169.24,,157.86
1487,24,Side,,22.64,103.08,103.08,,176.27,,164.89
1487,25,Side,,18.96,99.78,99.78,,177.92,,162.13
1487,26,Side,,16.37,98.02,98.02,,177.27,,160.72
1487,27,Side,,11.52,89.54,89.54,,174.16,,160.56
1487,28,Side,,10.3,43.02,90.99,,177.71,,160.01
1487,29,Side,,7.2,43.98,89.15,,177.06,,159.21
1487,30,Side,,4.91,43.64,86.3,,176.61,,158.65
1487,31,Side,,2.12,41.39,82.42,,175.01,,157.47
1487,32,Side,,4.76,42.27,89.29,,178.37,,158.1
1487,33,Side,,3.03,42.16,87.56,,178.99,,158.86
1487,34,Side,,1.01,41.37,86.14,,179.15,,159.98
1487,35,Side,,0.29,40.69,85.3,,179.05,,160.11
1487,36,Side,,0.29,40.69,85.3,,179.05,,160.11
1487,37,Side,,0.29,40.69,85.3,,179.05,,160.78
1487,38,Side,,0.29,40.69,85.3,,179.05,,160.78
1487,39,Side,,0.29,40.69,85.3,,179.05,,164.32
1487,40,Side,,0.32,40.69,85.3,,179.71,,163.69
1487,41,Side,,4.76,38.1,76.33,,175.82,,163.69
1487,42,Side,,4.76,38.1,76.33,,175.82,,163.69
1487,43,Side,,6.13,38.1,75.31,,175.82,,163.77
1487,44,Side,,6.13,38.1,75.31,,175.92,,163.78
1487,45,Side,,6.13,38.1,75.31,,175.92,,163.78
1487,46,Side,,6.13,38.1,75.31,,175.92,,163.78
1487,47,Side,,6.13,38.1,75.31,,174.79,,160.57
1487,48,Side,,6.13,38.1,75.31,,174.79,,160.57
1487,49,Side,,6.13,38.1,75.31,,174.79,,160.57
1487,50,Side,,5.53,38.1,75.31,,173.59,,159.96
1487,51,Side,,4.17,38.1,79.29,,173.59,,159.96
1487,52,Side,,4.17,37.21,79.29,,173.59,,159.96
1487,53,Side,,4.17,37.21,79.29,,173.59,,159.96
1487,54,Side,,4.17,37.21,79.29,,173.59,,159.96
1487,55,Side,,4.17,37.21,79.29,,173.59,,159.96
1487,56,Side,,4.76,37.88,76.68,,174.18,,159.96
1487,57,Side,,3.37,37.88,79.2,,174.18,,159.96
1487,58,Side,,3.38,37.42,79.23,,174.23,,159.96
1487,59,Side,,3.38,37.42,79.23,,174.84,,161.33
1487,60,Side,,3.38,37.42,79.23,,174.84,,161.33
1487,61,Side,,1.43,37.42,79.23,,164.58,,155.88
1487,62,Side,,2.78,37.42,79.23,,173.63,,160.72
1487,63,Side,,1.35,37.21,80.33,,173.63,,160.72
1487,64,Side,,1.35,37.21,80.33,,173.63,,160.72
1487,65,Side,,1.42,37.21,78.76,,173.63,,160.72
1487,66,Side,,3.95,37.21,78.76,,162.2,,154.67
1487,67,Side,,3.95,37.21,78.76,,162.2,,154.67
1487,68,Side,,3.95,37.21,78.76,,162.2,,154.67
1487,69,Side,,0.79,36.99,78.83,,172.46,,160.12
1487,70,Side,,0.79,36.99,78.83,,172.46,,160.12
1487,71,Side,,4.62,36.99,78.83,,161.61,,155.33
1487,72,Side,,4.62,36.99,78.83,,161.61,,155.33
1487,73,Side,,4.55,36.76,77.27,,161.61,,155.33
1487,74,Side,,5.35,37.45,78.66,,162.19,,155.33
1487,75,Side,,5.35,37.45,78.66,,162.19,,155.42
1487,76,Side,,5.34,37.45,78.66,,162.02,,155.24
1487,77,Side,,5.92,37.45,78.66,,160.83,,154.63
1487,78,Side,,5.92,37.45,78.66,,163.77,,160.0
1487,79,Side,,5.92,37.45,78.66,,163.77,,160.0
1487,80,Side,,6.5,37.22,78.66,,162.59,,159.4
1487,81,Side,,6.5,37.22,78.66,,162.59,,159.4
1487,82,Side,,6.5,37.22,78.66,,162.59,,159.4
1487,83,Side,,6.5,37.22,78.66,,162.59,,159.4
1487,84,Side,,7.08,37.22,78.66,,162.02,,160.09
1487,85,Side,,8.46,37.22,79.63,,162.02,,160.09
1487,86,Side,,8.63,37.47,79.77,,161.99,,160.09
1487,87,Side,,9.46,38.18,81.18,,162.57,,159.4
1487,88,Side,,5.01,38.48,82.8,,174.66,,166.11
1487,89,Side,,6.19,38.98,82.48,,171.94,,161.57
1487,90,Side,,7.58,38.53,83.86,,174.07,,166.25
1487,91,Side,,9.26,85.55,85.55,,171.81,,162.17
1487,92,Side,,11.03,86.45,86.45,,171.82,,161.57
1487,93,Side,,13.7,89.08,89.08,,169.97,,159.11
1487,94,Side,,20.35,99.47,99.47,,173.4,,159.45
1487,95,Side,,22.76,100.65,100.65,,171.13,,159.0
1487,96,Side,,26.15,102.04,102.04,,170.36,,158.94
1487,97,Side,,27.12,99.2,99.2,,163.83,,158.15
1487,98,Side,,31.23,103.31,103.31,,163.02,,158.63
1487,99,Side,,34.76,106.75,106.75,,161.59,,159.74
1487,100,Side,,37.6,111.87,111.87,,165.1,,163.7
1487,101,Side,,41.09,117.84,117.84,,165.31,,164.78
1487,102,Side,,42.33,120.57,120.57,,165.95,,165.75
1487,103,Side,,46.36,127.2,127.2,,167.16,,167.22
1487,104,Side,,48.54,130.45,130.45,,167.79,,168.75
1487,105,Side,,51.84,135.14,135.14,,167.19,,168.95
1487,106,Side,,52.88,136.11,136.11,,166.29,,168.68
1487,107,Side,,60.02,121.84,142.28,,156.42,,163.75
1487,108,Side,,63.6,117.83,148.4,,154.77,,162.61
1487,109,Side,,63.71,131.78,148.95,,155.13,,162.09
1487,110,Side,,66.22,131.36,153.49,,155.38,,162.63
1487,111,Side,,65.12,126.46,158.09,,164.86,,169.09
1487,112,Side,,66.88,127.7,160.42,,163.75,,170.58
1487,113,Side,,70.17,120.0,168.17,,165.25,,172.32
1488,1,Side,23.42,,160.55,155.81,178.17,,146.69,
1488,2,Side,23.23,,161.05,155.85,177.43,,146.69,
1488,3,Side,23.53,,161.89,154.7,177.53,,146.02,
1488,4,Side,23.21,,162.82,154.1,175.89,,145.79,
1488,5,Side,21.84,,160.35,154.1,176.49,,144.51,
1488,6,Side,20.91,,158.69,152.88,176.12,,143.76,
1488,7,Side,19.95,,156.81,152.49,177.13,,144.31,
1488,8,Side,19.59,,154.5,150.6,179.18,,142.71,
1488,9,Side,15.76,,144.25,149.32,178.88,,141.96,
1488,10,Side,14.0,,139.1,73.88,177.05,,141.07,
1488,11,Side,9.29,,133.46,69.58,179.17,,142.58,
1488,12,Side,4.32,,126.78,64.97,173.75,,146.09,
1488,13,Side,1.25,,117.17,57.6,171.03,,147.9,
1488,14,Side,8.19,,108.33,51.37,162.27,,153.62,
1488,15,Side,12.94,,103.16,46.92,154.07,,159.22,
1488,16,Side,18.41,,97.73,97.73,145.44,,166.48,
1488,17,Side,25.58,,88.91,88.91,137.39,,175.23,
1488,18,Side,30.83,,89.6,89.6,124.55,,179.73,
1488,19,Side,36.41,,86.06,86.06,118.14,,174.52,
1488,20,Side,38.44,,83.0,83.0,116.81,,173.97,
1488,21,Side,36.3,,78.96,78.96,122.12,,175.83,
1488,22,Side,38.32,,80.21,80.21,115.16,,170.77,
1488,23,Side,38.69,,81.44,81.44,113.16,,169.84,
1488,24,Side,35.35,,85.88,85.88,114.1,,172.05,
1488,25,Side,34.33,,87.88,87.88,115.63,,172.87,
1488,26,Side,32.86,,89.15,89.15,117.33,,174.37,
1488,27,Side,30.55,,92.15,92.15,119.67,,176.82,
1488,28,Side,28.49,,93.43,93.43,121.5,,177.62,
1488,29,Side,28.18,,96.56,96.56,121.9,,179.28,
1488,30,Side,24.34,,98.2,98.2,125.96,,178.87,
1488,31,Side,23.63,,100.61,41.63,127.46,,176.91,
1488,32,Side,20.47,,103.19,44.3,129.23,,176.75,
1488,33,Side,20.28,,98.71,39.82,136.02,,175.48,
1488,34,Side,17.42,,100.48,41.09,138.76,,175.27,
1488,35,Side,16.98,,101.59,43.0,140.27,,173.38,
1488,36,Side,15.16,,102.55,43.97,143.1,,172.27,
1488,37,Side,12.99,,104.91,45.71,146.4,,169.48,
1488,38,Side,11.64,,106.92,47.21,147.53,,170.01,
1488,39,Side,9.21,,110.0,49.29,150.75,,167.25,
1488,40,Side,7.34,,111.94,50.82,153.18,,166.2,
1488,41,Side,5.67,,112.16,52.07,158.65,,159.63,
1488,42,Side,3.58,,114.33,53.75,162.08,,154.54,
1488,43,Side,0.83,,117.37,55.91,165.03,,153.27,
1488,44,Side,2.13,,123.64,59.18,167.12,,151.4,
1488,45,Side,6.33,,130.9,63.2,169.77,,150.16,
1488,46,Side,12.65,,141.71,69.13,172.09,,147.7,
1488,47,Side,15.92,,147.25,72.52,174.0,,150.6,
1488,48,Side,17.51,,152.34,76.54,175.29,,144.07,
1488,49,Side,22.39,,154.76,156.32,174.85,,137.85,
1489,1,Side,64.26,,167.45,167.45,173.91,,142.11,
1489,2,Side,60.86,,159.01,159.01,175.44,,142.65,
1489,3,Side,54.9,,148.49,148.49,177.7,,140.68,
1489,4,Side,58.72,,145.86,145.86,172.95,,138.95,
1489,5,Side,57.78,,146.5,146.5,169.12,,137.49,
1489,6,Side,54.65,,141.87,141.87,168.08,,137.18,
1489,7,Side,51.95,,137.05,137.05,170.74,,142.88,
1489,8,Side,47.77,,136.17,136.17,172.09,,147.36,
1489,9,Side,45.55,,135.84,135.84,174.62,,154.06,
1489,10,Side,39.21,,128.88,128.88,176.94,,163.72,
1489,11,Side,42.19,,136.03,136.03,178.8,,163.39,
1489,12,Side,37.72,,132.4,132.4,176.29,,168.57,
1489,13,Side,35.77,,130.15,130.15,176.11,,167.58,
1489,14,Side,20.2,,112.22,112.22,177.8,,168.76,
1489,15,Side,18.59,,107.15,107.15,178.47,,167.71,
1489,16,Side,12.61,,104.51,104.51,178.09,,167.83,
1489,17,Side,14.95,,106.86,106.86,179.14,,167.64,
1489,18,Side,18.59,,111.06,111.06,178.33,,167.64,
1489,19,Side,19.75,,114.41,114.41,178.47,,167.61,
1489,20,Side,23.16,,118.45,118.45,178.72,,165.34,
1489,21,Side,25.9,,123.48,123.48,176.61,,164.83,
1489,22,Side,31.63,,127.06,127.06,179.12,,162.4,
1489,23,Side,34.7,,130.6,130.6,179.42,,163.62,
1489,24,Side,37.33,,134.58,134.58,179.4,,163.62,
1489,25,Side,41.09,,137.03,137.03,178.36,,164.8,
1489,26,Side,39.94,,136.55,136.55,177.69,,161.73,
1489,27,Side,46.22,,143.13,143.13,177.66,,152.51,
1489,28,Side,50.4,,148.43,148.43,176.15,,149.0,
1489,29,Side,53.65,,150.55,150.55,177.39,,144.61,
1489,30,Side,55.67,,153.9,153.9,175.94,,142.97,
1489,31,Side,57.86,,159.01,159.01,172.57,,139.22,
1489,32,Side,58.69,,157.73,157.73,173.04,,139.42,
1489,33,Side,60.56,,156.51,156.51,178.04,,137.35,
1489,34,Side,62.31,,158.1,158.1,178.46,,135.99,
1490,1,Side,76.73,60.53,129.03,166.02,159.98,178.69,173.17,166.18
1490,2,Side,81.16,64.26,120.34,171.31,158.75,179.03,172.37,166.11
1490,3,Side,80.89,63.68,119.05,170.97,160.37,179.38,172.87,167.21
1490,4,Side,78.62,60.42,122.09,165.7,159.82,177.84,172.87,168.18
1490,5,Side,71.29,52.78,133.56,154.65,161.15,176.2,172.9,168.44
1490,6,Side,68.93,50.01,149.31,149.31,159.5,176.0,171.56,169.44
1490,7,Side,66.42,46.5,146.16,146.16,159.7,174.31,170.0,168.91
1490,8,Side,60.95,41.56,139.06,139.06,159.23,175.0,169.09,169.09
1490,9,Side,53.17,33.41,128.17,128.17,159.01,174.56,169.15,168.72
1490,10,Side,42.47,22.33,115.77,115.77,158.6,174.12,168.38,168.41
1490,11,Side,1.8,11.8,30.65,103.47,156.95,173.67,165.64,168.99
1490,12,Side,0.61,4.53,45.0,96.62,170.92,172.96,169.1,169.7
1490,13,Side,0.97,0.37,40.57,92.68,166.71,171.16,167.44,169.63
1490,14,Side,2.94,5.38,29.18,87.67,157.87,170.35,166.62,170.41
1490,15,Side,4.72,8.73,28.42,85.87,157.87,170.35,165.84,169.49
1490,16,Side,8.95,14.04,81.52,81.52,157.63,168.6,164.71,169.27
1490,17,Side,24.94,3.56,98.16,98.16,157.66,171.64,165.77,169.06
1490,18,Side,42.38,21.68,118.5,118.5,158.09,174.33,166.54,165.84
1490,19,Side,51.07,31.33,128.76,128.76,159.04,174.56,167.67,167.86
1490,20,Side,57.72,38.67,134.85,134.85,160.67,174.8,170.26,169.51
1490,21,Side,61.16,43.71,141.14,141.14,162.26,176.51,172.28,169.71
1490,22,Side,66.9,48.81,148.74,148.74,160.53,176.85,172.1,169.65
1490,23,Side,68.42,51.29,150.88,150.88,159.96,178.05,172.25,169.51
1490,24,Side,72.47,55.68,157.37,157.37,160.12,177.12,172.5,172.96
1490,25,Side,75.15,59.31,162.03,162.03,159.9,178.74,173.16,175.64
1490,26,Side,78.84,62.71,120.8,167.33,159.47,179.47,174.17,174.77
1490,27,Side,79.05,62.92,121.66,167.79,157.86,179.91,172.1,171.67
1490,28,Side,78.84,63.04,123.96,167.91,158.24,178.73,174.13,172.48
1490,29,Side,80.78,64.93,122.57,171.26,156.26,177.5,172.9,172.27
1490,30,Side,82.35,66.54,121.95,172.94,155.93,176.89,173.5,173.54
1491,1,Side,50.46,153.07,176.94,153.86,175.23,70.31,156.98,145.39
1491,2,Side,49.75,152.73,175.41,153.51,176.11,70.56,157.85,145.63
1491,3,Side,48.41,152.25,172.49,153.84,176.11,69.83,156.91,144.45
1491,4,Side,47.16,151.61,169.8,152.45,175.23,69.59,154.15,142.31
1491,5,Side,46.13,148.57,167.66,151.46,177.23,67.53,155.91,142.31
1491,6,Side,44.26,149.64,164.67,151.39,176.97,68.21,153.46,139.9
1491,7,Side,43.89,147.4,162.02,149.94,176.01,66.73,152.52,138.73
1491,8,Side,44.07,144.21,160.76,148.56,176.18,65.17,153.43,138.96
1491,9,Side,42.31,136.61,145.61,72.61,170.36,62.09,152.5,138.53
1491,10,Side,36.62,118.0,134.01,66.25,171.4,75.93,152.97,138.88
1491,11,Side,37.03,116.66,134.68,65.09,171.14,78.08,151.59,138.16
1491,12,Side,32.82,106.56,132.76,64.46,175.79,88.52,149.71,136.18
1491,13,Side,32.18,108.13,126.08,60.65,174.99,84.72,148.9,134.59
1491,14,Side,27.53,100.69,114.75,54.64,175.21,88.07,146.73,132.75
1491,15,Side,25.57,95.38,110.36,52.0,175.93,93.22,138.58,125.67
1491,16,Side,23.7,90.22,106.69,106.69,172.07,101.06,159.01,138.66
1491,17,Side,24.06,86.08,106.82,106.82,173.34,107.94,130.2,126.83
1491,18,Side,23.86,74.31,105.54,105.54,169.83,119.79,129.37,129.78
1491,19,Side,22.36,69.41,103.55,103.55,172.53,120.34,132.42,127.29
1491,20,Side,21.84,158.79,100.33,128.46,173.2,150.88,135.08,130.72
1491,21,Side,21.1,163.23,96.14,120.14,172.19,152.35,141.93,136.7
1491,22,Side,21.99,165.45,93.8,119.1,169.31,151.57,138.19,133.18
1491,23,Side,22.19,168.73,92.88,108.95,168.53,152.01,143.82,138.77
1491,24,Side,23.68,167.48,95.06,115.16,167.47,154.17,144.17,140.21
1491,25,Side,23.48,159.0,93.78,121.2,166.2,156.7,142.14,137.65
1491,26,Side,24.33,171.41,95.76,48.08,166.47,152.56,142.41,137.65
1491,27,Side,24.89,172.08,96.89,47.35,166.57,153.12,145.35,141.08
1491,28,Side,25.78,173.6,99.02,46.11,167.28,153.82,144.01,140.31
1491,29,Side,26.31,169.88,100.1,48.7,166.34,154.95,144.93,142.79
1491,30,Side,27.19,170.23,102.22,48.39,170.15,156.85,151.4,147.9
1491,31,Side,27.65,169.7,103.77,48.62,170.97,157.67,152.3,149.35
1491,32,Side,28.56,163.52,106.24,53.33,164.76,156.35,135.55,137.44
1491,33,Side,28.9,159.18,107.91,56.59,165.35,157.58,135.64,138.16
1491,34,Side,29.45,34.88,110.15,94.73,166.57,141.34,136.15,131.76
1491,35,Side,29.67,36.64,111.85,96.41,165.33,138.41,134.51,129.99
1491,36,Side,30.38,38.69,112.66,34.74,164.25,136.52,133.33,128.31
1491,37,Side,32.02,39.61,114.94,34.89,161.04,136.91,130.55,127.79
1491,38,Side,32.87,36.67,116.81,36.62,160.13,145.5,128.61,131.71
1491,39,Side,34.69,39.45,119.38,38.97,161.02,144.32,131.47,133.24
1491,40,Side,35.05,44.54,120.75,41.66,161.24,139.67,136.0,136.37
1491,41,Side,36.02,89.37,122.86,55.51,159.59,106.71,133.96,134.42
1491,42,Side,35.05,93.3,123.59,57.1,160.37,101.68,130.44,129.99
1491,43,Side,35.62,93.85,128.18,60.94,161.34,102.95,129.1,128.94
1491,44,Side,37.41,100.18,133.32,64.39,160.25,97.99,127.13,127.64
1491,45,Side,39.42,110.62,140.71,69.31,161.46,89.29,126.49,125.52
1491,46,Side,41.72,124.38,144.52,71.95,171.03,79.91,148.8,140.35
1491,47,Side,46.37,130.17,153.76,76.95,173.04,78.57,153.89,143.23
1491,48,Side,47.48,134.06,158.33,79.47,175.83,75.17,158.9,144.82
1491,49,Side,49.29,147.27,163.66,144.29,179.15,72.49,165.33,147.45
1491,50,Side,47.78,151.14,166.78,150.68,177.11,72.36,168.14,148.8
1491,51,Side,49.51,151.74,171.94,152.32,176.12,70.9,169.56,148.57
1491,52,Side,50.48,150.86,175.56,152.91,176.12,69.64,169.56,148.11
1491,53,Side,53.57,143.03,178.31,147.12,177.16,63.93,169.56,146.76
1491,54,Side,53.54,143.13,179.78,147.89,175.04,62.99,171.55,147.21
1491,55,Side,54.05,143.13,178.58,147.89,175.38,62.77,170.96,146.74
1491,56,Side,55.81,143.13,174.27,147.89,178.45,62.12,163.61,141.82
1492,1,Front/Back,180.0,180.0,180.0,152.72,,,,
1492,2,Front/Back,180.0,180.0,180.0,161.83,,,,
1492,3,Front/Back,155.87,162.98,155.87,136.82,,,,
1492,4,Front/Back,148.58,154.37,148.58,132.21,,,,
1492,5,Front/Back,146.06,145.09,136.58,116.41,,,,
1492,6,Front/Back,132.74,137.07,132.74,107.31,,,,
1492,7,Front/Back,118.75,126.3,126.04,89.12,,,,
1492,8,Front/Back,107.25,128.7,125.92,92.66,,,,
1492,9,Front/Back,96.77,125.49,123.99,87.08,,,,
1492,10,Front/Back,99.94,119.46,132.5,89.7,,,,
1492,11,Front/Back,109.78,130.0,142.85,101.76,,,,
1492,12,Front/Back,150.8,135.3,180.0,112.27,,,,
1492,13,Front/Back,157.97,135.3,179.99,115.36,,,,
1492,14,Front/Back,168.96,128.14,179.99,96.86,,,,
1492,15,Front/Back,168.76,121.87,180.0,127.77,,,,
1492,16,Front/Back,179.97,179.97,179.97,179.97,,,,
1492,17,Front/Back,146.55,155.25,157.57,148.39,,,,
1492,18,Front/Back,125.34,143.27,146.41,130.0,,,,
1492,19,Front/Back,117.56,103.21,148.49,114.75,,,,
1492,20,Front/Back,110.55,98.74,142.45,108.25,,,,
1492,21,Front/Back,116.94,110.79,143.62,106.3,,,,
1492,22,Front/Back,109.45,93.95,161.79,108.14,,,,
1492,23,Front/Back,100.68,102.05,137.43,117.07,,,,
1492,24,Front/Back,118.38,115.08,146.76,116.17,,,,
1492,25,Front/Back,133.39,128.82,160.73,118.04,,,,
1492,26,Front/Back,142.24,158.26,163.47,131.91,,,,
1493,1,Side,56.22,,166.75,160.95,163.57,,159.97,
1493,2,Side,53.3,,162.01,163.06,163.42,,158.95,
1493,3,Side,53.0,,160.88,163.54,162.17,,158.33,
1493,4,Side,51.27,,157.72,166.79,161.04,,155.97,
1493,5,Side,49.42,,152.81,167.49,160.19,,155.37,
1493,6,Side,47.37,,148.39,165.29,159.77,,155.02,
1493,7,Side,45.06,,144.29,164.75,158.38,,154.28,
1493,8,Side,40.23,,139.4,168.94,160.96,,155.17,
1493,9,Side,37.68,,134.65,169.8,164.63,,160.63,
1493,10,Side,36.31,,133.95,102.31,164.27,,155.3,
1493,11,Side,32.81,,126.09,95.61,163.75,,155.8,
1493,12,Side,32.23,,124.93,94.63,163.75,,154.69,
1493,13,Side,34.55,,125.92,98.13,163.67,,154.69,
1493,14,Side,32.34,,121.75,94.63,163.65,,153.25,
1493,15,Side,29.64,,117.78,91.02,161.48,,151.86,
1493,16,Side,26.95,,113.19,87.21,160.42,,150.42,
1493,17,Side,24.35,,108.93,83.46,160.92,,150.77,
1493,18,Side,21.81,,107.47,80.79,164.48,,153.11,
1493,19,Side,19.1,,103.65,77.13,166.9,,153.78,
1493,20,Side,15.33,,98.92,72.65,170.07,,156.32,
1493,21,Side,12.5,,97.54,97.54,172.91,,160.29,
1493,22,Side,8.81,,91.03,91.03,177.6,,163.82,
1493,23,Side,6.72,,85.61,85.61,177.95,,159.6,
1493,24,Side,3.95,,82.37,82.37,177.97,,159.04,
1493,25,Side,0.18,,76.41,76.41,177.85,,159.94,
1493,26,Side,1.45,,75.72,75.72,178.96,,160.99,
1493,27,Side,0.04,,78.14,78.14,178.56,,158.09,
1493,28,Side,0.48,,78.95,71.4,178.12,,156.99,
1493,29,Side,5.64,,75.29,65.9,176.69,,154.36,
1493,30,Side,8.47,,73.65,64.39,178.74,,159.62,
1493,31,Side,12.53,,68.82,77.88,179.26,,160.52,
1493,32,Side,16.95,,65.45,79.88,175.06,,153.53,
1493,33,Side,15.82,,66.37,76.47,177.35,,155.18,
1493,34,Side,16.81,,61.44,74.44,178.0,,155.83,
1493,35,Side,18.67,,58.05,72.41,178.77,,162.13,
1493,36,Side,20.3,,56.04,69.96,178.4,,162.71,
1493,37,Side,19.8,,57.57,70.71,177.18,,161.16,
1493,38,Side,18.84,,58.58,69.9,177.87,,159.92,
1493,39,Side,19.3,,62.67,73.16,177.34,,158.44,
1493,40,Side,20.34,,61.12,72.63,179.72,,151.91,
1493,41,Side,19.36,,62.1,73.2,178.32,,149.85,
1493,42,Side,17.96,,63.93,75.72,177.09,,149.02,
1493,43,Side,16.97,,65.16,76.89,177.53,,151.26,
1493,44,Side,15.43,,68.0,79.6,178.72,,153.31,
1493,45,Side,12.91,,70.11,84.75,176.44,,152.04,
1493,46,Side,12.38,,71.33,71.33,177.65,,153.43,
1493,47,Side,10.38,,72.89,72.89,176.17,,152.6,
1493,48,Side,8.96,,74.96,74.96,174.28,,151.13,
1493,49,Side,7.38,,76.54,76.54,173.78,,150.88,
1493,50,Side,1.56,,85.39,85.39,171.64,,149.38,
1493,51,Side,0.63,,88.52,88.52,171.48,,151.29,
1493,52,Side,3.75,,92.47,92.47,172.3,,152.61,
1493,53,Side,6.67,,92.74,92.74,173.19,,153.95,
1493,54,Side,8.99,,96.0,96.0,172.02,,153.49,
1493,55,Side,12.54,,101.15,59.59,176.92,,161.74,
1493,56,Side,11.54,,99.0,56.96,175.57,,163.73,
1493,57,Side,16.49,,100.94,63.16,178.53,,167.98,
1493,58,Side,23.11,,112.39,73.97,176.64,,169.37,
1493,59,Side,26.57,,115.91,77.61,176.0,,171.44,
1493,60,Side,27.1,,120.38,83.42,174.19,,174.09,
1493,61,Side,28.64,,122.92,85.88,173.74,,175.6,
1493,62,Side,31.5,,125.77,91.83,175.34,,174.76,
1493,63,Side,33.32,,130.14,94.83,179.95,,166.31,
1493,64,Side,36.61,,133.16,166.34,177.56,,164.98,
1493,65,Side,40.72,,136.15,173.61,175.49,,163.63,
1493,66,Side,45.7,,139.35,167.29,172.85,,161.63,
1493,67,Side,48.91,,145.26,164.05,172.14,,163.14,
1493,68,Side,51.97,,148.71,166.72,171.58,,163.93,
1493,69,Side,53.98,,152.46,165.57,170.07,,165.54,
1493,70,Side,57.89,,159.81,173.4,168.96,,172.77,
1493,71,Side,57.53,,163.47,173.72,166.9,,175.28,
1493,72,Side,59.96,,165.81,165.75,167.84,,175.03,
1493,73,Side,63.36,,171.25,159.29,165.2,,165.26,
1493,74,Side,62.72,,171.76,157.02,160.05,,162.98,
1494,1,Side,61.97,91.07,164.67,164.67,176.49,125.54,173.95,153.41
1494,2,Side,58.86,86.51,157.62,157.62,176.1,128.81,171.5,154.18
1494,3,Side,59.56,86.55,155.23,155.23,177.94,132.61,173.93,156.96
1494,4,Side,57.98,84.41,149.29,149.29,176.05,132.3,173.75,157.82
1494,5,Side,57.04,80.49,144.56,144.56,175.82,137.98,173.95,161.08
1494,6,Side,48.35,69.21,129.95,129.95,173.95,139.34,173.23,160.5
1494,7,Side,44.55,64.02,123.3,123.3,173.4,142.64,171.54,162.04
1494,8,Side,43.9,64.52,123.38,123.38,175.01,144.25,167.51,160.9
1494,9,Side,38.0,61.01,116.06,116.06,178.79,143.27,169.73,160.67
1494,10,Side,29.36,51.66,101.39,101.39,176.69,140.45,170.62,158.61
1494,11,Side,26.28,47.14,97.68,97.68,178.75,145.08,171.7,160.3
1494,12,Side,24.32,45.17,97.63,97.63,176.77,149.56,171.77,161.27
1494,13,Side,15.86,35.93,85.15,85.15,179.23,149.17,169.89,161.04
1494,14,Side,11.42,12.53,81.37,45.7,174.49,149.7,172.0,161.59
1494,15,Side,8.23,4.07,79.55,66.22,174.45,162.51,176.32,161.54
1494,16,Side,0.2,8.78,69.51,63.85,173.89,166.68,176.37,163.33
1494,17,Side,0.66,15.64,69.11,57.44,174.73,169.72,174.38,166.33
1494,18,Side,1.37,15.15,72.63,57.44,173.7,168.23,173.51,164.89
1494,19,Side,2.07,14.66,76.24,57.27,170.46,166.38,175.89,163.53
1494,20,Side,0.29,11.04,71.51,59.89,173.95,165.58,175.43,162.71
1494,21,Side,3.96,5.83,74.63,64.86,173.93,165.19,175.39,161.82
1494,22,Side,11.64,15.32,80.51,38.97,176.62,149.64,173.57,162.26
1494,23,Side,16.77,38.52,87.71,87.71,176.21,149.05,173.99,162.35
1494,24,Side,18.86,39.93,89.1,89.1,176.16,151.11,174.43,165.13
1494,25,Side,24.09,45.97,96.01,96.01,176.8,148.93,174.84,164.36
1494,26,Side,26.04,51.88,100.06,100.06,174.8,143.61,176.81,162.97
1494,27,Side,31.81,58.82,106.59,106.59,178.3,138.85,172.38,159.01
1494,28,Side,34.37,59.66,113.0,113.0,175.7,141.99,176.65,160.79
1494,29,Side,38.6,64.95,117.93,117.93,177.61,137.52,177.55,159.79
1494,30,Side,43.08,71.7,126.78,126.78,177.74,134.0,177.3,158.42
1494,31,Side,47.06,76.38,135.0,135.0,177.94,132.99,177.24,158.22
1494,32,Side,53.19,84.74,142.82,142.82,179.9,128.58,176.64,157.72
1494,33,Side,57.55,87.26,147.4,147.4,177.45,130.09,175.58,159.01
1494,34,Side,60.48,91.74,148.99,148.99,177.13,126.92,176.84,158.22
1494,35,Side,61.68,92.2,153.88,153.88,175.68,127.87,175.86,159.04
1494,36,Side,61.54,92.02,156.17,156.17,176.96,130.18,175.89,161.29
1494,37,Side,64.77,95.69,161.47,161.47,176.96,129.95,175.89,161.99
1495,1,Side,129.26,79.1,138.57,178.97,122.13,148.69,171.15,157.35
1495,2,Side,128.02,77.49,139.2,176.48,123.26,148.99,171.67,156.86
1495,3,Side,126.87,76.4,139.76,173.91,124.29,148.34,172.39,155.93
1495,4,Side,124.73,74.4,141.97,170.98,125.16,148.25,173.25,155.1
1495,5,Side,123.3,73.21,143.45,168.28,125.74,147.61,173.12,154.27
1495,6,Side,121.81,71.92,144.97,165.81,126.78,147.52,174.24,153.68
1495,7,Side,120.12,69.87,147.06,161.64,127.42,146.94,174.95,153.35
1495,8,Side,118.37,67.9,149.16,158.2,128.62,146.63,176.15,152.31
1495,9,Side,121.16,66.74,144.62,155.85,129.17,146.03,176.09,151.83
1495,10,Side,120.62,64.91,145.46,152.24,130.07,145.68,177.92,151.65
1495,11,Side,81.78,63.11,148.33,148.33,131.06,145.73,178.15,151.93
1495,12,Side,79.38,61.72,145.92,145.92,132.9,145.78,178.23,151.24
1495,13,Side,76.41,59.73,142.06,142.06,134.18,146.02,177.71,151.1
1495,14,Side,73.41,58.05,139.39,139.39,136.92,146.43,178.86,151.31
1495,15,Side,71.36,56.74,137.08,137.08,139.34,146.95,179.76,151.15
1495,16,Side,67.64,52.44,132.76,132.76,140.98,149.91,178.7,153.02
1495,17,Side,64.81,49.83,128.26,128.26,141.52,150.49,177.96,154.27
1495,18,Side,61.57,46.74,123.08,123.08,142.1,150.75,177.45,154.44
1495,19,Side,58.38,43.7,119.76,119.76,143.26,151.78,176.56,154.78
1495,20,Side,54.85,40.35,116.41,116.41,144.59,153.44,176.21,155.45
1495,21,Side,51.18,36.69,111.75,111.75,139.34,153.44,173.36,155.14
1495,22,Side,47.76,33.92,108.91,108.91,141.49,153.65,174.63,154.49
1495,23,Side,43.71,31.09,106.48,106.48,143.84,153.59,175.46,154.31
1495,24,Side,43.32,30.07,108.57,108.57,143.66,154.11,176.38,154.44
1495,25,Side,37.94,27.44,105.87,105.87,153.1,155.95,177.19,155.76
1495,26,Side,36.21,24.81,102.62,102.62,151.66,156.2,177.62,155.64
1495,27,Side,34.59,22.66,99.8,99.8,150.37,156.8,178.06,156.4
1495,28,Side,32.1,20.03,95.78,95.78,145.3,155.07,177.78,155.12
1495,29,Side,30.16,17.69,92.26,92.26,143.71,154.28,177.35,155.03
1495,30,Side,27.53,15.15,89.18,89.18,143.69,153.99,178.5,155.91
1495,31,Side,24.11,11.81,84.81,84.81,142.21,152.29,165.91,155.44
1495,32,Side,22.8,10.0,84.12,84.12,142.16,152.95,165.68,155.74
1495,33,Side,21.43,8.39,84.6,84.6,142.56,152.83,166.31,155.17
1495,34,Side,20.19,6.8,81.96,81.96,142.54,153.85,165.62,154.75
1495,35,Side,19.27,5.2,79.92,79.92,142.14,155.21,165.24,155.91
1495,36,Side,48.72,3.79,33.35,80.57,141.57,155.99,164.93,156.23
1495,37,Side,49.4,3.47,33.01,81.18,141.7,156.31,164.16,154.39
1495,38,Side,49.26,3.09,32.98,80.5,141.44,155.93,163.8,154.09
1495,39,Side,50.35,2.65,32.2,80.99,141.9,156.08,164.29,153.7
1495,40,Side,50.06,1.46,32.07,80.2,141.58,156.18,163.99,154.1
1495,41,Side,51.14,1.39,31.81,80.79,142.12,156.04,164.18,154.21
1495,42,Side,50.88,1.39,32.87,82.28,141.98,155.95,163.83,153.83
1495,43,Side,50.74,1.26,32.99,82.92,141.84,155.86,163.45,153.34
1495,44,Side,50.6,0.79,33.85,83.75,142.24,155.55,163.99,152.86
1495,45,Side,51.0,0.21,33.54,83.56,142.09,152.42,163.57,150.45
1495,46,Side,21.63,0.14,87.84,83.64,167.42,151.73,164.1,150.11
1495,47,Side,21.72,0.94,87.77,82.32,170.11,151.91,167.43,150.8
1495,48,Side,22.47,1.06,86.89,80.88,170.82,151.0,167.79,150.37
1495,49,Side,22.88,2.09,86.8,79.63,168.94,151.19,166.65,150.71
1495,50,Side,22.88,2.48,86.49,78.17,169.01,150.57,166.68,150.28
1495,51,Side,23.28,3.39,86.27,76.22,169.51,150.35,167.95,150.19
1495,52,Side,22.89,3.24,86.8,76.78,169.53,149.67,167.91,149.86
1495,53,Side,23.3,3.52,86.7,76.78,169.53,150.41,167.91,150.32
1495,54,Side,24.4,3.45,85.74,76.78,170.3,150.93,167.98,151.27
1495,55,Side,23.72,3.83,86.16,76.13,169.59,150.65,167.5,151.27
1495,56,Side,24.0,4.41,86.16,75.42,170.31,150.7,168.35,151.39
1495,57,Side,24.42,4.41,86.05,75.42,170.31,150.7,168.32,151.39
1495,58,Side,23.87,4.41,86.88,75.42,170.6,150.7,168.58,151.39
1495,59,Side,23.57,4.41,87.01,75.47,169.97,150.7,167.75,151.03
1495,60,Side,24.83,4.41,85.92,75.47,169.97,150.7,167.75,151.03
1495,61,Side,24.83,4.41,85.92,75.47,169.54,150.7,167.28,151.03
1495,62,Side,24.26,4.13,86.46,75.47,169.75,150.42,166.82,151.39
1495,63,Side,24.41,4.13,86.46,75.53,169.03,150.42,166.43,151.39
1495,64,Side,23.98,4.13,86.59,75.53,169.47,150.54,166.86,151.42
1495,65,Side,23.41,4.77,87.45,74.83,169.75,150.99,166.9,152.24
1495,66,Side,24.26,4.77,86.89,75.61,169.32,150.99,165.61,152.24
1495,67,Side,23.82,4.77,87.33,75.61,169.31,150.99,165.37,152.24
1495,68,Side,23.81,4.77,87.02,75.61,169.3,150.99,165.66,151.88
1495,69,Side,24.24,4.41,86.16,76.26,169.3,151.73,165.01,152.7
1495,70,Side,24.09,4.35,87.02,77.57,169.58,150.99,164.6,152.24
1495,71,Side,24.1,4.51,86.72,76.61,169.96,151.03,165.38,152.18
1495,72,Side,24.24,4.22,86.16,77.34,169.23,150.3,164.94,151.73
1495,73,Side,24.66,4.46,85.73,77.11,169.28,152.19,164.96,152.14
1495,74,Side,25.96,4.84,84.42,76.44,169.15,151.5,164.83,151.73
1495,75,Side,25.24,5.09,85.4,76.19,169.72,151.4,164.83,151.64
1495,76,Side,25.53,4.89,85.39,76.93,169.99,149.12,164.83,150.94
1495,77,Side,25.54,5.06,85.08,76.03,169.93,149.04,164.76,150.58
1495,78,Side,25.54,5.06,85.08,76.03,169.93,151.12,164.76,151.64
1495,79,Side,25.07,5.06,85.54,76.03,169.42,151.02,164.2,151.25
1495,80,Side,25.06,4.66,85.54,76.71,169.47,151.3,164.64,151.25
1495,81,Side,26.99,4.74,84.02,76.8,169.68,151.28,164.57,151.15
1495,82,Side,26.38,5.5,84.51,76.77,169.7,151.36,164.15,150.76
1495,83,Side,25.56,6.17,85.04,76.0,168.96,151.78,163.34,151.57
1495,84,Side,26.05,7.78,84.43,74.92,168.96,151.78,163.34,151.57
1495,85,Side,25.07,8.45,85.11,74.57,168.97,151.18,162.92,151.14
1495,86,Side,25.08,8.24,85.11,74.86,168.9,151.25,162.49,151.14
1495,87,Side,28.57,9.19,80.9,74.49,167.99,151.25,162.85,150.74
1495,88,Side,28.57,8.81,80.9,75.16,168.44,151.85,163.71,151.57
1495,89,Side,28.03,9.39,81.15,73.7,168.9,151.87,164.53,151.27
1495,90,Side,28.58,9.39,80.9,73.7,168.83,151.87,164.51,151.27
1495,91,Side,28.59,9.17,81.02,74.1,169.3,151.95,165.33,151.38
1495,92,Side,28.92,9.17,80.4,74.1,168.25,152.04,164.51,150.97
1495,93,Side,29.82,9.82,79.37,74.03,168.24,152.04,164.56,151.08
1495,94,Side,29.82,9.54,79.67,74.03,168.31,151.35,164.58,150.67
1495,95,Side,29.82,10.11,79.67,73.29,168.24,151.37,164.56,150.77
1495,96,Side,29.8,9.52,79.67,74.22,168.74,151.73,165.49,150.77
1495,97,Side,29.55,9.45,79.36,73.55,167.66,152.15,164.56,151.27
1495,98,Side,26.88,9.01,83.39,74.19,169.15,152.45,164.56,151.36
1495,99,Side,27.53,9.67,82.64,73.82,168.42,151.76,163.69,150.95
1495,100,Side,27.54,9.59,82.94,73.82,168.88,151.78,164.56,151.05
1495,101,Side,27.64,9.82,82.44,73.52,168.15,151.61,164.05,150.68
1495,102,Side,27.03,10.05,83.46,73.21,168.51,151.62,164.13,151.16
1495,103,Side,27.03,10.05,83.46,73.21,168.51,151.62,163.66,151.05
1495,104,Side,27.26,10.05,82.94,72.54,168.22,151.62,164.08,150.93
1495,105,Side,28.42,14.7,81.37,71.87,167.48,163.44,163.21,157.71
1495,106,Side,28.42,14.35,81.37,72.53,167.48,163.75,163.21,157.59
1495,107,Side,27.81,14.35,82.41,71.94,168.24,164.15,164.31,157.87
1495,108,Side,28.65,13.98,82.15,72.61,168.97,164.46,164.76,157.87
1495,109,Side,28.36,13.68,81.85,71.93,168.62,162.79,165.16,157.47
1495,110,Side,30.16,13.07,80.22,72.21,169.36,163.15,165.62,157.37
1495,111,Side,29.51,13.07,81.16,72.21,170.11,163.58,166.94,157.81
1495,112,Side,29.22,13.74,81.28,71.54,169.36,163.58,166.48,157.81
1495,113,Side,29.59,13.14,80.8,72.5,169.37,164.38,166.48,158.51
1495,114,Side,29.3,13.13,80.93,72.97,168.56,164.56,165.57,157.63
1495,115,Side,28.47,7.83,81.19,72.97,168.29,149.75,165.69,149.11
1495,116,Side,29.08,7.55,80.17,72.5,167.54,149.75,165.53,151.7
1495,117,Side,27.9,6.88,81.19,73.64,166.34,149.04,164.62,151.59
1495,118,Side,27.96,5.79,80.42,75.01,165.69,148.9,164.25,151.17
1495,119,Side,27.9,5.79,80.89,75.01,166.34,148.47,165.05,150.74
1495,120,Side,26.33,5.17,82.75,75.71,166.18,154.16,164.17,161.54
1495,121,Side,25.2,4.65,84.15,76.15,166.08,147.92,163.8,150.52
1495,122,Side,23.69,2.61,85.66,78.55,165.54,154.09,163.69,161.66
1495,123,Side,27.38,0.99,80.52,80.74,164.74,154.66,164.18,162.13
1495,124,Side,26.98,1.07,81.21,83.23,165.67,154.6,165.0,162.23
1495,125,Side,52.76,2.28,30.86,84.73,140.83,154.88,164.16,162.69
1495,126,Side,18.0,4.4,87.77,87.77,140.96,155.72,164.08,159.5
1495,127,Side,21.33,7.42,91.64,91.64,140.6,156.66,163.62,159.93
1495,128,Side,23.79,10.26,94.77,94.77,140.82,151.56,164.03,152.23
1495,129,Side,27.74,14.49,100.28,100.28,142.31,153.77,164.89,152.74
1495,130,Side,36.0,22.42,111.6,111.6,144.82,156.65,163.07,153.08
1495,131,Side,39.04,25.86,115.42,115.42,145.07,155.9,163.48,152.46
1495,132,Side,38.42,25.82,116.02,116.02,146.28,155.64,164.34,151.99
1495,133,Side,41.15,29.02,118.91,118.91,147.23,155.49,165.19,152.14
1495,134,Side,42.44,30.54,121.03,121.03,147.64,154.66,165.73,152.11
1495,135,Side,42.97,32.0,122.14,122.14,149.19,153.51,167.47,154.03
1495,136,Side,41.69,30.55,116.61,116.61,148.25,151.85,168.31,153.63
1495,137,Side,49.03,39.12,130.4,130.4,152.48,151.39,171.17,153.08
1495,138,Side,52.53,42.61,133.37,133.37,152.5,151.74,170.72,152.98
1495,139,Side,56.53,46.64,138.24,138.24,152.15,151.31,170.49,153.81
1495,140,Side,58.95,49.44,54.09,140.93,152.42,150.84,170.64,152.73
1495,141,Side,61.6,52.12,55.42,144.51,152.74,151.19,170.46,153.18
1495,142,Side,63.14,54.08,60.42,146.72,153.26,150.87,170.76,150.72
1495,143,Side,64.99,55.94,65.38,149.06,153.58,150.74,171.3,150.4
1495,144,Side,67.09,58.62,71.79,153.06,155.11,151.06,171.58,150.15
1495,145,Side,68.3,59.86,75.89,155.93,156.48,152.8,171.95,150.58
1495,146,Side,69.86,61.21,78.11,157.46,156.36,153.1,171.98,150.91
1495,147,Side,73.86,61.17,79.19,155.38,145.27,154.31,164.2,151.8
1495,148,Side,74.55,61.4,77.22,154.07,146.73,153.02,169.84,151.89
1495,149,Side,76.49,62.8,80.5,156.06,145.45,153.25,169.08,151.98
1495,150,Side,118.86,63.86,156.01,157.38,144.85,153.72,171.39,152.47
1496,1,Side,,68.2,156.35,156.35,,165.49,,174.91
1496,2,Side,,67.08,155.19,155.19,,165.1,,174.91
1496,3,Side,,67.08,155.19,155.19,,165.1,,174.91
1496,4,Side,,65.7,152.18,152.18,,164.71,,175.07
1496,5,Side,,67.06,154.77,154.77,,164.94,,175.14
1496,6,Side,,63.32,148.12,148.12,,164.09,,174.23
1496,7,Side,,66.24,153.51,153.51,,163.91,,173.4
1496,8,Side,,64.92,152.2,152.2,,164.33,,173.16
1496,9,Side,,63.97,150.81,150.81,,163.3,,171.57
1496,10,Side,,62.52,149.47,149.47,,163.3,,170.93
1496,11,Side,,65.26,147.21,147.21,,155.23,,166.12
1496,12,Side,,64.04,145.99,145.99,,155.23,,165.61
1496,13,Side,,62.77,143.93,143.93,,154.26,,164.52
1496,14,Side,,60.14,140.67,140.67,,154.62,,164.5
1496,15,Side,,59.96,139.71,139.71,,153.67,,163.9
1496,16,Side,,57.93,136.14,136.14,,152.5,,162.55
1496,17,Side,,50.94,133.7,133.7,,162.47,,167.29
1496,18,Side,,49.11,132.12,132.12,,163.68,,167.48
1496,19,Side,,46.1,128.11,128.11,,164.85,,168.73
1496,20,Side,,44.41,125.85,125.85,,164.69,,168.37
1496,21,Side,,41.52,122.1,122.1,,165.51,,169.22
1496,22,Side,,38.91,119.08,119.08,,167.36,,170.66
1496,23,Side,,35.61,114.75,114.75,,167.85,,171.53
1496,24,Side,,33.13,111.8,111.8,,169.23,,172.0
1496,25,Side,,30.73,106.78,106.78,,170.55,,173.32
1496,26,Side,,28.21,104.64,104.64,,171.93,,173.78
1496,27,Side,,25.25,102.63,102.63,,173.08,,175.38
1496,28,Side,,21.28,99.93,99.93,,174.88,,176.26
1496,29,Side,,13.42,94.12,94.12,,176.69,,178.11
1496,30,Side,,10.2,91.58,91.58,,178.18,,179.63
1496,31,Side,,5.04,86.7,86.7,,179.17,,179.55
1496,32,Side,,3.38,86.04,86.04,,179.96,,179.66
1496,33,Side,,1.13,84.46,84.46,,179.56,,179.67
1496,34,Side,,0.81,82.77,82.77,,179.54,,179.24
1496,35,Side,,2.31,82.33,82.33,,178.69,,179.27
1496,36,Side,,5.64,78.96,78.96,,178.29,,179.97
1496,37,Side,,8.48,75.55,75.55,,179.07,,179.5
1496,38,Side,,8.88,76.39,76.39,,177.4,,179.67
1496,39,Side,,7.01,76.0,76.0,,176.81,,177.49
1496,40,Side,,13.4,73.04,73.04,,175.7,,178.9
1496,41,Side,,15.47,70.96,70.96,,175.27,,179.04
1496,42,Side,,15.91,71.09,71.09,,176.49,,179.5
1496,43,Side,,11.04,75.39,75.39,,177.7,,179.91
1496,44,Side,,11.73,75.03,75.03,,178.11,,179.95
1496,45,Side,,11.12,75.52,75.52,,179.3,,179.64
1496,46,Side,,10.89,76.02,76.02,,179.86,,178.63
1496,47,Side,,10.54,76.02,76.02,,179.07,,178.17
1496,48,Side,,10.35,75.86,75.86,,178.29,,177.18
1496,49,Side,,10.75,74.72,74.72,,177.08,,176.7
1496,50,Side,,11.52,73.58,73.58,,176.23,,175.67
1496,51,Side,,10.99,73.29,73.29,,175.06,,175.23
1496,52,Side,,10.78,73.58,73.58,,175.06,,175.77
1496,53,Side,,10.77,73.58,73.58,,175.01,,175.73
1496,54,Side,,10.77,73.58,73.58,,175.05,,175.78
1496,55,Side,,10.01,74.72,74.72,,175.42,,175.78
1496,56,Side,,9.82,74.16,74.16,,175.37,,175.74
1496,57,Side,,9.46,74.16,74.16,,175.01,,176.27
1496,58,Side,,9.84,73.04,73.04,,173.79,,175.78
1496,59,Side,,9.48,73.04,73.04,,173.43,,176.34
1496,60,Side,,9.13,73.04,73.04,,172.59,,175.84
1496,61,Side,,9.89,71.19,71.19,,172.19,,175.81
1496,62,Side,,9.13,72.3,72.3,,173.04,,176.86
1496,63,Side,,9.13,72.3,72.3,,173.04,,176.86
1496,64,Side,,9.13,72.3,72.3,,173.49,,177.86
1496,65,Side,,9.13,72.3,72.3,,173.49,,177.86
1496,66,Side,,9.13,72.3,72.3,,173.53,,177.94
1496,67,Side,,8.19,73.23,73.23,,173.52,,178.49
1496,68,Side,,7.06,74.37,74.37,,173.04,,178.0
1496,69,Side,,6.26,74.78,74.78,,173.35,,177.95
1496,70,Side,,5.11,75.94,75.94,,172.89,,177.5
1496,71,Side,,5.24,75.82,75.82,,172.85,,177.45
1496,72,Side,,0.14,82.98,82.98,,175.09,,178.96
1496,73,Side,,4.77,89.04,89.04,,176.52,,179.51
1496,74,Side,,9.52,95.21,95.21,,177.95,,179.95
1496,75,Side,,13.82,100.94,100.94,,179.37,,179.95
1496,76,Side,,17.63,106.21,106.21,,179.17,,179.95
1496,77,Side,,22.91,111.2,111.2,,179.13,,178.65
1496,78,Side,,28.48,116.49,116.49,,179.58,,178.46
1496,79,Side,,35.16,122.88,122.88,,179.39,,177.13
1496,80,Side,,39.24,126.7,126.7,,179.36,,176.5
1496,81,Side,,36.4,118.15,118.15,,179.3,,175.87
1496,82,Side,,41.7,123.96,123.96,,179.44,,176.98
1496,83,Side,,46.17,129.27,129.27,,178.96,,177.62
1496,84,Side,,49.38,132.94,132.94,,178.65,,177.03
1496,85,Side,,53.3,137.32,137.32,,177.4,,177.88
1496,86,Side,,56.47,140.95,140.95,,176.6,,178.26
1496,87,Side,,57.27,143.6,143.6,,177.46,,178.01
1496,88,Side,,61.81,153.52,153.52,,178.61,,176.72
1496,89,Side,,63.2,156.88,156.88,,178.29,,176.68
1496,90,Side,,63.97,159.5,159.5,,179.02,,176.33
1496,91,Side,,64.36,161.25,161.25,,179.37,,175.85
1496,92,Side,,62.35,159.1,159.1,,177.22,,177.88
1496,93,Side,,64.49,160.78,160.78,,173.67,,179.57
1496,94,Side,,35.34,110.7,110.7,,148.9,,177.81
1496,95,Side,,0.0,63.47,63.47,,137.32,,177.5
1497,1,Side,34.17,,154.83,125.07,165.66,,144.16,
1497,2,Side,33.27,,148.05,125.37,155.07,,123.4,
1497,3,Side,29.26,,138.38,120.34,151.46,,123.4,
1497,4,Side,28.01,,131.08,115.64,146.63,,117.65,
1497,5,Side,27.67,,122.95,107.63,140.16,,117.06,
1497,6,Side,23.82,,115.94,102.32,144.7,,107.22,
1497,7,Side,22.61,,93.56,90.51,145.69,,155.77,
1497,8,Side,27.46,,84.27,80.19,126.08,,150.52,
1497,9,Side,26.1,,77.72,74.23,124.32,,139.29,
1497,10,Side,24.19,,73.13,72.37,127.48,,143.46,
1497,11,Side,16.54,,70.42,70.67,152.12,,162.46,
1497,12,Side,16.5,,66.81,67.12,156.5,,171.87,
1497,13,Side,13.95,,67.29,69.13,161.91,,174.73,
1497,14,Side,12.76,,72.16,69.13,165.83,,177.58,
1497,15,Side,8.61,,79.79,69.83,171.18,,179.6,
1497,16,Side,10.16,,78.34,70.34,159.97,,144.54,
1497,17,Side,12.27,,85.71,79.26,169.15,,177.58,
1497,18,Side,14.04,,91.4,83.23,168.83,,178.78,
1497,19,Side,27.02,,96.03,87.86,139.18,,157.48,
1497,20,Side,32.86,,105.74,92.74,139.16,,159.15,
1497,21,Side,34.31,,110.24,92.82,137.68,,154.54,
1497,22,Side,35.62,,120.27,101.05,147.67,,156.04,
1497,23,Side,40.82,,128.2,99.61,147.53,,159.05,
1497,24,Side,53.19,,136.39,106.45,128.33,,154.57,
1497,25,Side,55.75,,145.85,113.06,130.56,,154.9,
1497,26,Side,58.93,,148.6,117.33,117.88,,124.22,
1497,27,Side,57.27,,152.72,121.97,120.57,,122.62,
1497,28,Side,44.57,,158.01,129.84,137.09,,122.62,
1498,1,Side,66.08,,161.61,136.77,163.05,,170.21,
1498,2,Side,66.64,,161.03,136.31,161.64,,169.19,
1498,3,Side,66.96,,161.03,142.04,160.22,,167.46,
1498,4,Side,66.77,,159.92,141.0,159.0,,165.57,
1498,5,Side,67.58,,160.47,141.55,157.68,,164.03,
1498,6,Side,67.69,,159.24,141.33,155.96,,162.21,
1498,7,Side,67.29,,159.24,141.33,156.63,,162.01,
1498,8,Side,65.68,,156.65,138.47,156.63,,161.8,
1498,9,Side,70.84,,156.55,134.47,152.13,,162.12,
1498,10,Side,69.84,,155.54,133.31,152.13,,161.05,
1498,11,Side,68.91,,154.19,131.36,152.88,,161.86,
1498,12,Side,65.49,,148.6,125.5,153.05,,161.83,
1498,13,Side,62.61,,141.68,120.91,153.76,,161.94,
1498,14,Side,58.29,,138.25,109.89,155.33,,162.07,
1498,15,Side,54.13,,129.05,129.05,155.92,,162.69,
1498,16,Side,49.87,,123.05,123.05,157.5,,163.63,
1498,17,Side,46.05,,119.78,119.78,157.58,,162.79,
1498,18,Side,41.15,,114.31,114.31,158.97,,162.64,
1498,19,Side,35.51,,106.82,106.82,159.38,,161.33,
1498,20,Side,29.18,,99.56,99.56,160.24,,160.97,
1498,21,Side,23.54,,92.38,92.38,160.3,,162.43,
1498,22,Side,17.24,,86.69,86.69,162.33,,162.78,
1498,23,Side,10.22,,81.66,81.66,168.68,,170.32,
1498,24,Side,4.51,,77.36,47.69,169.99,,170.14,
1498,25,Side,0.64,,73.71,44.74,169.84,,169.19,
1498,26,Side,3.95,,72.2,43.63,170.61,,168.2,
1498,27,Side,7.33,,70.23,42.7,171.82,,169.06,
1498,28,Side,7.78,,71.42,42.25,172.59,,169.02,
1498,29,Side,11.29,,69.12,40.82,174.2,,170.32,
1498,30,Side,16.51,,65.84,40.4,174.19,,169.84,
1498,31,Side,20.73,,63.87,40.05,175.7,,170.28,
1498,32,Side,22.23,,61.11,39.3,175.04,,170.28,
1498,33,Side,22.92,,60.74,39.02,175.83,,170.73,
1498,34,Side,24.44,,58.9,38.01,176.41,,172.12,
1498,35,Side,24.69,,58.0,37.82,175.3,,171.66,
1498,36,Side,24.84,,56.83,37.49,174.97,,171.66,
1498,37,Side,24.84,,56.83,37.33,173.4,,168.83,
1498,38,Side,24.51,,56.15,38.33,173.07,,169.28,
1498,39,Side,23.57,,56.74,38.85,173.4,,170.03,
1498,40,Side,23.2,,56.44,37.85,173.45,,170.06,
1498,41,Side,22.87,,56.31,37.34,173.59,,170.98,
1498,42,Side,19.1,,58.88,39.86,174.63,,171.5,
1498,43,Side,15.25,,62.22,41.82,175.64,,171.99,
1498,44,Side,9.67,,66.76,43.61,174.27,,171.09,
1498,45,Side,4.98,,70.2,45.84,173.7,,170.67,
1498,46,Side,0.54,,74.24,74.24,173.14,,168.9,
1498,47,Side,7.07,,79.48,79.48,171.49,,168.78,
1498,48,Side,15.63,,87.81,87.81,173.0,,171.53,
1498,49,Side,27.92,,99.41,99.41,172.64,,171.12,
1498,50,Side,34.59,,103.63,103.63,171.06,,170.1,
1498,51,Side,40.34,,107.54,107.54,168.84,,168.01,
1498,52,Side,45.14,,113.82,113.82,168.68,,166.89,
1498,53,Side,45.98,,116.1,116.1,168.54,,167.62,
1498,54,Side,50.09,,120.89,120.89,167.88,,168.82,
1498,55,Side,52.86,,124.38,124.38,168.33,,170.32,
1498,56,Side,50.19,,123.92,123.92,170.15,,170.43,
1498,57,Side,58.39,,133.59,117.6,168.89,,172.48,
1498,58,Side,61.63,,140.89,126.23,169.68,,173.72,
1498,59,Side,63.77,,146.01,131.63,170.28,,175.01,
1498,60,Side,66.54,,151.87,135.0,169.86,,175.7,
1498,61,Side,68.67,,156.09,138.58,169.78,,176.99,
1498,62,Side,70.79,,159.32,139.62,169.18,,178.52,
1498,63,Side,72.11,,160.64,140.91,168.02,,179.31,
1498,64,Side,73.67,,163.24,141.31,166.58,,178.78,
1499,1,Front/Back,180.0,180.0,180.0,180.0,,,,
1499,2,Front/Back,180.0,151.33,180.0,180.0,,,,
1499,3,Front/Back,176.17,150.61,176.17,180.0,,,,
1499,4,Front/Back,175.36,153.02,179.99,179.99,,,,
1499,5,Front/Back,180.0,155.66,180.0,171.11,,,,
1499,6,Front/Back,180.0,155.66,180.0,167.54,,,,
1499,7,Front/Back,180.0,154.82,172.78,164.84,,,,
1499,8,Front/Back,180.0,156.56,173.86,162.78,,,,
1499,9,Front/Back,180.0,155.66,170.6,160.98,,,,
1499,10,Front/Back,180.0,153.82,168.34,159.42,,,,
1499,11,Front/Back,116.44,141.2,144.66,160.16,,,,
1499,12,Front/Back,111.86,131.3,144.24,158.55,,,,
1499,13,Front/Back,110.63,120.94,143.87,156.28,,,,
1499,14,Front/Back,121.57,117.96,155.55,154.47,,,,
1499,15,Front/Back,120.72,116.01,154.5,155.41,,,,
1499,16,Front/Back,120.22,110.99,154.43,154.08,,,,
1499,17,Front/Back,121.18,115.73,152.39,155.67,,,,
1499,18,Front/Back,110.9,113.53,139.12,154.54,,,,
1499,19,Front/Back,108.58,103.78,131.87,136.51,,,,
1499,20,Front/Back,112.04,104.97,133.27,142.72,,,,
1499,21,Front/Back,115.75,106.72,128.98,139.05,,,,
1499,22,Front/Back,128.62,114.58,122.75,134.82,,,,
1499,23,Front/Back,132.95,119.19,117.28,130.21,,,,
1499,24,Front/Back,147.91,126.18,114.17,133.45,,,,
1499,25,Front/Back,146.9,136.52,112.33,136.87,,,,
1499,26,Front/Back,145.69,132.18,110.38,138.23,,,,
1499,27,Front/Back,147.0,132.32,111.69,139.6,,,,
1499,28,Front/Back,149.5,132.44,113.51,139.72,,,,
1499,29,Front/Back,155.59,132.54,123.48,139.82,,,,
1499,30,Front/Back,155.59,129.4,122.75,136.61,,,,
1499,31,Front/Back,151.22,129.37,113.98,136.97,,,,
1499,32,Front/Back,155.82,129.69,122.98,135.22,,,,
1499,33,Front/Back,149.95,127.94,113.36,132.5,,,,
1499,34,Front/Back,149.78,128.04,113.19,130.24,,,,
1499,35,Front/Back,149.78,128.32,112.45,130.52,,,,
1499,36,Front/Back,148.41,133.14,111.09,127.77,,,,
1499,37,Front/Back,148.41,144.0,111.75,141.98,,,,
1499,38,Front/Back,148.41,146.19,111.75,141.98,,,,
1499,39,Front/Back,151.05,150.28,115.06,143.68,,,,
1499,40,Front/Back,150.89,152.76,114.91,142.15,,,,
1499,41,Front/Back,151.05,150.43,115.02,141.41,,,,
1499,42,Front/Back,150.44,140.33,114.41,141.42,,,,
1499,43,Front/Back,150.23,143.4,114.93,156.75,,,,
1499,44,Front/Back,127.44,132.53,115.13,149.48,,,,
1499,45,Front/Back,147.8,132.51,112.49,151.58,,,,
1499,46,Front/Back,120.53,113.38,110.46,126.57,,,,
1499,47,Front/Back,112.33,114.47,111.19,139.69,,,,
1499,48,Front/Back,104.23,110.85,119.21,143.17,,,,
1499,49,Front/Back,108.19,115.15,122.53,148.3,,,,
1499,50,Front/Back,109.85,115.68,129.07,153.62,,,,
1499,51,Front/Back,111.94,112.17,130.01,154.25,,,,
1499,52,Front/Back,105.63,112.53,132.52,153.99,,,,
1499,53,Front/Back,103.58,111.61,131.3,145.93,,,,
1499,54,Front/Back,120.42,113.42,154.51,147.07,,,,
1499,55,Front/Back,123.38,117.02,155.21,144.78,,,,
1499,56,Front/Back,128.99,122.18,156.34,145.32,,,,
1499,57,Front/Back,113.12,125.95,144.58,145.93,,,,
1499,58,Front/Back,122.84,132.19,148.25,147.29,,,,
1499,59,Front/Back,130.07,136.91,152.58,156.62,,,,
1499,60,Front/Back,145.39,144.03,160.74,158.91,,,,
1499,61,Front/Back,148.0,143.55,156.3,164.84,,,,
1499,62,Front/Back,179.98,179.98,179.98,179.98,,,,
1499,63,Front/Back,180.0,180.0,165.41,180.0,,,,
1500,1,Side,,82.55,149.13,179.07,,167.49,,163.94
1500,2,Side,,83.82,148.98,179.56,,165.7,,163.82
1500,3,Side,,84.71,149.7,178.62,,164.5,,162.81
1500,4,Side,,85.18,148.78,177.56,,164.53,,162.64
1500,5,Side,,85.43,149.58,178.21,,163.5,,161.9
1500,6,Side,,86.33,148.36,178.08,,162.91,,161.47
1500,7,Side,,88.11,147.25,174.11,,162.48,,160.86
1500,8,Side,,89.51,148.15,171.25,,162.23,,160.5
1500,9,Side,,92.35,142.7,169.95,,158.49,,159.23
1500,10,Side,,94.14,142.63,165.96,,156.68,,156.67
1500,11,Side,,92.53,108.5,162.56,,161.16,,157.37
1500,12,Side,,92.79,106.25,160.66,,163.14,,159.08
1500,13,Side,,95.17,102.01,156.09,,164.28,,159.85
1500,14,Side,,95.45,100.37,154.41,,168.71,,164.75
1500,15,Side,,93.11,146.62,146.62,,174.8,,166.24
1500,16,Side,,96.79,134.77,134.77,,176.26,,166.19
1500,17,Side,,98.82,131.22,131.22,,179.31,,168.26
1500,18,Side,,98.95,135.54,135.54,,179.17,,169.72
1500,19,Side,,105.82,126.03,126.03,,177.25,,169.52
1500,20,Side,,111.55,122.67,122.67,,179.82,,169.29
1500,21,Side,,122.46,114.55,114.55,,173.33,,165.18
1500,22,Side,,122.76,102.78,102.78,,176.51,,169.34
1500,23,Side,,132.09,99.2,99.2,,172.58,,164.18
1500,24,Side,,134.58,105.4,105.4,,172.58,,163.66
1500,25,Side,,137.6,94.83,94.83,,172.22,,163.71
1500,26,Side,,136.74,95.77,104.65,,168.69,,156.49
1500,27,Side,,134.58,96.31,106.93,,169.52,,157.49
1500,28,Side,,130.15,99.05,111.5,,173.95,,164.17
1500,29,Side,,128.1,100.04,113.12,,171.29,,157.98
1500,30,Side,,127.67,100.55,113.63,,172.13,,158.88
1500,31,Side,,123.39,102.32,118.06,,173.39,,159.29
1500,32,Side,,118.25,102.79,118.53,,176.27,,164.98
1500,33,Side,,116.46,103.01,119.92,,175.87,,164.98
1500,34,Side,,114.03,104.25,123.35,,174.94,,165.95
1500,35,Side,,110.81,126.63,126.63,,175.43,,165.51
1500,36,Side,,111.08,128.99,128.99,,177.51,,165.14
1500,37,Side,,106.09,133.17,133.17,,177.14,,165.2
1500,38,Side,,100.76,140.76,140.76,,179.72,,164.48
1500,39,Side,,99.82,142.49,142.49,,179.05,,169.84
1500,40,Side,,96.76,146.16,146.16,,177.34,,163.01
1500,41,Side,,96.93,96.52,146.85,,174.78,,163.4
1500,42,Side,,102.65,94.28,144.61,,165.4,,159.04
1500,43,Side,,106.03,82.58,131.93,,167.36,,156.59
1500,44,Side,,103.25,85.78,135.73,,168.45,,157.97
1500,45,Side,,100.7,88.3,138.64,,170.48,,159.82
1500,46,Side,,98.7,159.91,147.23,,170.74,,162.17
1500,47,Side,,96.93,164.92,152.24,,171.05,,163.12
1500,48,Side,,92.79,165.62,156.91,,175.07,,165.55
1500,49,Side,,94.16,165.2,161.27,,168.54,,164.38
1500,50,Side,,89.31,163.17,162.98,,175.12,,167.62
1500,51,Side,,86.63,164.5,166.81,,179.41,,175.6
1500,52,Side,,86.1,164.62,168.3,,179.65,,177.31
1500,53,Side,,85.02,164.84,169.92,,179.93,,178.07
1501,1,Front/Back,180.0,170.24,180.0,180.0,153.61,170.24,153.61,126.84
1501,2,Front/Back,180.0,178.17,180.0,180.0,155.23,178.17,155.23,117.38
1501,3,Front/Back,180.0,180.0,180.0,180.0,157.02,180.0,157.02,115.94
1501,4,Front/Back,180.0,180.0,180.0,180.0,157.02,180.0,157.02,113.05
1501,5,Front/Back,180.0,180.0,180.0,180.0,159.04,180.0,159.04,111.59
1501,6,Front/Back,180.0,180.0,180.0,180.0,156.0,180.0,156.0,111.59
1501,7,Front/Back,180.0,180.0,180.0,180.0,168.92,180.0,168.92,109.56
1501,8,Front/Back,180.0,180.0,180.0,180.0,168.92,180.0,168.92,107.86
1501,9,Front/Back,180.0,180.0,180.0,180.0,174.57,180.0,174.57,108.68
1501,10,Front/Back,180.0,180.0,180.0,180.0,167.39,180.0,167.39,180.0
1501,11,Front/Back,180.0,180.0,180.0,180.0,148.88,169.1,148.88,169.1
1501,12,Front/Back,180.0,180.0,180.0,180.0,146.86,146.25,146.86,146.25
1501,13,Front/Back,180.0,168.39,180.0,180.0,153.45,168.39,153.45,180.0
1501,14,Front/Back,180.0,142.91,180.0,180.0,162.37,130.6,162.37,167.69
1501,15,Front/Back,179.97,179.98,179.98,179.98,179.97,179.97,179.95,179.96
1501,16,Front/Back,140.93,148.03,160.46,160.48,154.07,136.36,147.96,133.73
1501,17,Front/Back,119.52,112.67,148.9,135.49,150.62,105.33,171.87,122.17
1501,18,Front/Back,113.23,89.98,140.29,122.29,152.94,92.13,180.0,122.4
1501,19,Front/Back,118.34,80.66,129.16,113.24,169.18,95.95,180.0,134.52
1501,20,Front/Back,126.31,76.4,126.31,105.43,180.0,126.52,180.0,180.0
1501,21,Front/Back,125.21,75.82,114.14,100.64,180.0,129.18,180.0,180.0
1501,22,Front/Back,125.44,80.47,125.44,99.21,180.0,136.98,180.0,180.0
1501,23,Front/Back,129.46,110.71,117.82,100.15,180.0,170.64,180.0,180.0
1501,24,Front/Back,134.67,122.29,123.89,102.36,180.0,180.0,180.0,180.0
1501,25,Front/Back,139.12,118.4,123.38,111.41,180.0,169.28,180.0,180.0
1501,26,Front/Back,144.45,119.7,132.05,112.3,180.0,164.98,180.0,180.0
1501,27,Front/Back,151.77,157.05,149.71,145.04,180.0,177.96,180.0,180.0
1501,28,Front/Back,155.94,177.63,155.94,165.51,180.0,180.0,180.0,138.75
1501,29,Front/Back,164.04,180.0,164.04,167.29,180.0,180.0,180.0,134.1
1501,30,Front/Back,180.0,172.17,180.0,169.56,180.0,172.17,180.0,128.72
1501,31,Front/Back,175.45,180.0,175.45,172.55,180.0,180.0,180.0,125.18
1501,32,Front/Back,180.0,167.23,180.0,172.55,180.0,167.23,180.0,128.1
1501,33,Front/Back,180.0,163.71,180.0,178.82,180.0,163.71,180.0,128.1
1501,34,Front/Back,180.0,159.01,180.0,176.42,129.51,159.01,129.51,128.9
1501,35,Front/Back,180.0,153.25,180.0,180.0,180.0,153.25,180.0,126.71
1501,36,Front/Back,180.0,167.82,180.0,180.0,180.0,167.82,180.0,127.85
1501,37,Front/Back,180.0,177.26,180.0,180.0,180.0,177.26,180.0,140.62
1501,38,Front/Back,180.0,167.82,180.0,180.0,180.0,167.82,180.0,137.92
1501,39,Front/Back,180.0,160.36,180.0,180.0,180.0,160.36,180.0,140.62
1501,40,Front/Back,180.0,161.61,180.0,180.0,180.0,161.61,180.0,143.43
1501,41,Front/Back,180.0,157.02,180.0,180.0,180.0,157.02,180.0,142.36
1501,42,Front/Back,180.0,144.39,180.0,171.2,180.0,153.2,180.0,145.35
1501,43,Front/Back,180.0,133.17,180.0,162.38,180.0,150.79,180.0,145.35
1501,44,Front/Back,180.0,129.24,180.0,159.39,180.0,149.85,180.0,149.77
1501,45,Front/Back,180.0,122.78,180.0,155.93,180.0,146.85,180.0,146.46
1501,46,Front/Back,180.0,119.2,180.0,153.75,180.0,145.45,180.0,146.46
1501,47,Front/Back,180.0,113.8,180.0,149.7,180.0,144.1,180.0,144.64
1501,48,Front/Back,180.0,110.09,180.0,147.28,180.0,142.8,180.0,147.72
1501,49,Front/Back,180.0,116.53,180.0,151.58,144.8,144.95,144.8,180.0
1501,50,Front/Back,180.0,115.79,180.0,150.35,136.75,145.45,136.75,180.0
1501,51,Front/Back,180.0,115.21,180.0,141.62,136.95,146.85,136.95,180.0
1501,52,Front/Back,164.41,98.82,164.41,134.63,134.26,134.65,134.26,180.0
1501,53,Front/Back,138.08,90.64,151.12,130.42,119.73,129.52,132.77,180.0
1501,54,Front/Back,110.65,84.09,144.53,139.1,98.61,113.38,132.49,180.0
1501,55,Front/Back,97.39,83.53,138.4,139.6,92.42,105.09,133.42,173.47
1501,56,Front/Back,89.6,87.81,135.83,141.2,89.33,111.52,135.56,180.0
1501,57,Front/Back,92.98,89.02,134.3,139.76,97.6,116.43,138.92,180.0
1501,58,Front/Back,100.72,100.7,134.86,143.24,109.44,127.37,143.59,163.04
1501,59,Front/Back,132.1,119.55,136.88,148.78,145.09,140.68,132.48,160.06
1501,60,Front/Back,135.91,158.39,135.91,171.99,158.85,158.4,120.23,168.09
1501,61,Front/Back,140.34,164.38,140.34,157.44,180.0,180.0,180.0,180.0
1501,62,Front/Back,148.96,180.0,148.96,177.44,180.0,180.0,180.0,180.0
1501,63,Front/Back,158.64,180.0,158.64,180.0,180.0,180.0,180.0,180.0
1501,64,Front/Back,180.0,180.0,180.0,180.0,180.0,180.0,180.0,180.0
1501,65,Front/Back,180.0,180.0,180.0,180.0,180.0,180.0,180.0,180.0
1501,66,Front/Back,180.0,180.0,180.0,180.0,180.0,180.0,180.0,180.0
1501,67,Front/Back,180.0,180.0,180.0,180.0,147.43,180.0,147.43,180.0
1501,68,Front/Back,180.0,180.0,180.0,180.0,132.33,148.75,132.33,148.75
1501,69,Front/Back,180.0,180.0,180.0,180.0,118.37,132.35,118.37,132.35
1501,70,Front/Back,180.0,180.0,180.0,180.0,118.37,128.4,118.37,128.4
1501,71,Front/Back,180.0,180.0,180.0,180.0,116.29,180.0,116.29,150.95
1501,72,Front/Back,180.0,180.0,180.0,180.0,123.58,180.0,123.58,133.55
1502,1,Side,76.18,99.69,174.67,174.67,167.25,121.16,179.68,157.11
1502,2,Side,75.04,98.49,171.28,171.28,168.17,121.71,179.66,157.33
1502,3,Side,71.48,96.7,168.32,168.32,170.85,122.02,179.09,157.31
1502,4,Side,70.91,96.24,161.81,161.81,168.67,119.87,178.72,157.82
1502,5,Side,69.5,94.25,158.6,158.6,168.17,120.47,178.77,158.28
1502,6,Side,71.4,95.99,162.6,162.6,168.74,121.06,178.41,158.51
1502,7,Side,67.33,89.63,153.32,153.32,167.35,125.03,178.46,161.52
1502,8,Side,66.72,87.45,151.53,151.53,165.93,126.2,179.99,160.99
1502,9,Side,67.18,86.27,152.23,152.23,165.83,128.03,179.34,161.94
1502,10,Side,64.74,82.21,147.4,147.4,165.16,130.02,179.29,163.05
1502,11,Side,59.9,75.15,143.2,143.2,164.7,134.97,174.46,159.98
1502,12,Side,57.01,73.72,137.37,137.37,167.21,134.45,179.84,163.79
1502,13,Side,52.84,68.57,131.74,131.74,168.46,137.64,179.12,164.03
1502,14,Side,51.48,66.71,125.28,125.28,166.86,137.97,178.61,164.94
1502,15,Side,47.43,61.33,124.1,124.1,167.86,141.7,177.01,153.26
1502,16,Side,39.02,50.6,119.94,119.94,170.44,148.21,176.56,153.93
1502,17,Side,32.64,29.36,118.09,45.23,169.36,149.36,167.92,146.77
1502,18,Side,25.34,31.48,113.57,42.53,171.7,157.11,170.03,168.53
1502,19,Side,12.07,25.24,103.97,63.59,170.76,171.58,170.45,167.63
1502,20,Side,4.71,33.86,100.01,55.05,172.26,173.28,170.0,168.44
1502,21,Side,2.71,37.72,96.99,50.03,174.18,172.04,169.09,168.0
1502,22,Side,9.16,40.55,89.63,48.39,172.13,173.86,168.0,168.85
1502,23,Side,18.59,43.74,79.26,46.02,170.15,174.33,168.52,169.14
1502,24,Side,22.09,46.62,74.4,44.39,168.56,175.45,166.43,168.39
1502,25,Side,25.77,48.45,71.61,44.09,166.53,176.51,164.83,166.16
1502,26,Side,25.88,48.47,71.93,44.06,167.18,177.46,164.85,166.12
1502,27,Side,24.91,49.04,71.19,43.12,166.93,175.74,165.46,164.64
1502,28,Side,23.19,47.69,72.23,44.06,166.51,175.74,164.99,165.18
1502,29,Side,22.61,47.4,71.41,44.33,166.59,176.69,165.61,166.22
1502,30,Side,21.47,46.67,71.83,45.04,166.24,176.61,165.18,166.78
1502,31,Side,20.93,45.27,74.24,47.19,166.24,176.09,165.18,165.73
1502,32,Side,19.28,43.89,71.87,46.96,166.21,176.09,166.33,166.28
1502,33,Side,13.47,42.73,77.9,49.26,165.66,177.73,166.33,167.28
1502,34,Side,1.95,39.22,90.88,54.76,168.42,178.9,167.3,167.48
1502,35,Side,8.33,33.11,100.53,60.3,168.1,177.97,167.41,165.79
1502,36,Side,15.58,42.59,106.05,34.94,170.82,159.67,171.76,166.74
1502,37,Side,24.89,32.52,113.78,44.61,170.6,150.24,169.51,148.12
1502,38,Side,33.42,46.28,121.69,121.69,173.37,147.08,171.05,146.55
1502,39,Side,40.56,61.55,129.95,129.95,174.63,135.03,171.33,142.01
1502,40,Side,45.39,69.12,137.13,137.13,175.74,131.45,171.24,140.76
1502,41,Side,50.06,75.26,141.77,141.77,174.85,128.13,170.48,140.01
1502,42,Side,53.86,79.74,144.87,144.87,173.69,126.15,172.63,150.96
1502,43,Side,56.47,83.87,147.98,147.98,173.76,123.17,173.94,150.76
1502,44,Side,59.39,88.91,151.33,151.33,173.66,118.91,173.72,148.48
1502,45,Side,61.3,93.08,149.55,149.55,169.6,111.68,173.02,146.88
1502,46,Side,67.76,100.94,161.12,161.12,169.44,109.72,173.46,146.91
1502,47,Side,72.98,108.67,171.37,171.37,169.93,106.58,173.86,146.2
1502,48,Side,66.9,104.62,158.59,158.59,171.35,104.58,175.74,146.68
1502,49,Side,64.98,105.74,159.77,159.77,176.88,102.64,179.76,146.28
1502,50,Side,66.96,102.97,161.84,161.84,176.71,106.98,178.04,148.24
1502,51,Side,68.68,104.72,164.55,164.55,175.14,106.49,179.73,147.66
1502,52,Side,71.14,106.23,164.58,164.58,167.81,104.02,174.43,145.73
1502,53,Side,72.18,110.64,164.0,164.0,165.69,98.37,174.54,145.67
1503,1,Side,,90.31,177.02,177.02,,153.91,,171.39
1503,2,Side,,89.07,174.67,174.67,,157.29,,177.44
1503,3,Side,,86.53,169.38,169.38,,158.27,,178.12
1503,4,Side,,84.2,165.6,165.6,,158.16,,177.08
1503,5,Side,,83.28,165.6,165.6,,159.08,,176.19
1503,6,Side,,82.02,163.18,163.18,,160.47,,178.11
1503,7,Side,,80.46,159.31,159.31,,158.22,,174.97
1503,8,Side,,79.96,160.62,160.62,,160.02,,174.08
1503,9,Side,,78.78,157.94,157.94,,161.0,,179.3
1503,10,Side,,77.6,156.41,156.41,,160.91,,177.8
1503,11,Side,,76.95,154.89,154.89,,160.94,,178.34
1503,12,Side,,74.6,150.49,150.49,,160.87,,177.44
1503,13,Side,,75.17,149.84,149.84,,160.98,,178.01
1503,14,Side,,72.8,94.7,145.71,,161.85,,178.94
1503,15,Side,,70.07,91.07,141.74,,162.79,,179.55
1503,16,Side,,72.22,81.28,136.44,,156.21,,179.01
1503,17,Side,,68.85,80.96,131.88,,156.26,,178.11
1503,18,Side,,64.92,77.08,130.43,,160.53,,176.92
1503,19,Side,,65.27,74.63,130.44,,158.09,,176.95
1503,20,Side,,63.17,75.39,126.54,,160.97,,179.26
1503,21,Side,,63.92,58.3,119.1,,157.94,,179.63
1503,22,Side,,61.93,58.09,116.29,,155.99,,176.46
1503,23,Side,,60.29,56.47,114.55,,157.01,,176.69
1503,24,Side,,57.2,54.31,112.38,,159.28,,177.32
1503,25,Side,,54.26,52.3,110.38,,161.92,,178.3
1503,26,Side,,52.91,107.36,107.36,,160.99,,177.17
1503,27,Side,,39.92,101.7,101.7,,174.94,,178.24
1503,28,Side,,41.34,97.67,97.67,,163.5,,175.32
1503,29,Side,,39.47,94.03,94.03,,160.83,,173.41
1503,30,Side,,35.28,91.18,91.18,,163.99,,175.33
1503,31,Side,,31.4,87.37,87.37,,166.04,,177.31
1503,32,Side,,30.57,86.41,86.41,,165.15,,177.05
1503,33,Side,,28.23,84.14,84.14,,166.25,,178.06
1503,34,Side,,26.64,82.55,82.55,,165.23,,175.24
1503,35,Side,,24.37,80.36,80.36,,167.34,,178.19
1503,36,Side,,23.61,81.95,81.95,,170.61,,178.2
1503,37,Side,,22.78,80.36,80.36,,168.8,,176.25
1503,38,Side,,22.52,77.1,77.1,,165.84,,176.28
1503,39,Side,,21.19,76.64,76.64,,166.54,,177.01
1503,40,Side,,19.38,73.37,73.37,,165.08,,177.01
1503,41,Side,,20.79,102.92,75.43,,164.66,,175.05
1503,42,Side,,20.57,102.92,73.73,,163.18,,175.95
1503,43,Side,,20.57,102.92,73.73,,163.18,,175.95
1503,44,Side,,20.11,101.99,73.37,,162.05,,173.76
1503,45,Side,,19.16,101.99,71.69,,160.26,,171.8
1503,46,Side,,20.33,71.99,72.01,,158.35,,170.74
1503,47,Side,,17.6,71.99,68.1,,157.17,,170.74
1503,48,Side,,14.96,74.14,67.55,,156.46,,170.74
1503,49,Side,,16.63,72.33,69.22,,155.41,,168.8
1503,50,Side,,16.63,74.74,69.22,,155.41,,168.8
1503,51,Side,,16.63,74.74,69.22,,155.41,,168.8
1503,52,Side,,16.63,74.74,69.22,,155.41,,168.8
1503,53,Side,,17.34,74.74,69.22,,153.67,,167.75
1503,54,Side,,17.34,74.74,69.22,,153.67,,167.75
1503,55,Side,,17.34,71.79,69.22,,153.67,,167.75
1503,56,Side,,18.04,71.79,69.22,,151.94,,166.72
1503,57,Side,,18.04,71.79,69.22,,151.94,,166.72
1503,58,Side,,17.88,71.79,69.22,,151.81,,166.44
1503,59,Side,,17.88,71.79,69.22,,151.81,,166.44
1503,60,Side,,18.57,71.79,69.22,,150.09,,165.4
1503,61,Side,,18.03,69.56,71.57,,150.77,,165.4
1503,62,Side,,18.03,71.47,71.57,,152.1,,167.7
1503,63,Side,,18.72,71.34,70.89,,150.39,,166.68
1503,64,Side,,20.92,73.27,73.29,,150.58,,166.68
1503,65,Side,,20.92,73.27,73.29,,150.58,,165.76
1503,66,Side,,20.92,75.21,73.29,,150.58,,165.76
1503,67,Side,,19.74,75.21,71.05,,147.51,,162.84
1503,68,Side,,18.64,77.17,69.27,,149.86,,168.68
1503,69,Side,,19.4,109.79,70.89,,150.72,,168.68
1503,70,Side,,24.11,76.65,76.65,,151.77,,169.62
1503,71,Side,,25.17,78.42,78.42,,153.77,,171.93
1503,72,Side,,28.18,83.57,83.57,,156.94,,174.01
1503,73,Side,,31.51,87.5,87.5,,156.51,,172.98
1503,74,Side,,34.06,92.26,92.26,,159.75,,174.96
1503,75,Side,,37.16,97.52,97.52,,162.94,,176.95
1503,76,Side,,39.92,102.57,102.57,,165.0,,176.59
1503,77,Side,,43.29,107.46,107.46,,166.75,,178.84
1503,78,Side,,48.64,111.74,111.74,,164.67,,178.97
1503,79,Side,,50.85,115.46,115.46,,164.85,,179.46
1503,80,Side,,56.43,124.31,124.31,,163.07,,179.25
1503,81,Side,,58.54,72.25,127.8,,159.47,,173.18
1503,82,Side,,62.4,78.86,135.56,,160.11,,174.8
1503,83,Side,,67.17,85.6,143.13,,158.37,,173.11
1503,84,Side,,71.59,90.36,148.18,,155.44,,172.0
1503,85,Side,,72.8,93.36,149.13,,156.32,,173.84
1503,86,Side,,73.89,95.69,151.69,,153.84,,171.36
1503,87,Side,,76.26,97.34,160.78,,156.87,,172.97
1503,88,Side,,77.06,105.53,164.74,,157.02,,172.64
1503,89,Side,,78.64,110.11,168.78,,158.33,,174.33
1503,90,Side,,82.0,121.57,174.78,,157.98,,173.0
1503,91,Side,,81.43,124.82,176.41,,158.15,,173.43
1503,92,Side,,82.24,124.82,176.41,,156.46,,172.55
1503,93,Side,,84.89,129.58,178.98,,153.97,,172.58
1503,94,Side,,86.56,129.58,178.98,,150.1,,170.37
1503,95,Side,,88.18,129.58,178.98,,146.84,,169.11
1503,96,Side,,88.98,129.58,178.98,,144.69,,167.76
1504,1,Side,64.45,,162.69,162.69,175.25,,,
1504,2,Side,63.47,,161.08,161.08,176.98,,,
1504,3,Side,61.16,,157.51,157.51,178.81,,,
1504,4,Side,58.67,,155.26,155.26,179.69,,,
1504,5,Side,54.29,,149.82,149.82,178.21,,,
1504,6,Side,49.75,,144.55,144.55,176.68,,,
1504,7,Side,42.1,,134.5,134.5,175.84,,,
1504,8,Side,30.62,,125.47,125.47,167.68,,,
1504,9,Side,14.29,,107.13,107.13,166.02,,,
1504,10,Side,11.44,,108.4,108.4,159.08,,,
1504,11,Side,8.95,,103.06,103.06,164.73,,,
1504,12,Side,12.68,,107.56,107.56,164.37,,,
1504,13,Side,16.52,,112.3,112.3,163.47,,,
1504,14,Side,17.85,,115.11,115.11,160.36,,,
1504,15,Side,21.03,,119.13,119.13,160.66,,,
1504,16,Side,25.57,,121.81,121.81,167.14,,,
1504,17,Side,35.18,,130.19,130.19,172.68,,,
1504,18,Side,42.13,,137.63,137.63,174.58,,,
1504,19,Side,45.39,,141.45,141.45,175.29,,,
1504,20,Side,50.32,,147.14,147.14,178.26,,,
1504,21,Side,55.29,,149.78,149.78,178.31,,,
1504,22,Side,55.06,,153.15,153.15,178.63,,,
1504,23,Side,56.08,,155.02,155.02,178.36,,,
1504,24,Side,56.86,,155.05,155.05,179.96,,,
1505,1,Side,60.04,,165.51,165.51,168.63,,161.29,
1505,2,Side,58.9,,162.67,162.67,167.99,,161.29,
1505,3,Side,57.32,,160.03,160.03,167.99,,160.68,
1505,4,Side,55.3,,156.96,156.96,167.99,,160.06,
1505,5,Side,54.41,,153.73,153.73,166.68,,160.06,
1505,6,Side,51.31,,149.88,149.88,168.1,,161.03,
1505,7,Side,49.53,,146.4,146.4,167.45,,160.41,
1505,8,Side,45.6,,141.42,141.42,168.43,,160.67,
1505,9,Side,43.37,,137.66,137.66,170.13,,161.57,
1505,10,Side,37.89,,129.17,129.17,170.29,,161.95,
1505,11,Side,34.2,,123.45,123.45,171.12,,162.89,
1505,12,Side,27.95,,115.44,115.44,171.79,,162.66,
1505,13,Side,22.99,,108.38,108.38,172.6,,162.85,
1505,14,Side,22.99,,104.83,104.83,173.32,,162.62,
1505,15,Side,19.41,,98.98,98.98,172.59,,162.41,
1505,16,Side,13.66,,90.22,90.22,172.35,,162.82,
1505,17,Side,10.38,,86.66,86.66,177.65,,167.34,
1505,18,Side,4.59,,75.84,75.84,175.33,,167.62,
1505,19,Side,0.08,,68.82,68.82,175.52,,168.31,
1505,20,Side,3.69,,64.56,64.56,174.87,,166.91,
1505,21,Side,7.41,,59.64,59.64,175.24,,166.5,
1505,22,Side,8.79,,56.89,56.89,174.04,,166.68,
1505,23,Side,8.18,,56.24,56.24,172.68,,165.24,
1505,24,Side,9.75,,55.9,55.9,172.91,,164.74,
1505,25,Side,10.94,,54.65,54.65,173.77,,165.64,
1505,26,Side,13.74,,55.68,55.68,173.81,,163.54,
1505,27,Side,11.03,,58.94,58.94,174.36,,164.23,
1505,28,Side,11.03,,59.51,59.51,173.47,,162.38,
1505,29,Side,10.16,,61.04,61.04,175.19,,164.15,
1505,30,Side,8.77,,62.43,62.43,174.32,,163.28,
1505,31,Side,8.0,,63.86,63.86,175.15,,163.45,
1505,32,Side,5.27,,66.59,66.59,175.15,,164.9,
1505,33,Side,5.93,,67.66,67.66,175.81,,165.62,
1505,34,Side,0.42,,73.24,73.24,175.72,,167.07,
1505,35,Side,1.61,,75.91,75.91,176.37,,167.79,
1505,36,Side,3.57,,76.34,76.34,175.39,,168.52,
1505,37,Side,7.97,,83.22,83.22,175.02,,168.92,
1505,38,Side,15.45,,93.04,93.04,174.56,,166.74,
1505,39,Side,21.01,,100.14,100.14,172.99,,166.71,
1505,40,Side,23.83,,102.35,102.35,172.32,,165.36,
1505,41,Side,29.56,,110.77,110.77,172.08,,164.31,
1505,42,Side,35.45,,118.72,118.72,172.06,,164.89,
1505,43,Side,39.96,,125.31,125.31,171.59,,164.33,
1505,44,Side,44.7,,130.8,130.8,169.46,,164.1,
1505,45,Side,49.4,,137.12,137.12,168.61,,163.69,
1505,46,Side,51.71,,141.97,141.97,168.74,,163.62,
1505,47,Side,55.53,,151.09,151.09,169.45,,165.7,
1505,48,Side,59.2,,155.6,155.6,169.45,,167.31,
1505,49,Side,57.21,,156.14,156.14,168.8,,167.59,
1505,50,Side,58.86,,159.88,159.88,168.11,,166.24,
1505,51,Side,61.95,,165.69,165.69,172.17,,172.58,
1505,52,Side,63.18,,167.99,167.99,171.58,,172.2,
1505,53,Side,63.18,,167.99,167.99,170.79,,170.7,
1505,54,Side,64.22,,170.3,170.3,167.61,,166.38,
1506,1,Side,75.7,,171.95,169.68,157.64,,168.68,
1506,2,Side,75.66,,169.0,169.12,154.14,,165.01,
1506,3,Side,74.41,,163.97,169.57,152.43,,163.05,
1506,4,Side,72.97,,160.77,168.63,153.74,,163.35,
1506,5,Side,71.0,,156.84,169.09,154.62,,162.96,
1506,6,Side,68.87,,153.26,167.64,155.55,,161.09,
1506,7,Side,65.88,,148.47,169.23,157.52,,161.2,
1506,8,Side,64.07,,143.92,168.81,158.04,,160.87,
1506,9,Side,62.15,,141.74,165.98,160.33,,163.6,
1506,10,Side,59.66,,133.77,65.99,160.58,,162.97,
1506,11,Side,56.52,,126.47,59.13,162.33,,163.05,
1506,12,Side,53.58,,123.4,57.58,164.91,,162.19,
1506,13,Side,49.82,,120.44,54.62,169.13,,163.67,
1506,14,Side,46.73,,116.42,51.56,170.79,,162.67,
1506,15,Side,42.49,,112.98,48.12,174.7,,163.69,
1506,16,Side,38.93,,109.4,44.06,177.33,,165.35,
1506,17,Side,40.1,,109.23,44.37,176.14,,165.31,
1506,18,Side,39.18,,108.85,43.03,175.71,,164.02,
1506,19,Side,36.61,,108.64,41.3,178.59,,167.24,
1506,20,Side,35.32,,108.85,40.48,177.47,,166.6,
1506,21,Side,36.01,,107.55,38.14,176.66,,163.23,
1506,22,Side,37.95,,110.91,40.44,178.17,,166.88,
1506,23,Side,37.12,,115.17,42.54,172.84,,176.59,
1506,24,Side,39.69,,118.91,43.74,169.99,,179.01,
1506,25,Side,36.61,,116.9,40.53,169.37,,176.59,
1506,26,Side,39.33,,123.55,42.62,173.33,,175.06,
1506,27,Side,39.87,,123.16,44.35,174.7,,174.35,
1506,28,Side,43.26,,125.77,46.96,178.78,,171.66,
1506,29,Side,44.82,,127.77,48.95,179.06,,171.56,
1506,30,Side,51.38,,136.03,58.06,178.97,,170.85,
1506,31,Side,50.14,,137.13,59.16,175.17,,172.32,
1506,32,Side,53.16,,135.41,59.17,179.63,,178.93,
1506,33,Side,55.87,,138.78,64.31,179.19,,178.81,
1506,34,Side,59.99,,144.55,70.95,177.97,,178.66,
1506,35,Side,62.63,,147.77,76.06,176.87,,178.64,
1506,36,Side,67.07,,152.6,144.98,172.12,,175.52,
1506,37,Side,70.4,,159.59,149.2,172.41,,176.01,
1506,38,Side,69.42,,160.16,151.78,172.68,,174.87,
1506,39,Side,71.59,,163.02,157.81,169.03,,172.3,
1506,40,Side,71.91,,163.47,159.87,166.45,,170.25,
1506,41,Side,74.02,,166.14,160.75,162.11,,166.24,
1506,42,Side,72.79,,167.93,161.46,168.32,,172.51,
1506,43,Side,73.42,,170.31,163.78,169.79,,174.58,
1506,44,Side,73.78,,172.55,162.64,172.5,,177.78,
1506,45,Side,71.15,,174.64,168.33,177.37,,178.85,
1506,46,Side,72.61,,177.28,166.81,177.53,,179.28,
1507,1,Front/Back,157.72,168.71,157.72,168.71,,,,
1507,2,Front/Back,156.43,164.02,156.43,164.02,,,,
1507,3,Front/Back,156.65,163.88,156.65,163.88,,,,
1507,4,Front/Back,155.76,162.05,155.76,162.05,,,,
1507,5,Front/Back,153.6,158.88,153.6,158.88,,,,
1507,6,Front/Back,152.6,157.53,152.6,157.53,,,,
1507,7,Front/Back,153.0,155.03,153.0,155.03,,,,
1507,8,Front/Back,165.6,155.18,165.6,155.18,,,,
1507,9,Front/Back,172.19,154.28,172.19,154.28,,,,
1507,10,Front/Back,170.17,152.23,170.17,152.23,,,,
1507,11,Front/Back,171.71,152.38,171.71,152.38,,,,
1507,12,Front/Back,165.08,163.79,165.08,163.79,,,,
1507,13,Front/Back,170.51,147.87,170.51,162.97,,,,
1507,14,Front/Back,167.49,156.12,167.49,165.12,,,,
1507,15,Front/Back,169.73,152.13,169.73,161.13,,,,
1507,16,Front/Back,180.0,150.14,180.0,159.14,,,,
1507,17,Front/Back,170.8,133.39,170.8,151.63,,,,
1507,18,Front/Back,180.0,160.08,180.0,160.08,,,,
1507,19,Front/Back,180.0,162.54,180.0,162.54,,,,
1507,20,Front/Back,180.0,128.29,180.0,155.96,,,,
1507,21,Front/Back,180.0,124.8,170.64,156.45,,,,
1507,22,Front/Back,180.0,133.31,170.64,156.45,,,,
1507,23,Front/Back,180.0,129.82,170.64,157.0,,,,
1507,24,Front/Back,180.0,131.03,171.68,157.0,,,,
1507,25,Front/Back,180.0,127.34,171.68,149.33,,,,
1507,26,Front/Back,180.0,180.0,166.06,171.29,,,,
1507,27,Front/Back,180.0,168.65,166.06,171.29,,,,
1507,28,Front/Back,180.0,180.0,166.84,171.29,,,,
1507,29,Front/Back,180.0,164.9,166.84,170.48,,,,
1507,30,Front/Back,180.0,146.16,167.78,158.12,,,,
1507,31,Front/Back,180.0,144.56,168.89,169.9,,,,
1507,32,Front/Back,179.97,179.98,179.98,179.98,,,,
1507,33,Front/Back,178.66,157.94,178.66,169.51,,,,
1507,34,Front/Back,179.98,149.77,180.0,169.84,,,,
1507,35,Front/Back,180.0,151.75,180.0,168.13,,,,
1507,36,Front/Back,146.15,129.54,180.0,169.12,,,,
1507,37,Front/Back,141.02,127.73,180.0,168.99,,,,
1507,38,Front/Back,162.93,143.89,180.0,180.0,,,,
1507,39,Front/Back,180.0,160.06,180.0,180.0,,,,
1507,40,Front/Back,159.9,150.62,159.9,180.0,,,,
1507,41,Front/Back,180.0,155.55,180.0,180.0,,,,
1507,42,Front/Back,180.0,158.43,180.0,180.0,,,,
1507,43,Front/Back,180.0,158.43,180.0,180.0,,,,
1507,44,Front/Back,180.0,155.55,180.0,180.0,,,,
1508,1,Side,,,169.05,170.44,,,,
1508,2,Side,,,168.45,168.07,,,,
1508,3,Side,,,162.17,166.4,,,,
1508,4,Side,,,160.42,164.73,,,,
1508,5,Side,,,156.97,161.39,,,,
1508,6,Side,,,153.67,159.69,,,,
1508,7,Side,,,151.49,159.69,,,,
1508,8,Side,,,148.09,158.18,,,,
1508,9,Side,,,147.21,155.63,,,,
1508,10,Side,,,143.11,153.5,,,,
1508,11,Side,,,139.37,149.19,,,,
1508,12,Side,,,143.41,145.3,,,,
1508,13,Side,,,138.67,140.84,,,,
1508,14,Side,,,133.53,127.02,,,,
1508,15,Side,,,127.23,125.75,,,,
1508,16,Side,,,115.53,120.73,,,,
1508,17,Side,,,111.46,116.07,,,,
1508,18,Side,,,107.1,111.86,,,,
1508,19,Side,,,102.06,107.13,,,,
1508,20,Side,,,97.61,101.59,,,,
1508,21,Side,,,92.26,97.66,,,,
1508,22,Side,,,84.81,95.55,,,,
1508,23,Side,,,87.9,93.02,,,,
1508,24,Side,,,84.98,87.6,,,,
1508,25,Side,,,82.1,81.86,,,,
1508,26,Side,,,80.37,75.73,,,,
1508,27,Side,,,75.63,72.33,,,,
1508,28,Side,,,72.65,71.58,,,,
1508,29,Side,,,68.7,64.62,,,,
1508,30,Side,,,67.39,65.62,,,,
1508,31,Side,,,71.84,69.42,,,,
1508,32,Side,,,68.43,67.77,,,,
1508,33,Side,,,71.75,72.18,,,,
1508,34,Side,,,72.3,74.58,,,,
1508,35,Side,,,85.67,82.22,,,,
1508,36,Side,,,89.83,92.67,,,,
1508,37,Side,,,94.23,97.45,,,,
1508,38,Side,,,98.08,101.43,,,,
1508,39,Side,,,101.23,105.46,,,,
1508,40,Side,,,105.94,108.66,,,,
1508,41,Side,,,114.83,112.62,,,,
1508,42,Side,,,116.84,123.12,,,,
1508,43,Side,,,124.98,130.73,,,,
1508,44,Side,,,132.69,138.71,,,,
1508,45,Side,,,140.74,147.2,,,,
1508,46,Side,,,150.95,156.54,,,,
1508,47,Side,,,154.72,165.43,,,,
1508,48,Side,,,157.72,169.41,,,,
1508,49,Side,,,163.94,167.97,,,,
1508,50,Side,,,167.12,169.63,,,,
1509,1,Side,71.6,,175.06,139.35,172.58,,169.24,
1509,2,Side,68.38,,179.44,137.19,168.3,,155.77,
1509,3,Side,64.23,,173.88,136.13,170.73,,155.6,
1509,4,Side,63.58,,170.51,131.91,165.72,,149.46,
1509,5,Side,58.73,,162.58,135.85,168.01,,149.73,
1509,6,Side,57.0,,159.17,134.61,166.66,,146.17,
1509,7,Side,52.96,,152.05,129.66,171.74,,156.06,
1509,8,Side,47.8,,142.25,120.48,179.63,,161.45,
1509,9,Side,42.26,,135.0,113.63,167.91,,171.87,
1509,10,Side,36.52,,122.65,102.35,158.41,,178.75,
1509,11,Side,33.14,,117.54,93.09,147.72,,170.54,
1509,12,Side,26.68,,111.66,92.47,134.93,,158.96,
1509,13,Side,21.76,,108.81,90.03,134.93,,170.0,
1509,14,Side,21.09,,104.79,87.5,140.47,,174.53,
1509,15,Side,18.82,,94.79,21.98,147.09,,178.36,
1509,16,Side,16.36,,94.04,19.25,149.1,,178.36,
1509,17,Side,14.83,,91.52,17.09,150.11,,179.29,
1509,18,Side,12.08,,89.51,15.82,147.08,,176.82,
1509,19,Side,8.78,,87.09,14.09,143.97,,176.04,
1509,20,Side,7.41,,85.67,13.29,143.65,,175.66,
1509,21,Side,9.5,,87.49,13.29,147.7,,175.77,
1509,22,Side,8.77,,80.36,8.71,156.28,,176.39,
1509,23,Side,11.02,,86.2,11.25,156.71,,178.7,
1509,24,Side,15.33,,95.84,17.17,155.65,,179.52,
1509,25,Side,18.32,,98.83,18.07,162.15,,173.98,
1509,26,Side,21.64,,102.16,20.09,164.86,,172.95,
1509,27,Side,23.94,,106.49,87.65,161.71,,176.67,
1509,28,Side,27.21,,111.51,88.1,164.57,,174.66,
1509,29,Side,29.21,,111.51,88.15,169.62,,173.46,
1509,30,Side,33.14,,119.2,91.85,165.51,,180.0,
1509,31,Side,35.65,,121.7,94.69,167.56,,177.11,
1509,32,Side,39.0,,129.64,101.28,171.54,,173.2,
1509,33,Side,45.12,,134.59,101.48,173.19,,179.51,
1509,34,Side,47.52,,141.32,106.53,171.83,,179.17,
1509,35,Side,51.96,,145.8,107.17,174.78,,179.37,
1509,36,Side,52.66,,150.25,119.99,175.68,,180.0,
1509,37,Side,54.27,,146.82,122.87,178.39,,165.86,
1509,38,Side,58.31,,155.75,127.87,176.14,,165.1,
1509,39,Side,59.55,,166.92,138.2,179.48,,162.03,
1509,40,Side,63.81,,174.38,141.62,178.31,,164.74,
1509,41,Side,68.2,,176.82,144.05,169.98,,151.74,
1509,42,Side,69.03,,179.5,144.05,166.06,,149.17,
1510,1,Side,,69.34,176.35,176.35,,173.29,,164.97
1510,2,Side,,68.13,173.86,173.86,,173.6,,165.4
1510,3,Side,,67.51,173.86,173.86,,174.94,,166.13
1510,4,Side,,67.51,173.83,173.83,,174.94,,165.34
1510,5,Side,,66.7,173.83,173.83,,176.78,,166.36
1510,6,Side,,65.36,171.19,171.19,,176.78,,165.57
1510,7,Side,,65.49,171.26,171.26,,176.49,,165.28
1510,8,Side,,64.67,171.26,171.26,,178.33,,167.09
1510,9,Side,,64.54,171.13,171.13,,178.33,,166.3
1510,10,Side,,63.92,171.13,171.13,,179.69,,167.04
1510,11,Side,,64.18,171.0,171.0,,179.56,,167.31
1510,12,Side,,63.15,169.68,169.68,,176.16,,160.13
1510,13,Side,,59.51,167.93,167.93,,177.96,,167.34
1510,14,Side,,59.68,167.74,167.74,,178.06,,159.62
1510,15,Side,,58.53,166.37,166.37,,178.54,,160.33
1510,16,Side,,57.0,162.43,162.43,,177.74,,160.33
1510,17,Side,,56.94,162.91,162.91,,179.61,,161.77
1510,18,Side,,57.04,162.51,162.51,,179.78,,162.77
1510,19,Side,,50.31,150.28,150.28,,176.3,,163.42
1510,20,Side,,51.62,155.62,155.62,,177.84,,165.14
1510,21,Side,,51.14,155.01,155.01,,177.1,,165.07
1510,22,Side,,48.06,149.19,149.19,,176.94,,166.04
1510,23,Side,,47.29,147.81,147.81,,176.61,,165.96
1510,24,Side,,45.35,145.66,145.66,,174.93,,167.64
1510,25,Side,,41.07,140.18,140.18,,175.0,,167.73
1510,26,Side,,40.72,138.72,138.72,,174.24,,169.36
1510,27,Side,,39.65,138.75,138.75,,175.16,,168.42
1510,28,Side,,36.88,135.36,135.36,,174.9,,169.3
1510,29,Side,,32.91,132.64,132.64,,174.92,,170.04
1510,30,Side,,29.61,128.58,128.58,,175.68,,169.24
1510,31,Side,,25.38,124.36,124.36,,174.93,,169.23
1510,32,Side,,20.83,118.93,118.93,,175.8,,168.38
1510,33,Side,,17.51,53.44,115.36,,176.05,,167.51
1510,34,Side,,14.54,47.34,112.78,,176.67,,168.35
1510,35,Side,,13.53,46.94,115.35,,176.78,,167.54
1510,36,Side,,5.28,48.64,103.63,,175.86,,168.28
1510,37,Side,,3.53,49.13,103.57,,174.47,,165.76
1510,38,Side,,7.2,48.09,109.79,,173.14,,165.72
1510,39,Side,,4.34,46.65,107.4,,171.18,,167.36
1510,40,Side,,1.92,45.69,105.55,,169.1,,168.73
1510,41,Side,,1.35,45.92,105.55,,167.78,,169.48
1510,42,Side,,7.2,45.92,95.71,,167.09,,168.69
1510,43,Side,,6.63,45.92,95.71,,167.66,,169.48
1510,44,Side,,6.75,45.92,95.71,,167.54,,169.48
1510,45,Side,,8.07,44.98,93.81,,168.11,,169.48
1510,46,Side,,8.07,44.31,93.95,,167.99,,169.48
1510,47,Side,,13.76,38.52,85.6,,171.37,,168.74
1510,48,Side,,13.76,38.52,85.6,,171.37,,168.74
1510,49,Side,,14.04,37.74,85.43,,171.27,,168.74
1510,50,Side,,14.04,37.74,85.43,,171.27,,168.74
1510,51,Side,,8.87,43.38,91.97,,169.89,,168.74
1510,52,Side,,13.42,37.74,85.43,,172.63,,168.01
1510,53,Side,,6.46,38.52,94.2,,172.72,,168.01
1510,54,Side,,6.46,38.52,94.2,,172.72,,168.01
1510,55,Side,,6.45,39.28,94.11,,172.82,,168.01
1510,56,Side,,6.45,39.28,94.11,,172.82,,168.01
1510,57,Side,,4.25,40.15,96.31,,172.82,,168.8
1510,58,Side,,10.77,40.15,87.88,,172.82,,168.8
1510,59,Side,,10.77,40.15,87.88,,172.82,,168.8
1510,60,Side,,10.77,40.15,87.88,,172.82,,168.8
1510,61,Side,,10.77,40.15,87.88,,172.82,,168.8
1510,62,Side,,10.16,40.15,87.88,,174.16,,168.07
1510,63,Side,,10.16,40.15,87.88,,174.16,,168.07
1510,64,Side,,10.16,40.15,87.88,,173.43,,169.6
1510,65,Side,,10.16,40.15,87.88,,173.43,,169.6
1510,66,Side,,10.16,40.15,87.88,,173.43,,172.74
1510,67,Side,,9.55,40.15,87.88,,174.77,,172.0
1510,68,Side,,9.55,40.15,87.88,,174.77,,172.0
1510,69,Side,,9.55,40.15,87.88,,174.77,,172.0
1510,70,Side,,9.55,40.15,87.88,,174.77,,172.0
1510,71,Side,,9.55,40.15,87.88,,174.77,,172.0
1510,72,Side,,8.94,40.15,87.88,,176.12,,171.27
1510,73,Side,,8.94,40.15,87.88,,176.12,,171.27
1510,74,Side,,8.94,40.01,87.88,,176.12,,170.45
1510,75,Side,,8.86,40.01,86.22,,176.12,,170.45
1510,76,Side,,8.86,40.01,86.22,,176.12,,170.45
1510,77,Side,,8.25,40.01,86.22,,176.73,,171.27
1510,78,Side,,8.25,40.01,86.22,,176.73,,171.27
1510,79,Side,,8.25,40.01,86.22,,176.73,,168.82
1510,80,Side,,8.25,40.01,86.22,,176.73,,168.82
1510,81,Side,,8.25,40.01,86.22,,176.73,,168.82
1510,82,Side,,7.63,40.01,86.22,,178.13,,169.76
1510,83,Side,,7.63,40.01,86.22,,178.13,,169.76
1510,84,Side,,9.67,40.01,84.23,,178.13,,169.76
1510,85,Side,,9.67,40.01,84.23,,178.13,,169.86
1510,86,Side,,9.67,40.01,84.23,,177.39,,171.4
1510,87,Side,,9.06,40.01,84.23,,178.75,,170.65
1510,88,Side,,9.06,40.01,84.23,,178.75,,170.65
1510,89,Side,,9.11,40.01,84.23,,178.64,,170.7
1510,90,Side,,9.11,40.01,84.23,,178.64,,170.7
1510,91,Side,,9.11,40.01,84.23,,178.64,,170.7
1510,92,Side,,8.48,40.01,84.23,,180.0,,169.97
1510,93,Side,,8.48,40.01,84.23,,180.0,,169.97
1510,94,Side,,8.48,40.01,84.23,,180.0,,169.97
1510,95,Side,,8.48,40.01,84.23,,180.0,,169.97
1510,96,Side,,8.48,40.01,84.23,,180.0,,169.97
1510,97,Side,,7.86,40.01,84.23,,179.37,,169.97
1510,98,Side,,7.86,40.01,84.23,,179.37,,169.97
1510,99,Side,,7.86,40.01,84.23,,179.37,,169.97
1510,100,Side,,7.86,39.86,84.23,,179.37,,169.97
1510,101,Side,,7.86,39.86,84.23,,179.37,,169.97
1510,102,Side,,7.23,39.86,84.23,,178.02,,169.24
1510,103,Side,,7.23,39.86,84.23,,178.02,,169.24
1510,104,Side,,7.23,39.86,84.23,,178.02,,169.24
1510,105,Side,,7.23,39.86,84.23,,178.02,,169.24
1510,106,Side,,7.23,39.86,84.23,,178.02,,169.24
1510,107,Side,,6.6,39.86,84.23,,177.39,,170.04
1510,108,Side,,6.6,39.86,84.23,,177.39,,170.04
1510,109,Side,,6.46,39.86,82.69,,177.39,,170.04
1510,110,Side,,6.46,39.86,82.69,,177.39,,170.04
1510,111,Side,,6.46,39.86,82.69,,177.39,,170.04
1510,112,Side,,0.54,44.19,90.45,,178.5,,169.31
1510,113,Side,,1.51,92.54,92.54,,177.82,,167.79
1510,114,Side,,8.66,101.7,101.7,,179.01,,166.97
1510,115,Side,,14.04,108.43,108.43,,179.64,,166.24
1510,116,Side,,18.07,113.2,113.2,,179.64,,165.51
1510,117,Side,,25.04,121.46,121.46,,179.92,,165.46
1510,118,Side,,29.25,126.19,126.19,,178.99,,163.86
1510,119,Side,,37.12,137.08,137.08,,179.65,,163.93
1510,120,Side,,38.33,138.03,138.03,,177.76,,162.3
1510,121,Side,,39.18,138.48,138.48,,178.81,,161.18
1510,122,Side,,43.08,142.52,142.52,,178.22,,162.09
1510,123,Side,,46.6,145.42,145.42,,175.92,,161.25
1510,124,Side,,47.94,145.36,145.36,,175.55,,162.39
1510,125,Side,,55.89,155.35,155.35,,177.37,,163.85
1510,126,Side,,52.45,152.04,152.04,,175.91,,163.25
1510,127,Side,,53.72,152.65,152.65,,173.46,,162.41
1510,128,Side,,60.22,162.06,162.06,,173.75,,162.13
1510,129,Side,,58.37,159.71,159.71,,171.0,,162.28
1510,130,Side,,58.05,160.51,160.51,,171.8,,162.81
1510,131,Side,,58.65,162.38,162.38,,171.59,,161.4
1510,132,Side,,64.41,169.21,169.21,,172.63,,162.21
1510,133,Side,,65.22,170.26,170.26,,173.12,,163.41
1510,134,Side,,65.58,170.43,170.43,,171.93,,162.42
1510,135,Side,,66.04,170.28,170.28,,171.3,,163.57
1510,136,Side,,60.46,168.45,168.45,,175.04,,164.42
1510,137,Side,,61.06,168.45,168.45,,174.07,,164.18
1510,138,Side,,61.85,168.45,168.45,,172.96,,164.72
1510,139,Side,,62.64,168.45,168.45,,171.5,,164.19
1510,140,Side,,70.13,171.63,171.63,,166.51,,163.52
1510,141,Side,,70.27,171.63,171.63,,166.37,,163.67
1510,142,Side,,70.27,171.63,171.63,,166.37,,163.67
1511,1,Front/Back,180.0,180.0,180.0,180.0,,,,
1511,2,Front/Back,180.0,180.0,180.0,180.0,,,,
1511,3,Front/Back,180.0,180.0,156.82,180.0,,,,
1511,4,Front/Back,180.0,180.0,163.66,180.0,,,,
1511,5,Front/Back,180.0,180.0,156.52,180.0,,,,
1511,6,Front/Back,180.0,180.0,156.3,180.0,,,,
1511,7,Front/Back,180.0,180.0,156.14,180.0,,,,
1511,8,Front/Back,180.0,180.0,159.09,180.0,,,,
1511,9,Front/Back,180.0,180.0,159.06,180.0,,,,
1511,10,Front/Back,180.0,180.0,159.09,180.0,,,,
1511,11,Front/Back,172.83,180.0,159.2,180.0,,,,
1511,12,Front/Back,180.0,168.42,159.63,168.42,,,,
1511,13,Front/Back,167.19,148.04,167.19,148.04,,,,
1511,14,Front/Back,150.89,140.29,150.89,140.29,,,,
1511,15,Front/Back,145.06,137.66,145.05,137.66,,,,
1511,16,Front/Back,137.48,136.48,137.48,136.48,,,,
1511,17,Front/Back,127.6,131.3,136.22,131.3,,,,
1511,18,Front/Back,113.35,130.83,134.88,130.83,,,,
1511,19,Front/Back,124.39,125.6,119.35,133.54,,,,
1511,20,Front/Back,117.47,111.72,114.0,131.3,,,,
1511,21,Front/Back,109.44,104.49,113.32,129.93,,,,
1511,22,Front/Back,122.25,106.38,99.29,127.37,,,,
1511,23,Front/Back,112.62,94.76,100.0,119.91,,,,
1511,24,Front/Back,98.55,89.95,102.83,120.94,,,,
1511,25,Front/Back,97.52,91.2,106.53,121.55,,,,
1511,26,Front/Back,123.77,122.36,111.71,139.68,,,,
1511,27,Front/Back,114.67,147.67,118.33,147.67,,,,
1511,28,Front/Back,131.4,154.51,127.19,154.5,,,,
1511,29,Front/Back,143.25,154.51,135.63,137.7,,,,
1511,30,Front/Back,160.58,166.38,160.58,166.37,,,,
1511,31,Front/Back,179.97,179.97,179.97,179.97,,,,
1511,32,Front/Back,180.0,179.99,176.51,179.97,,,,
1511,33,Front/Back,180.0,166.53,176.51,179.97,,,,
1511,34,Front/Back,180.0,163.8,167.54,179.99,,,,
1511,35,Front/Back,180.0,143.46,167.93,163.36,,,,
1511,36,Front/Back,180.0,137.79,167.93,163.36,,,,
1511,37,Front/Back,180.0,138.99,167.93,163.36,,,,
1511,38,Front/Back,180.0,138.36,167.93,163.36,,,,
1511,39,Front/Back,180.0,138.36,167.93,163.36,,,,
1511,40,Front/Back,180.0,146.57,167.93,171.58,,,,
1511,41,Front/Back,180.0,146.57,167.93,171.58,,,,
1511,42,Front/Back,180.0,154.42,167.93,180.0,,,,
1511,43,Front/Back,180.0,154.42,167.93,180.0,,,,
1511,44,Front/Back,180.0,156.23,180.0,180.0,,,,
1511,45,Front/Back,180.0,139.52,180.0,170.2,,,,
1511,46,Front/Back,180.0,139.52,180.0,170.2,,,,
1511,47,Front/Back,170.07,130.56,180.0,163.11,,,,
1511,48,Front/Back,156.83,126.21,161.97,160.55,,,,
1511,49,Front/Back,141.67,122.28,139.28,158.32,,,,
1511,50,Front/Back,132.33,139.29,132.96,170.34,,,,
1511,51,Front/Back,122.37,127.94,129.05,148.99,,,,
1511,52,Front/Back,115.68,120.33,124.24,144.85,,,,
1511,53,Front/Back,106.65,113.73,116.0,141.45,,,,
1511,54,Front/Back,104.16,97.28,137.47,128.79,,,,
1511,55,Front/Back,104.57,90.89,125.13,124.57,,,,
1511,56,Front/Back,101.68,87.18,111.03,120.86,,,,
1511,57,Front/Back,115.04,106.86,107.94,140.36,,,,
1511,58,Front/Back,118.47,96.12,105.35,130.91,,,,
1511,59,Front/Back,114.32,95.35,101.07,129.52,,,,
1511,60,Front/Back,101.51,92.42,99.23,128.83,,,,
1511,61,Front/Back,122.25,99.96,96.28,125.25,,,,
1511,62,Front/Back,123.32,104.57,97.36,122.59,,,,
1511,63,Front/Back,109.37,95.78,97.09,119.0,,,,
1511,64,Front/Back,123.99,97.55,97.75,117.06,,,,
1511,65,Front/Back,126.3,95.64,99.86,114.58,,,,
1511,66,Front/Back,115.81,93.67,104.38,116.29,,,,
1511,67,Front/Back,114.84,97.54,112.78,113.49,,,,
1511,68,Front/Back,138.99,105.9,115.29,116.94,,,,
1511,69,Front/Back,142.68,112.08,121.88,119.9,,,,
1511,70,Front/Back,145.16,121.21,127.8,123.44,,,,
1511,71,Front/Back,156.95,140.39,132.96,126.55,,,,
1511,72,Front/Back,166.37,145.57,145.42,131.74,,,,
1511,73,Front/Back,169.51,148.55,156.61,135.01,,,,
1511,74,Front/Back,180.0,159.46,162.64,145.92,,,,
1511,75,Front/Back,170.07,156.3,167.93,166.46,,,,
1511,76,Front/Back,180.0,161.57,168.47,166.17,,,,
1511,77,Front/Back,180.0,160.56,180.0,166.46,,,,
1511,78,Front/Back,180.0,160.09,180.0,174.47,,,,
1511,79,Front/Back,180.0,154.71,180.0,174.47,,,,
1511,80,Front/Back,180.0,157.88,180.0,175.9,,,,
1511,81,Front/Back,180.0,158.77,180.0,175.9,,,,
1511,82,Front/Back,180.0,157.2,180.0,179.99,,,,
1511,83,Front/Back,180.0,154.06,163.66,180.0,,,,
1512,1,Front/Back,180.0,180.0,180.0,180.0,,,,
1512,2,Front/Back,180.0,180.0,180.0,180.0,,,,
1512,3,Front/Back,180.0,180.0,173.8,180.0,,,,
1512,4,Front/Back,180.0,180.0,169.05,180.0,,,,
1512,5,Front/Back,180.0,180.0,180.0,180.0,,,,
1512,6,Front/Back,180.0,180.0,175.83,180.0,,,,
1512,7,Front/Back,180.0,180.0,180.0,180.0,,,,
1512,8,Front/Back,180.0,180.0,180.0,180.0,,,,
1512,9,Front/Back,180.0,180.0,180.0,180.0,,,,
1512,10,Front/Back,180.0,180.0,180.0,180.0,,,,
1512,11,Front/Back,180.0,180.0,173.63,180.0,,,,
1512,12,Front/Back,180.0,180.0,180.0,180.0,,,,
1512,13,Front/Back,180.0,180.0,180.0,180.0,,,,
1512,14,Front/Back,180.0,180.0,180.0,180.0,,,,
1512,15,Front/Back,180.0,180.0,180.0,180.0,,,,
1512,16,Front/Back,173.09,180.0,173.09,180.0,,,,
1512,17,Front/Back,167.67,180.0,167.67,179.99,,,,
1512,18,Front/Back,168.42,180.0,168.42,169.48,,,,
1512,19,Front/Back,166.43,180.0,166.43,165.53,,,,
1512,20,Front/Back,165.17,180.0,165.17,179.99,,,,
1512,21,Front/Back,164.46,180.0,164.46,163.26,,,,
1512,22,Front/Back,165.24,180.0,165.24,166.52,,,,
1512,23,Front/Back,166.33,180.0,166.33,172.89,,,,
1512,24,Front/Back,164.46,180.0,164.46,167.13,,,,
1512,25,Front/Back,165.17,166.26,165.17,167.84,,,,
1512,26,Front/Back,148.74,158.45,170.98,170.69,,,,
1512,27,Front/Back,138.36,153.38,146.58,163.02,,,,
1512,28,Front/Back,142.45,166.76,147.92,172.04,,,,
1512,29,Front/Back,148.4,171.61,147.05,176.56,,,,
1512,30,Front/Back,153.46,180.0,149.78,176.56,,,,
1512,31,Front/Back,161.33,180.0,145.85,180.0,,,,
1512,32,Front/Back,166.57,180.0,153.86,176.56,,,,
1512,33,Front/Back,166.25,180.0,150.41,176.56,,,,
1512,34,Front/Back,170.2,180.0,152.93,174.35,,,,
1512,35,Front/Back,170.53,180.0,153.25,174.35,,,,
1512,36,Front/Back,180.0,180.0,161.48,174.35,,,,
1512,37,Front/Back,172.84,180.0,155.57,167.84,,,,
1512,38,Front/Back,180.0,180.0,160.8,167.84,,,,
1512,39,Front/Back,180.0,180.0,159.87,167.84,,,,
1512,40,Front/Back,180.0,180.0,161.35,164.32,,,,
1512,41,Front/Back,177.97,180.0,158.44,164.32,,,,
1512,42,Front/Back,180.0,180.0,160.48,163.76,,,,
1512,43,Front/Back,180.0,180.0,162.14,163.76,,,,
1512,44,Front/Back,170.23,180.0,151.55,167.13,,,,
1512,45,Front/Back,167.45,180.0,148.76,167.13,,,,
1512,46,Front/Back,180.0,180.0,180.0,167.13,,,,
1512,47,Front/Back,177.97,180.0,175.02,166.52,,,,
1512,48,Front/Back,170.98,180.0,168.04,166.52,,,,
1512,49,Front/Back,174.24,180.0,174.24,170.86,,,,
1512,50,Front/Back,170.53,180.0,170.53,170.86,,,,
1512,51,Front/Back,169.01,180.0,169.01,170.86,,,,
1512,52,Front/Back,167.47,180.0,167.47,180.0,,,,
1512,53,Front/Back,166.81,180.0,166.81,179.99,,,,
1512,54,Front/Back,180.0,180.0,180.0,179.99,,,,
1512,55,Front/Back,180.0,180.0,180.0,179.99,,,,
1512,56,Front/Back,180.0,180.0,180.0,179.99,,,,
1512,57,Front/Back,173.27,180.0,179.99,179.99,,,,
1512,58,Front/Back,179.98,179.98,179.98,179.98,,,,
1512,59,Front/Back,170.94,162.87,179.99,177.5,,,,
1512,60,Front/Back,170.94,152.63,179.99,170.23,,,,
1512,61,Front/Back,167.18,140.68,174.97,160.1,,,,
1512,62,Front/Back,158.55,143.83,180.0,160.39,,,,
1512,63,Front/Back,156.7,142.03,180.0,161.13,,,,
1512,64,Front/Back,150.96,142.49,171.52,161.58,,,,
1512,65,Front/Back,149.56,143.37,180.0,162.1,,,,
1512,66,Front/Back,144.91,143.59,171.52,162.69,,,,
1512,67,Front/Back,142.98,139.37,180.0,164.31,,,,
1512,68,Front/Back,142.98,138.7,180.0,165.75,,,,
1512,69,Front/Back,141.14,139.66,180.0,168.66,,,,
1512,70,Front/Back,138.99,136.1,180.0,163.68,,,,
1512,71,Front/Back,137.96,137.22,180.0,168.21,,,,
1512,72,Front/Back,139.69,143.86,180.0,176.45,,,,
1512,73,Front/Back,139.69,142.32,180.0,176.45,,,,
1512,74,Front/Back,139.69,141.06,180.0,175.13,,,,
1512,75,Front/Back,139.69,139.62,180.0,175.13,,,,
1512,76,Front/Back,141.85,141.06,180.0,175.13,,,,
1512,77,Front/Back,141.85,139.88,180.0,175.13,,,,
1512,78,Front/Back,141.85,139.88,180.0,174.22,,,,
1512,79,Front/Back,142.98,141.62,180.0,174.22,,,,
1512,80,Front/Back,141.85,140.5,180.0,174.22,,,,
1512,81,Front/Back,142.98,141.95,180.0,174.22,,,,
1512,82,Front/Back,144.15,143.12,180.0,173.55,,,,
1512,83,Front/Back,149.28,145.98,180.0,172.68,,,,
1512,84,Front/Back,151.55,147.12,180.0,180.0,,,,
1512,85,Front/Back,158.3,152.43,180.0,180.0,,,,
1512,86,Front/Back,162.62,154.51,180.0,180.0,,,,
1512,87,Front/Back,170.53,156.76,180.0,180.0,,,,
1512,88,Front/Back,170.53,156.76,180.0,180.0,,,,
1512,89,Front/Back,177.54,156.76,180.0,180.0,,,,
1512,90,Front/Back,180.0,154.76,180.0,180.0,,,,
1512,91,Front/Back,173.27,150.71,180.0,180.0,,,,
1512,92,Front/Back,180.0,152.67,180.0,180.0,,,,
1512,93,Front/Back,180.0,156.76,180.0,180.0,,,,
1512,94,Front/Back,180.0,159.24,180.0,180.0,,,,
1512,95,Front/Back,180.0,165.36,180.0,180.0,,,,
1512,96,Front/Back,180.0,169.2,180.0,180.0,,,,
1512,97,Front/Back,180.0,169.66,180.0,180.0,,,,
1512,98,Front/Back,180.0,180.0,180.0,180.0,,,,
1513,1,Side,,60.72,165.72,165.72,,173.39,,168.64
1513,2,Side,,59.91,161.7,161.7,,171.46,,167.23
1513,3,Side,,59.95,161.86,161.86,,169.3,,167.02
1513,4,Side,,59.12,159.21,159.21,,170.78,,166.83
1513,5,Side,,57.93,155.69,155.69,,170.75,,166.66
1513,6,Side,,57.1,154.64,154.64,,170.88,,166.63
1513,7,Side,,47.51,146.45,146.45,,171.8,,176.87
1513,8,Side,,45.6,138.95,138.95,,172.58,,176.99
1513,9,Side,,44.71,136.55,136.55,,173.63,,177.92
1513,10,Side,,36.69,125.73,125.73,,174.05,,178.07
1513,11,Side,,33.23,47.28,118.84,,175.61,,178.14
1513,12,Side,,28.55,47.0,116.13,,173.56,,179.09
1513,13,Side,,23.09,43.88,107.97,,173.98,,179.2
1513,14,Side,,20.92,40.1,108.73,,174.31,,178.58
1513,15,Side,,12.33,37.53,100.84,,174.05,,179.3
1513,16,Side,,8.32,34.72,97.76,,173.84,,178.59
1513,17,Side,,12.75,36.26,97.66,,175.16,,178.62
1513,18,Side,,18.23,39.11,101.57,,177.23,,177.27
1513,19,Side,,20.48,41.58,103.58,,178.1,,177.3
1513,20,Side,,25.16,43.61,107.26,,179.89,,175.95
1513,21,Side,,29.46,110.73,110.73,,178.98,,175.24
1513,22,Side,,37.72,117.71,117.71,,179.47,,174.83
1513,23,Side,,43.06,133.39,133.39,,177.14,,175.64
1513,24,Side,,45.78,139.72,139.72,,177.71,,174.2
1513,25,Side,,53.45,143.89,143.89,,170.66,,167.25
1513,26,Side,,54.85,147.16,147.16,,169.67,,165.56
1513,27,Side,,63.57,163.66,163.66,,168.88,,167.18
1513,28,Side,,63.54,166.2,166.2,,170.14,,168.65
1513,29,Side,,64.54,119.04,169.1,,170.4,,169.09
1514,1,Side,42.45,,141.09,141.09,168.15,,170.43,
1514,2,Side,42.51,,140.65,140.65,167.18,,169.46,
1514,3,Side,43.09,,141.37,141.37,166.39,,167.38,
1514,4,Side,45.32,,137.73,137.73,160.85,,166.02,
1514,5,Side,44.76,,137.94,137.94,160.85,,165.52,
1514,6,Side,44.23,,138.08,138.08,160.65,,163.53,
1514,7,Side,43.46,,135.6,135.6,160.74,,164.39,
1514,8,Side,42.22,,133.93,133.93,163.04,,166.55,
1514,9,Side,42.04,,131.83,131.83,162.15,,166.29,
1514,10,Side,40.89,,131.21,131.21,163.41,,166.53,
1514,11,Side,37.77,,130.13,130.13,167.97,,166.85,
1514,12,Side,36.45,,126.56,126.56,170.44,,171.43,
1514,13,Side,35.91,,124.84,124.84,170.32,,170.94,
1514,14,Side,35.11,,122.41,122.41,170.68,,170.68,
1514,15,Side,34.74,,121.41,121.41,170.81,,169.83,
1514,16,Side,34.74,,121.77,141.85,170.81,,169.34,
1514,17,Side,34.59,,121.55,144.73,173.07,,170.14,
1514,18,Side,39.36,,124.29,154.76,173.39,,170.46,
1514,19,Side,43.41,,125.52,158.7,168.89,,167.68,
1514,20,Side,46.31,,127.45,162.09,169.16,,169.68,
1514,21,Side,48.37,,128.65,168.0,169.96,,169.32,
1514,22,Side,48.96,,127.65,167.95,170.05,,170.05,
1514,23,Side,44.61,,124.93,169.19,178.92,,175.97,
1514,24,Side,46.49,,125.23,169.34,178.54,,175.88,
1514,25,Side,47.13,,124.42,173.0,176.64,,177.01,
1514,26,Side,47.44,,123.42,178.34,177.64,,165.61,
1514,27,Side,49.98,,127.78,175.52,179.4,,166.87,
1514,28,Side,55.58,,132.18,168.54,176.07,,165.57,
1514,29,Side,57.23,,140.71,161.91,178.81,,167.54,
1514,30,Side,61.59,,145.91,154.18,179.95,,167.32,
1514,31,Side,1.6,,69.78,69.78,170.27,,168.0,
1514,32,Side,0.99,,67.74,67.74,168.93,,166.4,
1514,33,Side,5.45,,64.41,64.41,169.19,,165.21,
1514,34,Side,9.92,,60.1,60.1,167.67,,163.83,
1514,35,Side,10.05,,56.71,56.71,165.77,,162.05,
1514,36,Side,14.2,,53.3,53.3,164.52,,161.76,
1514,37,Side,18.78,,47.23,47.23,163.44,,161.26,
1514,38,Side,23.13,,42.15,42.15,163.12,,161.17,
1514,39,Side,32.85,,35.07,35.07,163.01,,161.28,
1514,40,Side,36.82,,29.67,29.67,163.33,,162.66,
1514,41,Side,39.2,,26.8,26.8,164.19,,163.36,
1514,42,Side,38.96,,24.45,24.45,165.3,,163.63,
1514,43,Side,39.46,,22.82,22.82,164.81,,163.47,
1514,44,Side,41.08,,19.7,19.7,163.65,,162.5,
1514,45,Side,42.28,,16.69,16.69,162.7,,161.39,
1514,46,Side,42.31,,14.53,14.53,166.29,,169.19,
1514,47,Side,40.84,,15.56,15.56,162.7,,161.39,
1514,48,Side,41.13,,16.32,16.32,166.82,,168.18,
1514,49,Side,42.13,,17.1,17.1,168.49,,170.92,
1514,50,Side,41.69,,18.63,18.63,168.84,,170.94,
1514,51,Side,41.1,,21.03,21.03,169.91,,170.94,
1514,52,Side,41.61,,22.03,22.03,170.53,,172.08,
1514,53,Side,38.6,,27.06,27.06,170.89,,172.62,
1514,54,Side,37.65,,28.02,28.02,170.89,,173.16,
1514,55,Side,35.34,,30.3,30.3,171.26,,173.7,
1514,56,Side,34.02,,31.98,31.98,172.86,,175.47,
1514,57,Side,30.61,,35.75,35.75,172.71,,175.49,
1514,58,Side,30.22,,38.1,38.1,173.31,,175.93,
1514,59,Side,28.15,,41.26,41.26,173.9,,176.36,
1514,60,Side,25.74,,44.4,44.4,174.26,,177.43,
1514,61,Side,22.51,,49.16,49.16,174.94,,177.89,
1514,62,Side,19.8,,51.75,51.75,172.82,,176.29,
1514,63,Side,15.61,,54.79,54.79,170.61,,175.01,
1514,64,Side,13.04,,57.54,57.54,168.62,,172.91,
1514,65,Side,3.36,,66.26,66.26,167.2,,172.02,
1514,66,Side,39.06,,115.97,162.44,171.31,,168.92,
1514,67,Side,40.95,,118.11,159.89,172.14,,170.21,
1514,68,Side,45.28,,129.47,167.47,178.17,,169.93,
1514,69,Side,46.9,,132.16,170.66,177.46,,167.78,
1514,70,Side,48.39,,134.45,172.42,178.02,,167.7,
1514,71,Side,49.36,,135.98,174.2,178.61,,167.88,
1514,72,Side,49.92,,137.16,174.61,178.18,,167.15,
1514,73,Side,47.69,,134.26,169.71,176.49,,166.33,
1514,74,Side,47.9,,136.12,169.27,176.8,,166.06,
1514,75,Side,49.32,,136.87,172.71,175.92,,165.01,
1514,76,Side,48.8,,136.74,136.74,178.16,,170.47,
1514,77,Side,48.23,,138.06,138.06,177.92,,170.72,
1514,78,Side,48.83,,141.34,141.34,177.09,,170.76,
1514,79,Side,49.32,,143.71,143.71,177.0,,171.0,
1514,80,Side,47.82,,144.73,144.73,177.43,,171.62,
1514,81,Side,45.54,,142.61,142.61,177.6,,171.97,
1514,82,Side,43.97,,142.1,142.1,177.6,,172.59,
1514,83,Side,40.34,,135.37,135.37,178.34,,173.65,
1514,84,Side,40.6,,136.07,136.07,178.08,,174.13,
1514,85,Side,40.08,,136.73,136.73,178.49,,174.85,
1514,86,Side,39.9,,137.49,137.49,178.67,,175.32,
1514,87,Side,38.98,,137.54,137.54,179.09,,175.72,
1514,88,Side,41.0,,143.03,143.03,179.48,,177.16,
1514,89,Side,40.08,,141.17,141.17,179.07,,177.55,
1514,90,Side,39.17,,139.32,139.32,178.32,,178.6,
1515,1,Side,43.45,,133.39,152.17,155.81,,164.35,
1515,2,Side,42.95,,131.93,152.68,152.76,,158.47,
1515,3,Side,43.06,,130.74,149.68,151.68,,157.14,
1515,4,Side,42.05,,129.3,150.98,152.05,,156.37,
1515,5,Side,41.64,,127.73,148.14,149.74,,156.39,
1515,6,Side,41.0,,126.96,148.61,150.95,,156.21,
1515,7,Side,39.58,,125.9,149.45,152.43,,157.33,
1515,8,Side,37.08,,123.12,150.07,152.07,,155.75,
1515,9,Side,36.02,,122.2,148.27,153.94,,157.75,
1515,10,Side,33.4,,118.73,147.6,155.42,,158.14,
1515,11,Side,33.5,,121.0,148.61,158.15,,159.14,
1515,12,Side,33.07,,120.12,149.34,158.63,,159.77,
1515,13,Side,27.98,,109.38,151.69,154.18,,159.0,
1515,14,Side,26.45,,106.99,154.22,154.76,,159.38,
1515,15,Side,25.3,,104.18,159.18,153.85,,159.38,
1515,16,Side,23.62,,102.25,60.18,154.44,,159.75,
1515,17,Side,21.95,,100.9,56.62,156.88,,160.77,
1515,18,Side,20.5,,98.78,54.59,158.35,,161.59,
1515,19,Side,19.36,,99.54,52.47,160.26,,162.88,
1515,20,Side,14.01,,95.26,46.03,169.72,,171.07,
1515,21,Side,11.6,,93.24,96.57,173.82,,177.8,
1515,22,Side,12.45,,92.67,96.66,173.08,,178.29,
1515,23,Side,9.36,,82.94,90.58,162.08,,171.4,
1515,24,Side,6.11,,80.4,89.26,162.26,,171.49,
1515,25,Side,3.37,,77.25,86.53,162.38,,171.74,
1515,26,Side,0.55,,74.99,83.62,162.79,,172.23,
1515,27,Side,1.68,,73.65,83.56,164.24,,172.79,
1515,28,Side,5.16,,71.34,81.29,164.55,,171.1,
1515,29,Side,7.67,,69.71,80.62,160.86,,161.17,
1515,30,Side,11.09,,67.68,81.02,162.55,,161.32,
1515,31,Side,13.66,,67.38,81.58,163.27,,160.56,
1515,32,Side,14.33,,69.43,82.85,163.92,,158.14,
1515,33,Side,18.9,,74.01,91.45,164.66,,157.49,
1515,34,Side,20.53,,72.37,91.46,167.11,,159.95,
1515,35,Side,15.23,,77.69,93.86,170.56,,163.24,
1515,36,Side,15.48,,74.75,91.73,173.79,,165.58,
1515,37,Side,14.67,,77.32,94.18,173.95,,166.4,
1515,38,Side,15.99,,77.83,95.38,174.72,,167.9,
1515,39,Side,14.94,,79.8,96.87,174.01,,167.15,
1515,40,Side,16.04,,80.51,98.06,174.29,,167.36,
1515,41,Side,16.15,,81.81,100.66,174.03,,168.25,
1515,42,Side,15.02,,82.48,99.62,173.75,,167.5,
1515,43,Side,18.7,,78.52,97.31,173.6,,168.13,
1515,44,Side,16.43,,81.68,98.75,172.01,,166.54,
1515,45,Side,16.24,,81.84,98.64,171.48,,165.16,
1515,46,Side,15.04,,83.03,99.22,171.32,,165.8,
1515,47,Side,11.63,,87.38,107.55,167.02,,164.99,
1515,48,Side,10.33,,88.98,108.83,166.02,,163.56,
1515,49,Side,7.01,,93.75,109.07,167.1,,162.14,
1515,50,Side,1.05,,102.19,109.43,169.79,,163.07,
1515,51,Side,2.72,,88.78,94.28,169.41,,161.7,
1515,52,Side,0.75,,90.6,94.44,168.58,,160.93,
1515,53,Side,3.66,,94.44,95.29,170.75,,162.89,
1515,54,Side,6.75,,96.67,96.05,171.49,,164.57,
1515,55,Side,9.31,,97.98,99.21,171.02,,165.67,
1515,56,Side,11.1,,98.31,43.37,171.75,,165.85,
1515,57,Side,12.86,,98.08,44.94,168.92,,164.71,
1515,58,Side,15.38,,99.9,47.77,165.7,,163.04,
1515,59,Side,14.43,,96.22,53.04,161.04,,162.81,
1515,60,Side,16.5,,100.63,55.17,161.56,,162.24,
1515,61,Side,22.18,,109.71,154.29,162.76,,161.95,
1515,62,Side,23.58,,111.14,150.81,162.46,,161.79,
1515,63,Side,24.75,,113.45,148.64,163.54,,164.31,
1515,64,Side,26.77,,114.8,146.86,161.45,,162.94,
1515,65,Side,24.91,,113.63,154.41,161.87,,164.82,
1515,66,Side,32.96,,123.5,148.72,161.17,,163.6,
1515,67,Side,32.04,,121.19,147.99,160.61,,165.12,
1515,68,Side,34.97,,122.17,147.99,159.57,,164.09,
1515,69,Side,37.1,,125.27,153.33,159.59,,164.46,
1515,70,Side,39.96,,128.54,152.97,159.72,,167.35,
1515,71,Side,41.22,,130.87,157.36,160.79,,168.08,
1515,72,Side,42.63,,131.89,161.07,160.3,,167.8,
1515,73,Side,42.79,,133.61,161.06,160.92,,168.68,
1515,74,Side,40.59,,130.12,165.9,159.25,,168.41,
1515,75,Side,41.03,,129.84,164.39,158.81,,169.14,
1515,76,Side,41.18,,133.91,166.99,158.81,,169.52,
1515,77,Side,40.17,,132.3,168.6,159.94,,171.78,
1515,78,Side,39.55,,130.9,170.22,159.94,,171.78,
1515,79,Side,38.94,,129.52,169.18,159.94,,171.78,
1516,1,Side,,,,,,,,
1516,2,Side,,,,,,,,
1516,3,Side,,,,,,,,
1516,4,Side,,,,,,,,
1516,5,Side,,,,,,,,
1516,6,Side,,,,,,,,
1516,7,Side,,,,,,,,
1516,8,Side,,,,,,,,
1516,9,Side,,,,,,,,
1516,10,Side,,,,,,,,
1516,11,Side,,,,,,,,
1516,12,Side,,,,,,,,
1516,13,Side,,,,,,,,
1516,14,Side,,,,,,,,
1516,15,Side,,,,,,,,
1516,16,Side,,,,,,,,
1516,17,Side,,,,,,,,
1516,18,Side,,,,,,,,
1516,19,Side,,,,,,,,
1516,20,Side,,,,,,,,
1516,21,Side,,,,,,,,
1516,22,Side,,,,,,,,
1516,23,Side,,,,,,,,
1516,24,Side,,,,,,,,
1516,25,Side,,,,,,,,
1516,26,Side,,,,,,,,
1516,27,Side,,,,,,,,
1516,28,Side,,,,,,,,
1516,29,Side,,,,,,,,
1516,30,Side,,,,,,,,
1516,31,Side,,,,,,,,
1516,32,Side,,,,,,,,
1516,33,Side,,,,,,,,
1516,34,Side,,,,,,,,
1516,35,Side,,,,,,,,
1516,36,Side,,,,,,,,
1516,37,Side,,,,,,,,
1516,38,Side,,,,,,,,
1516,39,Side,,,,,,,,
1516,40,Side,,,,,,,,
1516,41,Side,,,,,,,,
1516,42,Side,,,,,,,,
1516,43,Side,,,,,,,,
1516,44,Side,,,,,,,,
1516,45,Side,,,,,,,,
1516,46,Side,,,,,,,,
1516,47,Side,,,,,,,,
1516,48,Side,,,,,,,,
1516,49,Side,,,,,,,,
1516,50,Side,,,,,,,,
1516,51,Side,,,,,,,,
1516,52,Side,,,,,,,,
1516,53,Side,,,,,,,,
1516,54,Side,,,,,,,,
1516,55,Side,,,,,,,,
1516,56,Side,,,,,,,,
1516,57,Side,,,,,,,,
1516,58,Side,,,,,,,,
1516,59,Side,,,,,,,,
1516,60,Side,,,,,,,,
1516,61,Side,,,,,,,,
1516,62,Side,,,,,,,,
1516,63,Side,,,,,,,,
1516,64,Side,,,,,,,,
1516,65,Side,,,,,,,,
1516,66,Side,,,,,,,,
1516,67,Side,,,,,,,,
1516,68,Side,,,,,,,,
1517,1,Side,119.37,94.63,92.52,92.52,,,,
1517,2,Side,117.09,93.48,87.25,87.25,,,,
1517,3,Side,115.67,93.54,82.16,82.16,,,,
1517,4,Side,113.74,91.96,82.25,82.25,,,,
1517,5,Side,113.89,93.85,77.27,77.27,,,,
1517,6,Side,110.3,91.66,76.49,76.49,,,,
1517,7,Side,107.32,89.4,75.99,75.99,,,,
1517,8,Side,104.18,86.95,75.48,75.48,,,,
1517,9,Side,101.4,86.67,77.22,77.22,,,,
1517,10,Side,98.84,85.4,78.35,78.35,,,,
1517,11,Side,67.85,84.8,73.47,77.28,,,,
1517,12,Side,67.88,84.56,79.79,83.71,,,,
1517,13,Side,68.63,83.16,80.01,85.79,,,,
1517,14,Side,67.48,81.87,86.3,92.6,,,,
1517,15,Side,68.23,80.31,89.13,95.73,,,,
1517,16,Side,67.83,79.31,91.55,98.92,,,,
1517,17,Side,67.74,79.96,93.94,101.96,,,,
1517,18,Side,67.7,80.69,96.06,103.67,,,,
1517,19,Side,68.02,81.52,95.97,103.81,,,,
1517,20,Side,67.42,82.03,92.33,100.29,,,,
1517,21,Side,64.18,81.35,92.98,102.78,,,,
1517,22,Side,67.91,78.42,95.68,103.13,,,,
1517,23,Side,67.88,78.82,96.6,103.9,,,,
1517,24,Side,68.74,80.52,98.62,106.12,,,,
1517,25,Side,68.69,81.38,99.6,107.32,,,,
1517,26,Side,68.48,81.18,100.08,108.01,,,,
1517,27,Side,69.53,77.62,105.92,111.55,,,,
1517,28,Side,69.2,77.57,106.73,112.97,,,,
1517,29,Side,70.65,79.25,112.82,120.55,,,,
1517,30,Side,70.31,79.55,113.21,121.59,,,,
1517,31,Side,72.26,78.75,56.54,127.69,,,,
1517,32,Side,73.21,81.59,57.86,131.42,,,,
1517,33,Side,75.74,83.18,59.9,133.98,,,,
1517,34,Side,77.75,84.79,62.2,137.47,,,,
1517,35,Side,80.08,92.54,63.69,141.15,,,,
1517,36,Side,82.24,94.37,65.37,143.77,,,,
1517,37,Side,81.44,95.01,67.94,148.04,,,,
1517,38,Side,83.52,95.84,69.64,150.15,,,,
1517,39,Side,84.31,96.6,72.77,153.28,,,,
1517,40,Side,85.05,97.46,72.97,155.23,,,,
1518,1,Side,,65.12,162.52,162.52,,178.12,,169.29
1518,2,Side,,59.61,155.71,155.71,,175.37,,168.24
1518,3,Side,,61.13,163.71,163.71,,170.84,,175.63
1518,4,Side,,60.24,161.94,161.94,,171.71,,175.63
1518,5,Side,,60.57,161.62,161.62,,172.19,,175.88
1518,6,Side,,58.88,159.72,159.72,,172.39,,174.38
1518,7,Side,,57.58,156.98,156.98,,172.02,,174.55
1518,8,Side,,57.82,156.56,156.56,,172.68,,174.61
1518,9,Side,,53.58,148.91,148.91,,172.87,,173.73
1518,10,Side,,54.64,152.32,152.32,,173.54,,172.82
1518,11,Side,,53.4,151.75,151.75,,170.67,,175.03
1518,12,Side,,51.2,148.88,148.88,,171.21,,174.29
1518,13,Side,,50.39,147.4,147.4,,172.0,,173.29
1518,14,Side,,48.06,144.9,144.9,,171.06,,173.55
1518,15,Side,,49.71,143.06,143.06,,179.16,,168.09
1518,16,Side,,46.64,139.19,139.19,,179.84,,167.07
1518,17,Side,,43.73,136.28,136.28,,179.96,,166.38
1518,18,Side,,43.56,136.96,136.96,,179.7,,167.36
1518,19,Side,,41.1,133.56,133.56,,179.52,,166.52
1518,20,Side,,34.67,125.46,125.46,,178.29,,168.81
1518,21,Side,,31.5,122.19,122.19,,177.23,,169.97
1518,22,Side,,27.79,118.48,118.48,,174.91,,173.32
1518,23,Side,,24.53,115.12,115.12,,173.89,,174.48
1518,24,Side,,21.2,114.89,114.89,,164.67,,179.59
1518,25,Side,,15.51,108.66,108.66,,164.18,,179.15
1518,26,Side,,13.0,103.89,103.89,,168.96,,178.33
1518,27,Side,,11.5,102.95,102.95,,167.28,,179.5
1518,28,Side,,9.08,100.53,100.53,,167.28,,178.73
1518,29,Side,,13.85,105.29,105.29,,169.52,,176.49
1518,30,Side,,16.09,109.74,109.74,,164.86,,178.94
1518,31,Side,,17.56,110.28,110.28,,164.16,,179.02
1518,32,Side,,19.58,112.3,112.3,,164.24,,179.66
1518,33,Side,,13.31,102.79,102.79,,168.67,,178.47
1518,34,Side,,15.5,104.98,104.98,,168.67,,179.25
1518,35,Side,,19.04,109.15,109.15,,169.26,,177.99
1518,36,Side,,20.71,110.28,110.28,,169.79,,178.78
1518,37,Side,,24.6,116.33,116.33,,167.9,,179.6
1518,38,Side,,30.3,122.78,122.78,,168.31,,179.22
1518,39,Side,,34.92,130.37,130.37,,168.22,,178.83
1518,40,Side,,38.38,134.65,134.65,,168.77,,178.46
1518,41,Side,,42.47,139.52,139.52,,167.99,,179.02
1518,42,Side,,46.38,142.95,142.95,,170.79,,179.48
1518,43,Side,,54.92,154.95,154.95,,168.79,,179.85
1518,44,Side,,53.13,149.25,149.25,,175.23,,178.14
1518,45,Side,,65.25,162.7,162.7,,176.46,,170.73
1518,46,Side,,67.62,164.5,164.5,,173.32,,169.11
1518,47,Side,,68.57,164.74,164.74,,171.94,,169.39
1518,48,Side,,63.82,158.9,158.9,,175.73,,175.08
1518,49,Side,,64.22,159.3,159.3,,174.55,,173.89
1518,50,Side,,64.98,159.3,159.3,,173.43,,174.36
1518,51,Side,,67.08,160.76,160.76,,171.21,,172.79
1518,52,Side,,67.29,160.76,160.76,,170.19,,171.97
1519,1,Front/Back,180.0,180.0,180.0,146.5,180.0,180.0,165.05,115.75
1519,2,Front/Back,180.0,180.0,180.0,146.5,180.0,180.0,165.05,115.75
1519,3,Front/Back,180.0,180.0,180.0,149.81,180.0,180.0,165.05,115.75
1519,4,Front/Back,180.0,174.06,180.0,143.87,180.0,180.0,165.05,115.75
1519,5,Front/Back,180.0,180.0,180.0,152.73,180.0,180.0,165.05,115.75
1519,6,Front/Back,179.98,180.0,179.98,152.11,180.0,180.0,165.05,115.75
1519,7,Front/Back,170.96,180.0,170.96,151.64,180.0,180.0,165.05,115.75
1519,8,Front/Back,177.22,180.0,177.22,147.6,180.0,180.0,165.05,115.75
1519,9,Front/Back,169.17,180.0,169.17,159.72,180.0,180.0,165.05,115.75
1519,10,Front/Back,175.6,180.0,175.6,165.64,180.0,180.0,165.05,115.75
1519,11,Front/Back,180.0,180.0,180.0,165.76,180.0,180.0,165.05,115.75
1519,12,Front/Back,180.0,180.0,180.0,165.76,180.0,180.0,165.05,115.75
1519,13,Front/Back,180.0,180.0,180.0,165.76,180.0,180.0,165.05,115.75
1519,14,Front/Back,180.0,175.29,176.05,180.0,180.0,175.29,165.05,115.75
1519,15,Front/Back,174.43,180.0,174.43,180.0,180.0,180.0,165.05,115.75
1519,16,Front/Back,179.99,167.45,176.58,180.0,179.99,167.45,165.05,115.75
1519,17,Front/Back,179.97,179.97,179.97,179.97,179.97,179.95,179.97,179.95
1519,18,Front/Back,179.99,179.98,179.98,179.99,163.59,179.98,151.84,180.0
1519,19,Front/Back,179.99,179.98,179.98,179.99,163.59,179.98,163.61,180.0
1519,20,Front/Back,146.48,168.34,179.98,168.34,146.48,151.29,180.0,151.29
1519,21,Front/Back,146.48,170.0,179.98,170.0,146.48,138.98,180.0,138.98
1519,22,Front/Back,127.93,157.68,163.08,167.13,144.85,122.46,180.0,131.91
1519,23,Front/Back,129.81,147.72,169.17,166.26,140.64,113.37,180.0,131.91
1519,24,Front/Back,141.18,147.13,165.96,165.67,131.97,123.13,156.76,141.67
1519,25,Front/Back,136.34,131.32,164.99,126.76,132.33,160.21,145.1,180.0
1519,26,Front/Back,140.91,134.97,174.43,154.75,127.46,160.21,140.85,180.0
1519,27,Front/Back,123.07,139.2,158.22,131.86,125.83,167.76,134.9,157.14
1519,28,Front/Back,147.24,143.06,166.66,132.93,128.22,170.55,90.18,134.46
1519,29,Front/Back,154.72,144.72,166.66,144.72,135.7,180.0,84.16,119.05
1519,30,Front/Back,144.85,158.51,166.66,158.51,125.83,180.0,85.2,121.54
1519,31,Front/Back,151.43,161.83,166.66,161.83,132.41,180.0,95.84,153.57
1519,32,Front/Back,153.51,169.63,170.1,174.34,134.5,175.29,95.84,153.57
1519,33,Front/Back,145.18,167.76,180.0,180.0,126.17,167.76,95.84,153.57
1519,34,Front/Back,139.93,180.0,180.0,180.0,120.91,180.0,95.84,153.57
1519,35,Front/Back,141.09,175.29,180.0,180.0,122.07,175.29,95.84,153.57
1519,36,Front/Back,138.33,162.55,180.0,180.0,119.31,162.55,95.84,153.57
1519,37,Front/Back,134.78,175.29,180.0,180.0,115.76,175.29,95.84,153.57
1519,38,Front/Back,134.78,175.29,180.0,180.0,115.76,175.29,95.84,153.57
1519,39,Front/Back,134.78,180.0,180.0,180.0,115.76,180.0,95.84,153.57
1519,40,Front/Back,134.78,180.0,180.0,180.0,115.76,180.0,95.84,153.57
1519,41,Front/Back,137.38,180.0,180.0,180.0,118.36,180.0,95.84,153.57
1520,1,Side,22.24,,153.38,160.85,172.2,,171.77,
1520,2,Side,22.24,,153.48,160.85,172.2,,171.77,
1520,3,Side,20.95,,153.48,160.85,169.24,,170.11,
1520,4,Side,21.55,,154.98,161.52,169.4,,170.73,
1520,5,Side,20.26,,154.98,160.13,167.51,,173.13,
1520,6,Side,20.37,,155.96,160.83,168.71,,173.37,
1520,7,Side,19.62,,154.52,158.71,169.4,,174.36,
1520,8,Side,18.17,,153.07,159.46,168.31,,174.22,
1520,9,Side,17.96,,154.0,162.93,168.78,,175.12,
1520,10,Side,17.71,,154.12,159.95,167.3,,174.87,
1520,11,Side,16.58,,152.59,115.06,169.18,,176.2,
1520,12,Side,15.29,,148.71,115.41,169.74,,177.61,
1520,13,Side,13.6,,147.03,115.29,170.19,,179.69,
1520,14,Side,13.45,,142.49,113.65,176.32,,175.6,
1520,15,Side,10.91,,138.63,117.29,175.61,,176.1,
1520,16,Side,7.38,,135.17,135.17,175.33,,173.84,
1520,17,Side,5.86,,132.9,132.9,174.82,,175.11,
1520,18,Side,5.51,,134.09,134.09,174.02,,174.14,
1520,19,Side,5.36,,131.69,131.69,173.1,,176.19,
1520,20,Side,2.06,,130.83,130.83,169.21,,172.81,
1520,21,Side,0.3,,128.65,128.65,166.9,,173.4,
1520,22,Side,1.22,,129.08,129.08,166.78,,173.57,
1520,23,Side,3.3,,124.49,124.49,166.44,,175.06,
1520,24,Side,4.75,,121.89,121.89,167.01,,174.2,
1520,25,Side,6.22,,119.29,119.29,168.14,,172.75,
1520,26,Side,10.52,,116.65,116.65,168.28,,171.82,
1520,27,Side,9.59,,114.53,114.53,167.04,,174.09,
1520,28,Side,10.69,,112.13,112.13,165.6,,175.21,
1520,29,Side,12.9,,109.49,109.49,161.57,,178.86,
1520,30,Side,14.04,,108.36,108.36,160.04,,177.33,
1520,31,Side,16.22,,105.75,105.75,158.91,,177.26,
1520,32,Side,14.8,,103.2,103.2,167.86,,176.58,
1520,33,Side,15.65,,100.89,100.89,170.83,,173.52,
1520,34,Side,17.99,,98.56,98.56,169.31,,173.49,
1520,35,Side,18.43,,97.38,97.38,171.57,,168.82,
1520,36,Side,21.34,,96.59,96.59,168.97,,169.14,
1520,37,Side,21.81,,95.35,95.35,169.37,,169.6,
1520,38,Side,23.53,,92.86,92.86,168.67,,171.07,
1520,39,Side,24.44,,91.62,91.62,167.8,,172.27,
1520,40,Side,30.37,,88.69,88.69,167.04,,173.81,
1520,41,Side,31.67,,87.39,87.39,167.04,,172.17,
1520,42,Side,31.64,,87.64,87.64,167.87,,172.47,
1520,43,Side,32.41,,87.64,87.64,165.59,,172.3,
1520,44,Side,33.93,,87.42,87.42,164.06,,173.83,
1520,45,Side,33.62,,87.42,87.42,164.54,,173.66,
1520,46,Side,34.78,,85.21,85.21,164.02,,175.24,
1520,47,Side,38.15,,83.65,83.65,157.44,,180.0,
1520,48,Side,39.76,,83.34,83.34,155.85,,178.41,
1520,49,Side,40.69,,80.89,80.89,157.37,,178.41,
1520,50,Side,41.12,,79.68,79.68,158.14,,178.41,
1520,51,Side,42.68,,77.34,77.34,158.92,,179.95,
1520,52,Side,43.19,,78.12,78.12,158.92,,179.95,
1520,53,Side,43.56,,76.96,76.96,159.71,,178.32,
1520,54,Side,44.89,,77.68,77.68,157.33,,179.91,
1520,55,Side,44.89,,77.98,77.98,157.33,,180.0,
1520,56,Side,45.22,,77.39,77.39,157.61,,178.42,
1520,57,Side,45.22,,77.39,77.39,156.15,,178.64,
1520,58,Side,44.68,,76.63,76.63,154.78,,175.68,
1520,59,Side,45.0,,75.53,75.53,154.26,,172.69,
1520,60,Side,45.78,,75.53,75.53,157.52,,177.1,
1520,61,Side,45.78,,75.53,75.53,157.52,,177.1,
1520,62,Side,44.65,,75.84,75.84,156.93,,177.36,
1520,63,Side,43.82,,76.11,76.11,156.17,,177.36,
1520,64,Side,38.27,,82.44,82.44,157.06,,175.68,
1520,65,Side,41.51,,76.33,76.33,158.61,,177.29,
1520,66,Side,36.6,,81.44,81.44,154.24,,177.12,
1520,67,Side,35.29,,81.4,81.4,158.75,,175.6,
1520,68,Side,38.51,,76.64,76.64,160.29,,176.99,
1520,69,Side,37.76,,77.83,77.83,158.5,,176.99,
1520,70,Side,35.84,,78.69,78.69,161.38,,173.88,
1520,71,Side,34.71,,79.82,79.82,162.96,,172.3,
1520,72,Side,31.26,,81.9,81.9,164.72,,173.48,
1520,73,Side,27.94,,82.81,82.81,167.62,,170.27,
1520,74,Side,25.21,,84.94,84.94,168.44,,170.24,
1520,75,Side,21.47,,83.63,83.63,167.37,,170.63,
1520,76,Side,19.33,,85.46,85.46,167.81,,169.26,
1520,77,Side,16.72,,88.82,88.82,166.74,,174.71,
1520,78,Side,14.06,,93.31,93.31,161.03,,173.79,
1520,79,Side,10.79,,99.96,99.96,157.65,,169.23,
1520,80,Side,8.92,,105.23,105.23,158.77,,168.56,
1520,81,Side,4.87,,112.5,112.5,164.28,,178.26,
1520,82,Side,3.0,,116.23,116.23,162.41,,180.0,
1520,83,Side,0.07,,119.85,119.85,163.04,,178.97,
1520,84,Side,0.34,,118.89,118.89,159.34,,164.69,
1520,85,Side,3.43,,123.17,123.17,159.42,,163.33,
1520,86,Side,5.06,,126.53,109.37,158.94,,164.58,
1520,87,Side,8.56,,130.86,116.2,161.17,,166.41,
1520,88,Side,12.24,,136.4,112.71,163.36,,168.14,
1520,89,Side,15.01,,138.8,116.3,165.52,,175.96,
1520,90,Side,17.02,,140.82,115.8,168.63,,179.07,
1520,91,Side,19.35,,142.75,142.75,175.36,,172.78,
1520,92,Side,21.6,,146.55,146.55,173.34,,173.81,
1520,93,Side,22.29,,146.35,146.35,173.32,,175.65,
1520,94,Side,26.86,,153.27,153.27,173.42,,173.01,
1520,95,Side,28.72,,154.56,154.56,174.66,,172.3,
1520,96,Side,27.98,,152.69,152.69,175.36,,172.88,
1520,97,Side,33.87,,158.19,158.19,177.23,,149.02,
1521,1,Side,90.25,,175.18,158.95,151.71,,166.56,
1521,2,Side,89.04,,177.34,157.76,148.87,,163.25,
1521,3,Side,86.35,,179.52,153.23,149.56,,161.93,
1521,4,Side,82.06,,175.33,148.36,150.81,,161.82,
1521,5,Side,77.85,,172.69,146.16,156.1,,163.52,
1521,6,Side,74.24,,170.03,142.87,159.94,,164.31,
1521,7,Side,71.91,,168.52,139.03,163.92,,166.18,
1521,8,Side,66.83,,164.24,161.24,172.49,,173.13,
1521,9,Side,60.22,,156.24,168.48,175.05,,172.95,
1521,10,Side,56.18,,154.39,154.39,179.42,,173.98,
1521,11,Side,53.21,,150.66,150.66,178.29,,171.55,
1521,12,Side,45.09,,141.64,141.64,176.72,,168.67,
1521,13,Side,34.07,,130.12,130.12,177.79,,167.76,
1521,14,Side,18.7,,113.73,113.73,176.91,,165.02,
1521,15,Side,9.22,,104.12,104.12,178.92,,166.57,
1521,16,Side,3.58,,97.39,97.39,179.51,,168.83,
1521,17,Side,5.03,,97.44,97.44,170.07,,158.7,
1521,18,Side,11.73,,104.17,104.17,165.09,,152.56,
1521,19,Side,16.47,,108.71,108.71,168.62,,159.98,
1521,20,Side,19.72,,111.7,111.7,167.1,,159.9,
1521,21,Side,30.11,,125.09,162.19,172.17,,162.7,
1521,22,Side,38.24,,134.46,170.84,170.68,,160.74,
1521,23,Side,49.36,,147.43,176.19,170.33,,159.29,
1521,24,Side,58.04,,157.77,166.95,169.43,,159.4,
1521,25,Side,62.98,,161.76,163.25,162.43,,152.69,
1521,26,Side,60.39,,165.2,142.61,174.84,,160.24,
1521,27,Side,61.05,,166.92,145.6,177.24,,162.39,
1521,28,Side,63.15,,166.92,145.6,171.93,,159.94,
1522,1,Front/Back,180.0,180.0,180.0,180.0,,,,
1522,2,Front/Back,180.0,180.0,180.0,180.0,,,,
1522,3,Front/Back,180.0,180.0,180.0,180.0,,,,
1522,4,Front/Back,180.0,180.0,180.0,180.0,,,,
1522,5,Front/Back,180.0,180.0,172.78,180.0,,,,
1522,6,Front/Back,180.0,180.0,180.0,180.0,,,,
1522,7,Front/Back,180.0,164.28,176.12,164.27,,,,
1522,8,Front/Back,180.0,154.08,174.82,154.08,,,,
1522,9,Front/Back,180.0,154.69,166.43,154.68,,,,
1522,10,Front/Back,180.0,150.88,174.06,150.88,,,,
1522,11,Front/Back,160.79,139.57,174.06,160.38,,,,
1522,12,Front/Back,159.67,161.41,174.06,179.99,,,,
1522,13,Front/Back,166.55,159.4,174.06,180.0,,,,
1522,14,Front/Back,180.0,164.24,174.06,180.0,,,,
1522,15,Front/Back,180.0,162.12,174.82,179.99,,,,
1522,16,Front/Back,180.0,180.0,174.82,180.0,,,,
1522,17,Front/Back,180.0,180.0,174.82,180.0,,,,
1522,18,Front/Back,180.0,180.0,176.12,179.99,,,,
1522,19,Front/Back,180.0,180.0,176.12,180.0,,,,
1522,20,Front/Back,180.0,159.4,176.12,180.0,,,,
1522,21,Front/Back,179.98,179.98,179.98,179.98,,,,
1522,22,Front/Back,151.98,160.5,166.44,160.51,,,,
1522,23,Front/Back,123.39,129.09,160.34,157.99,,,,
1522,24,Front/Back,101.83,124.14,154.97,166.93,,,,
1522,25,Front/Back,93.77,109.68,152.38,169.84,,,,
1522,26,Front/Back,88.76,113.5,156.67,179.99,,,,
1522,27,Front/Back,77.41,120.28,162.77,169.83,,,,
1522,28,Front/Back,104.06,121.11,179.99,174.51,,,,
1522,29,Front/Back,108.6,123.79,180.0,167.98,,,,
1522,30,Front/Back,131.72,130.42,180.0,173.19,,,,
1522,31,Front/Back,153.24,137.01,178.71,180.0,,,,
1522,32,Front/Back,180.0,153.97,180.0,180.0,,,,
1522,33,Front/Back,180.0,157.41,180.0,180.0,,,,
1522,34,Front/Back,180.0,161.49,180.0,180.0,,,,
1523,1,Side,65.5,60.57,160.87,171.28,179.1,167.34,165.7,161.38
1523,2,Side,64.25,55.29,159.55,166.21,179.63,170.07,164.76,160.9
1523,3,Side,61.61,49.9,157.48,159.5,177.24,171.53,163.39,159.79
1523,4,Side,61.28,45.0,158.12,153.43,176.65,174.6,163.81,160.76
1523,5,Side,59.47,40.67,157.04,149.06,174.01,176.56,162.31,159.01
1523,6,Side,56.82,37.48,153.78,141.14,177.94,177.98,177.13,158.51
1523,7,Side,52.84,35.31,152.67,133.43,174.7,174.42,179.8,157.43
1523,8,Side,49.49,32.37,153.33,125.06,166.85,170.8,176.94,156.35
1523,9,Side,44.76,27.82,152.94,118.18,158.21,171.03,174.13,156.54
1523,10,Side,0.13,23.67,62.54,108.6,149.9,169.4,172.24,156.26
1523,11,Side,3.5,19.92,61.9,102.65,131.26,170.31,147.6,156.37
1523,12,Side,7.51,14.57,58.97,95.52,128.81,170.65,148.11,156.7
1523,13,Side,9.86,9.49,55.67,89.33,133.67,172.56,155.09,157.87
1523,14,Side,13.43,4.52,53.88,83.77,128.72,174.93,151.91,160.13
1523,15,Side,17.32,2.12,52.02,78.99,124.24,179.58,148.79,163.52
1523,16,Side,20.1,7.01,50.29,73.33,121.9,177.51,147.21,166.35
1523,17,Side,22.36,6.36,49.59,71.8,117.69,178.56,144.46,164.1
1523,18,Side,25.9,7.17,48.28,68.81,113.06,175.19,141.54,162.8
1523,19,Side,26.88,6.62,47.13,68.81,112.35,174.59,140.57,162.74
1523,20,Side,27.74,6.01,45.89,68.89,105.74,173.46,133.58,162.15
1523,21,Side,29.17,5.03,45.21,69.66,103.87,171.81,131.34,162.18
1523,22,Side,27.99,4.27,45.79,70.2,106.09,171.31,132.96,161.55
1523,23,Side,26.62,3.34,46.43,72.53,108.08,171.18,134.34,160.89
1523,24,Side,25.77,2.08,46.43,73.26,109.59,170.64,135.0,162.14
1523,25,Side,24.54,1.06,47.52,75.68,111.09,170.68,135.11,161.54
1523,26,Side,22.85,1.06,47.7,77.07,113.56,170.15,136.59,162.17
1523,27,Side,22.03,2.69,49.0,80.3,113.24,171.74,135.31,162.81
1523,28,Side,20.99,4.02,50.33,82.7,113.92,172.82,136.14,163.44
1523,29,Side,19.88,5.83,51.9,86.3,115.25,172.14,136.53,163.41
1523,30,Side,18.65,8.02,53.84,91.58,115.52,174.32,136.22,164.05
1523,31,Side,21.83,9.54,53.64,94.22,112.69,174.96,135.47,163.58
1523,32,Side,17.85,11.12,56.73,97.79,116.18,176.04,137.64,163.58
1523,33,Side,13.85,13.25,59.84,101.37,119.6,176.01,139.54,163.65
1523,34,Side,9.91,15.16,63.28,105.28,121.81,176.97,140.07,164.19
1523,35,Side,6.59,16.71,64.83,106.83,126.31,175.94,142.81,163.16
1523,36,Side,7.22,17.9,55.04,109.09,136.94,177.01,143.54,163.8
1523,37,Side,5.37,19.63,56.2,112.19,139.9,177.82,144.57,163.96
1523,38,Side,38.12,20.71,154.39,114.22,142.71,178.98,146.35,164.06
1523,39,Side,40.76,21.84,156.2,115.92,144.87,179.87,146.96,164.26
1523,40,Side,40.52,23.09,153.56,117.11,147.46,179.05,147.84,162.73
1523,41,Side,43.1,24.65,154.43,120.89,151.04,179.75,149.01,162.87
1523,42,Side,47.9,26.98,152.66,124.89,167.27,179.07,160.6,163.68
1523,43,Side,48.68,29.2,151.06,128.49,170.68,178.93,161.8,163.67
1523,44,Side,50.15,30.59,151.54,131.56,171.75,178.3,162.23,162.28
1523,45,Side,50.09,31.64,150.02,133.21,173.32,178.29,162.66,162.43
1523,46,Side,51.17,33.37,149.74,134.34,174.79,175.65,163.51,160.47
1523,47,Side,52.84,35.5,151.33,138.17,174.46,175.79,163.11,160.44
1523,48,Side,54.65,38.27,153.0,144.25,174.27,176.74,173.7,160.4
1523,49,Side,56.67,41.32,155.53,150.26,174.78,176.19,175.13,159.37
1523,50,Side,57.53,44.32,156.83,155.07,174.65,175.84,175.27,159.59
1523,51,Side,59.23,48.05,158.96,161.31,174.35,174.81,175.09,159.32
1523,52,Side,60.22,49.82,160.91,164.91,175.3,174.99,175.79,159.32
1523,53,Side,61.73,52.84,162.42,169.22,174.73,173.9,176.07,158.57
1524,1,Side,,57.17,145.0,163.8,,176.71,,172.4
1524,2,Side,,54.56,139.42,161.91,,174.32,,171.41
1524,3,Side,,52.02,134.6,155.01,,176.4,,170.49
1524,4,Side,,51.04,129.89,152.43,,175.77,,170.41
1524,5,Side,,51.1,123.45,154.35,,175.41,,171.07
1524,6,Side,,50.16,119.55,148.65,,178.88,,166.83
1524,7,Side,,47.28,143.28,143.28,,179.89,,166.52
1524,8,Side,,42.15,135.49,135.49,,179.34,,166.69
1524,9,Side,,33.87,121.58,121.58,,174.77,,172.71
1524,10,Side,,27.78,113.13,113.13,,177.1,,169.42
1524,11,Side,,21.28,103.56,103.56,,176.07,,171.1
1524,12,Side,,19.9,101.31,101.31,,175.01,,172.54
1524,13,Side,,14.83,96.82,96.82,,174.89,,171.9
1524,14,Side,,12.04,94.04,94.04,,178.81,,164.58
1524,15,Side,,6.56,88.32,88.32,,179.09,,165.89
1524,16,Side,,2.38,84.03,84.03,,178.57,,170.21
1524,17,Side,,4.55,79.74,79.74,,179.38,,169.5
1524,18,Side,,5.93,78.96,78.96,,179.45,,171.09
1524,19,Side,,9.7,75.74,75.74,,179.69,,170.32
1524,20,Side,,11.52,74.55,74.55,,178.96,,169.3
1524,21,Side,,9.83,76.91,76.91,,179.56,,170.26
1524,22,Side,,1.17,84.59,84.59,,179.89,,169.67
1524,23,Side,,1.9,84.84,84.84,,178.71,,171.05
1524,24,Side,,3.64,91.84,91.84,,177.25,,171.76
1524,25,Side,,7.95,97.0,97.0,,176.4,,172.48
1524,26,Side,,0.7,86.41,86.41,,179.12,,173.82
1524,27,Side,,7.94,95.14,95.14,,179.18,,168.44
1524,28,Side,,13.91,101.11,101.11,,179.75,,171.91
1524,29,Side,,20.47,108.37,108.37,,179.13,,171.3
1524,30,Side,,25.35,113.25,113.25,,178.05,,170.95
1524,31,Side,,28.81,118.91,118.91,,177.37,,169.69
1524,32,Side,,34.55,125.46,125.46,,176.77,,169.01
1524,33,Side,,40.78,132.5,132.5,,176.33,,168.51
1524,34,Side,,45.43,138.85,138.85,,178.5,,171.16
1524,35,Side,,54.16,149.87,149.87,,179.69,,170.11
1524,36,Side,,56.42,154.57,154.57,,177.07,,172.23
1524,37,Side,,58.63,122.66,153.24,,178.09,,172.55
1524,38,Side,,59.68,119.49,154.85,,175.9,,169.07
1524,39,Side,,62.7,131.5,158.23,,175.01,,168.1
1524,40,Side,,65.36,136.38,160.14,,174.47,,170.82
1524,41,Side,,67.07,138.81,161.86,,173.85,,171.9
1524,42,Side,,66.55,143.5,163.54,,175.23,,170.91
1524,43,Side,,68.04,145.06,167.14,,173.53,,166.17
1525,1,Side,,,154.86,159.22,,,,
1525,2,Side,,,168.64,179.66,,,,
1525,3,Side,,,161.48,170.2,,,,
1525,4,Side,,,155.25,155.11,,,,
1525,5,Side,,,143.2,151.0,,,,
1525,6,Side,,,137.98,144.84,,,,
1525,7,Side,,,134.51,142.49,,,,
1525,8,Side,,,127.68,131.25,,,,
1525,9,Side,,,118.24,123.67,,,,
1525,10,Side,,,109.32,112.15,,,,
1525,11,Side,,,100.09,108.92,,,,
1525,12,Side,,,94.11,89.73,,,,
1525,13,Side,,,84.71,81.39,,,,
1525,14,Side,,,81.38,77.49,,,,
1525,15,Side,,,74.79,73.48,,,,
1525,16,Side,,,68.2,64.38,,,,
1525,17,Side,,,64.57,59.23,,,,
1525,18,Side,,,62.48,55.78,,,,
1525,19,Side,,,59.74,53.51,,,,
1525,20,Side,,,58.21,51.54,,,,
1525,21,Side,,,56.21,49.96,,,,
1525,22,Side,,,57.07,49.01,,,,
1525,23,Side,,,56.76,51.62,,,,
1525,24,Side,,,64.63,54.33,,,,
1525,25,Side,,,63.31,58.09,,,,
1525,26,Side,,,62.78,61.73,,,,
1525,27,Side,,,62.47,65.48,,,,
1525,28,Side,,,66.23,64.4,,,,
1525,29,Side,,,70.51,68.16,,,,
1525,30,Side,,,78.01,72.56,,,,
1525,31,Side,,,79.51,75.52,,,,
1525,32,Side,,,83.98,81.4,,,,
1525,33,Side,,,88.65,86.35,,,,
1525,34,Side,,,93.37,92.27,,,,
1525,35,Side,,,95.3,95.97,,,,
1525,36,Side,,,99.6,99.29,,,,
1525,37,Side,,,108.01,104.19,,,,
1525,38,Side,,,115.8,111.4,,,,
1525,39,Side,,,121.36,117.47,,,,
1525,40,Side,,,127.06,125.12,,,,
1525,41,Side,,,131.46,131.07,,,,
1525,42,Side,,,138.82,147.98,,,,
1525,43,Side,,,147.89,154.29,,,,
1525,44,Side,,,155.74,159.89,,,,
1525,45,Side,,,165.53,169.26,,,,
1525,46,Side,,,174.38,177.77,,,,
1525,47,Side,,,179.71,171.65,,,,
1526,1,Side,,23.53,141.54,171.73,,77.26,,177.0
1526,2,Side,,59.21,176.7,157.34,,148.87,,147.13
1526,3,Side,,58.53,170.34,162.81,,157.72,,153.04
1526,4,Side,,52.27,172.01,155.38,,165.14,,156.59
1526,5,Side,,47.73,174.55,151.61,,169.28,,161.41
1526,6,Side,,43.8,177.66,143.21,,169.96,,163.95
1526,7,Side,,40.02,179.39,138.32,,172.85,,166.45
1526,8,Side,,39.72,179.69,131.07,,164.4,,162.53
1526,9,Side,,35.77,176.53,126.0,,163.59,,160.05
1526,10,Side,,32.25,173.6,118.2,,162.06,,158.02
1526,11,Side,,28.23,71.48,111.11,,163.73,,160.72
1526,12,Side,,25.25,67.02,107.06,,161.87,,158.05
1526,13,Side,,20.5,61.3,101.34,,163.41,,159.02
1526,14,Side,,15.95,55.29,95.33,,163.3,,159.59
1526,15,Side,,10.32,48.69,89.13,,163.03,,157.89
1526,16,Side,,6.31,42.71,83.56,,162.23,,157.04
1526,17,Side,,3.31,40.68,82.76,,165.13,,162.1
1526,18,Side,,2.94,39.71,80.98,,166.13,,162.73
1526,19,Side,,0.16,35.25,78.2,,165.24,,164.09
1526,20,Side,,4.64,33.18,75.66,,170.92,,168.03
1526,21,Side,,4.54,32.72,75.68,,171.58,,168.66
1526,22,Side,,4.93,32.44,74.91,,168.23,,162.7
1526,23,Side,,3.34,36.34,78.82,,172.36,,166.03
1526,24,Side,,1.81,37.38,79.05,,173.92,,169.41
1526,25,Side,,1.4,38.28,79.96,,175.09,,170.72
1526,26,Side,,0.92,39.27,80.95,,176.23,,172.04
1526,27,Side,,1.81,43.01,84.69,,175.98,,170.1
1526,28,Side,,4.87,48.07,90.54,,176.3,,170.1
1526,29,Side,,7.6,52.81,95.67,,177.74,,170.74
1526,30,Side,,10.48,57.64,100.51,,179.62,,171.37
1526,31,Side,,13.04,61.68,104.54,,179.54,,170.72
1526,32,Side,,18.78,67.79,110.66,,178.92,,169.5
1526,33,Side,,22.35,71.95,114.82,,178.87,,170.26
1526,34,Side,,24.59,74.33,116.81,,178.98,,171.12
1526,35,Side,,27.62,78.95,121.32,,178.68,,171.03
1526,36,Side,,27.19,166.69,121.57,,179.93,,171.73
1526,37,Side,,29.59,168.93,125.05,,179.54,,171.75
1526,38,Side,,32.12,167.74,127.67,,178.51,,169.11
1526,39,Side,,34.04,167.83,130.28,,178.65,,170.69
1526,40,Side,,36.08,167.47,134.75,,179.79,,171.37
1526,41,Side,,35.45,174.78,135.89,,179.55,,171.52
1526,42,Side,,38.94,172.0,139.18,,179.22,,171.08
1526,43,Side,,40.98,153.95,142.64,,178.02,,169.07
1526,44,Side,,42.4,155.38,144.11,,177.69,,171.32
1526,45,Side,,44.77,158.2,147.33,,176.49,,170.95
1526,46,Side,,46.09,157.82,148.99,,176.03,,171.0
1526,47,Side,,50.05,158.18,154.69,,170.3,,163.06
1526,48,Side,,57.96,159.15,162.52,,164.84,,162.56
1527,1,Side,,57.71,163.86,173.38,,176.47,,174.18
1527,2,Side,,54.6,158.39,167.63,,174.91,,170.03
1527,3,Side,,51.9,155.75,162.35,,171.12,,165.5
1527,4,Side,,50.17,150.76,157.17,,170.64,,164.41
1527,5,Side,,41.81,149.14,146.43,,168.93,,156.1
1527,6,Side,,37.68,98.55,139.47,,175.8,,158.61
1527,7,Side,,33.46,92.31,132.07,,175.22,,157.63
1527,8,Side,,27.58,84.46,123.08,,176.93,,160.18
1527,9,Side,,22.19,73.38,110.67,,174.27,,157.4
1527,10,Side,,22.08,70.67,108.99,,173.79,,157.34
1527,11,Side,,15.15,60.0,98.88,,168.99,,156.39
1527,12,Side,,10.69,57.08,94.5,,171.68,,156.5
1527,13,Side,,9.26,53.08,91.7,,172.3,,155.72
1527,14,Side,,2.91,45.68,84.13,,173.47,,160.0
1527,15,Side,,1.44,41.2,80.51,,177.33,,166.3
1527,16,Side,,6.38,38.02,79.84,,176.43,,164.1
1527,17,Side,,10.11,32.09,71.51,,170.77,,155.49
1527,18,Side,,13.2,29.46,69.03,,169.31,,154.38
1527,19,Side,,9.97,35.8,75.13,,170.44,,151.21
1527,20,Side,,10.43,36.75,75.7,,170.42,,151.97
1527,21,Side,,15.26,27.86,68.37,,167.46,,154.09
1527,22,Side,,12.92,29.7,70.27,,167.49,,154.05
1527,23,Side,,10.46,31.72,72.19,,167.55,,154.05
1527,24,Side,,8.08,34.56,74.62,,168.5,,155.14
1527,25,Side,,5.57,37.11,77.06,,169.49,,153.51
1527,26,Side,,3.41,39.81,79.75,,169.31,,155.53
1527,27,Side,,0.03,45.07,86.35,,172.53,,156.66
1527,28,Side,,3.42,48.97,90.26,,172.44,,159.12
1527,29,Side,,6.8,53.78,94.09,,174.96,,164.66
1527,30,Side,,8.64,56.13,96.11,,175.24,,164.57
1527,31,Side,,11.31,59.83,98.83,,175.51,,161.8
1527,32,Side,,13.32,63.74,102.85,,174.24,,158.05
1527,33,Side,,15.4,65.89,104.24,,174.38,,157.87
1527,34,Side,,16.86,68.39,107.28,,174.46,,157.95
1527,35,Side,,19.86,73.18,112.14,,174.52,,156.67
1527,36,Side,,22.24,77.05,115.56,,174.93,,159.38
1527,37,Side,,25.62,82.77,123.28,,176.06,,160.82
1527,38,Side,,28.42,86.99,128.3,,175.55,,159.38
1527,39,Side,,30.62,91.44,131.31,,176.36,,160.66
1527,40,Side,,33.49,163.05,136.32,,176.5,,160.29
1527,41,Side,,36.04,155.09,141.18,,177.67,,160.74
1527,42,Side,,37.63,155.63,142.79,,176.83,,161.24
1527,43,Side,,36.92,157.38,145.07,,177.44,,161.29
1527,44,Side,,39.91,159.66,150.49,,177.56,,161.35
1527,45,Side,,44.06,161.28,151.65,,174.13,,164.01
1527,46,Side,,46.03,162.91,157.56,,174.76,,159.75
1527,47,Side,,47.54,162.45,158.94,,172.15,,159.39
1527,48,Side,,52.86,161.57,165.48,,168.82,,158.86
1528,1,Front/Back,151.06,137.99,165.21,160.26,165.85,157.72,180.0,180.0
1528,2,Front/Back,150.22,133.78,164.37,157.64,165.85,156.14,180.0,180.0
1528,3,Front/Back,156.46,160.07,170.61,180.0,165.85,160.07,180.0,180.0
1528,4,Front/Back,164.56,148.29,174.04,170.91,154.43,157.38,163.91,180.0
1528,5,Front/Back,170.52,137.28,180.0,159.9,154.43,157.38,163.91,165.62
1528,6,Front/Back,180.0,144.21,180.0,168.25,180.0,155.96,180.0,165.62
1528,7,Front/Back,179.98,179.98,179.98,179.98,179.98,179.97,179.97,179.97
1528,8,Front/Back,147.02,172.63,163.51,160.18,151.07,159.87,155.19,144.13
1528,9,Front/Back,143.43,167.75,159.92,159.27,144.46,167.75,132.96,180.0
1528,10,Front/Back,143.16,167.75,150.16,156.59,144.98,167.75,121.07,180.0
1528,11,Front/Back,136.39,157.79,144.46,146.43,142.53,180.0,112.73,180.0
1528,12,Front/Back,149.14,153.63,136.12,138.75,158.96,180.0,105.38,180.0
1528,13,Front/Back,146.87,150.38,133.93,133.27,158.53,180.0,98.69,180.0
1528,14,Front/Back,149.36,152.62,133.63,126.91,158.11,180.0,92.52,180.0
1528,15,Front/Back,146.76,143.07,128.79,122.34,157.7,180.0,86.84,180.0
1528,16,Front/Back,144.53,136.63,124.7,116.17,157.29,180.0,81.8,180.0
1528,17,Front/Back,139.27,135.13,119.7,112.69,156.89,180.0,77.88,180.0
1528,18,Front/Back,139.17,136.99,123.6,114.82,156.5,180.0,76.2,180.0
1528,19,Front/Back,137.18,137.4,122.13,115.55,156.11,180.0,77.48,180.0
1528,20,Front/Back,136.55,138.33,122.74,114.94,155.73,180.0,80.81,180.0
1528,21,Front/Back,137.31,133.64,124.22,112.12,155.36,180.0,85.18,180.0
1528,22,Front/Back,136.42,139.04,123.32,117.9,154.99,180.0,90.14,180.0
1528,23,Front/Back,138.29,139.04,126.01,117.9,154.63,180.0,95.59,180.0
1528,24,Front/Back,142.32,139.89,130.96,119.14,154.27,180.0,101.57,180.0
1528,25,Front/Back,141.07,139.89,130.76,119.14,153.92,180.0,108.24,180.0
1528,26,Front/Back,142.1,140.56,131.79,120.25,153.57,180.0,115.96,180.0
1528,27,Front/Back,138.19,142.49,121.57,122.65,153.23,180.0,125.62,180.0
1528,28,Front/Back,143.0,142.37,133.91,122.54,152.89,180.0,141.56,180.0
1528,29,Front/Back,139.28,143.47,123.26,124.15,152.55,180.0,152.55,180.0
1528,30,Front/Back,143.24,144.67,134.15,125.9,152.22,180.0,152.22,180.0
1528,31,Front/Back,140.72,144.93,125.37,126.16,151.89,180.0,151.89,180.0
1528,32,Front/Back,145.18,147.82,133.32,129.66,151.57,180.0,151.57,180.0
1528,33,Front/Back,145.79,149.67,133.92,132.16,151.25,180.0,151.25,180.0
1528,34,Front/Back,143.44,152.08,128.83,134.57,150.93,180.0,150.93,180.0
1528,35,Front/Back,145.6,153.52,130.99,136.01,150.62,180.0,150.62,180.0
1528,36,Front/Back,146.63,156.85,132.02,140.04,150.31,180.0,150.31,180.0
1528,37,Front/Back,147.18,159.9,132.57,142.39,150.0,180.0,150.0,180.0
1528,38,Front/Back,146.95,165.29,131.61,147.77,149.7,180.0,149.7,180.0
1528,39,Front/Back,147.56,169.01,131.55,150.85,149.4,180.0,149.4,180.0
1528,40,Front/Back,146.76,180.0,131.42,161.24,149.1,180.0,149.1,180.0
1528,41,Front/Back,148.27,180.0,132.26,161.24,148.81,180.0,148.81,180.0
1528,42,Front/Back,150.34,180.0,133.72,160.68,148.51,180.0,148.51,180.0
1528,43,Front/Back,153.26,180.0,133.29,161.85,148.22,180.0,110.1,180.0
1528,44,Front/Back,154.89,180.0,134.13,157.56,147.94,180.0,93.62,180.0
1528,45,Front/Back,154.69,180.0,135.76,157.56,147.65,180.0,79.82,180.0
1528,46,Front/Back,156.74,160.82,135.05,137.92,147.37,180.0,75.13,180.0
1528,47,Front/Back,155.86,160.34,135.6,136.74,147.09,180.0,79.69,180.0
1528,48,Front/Back,155.23,160.33,136.81,138.51,146.82,180.0,92.29,180.0
1528,49,Front/Back,156.01,163.16,137.44,141.53,146.54,180.0,107.22,180.0
1528,50,Front/Back,144.79,164.29,137.98,143.32,134.77,180.0,135.35,180.0
1528,51,Front/Back,139.53,159.5,139.52,146.44,128.52,173.23,146.0,180.0
1528,52,Front/Back,142.16,157.9,142.64,150.5,134.01,150.75,150.06,140.75
1528,53,Front/Back,139.2,149.35,143.96,156.33,134.04,165.05,154.82,162.3
1528,54,Front/Back,138.38,138.28,148.76,156.47,157.75,161.81,163.54,162.3
1528,55,Front/Back,137.8,134.14,153.16,156.44,154.1,157.7,180.0,162.3
1528,56,Front/Back,141.08,130.7,163.0,156.48,152.9,154.21,180.0,162.3
1529,1,Side,,56.41,175.83,166.6,,161.37,,
1529,2,Side,,54.28,177.25,164.2,,163.6,,
1529,3,Side,,51.93,178.78,161.8,,165.81,,
1529,4,Side,,49.39,178.11,158.47,,168.02,,
1529,5,Side,,46.95,178.56,155.16,,169.69,,
1529,6,Side,,44.99,178.48,154.55,,171.29,,
1529,7,Side,,42.72,179.51,148.89,,170.14,,
1529,8,Side,,40.72,175.23,144.79,,165.43,,
1529,9,Side,,37.37,174.19,138.42,,164.89,,
1529,10,Side,,32.56,168.76,133.0,,167.04,,
1529,11,Side,,29.63,84.73,126.34,,166.09,,
1529,12,Side,,25.44,78.44,119.52,,167.92,,
1529,13,Side,,16.58,68.73,107.6,,177.35,,
1529,14,Side,,12.43,62.4,100.85,,178.31,,
1529,15,Side,,9.75,60.95,100.86,,179.04,,
1529,16,Side,,5.14,55.29,95.02,,176.82,,
1529,17,Side,,1.8,50.86,90.58,,176.43,,
1529,18,Side,,2.34,49.83,83.64,,178.1,,
1529,19,Side,,5.01,47.14,79.74,,177.23,,
1529,20,Side,,6.84,44.52,76.63,,177.72,,
1529,21,Side,,7.81,42.7,76.88,,175.97,,
1529,22,Side,,9.42,41.67,72.1,,177.44,,
1529,23,Side,,8.89,41.57,72.24,,179.13,,
1529,24,Side,,4.53,41.96,72.63,,171.95,,
1529,25,Side,,5.42,41.98,70.18,,170.48,,
1529,26,Side,,5.43,42.65,70.79,,170.91,,
1529,27,Side,,3.71,43.76,73.43,,171.79,,
1529,28,Side,,1.37,44.88,77.62,,173.6,,
1529,29,Side,,2.97,46.28,81.53,,177.03,,
1529,30,Side,,1.97,41.83,81.48,,178.68,,
1529,31,Side,,0.75,43.76,83.41,,177.65,,
1529,32,Side,,0.71,46.41,86.43,,176.75,,
1529,33,Side,,2.55,49.68,89.69,,175.97,,
1529,34,Side,,4.39,52.89,93.16,,175.18,,
1529,35,Side,,5.56,56.32,96.74,,173.49,,
1529,36,Side,,6.64,59.14,99.56,,171.73,,
1529,37,Side,,8.42,61.92,102.7,,171.33,,
1529,38,Side,,12.55,68.23,109.68,,170.5,,
1529,39,Side,,13.72,70.51,111.74,,170.39,,
1529,40,Side,,15.72,73.13,114.7,,171.01,,
1529,41,Side,,17.54,75.4,116.97,,171.57,,
1529,42,Side,,19.68,79.04,120.72,,171.72,,
1529,43,Side,,21.4,82.46,123.91,,171.66,,
1529,44,Side,,23.14,85.73,127.27,,171.7,,
1529,45,Side,,22.52,179.38,124.49,,174.92,,
1529,46,Side,,24.01,178.67,127.43,,175.1,,
1529,47,Side,,25.73,178.63,130.6,,175.67,,
1529,48,Side,,27.06,177.94,134.28,,175.17,,
1529,49,Side,,28.66,177.89,138.19,,175.09,,
1529,50,Side,,30.26,177.22,141.04,,175.48,,
1529,51,Side,,31.6,169.95,144.22,,175.87,,
1529,52,Side,,36.14,176.27,153.26,,174.74,,
1529,53,Side,,38.8,177.06,157.47,,175.67,,
1529,54,Side,,42.01,177.95,162.85,,176.91,,
1529,55,Side,,44.8,178.66,168.19,,177.18,,
1529,56,Side,,47.87,179.55,172.39,,179.08,,
1530,1,Side,,82.1,6.83,51.35,,159.75,,167.92
1530,2,Side,,79.38,48.21,71.57,,160.87,,169.14
1530,3,Side,,76.56,37.77,77.39,,161.05,,168.51
1530,4,Side,,74.12,20.56,64.39,,162.67,,170.35
1530,5,Side,,72.0,111.04,69.83,,162.31,,169.76
1530,6,Side,,70.54,74.58,74.58,,164.53,,170.72
1530,7,Side,,68.46,93.95,93.95,,160.36,,169.01
1530,8,Side,,67.69,119.03,119.03,,160.49,,168.36
1530,9,Side,,70.71,122.22,122.22,,160.83,,168.09
1530,10,Side,,68.9,138.1,138.1,,160.98,,168.01
1530,11,Side,,67.24,168.69,168.69,,162.0,,168.16
1530,12,Side,,65.25,170.61,170.61,,162.65,,168.18
1530,13,Side,,60.92,159.78,159.78,,161.79,,167.4
1530,14,Side,,57.67,151.75,151.75,,160.7,,166.87
1530,15,Side,,55.3,145.3,145.3,,161.79,,167.65
1530,16,Side,,48.08,128.26,128.26,,164.86,,168.5
1530,17,Side,,46.53,123.41,123.41,,161.83,,167.77
1530,18,Side,,46.55,131.1,131.1,,161.82,,167.71
1530,19,Side,,45.08,132.34,132.34,,162.7,,168.59
1530,20,Side,,45.52,136.12,136.12,,164.92,,169.73
1530,21,Side,,43.17,133.28,133.28,,164.59,,169.86
1530,22,Side,,39.88,128.45,128.45,,162.86,,169.68
1530,23,Side,,45.0,137.39,137.39,,164.55,,168.09
1530,24,Side,,46.27,139.93,139.93,,164.55,,168.09
1530,25,Side,,40.85,131.35,131.35,,164.15,,166.44
1530,26,Side,,42.78,134.97,134.97,,164.44,,166.2
1530,27,Side,,40.43,132.92,132.92,,162.73,,165.49
1530,28,Side,,43.19,136.52,136.52,,161.77,,165.74
1530,29,Side,,47.2,141.19,141.19,,160.88,,164.37
1530,30,Side,,51.09,147.15,147.15,,161.37,,165.17
1530,31,Side,,52.94,149.44,149.44,,160.69,,165.14
1530,32,Side,,57.28,160.36,160.36,,162.67,,165.14
1530,33,Side,,61.18,170.19,170.19,,164.0,,165.24
1530,34,Side,,63.55,179.9,179.9,,167.44,,168.71
1530,35,Side,,68.34,153.43,153.43,,170.7,,171.61
1530,36,Side,,68.23,136.1,136.1,,172.78,,172.45
1530,37,Side,,68.78,137.18,137.18,,172.16,,171.55
1530,38,Side,,69.81,142.88,142.88,,170.64,,171.33
1530,39,Side,,70.37,148.55,148.55,,169.91,,170.85
1530,40,Side,,75.32,147.18,147.18,,168.67,,170.42
1530,41,Side,,72.52,144.32,164.03,,167.92,,168.68
1530,42,Side,,72.72,141.35,169.1,,165.99,,170.1
1530,43,Side,,74.24,141.67,165.71,,164.74,,170.39
1530,44,Side,,73.93,145.02,163.86,,166.28,,170.7
1530,45,Side,,74.22,146.29,163.05,,166.79,,171.65
1530,46,Side,,74.61,147.5,162.29,,166.84,,172.29
1530,47,Side,,74.61,147.5,162.29,,166.84,,172.03
1530,48,Side,,74.61,147.5,162.29,,166.84,,171.78
1530,49,Side,,74.61,147.5,162.29,,166.84,,171.53
1531,1,Side,,71.45,81.75,164.05,,169.23,,168.45
1531,2,Side,,70.72,81.75,163.45,,170.57,,168.99
1531,3,Side,,66.45,80.29,163.47,,179.11,,176.78
1531,4,Side,,70.73,77.45,164.89,,179.01,,177.68
1531,5,Side,,70.64,76.22,164.72,,179.47,,177.66
1531,6,Side,,70.82,75.11,163.84,,179.57,,177.63
1531,7,Side,,70.38,75.96,162.98,,179.51,,177.91
1531,8,Side,,69.61,74.9,161.49,,179.88,,177.73
1531,9,Side,,69.49,73.75,161.27,,179.19,,178.67
1531,10,Side,,69.38,72.62,160.41,,178.33,,179.45
1531,11,Side,,70.12,160.76,160.76,,178.14,,179.46
1531,12,Side,,68.28,158.93,158.93,,177.01,,179.11
1531,13,Side,,66.62,157.47,157.47,,175.91,,178.63
1531,14,Side,,64.78,155.75,155.75,,175.24,,177.26
1531,15,Side,,62.22,152.38,152.38,,174.51,,176.79
1531,16,Side,,60.22,67.07,150.17,,173.84,,176.27
1531,17,Side,,57.91,61.68,149.17,,172.96,,175.79
1531,18,Side,,54.54,57.39,147.1,,170.93,,175.3
1531,19,Side,,51.8,51.17,142.09,,169.25,,175.25
1531,20,Side,,37.91,46.33,128.34,,168.46,,175.25
1531,21,Side,,30.27,40.09,120.67,,169.23,,173.34
1531,22,Side,,27.3,42.82,118.41,,167.52,,175.66
1531,23,Side,,30.79,44.15,122.02,,167.4,,176.12
1531,24,Side,,33.26,46.86,127.46,,167.33,,176.59
1531,25,Side,,43.23,48.78,140.04,,164.69,,177.13
1531,26,Side,,42.81,50.45,138.99,,165.13,,176.68
1531,27,Side,,45.54,52.13,141.1,,166.21,,177.16
1531,28,Side,,46.31,54.24,142.14,,166.38,,177.17
1531,29,Side,,47.7,56.1,143.53,,166.83,,177.19
1531,30,Side,,48.5,58.35,142.48,,169.2,,177.21
1531,31,Side,,51.55,172.25,145.89,,169.21,,176.76
1531,32,Side,,54.68,172.39,148.95,,170.72,,176.78
1531,33,Side,,56.51,171.08,149.68,,173.04,,175.89
1531,34,Side,,58.28,171.94,151.45,,174.46,,175.49
1531,35,Side,,57.08,171.32,151.99,,174.13,,175.53
1531,36,Side,,59.45,154.21,154.21,,175.69,,175.13
1531,37,Side,,60.85,156.03,156.03,,175.87,,176.07
1531,38,Side,,67.81,162.71,162.71,,178.66,,175.73
1531,39,Side,,68.84,84.07,164.9,,177.7,,177.17
1531,40,Side,,69.93,83.89,165.54,,178.98,,176.86
1531,41,Side,,70.7,83.44,168.0,,178.49,,177.38
1531,42,Side,,72.06,85.45,168.8,,179.99,,177.46
1531,43,Side,,72.54,86.57,168.35,,178.9,,177.78
1531,44,Side,,73.65,86.02,169.11,,177.99,,178.18
1531,45,Side,,74.69,86.73,169.87,,177.07,,178.58
1531,46,Side,,75.2,86.47,169.95,,175.48,,177.89
1532,1,Front/Back,180.0,163.21,180.0,180.0,159.89,163.21,,
1532,2,Front/Back,167.93,159.99,167.93,180.0,151.35,159.99,,
1532,3,Front/Back,165.74,161.41,165.74,180.0,138.13,161.41,,
1532,4,Front/Back,166.9,163.01,166.9,180.0,136.05,147.77,,
1532,5,Front/Back,180.0,163.0,180.0,180.0,135.98,152.24,,
1532,6,Front/Back,179.98,179.98,179.98,179.98,179.98,179.98,,
1532,7,Front/Back,149.63,145.1,145.78,135.98,156.02,177.77,,
1532,8,Front/Back,160.72,146.99,140.21,126.47,165.72,180.0,,
1532,9,Front/Back,156.58,138.84,132.16,112.04,162.49,180.0,,
1532,10,Front/Back,159.63,133.17,137.91,106.37,159.75,180.0,,
1532,11,Front/Back,171.84,136.28,152.44,112.71,157.33,180.0,,
1532,12,Front/Back,180.0,136.37,164.02,112.25,155.14,180.0,,
1532,13,Front/Back,180.0,137.02,163.01,115.89,153.11,180.0,,
1532,14,Front/Back,180.0,137.6,164.02,116.47,151.22,180.0,,
1532,15,Front/Back,170.47,112.41,155.44,132.73,149.44,155.0,,
1532,16,Front/Back,164.98,117.87,149.12,119.97,147.75,159.63,,
1532,17,Front/Back,168.54,119.0,152.67,124.48,146.13,160.39,,
1532,18,Front/Back,159.79,121.2,143.2,131.88,144.58,161.2,,
1532,19,Front/Back,171.02,119.16,154.43,137.27,143.09,153.76,,
1532,20,Front/Back,180.0,119.87,163.41,149.21,141.64,150.65,,
1532,21,Front/Back,180.0,125.39,164.97,150.46,140.25,154.93,,
1532,22,Front/Back,180.0,115.53,161.8,150.19,138.89,145.34,,
1532,23,Front/Back,180.0,126.72,170.92,167.53,137.57,139.18,,
1532,24,Front/Back,180.0,145.65,180.0,180.0,136.29,145.65,,
1532,25,Front/Back,180.0,148.23,180.0,180.0,135.03,148.23,,
1532,26,Front/Back,180.0,159.99,180.0,180.0,135.03,159.99,,
1532,27,Front/Back,180.0,163.21,180.0,180.0,134.11,163.21,,
1533,1,Side,,64.15,154.93,172.71,,176.32,,167.78
1533,2,Side,,62.21,159.98,168.99,,172.46,,175.12
1533,3,Side,,60.71,161.8,167.17,,171.18,,175.82
1533,4,Side,,52.77,172.23,154.65,,172.28,,176.55
1533,5,Side,,47.19,179.58,147.33,,172.81,,174.74
1533,6,Side,,42.49,174.04,140.25,,173.07,,173.38
1533,7,Side,,37.73,169.23,136.14,,173.71,,171.78
1533,8,Side,,41.6,173.28,139.44,,177.24,,163.02
1533,9,Side,,21.99,149.55,115.77,,179.22,,162.96
1533,10,Side,,3.29,128.09,96.42,,178.1,,161.2
1533,11,Side,,6.64,97.13,97.13,,169.41,,154.1
1533,12,Side,,7.04,83.33,83.33,,173.3,,159.26
1533,13,Side,,11.74,82.78,82.78,,169.75,,166.03
1533,14,Side,,15.28,79.02,79.02,,170.96,,163.38
1533,15,Side,,21.16,73.54,73.54,,171.81,,162.51
1533,16,Side,,26.62,65.3,65.3,,175.15,,159.93
1533,17,Side,,31.07,59.38,59.38,,176.91,,161.66
1533,18,Side,,23.82,67.94,67.94,,175.61,,162.52
1533,19,Side,,20.51,74.88,74.88,,173.61,,164.34
1533,20,Side,,13.08,81.29,81.29,,174.24,,164.39
1533,21,Side,,1.83,93.14,93.14,,173.21,,165.39
1533,22,Side,,15.37,111.89,111.89,,172.48,,166.38
1533,23,Side,,17.1,111.5,111.5,,173.54,,168.02
1533,24,Side,,30.08,159.15,125.36,,174.71,,166.85
1533,25,Side,,41.85,174.31,139.44,,174.94,,167.31
1533,26,Side,,52.36,172.45,151.84,,175.87,,164.21
1533,27,Side,,52.49,173.81,152.23,,175.53,,165.47
1533,28,Side,,56.12,171.46,154.57,,178.78,,164.38
1533,29,Side,,60.04,165.58,160.35,,179.3,,164.11
1533,30,Side,,65.21,159.38,167.25,,179.32,,163.45
1533,31,Side,,64.98,156.97,170.34,,173.95,,173.66
1533,32,Side,,65.61,156.97,170.34,,174.86,,174.1
1534,1,Front/Back,180.0,180.0,180.0,153.79,180.0,180.0,180.0,180.0
1534,2,Front/Back,180.0,180.0,180.0,159.78,180.0,180.0,180.0,180.0
1534,3,Front/Back,169.19,169.43,180.0,161.81,169.19,169.43,180.0,180.0
1534,4,Front/Back,163.05,180.0,180.0,163.94,163.05,180.0,180.0,180.0
1534,5,Front/Back,150.94,154.81,173.73,172.54,150.94,154.81,180.0,180.0
1534,6,Front/Back,153.34,161.94,180.0,180.0,153.34,161.94,180.0,180.0
1534,7,Front/Back,179.98,179.98,179.98,179.98,179.97,179.97,179.95,179.94
1534,8,Front/Back,162.75,170.84,154.91,170.84,142.93,154.65,132.08,154.65
1534,9,Front/Back,157.03,173.5,135.36,173.5,129.86,145.44,129.86,145.44
1534,10,Front/Back,168.79,180.0,140.63,180.0,127.07,138.14,127.07,138.14
1534,11,Front/Back,160.36,164.51,141.05,164.51,141.34,151.72,141.34,151.72
1534,12,Front/Back,167.87,180.0,140.55,176.83,145.07,161.56,145.07,161.56
1534,13,Front/Back,164.74,180.0,138.51,166.8,152.2,180.0,152.2,180.0
1534,14,Front/Back,180.0,180.0,153.96,167.55,158.11,180.0,158.11,180.0
1534,15,Front/Back,180.0,180.0,156.23,168.1,140.74,180.0,140.74,180.0
1534,16,Front/Back,180.0,180.0,156.23,167.55,144.83,180.0,144.83,180.0
1534,17,Front/Back,180.0,180.0,154.61,163.6,180.0,180.0,180.0,180.0
1534,18,Front/Back,180.0,180.0,155.97,172.98,154.93,180.0,154.93,180.0
1534,19,Front/Back,180.0,180.0,154.61,172.98,152.1,180.0,152.1,180.0
1534,20,Front/Back,180.0,180.0,154.86,160.94,180.0,180.0,180.0,180.0
1534,21,Front/Back,180.0,180.0,153.31,172.98,180.0,180.0,180.0,180.0
1534,22,Front/Back,180.0,180.0,153.31,165.65,180.0,180.0,180.0,180.0
1534,23,Front/Back,180.0,180.0,151.85,180.0,180.0,180.0,180.0,180.0
1534,24,Front/Back,180.0,180.0,151.85,180.0,180.0,180.0,180.0,180.0
1534,25,Front/Back,180.0,180.0,150.47,180.0,166.42,180.0,166.42,180.0
1534,26,Front/Back,180.0,180.0,153.96,180.0,154.93,180.0,154.93,180.0
1534,27,Front/Back,168.02,163.09,156.15,180.0,149.82,163.09,161.8,180.0
1534,28,Front/Back,162.99,155.65,150.85,180.0,135.08,155.65,152.1,180.0
1534,29,Front/Back,149.62,152.0,155.75,180.0,106.43,128.75,136.82,156.76
1534,30,Front/Back,151.32,145.19,155.5,180.0,97.96,115.86,126.64,150.67
1534,31,Front/Back,145.87,144.01,155.4,180.0,102.69,139.04,136.82,175.04
1534,32,Front/Back,148.14,146.49,154.21,180.0,104.96,141.53,92.58,175.04
1534,33,Front/Back,148.64,151.58,157.32,180.0,105.46,146.61,74.88,175.04
1534,34,Front/Back,158.34,152.92,159.57,180.0,115.16,147.96,136.82,175.04
1534,35,Front/Back,159.84,180.0,160.6,180.0,116.65,175.04,136.82,175.04
1534,36,Front/Back,152.92,180.0,160.61,180.0,109.74,175.04,136.82,175.04
1534,37,Front/Back,180.0,180.0,162.4,180.0,136.82,175.04,136.82,175.04
1534,38,Front/Back,169.34,167.66,161.02,180.0,126.16,162.7,136.82,175.04
1534,39,Front/Back,180.0,172.18,162.4,180.0,136.82,167.22,136.82,175.04
1534,40,Front/Back,180.0,174.42,171.95,180.0,136.82,169.45,136.82,175.04
1535,1,Side,82.25,73.88,173.57,164.77,164.77,176.05,165.32,170.46
1535,2,Side,79.71,73.07,164.67,166.68,163.44,176.7,167.64,171.32
1535,3,Side,76.71,52.91,155.66,143.84,162.87,177.7,166.85,171.82
1535,4,Side,73.48,52.83,146.82,137.08,162.71,178.1,169.15,169.8
1535,5,Side,69.84,51.21,136.17,129.09,161.57,178.18,169.95,172.42
1535,6,Side,67.87,50.65,130.02,124.95,160.69,177.67,171.79,172.41
1535,7,Side,66.15,51.23,127.18,122.21,164.02,175.44,173.83,170.87
1535,8,Side,63.98,51.21,123.32,119.24,165.69,173.44,174.9,168.86
1535,9,Side,62.42,51.54,119.76,116.06,165.84,171.16,174.28,166.6
1535,10,Side,61.19,53.05,116.55,116.72,165.96,171.26,174.06,164.99
1535,11,Side,59.43,51.26,112.92,109.92,166.68,168.3,174.17,164.4
1535,12,Side,58.18,50.7,110.4,107.62,167.48,168.62,174.41,164.96
1535,13,Side,56.6,49.33,109.45,106.94,167.99,168.99,174.76,164.83
1535,14,Side,53.44,49.64,103.53,106.45,167.94,171.76,174.71,165.68
1535,15,Side,50.79,46.25,100.17,100.54,168.84,174.8,174.76,170.57
1535,16,Side,52.13,46.37,97.04,99.16,158.34,173.09,168.59,170.21
1535,17,Side,51.39,50.2,95.4,50.37,158.41,173.86,168.59,170.59
1535,18,Side,50.66,50.79,93.32,50.17,157.85,177.68,167.89,173.0
1535,19,Side,44.8,49.66,85.75,49.65,155.61,172.72,167.47,168.76
1535,20,Side,47.62,55.44,90.03,44.9,155.47,175.33,167.87,170.73
1535,21,Side,47.83,55.84,90.98,43.66,152.0,174.16,161.3,169.82
1535,22,Side,48.02,55.86,92.54,43.9,156.69,173.99,167.53,169.53
1535,23,Side,49.69,54.84,95.42,44.83,155.78,172.88,166.72,169.26
1535,24,Side,54.73,54.41,99.85,45.26,154.3,167.13,165.06,159.18
1535,25,Side,56.15,47.88,102.92,52.34,152.68,167.04,162.97,159.65
1535,26,Side,57.41,47.35,104.02,53.18,150.79,166.09,161.31,158.32
1535,27,Side,58.65,44.38,106.05,56.9,151.45,165.56,161.5,158.27
1535,28,Side,60.48,52.37,109.18,109.85,152.44,165.28,162.19,158.28
1535,29,Side,57.94,52.97,107.92,110.8,154.06,165.49,162.94,158.26
1535,30,Side,58.88,54.94,109.89,114.31,154.76,167.84,163.63,163.12
1535,31,Side,59.84,55.29,112.34,115.38,153.08,168.85,157.21,163.79
1535,32,Side,61.68,55.3,117.36,118.78,156.57,170.39,163.9,163.46
1535,33,Side,67.02,54.86,124.11,121.92,155.27,174.1,163.65,166.25
1535,34,Side,68.31,55.12,128.03,26.8,155.96,175.44,163.96,166.7
1535,35,Side,69.99,54.73,132.15,28.66,155.34,177.52,161.89,168.18
1535,36,Side,66.12,53.01,132.98,31.47,165.46,179.13,168.79,169.18
1535,37,Side,68.16,54.2,138.28,33.66,165.73,178.6,168.92,168.63
1535,38,Side,75.95,54.72,146.09,34.11,154.36,176.7,161.21,171.7
1535,39,Side,79.63,55.02,152.77,34.89,151.29,176.5,159.47,172.13
1535,40,Side,82.73,56.02,157.62,36.84,147.08,176.42,156.71,171.82
1535,41,Side,84.68,56.6,162.54,38.78,147.44,175.56,156.7,172.27
1535,42,Side,84.92,56.47,164.14,39.23,149.76,175.0,159.21,174.8
1535,43,Side,85.25,73.03,165.57,148.75,151.42,177.54,160.93,173.15
1536,1,Front/Back,150.83,180.0,150.83,180.0,180.0,99.73,180.0,22.15
1536,2,Front/Back,151.47,165.09,151.47,165.09,180.0,97.1,180.0,19.53
1536,3,Front/Back,149.46,159.43,149.46,159.43,161.82,96.57,161.82,19.53
1536,4,Front/Back,147.81,155.88,147.81,155.88,180.0,97.43,180.0,20.94
1536,5,Front/Back,143.0,153.02,143.0,153.02,180.0,99.23,180.0,22.74
1536,6,Front/Back,142.1,143.61,142.1,143.61,180.0,101.76,180.0,26.38
1536,7,Front/Back,140.73,142.77,140.73,142.77,180.0,107.21,180.0,31.84
1536,8,Front/Back,140.03,147.16,140.03,147.16,180.0,110.13,180.0,34.79
1536,9,Front/Back,140.27,147.79,140.27,147.79,180.0,113.53,180.0,39.49
1536,10,Front/Back,142.49,149.37,142.49,149.37,180.0,116.12,180.0,44.72
1536,11,Front/Back,142.77,150.51,134.84,150.51,180.0,119.74,180.0,49.47
1536,12,Front/Back,143.9,151.83,143.9,151.83,180.0,123.13,180.0,54.57
1536,13,Front/Back,144.47,154.18,144.47,149.34,180.0,126.08,180.0,59.22
1536,14,Front/Back,146.3,157.21,146.3,143.72,180.0,129.66,180.0,63.41
1536,15,Front/Back,147.89,161.9,147.89,148.58,180.0,130.82,180.0,65.16
1536,16,Front/Back,149.89,169.75,149.89,151.3,180.0,130.07,180.0,66.77
1536,17,Front/Back,151.06,175.57,151.06,159.66,180.0,132.02,180.0,68.78
1536,18,Front/Back,150.39,178.3,150.39,164.98,180.0,132.69,180.0,69.44
1536,19,Front/Back,151.6,180.0,145.41,170.19,180.0,133.59,180.0,70.4
1536,20,Front/Back,153.23,180.0,153.23,176.85,180.0,133.72,180.0,71.12
1536,21,Front/Back,154.68,180.0,149.2,180.0,180.0,133.72,180.0,70.52
1536,22,Front/Back,153.06,180.0,146.87,180.0,180.0,134.53,180.0,70.81
1536,23,Front/Back,152.48,180.0,152.48,180.0,180.0,133.18,180.0,68.74
1536,24,Front/Back,152.06,170.82,145.87,170.82,180.0,133.18,180.0,68.74
1536,25,Front/Back,151.84,180.0,145.65,180.0,180.0,131.85,180.0,67.37
1536,26,Front/Back,151.68,180.0,145.49,180.0,180.0,131.2,180.0,66.13
1536,27,Front/Back,151.69,180.0,151.69,180.0,180.0,131.35,180.0,66.27
1536,28,Front/Back,150.73,172.03,150.73,172.03,180.0,128.66,180.0,62.97
1536,29,Front/Back,153.0,166.55,153.0,166.55,180.0,126.08,180.0,59.22
1536,30,Front/Back,152.48,165.65,152.48,165.65,180.0,123.57,180.0,56.11
1536,31,Front/Back,152.04,164.45,152.04,164.45,180.0,122.42,180.0,54.95
1536,32,Front/Back,150.06,165.37,150.06,165.37,180.0,120.71,180.0,52.67
1536,33,Front/Back,150.25,166.85,150.25,162.02,180.0,119.59,180.0,50.4
1536,34,Front/Back,149.77,170.47,149.77,170.47,180.0,117.54,180.0,48.35
1536,35,Front/Back,151.15,167.08,151.15,180.0,180.0,103.53,180.0,46.68
1536,36,Front/Back,151.28,160.6,151.28,180.0,180.0,95.43,180.0,44.5
1536,37,Front/Back,152.58,155.17,152.58,180.0,180.0,91.35,180.0,43.58
1536,38,Front/Back,141.24,153.11,154.74,171.76,166.49,88.21,180.0,41.95
1536,39,Front/Back,137.09,151.18,147.95,173.08,160.64,85.08,180.0,39.64
1536,40,Front/Back,139.63,155.17,150.5,180.0,160.64,86.64,180.0,36.64
1536,41,Front/Back,152.62,153.11,149.98,180.0,170.69,83.9,180.0,34.87
1536,42,Front/Back,146.99,156.59,156.99,165.37,162.07,101.51,180.0,33.8
1536,43,Front/Back,147.74,153.21,157.19,165.01,163.31,97.32,180.0,32.63
1536,44,Front/Back,153.91,156.97,163.36,163.83,163.31,95.66,180.0,30.98
1536,45,Front/Back,141.54,158.27,169.13,166.77,152.41,92.22,180.0,29.83
1536,46,Front/Back,150.08,165.91,175.85,172.52,138.78,155.3,164.55,164.45
1536,47,Front/Back,179.98,179.98,179.98,179.98,179.97,179.98,179.96,179.98
1536,48,Front/Back,172.55,164.52,165.46,180.0,180.0,164.52,147.29,180.0
1536,49,Front/Back,172.11,180.0,162.29,180.0,180.0,172.5,141.49,170.89
1536,50,Front/Back,170.38,180.0,158.61,180.0,165.96,159.11,128.5,159.11
1536,51,Front/Back,167.31,180.0,154.76,180.0,180.0,164.52,138.81,164.52
1536,52,Front/Back,166.01,180.0,156.28,180.0,180.0,165.0,129.95,165.0
1536,53,Front/Back,158.83,180.0,158.83,180.0,180.0,167.69,123.27,167.69
1537,1,Side,,38.4,148.38,161.35,,167.95,,147.38
1537,2,Side,,33.89,146.42,152.82,,166.82,,145.41
1537,3,Side,,32.88,147.68,148.17,,166.6,,146.45
1537,4,Side,,31.94,141.57,144.11,,167.86,,144.21
1537,5,Side,,27.94,140.41,137.59,,173.26,,147.27
1537,6,Side,,25.14,136.96,130.58,,174.7,,148.18
1537,7,Side,,22.64,64.92,119.51,,172.95,,145.56
1537,8,Side,,20.88,51.86,105.23,,164.47,,145.41
1537,9,Side,,20.17,100.02,100.02,,161.76,,145.3
1537,10,Side,,20.22,94.87,94.87,,154.16,,141.91
1537,11,Side,,23.08,83.1,83.1,,140.52,,137.57
1537,12,Side,,20.43,80.23,80.23,,138.89,,136.81
1537,13,Side,,20.33,72.79,72.79,,127.25,,133.84
1537,14,Side,,19.88,72.12,72.12,,128.37,,131.17
1537,15,Side,,19.86,74.06,74.06,,130.49,,133.66
1537,16,Side,,19.44,65.52,65.52,,120.77,,132.55
1537,17,Side,,19.19,69.3,69.3,,123.36,,134.05
1537,18,Side,,20.67,78.1,78.1,,123.73,,132.94
1537,19,Side,,18.61,87.53,87.53,,144.16,,144.38
1537,20,Side,,24.14,41.19,101.37,,149.17,,143.61
1537,21,Side,,24.52,56.35,117.19,,161.87,,142.35
1537,22,Side,,31.13,61.72,122.55,,152.97,,137.48
1537,23,Side,,31.99,60.83,121.01,,152.03,,138.87
1537,24,Side,,34.68,73.42,136.21,,160.74,,140.23
1537,25,Side,,33.26,79.19,140.54,,162.33,,139.53
1537,26,Side,,30.74,144.65,143.81,,168.96,,140.71
1537,27,Side,,30.74,145.36,145.06,,168.96,,142.13
1537,28,Side,,29.39,147.34,145.06,,172.36,,144.17
1538,1,Side,71.09,74.09,137.96,166.33,178.8,175.97,144.93,178.54
1538,2,Side,69.83,72.87,137.82,165.57,177.28,177.45,144.69,178.94
1538,3,Side,67.89,70.71,142.0,161.39,179.53,175.55,143.75,178.06
1538,4,Side,66.43,69.24,144.13,158.34,179.8,174.89,142.82,177.04
1538,5,Side,65.79,68.6,143.84,157.0,179.77,174.87,142.93,177.81
1538,6,Side,69.63,72.16,134.26,162.89,178.64,174.22,141.8,176.77
1538,7,Side,64.97,67.79,139.49,157.81,177.33,177.75,142.4,176.4
1538,8,Side,63.02,66.79,139.34,156.07,175.33,178.1,142.7,176.25
1538,9,Side,60.38,64.35,140.11,153.33,173.71,179.26,145.13,177.74
1538,10,Side,57.66,62.61,142.27,149.09,173.42,177.84,145.84,177.55
1538,11,Side,55.55,60.34,146.52,146.52,172.55,178.94,146.09,177.68
1538,12,Side,53.76,58.89,146.45,146.45,170.06,179.24,147.24,179.12
1538,13,Side,50.12,55.61,145.2,145.2,166.08,176.0,147.94,179.22
1538,14,Side,47.04,52.97,142.33,142.33,164.33,175.08,149.43,179.62
1538,15,Side,42.96,49.35,139.11,139.11,161.91,173.45,149.7,179.49
1538,16,Side,33.86,40.08,126.98,126.98,163.82,175.08,150.33,179.37
1538,17,Side,36.32,43.2,133.69,133.69,149.86,171.92,176.71,179.93
1538,18,Side,36.99,39.91,52.97,129.48,148.12,172.39,175.43,179.25
1538,19,Side,40.43,33.79,49.57,122.85,146.66,171.83,173.79,179.88
1538,20,Side,44.4,28.4,45.81,116.5,145.39,172.33,173.06,179.36
1538,21,Side,49.08,20.02,41.84,107.59,143.48,171.98,171.35,179.26
1538,22,Side,49.4,16.35,41.22,104.15,143.27,172.17,171.66,179.69
1538,23,Side,53.37,9.17,32.94,74.73,147.76,176.23,171.32,179.44
1538,24,Side,55.57,15.95,30.62,67.73,155.8,176.42,163.13,177.63
1538,25,Side,60.02,21.76,43.14,62.33,138.62,176.56,164.67,177.2
1538,26,Side,60.81,28.63,43.14,55.78,137.51,176.64,164.99,177.74
1538,27,Side,61.48,30.74,42.52,55.64,137.73,175.17,164.9,177.31
1538,28,Side,60.81,31.81,43.01,55.74,137.51,174.12,163.95,178.28
1538,29,Side,60.69,31.24,43.01,57.64,138.08,174.02,163.1,179.64
1538,30,Side,60.58,34.01,43.01,55.48,138.3,173.07,162.99,179.2
1538,31,Side,59.96,32.79,43.44,57.72,138.51,172.47,160.86,178.49
1538,32,Side,58.11,25.62,45.17,65.93,138.74,171.94,161.54,178.99
1538,33,Side,59.28,16.84,43.61,76.24,139.41,170.42,162.23,179.13
1538,34,Side,58.71,14.65,43.61,79.01,140.09,169.92,162.93,178.19
1538,35,Side,58.13,2.44,43.61,93.42,141.22,168.15,162.0,178.63
1538,36,Side,56.39,0.48,43.99,96.34,142.17,168.16,162.28,176.71
1538,37,Side,51.41,6.62,47.26,101.97,145.13,169.53,160.86,177.57
1538,38,Side,42.83,13.83,58.45,107.8,143.44,171.33,159.82,178.86
1538,39,Side,39.51,16.68,47.76,110.14,158.55,172.26,159.18,178.34
1538,40,Side,37.43,20.37,48.79,112.42,161.04,173.64,157.74,179.2
1538,41,Side,35.45,34.59,49.32,126.44,162.99,174.58,157.15,178.6
1538,42,Side,33.57,38.66,129.73,129.73,166.7,176.32,156.92,178.49
1538,43,Side,41.29,45.18,136.81,136.81,168.03,175.41,155.97,177.81
1538,44,Side,50.03,53.33,145.9,145.9,169.23,175.44,155.74,177.69
1538,45,Side,56.83,58.92,152.81,152.81,170.51,174.5,154.86,176.95
1538,46,Side,64.04,65.39,134.33,158.91,172.21,174.82,154.0,176.59
1538,47,Side,63.49,64.22,137.09,158.07,173.22,174.69,152.59,177.47
1538,48,Side,61.68,61.76,142.61,153.19,176.57,176.81,150.7,177.79
1538,49,Side,62.27,62.89,142.71,153.51,176.47,177.64,150.84,177.43
1538,50,Side,63.29,64.54,142.09,155.89,175.7,177.99,150.41,177.35
1538,51,Side,64.36,66.71,141.67,156.84,175.17,179.34,148.46,176.98
1538,52,Side,64.97,67.14,139.49,158.49,175.4,179.3,149.97,176.31
1538,53,Side,64.17,66.25,146.53,155.94,176.42,179.86,150.5,175.65
1538,54,Side,67.33,69.92,132.97,164.55,172.98,177.69,151.53,176.14
1538,55,Side,69.75,71.83,129.73,167.41,174.17,177.93,151.74,175.5
1538,56,Side,29.75,72.59,135.81,167.46,174.84,179.54,151.24,176.39
1538,57,Side,44.61,74.36,148.28,167.41,176.84,178.14,151.88,175.86
1538,58,Side,46.32,73.8,151.89,169.38,175.35,179.33,151.46,175.86
1538,59,Side,46.16,73.58,151.54,170.27,173.9,179.01,150.84,177.35
1538,60,Side,46.31,73.74,151.28,170.27,174.43,178.89,151.93,176.01
1538,61,Side,47.3,74.66,153.71,171.91,172.99,178.68,151.93,176.52
1538,62,Side,47.01,73.45,153.22,171.08,173.6,178.3,151.51,176.52
1538,63,Side,46.54,73.35,152.04,170.27,174.31,179.01,151.51,176.52
1538,64,Side,46.61,75.9,148.75,169.38,177.68,177.55,151.51,176.52
1539,1,Side,95.76,81.05,164.2,164.2,140.44,162.25,163.49,170.59
1539,2,Side,96.36,80.42,162.66,162.66,139.43,163.56,162.24,170.43
1539,3,Side,101.23,83.9,161.97,161.97,134.28,159.24,160.21,167.84
1539,4,Side,100.19,81.58,157.53,157.53,133.21,160.52,160.42,169.12
1539,5,Side,101.62,82.94,156.04,156.04,131.59,157.66,159.16,166.55
1539,6,Side,100.09,81.41,153.23,153.23,132.35,158.92,159.92,167.8
1539,7,Side,100.88,81.41,153.16,153.16,131.56,160.18,158.47,167.61
1539,8,Side,98.49,79.36,148.85,148.85,132.84,161.63,157.79,167.44
1539,9,Side,90.83,72.76,142.04,142.04,138.56,167.28,159.54,170.2
1539,10,Side,89.2,72.29,136.4,136.4,140.57,167.86,159.45,169.82
1539,11,Side,87.98,70.42,133.55,133.55,141.0,170.69,158.81,170.95
1539,12,Side,88.28,64.11,128.13,128.13,138.94,173.81,158.78,178.15
1539,13,Side,87.45,61.71,124.02,124.02,138.89,168.23,160.5,172.36
1539,14,Side,86.82,61.93,121.88,121.88,135.93,175.09,149.53,173.61
1539,15,Side,84.74,59.95,115.25,115.25,137.17,173.81,152.0,176.22
1539,16,Side,84.23,60.06,111.94,111.94,146.59,177.23,178.55,175.46
1539,17,Side,81.44,57.78,108.33,108.33,149.37,176.35,176.28,174.68
1539,18,Side,82.31,58.83,111.22,111.22,150.18,174.61,176.15,177.12
1539,19,Side,80.24,62.86,109.01,109.01,152.72,170.19,174.16,166.32
1539,20,Side,70.9,54.25,102.16,102.16,153.91,174.19,174.06,172.89
1539,21,Side,98.45,52.25,13.78,97.7,154.13,173.3,174.24,169.62
1539,22,Side,96.9,44.23,11.98,95.07,155.17,166.76,174.18,176.43
1539,23,Side,93.77,44.34,10.59,92.42,153.65,172.94,173.77,180.0
1539,24,Side,93.09,43.81,9.9,91.29,153.65,173.54,175.78,178.29
1539,25,Side,90.24,40.57,7.18,87.24,154.82,173.27,175.29,178.77
1539,26,Side,89.01,42.81,6.46,82.1,154.79,177.75,175.16,177.02
1539,27,Side,88.45,39.28,5.48,82.31,155.84,179.65,173.96,176.06
1539,28,Side,86.59,39.12,4.63,81.04,156.29,178.05,172.0,174.88
1539,29,Side,86.06,37.82,4.36,80.34,156.29,178.05,172.0,174.88
1539,30,Side,86.06,38.61,4.36,80.34,155.99,175.7,172.44,173.83
1539,31,Side,87.77,41.8,6.26,83.76,157.81,176.52,171.43,175.11
1539,32,Side,88.33,41.6,5.18,84.04,158.2,175.64,170.49,175.68
1539,33,Side,90.4,44.31,7.75,87.58,155.67,177.64,172.65,177.7
1539,34,Side,89.59,44.15,7.04,87.08,156.58,177.17,169.72,178.48
1539,35,Side,90.89,45.6,8.34,88.87,156.88,178.6,168.45,179.19
1539,36,Side,94.47,47.51,10.22,92.6,158.89,179.57,168.06,179.95
1539,37,Side,94.46,51.38,11.08,98.85,156.16,177.0,169.3,178.24
1539,38,Side,69.15,52.54,100.51,100.51,155.08,174.79,169.42,176.03
1539,39,Side,75.67,58.74,109.42,109.42,157.21,176.37,168.7,176.17
1539,40,Side,78.38,61.68,113.47,113.47,156.14,174.71,168.8,176.03
1539,41,Side,79.49,63.24,115.26,115.26,143.84,174.08,162.48,176.47
1539,42,Side,81.23,63.74,117.71,117.71,142.97,175.11,161.86,176.51
1539,43,Side,82.58,64.73,121.97,121.97,145.89,179.58,164.62,179.55
1539,44,Side,85.8,66.01,124.44,124.44,141.98,179.33,162.85,179.58
1539,45,Side,88.31,69.2,127.2,127.2,141.61,177.13,163.9,179.7
1539,46,Side,89.25,70.63,47.25,131.22,140.2,174.5,161.53,177.2
1539,47,Side,87.8,69.13,48.8,133.57,141.01,176.14,162.17,178.64
1539,48,Side,86.75,68.04,50.91,134.36,140.35,174.57,162.21,177.72
1539,49,Side,89.29,69.59,55.07,142.18,140.15,175.57,161.0,176.73
1539,50,Side,91.72,71.06,59.31,149.22,139.99,176.93,163.21,179.5
1539,51,Side,164.36,69.78,139.35,152.46,139.51,177.16,164.48,178.75
1539,52,Side,165.54,72.05,137.11,157.86,138.18,175.82,163.52,180.0
1539,53,Side,169.49,75.24,136.01,159.88,135.35,171.12,162.32,177.46
1539,54,Side,168.87,79.12,136.58,163.49,134.31,168.36,163.47,177.58
1539,55,Side,172.82,82.75,134.11,166.0,134.66,163.61,164.24,175.06
1539,56,Side,172.39,82.5,137.58,164.94,133.63,162.75,164.03,174.8
1540,1,Front/Back,179.98,179.99,,,,,,
1540,2,Front/Back,144.92,139.58,,,,,,
1540,3,Front/Back,143.97,132.22,,,,,,
1540,4,Front/Back,144.32,125.58,,,,,,
1540,5,Front/Back,150.53,122.07,,,,,,
1540,6,Front/Back,148.21,114.98,,,,,,
1540,7,Front/Back,147.08,116.15,,,,,,
1540,8,Front/Back,146.71,124.54,,,,,,
1540,9,Front/Back,147.32,134.84,,,,,,
1540,10,Front/Back,148.86,143.06,,,,,,
1540,11,Front/Back,150.75,144.04,,,,,,
1540,12,Front/Back,151.93,138.21,,,,,,
1540,13,Front/Back,151.08,137.86,,,,,,
1540,14,Front/Back,150.93,144.42,,,,,,
1540,15,Front/Back,150.21,143.5,,,,,,
1540,16,Front/Back,150.2,141.57,,,,,,
1540,17,Front/Back,148.67,140.59,,,,,,
1540,18,Front/Back,148.39,140.27,,,,,,
1540,19,Front/Back,149.29,140.14,,,,,,
1540,20,Front/Back,151.88,132.49,,,,,,
1540,21,Front/Back,154.21,131.29,,,,,,
1540,22,Front/Back,156.34,117.41,,,,,,
1540,23,Front/Back,154.93,96.54,,,,,,
1540,24,Front/Back,142.43,93.97,,,,,,
1540,25,Front/Back,124.77,90.26,,,,,,
1540,26,Front/Back,112.81,87.3,,,,,,
1540,27,Front/Back,114.93,94.02,,,,,,
1540,28,Front/Back,120.91,102.32,,,,,,
1540,29,Front/Back,126.67,113.92,,,,,,
1541,1,Side,,50.24,165.11,165.11,,179.57,,153.58
1541,2,Side,,50.57,167.23,167.23,,179.03,,154.15
1541,3,Side,,52.0,170.25,170.25,,179.47,,153.25
1541,4,Side,,51.53,168.51,168.51,,179.35,,153.8
1541,5,Side,,50.57,164.88,164.88,,179.79,,153.15
1541,6,Side,,48.62,159.69,159.69,,179.91,,153.71
1541,7,Side,,48.81,157.91,157.91,,177.72,,152.86
1541,8,Side,,47.07,151.03,151.03,,175.36,,151.98
1541,9,Side,,44.42,140.24,140.24,,173.23,,152.15
1541,10,Side,,40.49,130.82,130.82,,173.3,,152.65
1541,11,Side,,36.43,121.11,121.11,,172.67,,152.82
1541,12,Side,,32.54,113.68,113.68,,171.23,,152.56
1541,13,Side,,28.97,105.82,105.82,,167.92,,150.19
1541,14,Side,,27.38,103.49,103.49,,164.33,,148.31
1541,15,Side,,22.85,95.57,95.57,,164.08,,150.01
1541,16,Side,,12.32,87.21,87.21,,176.85,,157.41
1541,17,Side,,10.74,75.56,75.56,,164.22,,150.56
1541,18,Side,,6.05,70.85,70.85,,168.24,,153.02
1541,19,Side,,2.44,65.82,65.82,,170.76,,155.54
1541,20,Side,,3.01,58.04,58.04,,172.23,,159.57
1541,21,Side,,5.25,56.65,56.65,,174.78,,159.25
1541,22,Side,,5.86,56.13,56.13,,173.33,,157.84
1541,23,Side,,6.55,55.55,55.55,,172.48,,157.84
1541,24,Side,,7.07,55.18,55.18,,171.65,,157.84
1541,25,Side,,7.67,53.75,53.75,,170.22,,156.6
1541,26,Side,,8.69,53.78,53.78,,169.82,,157.24
1541,27,Side,,7.86,53.32,53.32,,167.8,,155.58
1541,28,Side,,7.72,56.2,56.2,,169.59,,156.73
1541,29,Side,,6.8,58.34,58.34,,170.81,,156.73
1541,30,Side,,6.17,59.79,59.79,,172.24,,157.97
1541,31,Side,,5.47,61.31,61.31,,173.05,,157.8
1541,32,Side,,3.45,65.57,65.57,,172.66,,157.89
1541,33,Side,,0.87,69.57,69.57,,171.87,,157.19
1541,34,Side,,1.71,42.27,73.38,,172.5,,157.4
1541,35,Side,,4.95,47.02,78.52,,172.18,,156.88
1541,36,Side,,7.26,52.07,83.49,,172.74,,156.82
1541,37,Side,,9.49,55.64,87.05,,174.08,,158.16
1541,38,Side,,12.33,59.79,91.21,,174.79,,158.24
1541,39,Side,,15.35,64.45,96.22,,174.72,,157.1
1541,40,Side,,17.69,70.06,101.68,,176.35,,157.64
1541,41,Side,,20.71,74.52,106.15,,177.2,,157.74
1541,42,Side,,23.68,79.58,111.52,,177.99,,157.84
1541,43,Side,,26.6,83.66,115.61,,178.58,,157.96
1541,44,Side,,28.23,87.37,118.81,,179.12,,157.9
1541,45,Side,,31.56,94.2,125.68,,179.77,,158.71
1541,46,Side,,34.11,101.06,132.48,,178.63,,158.27
1541,47,Side,,36.64,105.29,136.36,,179.83,,157.29
1541,48,Side,,39.86,109.78,141.02,,178.74,,156.48
1541,49,Side,,42.72,117.21,147.73,,178.22,,156.08
1541,50,Side,,45.58,123.72,153.28,,177.49,,155.46
1541,51,Side,,48.9,161.24,159.35,,175.22,,153.35
1541,52,Side,,50.53,160.0,164.86,,177.79,,154.6
1541,53,Side,,55.31,158.66,176.01,,178.7,,155.02
1542,1,Front/Back,180.0,180.0,180.0,180.0,131.94,118.99,,
1542,2,Front/Back,180.0,180.0,180.0,180.0,127.95,117.01,,
1542,3,Front/Back,180.0,180.0,180.0,180.0,127.65,115.72,,
1542,4,Front/Back,180.0,180.0,180.0,180.0,127.8,114.39,,
1542,5,Front/Back,180.0,180.0,180.0,180.0,127.97,113.74,,
1542,6,Front/Back,180.0,180.0,180.0,180.0,129.17,114.34,,
1542,7,Front/Back,180.0,180.0,180.0,180.0,131.94,117.62,,
1542,8,Front/Back,180.0,180.0,180.0,180.0,133.84,129.53,,
1542,9,Front/Back,180.0,180.0,180.0,180.0,145.0,138.47,,
1542,10,Front/Back,180.0,180.0,180.0,180.0,147.71,144.11,,
1542,11,Front/Back,180.0,180.0,180.0,180.0,151.75,151.22,,
1542,12,Front/Back,180.0,162.09,180.0,162.09,157.2,161.52,,
1542,13,Front/Back,179.97,179.98,179.98,179.98,179.98,179.98,,
1542,14,Front/Back,119.75,123.74,146.27,156.85,140.83,146.89,,
1542,15,Front/Back,109.75,99.07,136.26,147.65,140.34,131.43,,
1542,16,Front/Back,89.7,87.79,117.57,145.76,128.17,122.03,,
1542,17,Front/Back,85.6,76.98,111.53,140.63,127.25,116.35,,
1542,18,Front/Back,106.96,77.32,129.81,138.65,140.34,118.66,,
1542,19,Front/Back,160.07,93.52,156.59,136.14,180.0,137.39,,
1542,20,Front/Back,180.0,148.02,176.51,148.02,180.0,180.0,,
1542,21,Front/Back,180.0,154.4,180.0,154.4,180.0,180.0,,
1542,22,Front/Back,180.0,150.42,180.0,150.42,180.0,180.0,,
1542,23,Front/Back,180.0,153.25,180.0,153.25,180.0,180.0,,
1542,24,Front/Back,180.0,180.0,180.0,180.0,180.0,180.0,,
1542,25,Front/Back,180.0,180.0,180.0,180.0,180.0,180.0,,
1542,26,Front/Back,180.0,158.64,180.0,158.64,180.0,180.0,,
1542,27,Front/Back,180.0,152.27,180.0,152.27,180.0,180.0,,
1542,28,Front/Back,180.0,143.97,180.0,143.97,180.0,180.0,,
1542,29,Front/Back,161.71,136.5,161.71,136.5,180.0,180.0,,
1542,30,Front/Back,180.0,141.03,180.0,141.03,180.0,180.0,,
1542,31,Front/Back,157.21,91.97,180.0,134.44,157.21,137.53,,
1542,32,Front/Back,113.9,77.18,146.72,132.45,134.02,124.73,,
1542,33,Front/Back,110.39,67.24,142.97,133.4,129.71,113.84,,
1542,34,Front/Back,127.12,86.17,158.68,147.02,107.82,119.15,,
1542,35,Front/Back,180.0,106.28,180.0,144.75,141.97,102.28,,
1542,36,Front/Back,180.0,153.48,180.0,153.48,132.77,117.06,,
1542,37,Front/Back,180.0,180.0,180.0,180.0,132.67,112.37,,
1542,38,Front/Back,180.0,154.33,180.0,180.0,131.79,99.01,,
1542,39,Front/Back,180.0,171.57,180.0,180.0,131.49,108.51,,
1542,40,Front/Back,180.0,180.0,180.0,180.0,131.49,114.27,,
1542,41,Front/Back,180.0,180.0,180.0,180.0,132.13,111.67,,
1542,42,Front/Back,180.0,180.0,180.0,180.0,134.03,108.43,,
1542,43,Front/Back,180.0,180.0,180.0,180.0,133.47,106.15,,
1542,44,Front/Back,180.0,180.0,180.0,180.0,127.56,103.03,,
1543,1,Front/Back,180.0,150.36,180.0,169.76,180.0,160.59,180.0,180.0
1543,2,Front/Back,179.98,179.98,179.98,179.98,179.97,179.97,179.97,179.97
1543,3,Front/Back,171.08,180.0,160.04,162.88,147.71,135.12,146.76,116.32
1543,4,Front/Back,179.99,180.0,157.47,158.02,147.07,127.76,147.08,127.76
1543,5,Front/Back,173.78,180.0,159.98,152.75,133.08,121.14,139.3,121.14
1543,6,Front/Back,180.0,180.0,154.22,146.75,139.11,120.88,139.11,120.88
1543,7,Front/Back,180.0,180.0,152.95,145.65,138.91,120.62,126.77,120.62
1543,8,Front/Back,180.0,180.0,150.64,144.68,138.73,120.36,120.17,120.36
1543,9,Front/Back,160.66,180.0,147.7,141.28,119.2,120.1,115.25,120.1
1543,10,Front/Back,166.17,180.0,146.28,140.72,124.54,119.85,111.12,119.85
1543,11,Front/Back,177.73,179.39,144.24,141.05,135.93,119.59,107.48,119.59
1543,12,Front/Back,180.0,155.96,143.37,118.48,138.03,119.34,104.18,119.34
1543,13,Front/Back,180.0,161.22,143.37,121.31,137.87,119.09,101.14,119.09
1543,14,Front/Back,180.0,163.21,142.51,123.3,137.71,118.84,98.29,118.84
1543,15,Front/Back,180.0,172.65,141.67,132.86,137.56,118.59,95.62,118.59
1543,16,Front/Back,171.03,180.0,132.71,140.09,137.41,118.34,93.08,118.34
1543,17,Front/Back,170.45,180.0,133.13,140.21,137.26,118.1,90.66,118.1
1543,18,Front/Back,171.47,180.0,134.84,141.04,137.12,117.85,88.35,117.85
1543,19,Front/Back,178.21,180.0,141.75,142.42,136.99,117.61,86.13,117.61
1543,20,Front/Back,174.77,180.0,139.01,142.33,136.86,117.36,84.0,117.36
1543,21,Front/Back,159.06,180.0,120.71,142.33,136.73,117.12,81.95,117.12
1543,22,Front/Back,169.7,180.0,133.24,142.42,136.61,116.88,79.98,116.88
1543,23,Front/Back,162.96,180.0,126.49,141.77,136.49,116.64,78.08,116.64
1543,24,Front/Back,170.13,180.0,133.67,142.13,136.38,116.4,76.26,116.4
1543,25,Front/Back,158.93,180.0,124.54,143.19,136.27,116.16,74.52,116.16
1543,26,Front/Back,157.12,180.0,122.73,143.62,136.17,115.93,72.86,115.93
1543,27,Front/Back,156.13,180.0,121.73,144.09,136.07,115.69,71.27,115.69
1543,28,Front/Back,156.51,180.0,122.11,144.35,135.98,115.46,69.78,115.46
1543,29,Front/Back,156.52,180.0,122.26,144.61,135.89,115.23,68.38,115.23
1543,30,Front/Back,170.13,180.0,135.88,145.18,135.81,115.0,67.08,115.0
1543,31,Front/Back,180.0,180.0,145.74,145.48,135.72,114.77,65.91,114.77
1543,32,Front/Back,159.14,180.0,145.14,146.14,114.79,114.54,64.86,114.54
1543,33,Front/Back,152.58,180.0,145.74,145.39,108.16,114.31,63.96,114.31
1543,34,Front/Back,145.02,180.0,146.28,145.46,100.53,114.09,63.23,114.09
1543,35,Front/Back,148.75,180.0,147.02,145.94,104.2,113.86,62.67,113.86
1543,36,Front/Back,145.52,180.0,146.28,145.87,100.91,113.64,62.3,113.64
1543,37,Front/Back,147.79,180.0,145.66,147.58,94.32,116.63,59.18,116.63
1543,38,Front/Back,148.58,180.0,146.53,148.61,99.92,131.98,67.5,131.98
1543,39,Front/Back,148.99,180.0,148.71,149.75,109.56,141.49,77.85,141.49
1543,40,Front/Back,149.87,180.0,151.73,152.67,133.14,153.72,97.56,153.72
1544,1,Front/Back,118.53,150.02,153.46,180.0,145.07,150.02,,
1544,2,Front/Back,128.06,153.71,152.78,180.0,155.28,153.71,,
1544,3,Front/Back,127.16,156.94,153.23,180.0,153.93,156.94,,
1544,4,Front/Back,127.9,162.52,155.26,180.0,152.64,162.52,,
1544,5,Front/Back,126.56,161.77,155.16,170.83,151.41,170.94,,
1544,6,Front/Back,123.51,169.12,153.66,169.12,149.86,180.0,,
1544,7,Front/Back,121.37,167.38,151.16,167.38,150.22,146.65,,
1544,8,Front/Back,136.78,180.0,156.17,180.0,160.62,141.54,,
1544,9,Front/Back,137.1,174.59,154.63,180.0,162.47,131.56,,
1544,10,Front/Back,135.81,163.03,154.3,180.0,161.51,115.83,,
1544,11,Front/Back,117.42,146.28,154.56,163.4,142.86,146.28,,
1544,12,Front/Back,102.67,141.22,147.87,164.18,134.8,141.22,,
1544,13,Front/Back,92.36,119.48,133.33,147.75,129.08,137.0,,
1544,14,Front/Back,83.98,110.74,127.09,143.75,124.31,134.32,,
1544,15,Front/Back,76.38,104.38,120.94,141.22,118.89,132.69,,
1544,16,Front/Back,71.01,89.25,117.52,132.44,115.74,125.69,,
1544,17,Front/Back,68.69,82.66,116.09,131.41,115.21,120.14,,
1544,18,Front/Back,66.49,81.92,114.84,134.43,114.64,117.37,,
1544,19,Front/Back,68.2,73.89,114.3,139.84,117.3,114.05,,
1544,20,Front/Back,73.48,73.27,115.49,140.87,121.85,112.4,,
1544,21,Front/Back,80.59,73.15,113.9,141.48,128.46,111.67,,
1544,22,Front/Back,83.41,71.35,113.87,124.73,131.3,111.86,,
1544,23,Front/Back,86.18,78.2,113.2,128.1,134.33,114.8,,
1544,24,Front/Back,89.48,83.71,113.83,127.59,137.01,119.86,,
1544,25,Front/Back,94.06,87.51,113.78,123.17,141.25,127.27,,
1544,26,Front/Back,93.61,95.31,111.95,123.65,140.48,134.24,,
1544,27,Front/Back,77.91,92.68,106.84,121.11,131.37,133.54,,
1544,28,Front/Back,78.17,98.59,105.95,126.39,132.52,136.1,,
1544,29,Front/Back,77.39,106.69,104.25,141.48,133.15,135.67,,
1544,30,Front/Back,75.89,106.25,103.02,141.45,132.61,135.26,,
1544,31,Front/Back,70.0,98.12,101.45,142.31,128.04,127.34,,
1544,32,Front/Back,67.28,90.76,101.09,139.07,125.94,123.22,,
1544,33,Front/Back,66.34,85.73,99.4,135.23,125.2,119.38,,
1544,34,Front/Back,62.63,84.64,98.36,142.4,121.15,112.13,,
1544,35,Front/Back,68.54,86.27,120.27,146.32,122.49,111.0,,
1544,36,Front/Back,69.81,90.26,120.93,146.03,123.1,112.88,,
1544,37,Front/Back,73.67,91.78,120.83,143.95,125.65,114.64,,
1544,38,Front/Back,79.39,96.71,121.48,147.27,129.6,118.34,,
1544,39,Front/Back,87.13,101.12,125.65,146.33,135.95,121.99,,
1544,40,Front/Back,97.62,108.36,125.57,147.31,144.32,126.89,,
1544,41,Front/Back,107.99,103.29,132.19,138.59,146.53,133.21,,
1544,42,Front/Back,119.45,111.53,131.23,145.14,158.34,138.16,,
1544,43,Front/Back,128.25,120.97,139.12,148.06,162.29,144.14,,
1544,44,Front/Back,140.71,143.52,146.3,154.97,166.92,159.68,,
1544,45,Front/Back,179.98,179.98,179.98,179.98,179.97,179.97,,
1544,46,Front/Back,180.0,180.0,176.41,180.0,141.5,133.63,,
1544,47,Front/Back,179.39,180.0,158.49,180.0,157.65,133.63,,
1544,48,Front/Back,169.04,180.0,158.53,180.0,169.04,135.71,,
1544,49,Front/Back,163.98,180.0,162.79,166.74,163.98,135.67,,
1544,50,Front/Back,158.49,180.0,168.94,168.0,158.49,137.97,,
1545,1,Side,92.9,136.07,170.92,74.71,146.08,60.85,173.01,140.18
1545,2,Side,89.13,136.58,166.09,74.19,148.86,62.88,173.4,139.65
1545,3,Side,85.58,137.02,160.56,73.71,150.84,64.42,173.35,139.14
1545,4,Side,72.49,136.57,155.92,73.35,174.99,69.65,173.14,144.13
1545,5,Side,69.88,84.31,144.66,136.18,170.45,105.69,176.54,141.59
1545,6,Side,63.52,74.42,132.0,125.86,169.2,110.31,178.97,137.12
1545,7,Side,58.21,67.83,117.01,112.61,173.72,117.16,175.73,56.36
1545,8,Side,56.17,57.63,102.39,101.2,157.21,127.66,169.7,65.22
1545,9,Side,40.6,51.81,94.18,96.98,173.88,136.69,175.48,151.02
1545,10,Side,35.5,45.87,82.7,89.4,171.54,148.35,173.72,154.84
1545,11,Side,30.95,41.31,73.89,83.39,172.97,159.09,177.77,165.08
1545,12,Side,22.87,40.84,68.03,86.04,175.69,160.88,173.97,164.69
1545,13,Side,21.23,40.31,63.81,82.53,170.89,160.95,177.13,163.21
1545,14,Side,17.91,37.76,59.65,80.09,171.78,163.09,176.52,164.88
1545,15,Side,13.44,34.96,54.94,77.55,171.18,163.42,175.1,164.28
1545,16,Side,9.13,43.68,51.39,62.98,164.62,162.74,165.69,165.93
1545,17,Side,9.22,46.92,48.08,60.76,169.34,164.45,166.94,164.93
1545,18,Side,6.72,48.45,47.61,58.89,166.49,162.82,164.6,163.68
1545,19,Side,5.91,48.85,48.8,58.46,165.02,162.16,161.78,161.36
1545,20,Side,5.4,49.72,48.77,58.43,161.96,167.07,158.11,168.35
1545,21,Side,6.82,49.04,50.58,58.2,164.35,162.51,158.23,162.9
1545,22,Side,11.36,49.38,53.81,58.54,165.83,160.89,159.91,161.58
1545,23,Side,14.75,48.95,56.72,58.88,167.17,158.18,161.15,158.81
1545,24,Side,17.74,48.8,57.49,58.98,167.35,156.65,161.3,158.59
1545,25,Side,20.87,41.37,58.68,78.03,167.75,156.94,162.41,162.53
1545,26,Side,25.2,43.2,63.65,80.91,170.12,156.46,165.16,164.43
1545,27,Side,27.91,41.25,65.15,81.32,174.09,152.85,167.82,106.79
1545,28,Side,30.53,45.26,71.48,87.07,174.84,147.67,167.81,100.63
1545,29,Side,35.78,49.73,78.63,25.85,177.85,143.21,172.63,95.02
1545,30,Side,40.65,55.34,86.51,30.06,179.34,135.74,173.76,86.5
1545,31,Side,44.66,60.35,95.35,34.69,177.71,131.72,173.49,146.6
1545,32,Side,48.37,92.4,102.73,31.26,177.34,95.6,172.93,149.37
1545,33,Side,52.2,97.99,108.03,36.37,171.33,92.49,179.16,147.8
1545,34,Side,56.8,104.99,116.31,42.72,168.2,88.22,176.1,144.31
1545,35,Side,59.43,139.37,125.92,112.37,167.16,85.4,178.47,146.59
1545,36,Side,80.29,139.79,149.3,120.55,147.36,72.16,166.02,140.56
1545,37,Side,87.84,137.19,163.43,119.91,146.56,73.6,170.47,148.0
1546,1,Side,67.83,132.71,157.15,134.91,164.01,51.45,164.17,127.75
1546,2,Side,67.5,129.23,152.32,129.55,163.41,53.72,161.94,126.3
1546,3,Side,65.87,125.33,146.37,121.11,164.13,56.48,161.19,124.78
1546,4,Side,65.85,122.67,143.28,117.8,164.11,58.78,159.36,124.0
1546,5,Side,72.16,117.86,140.29,114.04,155.26,58.83,160.48,132.18
1546,6,Side,69.63,119.99,134.68,109.24,159.1,67.77,163.73,135.39
1546,7,Side,63.51,119.21,124.21,103.9,166.24,72.58,171.04,138.87
1546,8,Side,51.01,117.85,108.33,95.11,171.38,77.76,167.03,131.24
1546,9,Side,44.97,118.2,99.0,89.58,175.0,86.82,177.65,140.54
1546,10,Side,39.74,40.05,90.69,25.84,172.11,140.31,178.82,137.63
1546,11,Side,35.95,36.68,84.86,81.42,164.63,147.77,176.34,41.28
1546,12,Side,34.38,36.03,79.89,78.57,160.33,149.8,172.49,44.6
1546,13,Side,31.8,36.61,77.17,77.55,160.66,148.93,174.23,46.08
1546,14,Side,29.3,36.49,70.72,73.29,161.73,148.42,176.05,51.44
1546,15,Side,26.89,113.77,67.75,7.13,162.09,148.39,175.54,54.53
1546,16,Side,24.49,93.16,63.6,24.8,165.46,147.48,176.41,55.7
1546,17,Side,22.89,91.03,60.07,25.55,161.23,148.67,173.1,58.13
1546,18,Side,21.03,86.22,55.69,29.9,163.01,147.33,176.15,60.08
1546,19,Side,20.08,80.17,54.72,33.83,164.54,150.23,176.53,68.14
1546,20,Side,17.3,74.53,51.24,39.34,161.93,153.46,171.67,71.95
1546,21,Side,18.43,73.09,49.5,41.29,163.83,167.91,169.39,156.34
1546,22,Side,18.57,69.51,47.46,44.99,166.37,169.22,169.39,157.54
1546,23,Side,17.4,66.99,43.37,42.46,169.37,165.32,167.57,158.68
1546,24,Side,18.26,65.57,47.02,43.88,169.71,163.8,168.19,159.01
1546,25,Side,18.39,76.67,44.88,34.53,172.22,163.81,166.84,157.48
1546,26,Side,20.48,78.41,44.81,33.24,173.0,163.51,161.29,157.65
1546,27,Side,22.96,82.25,52.0,32.33,173.4,164.07,165.96,158.5
1546,28,Side,25.49,86.46,55.18,29.83,174.87,153.63,166.36,67.26
1546,29,Side,25.84,35.86,55.45,70.62,172.05,153.53,164.11,61.06
1546,30,Side,28.12,37.53,65.71,79.12,173.76,152.05,172.21,50.88
1546,31,Side,40.28,35.55,70.78,82.11,159.51,154.26,170.1,46.96
1546,32,Side,35.03,36.13,75.63,84.34,177.79,155.16,177.02,48.83
1546,33,Side,36.2,37.48,81.94,25.67,174.6,154.99,177.55,47.45
1546,34,Side,37.49,36.91,89.78,28.06,167.92,157.87,177.42,147.59
1546,35,Side,37.84,36.08,92.76,30.15,164.65,161.1,177.51,148.28
1546,36,Side,47.43,35.68,97.85,32.52,168.29,162.7,160.93,147.2
1546,37,Side,50.73,38.52,100.58,34.41,172.19,162.86,178.02,160.72
1546,38,Side,43.12,40.51,105.38,36.88,162.97,158.74,170.39,154.1
1546,39,Side,43.81,108.99,104.74,41.5,172.42,89.61,176.25,143.47
1546,40,Side,50.11,128.86,116.78,51.36,171.72,75.9,177.35,143.71
1546,41,Side,53.53,136.59,120.76,55.11,174.41,68.87,176.02,142.36
1546,42,Side,54.88,110.28,129.22,112.9,171.88,61.89,176.97,141.84
1546,43,Side,55.39,121.86,134.23,121.97,177.22,67.93,172.44,141.27
1546,44,Side,59.51,125.44,145.58,129.72,175.96,65.62,177.59,144.45
1546,45,Side,63.19,125.92,156.56,127.36,177.14,63.1,177.15,143.47
1546,46,Side,66.23,127.58,168.17,135.01,176.5,58.16,177.86,142.4
1547,1,Side,24.22,69.82,141.45,164.96,76.85,115.65,168.04,137.97
1547,2,Side,28.73,66.52,140.09,161.43,79.53,117.92,167.76,137.67
1547,3,Side,34.6,61.13,138.91,155.62,83.02,121.7,165.6,139.87
1547,4,Side,37.82,49.1,141.13,149.68,86.02,139.5,166.51,146.62
1547,5,Side,42.5,44.25,139.91,144.32,88.14,143.76,165.13,148.41
1547,6,Side,44.45,39.81,137.77,138.84,92.44,148.39,170.89,148.76
1547,7,Side,52.08,41.05,132.37,139.36,99.18,148.12,173.43,149.9
1547,8,Side,62.26,38.25,126.0,132.92,107.85,149.96,176.21,152.29
1547,9,Side,80.13,36.07,118.43,128.51,123.92,150.91,177.99,150.72
1547,10,Side,107.18,33.04,114.63,122.3,150.47,155.33,174.84,154.71
1547,11,Side,27.85,29.29,50.2,110.5,174.12,159.3,171.68,158.3
1547,12,Side,45.05,28.05,48.25,111.15,152.69,159.57,163.74,153.62
1547,13,Side,56.31,27.25,44.09,106.16,137.0,158.07,156.35,148.36
1547,14,Side,61.21,25.41,39.1,101.33,127.7,158.39,149.78,144.68
1547,15,Side,64.37,24.34,35.02,96.46,119.98,157.0,143.5,140.48
1547,16,Side,19.95,23.16,93.82,91.37,162.65,156.49,137.69,137.18
1547,17,Side,20.58,22.67,91.5,88.11,160.24,156.52,135.42,137.18
1547,18,Side,21.28,22.83,88.75,84.18,157.82,154.79,135.54,138.63
1547,19,Side,21.44,24.97,85.7,80.08,156.13,147.1,135.2,135.32
1547,20,Side,21.62,24.29,83.03,76.43,154.37,147.26,134.9,137.06
1547,21,Side,21.24,22.79,80.22,72.3,153.25,151.52,42.34,141.24
1547,22,Side,20.43,22.45,74.17,65.03,153.88,149.68,44.09,141.73
1547,23,Side,20.12,22.77,72.89,63.22,153.81,148.08,45.04,140.55
1547,24,Side,20.09,21.5,72.26,59.35,153.55,146.26,45.19,141.82
1547,25,Side,19.77,20.39,70.29,56.12,153.35,145.21,47.91,140.35
1547,26,Side,91.47,19.24,38.99,53.79,153.47,145.54,49.33,140.26
1547,27,Side,86.76,19.65,42.29,55.41,152.23,145.57,49.11,139.09
1547,28,Side,82.74,19.69,44.61,56.17,149.79,145.91,48.49,137.34
1547,29,Side,78.89,20.28,47.75,56.84,149.32,147.19,47.17,137.66
1547,30,Side,65.56,20.29,61.5,58.1,149.01,146.83,46.58,135.11
1547,31,Side,81.2,20.19,2.47,59.31,105.73,148.23,45.44,134.49
1547,32,Side,81.17,22.12,1.07,60.41,103.58,146.15,40.69,136.69
1547,33,Side,81.89,23.84,0.86,61.29,101.59,145.04,37.39,138.95
1547,34,Side,80.98,21.66,1.51,62.1,100.47,151.46,34.1,146.55
1547,35,Side,81.39,22.27,3.07,63.68,98.65,153.4,30.57,151.26
1547,36,Side,67.51,22.78,64.5,64.5,97.35,156.04,144.51,158.46
1547,37,Side,70.85,25.75,15.92,72.56,97.29,152.35,146.6,156.55
1547,38,Side,73.26,28.31,20.54,77.58,98.11,151.13,148.92,156.99
1547,39,Side,76.11,31.28,25.52,82.51,98.7,148.23,151.2,155.9
1547,40,Side,77.57,33.31,29.98,87.14,99.91,147.07,153.77,156.68
1547,41,Side,77.33,32.82,38.38,95.31,106.57,152.16,156.61,157.69
1547,42,Side,163.77,42.09,91.93,97.1,132.04,132.14,165.82,148.64
1547,43,Side,155.23,36.63,96.49,101.85,179.23,144.33,179.68,157.94
1547,44,Side,118.93,37.76,101.48,107.49,138.9,142.48,166.52,157.74
1547,45,Side,99.58,39.33,105.79,107.62,112.01,135.57,151.07,155.55
1547,46,Side,84.22,39.72,116.07,112.27,93.66,135.24,141.01,153.35
1547,47,Side,80.87,41.14,117.65,116.28,94.71,134.11,138.59,156.5
1547,48,Side,77.71,42.96,119.53,120.28,94.61,133.72,135.21,160.67
1547,49,Side,75.35,43.05,119.74,121.74,94.7,133.87,132.53,165.15
1547,50,Side,72.23,44.75,120.94,123.64,94.08,133.04,128.7,169.95
1547,51,Side,68.38,46.14,122.21,124.92,93.1,132.34,126.43,173.52
1547,52,Side,64.36,48.71,126.75,130.17,93.25,130.14,127.91,171.77
1547,53,Side,61.44,50.84,132.51,138.14,95.21,130.37,129.41,171.43
1547,54,Side,57.97,53.69,137.6,148.34,96.48,130.59,129.81,172.2
1547,55,Side,55.79,50.11,139.55,154.31,97.06,140.78,131.29,176.82
1547,56,Side,52.46,56.14,145.87,162.64,99.23,138.07,134.08,175.85
1548,1,Side,32.81,,129.0,59.14,169.88,,163.95,
1548,2,Side,30.62,,125.0,56.52,171.35,,166.15,
1548,3,Side,29.13,,119.69,53.78,171.0,,169.89,
1548,4,Side,24.24,,109.67,50.0,175.76,,178.83,
1548,5,Side,22.68,,104.29,47.42,171.58,,171.01,
1548,6,Side,20.1,,98.5,44.91,172.81,,170.54,
1548,7,Side,20.84,,98.09,42.64,173.51,,172.75,
1548,8,Side,17.83,,92.78,39.39,174.99,,170.54,
1548,9,Side,15.46,,86.42,35.8,177.66,,174.69,
1548,10,Side,13.3,,81.98,32.79,178.09,,171.15,
1548,11,Side,10.78,,74.73,28.86,180.0,,168.69,
1548,12,Side,11.66,,75.61,29.88,180.0,,170.91,
1548,13,Side,11.97,,77.71,31.09,179.25,,175.24,
1548,14,Side,12.09,,78.58,32.09,179.82,,170.9,
1548,15,Side,12.47,,80.73,33.42,179.13,,168.33,
1548,16,Side,17.64,,82.68,34.12,165.4,,157.61,
1548,17,Side,20.39,,90.82,38.79,171.51,,170.79,
1548,18,Side,20.66,,99.3,42.91,178.97,,177.18,
1548,19,Side,21.71,,108.3,47.84,177.72,,172.92,
1548,20,Side,24.84,,116.4,52.14,178.88,,171.67,
1548,21,Side,27.57,,123.63,56.93,179.85,,166.18,
1548,22,Side,30.81,,126.5,57.96,177.5,,169.84,
1548,23,Side,36.92,,130.77,58.77,173.54,,171.03,
1548,24,Side,39.05,,135.06,59.81,174.56,,175.6,
1548,25,Side,41.15,,136.01,60.18,171.69,,174.34,
1549,1,Side,37.94,,169.53,85.44,164.86,,166.12,
1549,2,Side,40.27,,165.54,84.05,173.96,,161.27,
1549,3,Side,37.52,,157.51,79.19,174.38,,162.45,
1549,4,Side,36.34,,155.28,76.73,174.71,,162.96,
1549,5,Side,32.79,,145.24,71.45,174.53,,164.21,
1549,6,Side,29.17,,131.93,62.93,174.85,,163.1,
1549,7,Side,27.28,,119.13,54.69,177.72,,164.29,
1549,8,Side,23.86,,109.48,46.82,177.94,,159.71,
1549,9,Side,18.29,,101.06,38.05,173.19,,156.05,
1549,10,Side,14.83,,95.67,32.93,176.89,,167.62,
1549,11,Side,11.53,,88.39,93.49,176.04,,175.52,
1549,12,Side,10.88,,87.46,91.15,176.17,,169.46,
1549,13,Side,14.5,,87.16,89.0,173.78,,163.41,
1549,14,Side,14.72,,86.36,88.35,166.57,,151.5,
1549,15,Side,12.74,,74.9,88.18,161.53,,155.13,
1549,16,Side,12.35,,77.56,86.81,164.28,,149.06,
1549,17,Side,12.8,,79.87,90.27,167.2,,154.93,
1549,18,Side,15.78,,83.64,93.69,164.86,,156.1,
1549,19,Side,16.83,,90.28,29.25,172.92,,163.47,
1549,20,Side,20.74,,103.18,30.25,178.73,,174.32,
1549,21,Side,20.56,,106.07,31.8,177.85,,172.74,
1549,22,Side,24.77,,110.9,45.21,178.39,,174.59,
1549,23,Side,31.13,,125.36,53.34,175.23,,171.18,
1549,24,Side,34.17,,137.95,62.51,179.89,,170.06,
1549,25,Side,38.65,,141.76,64.6,174.06,,166.81,
1549,26,Side,42.3,,151.19,72.3,173.8,,162.35,
1549,27,Side,40.41,,155.28,121.75,179.19,,167.47,
1550,1,Side,35.77,,169.79,128.44,167.89,,157.52,
1550,2,Side,35.31,,167.23,132.8,168.11,,156.98,
1550,3,Side,35.41,,162.94,129.54,165.54,,155.23,
1550,4,Side,35.06,,161.63,127.66,167.59,,157.67,
1550,5,Side,34.19,,157.22,125.19,168.4,,157.09,
1550,6,Side,34.83,,153.93,123.11,165.75,,155.75,
1550,7,Side,34.49,,150.52,120.08,167.1,,156.14,
1550,8,Side,35.2,,147.62,118.25,164.91,,154.07,
1550,9,Side,36.11,,148.36,115.25,166.09,,156.84,
1550,10,Side,35.19,,145.61,113.04,165.99,,155.75,
1550,11,Side,36.29,,142.61,110.82,165.7,,156.73,
1550,12,Side,36.67,,139.25,108.14,163.38,,154.39,
1550,13,Side,34.52,,134.99,105.39,167.23,,155.88,
1550,14,Side,33.08,,125.08,103.66,164.56,,153.5,
1550,15,Side,32.61,,121.78,102.27,163.12,,151.11,
1550,16,Side,33.24,,118.72,100.68,163.3,,153.43,
1550,17,Side,33.07,,117.16,134.13,163.45,,150.01,
1550,18,Side,34.65,,121.73,133.14,162.11,,145.12,
1550,19,Side,35.34,,120.05,130.89,160.46,,143.43,
1550,20,Side,35.26,,117.25,128.63,159.27,,141.07,
1550,21,Side,33.65,,109.84,125.51,159.59,,139.6,
1550,22,Side,34.9,,107.85,123.26,157.89,,137.91,
1550,23,Side,39.67,,102.83,122.48,148.16,,138.07,
1550,24,Side,35.55,,104.43,122.45,155.47,,137.47,
1550,25,Side,35.55,,104.65,119.34,154.83,,137.64,
1550,26,Side,35.83,,103.9,110.46,153.12,,139.09,
1550,27,Side,35.83,,103.9,119.13,151.46,,135.3,
1550,28,Side,35.46,,103.62,114.85,152.49,,137.0,
1550,29,Side,35.46,,102.94,121.82,151.72,,136.94,
1550,30,Side,36.29,,101.96,117.5,147.09,,133.11,
1550,31,Side,35.8,,102.42,118.91,148.05,,133.11,
1550,32,Side,36.02,,101.69,120.39,148.88,,136.79,
1550,33,Side,34.86,,106.38,123.39,151.36,,132.87,
1550,34,Side,36.75,,103.31,124.86,146.19,,136.58,
1550,35,Side,36.95,,106.41,127.74,145.43,,135.71,
1550,36,Side,36.15,,107.75,129.05,147.58,,137.21,
1550,37,Side,36.22,,111.52,130.71,149.74,,141.32,
1550,38,Side,35.11,,112.87,135.91,153.04,,146.35,
1550,39,Side,35.16,,115.87,136.58,155.33,,150.75,
1550,40,Side,35.41,,118.19,98.6,155.84,,152.4,
1550,41,Side,36.74,,122.95,99.84,155.52,,155.82,
1550,42,Side,37.87,,124.88,101.89,152.43,,158.11,
1550,43,Side,44.15,,127.27,101.39,147.56,,167.16,
1550,44,Side,43.99,,131.83,103.44,148.68,,169.09,
1550,45,Side,43.85,,135.59,106.48,147.41,,165.3,
1550,46,Side,42.94,,141.06,108.4,151.15,,170.13,
1550,47,Side,43.74,,145.05,111.98,149.81,,168.97,
1550,48,Side,42.47,,148.37,114.71,152.01,,169.39,
1550,49,Side,43.62,,156.07,118.03,153.1,,168.17,
1550,50,Side,43.47,,160.0,121.35,156.47,,172.83,
1550,51,Side,43.46,,164.33,123.91,157.92,,171.66,
1550,52,Side,42.13,,160.83,125.71,156.8,,170.54,
1550,53,Side,41.08,,161.26,126.74,158.36,,169.7,
1550,54,Side,41.64,,162.8,127.26,159.34,,169.7,
1550,55,Side,41.26,,164.16,128.47,161.54,,172.95,
1550,56,Side,41.56,,164.98,123.53,160.46,,168.69,
1550,57,Side,42.92,,164.23,121.88,158.36,,168.69,
1551,1,Side,,69.89,144.42,144.42,,142.63,,155.37
1551,2,Side,,68.6,141.46,141.46,,143.3,,156.04
1551,3,Side,,66.74,139.61,139.61,,144.26,,156.98
1551,4,Side,,64.15,136.08,136.08,,146.55,,157.47
1551,5,Side,,62.21,134.15,134.15,,147.53,,158.44
1551,6,Side,,61.65,130.81,130.81,,147.53,,157.33
1551,7,Side,,61.69,130.12,130.12,,146.81,,157.16
1551,8,Side,,60.14,128.46,128.46,,146.09,,156.21
1551,9,Side,,56.76,125.1,125.1,,146.72,,155.68
1551,10,Side,,56.54,125.31,125.31,,147.03,,156.67
1551,11,Side,,54.1,120.57,120.57,,147.07,,155.54
1551,12,Side,,52.89,118.63,118.63,,147.34,,156.43
1551,13,Side,,42.33,111.14,111.14,,167.77,,168.54
1551,14,Side,,41.53,110.33,110.33,,169.94,,168.79
1551,15,Side,,45.82,108.43,108.43,,164.88,,167.95
1551,16,Side,,48.48,109.97,109.97,,153.77,,163.29
1551,17,Side,,44.97,110.54,110.54,,157.18,,161.57
1551,18,Side,,47.01,106.82,106.82,,149.97,,159.03
1551,19,Side,,43.88,102.12,102.12,,148.81,,159.45
1551,20,Side,,40.96,98.41,98.41,,147.61,,157.99
1551,21,Side,,41.66,98.83,98.83,,152.62,,161.5
1551,22,Side,,43.23,98.83,98.83,,146.94,,158.4
1551,23,Side,,45.6,97.72,97.72,,146.68,,157.99
1551,24,Side,,43.49,96.55,96.55,,148.67,,159.04
1551,25,Side,,43.49,96.55,96.55,,149.07,,159.44
1551,26,Side,,41.11,93.69,93.69,,148.19,,159.04
1551,27,Side,,42.19,95.77,95.77,,149.26,,161.16
1551,28,Side,,42.19,95.77,95.77,,153.79,,169.13
1551,29,Side,,35.97,92.7,92.7,,167.95,,178.14
1551,30,Side,,35.97,92.7,92.7,,168.06,,178.35
1551,31,Side,,44.72,95.56,95.56,,152.0,,168.18
1551,32,Side,,45.9,99.66,99.66,,152.0,,169.32
1551,33,Side,,46.49,99.66,99.66,,150.05,,167.97
1551,34,Side,,50.6,103.43,103.43,,151.69,,170.14
1551,35,Side,,51.35,102.43,102.43,,148.86,,168.06
1551,36,Side,,51.02,98.23,98.23,,149.76,,168.2
1551,37,Side,,53.73,103.83,103.83,,148.37,,167.8
1551,38,Side,,56.46,106.56,106.56,,146.95,,166.37
1551,39,Side,,60.54,113.88,113.88,,149.35,,168.53
1551,40,Side,,65.25,119.22,119.22,,148.53,,167.08
1551,41,Side,,68.16,123.69,123.69,,148.59,,165.59
1551,42,Side,,71.82,137.63,137.63,,151.36,,160.9
1551,43,Side,,70.95,142.94,142.94,,149.88,,160.48
1551,44,Side,,70.43,142.25,142.25,,147.19,,158.51
1551,45,Side,,72.24,144.82,144.82,,146.41,,158.08
1551,46,Side,,72.2,145.35,145.35,,144.24,,155.87
1551,47,Side,,72.59,145.75,145.75,,140.3,,150.29
1551,48,Side,,74.6,150.75,150.75,,140.08,,149.38
1551,49,Side,,76.1,152.25,152.25,,140.08,,150.61
1551,50,Side,,78.23,156.92,156.92,,139.14,,148.96
1551,51,Side,,79.48,161.45,161.45,,140.58,,148.96
1551,52,Side,,77.72,163.66,163.66,,147.15,,156.86
1551,53,Side,,77.68,163.66,163.66,,147.9,,157.56
1551,54,Side,,72.3,151.14,151.14,,144.46,,150.43
1551,55,Side,,71.96,151.26,151.26,,144.51,,150.26
1551,56,Side,,73.89,153.21,153.21,,145.37,,149.22
1552,1,Side,39.88,,169.7,150.33,115.96,,,
1552,2,Side,35.25,,164.19,154.65,118.21,,,
1552,3,Side,31.69,,157.74,155.89,118.76,,,
1552,4,Side,27.77,,154.27,154.44,121.18,,,
1552,5,Side,24.15,,149.77,155.52,123.69,,,
1552,6,Side,21.17,,145.58,148.23,125.56,,,
1552,7,Side,16.72,,140.96,147.66,129.2,,,
1552,8,Side,12.66,,136.58,145.13,131.46,,,
1552,9,Side,10.66,,129.79,142.81,129.36,,,
1552,10,Side,3.5,,128.37,52.37,142.53,,,
1552,11,Side,0.11,,122.7,47.68,144.85,,,
1552,12,Side,2.73,,115.79,42.06,142.16,,,
1552,13,Side,7.35,,110.27,37.54,148.54,,,
1552,14,Side,11.62,,106.62,34.1,156.97,,,
1552,15,Side,15.85,,105.98,33.46,169.4,,,
1552,16,Side,19.12,,103.12,30.1,174.7,,,
1552,17,Side,21.88,,97.39,24.37,178.42,,,
1552,18,Side,25.5,,94.98,21.74,171.57,,,
1552,19,Side,28.61,,91.37,18.21,163.79,,,
1552,20,Side,35.79,,89.23,89.23,138.38,,,
1552,21,Side,41.11,,86.12,86.12,121.46,,,
1552,22,Side,44.43,,82.95,82.95,116.28,,,
1552,23,Side,49.9,,79.35,79.35,111.23,,,
1552,24,Side,52.67,,77.91,91.62,104.76,,,
1552,25,Side,55.02,,76.22,90.6,103.06,,,
1552,26,Side,57.67,,76.43,91.51,95.05,,,
1552,27,Side,55.13,,76.22,88.68,97.1,,,
1552,28,Side,54.02,,77.25,89.23,99.93,,,
1552,29,Side,50.13,,80.63,89.03,100.44,,,
1552,30,Side,49.46,,81.93,89.8,100.3,,,
1552,31,Side,51.74,,80.31,90.07,99.64,,,
1552,32,Side,50.53,,82.94,90.9,99.11,,,
1552,33,Side,49.62,,84.51,91.79,99.45,,,
1552,34,Side,50.17,,87.27,93.42,97.9,,,
1552,35,Side,48.29,,89.52,96.89,99.5,,,
1552,36,Side,46.58,,91.23,91.23,100.54,,,
1552,37,Side,44.19,,94.33,94.33,102.64,,,
1552,38,Side,43.0,,89.01,12.81,111.49,,,
1552,39,Side,38.4,,90.06,13.39,127.5,,,
1552,40,Side,36.34,,92.97,16.3,135.4,,,
1552,41,Side,30.3,,99.55,23.12,149.49,,,
1552,42,Side,24.44,,105.65,28.9,168.72,,,
1552,43,Side,20.75,,110.86,33.83,174.29,,,
1552,44,Side,17.27,,116.78,39.45,175.15,,,
1552,45,Side,11.38,,122.0,134.62,172.33,,,
1552,46,Side,3.87,,132.97,137.18,163.78,,,
1552,47,Side,1.04,,136.33,133.08,154.05,,,
1552,48,Side,6.25,,139.88,137.88,142.18,,,
1552,49,Side,12.71,,147.08,142.12,140.85,,,
1552,50,Side,15.82,,150.37,144.31,138.86,,,
1552,51,Side,17.67,,156.05,146.45,142.36,,,
1552,52,Side,15.88,,154.91,148.69,143.77,,,
1552,53,Side,17.97,,158.6,149.17,143.57,,,
1552,54,Side,18.7,,161.32,148.96,145.12,,,
1552,55,Side,15.73,,156.85,150.74,146.68,,,
1552,56,Side,15.48,,155.87,151.83,146.65,,,
1552,57,Side,14.15,,154.08,152.42,146.7,,,
1552,58,Side,12.95,,149.82,154.2,145.97,,,
1552,59,Side,11.59,,146.3,154.01,144.84,,,
1552,60,Side,10.57,,146.38,155.64,145.55,,,
1553,1,Side,73.6,,113.05,142.29,150.36,,161.09,
1553,2,Side,69.94,,112.48,125.31,157.34,,169.58,
1553,3,Side,67.22,,107.13,107.13,160.84,,168.51,
1553,4,Side,60.56,,105.52,105.52,170.91,,175.42,
1553,5,Side,57.98,,108.81,108.81,171.07,,173.89,
1553,6,Side,51.32,,112.81,112.81,173.41,,173.76,
1553,7,Side,48.91,,113.26,113.26,176.02,,175.51,
1553,8,Side,43.98,,132.56,132.56,170.19,,170.45,
1553,9,Side,38.59,,154.35,154.35,168.5,,164.85,
1553,10,Side,35.21,,170.9,170.9,169.9,,166.07,
1553,11,Side,29.7,,171.96,171.96,172.15,,168.16,
1553,12,Side,25.23,,163.64,163.64,170.55,,167.71,
1553,13,Side,7.44,,139.6,73.69,178.26,,177.55,
1553,14,Side,5.19,,129.83,71.68,175.68,,176.05,
1553,15,Side,8.77,,133.56,64.05,175.83,,176.84,
1553,16,Side,11.85,,145.74,62.54,174.5,,176.84,
1553,17,Side,14.99,,151.46,65.16,173.11,,176.06,
1553,18,Side,19.34,,160.23,66.46,170.19,,174.45,
1553,19,Side,19.65,,160.24,67.7,171.2,,176.13,
1553,20,Side,23.54,,167.32,71.4,171.28,,176.22,
1553,21,Side,29.05,,175.93,175.93,172.36,,177.97,
1553,22,Side,34.19,,177.33,177.33,177.58,,179.36,
1553,23,Side,41.39,,154.66,154.66,173.36,,177.46,
1553,24,Side,44.2,,146.44,146.44,179.42,,177.62,
1553,25,Side,46.23,,141.28,141.28,179.85,,177.31,
1553,26,Side,49.01,,125.7,125.7,174.17,,168.24,
1553,27,Side,53.4,,106.65,106.65,173.08,,168.01,
1553,28,Side,55.44,,104.92,104.92,176.82,,171.54,
1553,29,Side,61.54,,99.15,99.15,169.73,,170.32,
1553,30,Side,58.99,,101.07,101.07,178.28,,175.71,
1553,31,Side,59.41,,91.31,91.31,179.98,,176.65,
1553,32,Side,64.69,,92.8,92.8,174.89,,177.03,
1553,33,Side,71.15,,93.19,128.0,165.24,,173.09,
1553,34,Side,71.83,,86.46,148.69,173.56,,175.14,
1554,1,Side,65.44,,131.19,131.19,165.0,,176.88,
1554,2,Side,64.66,,130.4,130.4,167.1,,175.95,
1554,3,Side,70.08,,128.7,128.7,148.7,,170.36,
1554,4,Side,67.51,,122.94,122.94,148.07,,169.24,
1554,5,Side,68.3,,123.15,123.15,146.6,,165.65,
1554,6,Side,65.86,,123.12,123.12,143.97,,161.29,
1554,7,Side,63.62,,121.84,121.84,148.94,,165.44,
1554,8,Side,58.92,,117.33,117.33,150.83,,165.75,
1554,9,Side,54.1,,112.51,112.51,153.07,,166.6,
1554,10,Side,48.85,,107.44,107.44,154.97,,166.93,
1554,11,Side,42.64,,102.17,109.91,158.04,,166.23,
1554,12,Side,40.13,,98.89,108.95,157.27,,166.26,
1554,13,Side,35.57,,93.59,107.81,156.53,,164.87,
1554,14,Side,27.39,,82.76,98.97,156.53,,163.48,
1554,15,Side,23.15,,77.81,98.97,159.28,,168.33,
1554,16,Side,19.31,,73.08,96.97,160.36,,170.3,
1554,17,Side,19.11,,73.08,97.72,154.75,,160.49,
1554,18,Side,20.57,,79.11,105.01,159.36,,165.4,
1554,19,Side,20.57,,79.11,105.93,159.36,,165.4,
1554,20,Side,19.71,,79.11,106.89,163.85,,170.39,
1554,21,Side,19.77,,80.03,107.3,169.27,,174.16,
1554,22,Side,22.95,,84.21,109.75,170.27,,175.43,
1554,23,Side,29.55,,88.94,112.02,163.12,,170.15,
1554,24,Side,31.55,,90.95,114.15,161.37,,168.39,
1554,25,Side,35.39,,94.79,114.15,166.56,,179.7,
1554,26,Side,38.13,,98.39,98.39,159.14,,166.63,
1554,27,Side,46.31,,107.19,107.19,158.11,,167.77,
1554,28,Side,50.02,,116.44,116.44,162.02,,167.54,
1554,29,Side,55.63,,121.96,121.96,158.75,,165.75,
1554,30,Side,58.48,,126.67,126.67,159.06,,165.59,
1554,31,Side,60.95,,130.09,130.09,157.25,,163.88,
1554,32,Side,66.2,,134.37,134.37,156.92,,170.57,
1554,33,Side,69.84,,136.12,45.17,152.12,,170.36,
1555,1,Front/Back,158.11,180.0,180.0,180.0,127.3,180.0,110.96,141.78
1555,2,Front/Back,159.0,180.0,180.0,180.0,126.98,180.0,113.03,145.05
1555,3,Front/Back,158.74,180.0,180.0,180.0,125.06,180.0,113.87,147.54
1555,4,Front/Back,158.65,180.0,180.0,180.0,123.41,180.0,116.14,121.88
1555,5,Front/Back,154.94,180.0,180.0,180.0,120.36,180.0,101.82,127.52
1555,6,Front/Back,155.86,180.0,180.0,180.0,121.27,180.0,90.4,115.76
1555,7,Front/Back,154.45,180.0,180.0,180.0,118.39,180.0,89.67,122.92
1555,8,Front/Back,162.89,171.82,180.0,164.44,126.65,180.0,102.51,114.95
1555,9,Front/Back,180.0,160.36,180.0,148.83,144.97,180.0,101.95,111.96
1555,10,Front/Back,180.0,159.02,167.56,155.34,173.54,180.0,106.38,112.84
1555,11,Front/Back,166.64,164.7,150.16,162.21,180.0,180.0,109.54,109.54
1555,12,Front/Back,157.62,162.51,141.15,162.51,180.0,180.0,105.32,105.32
1555,13,Front/Back,151.29,160.36,134.81,160.36,180.0,180.0,113.72,113.72
1555,14,Front/Back,146.94,159.67,133.88,148.74,180.0,180.0,119.92,119.92
1555,15,Front/Back,144.13,159.76,131.07,147.87,180.0,180.0,153.81,153.81
1555,16,Front/Back,146.94,159.4,133.88,146.65,180.0,180.0,180.0,180.0
1555,17,Front/Back,146.47,156.06,134.02,145.14,180.0,180.0,180.0,180.0
1555,18,Front/Back,147.3,160.01,134.86,152.95,180.0,180.0,180.0,180.0
1555,19,Front/Back,154.29,162.51,142.55,155.46,180.0,140.27,180.0,140.27
1555,20,Front/Back,153.01,168.33,153.01,163.31,180.0,122.61,180.0,122.61
1555,21,Front/Back,179.98,179.98,179.97,179.98,179.98,179.96,179.98,179.96
1555,22,Front/Back,168.92,180.0,180.0,174.98,133.56,180.0,106.6,143.5
1555,23,Front/Back,159.25,160.97,180.0,172.01,123.42,160.97,101.02,124.64
1555,24,Front/Back,164.14,180.0,180.0,180.0,123.86,180.0,108.92,126.96
1555,25,Front/Back,162.51,180.0,180.0,180.0,122.76,180.0,116.74,129.97
1555,26,Front/Back,154.58,180.0,180.0,180.0,119.69,180.0,88.54,134.06
1555,27,Front/Back,154.24,180.0,180.0,180.0,120.57,180.0,93.85,127.52
1555,28,Front/Back,151.86,180.0,180.0,180.0,123.45,180.0,104.36,132.76
1555,29,Front/Back,154.94,180.0,180.0,180.0,127.69,180.0,105.51,132.76
1556,1,Front/Back,166.42,180.0,180.0,180.0,,,,
1556,2,Front/Back,167.19,180.0,180.0,180.0,,,,
1556,3,Front/Back,167.01,180.0,180.0,180.0,,,,
1556,4,Front/Back,180.0,180.0,180.0,180.0,,,,
1556,5,Front/Back,180.0,180.0,180.0,180.0,,,,
1556,6,Front/Back,180.0,166.39,180.0,166.39,,,,
1556,7,Front/Back,165.96,154.34,165.95,154.34,,,,
1556,8,Front/Back,151.01,143.4,132.1,143.4,,,,
1556,9,Front/Back,141.94,138.51,117.37,138.51,,,,
1556,10,Front/Back,134.16,135.36,103.82,135.36,,,,
1556,11,Front/Back,127.53,133.81,89.9,133.81,,,,
1556,12,Front/Back,121.39,134.55,85.59,134.55,,,,
1556,13,Front/Back,113.0,140.25,90.33,140.25,,,,
1556,14,Front/Back,109.55,140.39,89.52,140.39,,,,
1556,15,Front/Back,106.99,149.23,91.76,149.23,,,,
1556,16,Front/Back,106.54,150.85,95.54,150.85,,,,
1556,17,Front/Back,107.6,149.29,94.32,149.29,,,,
1556,18,Front/Back,109.39,147.42,90.08,147.42,,,,
1556,19,Front/Back,112.4,146.83,89.12,146.83,,,,
1556,20,Front/Back,119.58,140.36,79.68,140.36,,,,
1556,21,Front/Back,128.06,145.6,85.99,145.6,,,,
1556,22,Front/Back,132.78,145.73,92.86,145.73,,,,
1556,23,Front/Back,140.86,147.59,103.22,147.59,,,,
1556,24,Front/Back,141.04,138.57,121.14,151.41,,,,
1556,25,Front/Back,151.97,159.52,139.35,159.52,,,,
1556,26,Front/Back,179.98,179.98,179.98,179.98,,,,
1556,27,Front/Back,173.85,180.0,180.0,180.0,,,,
1556,28,Front/Back,171.59,180.0,180.0,180.0,,,,
1556,29,Front/Back,180.0,180.0,180.0,180.0,,,,
1557,1,Side,67.75,,179.7,179.7,173.67,,165.76,
1557,2,Side,65.97,,177.06,177.06,176.23,,168.31,
1557,3,Side,66.26,,175.17,175.17,175.24,,166.36,
1557,4,Side,65.92,,173.31,173.31,175.48,,168.07,
1557,5,Side,60.62,,166.7,166.7,176.46,,167.42,
1557,6,Side,59.83,,164.45,164.45,175.47,,167.91,
1557,7,Side,53.97,,157.29,157.29,178.69,,170.64,
1557,8,Side,48.31,,147.91,147.91,175.55,,170.09,
1557,9,Side,42.29,,138.19,138.19,176.21,,172.18,
1557,10,Side,29.41,,119.83,119.83,173.47,,172.02,
1557,11,Side,28.7,,117.35,117.35,174.71,,171.45,
1557,12,Side,24.16,,111.98,111.98,172.34,,170.24,
1557,13,Side,13.67,,98.65,98.65,173.96,,170.66,
1557,14,Side,8.18,,98.67,98.67,174.78,,177.65,
1557,15,Side,6.67,,96.34,96.34,176.54,,174.64,
1557,16,Side,8.88,,99.17,84.29,175.69,,173.39,
1557,17,Side,4.66,,94.52,80.18,173.46,,174.6,
1557,18,Side,3.79,,92.81,80.3,174.43,,174.48,
1557,19,Side,5.44,,95.3,82.79,173.59,,174.48,
1557,20,Side,3.31,,93.57,81.06,172.0,,175.67,
1557,21,Side,4.4,,95.3,82.79,171.35,,175.67,
1557,22,Side,2.38,,89.1,76.56,174.92,,174.48,
1557,23,Side,1.51,,89.1,76.56,172.96,,175.57,
1557,24,Side,2.38,,89.1,76.56,174.92,,174.48,
1557,25,Side,2.9,,89.81,76.44,175.82,,172.33,
1557,26,Side,3.79,,89.32,75.49,176.71,,172.33,
1557,27,Side,3.08,,86.79,73.07,176.71,,172.33,
1557,28,Side,2.77,,86.15,72.43,177.2,,172.18,
1557,29,Side,2.77,,86.15,74.14,178.3,,170.02,
1557,30,Side,3.64,,86.15,74.14,179.16,,171.09,
1557,31,Side,1.45,,77.3,65.82,179.97,,171.09,
1557,32,Side,2.51,,81.49,68.57,179.16,,171.09,
1557,33,Side,2.51,,81.49,68.57,179.16,,171.09,
1557,34,Side,4.47,,84.48,71.57,179.22,,168.93,
1557,35,Side,4.47,,84.48,71.57,178.13,,171.09,
1557,36,Side,4.87,,83.85,70.93,179.74,,169.99,
1557,37,Side,9.41,,90.9,77.44,178.87,,169.99,
1557,38,Side,5.5,,86.23,73.25,179.74,,169.99,
1557,39,Side,3.92,,83.78,70.8,178.68,,169.8,
1557,40,Side,5.5,,86.23,73.25,179.16,,172.15,
1557,41,Side,3.52,,83.24,70.26,179.07,,174.31,
1557,42,Side,4.83,,82.13,69.65,176.59,,171.32,
1557,43,Side,4.98,,83.9,71.42,179.24,,174.94,
1557,44,Side,8.91,,89.69,76.67,178.55,,173.84,
1557,45,Side,7.57,,89.56,77.01,179.61,,176.1,
1557,46,Side,9.74,,94.52,82.01,178.63,,175.21,
1557,47,Side,13.59,,98.27,83.95,178.82,,177.17,
1557,48,Side,17.77,,106.61,92.27,175.41,,179.32,
1557,49,Side,24.68,,112.4,98.06,179.09,,175.07,
1557,50,Side,29.65,,119.05,104.72,177.54,,174.8,
1557,51,Side,37.54,,130.05,116.23,179.14,,174.77,
1557,52,Side,45.97,,142.54,142.54,179.95,,174.63,
1557,53,Side,52.66,,155.15,155.15,179.24,,174.61,
1557,54,Side,58.23,,165.42,165.42,177.97,,173.1,
1557,55,Side,64.1,,174.29,174.29,179.78,,172.24,
1557,56,Side,68.0,,174.29,174.29,171.21,,168.95,
1557,57,Side,68.37,,176.53,176.53,173.08,,168.95,
1557,58,Side,70.75,,178.41,178.41,173.65,,168.72,
1557,59,Side,69.2,,178.45,178.45,173.65,,168.72,
1557,60,Side,68.21,,176.78,176.78,174.75,,167.57,
1558,1,Side,80.76,,172.87,172.87,163.29,,163.46,
1558,2,Side,78.54,,175.6,175.6,165.39,,164.79,
1558,3,Side,77.53,,176.01,176.01,166.84,,164.41,
1558,4,Side,71.37,,178.57,178.57,169.86,,164.97,
1558,5,Side,65.32,,178.57,178.57,175.31,,172.55,
1558,6,Side,63.35,,177.24,177.24,173.12,,171.03,
1558,7,Side,59.4,,168.48,168.48,174.43,,171.76,
1558,8,Side,54.4,,160.32,160.32,174.93,,171.44,
1558,9,Side,49.21,,150.8,150.8,177.24,,170.31,
1558,10,Side,55.18,,154.65,154.65,179.23,,170.72,
1558,11,Side,47.45,,144.61,144.61,179.46,,169.2,
1558,12,Side,35.5,,133.5,133.5,177.06,,169.01,
1558,13,Side,34.32,,126.32,126.32,175.21,,165.36,
1558,14,Side,29.76,,117.56,117.56,174.92,,165.66,
1558,15,Side,26.01,,110.45,110.45,174.34,,166.32,
1558,16,Side,23.76,,104.3,104.3,173.17,,166.28,
1558,17,Side,18.18,,96.01,96.01,172.58,,165.24,
1558,18,Side,17.22,,94.46,94.46,171.99,,165.24,
1558,19,Side,16.23,,92.87,92.87,170.4,,163.2,
1558,20,Side,14.58,,87.88,87.88,165.75,,161.9,
1558,21,Side,6.82,,85.6,85.6,175.55,,167.32,
1558,22,Side,8.34,,83.53,83.53,176.52,,168.19,
1558,23,Side,8.34,,84.14,84.14,175.65,,167.32,
1558,24,Side,5.78,,82.07,82.07,175.55,,167.32,
1558,25,Side,5.69,,82.07,82.07,177.25,,170.93,
1558,26,Side,1.66,,77.99,77.99,176.81,,171.08,
1558,27,Side,3.22,,78.21,78.21,175.65,,168.86,
1558,28,Side,9.43,,89.0,89.0,177.59,,173.06,
1558,29,Side,10.94,,91.25,91.25,178.48,,173.26,
1558,30,Side,12.29,,92.06,92.06,177.24,,173.55,
1558,31,Side,14.73,,92.06,92.06,169.16,,165.88,
1558,32,Side,13.79,,94.32,94.32,178.0,,173.63,
1558,33,Side,15.69,,94.32,94.32,172.78,,169.34,
1558,34,Side,17.24,,96.52,96.52,173.42,,169.34,
1558,35,Side,14.4,,94.8,94.8,175.1,,169.33,
1558,36,Side,15.95,,96.52,96.52,176.77,,170.36,
1558,37,Side,15.95,,97.0,97.0,175.97,,169.55,
1558,38,Side,16.59,,97.0,97.0,175.32,,170.59,
1558,39,Side,18.16,,99.12,99.12,175.65,,170.36,
1558,40,Side,18.8,,99.12,99.12,173.98,,169.34,
1558,41,Side,17.88,,98.11,98.11,172.88,,167.29,
1558,42,Side,18.51,,98.11,98.11,172.25,,168.33,
1558,43,Side,18.89,,101.04,101.04,173.9,,171.41,
1558,44,Side,19.52,,101.04,101.04,172.25,,170.4,
1558,45,Side,21.02,,103.09,103.09,172.53,,171.16,
1558,46,Side,21.56,,103.09,103.09,171.52,,170.82,
1558,47,Side,26.01,,108.17,108.17,171.88,,171.58,
1558,48,Side,26.1,,108.57,108.57,171.5,,172.34,
1558,49,Side,27.94,,110.41,110.41,170.49,,170.28,
1558,50,Side,31.53,,113.87,113.87,169.32,,169.25,
1558,51,Side,34.53,,118.32,118.32,169.03,,169.23,
1558,52,Side,39.66,,127.99,127.99,172.4,,171.5,
1558,53,Side,46.38,,138.91,138.91,173.91,,169.25,
1558,54,Side,51.7,,147.8,147.8,175.66,,169.98,
1558,55,Side,56.46,,156.16,156.16,176.84,,171.17,
1558,56,Side,64.68,,172.75,172.75,177.39,,172.77,
1558,57,Side,64.06,,172.98,172.98,177.35,,173.14,
1558,58,Side,65.3,,174.22,174.22,178.61,,171.37,
1558,59,Side,68.25,,174.48,174.48,173.16,,167.88,
1558,60,Side,69.81,,176.91,176.91,170.84,,166.73,
