Sequence_ID,Frame,Pose,L_Shoulder_Angle,R_Shoulder_Angle,L_Elbow_Angle,R_Elbow_Angle,L_Hip_Angle,R_Hip_Angle,L_Knee_Angle,R_Knee_Angle
0955,1,Front/Back,125.86,159.2,154.68,111.13,151.16,128.12,155.95,148.92
0955,2,Front/Back,122.73,153.46,140.88,129.82,151.07,130.21,155.81,156.75
0955,3,Front/Back,122.73,153.46,151.65,149.34,151.07,130.21,155.81,156.75
0955,4,Front/Back,141.82,150.75,162.14,180.0,159.67,134.56,155.81,163.82
0955,5,Front/Back,134.95,148.47,158.48,180.0,156.48,148.47,155.84,180.0
0955,6,Front/Back,120.25,148.47,149.09,180.0,151.16,132.05,159.21,163.58
0955,7,Front/Back,114.56,144.53,145.78,180.0,148.78,144.53,155.95,180.0
0955,8,Front/Back,119.52,151.3,145.78,180.0,153.74,151.3,159.21,180.0
0955,9,Front/Back,145.78,159.59,145.78,180.0,162.64,148.45,141.86,150.21
0955,10,Front/Back,145.78,175.82,145.78,180.0,158.8,142.37,126.96,146.55
0955,11,Front/Back,145.78,180.0,145.78,180.0,158.67,140.53,122.15,128.04
0955,12,Front/Back,152.77,180.0,152.77,180.0,158.67,136.92,120.11,136.92
0955,13,Front/Back,162.14,180.0,125.91,180.0,158.67,136.84,116.27,136.84
0955,14,Front/Back,180.0,180.0,137.63,180.0,145.15,138.62,106.59,138.62
0955,15,Front/Back,180.0,180.0,133.62,149.34,152.63,138.62,125.69,138.62
0955,16,Front/Back,168.54,162.36,128.82,180.0,141.16,122.81,122.97,140.45
0955,17,Front/Back,180.0,159.59,137.63,180.0,158.67,143.04,106.24,127.62
0955,18,Front/Back,179.99,156.52,149.48,180.0,149.89,144.86,109.36,138.21
0955,19,Front/Back,180.0,151.3,152.75,180.0,162.5,151.3,121.97,153.11
0955,20,Front/Back,130.84,149.34,162.14,180.0,148.7,149.34,150.34,180.0
0955,21,Front/Back,127.1,152.08,160.63,180.0,146.47,152.08,139.5,161.08
0955,22,Front/Back,115.11,154.62,152.77,180.0,142.34,154.61,137.63,149.91
0955,23,Front/Back,124.41,160.06,155.74,180.0,148.67,148.34,141.54,141.45
0955,24,Front/Back,145.1,168.52,154.69,180.0,159.64,168.51,155.95,156.82
0955,25,Front/Back,179.98,179.98,179.97,179.96,179.98,179.98,179.98,179.98
0955,26,Front/Back,180.0,166.83,180.0,135.52,180.0,180.0,139.59,153.16
0955,27,Front/Back,180.0,163.79,180.0,137.23,180.0,179.99,135.81,147.1
0955,28,Front/Back,128.13,140.78,151.65,157.03,156.48,132.52,134.05,148.78
0955,29,Front/Back,162.14,137.09,162.14,157.03,155.42,124.5,116.85,144.45
0955,30,Front/Back,160.63,121.95,160.63,150.29,152.52,116.11,112.0,144.45
0955,31,Front/Back,180.0,115.31,180.0,145.97,149.89,109.87,113.39,140.53
0955,32,Front/Back,138.02,124.63,130.23,155.29,138.94,111.79,122.81,142.44
0955,33,Front/Back,123.55,149.34,119.43,180.0,142.03,115.89,131.92,146.55
0955,34,Front/Back,118.25,163.74,116.39,180.0,151.07,152.09,134.05,155.09
0955,35,Front/Back,115.03,163.74,126.33,180.0,151.07,163.74,134.05,180.0
0955,36,Front/Back,134.95,175.82,158.48,180.0,156.48,175.82,137.63,180.0
0955,37,Front/Back,128.04,162.08,149.4,180.0,151.04,162.08,137.6,180.0
0955,38,Front/Back,140.81,158.64,141.19,180.0,153.62,158.64,139.48,180.0
0955,39,Front/Back,116.73,158.64,148.06,180.0,148.67,158.64,150.34,161.35
0955,40,Front/Back,124.47,155.67,144.8,180.0,147.06,155.67,137.83,157.0
0955,41,Front/Back,138.47,155.67,149.93,180.0,165.69,155.67,147.5,150.3
0955,42,Front/Back,152.99,150.42,145.24,180.0,168.86,150.42,141.43,144.35
0955,43,Front/Back,142.7,155.88,173.78,180.0,148.92,155.88,134.03,156.83
0956,1,Side,34.14,28.41,95.03,92.6,176.24,179.97,177.51,178.18
0956,2,Side,31.02,25.08,113.55,93.67,176.71,177.03,178.68,180.0
0956,3,Side,29.36,25.17,127.55,118.63,176.85,175.14,177.2,178.81
0956,4,Side,31.04,24.04,142.28,140.12,178.4,175.14,178.87,177.41
0956,5,Side,26.93,21.81,152.4,154.65,178.79,173.32,176.15,174.04
0956,6,Side,24.22,24.08,157.52,171.79,179.3,172.98,178.65,174.18
0956,7,Side,19.31,23.62,159.59,168.89,174.35,173.8,176.12,174.13
0956,8,Side,17.04,20.94,156.93,162.98,172.7,177.03,176.45,177.88
0956,9,Side,16.55,21.29,149.87,163.15,176.77,176.24,177.42,178.78
0956,10,Side,16.07,21.29,149.49,159.65,179.27,175.18,176.65,176.28
0956,11,Side,14.2,21.37,143.14,160.56,179.67,176.08,176.94,175.83
0956,12,Side,16.01,21.19,133.59,150.55,179.05,174.32,176.06,176.52
0956,13,Side,21.24,22.1,125.99,132.4,172.28,173.21,168.48,175.41
0956,14,Side,22.27,21.07,106.56,116.42,171.8,172.14,166.97,172.67
0956,15,Side,22.97,22.78,93.23,102.43,173.73,169.07,167.94,170.32
0956,16,Side,24.67,23.66,89.82,81.31,174.41,170.03,167.66,173.02
0956,17,Side,24.2,22.64,109.86,91.92,175.66,172.14,170.54,174.61
0956,18,Side,23.7,21.5,131.16,113.81,178.4,173.0,178.34,174.67
0956,19,Side,20.62,20.41,145.14,136.06,173.48,176.28,176.14,178.67
0956,20,Side,19.69,20.03,156.82,153.16,172.37,176.28,175.09,178.53
0956,21,Side,19.66,19.04,167.42,164.31,171.27,179.92,171.16,178.79
0956,22,Side,15.85,21.16,153.59,165.52,172.99,178.24,174.72,178.12
0956,23,Side,15.85,20.13,148.39,157.57,173.14,178.19,174.78,178.24
0956,24,Side,17.06,20.03,135.96,149.92,172.22,178.27,174.44,178.26
0956,25,Side,17.19,19.56,126.29,138.42,175.13,177.45,174.21,179.13
0956,26,Side,21.21,17.87,126.87,122.08,174.38,179.27,174.1,176.91
0956,27,Side,23.95,19.09,122.4,112.71,177.67,178.52,179.43,179.09
0956,28,Side,26.78,24.06,116.78,101.79,176.24,176.68,174.12,178.94
0956,29,Side,23.89,24.69,98.91,91.95,176.19,176.39,172.42,177.88
0956,30,Side,24.08,21.89,108.43,97.86,175.48,175.69,171.91,179.35
0956,31,Side,18.86,17.9,117.09,115.29,179.85,178.41,179.47,178.45
0956,32,Side,18.69,15.45,136.31,133.49,179.64,179.91,179.53,177.54
0956,33,Side,17.58,15.44,151.05,152.86,178.64,178.97,178.01,178.21
0956,34,Side,14.32,16.74,142.99,150.12,175.06,179.77,177.18,179.62
0956,35,Side,14.61,17.14,153.43,153.54,172.3,178.75,174.87,177.14
0956,36,Side,12.68,18.54,154.02,162.83,168.87,179.47,173.27,177.12
0956,37,Side,13.79,19.35,150.86,152.95,172.94,176.04,178.78,176.29
0956,38,Side,15.17,20.04,143.04,144.84,172.93,177.93,178.78,180.0
0956,39,Side,20.97,20.5,135.28,127.72,178.76,176.98,174.9,179.05
0956,40,Side,22.62,20.28,123.18,113.53,176.9,176.25,172.11,179.25
0956,41,Side,20.8,19.36,100.14,98.17,176.43,175.29,173.38,179.59
0956,42,Side,24.92,23.52,101.4,92.46,174.28,173.17,171.34,179.79
0957,1,Side,27.97,25.65,84.74,72.67,169.37,173.88,169.8,176.01
0957,2,Side,23.06,24.63,141.47,94.36,172.35,172.72,168.21,175.91
0957,3,Side,20.9,21.66,157.75,109.79,173.54,174.05,164.05,171.63
0957,4,Side,12.65,19.22,139.11,119.86,174.47,171.24,165.69,170.21
0957,5,Side,12.47,15.66,145.62,128.09,179.08,169.56,168.09,169.96
0957,6,Side,7.7,14.02,140.72,138.67,175.97,177.01,178.91,174.56
0957,7,Side,9.64,16.25,134.78,138.3,179.01,172.59,179.93,173.64
0957,8,Side,9.23,16.55,128.83,134.69,177.18,172.56,178.97,174.79
0957,9,Side,10.3,13.15,124.53,123.48,177.14,175.8,179.05,179.1
0957,10,Side,9.76,15.74,114.01,111.43,175.27,177.5,179.77,175.78
0957,11,Side,8.32,16.11,104.36,105.69,174.14,177.5,178.42,175.6
0957,12,Side,6.91,14.9,112.09,108.65,167.47,179.0,175.77,174.99
0957,13,Side,7.89,13.49,109.84,112.55,168.92,179.98,176.91,175.68
0957,14,Side,13.9,14.65,115.14,112.26,169.38,179.32,175.45,179.53
0957,15,Side,15.75,18.87,118.74,114.13,169.65,173.18,176.06,179.95
0957,16,Side,19.06,19.79,118.66,110.73,176.95,173.35,177.78,177.66
0957,17,Side,18.21,18.49,133.92,124.14,175.66,173.85,176.31,177.51
0957,18,Side,14.44,16.5,138.27,121.87,175.58,174.81,176.18,176.1
0957,19,Side,9.08,16.83,132.56,128.2,170.13,173.74,172.01,172.93
0957,20,Side,9.4,16.81,135.0,128.9,171.1,173.41,170.54,171.68
0957,21,Side,9.79,15.1,138.5,124.26,169.18,179.05,169.52,177.34
0957,22,Side,13.37,15.65,129.93,117.61,175.62,179.86,170.87,176.97
0957,23,Side,14.92,15.85,117.03,109.84,174.77,176.5,172.34,176.96
0957,24,Side,12.22,14.25,92.13,105.49,176.37,177.58,172.34,177.76
0957,25,Side,15.77,12.87,86.14,88.13,176.41,176.85,172.38,177.94
0957,26,Side,14.17,13.66,72.78,84.45,174.38,178.32,171.28,179.3
0957,27,Side,14.81,14.28,87.27,103.19,170.13,177.81,168.16,177.68
0957,28,Side,16.72,14.58,115.55,116.99,175.78,176.1,171.2,178.93
0957,29,Side,16.26,14.41,128.1,120.46,175.78,175.85,171.33,178.5
0957,30,Side,15.91,11.97,139.5,122.57,178.89,172.91,172.47,175.44
0957,31,Side,14.04,13.36,145.11,118.56,178.33,172.84,173.52,174.13
0957,32,Side,13.88,15.27,138.46,116.57,179.63,173.95,173.67,174.14
0957,33,Side,13.2,14.41,124.74,123.44,179.49,174.81,175.85,174.69
0957,34,Side,12.61,13.54,125.02,118.5,178.59,177.79,174.84,179.63
0957,35,Side,12.95,14.48,126.99,106.72,175.44,177.62,174.47,179.88
0957,36,Side,10.65,13.81,103.54,101.73,174.92,174.56,173.99,176.25
0957,37,Side,12.89,13.72,101.98,102.25,175.0,180.0,174.09,176.33
0957,38,Side,11.84,13.13,102.72,85.13,170.53,178.54,172.75,173.77
0958,1,Front/Back,117.57,150.64,120.35,138.52,145.37,137.89,138.26,111.6
0958,2,Front/Back,111.02,165.25,120.56,167.88,140.55,137.01,139.78,125.48
0958,3,Front/Back,113.7,175.25,125.46,180.0,138.33,147.39,139.62,125.86
0958,4,Front/Back,127.19,165.64,144.38,180.0,136.19,143.99,141.3,134.9
0958,5,Front/Back,140.63,170.28,163.4,180.0,140.63,152.3,141.3,130.69
0958,6,Front/Back,139.5,165.91,179.99,180.0,139.5,153.05,141.3,146.78
0958,7,Front/Back,140.63,160.04,163.4,179.99,140.63,147.18,141.3,146.78
0958,8,Front/Back,141.79,165.64,147.08,180.0,141.79,152.07,141.3,146.03
0958,9,Front/Back,144.12,152.3,150.6,169.67,144.12,149.05,145.12,149.79
0958,10,Front/Back,144.12,133.7,140.38,150.84,144.12,149.99,143.16,150.5
0958,11,Front/Back,130.22,135.11,132.01,149.2,145.37,149.03,147.17,151.4
0958,12,Front/Back,134.11,160.54,134.61,160.54,146.66,160.34,147.17,160.33
0958,13,Front/Back,109.14,155.3,146.25,155.3,142.89,160.34,149.34,136.75
0958,14,Front/Back,139.85,180.0,158.1,157.45,161.75,151.77,145.12,128.18
0958,15,Front/Back,100.89,180.0,136.74,169.17,144.15,155.69,145.12,155.69
0958,16,Front/Back,101.9,148.02,137.76,148.02,144.15,160.34,143.16,160.34
0958,17,Front/Back,107.93,153.53,142.48,153.53,145.45,159.89,147.17,159.89
0958,18,Front/Back,143.82,163.89,172.92,172.39,150.9,148.63,149.47,157.13
0958,19,Front/Back,145.4,161.11,161.96,180.0,145.4,143.27,145.24,151.42
0958,20,Front/Back,148.1,163.46,159.02,180.0,148.1,142.95,141.41,148.76
0958,21,Front/Back,159.73,150.39,159.35,164.98,159.73,134.28,145.12,138.75
0958,22,Front/Back,145.37,160.5,156.58,180.0,145.37,146.31,145.12,154.61
0958,23,Front/Back,145.4,163.13,150.52,180.0,145.4,148.41,147.09,154.08
0958,24,Front/Back,148.05,166.64,150.52,180.0,148.05,156.62,160.25,169.98
0958,25,Front/Back,164.18,170.28,180.0,165.44,164.18,160.26,168.83,169.97
0958,26,Front/Back,179.98,179.98,179.98,179.98,179.98,179.98,179.98,179.98
0958,27,Front/Back,102.71,171.5,134.61,165.44,148.1,160.75,180.0,169.24
0958,28,Front/Back,101.95,167.09,137.76,165.44,144.2,156.34,151.67,169.24
0958,29,Front/Back,105.33,163.46,141.18,180.0,144.15,158.14,154.18,148.31
0958,30,Front/Back,127.25,160.78,159.24,180.0,148.01,155.47,154.33,148.31
0958,31,Front/Back,133.59,155.42,166.89,180.0,146.7,149.09,154.33,150.12
0958,32,Front/Back,126.84,153.51,157.34,180.0,149.5,147.18,157.1,153.31
0958,33,Front/Back,152.43,180.0,176.43,180.0,152.43,151.65,154.33,128.07
0958,34,Front/Back,141.79,150.24,176.43,164.11,141.79,150.24,152.0,153.59
0958,35,Front/Back,145.37,151.82,143.98,161.29,145.37,151.82,157.33,156.42
0958,36,Front/Back,118.88,153.61,117.96,154.83,139.42,153.61,157.1,159.6
0958,37,Front/Back,141.85,147.22,156.88,153.02,141.85,153.61,152.0,153.59
0958,38,Front/Back,129.93,132.55,166.89,144.21,143.04,146.5,147.3,143.33
0958,39,Front/Back,122.73,130.44,157.27,148.58,145.45,142.25,143.28,168.62
0958,40,Front/Back,109.16,159.75,143.78,162.28,145.37,144.57,151.67,148.22
0959,1,Side,4.73,,119.17,119.17,171.53,,143.92,
0959,2,Side,0.81,,130.1,130.1,173.21,,149.88,
0959,3,Side,0.8,,138.18,138.18,174.31,,153.86,
0959,4,Side,4.37,,142.73,142.73,176.98,,158.59,
0959,5,Side,6.32,,146.17,146.17,178.31,,162.83,
0959,6,Side,7.22,,149.38,149.38,178.65,,161.88,
0959,7,Side,14.62,,139.61,139.61,178.57,,165.48,
0959,8,Side,7.85,,136.93,136.93,177.14,,165.83,
0959,9,Side,8.94,,128.99,128.99,179.37,,170.97,
0959,10,Side,11.12,,122.85,122.85,174.03,,158.83,
0959,11,Side,11.21,,119.8,119.8,177.18,,169.32,
0959,12,Side,11.25,,110.61,110.61,178.21,,173.76,
0959,13,Side,7.27,,114.97,114.97,179.48,,170.21,
0959,14,Side,7.7,,124.51,124.51,174.84,,162.16,
0959,15,Side,7.85,,128.88,128.88,168.44,,145.41,
0959,16,Side,6.45,,135.81,135.81,174.12,,151.32,
0959,17,Side,12.88,,132.53,132.53,170.01,,149.15,
0959,18,Side,12.06,,136.85,136.85,172.52,,153.61,
0959,19,Side,14.59,,134.46,134.46,170.48,,149.84,
0959,20,Side,10.54,,143.35,143.35,174.3,,153.09,
0959,21,Side,8.26,,147.99,147.99,178.05,,158.92,
0959,22,Side,10.9,,142.13,142.13,176.7,,158.18,
0959,23,Side,14.04,,131.46,131.46,174.07,,152.91,
0959,24,Side,11.43,,119.54,119.54,174.92,,154.64,
0959,25,Side,9.73,,117.87,117.87,174.66,,155.24,
0959,26,Side,12.87,,115.23,115.23,175.93,,159.33,
0959,27,Side,13.02,,108.98,108.98,171.99,,152.18,
0959,28,Side,12.65,,117.18,117.18,172.22,,150.87,
0959,29,Side,11.95,,124.07,124.07,173.45,,153.31,
0959,30,Side,12.38,,127.85,127.85,179.37,,160.92,
0959,31,Side,11.63,,133.51,133.51,178.61,,162.51,
0959,32,Side,11.75,,137.31,137.31,173.54,,154.79,
0959,33,Side,12.76,,134.46,134.46,175.48,,157.25,
0959,34,Side,14.36,,135.23,135.23,178.75,,158.31,
0959,35,Side,14.13,,130.47,130.47,177.42,,154.9,
0959,36,Side,14.41,,122.81,122.81,175.4,,155.45,
0959,37,Side,13.51,,119.67,119.67,177.59,,154.01,
0959,38,Side,12.39,,112.96,112.96,179.7,,156.77,
0959,39,Side,10.12,,114.7,114.7,168.11,,145.06,
0959,40,Side,11.31,,108.67,108.67,168.41,,140.34,
0960,1,Front/Back,152.23,157.18,136.26,86.47,144.23,139.53,148.99,139.53
0960,2,Front/Back,148.97,154.31,122.63,82.95,145.72,143.56,148.19,143.56
0960,3,Front/Back,139.89,144.23,123.83,74.45,155.06,145.71,175.68,145.7
0960,4,Front/Back,153.52,166.11,139.46,166.11,165.49,150.42,175.68,135.17
0960,5,Front/Back,166.25,164.06,166.25,164.06,175.69,143.56,175.68,143.56
0960,6,Front/Back,179.98,179.98,179.97,179.98,179.98,179.98,179.98,179.98
0960,7,Front/Back,165.55,172.03,155.74,157.03,165.55,150.42,169.54,139.65
0960,8,Front/Back,169.8,180.0,150.26,166.15,169.8,143.56,144.92,122.51
0960,9,Front/Back,177.6,180.0,180.0,170.28,177.6,139.53,143.45,121.48
0960,10,Front/Back,180.0,180.0,139.34,176.26,180.0,135.83,143.45,114.21
0960,11,Front/Back,165.35,180.0,126.41,166.96,165.35,130.69,144.8,121.03
0960,12,Front/Back,147.16,144.32,129.82,70.91,147.16,130.69,140.55,116.23
0960,13,Front/Back,131.77,144.46,121.97,74.68,145.52,132.36,139.29,117.89
0960,14,Front/Back,133.41,147.16,136.51,78.2,147.16,137.64,140.76,123.18
0960,15,Front/Back,156.93,149.53,167.97,81.66,156.93,139.53,154.52,125.06
0960,16,Front/Back,157.06,154.56,179.99,87.31,157.07,143.56,157.07,129.09
0960,17,Front/Back,157.24,161.21,179.99,93.09,157.25,143.56,154.74,124.86
0960,18,Front/Back,141.2,157.37,151.7,89.1,157.47,139.55,152.39,124.31
0960,19,Front/Back,162.79,180.0,136.49,107.43,162.79,137.67,152.39,118.98
0960,20,Front/Back,166.16,180.0,131.22,102.8,166.16,134.09,142.06,118.85
0960,21,Front/Back,152.95,165.58,127.98,89.13,152.95,130.72,136.28,112.03
0960,22,Front/Back,147.35,161.21,127.34,84.91,147.35,129.18,161.62,118.42
0960,23,Front/Back,117.14,154.56,99.85,79.1,129.33,134.07,154.34,134.07
0960,24,Front/Back,124.3,157.65,103.79,81.35,127.15,132.36,159.8,132.36
0960,25,Front/Back,159.18,154.56,137.93,78.26,134.71,130.69,155.53,130.69
0960,26,Front/Back,160.66,180.0,140.69,102.1,141.06,130.72,151.86,130.72
0960,27,Front/Back,130.1,180.0,150.97,105.72,153.15,129.1,177.14,129.1
0960,28,Front/Back,137.09,180.0,151.74,105.0,159.04,130.72,155.71,130.72
0960,29,Front/Back,151.21,180.0,145.56,105.78,154.43,129.1,144.29,129.1
0960,30,Front/Back,177.6,180.0,153.25,105.14,157.18,132.38,138.96,132.38
0960,31,Front/Back,169.31,180.0,130.45,105.98,148.9,130.72,138.96,130.72
0960,32,Front/Back,177.6,157.37,127.98,79.48,152.94,125.96,144.53,125.96
0960,33,Front/Back,107.59,151.56,97.67,75.89,141.15,132.36,177.3,121.59
0961,1,Side,4.84,,91.22,91.22,174.85,,154.87,
0961,2,Side,4.87,,107.69,107.69,172.99,,151.75,
0961,3,Side,4.05,,133.64,133.64,176.24,,158.94,
0961,4,Side,3.26,,147.1,147.1,175.14,,160.44,
0961,5,Side,0.9,,156.5,156.5,174.24,,162.04,
0961,6,Side,0.83,,164.49,164.49,173.91,,163.18,
0961,7,Side,0.0,,156.5,156.5,172.28,,162.07,
0961,8,Side,0.0,,147.09,147.09,171.18,,159.64,
0961,9,Side,1.4,,131.11,131.11,170.38,,157.21,
0961,10,Side,5.51,,124.24,124.24,176.54,,156.87,
0961,11,Side,5.15,,102.39,102.39,173.63,,151.74,
0961,12,Side,5.51,,115.26,115.26,175.53,,150.29,
0961,13,Side,5.48,,135.64,135.64,175.47,,150.77,
0961,14,Side,6.33,,142.38,142.38,179.06,,157.27,
0961,15,Side,5.71,,149.04,149.04,177.47,,163.91,
0961,16,Side,6.11,,159.18,159.18,173.52,,167.17,
0961,17,Side,5.71,,156.8,156.8,177.79,,164.98,
0961,18,Side,4.9,,150.64,150.64,178.4,,165.39,
0961,19,Side,6.4,,144.88,144.88,178.27,,165.23,
0961,20,Side,5.54,,143.91,143.91,178.76,,161.7,
0961,21,Side,5.54,,125.47,125.47,178.65,,161.34,
0961,22,Side,2.36,,126.73,126.73,170.7,,153.66,
0961,23,Side,2.41,,138.29,138.29,169.28,,149.11,
0961,24,Side,3.47,,147.09,147.09,173.52,,150.4,
0961,25,Side,5.1,,141.66,141.66,173.85,,150.56,
0961,26,Side,3.37,,153.43,153.43,179.16,,157.99,
0961,27,Side,4.61,,151.39,151.39,176.8,,157.86,
0961,28,Side,1.8,,158.35,158.35,178.09,,157.54,
0961,29,Side,1.93,,157.13,157.13,178.91,,159.84,
0961,30,Side,1.1,,124.26,124.26,178.77,,159.71,
0961,31,Side,1.45,,108.03,108.03,176.53,,154.97,
0961,32,Side,1.62,,94.09,94.09,175.89,,152.15,
0961,33,Side,2.62,,94.64,94.64,175.74,,146.68,
0962,1,Side,48.88,13.23,159.31,78.29,170.16,172.48,158.99,162.0
0962,2,Side,37.71,17.2,155.61,160.52,148.07,177.67,156.91,161.8
0962,3,Side,39.61,17.05,151.44,169.99,146.17,178.57,163.59,165.08
0962,4,Side,39.96,19.13,153.06,178.25,142.44,178.93,165.46,163.35
0962,5,Side,40.55,20.97,152.93,178.62,136.32,179.12,165.06,159.96
0962,6,Side,27.17,10.54,160.22,167.33,170.96,166.38,160.36,156.72
0962,7,Side,26.72,8.3,163.11,172.14,171.49,165.57,156.66,154.19
0962,8,Side,28.17,9.33,169.05,162.75,172.73,161.72,150.53,146.56
0962,9,Side,28.72,9.08,174.81,165.65,173.41,161.17,149.97,144.93
0962,10,Side,25.77,6.88,174.48,169.19,173.42,161.26,153.13,146.85
0962,11,Side,41.64,27.61,138.55,166.28,140.88,171.5,155.88,148.15
0962,12,Side,54.77,21.13,148.98,177.94,159.11,167.32,157.26,146.88
0962,13,Side,54.96,20.95,155.7,177.18,160.34,175.07,159.84,154.16
0962,14,Side,54.76,19.06,158.23,177.49,160.61,175.71,160.52,156.48
0962,15,Side,53.13,16.68,150.88,73.5,156.53,175.22,156.21,155.92
0962,16,Side,46.43,14.85,148.94,76.37,158.33,173.91,152.01,156.83
0962,17,Side,40.15,18.12,161.9,74.81,145.43,175.1,161.8,159.99
0962,18,Side,42.3,19.13,149.2,158.93,142.55,175.28,164.59,160.9
0962,19,Side,41.35,21.25,148.12,171.16,138.66,175.6,168.75,161.17
0962,20,Side,41.1,22.74,151.09,173.79,134.75,176.1,168.13,160.26
0962,21,Side,27.74,8.65,162.12,176.4,164.27,163.32,168.62,153.42
0962,22,Side,25.84,7.4,159.81,173.23,167.03,164.18,162.11,152.41
0962,23,Side,26.13,6.89,162.71,170.26,169.1,163.9,157.49,151.42
0962,24,Side,26.24,6.8,166.61,170.1,170.76,163.53,155.96,151.57
0962,25,Side,26.16,7.07,168.59,170.6,171.47,163.62,156.3,153.24
0962,26,Side,43.99,24.46,138.91,170.39,138.43,170.84,160.63,153.51
0962,27,Side,44.95,24.62,141.63,178.57,139.99,173.71,159.59,154.45
0962,28,Side,45.88,22.44,147.79,175.1,143.22,174.26,161.36,158.58
0962,29,Side,45.31,18.08,158.01,68.33,145.83,169.66,159.92,152.43
0962,30,Side,42.97,16.59,163.55,71.89,146.59,171.69,159.51,154.49
0962,31,Side,49.21,17.22,170.74,73.28,161.25,173.57,152.92,155.29
0962,32,Side,42.6,16.95,150.65,79.04,145.9,175.04,160.82,159.87
0962,33,Side,43.94,17.8,143.59,80.21,144.56,174.42,163.77,159.19
0962,34,Side,39.91,17.05,146.48,175.23,141.7,178.84,164.55,162.86
0962,35,Side,44.31,19.74,148.81,171.08,140.07,175.43,170.31,164.14
0962,36,Side,26.08,8.11,163.51,177.4,166.51,166.68,166.63,158.91
0962,37,Side,27.38,7.67,157.96,175.01,167.43,163.29,159.88,152.21
0962,38,Side,29.66,8.65,160.51,170.53,167.93,160.35,156.23,146.13
0962,39,Side,26.44,6.33,161.33,169.39,170.33,162.35,152.5,148.47
0962,40,Side,26.24,6.44,166.91,171.47,170.16,161.08,153.78,148.31
0962,41,Side,26.2,6.6,172.71,171.97,170.13,159.94,155.62,146.99
0962,42,Side,26.58,7.12,169.58,176.17,169.9,162.4,157.93,149.55
0962,43,Side,28.45,7.81,167.16,165.91,167.24,159.63,160.51,147.67
0962,44,Side,29.2,8.43,166.84,169.39,166.83,160.73,164.11,149.67
0962,45,Side,50.22,15.86,166.99,179.72,157.24,171.99,157.32,159.44
0962,46,Side,51.53,16.19,145.7,69.85,158.48,173.74,157.58,159.62
0962,47,Side,45.42,13.24,147.75,78.76,166.97,174.33,159.87,156.04
0963,1,Side,6.58,25.39,133.68,171.54,177.7,169.15,179.95,173.42
0963,2,Side,8.78,23.38,138.74,172.72,178.78,170.56,178.58,172.96
0963,3,Side,8.45,25.46,132.31,173.3,178.72,171.02,178.47,173.31
0963,4,Side,6.55,24.81,117.62,175.24,176.05,173.72,176.53,174.99
0963,5,Side,6.67,21.05,117.74,164.37,176.05,174.42,176.63,178.36
0963,6,Side,6.6,22.25,111.16,170.36,176.12,174.5,176.53,178.32
0963,7,Side,6.3,22.31,111.93,166.83,176.19,174.44,176.63,178.32
0963,8,Side,6.42,25.7,112.04,178.02,177.82,173.47,179.83,178.32
0963,9,Side,8.85,25.82,109.9,172.44,177.76,174.35,179.83,178.36
0963,10,Side,8.89,31.14,101.85,176.82,178.19,173.92,179.93,178.49
0963,11,Side,8.89,30.96,89.64,175.6,178.11,172.67,179.85,175.43
0963,12,Side,9.28,27.0,105.72,172.67,178.05,175.09,179.84,176.86
0963,13,Side,11.93,26.27,104.87,157.83,176.75,176.57,177.24,180.0
0963,14,Side,12.46,23.73,113.4,155.22,176.38,176.5,178.51,180.0
0963,15,Side,13.08,21.94,120.32,156.16,179.28,176.5,176.2,180.0
0963,16,Side,12.99,24.43,124.88,159.22,176.88,176.42,175.71,178.49
0963,17,Side,12.48,24.65,124.48,154.98,176.99,173.49,175.71,179.7
0963,18,Side,14.49,23.25,129.38,152.65,179.6,172.55,178.16,179.7
0963,19,Side,13.8,23.15,131.75,151.93,179.44,169.96,178.21,177.73
0963,20,Side,12.55,22.06,133.99,150.95,178.06,170.07,177.6,177.73
0963,21,Side,10.95,16.61,138.35,138.64,179.95,173.31,179.89,179.74
0963,22,Side,9.22,18.15,116.24,135.0,177.45,169.48,176.54,175.1
0963,23,Side,12.23,22.03,119.12,135.54,179.4,170.0,178.27,175.1
0963,24,Side,8.27,17.81,115.13,130.71,179.58,171.28,178.37,178.67
0963,25,Side,9.07,19.3,113.63,139.52,179.3,171.33,178.41,179.68
0963,26,Side,9.41,21.75,103.93,131.04,179.66,170.69,178.82,179.37
0963,27,Side,11.85,22.52,109.86,131.05,179.09,172.98,178.37,179.76
0963,28,Side,12.22,23.26,113.06,135.74,179.18,172.82,178.37,179.91
0963,29,Side,11.78,21.1,113.71,132.83,179.26,169.63,178.47,175.98
0963,30,Side,12.83,22.25,122.59,131.05,177.15,170.28,176.95,175.56
0963,31,Side,10.34,22.73,124.0,137.7,177.87,169.79,178.77,176.14
0963,32,Side,9.99,22.07,125.2,140.91,177.82,170.25,178.9,175.32
0963,33,Side,9.44,20.82,121.6,145.9,177.96,170.71,179.19,175.76
0963,34,Side,11.07,20.28,128.09,151.7,179.33,171.52,179.18,176.95
0963,35,Side,7.77,17.19,119.6,143.71,179.38,174.29,179.59,179.04
0963,36,Side,12.59,17.29,136.66,152.2,179.77,174.09,179.16,178.7
0963,37,Side,12.52,17.1,128.84,133.48,179.53,173.95,179.96,178.37
0963,38,Side,11.44,16.51,128.09,121.31,178.35,173.0,178.85,178.27
0963,39,Side,11.08,16.16,127.81,108.87,178.49,173.19,179.26,178.5
0963,40,Side,8.81,17.73,123.93,128.0,178.49,173.21,179.46,178.54
0963,41,Side,8.48,16.51,123.76,112.28,177.35,172.28,178.42,178.37
0963,42,Side,7.87,16.51,123.76,107.69,178.38,172.19,178.75,178.28
0963,43,Side,9.18,16.1,110.64,101.63,178.32,172.26,178.61,178.28
0963,44,Side,9.29,15.69,107.02,79.2,178.16,172.04,178.47,178.28
0963,45,Side,9.4,16.48,103.31,81.65,172.84,171.89,168.62,178.28
0963,46,Side,10.72,19.14,111.66,92.73,170.22,171.63,167.33,178.28
0963,47,Side,10.5,20.71,112.29,91.44,172.47,172.81,168.5,178.61
0963,48,Side,9.59,20.28,129.27,102.34,176.72,175.18,177.79,179.85
0963,49,Side,9.42,21.56,128.26,107.74,177.0,172.1,177.45,177.76
0964,1,Side,29.54,36.35,60.5,56.67,175.33,173.45,173.6,178.7
0964,2,Side,29.68,35.55,60.17,59.83,175.11,171.15,169.13,175.41
0964,3,Side,30.49,34.16,67.7,69.27,176.47,172.41,172.05,178.26
0964,4,Side,27.49,32.15,69.08,80.99,176.53,172.53,172.13,178.03
0964,5,Side,26.78,28.67,79.84,102.79,176.67,173.96,173.79,178.92
0964,6,Side,30.42,27.63,119.54,122.74,176.72,173.18,173.79,178.94
0964,7,Side,24.67,25.77,124.11,123.95,177.86,172.23,175.2,174.14
0964,8,Side,23.22,23.56,151.67,128.15,177.88,174.04,175.19,172.87
0964,9,Side,21.52,21.39,165.19,126.84,177.88,176.18,175.24,175.27
0964,10,Side,21.17,19.16,171.57,128.26,177.98,177.07,177.18,175.49
0964,11,Side,20.79,16.58,178.95,123.58,178.08,175.62,177.27,173.76
0964,12,Side,20.8,16.97,174.42,124.04,178.09,175.42,177.27,173.48
0964,13,Side,18.03,16.26,165.43,125.41,178.91,176.34,177.27,174.69
0964,14,Side,18.84,16.52,162.7,125.66,179.68,176.34,175.38,174.69
0964,15,Side,16.31,17.86,151.72,123.75,178.8,176.31,175.38,176.42
0964,16,Side,14.23,18.16,141.6,121.86,179.59,175.43,177.18,177.35
0964,17,Side,14.69,20.14,125.4,108.1,178.68,176.18,176.19,177.21
0964,18,Side,15.03,22.07,107.14,93.07,176.87,176.0,175.16,177.18
0964,19,Side,15.62,25.31,86.31,80.99,175.87,169.09,174.99,171.94
0964,20,Side,22.07,27.0,75.2,71.32,176.12,168.5,178.51,163.42
0964,21,Side,23.04,30.23,68.96,62.28,173.17,167.16,174.09,160.9
0964,22,Side,21.64,28.16,67.52,65.92,174.27,167.16,177.76,161.41
0964,23,Side,21.21,26.36,68.14,69.94,176.4,168.9,177.89,169.8
0964,24,Side,20.03,25.05,76.76,80.68,176.48,168.9,179.92,168.6
0964,25,Side,21.58,23.25,95.47,93.58,177.49,169.09,177.66,167.15
0964,26,Side,22.94,22.83,116.44,109.68,179.48,170.05,177.16,168.87
0964,27,Side,20.86,21.64,149.79,129.09,178.87,172.42,176.65,174.04
0964,28,Side,20.31,19.84,156.73,133.39,178.89,172.46,176.78,175.16
0964,29,Side,19.29,18.7,163.93,131.96,179.9,174.11,173.83,177.11
0964,30,Side,16.56,18.37,164.28,141.98,179.12,175.85,173.03,177.08
0964,31,Side,16.78,16.86,168.19,145.49,178.3,175.9,169.35,178.89
0964,32,Side,16.78,16.79,163.04,140.88,178.3,175.98,169.35,177.07
0964,33,Side,16.91,16.59,159.87,133.15,179.29,172.87,178.0,176.31
0964,34,Side,17.82,15.26,162.23,111.52,179.25,172.87,179.91,176.42
0964,35,Side,17.82,15.26,148.62,105.56,178.36,172.87,177.11,176.31
0964,36,Side,17.43,14.08,151.95,96.48,178.32,172.41,177.11,173.09
0964,37,Side,18.13,15.74,143.96,85.68,179.79,171.26,178.25,171.94
0964,38,Side,18.15,18.99,131.16,77.94,179.79,171.48,178.16,168.93
0964,39,Side,18.85,17.61,107.97,73.61,178.8,171.51,178.39,172.42
0964,40,Side,17.97,17.72,90.87,65.63,176.76,176.68,179.43,173.96
0964,41,Side,17.58,15.98,80.13,54.93,174.66,175.07,177.42,175.6
0964,42,Side,20.38,20.3,91.94,58.39,175.68,170.13,179.77,163.0
0964,43,Side,20.22,20.2,93.53,65.52,175.84,171.25,177.75,165.79
0964,44,Side,23.2,17.05,106.86,84.49,175.6,171.3,177.45,167.03
0964,45,Side,23.2,16.42,141.81,106.42,175.68,173.21,177.53,170.79
0964,46,Side,18.72,15.36,155.17,113.4,177.6,175.65,179.66,175.1
0964,47,Side,18.18,18.87,162.85,129.02,177.59,176.85,179.77,179.55
0964,48,Side,17.21,16.71,164.96,132.56,177.64,175.91,178.42,174.85
0964,49,Side,16.74,14.73,164.34,134.07,178.71,176.97,175.91,177.37
0964,50,Side,16.32,14.29,165.78,134.24,178.75,176.9,176.33,175.93
0964,51,Side,15.61,15.51,165.15,140.9,179.45,176.97,175.58,176.09
0964,52,Side,14.82,15.17,164.29,137.16,178.78,175.29,178.92,175.43
0964,53,Side,13.79,15.32,158.61,131.45,178.79,174.37,179.0,172.69
0964,54,Side,14.48,16.68,154.58,119.15,178.8,174.04,178.92,172.5
0964,55,Side,14.84,16.59,151.16,108.84,178.76,173.17,178.95,172.41
0964,56,Side,15.38,20.08,135.63,112.98,177.95,169.43,179.18,170.36
0964,57,Side,18.97,21.27,127.41,105.26,176.93,168.44,179.8,171.33
0964,58,Side,18.97,22.92,105.39,95.51,176.76,168.21,179.87,170.92
0964,59,Side,17.77,22.28,80.29,83.24,177.41,168.2,179.96,173.06
0964,60,Side,20.45,23.3,73.28,74.35,177.18,170.04,179.84,173.56
0964,61,Side,20.45,24.73,64.54,65.02,177.01,168.95,179.91,175.16
0965,1,Side,,0.94,53.45,46.46,,159.85,,124.27
0965,2,Side,,1.32,54.72,51.79,,159.71,,128.43
0965,3,Side,,1.31,61.25,64.94,,161.69,,131.86
0965,4,Side,,3.25,66.81,76.69,,166.63,,136.69
0965,5,Side,,3.25,72.93,97.07,,172.35,,148.99
0965,6,Side,,4.93,77.39,101.94,,172.32,,152.25
0965,7,Side,,5.54,91.02,113.93,,173.48,,153.27
0965,8,Side,,6.45,100.44,137.75,,178.16,,159.65
0965,9,Side,,6.26,111.26,152.07,,178.06,,156.36
0965,10,Side,,7.42,121.56,168.3,,179.97,,160.26
0965,11,Side,,7.37,129.45,175.91,,177.57,,162.39
0965,12,Side,,6.87,129.13,178.53,,179.58,,158.08
0965,13,Side,,6.34,126.03,175.24,,179.26,,157.3
0965,14,Side,,14.13,114.02,152.4,,177.66,,158.87
0965,15,Side,,10.47,112.12,157.94,,175.43,,154.6
0965,16,Side,,6.91,122.01,177.14,,176.37,,152.11
0965,17,Side,,7.24,101.77,167.01,,176.83,,149.04
0965,18,Side,,7.41,82.3,133.21,,176.16,,144.51
0965,19,Side,,5.13,77.17,85.93,,178.09,,144.76
0965,20,Side,,8.43,59.51,62.0,,178.18,,144.06
0965,21,Side,,6.23,57.26,79.7,,175.3,,139.79
0965,22,Side,,7.3,58.22,62.04,,174.22,,137.78
0965,23,Side,,7.07,64.49,79.17,,174.79,,142.51
0965,24,Side,,6.34,85.91,109.98,,178.95,,151.92
0965,25,Side,,6.05,92.05,126.03,,179.44,,156.81
0965,26,Side,,7.34,102.99,133.45,,177.78,,162.12
0965,27,Side,,9.89,115.56,134.11,,177.02,,163.74
0965,28,Side,,9.79,108.27,142.13,,179.4,,163.21
0965,29,Side,,9.88,112.44,134.02,,179.91,,164.02
0965,30,Side,,9.27,116.97,158.55,,179.75,,165.11
0965,31,Side,,8.76,123.14,155.53,,178.8,,165.27
0965,32,Side,,6.71,113.75,135.0,,179.4,,162.63
0965,33,Side,,7.38,92.44,88.49,,178.57,,162.63
0965,34,Side,,8.13,86.99,66.43,,173.81,,155.56
0965,35,Side,,10.45,73.91,57.84,,175.01,,154.46
0965,36,Side,,8.52,61.67,46.53,,172.77,,152.22
0965,37,Side,,8.62,63.91,55.45,,171.8,,142.61
0965,38,Side,,8.69,63.91,54.75,,170.6,,136.62
0965,39,Side,,7.98,51.09,57.53,,168.58,,135.26
0965,40,Side,,7.98,57.62,57.7,,167.19,,135.22
0965,41,Side,,6.38,57.78,48.48,,164.72,,132.9
0965,42,Side,,7.19,59.16,64.97,,169.47,,140.91
0965,43,Side,,6.62,77.74,89.77,,171.11,,148.36
0965,44,Side,,7.22,88.83,109.82,,171.82,,154.32
0965,45,Side,,13.29,91.71,119.88,,175.04,,162.05
0965,46,Side,,12.96,107.61,135.32,,176.32,,164.79
0965,47,Side,,8.36,118.19,156.52,,172.31,,159.67
0965,48,Side,,9.18,116.12,149.09,,172.46,,158.84
0965,49,Side,,9.86,148.46,148.46,,171.18,,157.93
0965,50,Side,,14.52,131.55,131.55,,169.6,,156.75
0965,51,Side,,17.49,129.32,129.32,,171.55,,156.63
0965,52,Side,,17.14,82.67,82.67,,168.9,,151.67
0965,53,Side,,13.47,91.53,91.53,,166.7,,148.31
0965,54,Side,,11.13,48.81,48.81,,169.87,,145.54
0965,55,Side,,10.76,53.52,37.87,,169.87,,143.52
0965,56,Side,,8.54,50.03,39.14,,161.43,,139.03
0965,57,Side,,6.01,48.73,38.77,,165.36,,131.53
0966,1,Front/Back,172.68,157.32,135.05,157.32,175.96,180.0,140.47,138.05
0966,2,Front/Back,180.0,140.88,127.63,140.88,146.61,180.0,110.88,132.38
0966,3,Front/Back,154.19,160.2,113.7,129.54,153.98,157.56,111.78,106.53
0966,4,Front/Back,160.13,180.0,132.62,152.2,159.37,173.92,113.27,117.81
0966,5,Front/Back,180.0,180.0,156.07,144.48,149.11,173.5,110.95,120.66
0966,6,Front/Back,180.0,180.0,156.07,180.0,159.66,165.98,126.32,128.18
0966,7,Front/Back,180.0,180.0,135.81,148.37,159.66,173.5,131.45,142.8
0966,8,Front/Back,180.0,180.0,133.01,171.87,156.54,173.92,134.78,148.92
0966,9,Front/Back,163.96,146.21,127.63,155.3,140.5,163.87,134.64,158.31
0966,10,Front/Back,180.0,151.51,136.99,162.34,156.77,169.17,125.7,154.96
0966,11,Front/Back,180.0,180.0,144.84,180.0,180.0,180.0,131.88,136.19
0966,12,Front/Back,180.0,180.0,143.29,164.11,159.48,167.7,131.47,142.7
0966,13,Front/Back,169.45,180.0,156.07,180.0,152.78,179.99,141.56,154.99
0966,14,Front/Back,180.0,175.17,142.37,175.17,159.48,180.0,137.95,154.96
0966,15,Front/Back,172.68,151.48,172.68,151.48,159.66,180.0,138.14,177.69
0966,16,Front/Back,172.68,180.0,138.3,142.24,159.66,180.0,134.48,162.32
0966,17,Front/Back,150.06,180.0,98.3,142.24,149.35,174.7,113.35,134.78
0966,18,Front/Back,165.66,180.0,104.23,139.89,139.68,148.76,93.28,108.84
0966,19,Front/Back,156.51,180.0,112.32,143.73,137.29,146.26,90.93,108.47
0966,20,Front/Back,141.36,141.8,110.9,141.8,139.41,142.26,96.95,98.33
0966,21,Front/Back,180.0,180.0,131.38,180.0,146.74,149.6,108.48,107.65
0966,22,Front/Back,180.0,180.0,130.49,162.79,175.96,180.0,133.75,136.07
0966,23,Front/Back,169.45,180.0,133.01,152.2,153.08,180.0,135.31,138.02
0966,24,Front/Back,168.26,180.0,142.07,138.59,151.89,179.99,138.33,158.35
0966,25,Front/Back,132.6,177.22,127.43,138.01,150.8,177.22,142.0,162.32
0966,26,Front/Back,159.19,177.22,136.1,136.15,159.19,177.22,155.72,149.26
0966,27,Front/Back,147.8,179.99,136.99,139.75,147.8,179.99,167.88,158.31
0966,28,Front/Back,159.19,163.08,143.29,149.34,146.93,163.08,167.74,154.96
0966,29,Front/Back,159.19,158.8,147.55,149.52,155.15,163.75,175.96,163.44
0966,30,Front/Back,179.98,179.98,179.97,179.97,179.98,179.98,179.98,179.98
0966,31,Front/Back,165.66,160.2,148.72,144.04,168.03,179.99,168.03,149.39
0966,32,Front/Back,180.0,175.17,180.0,157.97,180.0,180.0,137.63,136.07
0966,33,Front/Back,179.99,158.6,136.98,131.5,168.44,180.0,124.09,132.35
0966,34,Front/Back,180.0,148.11,131.38,114.44,168.44,180.0,116.77,132.35
0966,35,Front/Back,154.31,150.33,135.72,123.23,161.82,147.1,119.68,97.7
0966,36,Front/Back,179.99,180.0,154.5,148.37,149.35,151.52,113.62,111.58
0966,37,Front/Back,180.0,180.0,169.88,158.44,160.25,166.58,126.63,135.88
0966,38,Front/Back,180.0,180.0,180.0,180.0,180.0,180.0,151.68,152.02
0966,39,Front/Back,159.19,162.84,159.21,162.79,159.18,162.84,162.09,162.26
0966,40,Front/Back,163.12,167.73,138.92,162.79,151.57,167.73,155.93,162.26
0966,41,Front/Back,168.77,167.54,146.26,152.2,157.21,167.54,155.93,167.34
0966,42,Front/Back,180.0,135.45,134.78,156.42,159.92,159.04,138.16,154.96
0966,43,Front/Back,180.0,162.64,134.78,160.62,153.77,162.65,141.26,162.26
0966,44,Front/Back,156.63,167.73,140.23,160.63,138.21,167.73,136.3,158.31
0966,45,Front/Back,156.51,180.0,156.51,170.45,154.59,174.7,132.69,149.66
0966,46,Front/Back,180.0,179.99,180.0,180.0,151.45,179.99,126.15,149.26
0966,47,Front/Back,180.0,177.22,142.07,180.0,152.02,177.22,149.29,146.75
0966,48,Front/Back,180.0,180.0,136.1,152.2,180.0,180.0,130.48,149.3
0966,49,Front/Back,180.0,165.38,134.78,148.17,153.77,180.0,118.04,146.89
0966,50,Front/Back,180.0,180.0,133.6,138.59,151.25,161.74,107.29,121.92
0967,1,Front/Back,151.67,162.9,105.97,130.85,148.26,146.85,112.65,146.85
0967,2,Front/Back,151.67,149.38,94.89,96.35,152.09,148.88,121.38,148.88
0967,3,Front/Back,155.58,160.43,98.31,106.18,150.02,141.36,122.04,141.36
0967,4,Front/Back,152.24,152.1,95.62,105.05,143.45,139.86,118.41,139.86
0967,5,Front/Back,157.42,162.62,102.08,125.24,143.45,134.15,121.76,134.15
0967,6,Front/Back,168.18,180.0,121.58,155.47,150.61,146.17,122.63,146.17
0967,7,Front/Back,180.0,180.0,131.4,154.96,148.54,146.29,120.52,146.29
0967,8,Front/Back,173.38,180.0,124.92,180.0,144.72,139.86,120.04,139.86
0967,9,Front/Back,164.25,180.0,115.79,144.87,143.1,139.97,143.1,139.97
0967,10,Front/Back,149.48,180.0,102.88,142.11,143.1,138.67,131.65,120.53
0967,11,Front/Back,148.61,180.0,102.02,145.08,143.05,154.86,131.6,132.74
0967,12,Front/Back,148.61,180.0,99.04,136.27,144.67,140.12,119.99,117.99
0967,13,Front/Back,156.37,180.0,103.45,132.94,148.11,141.61,112.81,112.83
0967,14,Front/Back,157.42,180.0,105.42,131.37,149.97,170.9,108.49,153.69
0967,15,Front/Back,146.16,180.0,96.81,131.86,151.91,170.9,106.59,149.39
0967,16,Front/Back,154.27,180.0,97.66,141.21,179.99,165.66,140.55,143.79
0967,17,Front/Back,158.69,180.0,101.34,133.14,164.93,154.56,116.01,136.61
0967,18,Front/Back,180.0,130.92,121.0,108.16,143.1,132.55,95.58,156.85
0967,19,Front/Back,180.0,100.09,120.32,84.63,143.3,129.45,95.65,159.38
0967,20,Front/Back,174.92,131.17,117.88,109.21,166.41,138.4,123.84,165.66
0967,21,Front/Back,180.0,180.0,131.54,136.96,180.0,162.66,132.38,136.86
0967,22,Front/Back,180.0,180.0,135.56,145.08,180.0,165.66,136.07,139.82
0967,23,Front/Back,180.0,180.0,147.43,151.43,180.0,170.9,140.05,148.62
0967,24,Front/Back,180.0,180.0,161.73,161.99,180.0,170.9,146.75,148.62
0967,25,Front/Back,180.0,180.0,180.0,165.45,169.54,180.0,152.01,162.05
0967,26,Front/Back,180.0,159.78,180.0,153.81,161.83,167.97,161.83,167.5
0967,27,Front/Back,179.98,179.98,179.97,179.97,179.98,179.98,179.98,179.98
0967,28,Front/Back,166.66,180.0,151.78,151.43,180.0,165.24,167.63,165.24
0967,29,Front/Back,180.0,179.98,141.09,144.55,165.41,161.89,163.1,161.9
0967,30,Front/Back,173.38,180.0,133.93,131.77,162.02,169.58,159.71,169.58
0967,31,Front/Back,180.0,180.0,126.38,131.77,158.99,147.91,156.68,147.91
0967,32,Front/Back,180.0,180.0,125.84,132.26,152.39,156.33,139.81,156.33
0967,33,Front/Back,180.0,180.0,126.38,133.83,145.26,141.61,145.26,141.61
0967,34,Front/Back,180.0,180.0,126.38,131.86,145.07,137.26,132.49,137.26
0967,35,Front/Back,180.0,180.0,127.08,130.78,141.88,135.74,129.3,135.74
0967,36,Front/Back,173.38,180.0,118.9,131.86,140.23,135.74,118.59,122.99
0967,37,Front/Back,173.38,180.0,122.37,132.26,143.45,138.52,125.76,138.52
0967,38,Front/Back,173.38,180.0,128.93,127.89,146.49,141.47,134.12,141.47
0967,39,Front/Back,159.85,180.0,128.88,132.65,143.86,144.62,148.26,144.62
0967,40,Front/Back,147.36,180.0,135.41,152.14,146.3,146.29,146.57,146.29
0967,41,Front/Back,149.01,180.0,153.53,164.47,143.94,150.04,137.2,150.04
0967,42,Front/Back,157.42,180.0,117.3,167.15,137.15,150.04,112.15,150.04
0967,43,Front/Back,153.17,180.0,107.47,160.39,134.5,128.0,112.81,128.0
0967,44,Front/Back,146.16,180.0,97.48,145.71,130.63,130.44,117.97,130.44
0967,45,Front/Back,151.46,180.0,108.2,145.08,129.38,125.63,116.72,125.63
0967,46,Front/Back,153.17,180.0,105.16,141.21,134.37,126.92,103.78,126.92
0967,47,Front/Back,161.34,180.0,111.39,139.32,135.77,123.45,98.07,123.45
0967,48,Front/Back,161.34,179.99,109.27,138.12,135.85,125.75,95.93,125.75
0967,49,Front/Back,135.09,179.99,84.0,132.93,135.96,128.11,92.06,109.98
0967,50,Front/Back,137.61,179.99,83.06,132.24,135.96,130.55,90.17,101.64
0967,51,Front/Back,136.85,180.0,80.07,138.14,136.1,134.29,96.15,95.24
0968,1,Front/Back,166.33,180.0,138.07,180.0,160.0,145.56,160.0,134.42
0968,2,Front/Back,180.0,180.0,148.35,180.0,168.15,146.63,158.29,137.73
0968,3,Front/Back,180.0,180.0,144.3,180.0,167.81,148.04,167.81,148.04
0968,4,Front/Back,180.0,180.0,142.56,180.0,164.53,149.01,164.53,149.01
0968,5,Front/Back,161.49,180.0,143.55,180.0,148.77,146.77,167.29,146.77
0968,6,Front/Back,172.23,180.0,134.91,180.0,156.41,138.3,164.18,138.3
0968,7,Front/Back,168.46,163.11,136.3,163.11,155.56,139.04,167.1,139.04
0968,8,Front/Back,171.86,179.99,148.21,160.52,156.04,139.04,164.18,139.04
0968,9,Front/Back,171.68,154.83,147.26,83.14,158.78,139.95,167.1,139.95
0968,10,Front/Back,171.68,131.79,151.04,106.63,158.78,157.68,167.1,180.0
0968,11,Front/Back,179.98,179.98,179.97,179.96,179.98,179.98,179.98,179.98
0968,12,Front/Back,167.11,180.0,175.36,180.0,149.21,157.3,157.47,140.56
0968,13,Front/Back,147.37,169.34,180.0,133.32,147.37,153.05,180.0,153.05
0968,14,Front/Back,146.26,159.17,180.0,159.17,146.26,141.04,180.0,141.04
0968,15,Front/Back,180.0,159.61,154.54,159.61,145.42,136.4,145.42,136.4
0968,16,Front/Back,172.02,162.21,157.02,162.21,144.98,135.15,152.96,135.15
0968,17,Front/Back,180.0,161.42,146.82,161.42,152.96,134.57,152.96,134.57
0968,18,Front/Back,180.0,152.88,138.0,152.88,152.96,135.55,152.96,121.46
0968,19,Front/Back,180.0,153.48,137.63,130.66,154.59,144.31,154.59,158.25
0968,20,Front/Back,171.69,158.48,137.43,172.15,154.59,146.46,154.59,150.61
0968,21,Front/Back,163.16,161.87,139.33,162.9,154.59,144.09,154.59,162.22
0968,22,Front/Back,170.64,169.22,155.97,180.0,151.42,139.25,151.42,150.04
0968,23,Front/Back,180.0,127.36,177.7,145.49,154.79,127.3,154.79,145.43
0968,24,Front/Back,179.99,125.73,153.6,144.42,156.77,128.79,156.78,147.48
0968,25,Front/Back,168.22,154.86,165.02,154.86,149.62,138.64,161.39,132.68
0968,26,Front/Back,159.53,180.0,165.84,180.0,143.74,140.27,164.22,127.47
0968,27,Front/Back,180.0,180.0,156.89,180.0,161.39,140.02,161.39,140.02
0968,28,Front/Back,180.0,156.73,146.98,156.73,157.66,140.27,157.66,140.27
0968,29,Front/Back,180.0,158.38,151.34,158.38,158.01,138.35,158.01,138.35
0968,30,Front/Back,179.99,160.73,134.91,160.73,152.87,139.67,152.88,139.67
0968,31,Front/Back,153.3,160.13,129.41,160.13,139.9,138.53,151.68,138.53
0968,32,Front/Back,176.56,162.21,152.86,162.21,152.58,140.19,152.58,130.02
0968,33,Front/Back,158.5,180.0,158.5,180.0,149.92,134.8,149.92,114.5
0968,34,Front/Back,161.51,168.34,161.51,168.34,149.37,132.26,132.37,109.9
0969,1,Side,14.49,17.55,172.92,175.96,173.29,178.14,176.54,178.27
0969,2,Side,14.66,17.74,173.8,174.84,174.07,179.95,175.9,179.54
0969,3,Side,14.38,18.18,174.75,174.15,174.23,179.92,176.35,179.56
0969,4,Side,12.65,18.39,172.81,174.42,173.51,178.2,174.03,179.6
0969,5,Side,12.78,19.75,172.87,171.64,173.47,178.19,174.86,179.58
0969,6,Side,14.66,19.75,175.53,173.07,173.91,178.18,174.82,179.57
0969,7,Side,16.65,19.71,178.44,171.43,173.69,178.22,174.82,179.55
0969,8,Side,16.76,19.75,179.42,171.64,174.47,178.18,177.59,179.55
0969,9,Side,15.44,19.71,177.3,171.64,173.34,178.23,174.84,179.53
0969,10,Side,15.52,19.71,178.24,171.64,173.9,179.06,177.32,178.34
0969,11,Side,16.86,19.75,178.86,173.33,173.0,179.02,174.4,178.34
0969,12,Side,18.19,18.31,176.98,175.56,172.48,179.1,173.05,178.34
0969,13,Side,18.18,18.05,176.34,176.04,173.5,179.13,175.5,178.34
0969,14,Side,18.06,16.84,175.99,177.18,173.62,179.18,175.5,178.36
0969,15,Side,12.45,18.98,177.82,177.24,179.45,174.48,177.51,179.12
0969,16,Side,12.05,19.38,178.26,176.11,178.31,173.69,178.38,176.95
0969,17,Side,11.83,19.32,177.89,176.1,178.44,173.79,178.66,176.97
0969,18,Side,13.73,19.58,178.26,175.5,179.34,173.86,179.19,176.95
0969,19,Side,14.76,20.4,174.21,174.26,179.84,173.83,178.97,176.96
0969,20,Side,14.48,20.73,174.55,173.62,178.69,172.84,176.63,174.8
0969,21,Side,13.36,19.95,177.06,175.58,178.99,172.27,176.86,174.67
0969,22,Side,14.04,19.68,177.89,175.66,179.96,172.17,178.97,174.64
0969,23,Side,14.32,20.64,177.44,173.37,179.98,172.17,179.04,174.5
0969,24,Side,15.2,19.79,174.6,174.83,179.77,174.6,179.19,180.0
0969,25,Side,17.39,18.55,171.52,180.0,179.32,175.49,178.03,180.0
0969,26,Side,12.23,17.01,179.21,177.33,177.98,173.99,177.87,180.0
0969,27,Side,15.35,22.65,173.58,171.57,179.06,173.91,177.87,180.0
0969,28,Side,17.1,25.94,170.2,165.04,179.06,173.91,179.9,178.53
0969,29,Side,20.02,27.13,166.48,162.89,177.58,171.56,179.12,176.85
0969,30,Side,23.78,31.29,159.31,155.56,178.38,171.42,176.78,176.9
0969,31,Side,25.69,27.57,156.67,159.27,179.94,172.3,178.7,179.14
0969,32,Side,23.06,27.47,163.05,162.45,179.99,173.73,179.82,179.13
0969,33,Side,19.61,27.12,170.54,165.13,179.92,176.08,179.94,180.0
0969,34,Side,17.8,25.22,175.21,170.06,179.3,177.76,178.33,175.47
0969,35,Side,13.78,20.07,174.53,179.63,179.06,177.06,179.23,176.84
0970,1,Side,,15.12,157.18,157.18,,177.8,,170.51
0970,2,Side,,15.41,156.83,156.83,,176.69,,171.37
0970,3,Side,,16.5,156.11,156.11,,176.63,,172.07
0970,4,Side,,14.42,155.65,155.65,,175.66,,177.34
0970,5,Side,,10.01,161.67,161.67,,175.66,,178.44
0970,6,Side,,9.73,160.1,160.1,,174.94,,179.86
0970,7,Side,,10.09,159.23,159.23,,175.25,,176.39
0970,8,Side,,10.57,156.27,156.27,,175.25,,176.39
0970,9,Side,,11.92,153.21,153.21,,174.35,,177.53
0970,10,Side,,11.59,158.5,158.5,,173.49,,178.51
0970,11,Side,,12.5,158.25,158.25,,171.6,,179.7
0970,12,Side,,12.54,160.1,160.1,,171.91,,177.26
0970,13,Side,,13.1,160.1,160.1,,169.93,,178.75
0970,14,Side,,11.54,163.35,163.35,,169.82,,178.2
0970,15,Side,,11.51,166.73,166.73,,170.83,,176.79
0970,16,Side,,9.58,166.06,166.06,,173.85,,175.27
0970,17,Side,,11.09,163.45,163.45,,173.88,,176.02
0970,18,Side,,11.34,161.33,161.33,,173.92,,175.15
0970,19,Side,,13.34,156.31,156.31,,175.68,,174.44
0970,20,Side,,11.74,153.69,153.69,,179.2,,172.93
0970,21,Side,,13.32,153.43,153.43,,178.24,,172.96
0970,22,Side,,14.42,154.58,154.58,,177.4,,174.36
0970,23,Side,,14.42,157.64,157.64,,177.47,,173.91
0970,24,Side,,14.42,160.5,160.5,,176.68,,174.44
0970,25,Side,,13.13,161.97,161.97,,178.52,,172.92
0970,26,Side,,12.53,162.96,162.96,,176.95,,174.08
0970,27,Side,,10.71,163.93,163.93,,176.99,,174.19
0970,28,Side,,13.42,157.17,157.17,,175.87,,174.52
0970,29,Side,,16.28,152.39,152.39,,173.99,,176.29
0970,30,Side,,19.35,144.46,144.46,,172.69,,179.26
0970,31,Side,,12.74,146.56,146.56,,174.5,,178.39
0970,32,Side,,11.93,152.45,152.45,,173.51,,177.29
0970,33,Side,,11.66,149.98,149.98,,172.98,,178.48
0970,34,Side,,11.33,155.86,155.86,,173.06,,177.3
0970,35,Side,,12.35,157.38,157.38,,174.92,,176.07
0971,1,Front/Back,179.98,179.98,179.97,179.98,179.98,179.98,179.98,179.98
0971,2,Front/Back,133.86,180.0,156.13,180.0,157.74,180.0,180.0,142.95
0971,3,Front/Back,128.32,180.0,152.25,180.0,156.07,180.0,180.0,144.89
0971,4,Front/Back,124.95,137.92,148.87,166.29,156.07,151.62,180.0,144.74
0971,5,Front/Back,129.55,180.0,151.52,180.0,158.03,180.0,180.0,152.93
0971,6,Front/Back,171.39,180.0,180.0,180.0,171.39,180.0,180.0,180.0
0971,7,Front/Back,176.84,180.0,180.0,180.0,176.84,177.54,180.0,177.54
0971,8,Front/Back,154.62,175.45,170.75,180.0,163.87,175.45,180.0,180.0
0971,9,Front/Back,177.66,124.27,180.0,146.45,177.66,157.82,180.0,180.0
0971,10,Front/Back,177.66,120.24,180.0,144.15,177.66,156.09,180.0,180.0
0971,11,Front/Back,180.0,120.77,180.0,144.79,180.0,155.98,180.0,180.0
0971,12,Front/Back,170.47,163.87,180.0,149.26,170.47,163.87,180.0,161.07
0971,13,Front/Back,156.57,157.97,165.86,143.32,170.71,157.97,152.8,155.23
0971,14,Front/Back,118.57,157.97,142.49,180.0,156.07,157.97,150.15,141.37
0971,15,Front/Back,115.68,135.85,139.27,159.62,156.4,156.24,150.15,136.54
0971,16,Front/Back,164.85,174.07,164.85,174.07,180.0,180.0,147.69,139.57
0971,17,Front/Back,165.86,179.99,165.86,180.0,180.0,179.99,155.72,146.62
0971,18,Front/Back,180.0,163.72,180.0,179.99,180.0,163.73,162.64,164.36
0971,19,Front/Back,180.0,180.0,180.0,180.0,180.0,180.0,180.0,180.0
0971,20,Front/Back,180.0,174.24,180.0,180.0,180.0,174.24,180.0,180.0
0971,21,Front/Back,180.0,180.0,180.0,167.74,180.0,180.0,180.0,180.0
0971,22,Front/Back,180.0,180.0,180.0,164.19,180.0,180.0,180.0,180.0
0971,23,Front/Back,180.0,180.0,180.0,158.53,180.0,180.0,180.0,180.0
0971,24,Front/Back,180.0,166.52,180.0,160.02,180.0,166.52,180.0,180.0
0971,25,Front/Back,180.0,166.52,180.0,152.76,180.0,166.52,180.0,155.54
0971,26,Front/Back,180.0,131.33,180.0,137.89,165.29,150.23,165.29,152.93
0971,27,Front/Back,128.38,141.56,143.76,157.68,137.9,146.27,153.28,157.9
0971,28,Front/Back,108.98,145.18,140.2,154.38,148.78,145.18,180.0,180.0
0971,29,Front/Back,140.2,145.18,140.2,162.93,164.54,145.18,160.95,180.0
0971,30,Front/Back,138.01,149.04,138.01,167.74,164.88,149.04,164.88,180.0
0971,31,Front/Back,158.53,149.19,158.53,180.0,152.9,149.19,152.9,180.0
0971,32,Front/Back,162.86,124.93,162.86,157.18,158.07,147.75,158.07,164.36
0971,33,Front/Back,112.42,114.52,141.44,147.12,150.99,147.41,180.0,164.36
0971,34,Front/Back,108.11,114.52,137.13,147.12,150.99,147.41,180.0,157.81
0971,35,Front/Back,112.44,133.89,139.96,159.62,152.47,154.27,180.0,169.12
0971,36,Front/Back,146.35,127.72,159.61,155.09,166.74,152.63,180.0,169.12
0971,37,Front/Back,145.38,132.92,154.92,157.18,170.47,155.75,180.0,157.9
0971,38,Front/Back,136.57,118.42,152.62,147.12,163.95,151.31,180.0,148.42
0971,39,Front/Back,153.37,124.3,153.37,155.24,180.0,149.04,159.01,141.07
0971,40,Front/Back,180.0,134.2,180.0,140.07,180.0,155.88,149.89,134.79
0972,1,Side,9.71,,85.03,85.03,176.75,,161.21,
0972,2,Side,9.1,,106.63,106.63,176.93,,162.7,
0972,3,Side,9.06,,124.04,124.04,176.8,,161.07,
0972,4,Side,9.59,,128.98,128.98,175.94,,160.49,
0972,5,Side,11.29,,136.76,136.76,175.73,,161.17,
0972,6,Side,12.31,,141.17,141.17,174.87,,160.1,
0972,7,Side,11.23,,144.04,144.04,174.8,,161.3,
0972,8,Side,7.31,,154.26,154.26,176.1,,162.27,
0972,9,Side,7.89,,155.83,155.83,174.05,,161.44,
0972,10,Side,7.74,,165.92,165.92,177.03,,165.13,
0972,11,Side,8.76,,168.02,168.02,175.18,,164.27,
0972,12,Side,8.47,,158.96,158.96,176.5,,165.03,
0972,13,Side,6.44,,152.92,152.92,177.49,,163.13,
0972,14,Side,6.45,,143.82,143.82,177.73,,161.89,
0972,15,Side,6.11,,122.8,122.8,178.88,,163.19,
0972,16,Side,5.36,,107.02,107.02,177.36,,161.1,
0972,17,Side,4.62,,125.97,125.97,172.44,,157.03,
0972,18,Side,3.7,,143.22,143.22,172.84,,158.11,
0972,19,Side,3.91,,152.61,152.61,168.74,,154.41,
0972,20,Side,3.0,,160.56,160.56,167.11,,153.46,
0972,21,Side,6.77,,167.78,167.78,170.05,,150.52,
0972,22,Side,1.45,,165.59,165.59,166.25,,154.09,
0972,23,Side,4.04,,157.76,157.76,167.89,,158.14,
0972,24,Side,5.24,,153.6,153.6,169.47,,162.08,
0972,25,Side,7.08,,143.97,143.97,171.98,,164.55,
0972,26,Side,7.03,,139.12,139.12,175.26,,167.65,
0972,27,Side,5.98,,140.65,140.65,174.41,,167.6,
0972,28,Side,4.74,,145.0,145.0,175.13,,167.49,
0972,29,Side,4.43,,147.25,147.25,172.22,,161.09,
0972,30,Side,4.04,,149.6,149.6,172.93,,161.77,
0972,31,Side,4.72,,146.28,146.28,172.31,,161.66,
0972,32,Side,5.45,,153.51,153.51,172.84,,160.63,
0972,33,Side,7.7,,155.06,155.06,173.77,,159.96,
0972,34,Side,9.21,,158.06,158.06,173.54,,159.07,
0972,35,Side,9.02,,163.02,163.02,175.46,,159.38,
0972,36,Side,11.63,,168.37,168.37,174.71,,160.41,
0972,37,Side,11.65,,153.57,153.57,174.18,,157.04,
0972,38,Side,12.61,,138.11,138.11,175.19,,155.78,
0972,39,Side,10.49,,126.91,126.91,173.0,,151.43,
0972,40,Side,11.11,,112.72,112.72,175.61,,156.7,
0973,1,Side,36.94,46.94,139.86,148.35,177.62,166.66,174.98,166.09
0973,2,Side,30.9,41.81,125.61,146.58,176.01,172.43,172.33,180.0
0973,3,Side,31.05,39.17,132.22,158.14,175.92,169.53,173.94,170.88
0973,4,Side,31.63,33.09,144.04,163.83,175.77,179.35,172.21,176.82
0973,5,Side,31.32,31.63,159.57,168.25,174.93,179.31,174.9,177.01
0973,6,Side,23.87,29.79,156.49,170.96,178.58,178.55,179.62,175.68
0973,7,Side,25.66,29.72,148.53,177.12,177.47,178.78,178.28,179.77
0973,8,Side,24.62,29.31,148.74,172.22,177.42,178.28,177.77,179.91
0973,9,Side,25.53,28.56,152.67,167.46,178.94,176.4,175.3,178.76
0973,10,Side,26.52,28.0,153.7,164.79,179.87,176.82,177.14,179.69
0973,11,Side,25.55,33.74,149.54,161.73,178.59,174.99,178.69,176.25
0973,12,Side,32.77,33.14,156.19,155.92,174.99,173.97,177.43,173.66
0973,13,Side,32.7,34.34,150.95,157.13,176.61,175.91,177.86,176.42
0973,14,Side,32.87,33.62,154.6,159.75,176.44,175.12,177.61,178.21
0973,15,Side,35.55,34.39,159.66,158.92,175.35,173.96,174.72,174.62
0973,16,Side,31.29,36.24,158.17,162.61,177.27,174.79,179.43,175.21
0973,17,Side,33.11,33.49,164.74,165.63,179.93,174.91,176.13,175.47
0973,18,Side,33.83,32.58,168.74,167.49,180.0,174.96,177.92,175.77
0973,19,Side,33.12,29.34,170.23,166.98,179.52,173.96,177.74,173.67
0973,20,Side,28.64,28.17,165.02,168.07,176.56,174.05,176.25,172.55
0973,21,Side,26.79,27.52,163.97,171.2,176.54,173.56,176.22,174.16
0973,22,Side,29.93,25.36,165.39,161.29,176.54,172.31,174.66,173.94
0973,23,Side,37.57,30.54,166.6,163.33,177.5,173.35,174.54,173.67
0973,24,Side,31.87,33.32,151.6,164.83,176.33,173.28,172.02,176.44
0973,25,Side,32.66,32.59,146.95,155.26,177.08,172.61,174.72,176.2
0973,26,Side,34.66,37.33,135.78,159.87,173.63,172.45,171.48,173.87
0973,27,Side,40.6,36.97,164.2,163.54,175.86,172.35,172.04,174.11
0973,28,Side,37.35,31.27,165.88,160.71,175.92,174.96,172.31,175.47
0973,29,Side,37.41,27.69,174.3,160.1,174.94,175.07,171.03,174.3
0973,30,Side,33.8,24.63,172.58,164.47,174.94,175.14,171.47,176.11
0973,31,Side,34.39,19.03,177.96,165.12,175.1,177.42,175.17,179.09
0973,32,Side,33.4,21.14,172.05,168.9,178.87,174.66,177.05,179.5
0973,33,Side,31.51,23.13,165.99,170.12,176.87,174.79,179.1,179.75
0973,34,Side,35.65,25.11,165.14,168.54,175.4,176.19,174.57,179.52
0973,35,Side,35.58,28.46,161.77,168.29,175.47,179.12,174.2,175.78
0973,36,Side,34.12,29.75,155.61,163.85,174.62,174.48,171.63,174.27
0973,37,Side,35.65,32.69,152.42,164.31,174.49,174.3,171.12,174.25
0973,38,Side,35.78,39.07,142.98,170.54,175.33,175.46,172.09,174.23
0973,39,Side,36.64,42.33,143.34,170.08,174.51,175.31,172.12,175.61
0974,1,Side,11.11,,102.51,74.05,161.25,,137.82,
0974,2,Side,6.55,,109.4,77.37,168.21,,148.28,
0974,3,Side,5.81,,120.83,81.16,171.71,,160.24,
0974,4,Side,0.83,,120.9,86.61,173.56,,161.24,
0974,5,Side,0.8,,118.5,88.69,171.13,,158.29,
0974,6,Side,3.48,,118.95,159.98,169.81,,157.46,
0974,7,Side,10.65,,117.96,159.87,167.94,,149.32,
0974,8,Side,7.23,,112.54,82.47,170.05,,147.78,
0974,9,Side,8.38,,97.39,73.78,169.95,,149.3,
0974,10,Side,12.61,,84.35,74.81,169.47,,147.7,
0974,11,Side,11.66,,81.33,75.22,167.65,,143.38,
0974,12,Side,9.99,,83.18,75.52,169.32,,145.88,
0974,13,Side,10.14,,85.31,74.45,167.37,,143.31,
0974,14,Side,2.87,,95.0,78.93,165.81,,141.2,
0974,15,Side,4.28,,109.31,88.11,173.61,,152.57,
0974,16,Side,2.99,,133.28,93.59,176.51,,160.62,
0974,17,Side,8.81,,132.46,152.18,176.35,,166.12,
0974,18,Side,13.52,,120.71,157.85,174.6,,163.03,
0974,19,Side,15.77,,104.92,159.34,170.9,,158.18,
0974,20,Side,9.31,,96.34,71.76,159.96,,152.73,
0974,21,Side,10.8,,101.47,79.01,163.07,,155.76,
0974,22,Side,10.5,,105.53,79.81,166.0,,162.16,
0974,23,Side,9.07,,115.72,150.95,165.1,,160.47,
0974,24,Side,10.72,,118.57,162.28,167.1,,163.03,
0974,25,Side,12.95,,117.88,169.58,169.45,,164.98,
0974,26,Side,10.17,,99.46,75.42,167.1,,159.54,
0974,27,Side,9.53,,94.22,73.84,167.85,,158.28,
0974,28,Side,5.38,,101.89,72.39,162.76,,149.63,
0974,29,Side,0.77,,106.41,76.97,164.79,,152.54,
0974,30,Side,1.35,,114.49,81.71,165.22,,156.59,
0974,31,Side,2.55,,129.43,87.18,165.06,,159.38,
0974,32,Side,0.69,,126.1,164.16,171.71,,165.15,
0974,33,Side,4.05,,109.71,79.92,171.75,,160.29,
0974,34,Side,4.4,,105.93,74.45,167.3,,152.84,
0974,35,Side,6.55,,102.55,80.96,163.04,,156.59,
0974,36,Side,6.8,,106.42,81.52,169.85,,165.81,
0974,37,Side,5.21,,122.17,88.02,171.03,,167.06,
0974,38,Side,2.19,,123.05,149.46,165.61,,159.08,
0974,39,Side,3.67,,124.02,163.97,168.09,,164.5,
0974,40,Side,4.79,,129.46,86.75,166.24,,158.95,
0974,41,Side,5.17,,108.84,86.74,169.06,,160.0,
0974,42,Side,6.81,,96.05,80.42,165.9,,154.29,
0974,43,Side,8.49,,96.9,83.2,164.86,,146.62,
0974,44,Side,6.72,,104.36,84.81,164.22,,145.83,
0975,1,Side,19.88,18.38,125.13,133.77,175.67,175.04,172.14,171.35
0975,2,Side,22.15,21.07,123.49,149.04,173.52,174.11,169.8,174.19
0975,3,Side,21.24,20.99,127.33,153.43,172.36,174.19,167.52,175.29
0975,4,Side,21.29,21.57,134.86,157.3,173.77,174.11,169.59,175.57
0975,5,Side,20.19,22.21,150.18,162.19,174.51,173.21,170.18,172.09
0975,6,Side,19.29,19.93,157.75,162.26,174.77,173.8,170.05,174.83
0975,7,Side,25.17,22.88,168.11,164.29,175.65,170.01,172.3,172.65
0975,8,Side,26.69,22.36,162.6,159.04,175.54,170.61,174.13,172.1
0975,9,Side,28.1,22.05,161.82,155.47,173.77,170.57,171.72,172.01
0975,10,Side,23.88,23.55,152.38,152.99,173.44,171.57,173.05,173.66
0975,11,Side,24.36,18.77,152.68,142.16,173.38,173.8,173.05,175.06
0975,12,Side,25.32,21.73,142.32,145.62,173.33,175.23,174.51,176.63
0975,13,Side,26.95,20.46,141.81,137.75,173.18,177.47,174.48,177.47
0975,14,Side,24.78,23.26,136.72,151.14,174.44,178.09,172.7,175.61
0975,15,Side,25.32,23.94,128.33,137.84,176.13,178.46,177.09,175.17
0975,16,Side,23.48,22.15,119.78,123.22,178.69,177.69,179.08,172.15
0975,17,Side,23.45,24.68,127.2,145.84,177.8,177.36,176.05,178.78
0975,18,Side,22.96,25.23,134.74,158.37,179.57,176.92,177.3,179.48
0975,19,Side,23.7,21.08,149.9,159.66,179.65,175.24,175.83,179.85
0975,20,Side,20.78,22.49,150.01,164.2,179.71,174.13,178.06,179.77
0975,21,Side,21.37,22.07,154.63,165.02,178.99,171.25,174.83,180.0
0975,22,Side,22.79,25.4,153.55,166.72,178.28,170.06,176.34,177.6
0975,23,Side,23.34,27.79,156.32,164.67,179.98,170.06,176.33,177.63
0975,24,Side,23.98,27.59,152.74,164.05,179.38,172.76,179.18,179.52
0975,25,Side,21.29,27.59,147.39,155.91,178.24,172.74,179.73,179.03
0975,26,Side,22.09,27.51,142.51,159.09,178.98,174.17,179.66,179.41
0975,27,Side,21.0,21.37,135.66,148.24,178.5,172.86,175.74,179.48
0975,28,Side,20.7,23.83,132.78,147.82,177.77,172.36,178.44,176.82
0975,29,Side,20.03,23.75,120.74,160.28,178.31,174.69,178.56,176.53
0975,30,Side,21.97,24.63,121.96,155.73,177.81,176.1,175.75,176.42
0975,31,Side,27.19,23.49,160.49,148.63,178.98,172.91,179.22,177.05
0975,32,Side,20.71,24.41,128.57,163.74,179.47,171.9,179.04,174.41
0975,33,Side,22.13,23.95,152.53,165.4,179.5,174.02,176.63,174.61
0975,34,Side,22.71,25.25,158.25,171.07,178.66,174.7,176.35,174.82
0975,35,Side,22.48,23.29,164.34,165.13,179.35,172.66,176.37,175.19
0975,36,Side,21.75,23.49,163.07,165.37,178.5,172.99,176.24,177.64
0975,37,Side,21.19,23.23,158.64,162.44,179.06,171.3,176.31,176.46
0975,38,Side,19.36,22.0,151.89,159.76,179.55,171.39,174.81,176.5
0975,39,Side,18.11,21.72,148.71,158.54,178.17,173.18,173.77,177.56
0975,40,Side,17.12,20.79,144.82,146.65,177.51,173.2,173.77,177.54
0975,41,Side,19.02,22.5,146.31,161.75,177.67,173.38,173.77,175.09
0975,42,Side,18.41,22.3,139.63,157.3,179.2,174.81,179.09,180.0
0975,43,Side,20.33,21.34,141.93,144.8,179.79,172.86,179.42,174.11
0975,44,Side,21.94,23.57,142.04,150.42,174.56,173.74,171.38,177.03
0976,1,Side,170.7,134.76,121.87,50.84,161.4,157.09,134.24,154.02
0976,2,Side,136.01,126.23,127.37,35.75,165.28,163.24,138.85,139.66
0976,3,Side,50.99,80.06,144.89,5.72,167.0,163.6,145.07,145.98
0976,4,Side,40.06,59.42,154.4,47.6,166.87,170.85,144.45,153.07
0976,5,Side,24.9,44.24,143.52,75.32,165.16,170.38,147.15,171.41
0976,6,Side,15.89,0.38,125.92,125.92,171.23,158.14,150.26,166.12
0976,7,Side,3.16,13.88,120.04,120.04,169.47,155.9,147.86,166.71
0976,8,Side,2.13,20.5,111.4,111.4,166.69,156.68,144.99,166.49
0976,9,Side,8.91,28.51,119.38,119.38,166.13,155.77,143.75,165.39
0976,10,Side,15.26,35.92,134.28,134.28,167.86,155.19,150.33,165.47
0976,11,Side,16.13,36.96,171.44,171.44,165.48,157.59,147.02,161.76
0976,12,Side,20.19,40.43,143.49,143.49,164.54,154.86,143.22,166.75
0976,13,Side,15.54,33.01,119.53,119.53,167.3,153.38,143.25,167.87
0976,14,Side,14.44,34.09,98.59,98.59,160.63,151.99,138.69,169.53
0976,15,Side,7.9,27.27,97.06,97.06,166.17,150.4,143.61,169.54
0976,16,Side,3.51,34.83,94.97,60.2,172.63,166.54,146.03,153.86
0976,17,Side,4.75,33.77,98.91,63.99,170.89,164.11,147.49,155.95
0976,18,Side,9.23,33.02,99.14,69.28,166.48,163.7,147.57,156.22
0976,19,Side,12.2,35.74,108.85,71.14,168.82,165.65,150.43,159.98
0976,20,Side,14.69,41.86,117.21,65.53,164.94,160.27,145.99,159.48
0976,21,Side,10.77,39.96,138.07,67.78,153.46,149.25,141.02,155.77
0976,22,Side,10.74,39.9,138.07,68.66,155.93,150.83,143.06,156.58
0976,23,Side,11.59,39.73,151.34,72.44,156.64,153.24,140.61,154.45
0976,24,Side,12.84,40.42,159.52,73.43,156.18,151.51,139.84,152.01
0976,25,Side,17.65,43.2,156.14,71.69,157.87,155.22,142.0,154.12
0976,26,Side,17.01,44.23,159.48,69.67,154.65,151.39,135.52,148.52
0976,27,Side,17.36,42.39,144.05,69.7,155.5,151.62,139.44,147.04
0976,28,Side,15.46,41.24,146.64,70.53,157.37,154.25,139.2,149.59
0976,29,Side,13.4,48.93,144.56,71.86,156.96,172.12,137.81,172.8
0976,30,Side,11.28,47.96,144.89,72.3,162.76,168.96,141.68,174.66
0976,31,Side,9.12,10.53,143.31,166.93,166.61,170.02,145.99,170.02
0976,32,Side,9.99,9.31,148.01,166.69,164.46,172.12,143.98,169.98
0976,33,Side,11.99,7.4,152.54,164.84,165.61,175.21,144.06,168.65
0976,34,Side,10.83,6.26,148.22,162.44,156.18,175.95,137.51,169.79
0976,35,Side,10.01,4.79,141.12,161.43,149.56,177.19,132.34,163.25
0976,36,Side,9.41,47.74,146.24,70.72,147.73,175.68,137.28,163.71
0976,37,Side,9.81,47.14,147.74,69.5,147.7,175.68,133.29,163.84
0976,38,Side,14.54,48.33,137.41,67.85,154.82,179.71,135.13,165.83
0976,39,Side,14.6,46.6,131.01,67.75,159.79,177.84,139.09,164.74
0976,40,Side,16.5,49.29,120.4,63.67,157.84,177.73,135.91,163.29
0976,41,Side,16.11,51.58,110.77,59.6,164.23,175.86,142.71,162.34
0976,42,Side,11.15,43.94,65.05,54.7,162.7,174.45,136.15,159.72
0976,43,Side,5.5,40.14,66.04,53.88,158.66,175.88,126.01,156.08
0977,1,Side,,14.01,90.66,118.83,,174.59,,150.95
0977,2,Side,,7.98,99.95,134.02,,173.44,,156.84
0977,3,Side,,9.09,104.75,141.98,,168.26,,156.39
0977,4,Side,,3.59,117.92,163.11,,165.97,,156.62
0977,5,Side,,4.83,120.11,158.84,,159.27,,148.04
0977,6,Side,,6.45,147.97,147.97,,146.34,,130.62
0977,7,Side,,7.84,109.08,144.76,,144.56,,123.64
0977,8,Side,,9.27,146.43,146.43,,137.99,,122.46
0977,9,Side,,8.5,162.2,162.2,,144.69,,128.62
0977,10,Side,,12.04,175.29,175.29,,163.44,,141.98
0977,11,Side,,9.95,176.22,176.22,,164.21,,146.6
0977,12,Side,,10.55,171.74,171.74,,168.83,,148.79
0977,13,Side,,7.5,158.6,158.6,,168.21,,149.7
0977,14,Side,,5.94,139.41,139.41,,171.04,,148.41
0977,15,Side,,10.04,87.04,112.29,,171.77,,144.54
0977,16,Side,,5.88,92.15,120.82,,173.55,,148.98
0977,17,Side,,1.4,109.44,144.78,,171.53,,148.76
0977,18,Side,,0.33,120.79,156.69,,165.75,,153.99
0977,19,Side,,0.9,128.09,165.7,,164.63,,151.15
0977,20,Side,,2.86,118.79,153.23,,153.23,,140.29
0977,21,Side,,1.54,113.56,150.13,,143.92,,130.44
0977,22,Side,,6.84,107.38,143.78,,137.06,,126.85
0977,23,Side,,6.6,148.25,148.25,,136.62,,131.01
0977,24,Side,,10.15,159.93,159.93,,138.83,,132.06
0977,25,Side,,10.63,168.45,168.45,,144.89,,137.68
0977,26,Side,,12.41,173.22,173.22,,161.51,,152.49
0977,27,Side,,13.08,168.31,168.31,,173.48,,158.77
0977,28,Side,,16.85,151.08,151.08,,173.03,,156.06
0977,29,Side,,12.42,95.09,128.68,,171.98,,150.42
0977,30,Side,,8.94,91.01,117.75,,176.19,,152.71
0977,31,Side,,9.13,94.91,123.82,,176.13,,161.15
0977,32,Side,,6.03,112.76,145.47,,169.86,,154.97
0977,33,Side,,3.53,120.27,159.31,,169.7,,163.64
0977,34,Side,,2.85,125.19,162.57,,158.38,,149.5
0977,35,Side,,6.92,112.61,147.75,,148.95,,135.49
0977,36,Side,,10.32,106.3,146.15,,142.73,,129.39
0977,37,Side,,8.9,146.68,146.68,,136.59,,126.78
0977,38,Side,,11.42,157.45,157.45,,141.57,,130.08
0977,39,Side,,11.24,173.62,173.62,,145.8,,134.62
0977,40,Side,,18.08,169.64,169.64,,157.18,,145.83
0977,41,Side,,15.57,169.89,169.89,,157.29,,147.4
0977,42,Side,,17.22,157.17,157.17,,166.02,,153.26
0977,43,Side,,15.38,143.63,143.63,,166.43,,148.02
0977,44,Side,,13.16,87.47,121.68,,165.7,,142.41
0977,45,Side,,10.3,90.0,115.09,,176.78,,153.06
0978,1,Side,7.89,,22.54,22.54,178.84,,161.24,
0978,2,Side,7.4,,23.94,103.73,177.73,,163.88,
0978,3,Side,9.58,,70.7,110.62,177.01,,166.86,
0978,4,Side,9.01,,168.98,127.33,174.56,,170.37,
0978,5,Side,7.76,,178.5,178.5,174.38,,172.17,
0978,6,Side,12.0,,179.22,179.22,174.26,,174.28,
0978,7,Side,9.73,,169.23,169.23,177.58,,173.54,
0978,8,Side,9.79,,166.83,166.83,179.12,,172.63,
0978,9,Side,7.31,,162.39,130.34,176.86,,172.38,
0978,10,Side,4.16,,159.36,133.56,172.9,,171.08,
0978,11,Side,9.04,,146.73,131.15,174.29,,168.85,
0978,12,Side,7.59,,147.39,131.22,175.6,,169.79,
0978,13,Side,7.79,,130.78,126.61,178.92,,170.35,
0978,14,Side,8.09,,119.62,127.01,178.58,,168.95,
0978,15,Side,7.57,,123.64,125.29,179.27,,164.51,
0978,16,Side,6.0,,117.39,117.6,179.88,,160.4,
0978,17,Side,7.89,,76.68,110.77,179.58,,162.53,
0978,18,Side,7.23,,110.15,119.5,179.56,,164.93,
0978,19,Side,8.65,,153.58,133.84,175.85,,165.76,
0978,20,Side,9.13,,164.21,135.82,174.25,,167.44,
0978,21,Side,11.63,,167.93,128.37,176.74,,167.96,
0978,22,Side,12.76,,164.74,127.5,176.37,,168.41,
0978,23,Side,5.99,,164.17,127.3,170.98,,163.56,
0978,24,Side,4.61,,163.63,128.32,166.73,,163.98,
0978,25,Side,2.58,,173.37,136.26,163.9,,163.49,
0978,26,Side,12.24,,168.44,130.35,176.87,,169.3,
0978,27,Side,12.71,,163.88,126.8,174.63,,168.19,
0978,28,Side,9.25,,153.23,122.74,176.37,,166.9,
0978,29,Side,8.63,,135.31,117.38,177.11,,163.29,
0978,30,Side,7.12,,104.41,109.63,177.22,,161.91,
0978,31,Side,7.91,,92.34,103.91,175.67,,159.42,
0978,32,Side,6.46,,105.89,108.64,174.19,,165.02,
0978,33,Side,7.07,,140.88,120.98,177.82,,167.53,
0978,34,Side,11.31,,144.43,144.43,177.08,,169.29,
0978,35,Side,10.83,,167.11,167.11,178.6,,170.88,
0978,36,Side,6.11,,179.92,137.62,178.83,,172.25,
0978,37,Side,7.67,,157.6,128.02,178.39,,171.02,
0978,38,Side,6.84,,153.43,127.02,176.8,,169.26,
0978,39,Side,8.52,,157.14,129.03,178.34,,169.75,
0978,40,Side,8.5,,160.28,132.77,178.37,,169.5,
0978,41,Side,7.68,,177.13,132.89,176.81,,168.49,
0978,42,Side,10.75,,154.45,126.78,178.45,,168.02,
0978,43,Side,10.8,,140.94,118.65,176.98,,161.84,
0978,44,Side,9.76,,92.67,104.14,179.41,,160.91,
0979,1,Side,17.08,,96.57,92.73,175.41,,154.7,
0979,2,Side,11.21,,122.53,101.81,177.86,,153.25,
0979,3,Side,13.56,,161.2,122.8,164.02,,169.88,
0979,4,Side,17.05,,165.46,120.03,168.65,,164.45,
0979,5,Side,19.69,,159.92,114.92,173.82,,158.2,
0979,6,Side,19.91,,146.69,113.67,176.38,,155.85,
0979,7,Side,23.14,,129.06,107.36,177.53,,155.02,
0979,8,Side,24.13,,136.02,109.19,179.58,,152.58,
0979,9,Side,26.38,,144.26,108.55,178.67,,157.26,
0979,10,Side,25.65,,147.94,106.05,178.02,,161.27,
0979,11,Side,21.12,,170.44,109.35,176.6,,167.81,
0979,12,Side,22.19,,131.24,103.43,176.05,,156.35,
0979,13,Side,23.54,,85.94,97.16,174.95,,153.19,
0979,14,Side,23.37,,74.85,90.49,175.83,,147.98,
0979,15,Side,19.87,,88.7,92.73,175.15,,144.1,
0979,16,Side,21.04,,109.33,98.91,172.02,,149.95,
0979,17,Side,20.53,,162.58,120.46,160.71,,167.55,
0979,18,Side,20.16,,178.84,128.06,162.32,,164.54,
0979,19,Side,17.58,,172.46,124.74,167.11,,164.7,
0979,20,Side,17.96,,148.22,110.77,171.93,,166.17,
0979,21,Side,16.65,,143.78,115.16,176.97,,162.35,
0979,22,Side,20.66,,140.6,110.35,179.73,,155.5,
0979,23,Side,23.82,,150.54,114.97,172.3,,159.69,
0979,24,Side,25.8,,152.88,116.21,169.8,,166.84,
0979,25,Side,27.81,,145.01,111.3,172.01,,163.53,
0979,26,Side,17.69,,160.89,117.73,176.04,,159.51,
0979,27,Side,19.73,,136.09,108.47,179.54,,146.06,
0979,28,Side,15.47,,81.39,87.5,177.28,,141.37,
0979,29,Side,14.07,,111.62,104.7,179.36,,138.72,
0979,30,Side,9.36,,129.34,114.05,172.3,,161.95,
0979,31,Side,11.75,,138.78,116.41,172.55,,174.27,
0979,32,Side,14.51,,143.73,119.19,172.71,,165.74,
0979,33,Side,11.94,,165.17,126.81,172.63,,168.56,
0979,34,Side,19.44,,131.22,115.32,175.49,,160.78,
0979,35,Side,20.22,,138.29,106.4,176.33,,160.29,
0979,36,Side,19.55,,140.19,107.32,174.49,,165.44,
0979,37,Side,19.59,,140.95,109.15,175.16,,166.31,
0979,38,Side,18.16,,155.24,117.43,174.85,,166.89,
0979,39,Side,21.18,,165.39,116.22,177.95,,167.99,
0979,40,Side,23.71,,150.14,110.76,176.99,,169.33,
0979,41,Side,25.75,,130.09,101.68,178.12,,154.84,
0979,42,Side,22.91,,93.16,94.49,177.99,,151.97,
0979,43,Side,21.8,,71.71,84.14,176.33,,153.09,
0980,1,Side,5.31,,122.53,122.53,179.83,,164.14,
0980,2,Side,3.84,,129.09,129.09,178.97,,168.51,
0980,3,Side,4.56,,135.88,135.88,179.6,,172.44,
0980,4,Side,2.12,,136.27,136.27,172.76,,160.02,
0980,5,Side,2.67,,125.7,125.7,166.14,,142.29,
0980,6,Side,1.84,,130.4,130.4,156.37,,124.15,
0980,7,Side,2.07,,128.69,128.69,152.1,,123.68,
0980,8,Side,2.15,,135.7,135.7,152.68,,128.24,
0980,9,Side,6.56,,138.74,138.74,154.3,,130.68,
0980,10,Side,6.42,,140.4,140.4,147.91,,132.82,
0980,11,Side,9.4,,141.24,141.24,148.48,,140.42,
0980,12,Side,10.49,,141.77,141.77,152.46,,146.84,
0980,13,Side,1.15,,156.93,156.93,157.33,,149.26,
0980,14,Side,0.37,,128.85,128.85,164.14,,151.84,
0980,15,Side,2.9,,120.65,120.65,171.17,,154.57,
0980,16,Side,3.66,,121.89,121.89,172.06,,154.41,
0980,17,Side,2.08,,123.5,123.5,173.61,,158.01,
0980,18,Side,2.5,,130.22,130.22,174.92,,159.42,
0980,19,Side,5.23,,125.36,125.36,174.63,,161.61,
0980,20,Side,4.09,,125.72,125.72,177.32,,166.63,
0980,21,Side,2.42,,124.48,124.48,168.89,,150.55,
0980,22,Side,3.07,,118.71,118.71,163.67,,142.31,
0980,23,Side,6.81,,113.13,113.13,163.43,,140.47,
0980,24,Side,9.36,,116.15,116.15,164.81,,143.47,
0980,25,Side,12.34,,121.44,121.44,164.85,,146.71,
0980,26,Side,14.23,,134.42,134.42,170.84,,157.05,
0980,27,Side,20.79,,139.31,139.31,170.65,,157.46,
0980,28,Side,14.64,,138.0,138.0,174.12,,161.03,
0980,29,Side,10.92,,130.24,130.24,175.45,,163.06,
0980,30,Side,8.15,,124.79,124.79,178.56,,160.04,
0980,31,Side,0.34,,125.96,125.96,177.0,,154.18,
0980,32,Side,3.64,,124.2,124.2,177.76,,155.59,
0980,33,Side,1.45,,125.1,125.1,178.79,,150.33,
0980,34,Side,0.22,,126.55,126.55,176.92,,161.57,
0980,35,Side,2.46,,121.92,121.92,174.19,,164.43,
0980,36,Side,0.75,,127.55,127.55,178.96,,160.4,
0980,37,Side,3.36,,130.17,130.17,176.08,,150.73,
0980,38,Side,2.63,,133.87,133.87,169.11,,143.26,
0980,39,Side,0.66,,141.71,141.71,163.08,,138.44,
0980,40,Side,2.79,,152.45,152.45,156.01,,131.37,
0980,41,Side,6.45,,147.61,147.61,157.47,,140.73,
0980,42,Side,15.2,,139.35,139.35,160.66,,144.72,
0980,43,Side,15.58,,143.49,143.49,164.46,,149.39,
0980,44,Side,18.97,,143.28,143.28,169.16,,155.33,
0980,45,Side,14.73,,138.06,138.06,168.67,,155.47,
0980,46,Side,7.91,,124.08,124.08,173.12,,158.37,
0980,47,Side,5.04,,123.49,123.49,173.76,,150.4,
0980,48,Side,3.57,,122.92,122.92,171.98,,149.56,
0980,49,Side,1.51,,113.77,113.77,173.02,,148.4,
0981,1,Side,23.38,13.93,74.26,115.75,177.76,179.35,172.81,175.72
0981,2,Side,24.15,17.4,90.74,135.0,175.03,179.28,175.6,177.57
0981,3,Side,21.69,18.23,117.23,146.92,178.97,178.06,167.06,171.9
0981,4,Side,21.59,19.95,144.8,158.84,179.32,175.76,168.7,171.38
0981,5,Side,20.29,20.46,157.64,166.48,179.38,176.99,168.7,171.38
0981,6,Side,19.02,22.87,170.99,174.65,179.5,176.99,166.41,172.87
0981,7,Side,19.19,20.57,169.6,165.44,178.03,175.66,168.42,168.16
0981,8,Side,19.29,19.06,163.66,158.57,177.72,173.22,166.99,165.12
0981,9,Side,20.22,17.89,165.51,155.7,177.42,173.08,166.3,161.69
0981,10,Side,18.0,14.95,153.0,144.46,177.19,170.42,165.52,156.89
0981,11,Side,20.18,14.87,143.99,137.82,175.65,170.1,163.03,151.85
0981,12,Side,19.59,15.53,150.53,141.56,174.4,171.44,166.71,154.56
0981,13,Side,18.4,14.48,146.77,139.48,174.56,171.8,169.34,160.16
0981,14,Side,17.79,14.03,143.82,148.95,174.85,170.32,172.33,162.29
0981,15,Side,17.37,12.91,138.45,148.95,173.52,172.91,176.99,165.76
0981,16,Side,15.69,12.11,136.52,154.37,174.81,175.36,178.53,170.82
0981,17,Side,15.75,13.06,139.55,149.65,175.14,175.68,177.34,173.29
0981,18,Side,15.98,12.91,151.5,146.24,175.33,175.84,176.63,172.65
0981,19,Side,16.75,13.55,159.53,130.43,175.52,175.91,175.43,169.88
0981,20,Side,31.25,13.73,164.73,126.35,176.82,176.05,171.47,163.61
0981,21,Side,32.81,11.29,155.45,121.05,178.4,178.57,164.49,160.39
0981,22,Side,31.19,12.08,163.24,124.7,178.35,174.66,166.0,156.8
0981,23,Side,26.62,12.22,174.01,126.43,179.84,173.12,156.31,155.96
0981,24,Side,24.68,12.01,174.51,132.36,177.55,171.55,159.41,152.51
0981,25,Side,24.03,11.21,159.78,136.22,179.74,170.2,160.65,151.67
0981,26,Side,20.33,15.3,143.28,140.61,178.4,166.18,157.63,147.51
0981,27,Side,17.07,11.71,130.75,142.96,179.28,167.45,157.05,150.11
0981,28,Side,18.55,13.42,135.78,148.71,178.96,166.37,157.44,154.78
0981,29,Side,18.24,14.46,140.0,154.37,176.13,168.85,155.39,151.94
0981,30,Side,17.74,13.97,134.33,157.38,175.8,167.72,155.72,155.38
0981,31,Side,18.96,13.04,141.6,157.77,175.95,168.23,157.53,157.76
0981,32,Side,19.37,14.14,150.42,154.24,175.2,170.71,158.26,158.45
0981,33,Side,22.38,13.95,158.63,146.75,176.64,172.91,162.2,158.96
0981,34,Side,22.45,14.04,159.15,137.62,178.3,174.18,164.16,159.58
0981,35,Side,20.21,12.65,99.92,124.12,179.76,177.84,167.68,160.2
0981,36,Side,23.05,12.37,74.45,104.68,178.98,178.57,166.13,162.69
0981,37,Side,22.39,15.16,95.43,129.56,175.58,179.08,165.1,169.56
0981,38,Side,18.69,14.73,148.84,129.85,175.6,175.76,165.4,165.47
0981,39,Side,13.89,14.14,143.4,135.62,177.61,173.34,167.12,164.69
0981,40,Side,19.09,14.77,160.9,139.61,177.87,171.06,168.59,165.71
0981,41,Side,16.24,15.81,159.34,153.21,178.02,164.85,170.29,155.54
0981,42,Side,19.54,15.95,167.47,157.0,175.39,164.53,167.16,153.62
0981,43,Side,24.39,15.95,174.9,160.67,174.07,164.15,164.74,153.8
0981,44,Side,28.86,13.86,174.16,157.73,173.72,168.29,161.88,160.88
0981,45,Side,21.92,13.86,169.16,160.78,172.82,168.19,155.73,160.78
0981,46,Side,24.55,12.67,176.86,164.91,172.38,165.56,154.75,157.95
0981,47,Side,22.38,14.01,167.67,157.53,175.29,168.04,159.01,161.24
0981,48,Side,20.73,14.18,137.49,155.27,175.66,172.67,159.8,163.82
0981,49,Side,18.43,14.61,104.93,137.69,178.42,174.08,163.23,167.26
0981,50,Side,18.38,12.46,72.26,118.56,178.71,177.66,166.81,168.69
0981,51,Side,15.27,16.12,50.98,96.8,178.86,178.59,170.65,172.59
0981,52,Side,18.85,13.88,57.26,114.34,171.99,178.14,170.12,176.61
0982,1,Side,7.56,,93.45,93.45,170.24,,146.68,
0982,2,Side,7.81,,100.22,100.22,172.17,,149.58,
0982,3,Side,7.17,,113.02,113.02,171.54,,151.2,
0982,4,Side,7.36,,120.35,120.35,171.55,,151.57,
0982,5,Side,6.71,,126.32,126.32,172.28,,154.22,
0982,6,Side,3.01,,135.8,135.8,172.15,,156.99,
0982,7,Side,7.15,,142.35,142.35,170.82,,158.33,
0982,8,Side,5.84,,158.7,158.7,175.87,,163.56,
0982,9,Side,4.91,,165.75,165.75,176.26,,163.02,
0982,10,Side,9.03,,160.3,160.3,178.01,,164.37,
0982,11,Side,6.96,,170.7,170.7,179.65,,165.5,
0982,12,Side,6.05,,172.49,172.49,178.8,,164.04,
0982,13,Side,9.08,,165.05,165.05,178.05,,164.04,
0982,14,Side,6.28,,171.11,171.11,177.39,,162.6,
0982,15,Side,5.53,,172.18,172.18,176.7,,162.42,
0982,16,Side,7.63,,163.37,163.37,176.55,,170.71,
0982,17,Side,10.5,,155.64,155.64,177.29,,168.14,
0982,18,Side,7.0,,150.83,150.83,176.18,,165.91,
0982,19,Side,6.98,,140.92,140.92,174.05,,160.94,
0982,20,Side,5.27,,138.39,138.39,173.96,,161.8,
0982,21,Side,4.56,,130.6,130.6,169.16,,153.29,
0982,22,Side,1.96,,122.21,122.21,160.87,,147.12,
0982,23,Side,5.25,,112.61,112.61,167.94,,150.37,
0982,24,Side,0.52,,112.32,112.32,167.05,,149.02,
0982,25,Side,3.47,,104.74,104.74,166.87,,148.47,
0982,26,Side,4.62,,90.3,90.3,162.7,,145.83,
0982,27,Side,2.63,,94.43,94.43,164.52,,144.86,
0982,28,Side,0.64,,91.67,91.67,164.05,,142.33,
0982,29,Side,3.15,,99.12,99.12,165.32,,141.59,
0982,30,Side,3.34,,104.98,104.98,164.01,,140.16,
0982,31,Side,4.05,,115.52,115.52,162.24,,139.05,
0982,32,Side,5.05,,124.29,124.29,163.77,,143.51,
0982,33,Side,8.38,,124.21,124.21,165.12,,146.48,
0982,34,Side,5.32,,145.07,145.07,166.24,,149.71,
0982,35,Side,4.42,,157.73,157.73,167.49,,154.41,
0982,36,Side,3.14,,169.8,169.8,168.35,,157.7,
0982,37,Side,1.28,,174.96,174.96,170.01,,159.27,
0982,38,Side,0.95,,175.6,175.6,169.97,,160.07,
0982,39,Side,5.29,,170.52,170.52,178.24,,165.66,
0982,40,Side,5.43,,169.07,169.07,178.25,,166.24,
0982,41,Side,6.93,,160.99,160.99,179.24,,166.24,
0982,42,Side,6.36,,156.15,156.15,177.48,,164.99,
0982,43,Side,5.55,,145.53,145.53,174.69,,161.09,
0982,44,Side,7.22,,136.74,136.74,173.24,,155.4,
0982,45,Side,6.1,,135.04,135.04,174.0,,154.52,
0982,46,Side,4.4,,132.41,132.41,174.19,,152.95,
0982,47,Side,3.69,,131.65,131.65,163.0,,145.91,
0982,48,Side,3.2,,141.09,141.09,163.65,,146.41,
0982,49,Side,1.7,,144.82,144.82,161.78,,145.49,
0982,50,Side,1.59,,153.75,153.75,162.85,,144.13,
0982,51,Side,1.4,,160.35,160.35,159.95,,139.55,
0982,52,Side,1.22,,164.5,164.5,161.96,,144.36,
0982,53,Side,6.62,,170.68,170.68,160.97,,140.86,
0982,54,Side,11.81,,163.83,163.83,164.35,,142.63,
0982,55,Side,16.84,,170.62,170.62,167.96,,144.43,
0982,56,Side,17.33,,173.11,173.11,166.74,,144.54,
0982,57,Side,14.74,,173.8,173.8,167.5,,149.38,
0982,58,Side,14.43,,174.28,174.28,173.97,,154.32,
0982,59,Side,12.53,,175.24,175.24,170.69,,149.57,
0982,60,Side,10.12,,176.22,176.22,171.61,,152.78,
0982,61,Side,11.83,,161.75,161.75,176.27,,156.91,
0982,62,Side,10.14,,149.06,149.06,170.16,,149.18,
0982,63,Side,9.16,,119.5,119.5,169.05,,143.58,
0982,64,Side,10.27,,96.48,96.48,169.29,,143.95,
0982,65,Side,8.4,,83.42,83.42,169.72,,141.85,
0982,66,Side,11.44,,73.43,73.43,168.36,,131.26,
0982,67,Side,11.98,,80.75,80.75,166.2,,135.04,
0982,68,Side,11.34,,88.04,88.04,168.54,,133.91,
0982,69,Side,8.32,,108.49,108.49,169.31,,137.52,
0982,70,Side,6.5,,131.63,131.63,172.21,,138.9,
0982,71,Side,7.95,,138.23,138.23,171.94,,141.33,
0982,72,Side,8.29,,143.84,143.84,172.6,,144.36,
0982,73,Side,9.17,,155.84,155.84,174.08,,150.22,
0982,74,Side,9.93,,161.47,161.47,175.95,,160.13,
0982,75,Side,7.92,,170.01,170.01,179.56,,163.2,
0982,76,Side,7.77,,173.64,173.64,179.29,,166.53,
0982,77,Side,6.99,,173.09,173.09,178.7,,165.45,
0982,78,Side,6.56,,165.7,165.7,178.39,,165.46,
0982,79,Side,9.64,,153.99,153.99,176.41,,160.6,
0982,80,Side,6.18,,150.46,150.46,178.48,,164.28,
0982,81,Side,4.58,,150.42,150.42,178.61,,162.18,
0982,82,Side,3.14,,142.7,142.7,177.71,,160.03,
0982,83,Side,3.8,,138.33,138.33,176.91,,158.7,
0982,84,Side,3.09,,137.98,137.98,173.29,,153.85,
0982,85,Side,0.0,,145.3,145.3,173.16,,153.36,
0982,86,Side,4.08,,148.19,148.19,173.74,,152.21,
0982,87,Side,5.04,,150.33,150.33,173.02,,153.58,
0982,88,Side,5.19,,159.74,159.74,172.03,,150.84,
0982,89,Side,2.84,,168.1,168.1,167.52,,150.08,
0982,90,Side,6.86,,161.7,161.7,164.89,,147.17,
0982,91,Side,9.39,,160.89,160.89,163.33,,146.39,
0982,92,Side,10.06,,164.56,164.56,164.29,,149.04,
0982,93,Side,7.92,,165.46,165.46,165.31,,149.26,
0982,94,Side,8.86,,162.11,162.11,165.45,,150.09,
0982,95,Side,5.96,,167.83,167.83,166.47,,150.59,
0982,96,Side,5.56,,164.74,164.74,166.54,,147.68,
0982,97,Side,8.11,,155.86,155.86,166.47,,147.26,
0982,98,Side,11.31,,138.22,138.22,169.88,,149.89,
0982,99,Side,8.34,,93.81,93.81,171.38,,147.2,
0982,100,Side,11.31,,65.89,65.89,171.74,,149.54,
0982,101,Side,9.7,,64.99,64.99,174.32,,149.48,
0982,102,Side,9.46,,76.3,76.3,170.69,,143.59,
0982,103,Side,2.88,,68.24,68.24,164.33,,136.22,
0983,1,Front/Back,155.96,122.36,179.99,122.02,155.97,153.94,,
0983,2,Front/Back,156.16,124.14,180.0,115.63,156.16,155.72,,
0983,3,Front/Back,156.16,135.56,180.0,120.93,156.16,157.63,,
0983,4,Front/Back,156.38,170.66,180.0,168.72,156.38,170.66,,
0983,5,Front/Back,154.5,179.99,180.0,180.0,154.5,179.99,,
0983,6,Front/Back,152.73,180.0,180.0,180.0,152.73,180.0,,
0983,7,Front/Back,180.0,180.0,180.0,180.0,169.26,180.0,,
0983,8,Front/Back,180.0,180.0,180.0,180.0,164.27,180.0,,
0983,9,Front/Back,180.0,172.19,180.0,180.0,160.5,172.19,,
0983,10,Front/Back,180.0,146.43,136.88,162.95,157.1,163.48,,
0983,11,Front/Back,180.0,135.05,136.67,150.98,157.1,164.07,,
0983,12,Front/Back,180.0,130.56,137.55,149.54,154.33,161.02,,
0983,13,Front/Back,180.0,129.38,139.54,148.36,151.8,161.02,,
0983,14,Front/Back,180.0,123.75,138.35,144.92,147.3,158.83,,
0983,15,Front/Back,180.0,125.14,150.61,130.39,147.3,158.83,,
0983,16,Front/Back,163.53,118.79,156.78,121.91,161.55,156.85,,
0983,17,Front/Back,163.53,131.06,149.16,136.3,163.53,158.83,,
0983,18,Front/Back,170.51,165.73,144.06,180.0,170.51,165.73,,
0983,19,Front/Back,176.74,170.03,137.3,180.0,176.74,170.03,,
0983,20,Front/Back,180.0,170.03,139.92,180.0,180.0,170.03,,
0983,21,Front/Back,163.92,162.11,146.56,180.0,163.92,162.11,,
0983,22,Front/Back,180.0,180.0,146.33,180.0,180.0,180.0,,
0983,23,Front/Back,180.0,180.0,149.3,180.0,180.0,180.0,,
0983,24,Front/Back,180.0,164.73,142.62,180.0,180.0,164.73,,
0983,25,Front/Back,180.0,163.48,140.68,180.0,180.0,163.48,,
0983,26,Front/Back,174.7,161.02,143.14,180.0,174.7,161.02,,
0983,27,Front/Back,169.5,166.36,145.75,180.0,169.5,166.36,,
0983,28,Front/Back,169.96,165.15,142.66,175.12,169.96,170.03,,
0983,29,Front/Back,166.17,174.51,142.66,180.0,166.17,174.51,,
0983,30,Front/Back,166.57,160.02,142.27,160.02,166.57,156.96,,
0983,31,Front/Back,163.92,150.74,141.75,150.74,163.91,156.93,,
0983,32,Front/Back,163.53,152.22,137.3,152.22,163.53,163.74,,
0983,33,Front/Back,163.92,180.0,136.46,180.0,163.92,163.91,,
0983,34,Front/Back,166.57,180.0,136.88,180.0,166.57,180.0,,
0983,35,Front/Back,167.04,180.0,135.17,180.0,167.04,180.0,,
0983,36,Front/Back,180.0,180.0,136.67,180.0,180.0,180.0,,
0983,37,Front/Back,180.0,180.0,136.63,180.0,180.0,180.0,,
0983,38,Front/Back,180.0,180.0,141.75,180.0,180.0,180.0,,
0983,39,Front/Back,180.0,180.0,147.06,180.0,180.0,180.0,,
0983,40,Front/Back,180.0,180.0,153.91,180.0,180.0,180.0,,
0983,41,Front/Back,180.0,180.0,165.93,180.0,180.0,180.0,,
0983,42,Front/Back,180.0,144.63,158.87,155.43,180.0,169.19,,
0983,43,Front/Back,180.0,156.18,168.13,168.36,177.71,167.83,,
0983,44,Front/Back,179.98,179.98,179.98,179.97,179.98,179.98,,
0984,1,Front/Back,169.69,180.0,141.59,180.0,165.75,180.0,128.89,144.17
0984,2,Front/Back,169.69,180.0,149.03,180.0,162.6,180.0,127.51,150.24
0984,3,Front/Back,180.0,180.0,180.0,180.0,159.86,180.0,123.06,160.64
0984,4,Front/Back,180.0,180.0,179.98,180.0,162.6,154.55,125.79,154.55
0984,5,Front/Back,180.0,180.0,180.0,180.0,165.84,156.82,130.81,156.82
0984,6,Front/Back,180.0,180.0,180.0,180.0,165.98,180.0,132.75,180.0
0984,7,Front/Back,180.0,180.0,180.0,180.0,143.35,156.82,142.31,156.82
0984,8,Front/Back,180.0,180.0,179.98,180.0,162.72,154.72,125.91,154.72
0984,9,Front/Back,180.0,180.0,159.68,180.0,166.18,180.0,126.04,148.07
0984,10,Front/Back,179.99,180.0,159.33,147.62,166.18,180.0,122.91,142.38
0984,11,Front/Back,179.99,180.0,151.89,180.0,170.55,180.0,125.77,137.42
0984,12,Front/Back,146.68,152.64,146.68,152.64,180.0,180.0,143.12,146.08
0984,13,Front/Back,146.81,152.64,147.98,152.64,178.83,180.0,144.89,146.06
0984,14,Front/Back,139.26,156.36,150.92,156.36,168.35,180.0,146.76,146.06
0984,15,Front/Back,139.32,161.57,150.92,161.57,168.41,180.0,141.42,144.25
0984,16,Front/Back,175.41,180.0,175.41,180.0,180.0,152.45,144.89,136.55
0984,17,Front/Back,159.77,156.36,159.77,156.36,157.54,152.32,135.55,136.42
0984,18,Front/Back,111.17,160.74,139.81,160.74,134.07,152.32,162.72,136.42
0984,19,Front/Back,162.22,180.0,162.22,180.0,162.72,152.32,143.68,150.45
0984,20,Front/Back,162.21,180.0,162.22,179.98,165.97,169.93,165.98,158.63
0984,21,Front/Back,168.07,160.08,168.07,160.09,180.0,179.99,155.38,157.53
0984,22,Front/Back,166.82,180.0,147.55,151.99,160.11,180.0,149.59,164.07
0984,23,Front/Back,142.74,156.35,104.83,134.41,159.86,179.99,135.32,160.64
0984,24,Front/Back,138.08,167.56,106.13,167.56,165.72,180.0,130.61,150.15
0984,25,Front/Back,180.0,180.0,151.11,163.48,180.0,180.0,143.14,148.04
0984,26,Front/Back,137.73,169.06,154.16,169.06,163.58,180.0,136.67,144.17
0984,27,Front/Back,169.69,180.0,169.67,180.0,180.0,180.0,138.19,148.04
0984,28,Front/Back,140.66,154.74,157.09,166.41,141.02,168.33,138.43,152.42
0984,29,Front/Back,147.98,166.41,147.98,166.41,149.49,152.22,149.49,152.22
0984,30,Front/Back,154.94,168.9,154.94,180.0,153.17,154.21,153.17,165.3
0984,31,Front/Back,168.35,168.33,180.0,180.0,168.35,157.95,158.02,169.62
0984,32,Front/Back,179.98,179.98,179.97,179.97,179.98,179.98,179.98,179.98
0984,33,Front/Back,144.31,180.0,160.58,137.11,153.65,165.53,169.93,165.52
0984,34,Front/Back,163.33,176.85,171.35,137.11,158.46,176.85,154.56,160.55
0984,35,Front/Back,165.65,180.0,166.82,143.99,178.83,180.0,146.74,154.83
0984,36,Front/Back,161.32,180.0,132.44,151.99,179.99,180.0,143.12,150.15
0984,37,Front/Back,163.3,179.98,142.64,144.43,180.0,179.99,141.42,146.06
0985,1,Front/Back,142.98,138.33,147.98,123.01,142.98,157.9,161.51,148.06
0985,2,Front/Back,116.66,171.8,123.17,137.11,138.27,171.8,161.51,148.06
0985,3,Front/Back,117.1,180.0,136.64,133.74,140.56,180.0,158.13,143.43
0985,4,Front/Back,109.81,145.59,149.25,140.27,140.56,145.59,161.15,149.79
0985,5,Front/Back,137.89,180.0,156.55,135.05,161.35,180.0,160.87,151.56
0985,6,Front/Back,124.1,171.34,144.78,135.23,159.33,171.34,164.4,155.45
0985,7,Front/Back,142.17,180.0,155.25,152.61,166.91,180.0,168.97,162.66
0985,8,Front/Back,179.97,179.97,179.96,179.97,179.98,179.97,179.97,179.97
0985,9,Front/Back,180.0,180.0,180.0,170.26,165.55,169.4,165.55,169.4
0985,10,Front/Back,180.0,179.99,180.0,142.05,157.71,179.99,157.71,165.86
0985,11,Front/Back,153.07,180.0,180.0,132.05,153.07,180.0,180.0,157.72
0985,12,Front/Back,148.65,180.0,180.0,127.08,148.65,180.0,180.0,148.06
0985,13,Front/Back,180.0,180.0,144.91,128.0,156.37,180.0,145.83,148.05
0985,14,Front/Back,171.62,180.0,147.49,127.66,145.54,180.0,138.32,139.25
0985,15,Front/Back,159.33,180.0,149.17,129.39,138.05,180.0,136.59,136.71
0985,16,Front/Back,159.89,132.89,138.96,109.53,121.35,161.22,141.46,136.67
0985,17,Front/Back,153.94,131.99,139.09,117.66,112.19,160.32,138.24,135.46
0985,18,Front/Back,180.0,131.04,166.61,110.63,136.71,160.59,136.71,135.46
0985,19,Front/Back,180.0,164.95,156.19,134.56,135.35,173.02,135.35,135.46
0985,20,Front/Back,180.0,173.0,156.19,152.6,133.9,168.62,133.9,143.66
0985,21,Front/Back,180.0,180.0,180.0,140.56,132.65,158.55,132.65,133.94
0985,22,Front/Back,180.0,180.0,180.0,151.04,132.65,180.0,132.65,146.5
0985,23,Front/Back,180.0,180.0,180.0,145.99,143.47,155.31,143.47,132.94
0985,24,Front/Back,180.0,180.0,180.0,145.99,145.24,167.95,142.44,139.46
0985,25,Front/Back,180.0,139.12,180.0,109.64,145.06,164.53,134.05,144.92
0985,26,Front/Back,180.0,129.7,180.0,103.33,143.16,159.87,132.62,144.96
0985,27,Front/Back,180.0,154.37,180.0,125.1,141.77,154.38,130.76,136.78
0985,28,Front/Back,180.0,138.07,160.29,132.0,139.96,138.07,130.04,140.61
0985,29,Front/Back,138.42,135.16,164.41,131.29,138.42,135.16,170.08,139.3
0985,30,Front/Back,133.34,134.36,156.19,131.29,133.34,134.36,180.0,140.65
0985,31,Front/Back,115.7,128.56,152.39,128.63,129.93,128.56,155.74,133.04
0985,32,Front/Back,135.26,134.84,164.05,133.69,135.26,134.84,161.51,135.46
0985,33,Front/Back,139.74,138.24,160.09,123.71,139.74,138.24,180.0,139.37
0985,34,Front/Back,145.29,144.72,160.09,130.39,145.29,144.72,180.0,140.81
0985,35,Front/Back,152.57,180.0,180.0,130.3,152.57,175.6,180.0,145.57
0985,36,Front/Back,157.72,180.0,169.22,137.53,157.72,166.89,180.0,141.08
0985,37,Front/Back,156.04,180.0,155.85,137.06,156.04,180.0,180.0,143.92
0985,38,Front/Back,180.0,180.0,159.41,143.94,144.92,180.0,144.92,143.92
0985,39,Front/Back,180.0,166.51,154.61,141.58,150.77,173.02,150.77,148.41
0985,40,Front/Back,180.0,135.04,150.25,136.33,146.77,151.61,146.77,146.67
0985,41,Front/Back,180.0,105.81,132.99,116.86,146.77,142.2,127.64,145.13
0985,42,Front/Back,141.34,139.72,128.17,134.11,141.34,139.72,150.59,136.78
0985,43,Front/Back,140.21,140.84,130.53,136.31,140.21,140.84,150.8,135.53
0985,44,Front/Back,137.86,139.64,146.8,136.31,137.86,139.64,138.11,133.2
0986,1,Front/Back,139.42,130.22,132.63,110.13,171.7,156.46,138.5,132.94
0986,2,Front/Back,150.92,155.43,134.19,116.92,168.76,168.42,128.85,125.21
0986,3,Front/Back,154.43,153.92,133.88,120.27,163.48,163.27,127.07,122.49
0986,4,Front/Back,168.09,132.12,163.34,118.61,159.49,144.91,126.62,122.87
0986,5,Front/Back,180.0,159.87,180.0,140.23,156.14,156.23,127.74,122.52
0986,6,Front/Back,180.0,169.03,180.0,161.75,153.18,146.19,128.08,126.87
0986,7,Front/Back,180.0,180.0,180.0,180.0,155.87,156.23,133.19,127.59
0986,8,Front/Back,171.67,140.69,163.13,152.58,162.87,147.57,140.62,130.82
0986,9,Front/Back,171.67,142.25,158.92,153.92,162.87,151.55,145.45,134.59
0986,10,Front/Back,173.94,139.71,164.68,153.92,179.99,153.94,166.26,153.95
0986,11,Front/Back,179.98,179.98,179.98,179.98,179.98,179.98,179.98,179.98
0986,12,Front/Back,171.66,141.22,153.71,132.49,179.99,165.77,140.26,147.89
0986,13,Front/Back,163.7,145.25,130.22,126.16,179.99,168.1,138.12,143.25
0986,14,Front/Back,163.71,143.79,127.02,115.63,180.0,159.81,133.87,127.17
0986,15,Front/Back,163.1,176.77,145.11,130.16,163.1,164.93,131.71,123.25
0986,16,Front/Back,138.56,180.0,126.94,124.18,161.14,168.22,128.62,119.71
0986,17,Front/Back,130.94,171.29,130.79,127.72,163.1,171.28,131.02,133.86
0986,18,Front/Back,135.74,143.76,150.71,115.92,165.03,168.32,133.18,136.25
0986,19,Front/Back,133.68,131.45,150.58,115.82,163.1,161.87,142.55,140.29
0986,20,Front/Back,131.92,145.85,150.53,134.23,161.39,165.98,145.03,151.36
0986,21,Front/Back,148.43,135.83,153.67,136.14,163.52,158.37,138.07,155.26
0986,22,Front/Back,143.35,132.31,153.72,134.29,169.63,158.37,153.02,157.44
0986,23,Front/Back,151.54,129.2,161.91,137.61,169.63,158.38,156.92,157.45
0986,24,Front/Back,154.17,129.2,167.45,144.65,166.72,158.38,160.02,162.58
0986,25,Front/Back,154.17,126.26,167.45,148.0,166.72,158.26,162.58,162.58
0986,26,Front/Back,151.78,123.34,167.45,146.67,164.33,156.67,170.3,152.9
0986,27,Front/Back,136.81,122.04,154.87,126.06,161.94,155.37,158.74,147.66
0986,28,Front/Back,125.34,123.46,148.73,122.74,156.61,154.15,149.88,143.26
0986,29,Front/Back,122.46,120.92,151.64,113.5,150.82,152.87,144.41,139.22
0986,30,Front/Back,156.01,124.02,168.09,109.45,156.01,151.65,138.5,134.51
0986,31,Front/Back,156.19,153.75,161.67,123.43,156.19,153.75,126.08,131.47
0986,32,Front/Back,170.77,125.15,163.9,100.8,170.77,159.74,129.63,134.74
0986,33,Front/Back,161.94,112.73,167.45,103.36,161.94,150.86,133.51,135.74
0986,34,Front/Back,180.0,121.0,167.45,115.33,180.0,152.99,136.6,157.91
0986,35,Front/Back,164.94,143.5,168.95,139.45,175.99,159.85,139.95,160.36
0986,36,Front/Back,164.94,165.45,149.27,162.36,175.99,141.78,145.03,142.44
0986,37,Front/Back,159.59,168.32,155.61,162.36,159.59,147.78,151.26,145.25
0986,38,Front/Back,172.96,168.32,180.0,164.8,172.96,151.59,153.37,153.24
0986,39,Front/Back,169.63,132.31,168.41,133.31,169.63,141.66,157.31,163.26
0986,40,Front/Back,167.29,165.77,168.41,161.66,167.29,165.78,159.55,169.97
0986,41,Front/Back,156.52,136.09,148.66,137.63,167.57,148.29,162.05,168.16
0986,42,Front/Back,153.22,129.53,159.11,126.32,165.14,155.61,156.12,169.97
0986,43,Front/Back,164.33,134.62,154.25,124.59,164.33,155.48,150.66,162.84
0986,44,Front/Back,162.26,151.66,147.04,132.67,162.26,156.89,148.31,155.69
0986,45,Front/Back,161.94,156.77,151.61,129.34,161.94,156.77,143.98,152.27
0986,46,Front/Back,141.46,155.37,138.11,127.09,153.38,155.37,140.49,150.46
0987,1,Side,19.29,23.84,144.83,138.32,177.4,175.56,174.91,172.58
0987,2,Side,17.89,20.52,151.7,142.7,176.96,175.56,169.42,170.16
0987,3,Side,20.48,20.52,163.26,152.05,176.96,177.46,173.04,174.97
0987,4,Side,20.48,20.84,166.55,157.21,178.81,174.38,177.61,173.0
0987,5,Side,23.02,17.6,176.6,159.54,178.78,176.35,180.0,178.23
0987,6,Side,23.02,14.72,180.0,161.66,178.78,178.31,177.8,176.96
0987,7,Side,23.52,12.84,176.63,159.15,175.55,176.82,178.21,178.23
0987,8,Side,22.53,12.32,173.42,160.18,175.61,176.82,178.15,178.23
0987,9,Side,20.87,14.25,174.81,162.11,175.59,176.69,178.03,177.81
0987,10,Side,18.87,14.56,175.36,170.08,178.88,176.69,180.0,177.81
0987,11,Side,19.31,13.38,177.66,174.19,177.8,178.45,180.0,176.97
0987,12,Side,17.07,12.95,174.14,168.69,178.92,179.88,175.07,176.74
0987,13,Side,18.94,15.04,171.73,162.53,177.56,178.29,177.14,176.8
0987,14,Side,17.8,14.23,168.69,153.59,177.46,173.16,176.99,176.09
0987,15,Side,19.11,12.72,162.81,146.15,177.4,176.81,176.82,176.65
0987,16,Side,18.62,11.78,153.93,137.7,174.45,179.83,178.29,178.14
0987,17,Side,19.15,13.84,158.2,142.77,172.9,179.96,176.99,178.68
0987,18,Side,18.43,13.84,162.06,142.77,172.92,179.96,176.82,178.68
0987,19,Side,18.97,13.71,166.77,156.16,172.73,179.61,176.63,178.42
0987,20,Side,18.97,14.92,166.77,166.59,172.63,179.61,176.53,176.26
0987,21,Side,18.19,14.92,169.08,168.75,173.88,179.61,176.42,176.26
0987,22,Side,20.29,14.92,174.12,166.14,173.88,179.61,176.42,176.05
0987,23,Side,16.86,14.48,167.08,165.7,171.54,178.82,176.31,172.87
0987,24,Side,16.45,16.75,168.49,166.54,171.54,178.02,176.31,178.35
0987,25,Side,16.86,16.17,170.29,165.96,171.54,179.22,176.31,177.75
0987,26,Side,15.75,16.17,167.08,163.55,174.56,177.18,178.61,172.04
0987,27,Side,16.18,17.01,169.33,162.78,176.35,177.64,176.99,173.15
0987,28,Side,17.51,16.09,168.5,158.88,177.56,179.16,180.0,179.57
0987,29,Side,18.65,14.69,171.49,151.52,177.61,178.8,180.0,178.96
0987,30,Side,23.23,13.55,179.67,160.28,179.02,177.69,175.82,179.2
0987,31,Side,21.43,13.97,178.18,156.87,178.9,177.56,175.73,178.09
0987,32,Side,18.65,13.55,170.74,139.12,176.73,179.87,177.88,175.54
0987,33,Side,18.65,13.42,173.23,141.84,176.73,179.46,175.15,170.58
0987,34,Side,15.45,14.58,165.74,149.8,173.31,176.03,172.87,172.92
0987,35,Side,13.43,14.48,165.7,152.22,176.77,175.08,175.6,169.7
0987,36,Side,12.2,14.38,160.81,157.48,179.95,174.51,177.71,173.79
0987,37,Side,16.26,12.74,176.28,149.14,177.88,174.01,177.88,174.46
0987,38,Side,16.26,12.83,176.28,151.56,177.88,174.94,177.88,175.51
0987,39,Side,17.74,14.03,176.29,153.73,178.32,179.02,175.14,176.14
0987,40,Side,18.35,15.46,176.93,158.15,175.39,178.23,173.27,176.39
0987,41,Side,20.31,15.16,173.9,157.76,173.74,178.76,171.38,176.7
0987,42,Side,20.31,18.65,173.9,161.14,175.41,173.97,173.27,176.77
0987,43,Side,18.64,17.23,177.93,159.28,172.96,177.24,173.35,178.14
0987,44,Side,19.22,17.23,178.54,157.85,172.85,175.93,170.41,178.5
0987,45,Side,19.29,17.06,170.99,160.85,171.64,176.22,170.6,178.62
0987,46,Side,19.29,11.26,168.06,145.03,173.42,169.23,175.49,166.11
0987,47,Side,16.42,14.86,152.05,147.63,175.77,176.51,172.96,178.98
0987,48,Side,20.54,14.86,163.26,139.71,178.75,176.38,167.74,173.7
0987,49,Side,18.43,16.21,167.47,133.56,180.0,179.37,174.81,174.29
0988,1,Side,18.77,11.49,141.19,124.42,178.27,179.8,162.57,179.93
0988,2,Side,18.02,12.74,144.53,130.49,179.83,175.28,165.46,169.39
0988,3,Side,19.81,11.3,148.74,134.64,179.37,177.32,165.85,171.03
0988,4,Side,19.69,12.1,153.97,144.46,178.04,176.26,169.98,170.15
0988,5,Side,19.58,12.17,157.2,151.45,178.05,179.27,170.07,172.87
0988,6,Side,20.75,12.76,161.8,159.27,177.03,179.13,172.75,170.54
0988,7,Side,22.83,12.74,163.51,155.02,177.11,179.77,172.67,174.13
0988,8,Side,23.43,13.07,160.16,151.39,177.0,179.79,172.67,174.13
0988,9,Side,24.17,14.21,158.04,149.87,176.69,179.84,172.75,173.92
0988,10,Side,27.25,14.57,166.54,145.49,176.64,179.1,172.75,172.87
0988,11,Side,28.82,12.77,169.06,138.31,174.47,178.24,179.69,172.69
0988,12,Side,26.62,13.1,164.74,138.61,173.51,178.21,178.9,168.69
0988,13,Side,25.35,11.31,162.34,138.18,173.63,178.18,178.9,168.58
0988,14,Side,21.93,11.31,158.01,137.15,176.69,176.19,177.09,173.1
0988,15,Side,24.55,11.31,164.15,143.13,176.8,176.12,175.58,172.29
0988,16,Side,18.25,11.31,154.29,146.31,177.16,176.12,173.09,171.99
0988,17,Side,24.55,11.68,162.41,146.26,177.58,174.11,173.04,174.67
0988,18,Side,21.93,11.7,153.43,146.26,177.41,174.05,173.0,175.24
0988,19,Side,24.68,11.72,155.37,143.09,177.47,173.98,175.35,177.07
0988,20,Side,25.94,14.42,155.14,150.42,177.37,173.89,175.35,176.97
0988,21,Side,25.85,15.5,155.14,157.84,177.47,173.89,176.82,178.47
0988,22,Side,25.79,15.48,151.97,152.9,177.37,173.87,175.31,175.86
0988,23,Side,25.35,14.47,147.73,146.29,178.41,174.9,172.67,175.41
0988,24,Side,24.58,14.93,151.29,141.32,177.58,174.81,172.67,176.45
0988,25,Side,24.69,14.93,145.8,137.21,178.62,174.9,169.98,175.89
0988,26,Side,22.51,17.33,142.23,129.69,178.86,173.8,168.35,175.64
0988,27,Side,24.58,14.61,149.56,133.64,179.8,175.85,168.78,177.5
0988,28,Side,26.09,12.71,156.08,140.35,179.69,175.92,169.02,177.8
0988,29,Side,25.88,11.17,158.84,139.76,179.9,176.91,170.57,177.8
0988,30,Side,27.26,10.82,164.46,146.48,177.67,176.84,177.62,178.15
0988,31,Side,28.05,13.83,166.71,151.38,175.84,179.78,179.59,176.35
0988,32,Side,27.5,12.59,167.2,147.97,175.84,176.03,178.72,177.8
0988,33,Side,24.46,13.24,157.89,143.84,177.22,175.16,175.76,177.54
0988,34,Side,27.39,12.28,158.56,136.85,177.14,176.21,174.2,177.07
0988,35,Side,24.46,9.35,145.74,133.9,176.11,176.3,176.88,176.78
0988,36,Side,23.19,12.62,141.72,132.6,179.07,177.24,177.1,174.02
0988,37,Side,23.21,12.62,125.67,117.58,179.39,179.05,175.16,168.31
0989,1,Front/Back,101.36,141.75,124.23,141.41,137.97,141.75,129.65,135.42
0989,2,Front/Back,95.33,156.95,107.59,139.52,136.68,156.95,129.65,138.93
0989,3,Front/Back,94.43,156.95,125.15,133.0,137.97,156.95,138.18,140.88
0989,4,Front/Back,104.89,154.85,132.71,138.15,140.87,154.85,138.18,147.83
0989,5,Front/Back,111.95,154.83,149.69,134.49,142.25,154.85,141.97,153.3
0989,6,Front/Back,137.57,134.08,117.53,138.37,165.59,144.15,148.36,150.13
0989,7,Front/Back,156.37,132.24,156.19,138.82,169.82,161.01,150.91,149.98
0989,8,Front/Back,179.98,138.99,169.63,154.28,167.29,164.69,155.8,152.37
0989,9,Front/Back,179.98,152.27,169.63,163.43,179.99,168.82,168.5,155.48
0989,10,Front/Back,179.98,179.98,179.97,179.97,179.98,179.98,179.98,179.98
0989,11,Front/Back,150.76,180.0,124.8,138.65,169.82,180.0,180.0,155.22
0989,12,Front/Back,138.2,179.98,117.67,134.34,162.65,179.99,163.48,144.92
0989,13,Front/Back,129.37,152.27,112.57,119.87,157.39,168.82,153.52,142.69
0989,14,Front/Back,112.71,164.15,103.31,131.04,153.36,164.17,138.1,147.34
0989,15,Front/Back,101.01,160.21,93.71,124.78,147.88,160.2,131.25,147.33
0989,16,Front/Back,89.17,157.54,100.77,124.78,139.69,144.57,128.08,125.82
0989,17,Front/Back,105.1,155.62,103.78,129.17,142.73,152.34,136.28,137.38
0989,18,Front/Back,109.82,160.58,96.41,132.78,147.44,157.3,136.28,139.42
0989,19,Front/Back,117.82,180.0,112.61,137.29,152.87,175.85,138.07,140.66
0989,20,Front/Back,123.59,180.0,106.14,140.83,159.57,180.0,138.07,136.79
0989,21,Front/Back,136.57,180.0,111.45,142.52,169.82,180.0,138.07,138.67
0989,22,Front/Back,126.67,180.0,120.2,141.63,162.65,180.0,141.89,142.69
0989,23,Front/Back,130.0,180.0,123.35,138.65,165.98,153.48,141.97,147.27
0989,24,Front/Back,132.73,180.0,122.93,141.05,165.98,142.42,148.36,142.42
0989,25,Front/Back,135.68,180.0,125.88,145.52,141.51,144.89,143.44,144.89
0989,26,Front/Back,138.53,180.0,129.12,145.52,150.79,147.53,148.3,147.53
0989,27,Front/Back,118.92,180.0,113.62,132.42,145.53,156.98,136.31,143.4
0989,28,Front/Back,107.7,180.0,106.42,128.95,153.1,180.0,141.89,140.63
0989,29,Front/Back,125.75,152.74,115.23,125.99,159.86,152.74,140.04,129.94
0989,30,Front/Back,116.01,153.12,97.62,129.54,154.54,153.12,139.96,131.75
0989,31,Front/Back,107.0,149.09,93.85,123.55,152.39,149.09,132.97,138.78
0989,32,Front/Back,109.3,166.06,91.34,120.37,152.52,166.06,136.52,142.69
0989,33,Front/Back,90.17,179.99,97.71,120.61,147.02,175.84,138.31,138.63
0989,34,Front/Back,110.55,150.83,100.32,128.15,156.73,150.83,140.17,140.74
0989,35,Front/Back,109.81,145.79,121.68,134.93,154.32,145.79,142.1,144.83
0989,36,Front/Back,121.71,147.78,128.57,138.65,159.33,147.78,141.97,158.07
0989,37,Front/Back,117.98,152.4,138.65,145.52,159.33,152.4,150.64,166.42
0989,38,Front/Back,123.91,180.0,138.65,145.52,165.27,150.37,143.91,128.48
0989,39,Front/Back,127.31,180.0,138.86,154.01,160.96,150.37,155.01,132.17
0989,40,Front/Back,136.53,180.0,106.13,161.59,169.38,144.89,159.32,126.69
0989,41,Front/Back,157.84,180.0,116.37,180.0,175.69,166.61,158.79,131.69
0989,42,Front/Back,132.74,170.08,114.23,151.66,150.79,176.72,144.64,139.65
0989,43,Front/Back,126.04,180.0,105.97,150.96,142.45,153.53,136.01,125.59
0989,44,Front/Back,128.62,180.0,95.63,129.17,143.27,153.53,130.56,123.0
0989,45,Front/Back,107.18,180.0,85.64,124.71,128.89,153.53,123.88,120.59
0989,46,Front/Back,109.76,163.73,97.19,123.24,155.16,159.33,136.28,145.2
0990,1,Front/Back,113.71,100.12,129.86,139.05,140.71,141.07,144.06,135.38
0990,2,Front/Back,108.46,100.59,141.42,130.4,138.63,139.09,142.03,138.74
0990,3,Front/Back,114.85,102.37,135.2,142.26,144.21,140.11,150.85,137.3
0990,4,Front/Back,113.48,105.12,141.78,143.97,140.73,141.15,163.41,142.37
0990,5,Front/Back,131.15,108.68,143.26,147.68,145.17,141.0,180.0,148.37
0990,6,Front/Back,112.12,103.81,150.34,144.87,141.78,138.94,180.0,155.66
0990,7,Front/Back,113.72,105.63,154.06,146.69,139.66,138.94,180.0,160.5
0990,8,Front/Back,110.14,105.62,151.51,147.68,138.63,137.94,180.0,169.29
0990,9,Front/Back,105.7,107.57,148.08,149.63,137.63,137.94,180.0,180.0
0990,10,Front/Back,105.59,106.59,145.93,149.63,139.66,136.96,180.0,180.0
0990,11,Front/Back,100.96,116.82,141.28,143.15,139.68,153.68,180.0,180.0
0990,12,Front/Back,91.64,95.12,135.0,139.05,136.64,136.07,168.42,177.09
0990,13,Front/Back,90.03,91.2,133.39,136.08,136.64,135.12,156.23,152.29
0990,14,Front/Back,90.81,93.24,135.15,139.05,135.66,134.19,153.36,138.74
0990,15,Front/Back,90.81,102.53,135.15,143.34,135.66,139.19,150.73,130.77
0990,16,Front/Back,92.8,98.01,119.16,139.92,135.66,138.09,141.95,122.49
0990,17,Front/Back,113.48,97.24,124.62,138.23,140.73,139.01,143.98,135.21
0990,18,Front/Back,106.76,90.52,120.78,135.52,139.78,135.0,144.06,138.42
0990,19,Front/Back,94.54,90.66,135.85,134.66,138.7,136.0,148.44,141.85
0990,20,Front/Back,116.74,94.5,150.37,137.54,146.36,136.96,150.85,141.85
0990,21,Front/Back,122.02,99.3,154.4,136.08,147.62,143.22,151.01,140.17
0990,22,Front/Back,121.94,87.85,155.58,129.66,146.36,138.19,159.58,140.27
0990,23,Front/Back,118.05,103.76,152.85,131.0,145.19,137.52,168.42,130.5
0990,24,Front/Back,114.41,104.95,150.37,133.79,144.03,151.15,179.99,149.84
0990,25,Front/Back,128.79,105.07,150.37,135.24,158.42,149.83,180.0,157.24
0990,26,Front/Back,105.59,115.43,134.97,141.59,139.65,153.84,180.0,164.11
0990,27,Front/Back,111.18,104.91,122.35,135.24,149.18,149.66,179.99,154.56
0990,28,Front/Back,120.89,106.24,116.67,135.24,150.52,150.99,159.42,147.74
0990,29,Front/Back,123.37,115.87,114.47,144.87,150.52,150.99,150.76,143.84
0990,30,Front/Back,156.02,119.07,136.84,132.47,162.24,152.38,143.98,138.59
0990,31,Front/Back,128.29,106.96,160.71,122.04,147.59,142.06,141.95,137.11
0990,32,Front/Back,126.23,108.56,158.64,147.68,147.59,140.88,138.24,132.49
0990,33,Front/Back,102.01,97.7,141.28,140.83,140.73,136.87,133.01,128.2
0990,34,Front/Back,98.34,90.46,137.61,136.42,140.73,134.03,146.1,140.62
0990,35,Front/Back,93.87,92.8,134.21,137.84,139.66,134.96,143.95,121.77
0990,36,Front/Back,107.79,107.49,123.02,148.61,140.71,138.88,128.13,120.77
0990,37,Front/Back,108.86,94.75,136.11,140.62,141.78,134.12,134.7,131.03
0990,38,Front/Back,118.41,99.97,138.47,143.97,144.01,136.0,144.06,138.74
0990,39,Front/Back,121.35,102.72,157.34,145.76,144.01,136.96,153.46,147.9
0990,40,Front/Back,132.38,125.04,164.78,149.66,147.6,155.36,163.41,157.44
0990,41,Front/Back,132.38,136.46,164.78,155.56,147.6,139.29,180.0,142.86
0990,42,Front/Back,171.23,147.93,180.0,162.78,160.68,149.91,169.45,164.76
0990,43,Front/Back,179.98,127.48,179.99,146.53,169.44,126.75,169.45,149.92
0990,44,Front/Back,179.98,179.98,179.97,179.97,179.98,179.98,179.97,179.97
0990,45,Front/Back,158.2,159.32,158.21,136.29,179.99,170.91,180.0,152.52
0990,46,Front/Back,150.2,158.67,156.87,151.33,150.2,167.4,180.0,145.9
0990,47,Front/Back,113.43,164.9,122.96,140.21,155.03,176.49,159.46,138.93
0990,48,Front/Back,110.88,121.9,118.69,146.69,153.36,155.21,148.33,132.68
0990,49,Front/Back,104.23,111.76,129.52,138.23,149.09,153.53,139.99,128.39
0990,50,Front/Back,92.44,111.88,117.29,139.8,134.72,142.09,134.6,123.19
0991,1,Front/Back,180.0,151.63,180.0,161.06,174.17,154.05,,
0991,2,Front/Back,180.0,164.6,180.0,174.03,167.1,154.05,,
0991,3,Front/Back,180.0,150.1,180.0,159.54,150.49,154.05,,
0991,4,Front/Back,180.0,122.27,180.0,146.13,150.52,156.14,,
0991,5,Front/Back,171.21,140.86,171.21,150.53,148.61,155.93,,
0991,6,Front/Back,180.0,174.03,180.0,174.03,146.41,153.18,,
0991,7,Front/Back,180.0,180.0,180.0,143.4,148.61,150.27,,
0991,8,Front/Back,178.32,180.0,178.32,159.9,148.86,147.8,,
0991,9,Front/Back,174.15,175.62,174.15,180.0,151.22,151.3,,
0991,10,Front/Back,171.05,170.08,171.05,180.0,151.22,145.77,,
0991,11,Front/Back,180.0,166.67,180.0,162.6,154.11,166.67,,
0991,12,Front/Back,180.0,135.92,180.0,155.84,159.41,160.07,,
0991,13,Front/Back,180.0,167.42,180.0,158.41,150.61,150.16,,
0991,14,Front/Back,180.0,158.54,180.0,138.32,150.61,150.51,,
0991,15,Front/Back,180.0,153.41,180.0,135.67,168.35,146.29,,
0991,16,Front/Back,180.0,121.6,180.0,119.06,156.28,134.91,,
0991,17,Front/Back,180.0,128.69,180.0,109.36,150.52,142.21,,
0991,18,Front/Back,180.0,128.81,180.0,117.46,153.03,130.34,,
0991,19,Front/Back,180.0,135.83,180.0,127.11,153.03,123.91,,
0991,20,Front/Back,180.0,137.13,180.0,157.06,146.22,126.06,,
0991,21,Front/Back,132.82,124.85,164.37,161.06,148.46,143.79,,
0991,22,Front/Back,137.93,115.56,168.12,150.6,149.81,144.96,,
0991,23,Front/Back,170.69,123.6,180.0,146.19,144.18,148.92,,
0991,24,Front/Back,179.99,167.03,155.76,155.67,156.27,167.03,,
0991,25,Front/Back,180.0,163.46,180.0,137.96,153.12,140.37,,
0991,26,Front/Back,180.0,110.86,156.54,109.87,175.25,125.86,,
0991,27,Front/Back,180.0,147.36,150.35,131.74,162.78,140.88,,
0991,28,Front/Back,160.42,137.97,180.0,159.54,160.42,158.43,,
0991,29,Front/Back,152.86,132.94,180.0,159.54,152.86,153.4,,
0991,30,Front/Back,156.4,107.72,180.0,144.48,156.4,143.25,,
0991,31,Front/Back,144.14,111.6,180.0,148.99,144.14,142.61,,
0991,32,Front/Back,127.01,109.37,161.46,147.01,145.56,142.36,,
0991,33,Front/Back,131.15,138.24,161.21,139.77,149.93,136.61,,
0991,34,Front/Back,179.99,134.91,162.68,153.82,162.56,136.65,,
0991,35,Front/Back,179.99,171.12,160.19,162.6,163.49,171.12,,
0991,36,Front/Back,179.98,179.98,179.98,179.98,179.98,179.98,,
0991,37,Front/Back,180.0,124.49,180.0,116.71,171.08,135.91,,
0992,1,Front/Back,147.74,180.0,121.65,120.49,142.35,151.77,130.0,105.75
0992,2,Front/Back,180.0,180.0,144.27,121.53,142.1,143.46,123.72,106.84
0992,3,Front/Back,180.0,180.0,141.67,132.52,150.37,141.62,147.09,107.03
0992,4,Front/Back,180.0,180.0,144.27,144.09,148.19,145.39,134.56,113.26
0992,5,Front/Back,180.0,180.0,140.94,145.14,143.95,151.98,125.26,117.39
0992,6,Front/Back,175.75,180.0,175.75,137.06,154.32,160.29,140.94,125.6
0992,7,Front/Back,134.49,159.85,158.6,138.84,155.88,148.23,167.04,147.47
0992,8,Front/Back,129.82,180.0,159.07,140.78,150.75,168.37,180.0,151.23
0992,9,Front/Back,155.87,159.96,179.99,140.49,144.94,148.17,169.06,156.67
0992,10,Front/Back,162.08,163.58,180.0,153.58,162.08,147.18,166.37,152.07
0992,11,Front/Back,162.36,180.0,180.0,157.04,162.36,180.0,161.32,150.34
0992,12,Front/Back,162.36,178.83,180.0,142.9,162.36,178.83,157.19,145.56
0992,13,Front/Back,162.08,180.0,180.0,138.41,162.08,160.11,157.19,123.25
0992,14,Front/Back,180.0,180.0,180.0,129.36,152.17,160.11,148.89,125.43
0992,15,Front/Back,169.19,180.0,145.76,134.72,154.32,160.29,154.32,125.57
0992,16,Front/Back,163.19,171.52,137.11,118.76,151.98,168.37,151.98,131.48
0992,17,Front/Back,180.0,168.9,161.58,118.16,168.37,149.19,156.86,125.57
0992,18,Front/Back,160.06,163.93,146.83,122.48,132.04,138.4,151.98,127.31
0992,19,Front/Back,168.52,180.0,157.41,120.25,130.26,136.6,141.74,112.27
0992,20,Front/Back,180.0,180.0,154.07,126.8,138.26,141.62,138.26,120.59
0992,21,Front/Back,180.0,168.41,180.0,134.29,147.92,138.09,147.92,128.65
0992,22,Front/Back,173.34,164.7,180.0,144.21,157.94,160.53,145.92,130.71
0992,23,Front/Back,167.16,180.0,180.0,155.21,155.81,180.0,155.69,150.18
0992,24,Front/Back,163.19,180.0,159.32,161.9,160.68,163.72,177.48,163.71
0992,25,Front/Back,159.59,180.0,167.37,158.24,157.08,177.49,177.48,177.49
0992,26,Front/Back,179.98,179.98,179.97,179.97,179.98,179.98,179.98,179.98
0992,27,Front/Back,180.0,168.59,180.0,142.9,160.53,166.08,160.53,177.48
0992,28,Front/Back,180.0,180.0,159.86,134.72,164.6,151.77,164.6,151.76
0992,29,Front/Back,180.0,180.0,180.0,140.78,149.68,163.93,149.68,136.67
0992,30,Front/Back,180.0,180.0,179.99,141.36,157.2,160.11,125.39,121.18
0992,31,Front/Back,180.0,158.08,162.19,115.99,154.46,154.32,132.77,115.39
0992,32,Front/Back,173.34,168.59,145.28,125.61,157.56,152.52,138.89,127.07
0992,33,Front/Back,144.67,152.36,138.97,124.56,148.47,132.64,142.77,119.37
0992,34,Front/Back,159.2,149.96,135.54,130.3,159.2,149.96,145.9,133.56
0992,35,Front/Back,140.22,149.41,160.61,136.42,159.59,149.41,145.9,131.83
0992,36,Front/Back,124.54,168.9,150.75,137.06,153.79,168.9,149.04,135.34
0992,37,Front/Back,147.51,180.0,159.74,150.91,167.77,180.0,143.4,133.64
0992,38,Front/Back,165.24,180.0,165.24,166.04,180.0,168.37,145.53,133.93
0992,39,Front/Back,153.93,180.0,166.16,157.04,167.77,176.83,151.07,147.17
0992,40,Front/Back,150.69,151.66,154.86,148.55,164.48,149.21,157.14,169.06
0992,41,Front/Back,180.0,148.47,180.0,138.29,157.04,144.46,157.04,160.53
0992,42,Front/Back,160.62,168.59,160.63,150.58,168.36,152.81,168.37,164.21
0992,43,Front/Back,169.19,180.0,169.19,140.78,180.0,157.41,169.59,136.51
0992,44,Front/Back,180.0,180.0,157.41,140.49,156.92,157.2,139.58,124.91
0992,45,Front/Back,180.0,180.0,180.0,134.29,151.77,151.98,129.59,119.85
0992,46,Front/Back,155.61,180.0,143.84,123.33,149.48,147.71,120.25,113.11
0992,47,Front/Back,159.07,180.0,134.37,126.73,147.41,141.89,105.42,103.4
0993,1,Side,,6.87,13.14,13.14,,171.18,,154.91
0993,2,Side,,7.35,9.95,9.95,,173.0,,156.91
0993,3,Side,,5.36,2.63,2.63,,173.77,,160.24
0993,4,Side,,4.13,3.27,3.27,,176.62,,163.23
0993,5,Side,,2.43,1.59,1.59,,175.92,,161.58
0993,6,Side,,2.35,3.18,3.18,,179.44,,164.44
0993,7,Side,,2.91,22.27,22.27,,176.54,,161.23
0993,8,Side,,2.91,40.27,40.27,,175.54,,160.5
0993,9,Side,,2.28,74.46,74.46,,173.52,,158.45
0993,10,Side,,0.77,82.87,82.87,,171.31,,155.19
0993,11,Side,,2.65,52.99,108.77,,170.17,,154.25
0993,12,Side,,0.87,65.77,125.54,,169.14,,152.18
0993,13,Side,,0.88,68.2,130.6,,168.94,,152.53
0993,14,Side,,0.9,73.3,142.43,,168.95,,152.53
0993,15,Side,,0.74,75.17,142.87,,166.15,,153.47
0993,16,Side,,0.88,74.48,146.31,,165.88,,152.98
0993,17,Side,,0.0,160.71,160.71,,169.11,,156.59
0993,18,Side,,0.0,171.47,171.47,,171.25,,159.53
0993,19,Side,,1.51,178.78,178.78,,173.66,,162.35
0993,20,Side,,4.29,175.76,175.76,,174.71,,164.41
0993,21,Side,,5.19,169.14,169.14,,176.64,,166.55
0993,22,Side,,6.01,167.57,167.57,,175.76,,165.46
0993,23,Side,,6.34,161.32,161.32,,175.68,,165.19
0993,24,Side,,8.62,160.31,160.31,,175.68,,163.96
0993,25,Side,,5.77,128.53,128.53,,173.75,,162.56
0993,26,Side,,7.13,90.78,90.78,,175.6,,163.43
0993,27,Side,,8.63,63.92,63.92,,173.57,,161.64
0993,28,Side,,6.08,30.32,30.32,,171.8,,159.64
0993,29,Side,,6.13,27.05,27.05,,171.28,,160.24
0993,30,Side,,5.18,10.4,10.4,,170.27,,158.2
0993,31,Side,,0.97,12.66,12.66,,170.39,,157.32
0993,32,Side,,3.19,5.05,5.05,,170.61,,159.22
0993,33,Side,,2.7,22.28,22.28,,172.4,,161.23
0993,34,Side,,2.29,63.71,63.71,,173.08,,162.37
0993,35,Side,,2.85,97.7,97.7,,172.34,,165.46
0993,36,Side,,0.49,50.88,103.69,,173.02,,165.64
0993,37,Side,,0.25,52.86,98.16,,171.2,,163.45
0993,38,Side,,0.81,57.72,104.04,,170.77,,161.08
0993,39,Side,,2.3,66.05,115.21,,170.46,,158.5
0993,40,Side,,2.38,70.87,119.56,,169.2,,155.96
0993,41,Side,,0.11,65.29,115.06,,165.98,,151.5
0994,1,Front/Back,122.2,106.81,139.42,134.75,147.74,114.58,136.08,108.97
0994,2,Front/Back,130.44,116.49,143.9,139.45,131.03,130.54,133.9,109.77
0994,3,Front/Back,158.48,107.37,169.43,136.13,158.48,139.69,158.05,124.66
0994,4,Front/Back,161.53,134.63,179.99,158.91,161.54,135.96,166.87,124.07
0994,5,Front/Back,170.35,156.22,180.0,137.75,153.72,146.61,163.37,110.43
0994,6,Front/Back,165.25,153.93,180.0,128.99,165.25,153.06,180.0,115.08
0994,7,Front/Back,165.64,138.95,180.0,136.88,165.64,155.71,180.0,134.01
0994,8,Front/Back,165.64,137.69,180.0,140.97,165.64,158.25,180.0,136.22
0994,9,Front/Back,170.35,134.47,180.0,156.2,170.35,158.25,150.38,138.57
0994,10,Front/Back,149.63,117.37,173.32,141.66,156.3,155.71,150.7,141.08
0994,11,Front/Back,138.75,144.03,164.78,144.03,153.97,175.96,147.78,142.42
0994,12,Front/Back,153.7,102.41,175.05,136.13,158.65,141.77,131.62,175.48
0994,13,Front/Back,123.36,99.02,144.71,132.73,158.65,133.86,131.34,167.56
0994,14,Front/Back,93.62,100.9,129.23,133.08,144.39,127.19,147.13,159.36
0994,15,Front/Back,157.37,112.17,157.38,138.25,163.94,130.2,119.68,142.75
0994,16,Front/Back,179.99,146.14,179.99,146.14,160.39,153.51,116.12,120.35
0994,17,Front/Back,177.38,137.69,179.99,148.38,167.21,145.56,127.45,120.07
0994,18,Front/Back,180.0,137.63,180.0,148.83,180.0,137.51,137.63,129.53
0994,19,Front/Back,161.57,146.56,161.57,146.57,180.0,148.7,142.27,135.18
0994,20,Front/Back,153.82,146.57,153.82,146.57,180.0,151.03,144.79,151.03
0994,21,Front/Back,153.29,148.38,153.29,148.38,180.0,159.34,147.48,159.32
0994,22,Front/Back,156.78,148.83,156.78,148.83,180.0,159.48,154.36,140.23
0994,23,Front/Back,160.87,149.33,160.87,149.34,179.99,159.47,151.62,135.93
0994,24,Front/Back,136.41,147.62,160.31,147.62,156.1,153.54,151.63,129.99
0994,25,Front/Back,132.13,146.14,160.31,146.14,151.82,148.92,140.54,135.39
0994,26,Front/Back,108.28,136.09,146.45,146.14,141.83,146.24,141.95,132.74
0994,27,Front/Back,110.84,113.3,152.53,127.44,138.31,128.58,133.05,124.11
0994,28,Front/Back,106.33,129.89,149.47,125.89,136.87,126.58,131.02,121.75
0994,29,Front/Back,104.92,125.84,149.47,125.89,135.46,122.65,127.15,121.66
0994,30,Front/Back,105.47,129.35,147.34,130.86,138.13,129.87,130.98,125.3
0994,31,Front/Back,121.45,115.28,146.96,144.01,137.67,151.25,127.97,146.41
0994,32,Front/Back,121.45,117.39,146.96,146.13,137.67,151.25,136.75,156.39
0994,33,Front/Back,179.98,179.98,179.97,179.97,179.98,179.98,179.98,179.98
0994,34,Front/Back,120.9,168.17,144.34,168.15,156.55,153.63,179.99,153.61
0994,35,Front/Back,157.37,163.97,157.38,163.96,179.99,151.11,159.45,151.1
0994,36,Front/Back,127.27,155.76,145.16,137.29,162.11,156.38,154.92,154.79
0994,37,Front/Back,127.2,155.76,144.71,126.04,162.49,159.37,154.92,145.74
0994,38,Front/Back,124.59,150.38,144.71,120.66,159.88,156.28,148.66,142.66
0994,39,Front/Back,109.98,127.21,137.68,121.22,152.31,150.22,156.88,135.87
0994,40,Front/Back,107.46,126.87,139.55,120.87,147.91,158.48,150.15,134.15
0994,41,Front/Back,103.43,99.22,137.33,115.86,146.11,148.11,147.26,141.03
0994,42,Front/Back,101.48,93.8,115.91,129.53,141.15,140.23,145.08,148.65
0994,43,Front/Back,116.56,100.52,119.78,105.28,142.74,142.62,145.08,146.46
0995,1,Side,19.48,20.66,95.18,81.87,179.6,176.21,,
0995,2,Side,17.24,15.78,90.85,81.43,177.11,175.84,,
0995,3,Side,15.02,12.36,90.36,79.28,177.8,176.56,,
0995,4,Side,12.98,11.16,108.28,104.54,178.07,178.93,,
0995,5,Side,11.49,10.73,124.04,120.7,178.13,176.49,,
0995,6,Side,13.0,10.93,127.47,123.16,179.52,177.61,,
0995,7,Side,11.8,11.01,118.9,119.03,179.69,177.75,,
0995,8,Side,12.97,9.94,117.11,110.27,179.69,179.91,,
0995,9,Side,13.07,10.96,110.08,107.06,179.4,178.43,,
0995,10,Side,14.24,12.6,105.35,102.62,179.4,178.93,,
0995,11,Side,14.01,12.94,101.5,89.51,179.14,177.85,,
0995,12,Side,12.64,12.5,86.42,76.09,176.62,179.7,,
0995,13,Side,12.42,13.3,86.78,78.5,176.17,179.73,,
0995,14,Side,12.85,13.19,98.93,92.63,176.95,177.73,,
0995,15,Side,13.91,8.95,122.73,109.25,178.28,176.35,,
0995,16,Side,12.94,9.62,132.93,119.01,178.39,178.68,,
0995,17,Side,12.09,10.38,133.15,120.92,178.91,179.89,,
0995,18,Side,11.94,10.95,139.18,114.49,177.87,178.63,,
0995,19,Side,12.58,11.05,137.79,111.12,177.3,179.27,,
0995,20,Side,12.43,10.72,134.54,101.7,176.68,178.66,,
0995,21,Side,12.24,9.88,126.13,105.18,176.58,179.11,,
0995,22,Side,11.57,12.03,117.17,106.74,177.72,179.5,,
0995,23,Side,13.29,11.48,109.11,85.46,177.69,179.21,,
0995,24,Side,13.59,12.53,110.59,74.75,175.19,179.26,,
0995,25,Side,12.89,10.74,109.58,86.25,175.62,178.12,,
0995,26,Side,12.29,6.52,117.94,92.39,176.53,179.12,,
0995,27,Side,10.17,8.1,126.85,113.81,175.62,177.75,,
0995,28,Side,10.18,6.41,135.7,127.71,176.41,176.04,,
0995,29,Side,11.25,6.34,132.36,128.1,176.87,178.06,,
0995,30,Side,13.43,8.6,138.39,127.85,175.45,179.78,,
0995,31,Side,14.1,11.13,143.85,130.14,176.17,176.81,,
0995,32,Side,14.66,11.14,138.41,122.26,177.36,179.55,,
0995,33,Side,13.83,11.46,128.87,115.63,177.25,178.8,,
0995,34,Side,15.54,9.74,122.47,100.21,177.99,179.28,,
0995,35,Side,14.57,14.37,108.38,95.55,179.61,177.32,,
0996,1,Side,19.63,19.08,87.92,97.61,171.55,173.11,169.86,169.41
0996,2,Side,18.34,17.72,97.79,119.74,171.58,178.02,169.9,171.82
0996,3,Side,14.44,19.96,106.2,141.71,172.62,177.41,166.84,171.66
0996,4,Side,13.72,19.01,113.62,146.55,172.99,179.76,166.21,172.18
0996,5,Side,12.97,21.15,122.09,153.84,175.16,177.96,170.27,171.87
0996,6,Side,14.15,22.29,136.87,161.1,175.31,176.69,169.0,173.14
0996,7,Side,13.48,20.69,128.52,154.18,175.99,178.81,165.53,171.17
0996,8,Side,13.67,19.57,123.69,145.05,177.04,178.9,165.57,170.96
0996,9,Side,16.35,23.76,121.78,140.07,175.99,178.73,166.76,172.13
0996,10,Side,14.14,29.08,119.41,127.02,175.99,176.63,166.76,177.14
0996,11,Side,15.5,29.74,100.49,60.26,174.99,176.82,166.76,176.99
0996,12,Side,16.04,23.41,114.62,116.22,176.05,175.68,166.37,175.49
0996,13,Side,15.7,24.05,125.65,134.43,175.99,177.76,164.74,171.67
0996,14,Side,17.17,19.96,128.54,138.68,174.81,179.17,169.7,169.32
0996,15,Side,16.92,22.51,133.06,158.53,173.72,177.87,169.28,166.27
0996,16,Side,13.48,23.16,137.6,164.99,176.25,178.08,170.54,166.57
0996,17,Side,15.73,23.62,131.03,161.46,175.1,178.91,171.16,167.31
0996,18,Side,15.54,24.81,123.97,161.57,177.18,179.77,173.99,172.36
0996,19,Side,16.92,21.45,121.77,139.4,179.3,179.83,177.97,172.31
0996,20,Side,17.73,22.19,113.5,149.04,174.02,178.49,171.19,173.36
0996,21,Side,16.61,20.87,108.11,147.05,171.72,177.49,170.71,175.86
0996,22,Side,17.84,26.27,111.12,156.8,172.87,176.68,169.38,174.46
0996,23,Side,17.43,25.79,119.74,150.21,172.78,174.38,171.77,173.0
0996,24,Side,16.71,26.3,134.37,157.9,174.27,175.52,169.41,170.21
0996,25,Side,13.59,26.64,132.34,168.38,172.66,173.35,169.17,173.48
0996,26,Side,13.69,26.72,139.34,164.84,172.56,174.66,167.59,170.86
0996,27,Side,13.38,27.94,131.54,152.19,174.47,172.61,168.69,170.54
0996,28,Side,13.66,27.26,123.59,155.14,175.6,173.92,170.82,168.34
0996,29,Side,13.11,24.94,114.37,152.82,177.65,173.94,172.33,169.21
0996,30,Side,12.46,24.23,97.85,156.5,178.97,173.94,173.27,169.21
0996,31,Side,13.76,21.45,89.82,156.45,179.94,174.81,174.41,173.29
0996,32,Side,14.04,21.98,97.89,130.09,178.97,174.7,173.51,170.83
0996,33,Side,13.37,25.82,115.11,137.05,177.04,172.61,171.52,171.87
0996,34,Side,11.76,23.65,116.57,143.36,173.95,174.6,170.27,170.72
0996,35,Side,13.67,23.05,124.53,143.91,175.44,174.58,166.83,175.3
0996,36,Side,13.84,22.35,133.13,144.75,171.42,176.66,167.94,177.14
0996,37,Side,14.67,20.05,120.68,146.02,170.18,176.11,172.02,174.78
0996,38,Side,15.17,19.31,104.66,138.16,170.92,178.46,170.46,175.15
0997,1,Side,26.49,28.87,160.17,174.29,175.31,176.58,172.06,172.96
0997,2,Side,27.96,27.68,172.54,173.13,177.05,175.76,174.38,173.07
0997,3,Side,26.96,27.49,175.76,172.87,178.99,177.48,174.5,175.47
0997,4,Side,27.73,27.75,178.06,176.85,178.91,175.86,176.33,174.77
0997,5,Side,27.52,27.82,178.92,174.58,179.85,176.6,176.32,177.08
0997,6,Side,27.26,27.22,176.68,172.66,179.23,176.49,175.28,177.21
0997,7,Side,28.24,26.52,179.83,174.42,179.06,175.73,175.14,176.36
0997,8,Side,26.78,25.18,179.77,177.83,179.09,176.55,175.03,177.15
0997,9,Side,26.08,23.01,177.65,170.99,179.12,176.58,175.14,177.15
0997,10,Side,25.46,20.76,173.72,170.48,175.8,176.56,173.19,175.64
0997,11,Side,24.77,18.92,173.37,166.36,175.88,175.86,172.83,175.57
0997,12,Side,26.06,21.78,172.1,163.84,177.52,175.79,173.72,175.09
0997,13,Side,26.06,22.75,167.33,160.44,179.14,177.47,174.61,179.18
0997,14,Side,26.75,23.7,162.71,153.43,179.97,178.29,176.19,179.16
0997,15,Side,29.63,28.5,165.59,161.21,180.0,179.14,177.32,177.95
0997,16,Side,28.74,30.47,157.83,153.2,180.0,178.12,174.05,177.04
0997,17,Side,26.57,29.2,161.57,162.08,179.16,178.32,174.64,177.12
0997,18,Side,25.2,28.5,163.57,169.02,179.17,179.17,177.1,179.17
0997,19,Side,23.5,27.45,165.75,173.54,179.24,177.48,179.2,177.12
0997,20,Side,22.13,26.81,166.43,178.3,179.31,177.52,179.02,177.14
0997,21,Side,19.75,25.54,161.58,179.07,179.93,178.35,177.14,177.97
0997,22,Side,22.94,25.54,168.38,178.11,179.95,178.33,177.09,177.92
0997,23,Side,23.5,26.16,167.8,177.8,179.96,178.29,177.11,177.9
0997,24,Side,23.5,26.16,166.59,175.02,179.31,178.35,178.63,179.24
0997,25,Side,23.52,26.8,162.26,173.44,179.33,177.58,178.63,176.97
0997,26,Side,24.84,27.22,162.14,173.53,179.91,179.23,176.4,177.72
0997,27,Side,25.46,28.61,159.57,174.92,179.9,178.43,176.4,175.49
0997,28,Side,25.46,28.61,156.2,172.23,179.9,178.43,176.4,177.13
0997,29,Side,25.46,29.79,154.37,172.82,179.9,179.34,176.4,177.1
0997,30,Side,26.11,27.07,153.08,164.72,179.89,179.34,172.47,177.07
0997,31,Side,27.02,30.59,148.89,170.32,178.99,179.32,175.23,177.04
0997,32,Side,24.68,28.45,157.94,171.48,178.43,179.86,177.48,177.89
0997,33,Side,24.11,24.96,158.2,170.33,179.38,179.83,177.13,177.95
0997,34,Side,22.07,22.3,161.47,167.17,178.49,179.84,177.22,174.87
0997,35,Side,22.5,22.14,169.1,169.34,179.12,179.84,173.93,174.99
0997,36,Side,20.57,19.81,170.3,169.3,178.26,178.24,174.05,175.71
0997,37,Side,20.07,20.92,166.81,170.84,177.46,179.83,174.73,174.89
0997,38,Side,21.1,22.33,166.81,173.72,176.03,179.87,177.72,174.75
0997,39,Side,21.1,24.33,164.17,175.73,176.03,179.87,177.6,174.5
0997,40,Side,21.65,25.0,163.28,176.12,175.97,179.89,178.64,176.81
0997,41,Side,22.2,24.33,160.7,172.93,175.95,179.9,178.56,176.8
0997,42,Side,22.23,25.0,158.96,172.18,175.91,179.91,178.7,176.79
0997,43,Side,23.44,23.09,158.23,165.81,175.88,179.92,178.62,176.78
0997,44,Side,24.1,25.04,156.78,168.34,175.85,179.93,177.31,176.71
0998,1,Front/Back,109.0,99.86,103.54,100.55,143.45,141.28,131.5,145.9
0998,2,Front/Back,115.6,101.3,110.41,101.99,146.97,141.28,135.44,145.53
0998,3,Front/Back,120.85,111.02,118.89,108.73,149.52,142.58,137.62,132.26
0998,4,Front/Back,154.97,105.74,144.71,108.38,154.97,140.17,153.67,128.46
0998,5,Front/Back,139.35,120.22,140.64,119.76,162.65,142.42,167.19,140.69
0998,6,Front/Back,141.59,156.99,156.7,139.46,164.89,156.99,180.0,180.0
0998,7,Front/Back,141.45,153.48,156.7,156.94,164.75,153.48,180.0,180.0
0998,8,Front/Back,140.55,153.48,155.8,156.94,164.75,153.48,180.0,180.0
0998,9,Front/Back,145.04,155.17,160.29,150.57,164.75,155.17,180.0,180.0
0998,10,Front/Back,150.84,153.48,166.09,151.54,164.75,153.48,180.0,167.04
0998,11,Front/Back,180.0,151.89,180.0,151.54,166.72,151.89,166.72,162.07
0998,12,Front/Back,171.44,131.24,179.99,133.85,171.44,148.93,179.99,180.0
0998,13,Front/Back,140.78,111.53,136.59,119.67,156.54,142.43,161.39,179.99
0998,14,Front/Back,127.11,106.29,121.31,136.19,153.36,140.09,161.39,166.61
0998,15,Front/Back,119.9,117.9,115.61,126.8,151.85,148.04,153.52,161.13
0998,16,Front/Back,127.26,132.47,114.86,132.81,150.56,154.67,147.41,157.03
0998,17,Front/Back,124.62,91.34,111.86,108.24,153.36,142.4,127.41,126.37
0998,18,Front/Back,154.83,86.6,137.52,104.87,156.54,141.04,129.33,147.69
0998,19,Front/Back,160.19,114.88,141.79,126.68,160.19,152.44,131.3,150.54
0998,20,Front/Back,158.47,148.04,140.53,130.37,158.47,159.62,139.9,153.67
0998,21,Front/Back,159.22,171.24,146.68,147.47,164.89,171.24,147.54,154.24
0998,22,Front/Back,164.56,171.24,154.4,140.58,164.56,171.24,157.3,161.32
0998,23,Front/Back,164.56,180.0,152.85,139.46,164.56,180.0,180.0,166.61
0998,24,Front/Back,167.34,180.0,166.68,141.96,167.34,180.0,150.32,167.04
0998,25,Front/Back,178.22,179.99,170.45,148.36,178.22,179.99,147.41,179.98
0998,26,Front/Back,179.98,179.98,179.98,179.98,179.98,179.98,179.98,179.98
0998,27,Front/Back,179.99,141.3,158.21,150.74,179.99,158.99,166.83,161.63
0998,28,Front/Back,179.99,134.83,154.17,127.21,179.99,157.03,161.33,157.19
0998,29,Front/Back,171.45,143.77,154.17,137.63,171.45,161.46,157.14,153.91
0998,30,Front/Back,180.0,155.22,149.0,146.05,180.0,155.22,150.32,150.76
0998,31,Front/Back,132.18,148.96,130.76,132.33,144.59,148.96,144.71,147.9
0998,32,Front/Back,112.21,101.86,107.44,105.16,148.01,138.96,139.78,142.77
0998,33,Front/Back,110.02,86.75,108.21,91.89,149.3,133.69,118.7,138.19
0998,34,Front/Back,119.06,85.67,116.42,92.18,151.96,134.71,122.15,114.94
0998,35,Front/Back,150.08,94.24,135.08,114.4,162.5,138.99,135.32,140.42
0998,36,Front/Back,158.37,128.51,135.58,132.88,158.37,146.2,133.21,147.9
0998,37,Front/Back,164.75,135.11,143.24,132.58,164.75,154.06,135.32,150.76
0998,38,Front/Back,167.56,140.67,148.08,128.51,167.56,159.62,147.76,153.91
0998,39,Front/Back,148.69,150.96,151.8,132.11,167.34,164.34,150.69,147.9
0998,40,Front/Back,170.9,163.05,163.19,134.55,170.9,174.97,153.67,157.45
0998,41,Front/Back,180.0,176.56,180.0,143.76,180.0,176.56,147.41,161.63
0998,42,Front/Back,180.0,180.0,180.0,146.47,180.0,180.0,147.41,161.32
0998,43,Front/Back,169.55,167.54,169.55,136.95,180.0,180.0,153.52,157.19
0998,44,Front/Back,150.38,180.0,153.1,145.49,167.73,179.99,150.32,166.36
0998,45,Front/Back,149.96,136.24,143.83,144.71,162.37,153.78,150.32,161.13
0998,46,Front/Back,137.49,127.47,126.29,132.27,158.75,149.09,147.41,161.13
0998,47,Front/Back,113.93,110.85,119.87,110.13,152.28,144.12,137.62,153.53
0998,48,Front/Back,144.88,106.97,136.28,115.33,146.58,145.53,129.21,153.67
0999,1,Front/Back,180.0,165.81,180.0,165.81,165.69,180.0,115.54,125.2
0999,2,Front/Back,180.0,180.0,180.0,161.52,180.0,180.0,130.97,126.14
0999,3,Front/Back,180.0,179.99,180.0,146.43,180.0,180.0,133.26,127.19
0999,4,Front/Back,176.48,148.98,180.0,141.56,176.48,163.17,129.85,129.27
0999,5,Front/Back,162.58,144.02,180.0,165.81,162.58,158.2,130.97,131.48
0999,6,Front/Back,165.54,146.56,180.0,165.81,165.54,160.74,132.11,132.61
0999,7,Front/Back,165.21,162.73,180.0,180.0,165.21,162.73,139.46,134.91
0999,8,Front/Back,180.0,161.78,180.0,180.0,180.0,161.78,142.16,136.11
0999,9,Front/Back,180.0,162.73,180.0,180.0,180.0,162.73,146.55,136.11
0999,10,Front/Back,180.0,162.73,180.0,153.83,180.0,162.73,143.62,134.91
0999,11,Front/Back,170.41,162.73,145.28,159.39,170.41,162.73,155.34,132.58
0999,12,Front/Back,162.09,162.36,148.5,164.13,162.09,162.36,149.78,131.44
0999,13,Front/Back,169.06,165.61,148.5,157.59,169.06,165.61,143.57,138.6
0999,14,Front/Back,162.02,169.84,144.3,152.62,162.02,169.84,134.5,134.91
0999,15,Front/Back,162.02,179.99,163.46,128.45,162.02,179.99,134.45,132.56
0999,16,Front/Back,139.71,156.1,160.19,131.85,159.53,179.99,126.58,127.08
0999,17,Front/Back,145.55,176.74,166.02,152.62,159.53,176.74,129.84,130.33
0999,18,Front/Back,169.17,180.0,180.0,157.59,169.17,180.0,133.26,132.58
0999,19,Front/Back,169.36,180.0,180.0,180.0,169.36,180.0,135.66,134.91
0999,20,Front/Back,175.97,180.0,180.0,180.0,175.97,180.0,139.45,136.11
0999,21,Front/Back,175.6,180.0,167.62,166.37,175.6,180.0,138.21,137.38
0999,22,Front/Back,180.0,180.0,180.0,180.0,180.0,180.0,135.71,137.38
0999,23,Front/Back,179.99,180.0,179.99,180.0,180.0,180.0,138.21,141.25
0999,24,Front/Back,180.0,180.0,179.98,180.0,180.0,180.0,138.21,139.99
0999,25,Front/Back,180.0,180.0,159.59,150.71,180.0,180.0,138.21,138.7
0999,26,Front/Back,180.0,180.0,180.0,133.9,180.0,180.0,148.14,138.78
0999,27,Front/Back,180.0,180.0,152.29,138.81,180.0,180.0,138.21,138.78
0999,28,Front/Back,180.0,180.0,144.3,135.98,180.0,180.0,136.94,136.21
0999,29,Front/Back,151.56,180.0,126.63,131.07,165.54,180.0,138.21,136.1
0999,30,Front/Back,160.19,180.0,124.16,127.06,180.0,180.0,135.71,136.1
0999,31,Front/Back,161.09,167.14,125.39,111.49,160.31,180.0,110.27,124.99
0999,32,Front/Back,157.25,180.0,139.2,138.81,169.97,180.0,135.71,127.09
0999,33,Front/Back,169.97,180.0,157.76,141.92,169.97,180.0,136.94,132.67
0999,34,Front/Back,180.0,180.0,168.78,142.68,180.0,180.0,138.21,133.77
0999,35,Front/Back,165.54,180.0,180.0,166.37,165.54,180.0,139.46,136.11
0999,36,Front/Back,169.34,180.0,179.99,180.0,169.36,180.0,142.16,138.58
0999,37,Front/Back,180.0,180.0,166.22,180.0,180.0,180.0,145.08,141.2
0999,38,Front/Back,175.69,180.0,159.59,162.36,175.69,180.0,149.8,145.43
0999,39,Front/Back,169.17,179.99,180.0,179.99,169.17,180.0,149.92,150.19
0999,40,Front/Back,175.97,180.0,180.0,166.37,175.97,180.0,165.99,150.19
0999,41,Front/Back,179.98,179.98,179.97,179.97,179.98,179.98,179.98,179.98
0999,42,Front/Back,148.6,180.0,144.45,159.39,162.58,168.58,151.66,148.99
0999,43,Front/Back,138.37,180.0,136.51,157.59,157.28,180.0,148.26,141.2
0999,44,Front/Back,142.55,179.99,133.62,141.91,152.13,180.0,141.35,134.91
0999,45,Front/Back,162.02,180.0,137.64,138.81,143.09,180.0,132.66,132.56
0999,46,Front/Back,180.0,180.0,147.81,126.3,180.0,180.0,129.96,129.22
1000,1,Front/Back,180.0,142.81,180.0,153.68,144.22,145.3,110.14,122.31
1000,2,Front/Back,180.0,144.57,180.0,155.6,145.28,147.33,114.2,127.19
1000,3,Front/Back,180.0,142.41,180.0,156.02,146.4,147.16,120.46,132.45
1000,4,Front/Back,180.0,142.97,180.0,158.84,147.58,164.13,130.76,150.18
1000,5,Front/Back,180.0,124.32,180.0,148.27,141.92,138.92,141.92,144.12
1000,6,Front/Back,164.45,110.69,180.0,147.64,141.53,143.05,157.09,170.71
1000,7,Front/Back,160.4,153.56,180.0,164.81,144.71,154.78,164.31,152.61
1000,8,Front/Back,180.0,156.77,180.0,164.81,144.65,171.96,144.65,155.1
1000,9,Front/Back,180.0,180.0,159.86,180.0,145.99,171.24,145.99,146.4
1000,10,Front/Back,154.49,173.78,180.0,173.78,142.37,171.24,167.88,152.4
1000,11,Front/Back,180.0,171.32,151.87,171.32,175.43,171.24,155.82,171.24
1000,12,Front/Back,179.98,179.98,179.97,179.97,179.98,179.98,179.98,179.98
1000,13,Front/Back,171.6,172.05,180.0,171.33,148.28,172.05,156.68,170.71
1000,14,Front/Back,167.99,141.22,180.0,160.63,144.68,160.59,156.68,161.16
1000,15,Front/Back,164.69,101.97,173.09,139.76,148.28,142.21,146.82,155.1
1000,16,Front/Back,139.18,115.7,161.44,147.57,157.73,148.13,144.49,139.66
1000,17,Front/Back,166.91,118.3,166.91,150.25,163.6,148.05,132.72,145.92
1000,18,Front/Back,180.0,126.21,180.0,156.02,152.15,150.19,132.56,150.15
1000,19,Front/Back,180.0,126.24,180.0,138.73,150.35,148.05,148.04,155.1
1000,20,Front/Back,180.0,134.86,180.0,148.24,147.21,148.05,147.21,166.51
1000,21,Front/Back,180.0,151.31,180.0,180.0,147.21,151.31,147.21,180.0
1000,22,Front/Back,180.0,135.0,180.0,164.81,147.21,150.19,147.21,166.51
1000,23,Front/Back,180.0,126.97,180.0,158.92,147.39,148.05,147.39,177.39
1000,24,Front/Back,180.0,151.21,180.0,164.81,160.3,149.27,143.29,146.47
1000,25,Front/Back,162.87,140.75,173.78,154.36,150.32,148.7,167.45,152.56
1000,26,Front/Back,165.07,125.48,180.0,153.09,146.76,152.39,161.68,180.0
1000,27,Front/Back,167.66,142.06,180.0,153.09,144.96,151.28,157.3,148.82
1000,28,Front/Back,164.74,131.23,180.0,152.36,140.14,158.87,155.39,161.1
1000,29,Front/Back,158.94,132.81,174.49,152.36,138.06,160.45,153.61,163.65
1000,30,Front/Back,149.74,144.65,167.43,146.46,135.73,158.87,136.49,150.15
1000,31,Front/Back,168.66,132.65,180.0,132.87,150.64,146.35,126.44,137.58
1000,32,Front/Back,163.55,134.93,180.0,136.23,151.42,153.53,140.11,150.15
1000,33,Front/Back,161.86,134.37,180.0,139.22,149.31,149.98,145.55,153.32
1000,34,Front/Back,158.65,148.85,180.0,160.08,158.65,148.86,177.69,166.51
1000,35,Front/Back,154.49,146.76,180.0,170.73,135.91,146.76,161.42,177.08
1000,36,Front/Back,135.96,151.06,169.84,180.0,125.5,151.06,159.38,180.0
1000,37,Front/Back,180.0,144.71,180.0,175.88,145.99,148.83,145.99,180.0
1000,38,Front/Back,173.99,129.67,180.0,162.93,144.55,146.75,150.56,178.01
1000,39,Front/Back,151.75,139.3,180.0,145.86,139.2,140.58,167.45,158.21
1000,40,Front/Back,155.84,131.74,180.0,141.33,140.49,148.81,164.65,166.58
1000,41,Front/Back,152.48,139.71,166.32,141.71,134.18,160.79,161.68,163.74
1000,42,Front/Back,154.97,130.16,166.09,141.88,132.27,152.16,157.3,151.73
1000,43,Front/Back,158.31,119.36,180.0,150.5,132.14,148.86,132.07,144.6
1000,44,Front/Back,169.22,116.95,180.0,149.14,135.67,147.81,115.47,138.54
1001,1,Front/Back,151.42,165.43,134.24,129.67,151.42,165.43,133.33,141.63
1001,2,Front/Back,150.11,166.15,136.19,129.25,150.11,166.15,135.82,142.85
1001,3,Front/Back,137.6,160.68,140.64,123.26,151.57,160.68,138.43,144.38
1001,4,Front/Back,137.48,158.68,115.51,118.14,157.16,140.28,141.18,152.6
1001,5,Front/Back,165.45,160.45,136.86,120.99,165.45,160.45,150.7,150.72
1001,6,Front/Back,171.76,160.68,134.19,122.7,171.76,160.68,154.56,159.7
1001,7,Front/Back,154.49,164.88,166.51,126.84,167.98,164.88,165.35,160.04
1001,8,Front/Back,137.66,180.0,152.84,128.52,164.81,163.25,179.99,163.25
1001,9,Front/Back,179.97,179.97,179.97,179.96,179.98,179.98,179.98,179.98
1001,10,Front/Back,166.8,160.04,133.28,160.05,166.8,179.99,152.45,165.15
1001,11,Front/Back,166.61,138.95,137.86,145.51,166.61,173.44,154.72,149.66
1001,12,Front/Back,156.26,170.63,138.04,125.98,159.81,170.63,145.94,145.73
1001,13,Front/Back,135.01,160.45,124.67,125.98,148.97,160.45,137.23,135.89
1001,14,Front/Back,146.47,158.68,141.59,129.67,146.47,158.68,131.22,131.16
1001,15,Front/Back,146.38,150.04,140.95,130.19,146.38,150.04,133.79,127.43
1001,16,Front/Back,150.2,147.47,140.95,133.37,150.2,147.47,134.0,128.57
1001,17,Front/Back,147.61,156.65,134.24,135.82,147.61,156.65,137.78,132.12
1001,18,Front/Back,150.3,158.68,136.19,139.81,150.3,158.68,140.25,135.66
1001,19,Front/Back,150.55,160.68,180.0,155.59,150.55,160.68,135.73,142.62
1001,20,Front/Back,155.29,160.68,180.0,144.23,155.29,160.68,141.08,146.85
1001,21,Front/Back,155.74,160.68,180.0,125.98,155.74,160.68,143.93,147.0
1001,22,Front/Back,158.93,165.77,180.0,144.23,158.93,165.77,141.01,144.15
1001,23,Front/Back,158.93,173.44,136.34,126.62,158.93,173.44,142.44,149.12
1001,24,Front/Back,160.87,173.44,136.86,132.45,160.87,173.44,141.08,147.0
1001,25,Front/Back,158.93,173.44,138.49,129.25,158.93,173.44,137.01,140.78
1001,26,Front/Back,155.5,172.77,132.76,132.45,155.5,172.77,134.4,136.49
1001,27,Front/Back,156.93,165.14,128.51,129.67,156.93,165.14,134.47,135.0
1001,28,Front/Back,153.74,149.05,125.68,129.67,153.74,149.05,148.74,148.45
1001,29,Front/Back,152.28,158.12,144.06,154.39,152.28,158.12,147.07,146.66
1001,30,Front/Back,149.54,151.58,123.23,164.13,149.54,151.58,148.74,143.45
1001,31,Front/Back,147.2,154.79,132.47,180.0,144.91,154.79,146.41,131.18
1001,32,Front/Back,148.26,154.79,130.16,180.0,148.26,154.79,147.02,132.41
1001,33,Front/Back,149.54,156.48,127.33,159.49,149.54,156.48,134.4,132.41
1001,34,Front/Back,148.26,163.18,129.58,152.35,148.26,163.18,135.66,133.67
1001,35,Front/Back,152.28,163.51,125.08,159.49,152.28,163.51,136.94,135.07
1001,36,Front/Back,151.08,152.04,123.85,155.59,151.08,152.04,142.4,137.62
1001,37,Front/Back,150.88,151.86,121.49,153.49,150.88,151.86,145.42,150.38
1001,38,Front/Back,147.94,151.86,136.19,152.48,147.94,151.86,139.62,140.65
1001,39,Front/Back,147.81,151.86,134.24,136.73,147.81,151.86,138.26,137.84
1001,40,Front/Back,146.71,150.15,129.82,158.13,146.71,150.15,138.33,137.74
1001,41,Front/Back,145.39,148.68,133.28,159.03,145.39,148.68,137.01,148.57
1001,42,Front/Back,150.11,145.08,133.28,169.69,150.11,145.08,147.02,152.29
1002,1,Front/Back,144.53,180.0,122.96,166.66,165.98,180.0,138.67,138.05
1002,2,Front/Back,162.03,156.24,128.99,137.78,157.62,180.0,115.12,139.26
1002,3,Front/Back,165.84,146.6,136.25,138.36,163.06,166.74,115.21,124.68
1002,4,Front/Back,147.36,138.07,119.86,138.07,152.26,156.51,114.41,126.36
1002,5,Front/Back,138.65,143.56,116.09,143.56,149.81,156.51,120.66,126.29
1002,6,Front/Back,144.06,146.09,123.34,146.09,149.7,170.75,125.59,148.3
1002,7,Front/Back,166.58,159.53,144.19,159.53,180.0,180.0,144.75,162.73
1002,8,Front/Back,164.43,145.65,152.67,151.07,164.43,164.02,144.75,148.05
1002,9,Front/Back,164.85,136.57,150.53,146.91,164.85,162.13,144.7,148.04
1002,10,Front/Back,136.07,138.43,142.64,144.21,160.07,160.46,138.58,148.05
1002,11,Front/Back,138.8,136.14,158.5,139.38,160.29,160.46,139.75,162.73
1002,12,Front/Back,139.15,146.65,140.59,138.52,160.29,166.12,135.31,157.71
1002,13,Front/Back,151.91,148.08,133.15,137.25,168.72,168.55,131.15,151.63
1002,14,Front/Back,166.68,150.82,150.58,130.76,166.68,166.09,127.25,148.27
1002,15,Front/Back,143.22,159.47,123.17,124.42,163.95,177.84,122.69,145.24
1002,16,Front/Back,137.37,133.22,115.98,113.18,165.96,164.13,120.1,143.07
1002,17,Front/Back,173.08,129.36,141.4,116.43,173.08,160.52,121.8,143.54
1002,18,Front/Back,165.85,130.33,143.27,116.27,165.85,160.52,126.31,146.56
1002,19,Front/Back,148.32,129.66,138.69,132.77,163.73,160.58,132.18,151.55
1002,20,Front/Back,157.29,125.35,148.85,138.91,163.65,158.9,136.44,159.95
1002,21,Front/Back,163.59,144.78,169.99,142.39,163.59,160.58,139.83,165.86
1002,22,Front/Back,144.82,168.65,146.0,152.4,162.27,168.65,137.47,170.01
1002,23,Front/Back,166.14,164.07,155.64,151.21,166.14,164.07,137.47,169.98
1002,24,Front/Back,140.02,140.52,139.77,134.88,164.25,160.48,136.36,149.72
1002,25,Front/Back,140.91,133.22,143.79,122.31,158.88,164.14,137.46,180.0
1002,26,Front/Back,169.0,129.81,160.0,116.79,169.0,166.25,147.45,180.0
1002,27,Front/Back,171.6,172.04,153.64,138.53,171.6,180.0,143.42,165.94
1002,28,Front/Back,171.13,118.21,148.11,111.2,180.0,154.84,136.35,144.95
1002,29,Front/Back,180.0,121.59,150.07,113.83,180.0,157.51,127.25,141.98
1002,30,Front/Back,180.0,123.25,150.07,112.47,180.0,159.17,124.5,137.93
1002,31,Front/Back,180.0,132.74,142.77,113.46,180.0,143.58,133.26,128.53
1002,32,Front/Back,158.06,134.15,143.15,120.4,158.63,151.89,129.41,140.91
1002,33,Front/Back,153.51,136.83,154.5,122.65,165.07,148.62,143.46,134.93
1002,34,Front/Back,164.43,138.38,163.39,132.82,164.43,153.45,151.84,153.41
1002,35,Front/Back,157.79,152.11,154.93,148.6,166.52,164.23,159.1,165.86
1002,36,Front/Back,179.98,179.98,179.97,179.97,179.98,179.98,179.98,179.98
1002,37,Front/Back,151.59,171.84,160.01,166.6,167.0,171.84,166.81,166.08
1002,38,Front/Back,136.84,148.88,153.89,134.08,162.95,164.14,159.1,160.26
1002,39,Front/Back,149.76,180.0,157.46,143.8,168.76,180.0,153.48,149.73
1002,40,Front/Back,146.12,160.47,153.89,140.54,172.23,172.6,148.83,143.47
1002,41,Front/Back,148.66,167.88,138.17,128.99,172.23,180.0,144.67,146.49
1002,42,Front/Back,144.91,163.98,123.22,140.45,156.84,167.23,127.0,129.22
1003,1,Side,11.98,13.33,130.05,67.63,175.16,177.67,179.65,174.85
1003,2,Side,13.73,12.88,143.11,90.49,177.1,178.49,176.26,175.07
1003,3,Side,14.83,13.62,159.61,115.43,177.23,175.37,175.65,178.15
1003,4,Side,11.59,17.05,161.52,137.31,175.16,174.43,179.87,178.96
1003,5,Side,7.11,15.86,157.09,148.43,176.83,173.7,179.37,178.98
1003,6,Side,7.72,15.67,156.93,156.66,177.9,171.63,178.67,178.81
1003,7,Side,12.79,16.44,161.33,156.04,176.94,173.29,179.19,180.0
1003,8,Side,13.84,16.15,150.02,152.74,177.76,172.35,177.81,174.62
1003,9,Side,15.99,16.79,142.83,146.89,178.67,173.16,179.74,175.4
1003,10,Side,17.5,16.97,132.58,124.25,179.84,176.03,178.42,180.0
1003,11,Side,14.42,14.45,109.86,119.2,173.56,172.7,173.56,174.19
1003,12,Side,20.32,16.01,127.85,111.56,173.45,175.13,172.28,176.44
1003,13,Side,19.46,15.81,129.82,137.11,178.85,175.09,179.42,176.35
1003,14,Side,14.98,14.63,133.69,141.63,176.45,175.08,173.41,174.91
1003,15,Side,15.07,12.61,141.78,120.74,178.25,174.26,174.64,174.87
1003,16,Side,16.18,11.28,150.5,116.74,176.89,175.24,176.98,177.14
1003,17,Side,12.18,12.66,145.66,127.8,178.89,175.04,176.86,174.44
1003,18,Side,13.14,12.58,146.98,139.02,178.29,176.63,176.66,176.01
1003,19,Side,14.94,10.93,144.46,147.36,175.51,178.39,178.39,178.57
1003,20,Side,13.1,9.34,148.23,147.15,177.49,178.6,178.28,178.87
1003,21,Side,14.12,9.02,148.53,149.22,175.89,178.87,173.66,179.87
1003,22,Side,12.41,9.73,140.28,149.93,178.35,178.87,177.31,179.09
1003,23,Side,10.98,10.81,135.13,149.0,178.35,178.8,177.37,178.77
1003,24,Side,10.26,12.72,126.41,149.12,179.9,177.04,176.19,179.33
1003,25,Side,8.84,15.58,121.87,145.67,176.61,179.57,171.28,179.37
1003,26,Side,6.32,13.89,108.79,130.1,176.4,178.59,170.17,179.97
1003,27,Side,11.67,14.87,136.36,128.53,177.97,179.5,176.69,177.96
1003,28,Side,11.17,14.79,138.49,133.39,177.09,178.71,179.05,176.47
1003,29,Side,10.01,13.85,147.15,135.29,178.79,179.57,179.66,173.92
1003,30,Side,9.76,13.87,153.68,140.92,177.94,179.1,179.32,175.44
1003,31,Side,6.81,16.36,151.11,141.6,178.25,178.76,179.8,174.91
1003,32,Side,6.91,10.82,151.92,143.34,176.96,176.92,179.26,177.81
1003,33,Side,5.24,10.33,149.83,145.48,178.54,177.67,178.8,179.05
1003,34,Side,7.52,13.37,144.95,151.55,177.52,179.29,176.44,178.82
1003,35,Side,6.06,12.59,139.51,152.05,176.11,177.46,174.56,179.28
1003,36,Side,7.91,12.92,130.93,152.94,172.75,177.38,172.75,178.78
1003,37,Side,7.95,13.46,128.62,149.9,176.34,178.5,174.73,179.76
1003,38,Side,10.85,15.42,122.39,143.62,175.4,178.79,174.56,178.36
1003,39,Side,10.93,15.45,101.73,135.0,178.1,175.86,176.93,175.82
1003,40,Side,13.28,12.73,85.08,120.71,178.8,178.58,173.9,175.68
1003,41,Side,9.57,15.46,64.51,109.24,178.37,178.05,175.31,173.39
1003,42,Side,15.49,13.95,60.2,99.2,175.6,179.52,178.92,174.69
1004,1,Front/Back,180.0,159.9,180.0,106.67,155.09,153.49,119.02,143.88
1004,2,Front/Back,161.24,152.23,180.0,114.16,147.89,152.23,137.3,146.83
1004,3,Front/Back,153.5,150.51,180.0,111.85,153.5,150.51,154.41,146.75
1004,4,Front/Back,164.67,153.07,164.67,113.09,155.09,153.07,144.71,148.5
1004,5,Front/Back,150.28,176.97,158.88,107.62,152.73,176.97,161.33,152.39
1004,6,Front/Back,162.06,165.22,162.06,109.85,163.79,150.52,163.79,163.67
1004,7,Front/Back,137.04,135.27,146.27,84.48,149.71,149.12,158.94,148.0
1004,8,Front/Back,134.34,132.05,143.57,78.65,147.76,149.57,156.99,151.27
1004,9,Front/Back,142.56,180.0,152.0,103.07,154.34,180.0,163.79,156.65
1004,10,Front/Back,146.14,162.73,148.72,105.51,158.55,162.73,161.13,169.44
1004,11,Front/Back,174.09,154.3,138.78,102.08,156.89,154.3,156.89,180.0
1004,12,Front/Back,180.0,151.6,126.99,100.1,154.99,151.6,154.99,178.12
1004,13,Front/Back,150.62,148.59,180.0,108.04,137.25,142.88,163.97,172.41
1004,14,Front/Back,147.73,134.01,180.0,108.22,134.38,124.01,166.65,163.42
1004,15,Front/Back,116.44,127.63,148.72,99.59,131.36,123.91,163.63,163.13
1004,16,Front/Back,180.0,180.0,180.0,110.92,148.4,154.1,127.38,128.43
1004,17,Front/Back,180.0,143.94,180.0,93.3,153.15,145.1,134.9,139.38
1004,18,Front/Back,171.26,138.7,171.26,88.91,158.82,145.15,158.82,152.35
1004,19,Front/Back,137.25,136.03,146.93,95.53,153.93,151.42,163.61,178.37
1004,20,Front/Back,151.99,164.53,154.87,107.72,163.75,155.02,166.63,168.84
1004,21,Front/Back,180.0,167.78,180.0,104.63,166.65,167.78,166.65,178.12
1004,22,Front/Back,157.58,179.99,157.58,100.08,163.61,170.46,163.61,159.91
1004,23,Front/Back,148.2,167.06,109.33,95.01,158.5,150.52,161.08,148.65
1004,24,Front/Back,171.26,150.09,106.36,73.06,161.13,154.7,140.29,139.66
1004,25,Front/Back,180.0,149.49,140.3,95.25,156.77,157.65,133.34,154.31
1004,26,Front/Back,179.99,158.58,180.0,108.73,163.68,158.58,135.91,148.45
1004,27,Front/Back,170.56,152.49,180.0,111.67,157.21,152.49,143.13,159.08
1004,28,Front/Back,170.56,156.77,180.0,112.25,161.23,156.77,149.62,148.43
1004,29,Front/Back,170.41,153.74,180.0,110.55,170.4,153.74,165.14,148.43
1004,30,Front/Back,166.78,153.28,180.0,109.53,166.78,153.28,165.06,154.33
1004,31,Front/Back,180.0,159.79,180.0,108.78,180.0,159.79,180.0,165.3
1004,32,Front/Back,161.76,135.11,161.76,91.19,180.0,151.59,180.0,169.84
1004,33,Front/Back,149.95,134.01,152.52,88.19,177.42,151.59,180.0,165.45
1004,34,Front/Back,166.68,126.43,166.68,81.12,180.0,151.42,180.0,165.3
1004,35,Front/Back,180.0,170.25,180.0,101.38,179.23,170.25,179.23,165.3
1004,36,Front/Back,179.97,179.97,179.96,179.97,179.98,179.98,179.98,179.98
1004,37,Front/Back,180.0,118.34,135.69,125.1,159.05,151.59,148.34,165.2
1004,38,Front/Back,180.0,142.17,145.55,82.93,158.94,145.42,137.99,160.87
1004,39,Front/Back,180.0,180.0,180.0,112.33,148.64,155.75,125.15,128.14
1005,1,Front/Back,154.03,151.01,154.03,151.01,169.68,168.78,135.57,134.14
1005,2,Front/Back,121.67,120.6,142.9,138.74,158.77,161.86,140.98,141.39
1005,3,Front/Back,130.47,126.73,147.77,142.36,162.7,164.37,149.79,145.78
1005,4,Front/Back,137.14,156.85,117.95,158.43,147.89,177.09,162.85,163.72
1005,5,Front/Back,179.98,179.98,179.98,179.98,179.98,179.98,179.98,179.98
1005,6,Front/Back,180.0,180.0,168.71,180.0,180.0,180.0,147.91,151.02
1005,7,Front/Back,160.92,180.0,145.39,180.0,160.92,162.46,136.03,125.1
1005,8,Front/Back,160.64,180.0,139.23,180.0,160.64,180.0,139.65,141.16
1005,9,Front/Back,171.37,165.25,127.88,165.25,171.37,180.0,142.75,145.14
1005,10,Front/Back,180.0,180.0,122.38,164.05,168.47,162.9,135.01,128.68
1005,11,Front/Back,149.09,146.96,95.79,146.96,178.73,162.9,154.89,130.36
1005,12,Front/Back,100.24,115.08,80.95,111.55,147.16,155.92,149.49,135.65
1005,13,Front/Back,118.35,113.41,109.55,121.42,150.63,154.25,145.42,131.31
1005,14,Front/Back,152.13,121.94,126.7,139.86,152.13,157.71,152.07,148.02
1005,15,Front/Back,162.7,157.3,125.59,157.3,162.7,162.62,160.35,133.05
1005,16,Front/Back,160.64,167.58,139.23,167.58,160.64,180.0,155.23,144.62
1005,17,Front/Back,179.99,164.23,144.26,162.26,179.98,164.23,145.88,144.53
1005,18,Front/Back,180.0,164.23,140.45,180.0,162.86,164.23,130.77,144.53
1005,19,Front/Back,180.0,164.23,137.66,150.31,155.78,164.23,126.17,139.89
1005,20,Front/Back,180.0,180.0,133.9,130.36,153.02,180.0,125.73,139.89
1005,21,Front/Back,180.0,164.36,123.16,121.73,163.26,167.62,129.46,131.06
1005,22,Front/Back,137.87,122.28,122.48,129.25,164.2,157.72,137.62,138.54
1005,23,Front/Back,97.07,109.9,94.53,138.74,145.84,151.16,138.94,132.21
1005,24,Front/Back,150.78,127.33,122.46,147.68,150.78,159.66,140.11,136.59
1005,25,Front/Back,161.97,158.94,127.95,158.94,161.97,180.0,143.71,133.48
1005,26,Front/Back,167.09,180.0,135.04,180.0,167.09,180.0,145.63,137.6
1005,27,Front/Back,162.18,180.0,143.37,156.56,151.16,180.0,137.21,145.14
1005,28,Front/Back,157.55,167.09,154.31,153.21,157.55,167.09,142.12,143.54
1005,29,Front/Back,155.67,161.81,146.69,153.21,155.67,161.81,142.12,143.54
1005,30,Front/Back,155.45,139.1,143.37,157.3,155.45,161.8,141.87,144.53
1005,31,Front/Back,137.88,124.62,161.41,120.78,156.47,154.25,135.17,147.31
1005,32,Front/Back,141.58,143.72,161.41,143.71,160.17,180.0,140.11,133.88
1005,33,Front/Back,180.0,151.46,180.0,130.52,168.47,180.0,130.34,132.58
1006,1,Side,46.38,13.5,39.76,113.03,173.57,174.43,173.19,173.96
1006,2,Side,48.58,12.44,43.66,114.68,172.6,172.33,176.63,174.39
1006,3,Side,23.91,12.83,178.43,132.67,177.47,169.95,174.13,177.46
1006,4,Side,22.01,12.73,177.6,136.36,177.48,172.9,170.41,172.6
1006,5,Side,20.68,14.82,175.64,152.22,171.66,174.27,174.29,171.69
1006,6,Side,21.31,9.75,174.33,143.97,170.67,175.58,174.81,167.75
1006,7,Side,21.19,13.64,171.75,153.3,172.52,172.4,172.36,171.44
1006,8,Side,26.89,15.0,179.3,149.6,173.25,170.69,173.09,171.99
1006,9,Side,21.19,14.0,170.29,148.55,170.91,172.36,174.47,172.08
1006,10,Side,22.99,15.18,171.34,133.84,173.28,172.9,171.92,173.54
1006,11,Side,20.55,15.16,155.22,130.14,171.54,177.08,174.96,166.08
1006,12,Side,22.53,15.52,165.93,118.78,172.07,179.29,177.65,166.39
1006,13,Side,22.45,14.38,169.62,125.75,172.1,174.14,176.28,172.72
1006,14,Side,24.14,14.79,173.39,135.0,168.64,173.42,179.72,174.5
1006,15,Side,23.64,11.56,179.25,146.56,172.3,171.54,175.6,178.12
1006,16,Side,22.69,15.62,174.29,160.21,166.34,175.38,179.4,174.38
1006,17,Side,23.67,14.49,171.77,150.95,171.95,179.09,170.46,171.56
1006,18,Side,21.34,15.7,161.76,153.19,176.43,174.51,169.1,171.83
1006,19,Side,26.89,14.08,166.83,147.55,169.34,170.46,176.19,172.43
1006,20,Side,25.25,13.6,152.55,127.5,167.08,172.94,176.19,172.14
1006,21,Side,26.2,15.35,160.87,121.6,173.67,172.59,170.75,171.87
1006,22,Side,23.5,15.23,161.57,126.54,174.94,177.94,174.96,172.67
1006,23,Side,25.44,15.77,166.87,132.24,175.12,175.57,175.24,177.12
1006,24,Side,22.76,14.05,160.0,136.93,173.08,173.5,178.95,176.3
1006,25,Side,22.79,14.25,169.38,144.76,173.16,175.58,177.06,178.14
1006,26,Side,22.33,14.69,167.97,155.8,176.01,176.71,171.55,176.47
1006,27,Side,25.85,12.92,155.14,158.4,174.29,172.45,176.42,179.7
1006,28,Side,22.9,14.87,144.46,153.43,178.33,171.67,173.63,179.7
1006,29,Side,25.53,14.03,139.91,143.84,174.12,171.62,176.42,179.5
1006,30,Side,24.79,15.95,135.1,138.85,177.76,170.54,167.58,180.0
1006,31,Side,25.5,20.32,135.48,136.89,177.95,170.54,169.08,179.01
1006,32,Side,22.33,22.42,129.31,138.54,176.01,173.11,171.42,175.81
1006,33,Side,27.52,20.41,154.18,128.91,175.89,173.13,170.57,174.81
1006,34,Side,27.91,21.28,174.05,130.28,172.07,172.42,178.26,172.08
1007,1,Front/Back,158.5,149.64,111.69,112.42,150.03,145.17,103.87,102.44
1007,2,Front/Back,168.34,149.42,111.81,90.98,164.07,141.23,119.57,103.98
1007,3,Front/Back,180.0,146.51,131.81,89.47,160.39,140.95,119.32,105.67
1007,4,Front/Back,180.0,152.42,124.22,99.29,164.07,156.25,123.0,115.27
1007,5,Front/Back,180.0,151.24,125.99,113.54,164.28,146.46,133.1,113.27
1007,6,Front/Back,166.94,165.23,142.13,138.66,168.64,152.95,157.06,121.93
1007,7,Front/Back,179.98,179.98,179.97,179.97,179.98,179.98,179.98,179.98
1007,8,Front/Back,175.1,179.99,175.1,147.15,180.0,163.89,144.67,163.89
1007,9,Front/Back,180.0,163.83,180.0,127.56,158.29,152.95,117.29,106.9
1007,10,Front/Back,180.0,180.0,149.35,154.16,158.71,152.67,117.71,115.39
1007,11,Front/Back,180.0,180.0,148.03,142.3,155.83,143.94,109.76,115.3
1007,12,Front/Back,180.0,180.0,140.27,111.13,156.28,152.43,119.1,117.16
1007,13,Front/Back,180.0,160.16,122.94,108.69,162.58,150.15,121.71,116.96
1007,14,Front/Back,168.34,162.08,113.81,93.72,157.94,150.15,117.06,121.48
1007,15,Front/Back,141.97,158.01,90.3,92.36,155.13,157.9,116.07,129.23
1007,16,Front/Back,155.26,154.04,109.13,109.04,148.08,150.37,110.91,119.35
1007,17,Front/Back,143.44,138.04,94.96,95.8,146.29,150.37,103.55,109.39
1007,18,Front/Back,175.1,135.88,117.72,99.01,160.56,157.9,107.17,105.64
1007,19,Front/Back,180.0,136.27,118.13,96.23,157.43,144.3,101.21,95.06
1007,20,Front/Back,180.0,144.76,118.83,97.0,149.85,154.91,99.4,91.84
1007,21,Front/Back,180.0,151.16,134.76,101.79,152.89,152.43,102.15,89.37
1007,22,Front/Back,180.0,180.0,139.47,141.35,148.08,152.43,105.34,91.87
1007,23,Front/Back,180.0,180.0,149.35,134.08,148.35,180.0,111.05,122.07
1007,24,Front/Back,159.5,173.28,159.5,162.35,180.0,180.0,142.7,129.24
1007,25,Front/Back,158.38,160.37,158.38,160.37,180.0,180.0,142.7,135.57
1007,26,Front/Back,180.0,167.06,180.0,167.06,150.26,168.28,107.52,129.11
1007,27,Front/Back,180.0,154.29,179.99,154.29,169.16,168.33,129.98,125.62
1007,28,Front/Back,180.0,151.24,145.15,128.46,164.28,163.77,128.95,126.52
1007,29,Front/Back,180.0,152.42,136.32,112.72,154.45,160.21,113.57,127.01
1007,30,Front/Back,180.0,160.16,132.3,127.33,157.28,147.86,116.58,124.65
1007,31,Front/Back,180.0,166.47,131.81,130.56,164.58,152.43,116.91,140.84
1007,32,Front/Back,180.0,180.0,128.43,126.03,164.07,150.37,133.13,127.17
1007,33,Front/Back,172.39,149.42,121.12,102.58,168.87,157.42,133.66,114.69
1007,34,Front/Back,147.02,151.71,95.75,106.71,168.87,171.23,118.41,123.66
1007,35,Front/Back,143.71,139.96,92.94,111.85,143.6,144.83,99.45,100.43
1007,36,Front/Back,180.0,141.02,123.48,110.76,154.67,138.57,98.14,92.52
1007,37,Front/Back,180.0,141.76,122.62,101.25,152.35,150.97,101.61,101.75
1007,38,Front/Back,180.0,142.23,125.16,99.41,152.35,150.64,103.25,106.22
1007,39,Front/Back,180.0,160.16,133.48,132.75,150.26,148.23,107.52,110.98
1007,40,Front/Back,180.0,173.28,132.7,133.58,155.13,155.15,119.93,122.04
1007,41,Front/Back,180.0,180.0,136.32,163.78,180.0,161.02,146.66,128.03
1007,42,Front/Back,180.0,154.29,180.0,154.29,168.69,150.64,152.3,124.63
1007,43,Front/Back,180.0,167.06,140.27,167.06,147.69,155.46,104.95,120.19
1007,44,Front/Back,180.0,167.06,137.01,141.95,149.85,158.24,107.11,122.96
1007,45,Front/Back,180.0,180.0,134.76,153.43,150.03,165.2,116.77,126.06
1007,46,Front/Back,172.72,160.16,136.12,129.37,154.87,165.2,119.47,117.62
1007,47,Front/Back,160.95,180.0,123.63,130.16,180.0,161.4,130.7,115.35
1007,48,Front/Back,180.0,173.28,129.93,123.1,180.0,169.16,129.18,118.42
1007,49,Front/Back,180.0,166.47,138.19,112.14,160.81,164.74,107.12,114.0
1007,50,Front/Back,180.0,153.06,135.05,101.59,155.13,155.82,104.39,103.59
1007,51,Front/Back,180.0,159.46,139.67,131.35,152.35,150.97,104.97,95.83
1007,52,Front/Back,162.78,154.97,108.57,113.07,145.82,144.83,97.1,95.81
1008,1,Front/Back,110.86,105.89,78.29,85.71,141.41,144.37,121.21,135.01
1008,2,Front/Back,113.91,101.52,93.36,85.28,145.32,152.77,127.13,149.93
1008,3,Front/Back,117.3,125.45,113.77,97.48,146.64,165.42,131.49,147.8
1008,4,Front/Back,115.55,129.29,132.9,122.61,145.8,165.42,129.48,145.79
1008,5,Front/Back,119.04,141.37,136.38,125.99,148.76,169.89,136.54,145.79
1008,6,Front/Back,134.61,157.97,142.63,157.98,162.0,179.99,144.97,145.79
1008,7,Front/Back,144.8,154.1,144.8,154.1,154.64,180.0,143.51,145.79
1008,8,Front/Back,144.8,156.55,144.8,127.07,154.64,180.0,135.3,143.88
1008,9,Front/Back,149.55,155.26,149.55,132.42,151.21,180.0,129.05,143.88
1008,10,Front/Back,153.38,154.1,153.38,128.94,151.21,180.0,126.35,143.88
1008,11,Front/Back,180.0,153.04,151.29,123.56,145.27,180.0,115.7,143.88
1008,12,Front/Back,180.0,151.48,145.85,110.7,148.11,180.0,120.81,145.79
1008,13,Front/Back,166.37,149.08,128.31,101.2,145.27,180.0,120.41,145.77
1008,14,Front/Back,153.38,109.01,114.72,92.65,141.56,159.51,141.56,145.77
1008,15,Front/Back,148.16,107.28,116.06,99.63,139.12,133.41,139.12,156.31
1008,16,Front/Back,143.1,105.82,122.09,130.91,136.8,126.78,136.8,151.87
1008,17,Front/Back,140.13,117.08,113.05,134.85,136.8,134.1,136.8,151.87
1008,18,Front/Back,144.23,124.39,144.23,134.85,136.68,141.4,117.57,129.25
1008,19,Front/Back,139.55,129.29,139.55,113.47,137.83,151.43,118.72,126.39
1008,20,Front/Back,137.65,135.0,137.65,135.0,135.39,154.11,116.28,124.11
1008,21,Front/Back,137.65,142.8,137.65,142.8,134.28,151.97,118.79,119.84
1008,22,Front/Back,136.38,136.98,94.78,106.99,135.56,150.1,116.45,120.11
1008,23,Front/Back,138.22,135.44,90.42,94.39,134.45,148.22,118.96,120.5
1008,24,Front/Back,138.86,135.44,104.87,88.65,133.37,148.22,114.26,120.43
1008,25,Front/Back,138.86,133.95,113.19,85.84,132.31,161.87,116.82,134.16
1008,26,Front/Back,102.55,133.59,104.17,88.58,129.04,156.42,102.88,131.1
1008,27,Front/Back,142.78,133.6,142.78,103.29,149.74,159.7,107.52,147.19
1008,28,Front/Back,142.78,126.79,142.78,108.36,136.8,145.48,121.31,165.54
1008,29,Front/Back,144.23,122.47,144.23,117.44,137.95,162.44,127.2,157.35
1008,30,Front/Back,148.8,141.9,148.8,141.9,136.51,169.81,136.51,147.19
1008,31,Front/Back,150.66,143.05,150.66,143.05,138.91,180.0,138.91,160.45
1008,32,Front/Back,148.8,121.31,148.8,141.1,137.83,160.22,137.83,160.45
1008,33,Front/Back,146.44,110.79,146.44,123.81,137.83,155.79,137.83,160.45
1008,34,Front/Back,144.23,105.13,132.92,105.49,136.68,151.79,136.68,160.45
1008,35,Front/Back,142.13,101.71,103.86,94.84,136.68,149.97,136.68,164.06
1008,36,Front/Back,140.77,116.72,101.62,90.46,136.68,157.49,136.68,168.75
1008,37,Front/Back,148.16,116.65,106.83,86.38,136.68,159.94,136.68,164.18
1008,38,Front/Back,145.83,119.43,101.47,87.94,137.83,162.71,137.83,157.47
1008,39,Front/Back,144.23,121.01,96.81,93.95,156.43,155.58,115.66,144.33
1008,40,Front/Back,142.78,121.01,90.56,107.15,160.99,155.58,118.6,144.33
1008,41,Front/Back,119.84,113.71,80.42,91.44,149.0,155.48,115.35,137.43
1008,42,Front/Back,115.49,141.1,81.86,141.1,145.52,169.58,118.25,141.86
1008,43,Front/Back,139.06,141.1,95.1,141.1,143.7,180.0,119.59,152.29
1008,44,Front/Back,139.81,141.1,103.48,141.1,144.46,180.0,122.04,154.67
1008,45,Front/Back,140.65,141.1,113.25,141.1,147.29,180.0,130.4,135.37
1008,46,Front/Back,143.64,118.47,146.09,132.47,148.88,166.01,135.56,133.82
1008,47,Front/Back,115.74,111.56,113.45,89.31,154.35,157.49,144.28,132.32
1008,48,Front/Back,111.77,123.11,91.86,91.04,150.37,162.23,146.17,132.32
1008,49,Front/Back,110.06,117.63,91.05,83.92,146.84,159.36,146.18,129.4
1008,50,Front/Back,107.23,115.23,93.81,87.48,142.08,156.96,148.17,129.4
1008,51,Front/Back,102.93,118.5,98.38,102.89,137.78,154.78,150.27,129.4
1008,52,Front/Back,116.62,125.08,109.91,100.83,143.65,159.36,154.96,130.84
1008,53,Front/Back,130.98,126.36,124.04,101.96,148.61,159.51,157.64,132.32
1008,54,Front/Back,152.65,140.23,128.39,115.19,154.5,165.42,164.23,160.45
1008,55,Front/Back,146.78,150.91,134.21,122.34,165.22,169.53,168.86,168.75
1008,56,Front/Back,179.98,179.98,179.98,179.98,179.98,179.98,179.98,179.98
1008,57,Front/Back,180.0,161.96,180.0,139.36,160.71,180.0,149.59,168.75
1008,58,Front/Back,169.53,157.85,169.53,123.65,158.47,169.58,142.71,153.64
1008,59,Front/Back,161.56,157.85,121.52,109.65,156.43,180.0,124.76,157.38
1008,60,Front/Back,157.82,157.48,115.35,115.95,152.78,180.0,121.11,154.67
1008,61,Front/Back,157.82,157.48,123.37,120.63,151.21,180.0,119.53,138.58
1008,62,Front/Back,122.77,141.07,136.29,111.54,139.35,180.0,115.7,143.88
1009,1,Front/Back,158.36,124.66,165.07,121.38,158.36,138.91,136.34,180.0
1009,2,Front/Back,152.35,105.37,180.0,98.42,152.35,122.1,138.69,164.55
1009,3,Front/Back,158.94,144.59,180.0,164.19,158.94,121.51,138.69,156.91
1009,4,Front/Back,146.45,109.63,180.0,144.66,146.45,133.74,141.29,168.77
1009,5,Front/Back,167.4,111.53,180.0,144.25,167.4,147.28,155.04,180.0
1009,6,Front/Back,179.99,139.36,180.0,159.19,179.99,160.15,159.68,164.78
1009,7,Front/Back,179.97,179.98,179.97,179.97,179.98,179.98,179.98,179.98
1009,8,Front/Back,180.0,166.82,180.0,166.81,158.57,167.9,158.57,167.91
1009,9,Front/Back,180.0,137.48,180.0,130.17,180.0,151.15,141.46,162.72
1009,10,Front/Back,180.0,128.26,180.0,120.21,180.0,147.59,141.46,167.71
1009,11,Front/Back,147.84,125.11,165.59,125.36,162.25,144.44,138.69,152.49
1009,12,Front/Back,158.36,116.85,180.0,117.78,158.36,132.68,136.06,167.71
1009,13,Front/Back,158.36,125.0,180.0,120.47,158.36,143.0,133.55,151.12
1009,14,Front/Back,158.17,107.45,169.5,112.55,158.17,135.57,141.46,153.33
1009,15,Front/Back,158.17,123.02,180.0,129.01,158.17,143.22,151.11,149.08
1009,16,Front/Back,137.36,127.86,165.59,130.94,151.77,134.92,159.68,167.62
1009,17,Front/Back,180.0,133.37,180.0,137.26,158.57,129.84,144.83,155.68
1009,18,Front/Back,180.0,131.73,180.0,128.93,155.21,163.9,141.46,158.2
1009,19,Front/Back,180.0,131.73,180.0,121.82,155.21,163.92,140.87,158.21
1009,20,Front/Back,180.0,118.86,180.0,151.29,162.53,147.57,137.58,153.23
1009,21,Front/Back,180.0,134.76,180.0,164.96,180.0,149.79,147.61,149.0
1009,22,Front/Back,180.0,126.87,180.0,154.7,180.0,139.88,144.42,167.71
1009,23,Front/Back,180.0,150.06,180.0,175.29,180.0,154.77,141.46,158.21
1009,24,Front/Back,180.0,155.17,180.0,143.51,180.0,155.17,133.83,153.23
1009,25,Front/Back,167.4,147.56,180.0,145.88,167.4,147.57,138.97,158.32
1009,26,Front/Back,180.0,132.64,180.0,130.6,158.25,145.81,122.97,153.33
1009,27,Front/Back,180.0,143.82,180.0,180.0,167.67,141.27,135.28,155.77
1009,28,Front/Back,167.48,133.04,180.0,142.39,167.48,145.08,144.42,156.12
1009,29,Front/Back,180.0,134.58,180.0,154.7,180.0,143.01,138.69,124.91
1009,30,Front/Back,180.0,154.7,180.0,154.7,176.49,152.94,137.95,121.93
1009,31,Front/Back,180.0,127.58,180.0,127.37,154.92,139.71,129.97,119.35
1009,32,Front/Back,159.23,127.17,159.23,138.31,149.27,141.79,128.95,118.24
1009,33,Front/Back,180.0,159.8,180.0,140.91,149.27,155.87,134.94,121.18
1009,34,Front/Back,180.0,155.2,180.0,127.04,176.49,145.5,135.18,130.28
1009,35,Front/Back,180.0,125.08,180.0,125.29,149.51,142.05,128.94,168.26
1009,36,Front/Back,158.22,119.9,180.0,123.28,158.22,137.32,147.42,168.25
1009,37,Front/Back,154.8,149.25,180.0,133.63,154.8,162.29,144.19,139.24
1009,38,Front/Back,154.93,144.57,180.0,180.0,154.93,144.57,136.34,138.66
1010,1,Side,48.93,42.06,121.34,107.03,175.7,169.51,168.78,164.56
1010,2,Side,30.46,38.95,119.77,130.7,172.5,172.81,167.79,167.6
1010,3,Side,30.42,41.34,139.67,146.02,168.33,166.8,165.35,165.98
1010,4,Side,31.44,40.22,159.96,155.45,170.72,167.01,167.5,168.34
1010,5,Side,33.65,39.3,168.65,166.81,169.03,171.03,166.84,169.76
1010,6,Side,41.66,39.59,174.75,178.53,168.98,172.41,168.6,169.99
1010,7,Side,46.04,38.18,166.61,178.78,169.89,173.48,170.14,178.83
1010,8,Side,44.37,33.74,167.57,176.89,169.13,173.58,165.54,179.92
1010,9,Side,45.68,34.38,166.2,179.44,168.97,171.82,161.57,174.92
1010,10,Side,37.58,37.47,174.04,173.76,171.03,172.19,161.86,176.33
1010,11,Side,32.5,35.73,178.54,174.88,174.77,172.12,171.75,177.71
1010,12,Side,34.92,33.36,176.67,177.55,173.96,179.51,171.61,179.76
1010,13,Side,37.42,30.58,171.18,168.85,173.78,179.18,173.0,174.85
1010,14,Side,39.14,30.56,164.39,163.8,175.62,179.42,174.21,179.94
1010,15,Side,43.05,32.94,169.64,157.71,172.95,178.9,173.2,174.66
1010,16,Side,44.35,32.87,161.67,143.5,175.12,179.2,175.36,174.5
1010,17,Side,49.13,41.77,167.01,150.79,177.11,179.51,176.85,175.43
1010,18,Side,40.75,45.36,149.74,146.35,179.52,177.93,177.15,178.53
1010,19,Side,36.13,45.4,140.19,146.35,179.77,177.79,177.22,178.64
1010,20,Side,32.2,43.98,137.07,143.86,179.59,173.95,176.97,170.26
1010,21,Side,43.46,35.5,145.06,128.19,177.57,174.71,174.09,174.61
1010,22,Side,38.58,36.55,143.97,132.08,179.44,173.35,175.36,171.7
1010,23,Side,37.9,39.8,150.0,133.08,178.99,174.18,175.65,175.65
1010,24,Side,40.92,39.8,156.55,127.8,179.18,174.15,176.0,175.62
1010,25,Side,38.89,35.18,149.93,112.52,179.36,174.07,176.3,175.59
1010,26,Side,37.55,39.19,139.43,117.22,178.28,172.28,176.46,171.2
1010,27,Side,36.61,36.7,138.23,137.55,174.09,172.05,170.54,175.63
1010,28,Side,32.34,37.54,140.53,147.29,175.33,170.05,173.61,174.26
1010,29,Side,38.96,35.73,163.97,139.32,175.91,170.25,170.79,174.33
1010,30,Side,38.9,34.08,173.68,144.17,176.2,170.37,173.33,175.84
1010,31,Side,39.04,31.98,172.35,148.32,176.17,170.5,171.53,174.37
1010,32,Side,29.61,34.77,179.35,167.08,177.93,168.36,169.97,167.77
1010,33,Side,27.13,34.21,177.61,171.5,177.38,170.52,170.24,173.05
1010,34,Side,26.6,32.83,177.68,174.56,177.36,170.46,170.5,173.19
1010,35,Side,25.71,30.79,176.77,173.94,175.83,170.47,168.11,171.42
1010,36,Side,27.29,27.19,176.99,169.35,175.7,169.51,168.41,171.17
1010,37,Side,28.11,30.35,176.11,170.75,175.7,171.18,168.11,175.66
1010,38,Side,28.07,25.76,170.88,156.29,176.5,170.75,168.11,176.76
1010,39,Side,28.74,31.21,164.78,166.54,175.4,171.83,174.43,179.35
1010,40,Side,28.85,32.6,153.65,165.67,174.3,164.69,171.71,162.5
1010,41,Side,30.47,36.28,141.01,163.62,173.24,168.48,170.43,169.2
1010,42,Side,33.67,44.86,137.19,158.39,179.96,175.76,171.83,177.38
1010,43,Side,40.85,44.93,132.66,152.67,178.34,175.72,173.49,177.7
1010,44,Side,35.76,41.12,115.41,152.79,176.77,175.83,174.79,179.3
1010,45,Side,33.54,43.89,122.16,151.16,177.08,172.55,176.21,172.75
1010,46,Side,40.77,41.3,137.69,145.79,173.93,176.75,176.01,174.81
1010,47,Side,44.6,36.87,141.54,143.97,173.44,176.31,176.01,172.73
1010,48,Side,42.64,33.17,142.51,139.01,175.44,179.94,175.15,174.58
1010,49,Side,43.13,37.73,145.29,145.55,176.71,178.95,175.27,177.1
1010,50,Side,39.36,32.9,145.59,138.12,178.13,178.42,176.93,179.06
1010,51,Side,38.7,32.04,154.47,140.69,179.13,174.91,179.02,177.76
1010,52,Side,36.64,35.57,157.51,152.21,179.25,176.02,179.75,179.46
1010,53,Side,35.62,33.77,163.66,153.43,175.64,176.05,165.96,179.46
1010,54,Side,36.41,32.89,168.65,155.68,174.86,176.0,167.91,175.29
1010,55,Side,34.63,32.19,169.57,156.23,172.72,174.5,169.63,177.34
1010,56,Side,30.62,30.69,164.2,160.1,170.52,174.54,169.01,176.0
1010,57,Side,32.7,28.74,170.31,161.04,172.62,174.66,169.78,174.43
1010,58,Side,32.64,25.75,171.2,162.88,173.93,174.59,175.71,172.18
1010,59,Side,30.04,26.57,170.06,169.44,175.86,176.05,176.93,174.47
1010,60,Side,25.74,28.46,164.64,175.73,174.11,176.29,171.38,179.15
1010,61,Side,30.09,29.72,170.77,178.95,175.19,176.33,169.99,179.57
1010,62,Side,26.75,28.9,164.9,174.77,174.17,175.4,169.7,180.0
1010,63,Side,25.69,29.27,160.0,171.13,174.29,173.99,169.05,177.68
1010,64,Side,26.07,28.56,155.92,171.13,176.0,175.74,173.55,171.03
1010,65,Side,28.77,28.67,156.14,169.71,176.03,177.45,174.04,171.4
1010,66,Side,31.37,28.18,158.76,163.83,178.42,179.93,167.85,171.54
1010,67,Side,36.58,27.31,160.35,158.55,178.15,179.85,175.85,171.22
1010,68,Side,40.45,30.17,162.62,153.07,179.76,174.56,172.12,174.7
1010,69,Side,34.26,32.63,151.22,150.65,178.38,174.53,171.43,174.5
1010,70,Side,34.93,33.21,146.6,128.86,176.04,173.82,166.43,174.33
1010,71,Side,34.7,30.58,136.24,127.38,176.48,172.45,168.66,177.04
1010,72,Side,36.74,29.16,134.82,126.88,175.81,175.96,171.44,176.73
1010,73,Side,37.53,29.16,132.65,115.11,175.39,175.96,170.86,178.41
1010,74,Side,47.82,29.33,146.44,112.82,173.37,175.79,170.79,178.41
1010,75,Side,50.19,29.24,150.26,110.54,173.53,175.87,169.98,178.45
1010,76,Side,49.5,39.1,144.87,123.82,175.5,176.92,171.87,178.49
1010,77,Side,43.61,41.45,138.19,133.96,173.8,177.54,171.25,180.0
1010,78,Side,45.3,40.84,161.37,138.86,173.8,173.52,170.54,170.32
1010,79,Side,37.17,47.35,151.03,142.34,173.8,171.5,167.66,170.29
1011,1,Side,25.35,31.1,137.15,128.78,176.42,170.12,168.29,174.57
1011,2,Side,24.12,30.16,138.54,143.78,175.61,171.18,168.4,174.55
1011,3,Side,24.39,36.96,143.57,162.95,173.91,172.45,167.21,174.46
1011,4,Side,19.84,35.94,138.54,168.91,171.38,172.32,167.1,173.09
1011,5,Side,22.86,33.37,146.88,156.02,173.42,177.73,167.64,168.13
1011,6,Side,19.89,27.49,161.88,149.61,173.27,176.96,171.55,166.79
1011,7,Side,18.27,29.11,153.63,147.37,178.24,178.04,174.29,168.01
1011,8,Side,22.77,29.86,153.92,145.34,174.69,175.47,172.85,169.71
1011,9,Side,25.49,32.68,156.46,142.36,174.57,175.47,172.73,172.74
1011,10,Side,26.33,32.5,147.53,136.39,174.48,174.4,172.61,172.79
1011,11,Side,27.27,34.63,148.47,131.93,176.38,174.4,174.28,172.79
1011,12,Side,26.42,29.7,150.78,133.43,177.3,174.04,174.21,176.05
1011,13,Side,26.42,26.86,154.65,139.11,175.57,172.22,170.08,179.81
1011,14,Side,25.56,28.19,156.47,153.43,178.26,172.29,171.42,179.74
1011,15,Side,25.56,32.52,160.56,168.28,178.09,173.03,179.79,179.64
1011,16,Side,22.64,31.5,160.47,172.55,175.33,175.06,178.31,176.05
1011,17,Side,23.47,33.5,157.62,170.93,179.14,173.03,177.95,179.83
1011,18,Side,24.62,32.39,161.74,167.71,178.15,172.39,179.87,179.89
1011,19,Side,24.85,34.09,163.16,166.75,177.4,170.54,178.15,176.63
1011,20,Side,25.77,35.18,159.22,167.09,176.48,173.17,178.32,178.32
1011,21,Side,29.93,41.48,154.12,168.3,173.69,168.0,174.88,174.79
1011,22,Side,28.02,36.17,159.44,153.81,174.58,173.23,172.96,178.27
1011,23,Side,24.89,36.04,159.54,150.29,177.36,173.49,174.47,178.28
1011,24,Side,20.17,40.25,151.14,153.37,179.76,169.47,176.07,172.24
1011,25,Side,19.18,40.01,151.69,148.32,180.0,169.55,169.11,173.98
1011,26,Side,21.94,41.15,162.23,141.46,179.1,169.48,168.69,173.67
1011,27,Side,19.18,38.6,154.18,145.02,180.0,174.19,172.87,180.0
1011,28,Side,19.98,37.49,150.9,155.5,180.0,174.1,172.57,179.92
1011,29,Side,18.43,36.47,151.59,158.54,180.0,174.82,175.03,177.81
1011,30,Side,16.8,35.53,149.21,165.79,177.68,174.75,173.34,177.89
1011,31,Side,17.06,36.5,150.42,176.29,175.43,177.17,171.87,179.45
1011,32,Side,18.99,37.69,151.5,167.55,174.5,176.26,176.99,178.35
1011,33,Side,18.84,40.01,148.53,165.18,176.8,176.15,178.53,178.35
1011,34,Side,19.48,38.23,148.93,154.27,176.72,175.93,173.88,178.47
1011,35,Side,20.91,39.64,151.89,148.32,176.63,175.48,173.79,179.42
1011,36,Side,22.25,38.61,154.76,138.49,180.0,176.04,175.6,178.35
1011,37,Side,21.15,38.99,133.52,130.15,177.12,177.98,180.0,179.86
1012,1,Side,22.1,31.07,147.11,168.84,179.98,166.88,177.46,164.1
1012,2,Side,24.07,24.96,156.5,168.82,178.91,176.96,176.35,172.24
1012,3,Side,22.58,22.9,158.05,170.2,176.9,177.07,175.24,172.32
1012,4,Side,19.46,19.9,161.27,163.09,176.64,169.66,174.29,171.48
1012,5,Side,22.06,24.07,166.92,171.03,179.7,167.66,176.57,169.71
1012,6,Side,17.82,24.91,164.26,176.88,177.04,168.92,174.81,170.39
1012,7,Side,16.77,20.76,159.08,169.66,177.91,168.9,175.76,170.12
1012,8,Side,16.35,18.14,153.35,164.54,178.74,170.57,177.11,170.62
1012,9,Side,16.67,21.21,150.21,162.14,179.76,164.87,178.18,167.71
1012,10,Side,15.5,18.5,143.13,158.2,179.79,167.58,179.61,166.25
1012,11,Side,15.65,17.55,139.48,150.12,178.96,168.91,178.03,170.19
1012,12,Side,16.24,15.09,137.73,139.94,178.9,167.44,177.97,172.45
1012,13,Side,15.29,15.27,129.66,132.55,178.96,167.44,179.49,172.37
1012,14,Side,15.91,16.1,129.17,129.94,179.08,169.64,178.31,171.68
1012,15,Side,18.9,15.67,126.92,123.59,179.14,170.49,179.87,172.58
1012,16,Side,18.69,16.69,116.54,112.85,178.92,170.69,175.99,175.43
1012,17,Side,17.04,18.06,122.61,110.77,178.41,170.96,177.88,175.22
1012,18,Side,15.14,16.57,128.34,120.94,177.75,172.93,175.6,175.13
1012,19,Side,17.98,18.53,134.81,121.03,179.11,172.02,176.88,176.17
1012,20,Side,19.37,20.66,140.89,137.75,179.11,169.89,176.93,173.74
1012,21,Side,17.81,19.22,146.71,139.18,179.05,169.97,176.76,173.59
1012,22,Side,17.86,18.53,150.26,144.67,176.81,169.6,176.05,170.19
1012,23,Side,16.9,18.13,144.85,150.64,177.58,169.96,177.49,172.9
1012,24,Side,17.45,17.14,147.37,152.05,178.55,171.66,177.04,174.1
1012,25,Side,17.7,15.31,147.2,152.5,179.46,171.78,178.61,173.94
1012,26,Side,15.06,13.57,138.4,149.26,179.67,173.39,178.74,177.06
1012,27,Side,16.74,14.53,138.73,148.31,179.66,171.79,178.74,175.11
1012,28,Side,16.7,16.44,130.91,147.39,179.58,171.75,179.76,175.16
1012,29,Side,17.51,15.69,130.17,143.37,177.82,171.65,176.25,177.7
1012,30,Side,19.14,16.31,136.58,137.54,178.84,171.53,179.91,177.74
1012,31,Side,20.1,18.39,136.33,133.23,177.91,171.51,177.61,176.65
1012,32,Side,20.58,18.05,136.82,129.67,177.85,171.49,177.58,177.73
1012,33,Side,21.1,17.16,130.69,120.98,177.57,171.49,177.28,177.65
1012,34,Side,18.02,15.72,108.95,103.5,179.83,175.29,179.8,178.92
1012,35,Side,19.12,16.92,109.57,96.96,179.81,175.18,178.33,179.7
1012,36,Side,18.67,14.84,114.27,112.17,178.29,173.29,177.45,176.91
1012,37,Side,19.23,16.23,129.9,125.78,179.48,172.98,178.74,176.91
1012,38,Side,17.12,12.82,140.58,133.41,177.51,172.25,177.74,175.97
1012,39,Side,17.1,13.57,142.83,150.39,177.51,174.12,177.7,177.27
1012,40,Side,17.84,16.53,154.52,162.46,177.3,173.93,177.81,173.75
1012,41,Side,17.89,15.71,157.96,169.52,175.6,176.67,176.01,173.49
1012,42,Side,18.45,14.4,153.07,163.96,174.73,175.93,175.36,173.71
1012,43,Side,16.87,13.36,148.74,153.0,178.98,175.92,178.22,172.34
1012,44,Side,16.19,13.06,140.5,145.88,178.01,176.19,176.13,174.69
1012,45,Side,16.76,13.55,134.17,139.16,178.09,176.13,176.28,174.81
1012,46,Side,17.38,14.91,134.18,131.51,178.91,176.13,176.41,177.66
1012,47,Side,17.22,13.25,127.4,126.75,179.02,174.45,176.35,176.5
1012,48,Side,17.22,13.13,127.4,115.93,179.02,174.37,176.25,176.1
1012,49,Side,19.2,13.92,126.7,100.86,179.33,172.49,179.84,174.52
1012,50,Side,26.08,13.83,133.28,88.33,179.93,172.38,179.59,174.5
1012,51,Side,24.03,15.66,122.81,71.97,179.86,173.92,179.45,179.57
1012,52,Side,21.82,17.77,128.39,86.97,177.82,174.28,179.35,179.57
1013,1,Side,26.67,21.3,78.76,90.0,176.01,174.96,178.36,174.96
1013,2,Side,27.76,22.05,91.68,95.96,176.76,172.81,178.41,173.56
1013,3,Side,25.22,23.99,110.32,105.42,178.04,172.94,177.06,173.3
1013,4,Side,24.48,26.03,130.21,126.08,178.11,174.52,178.7,178.26
1013,5,Side,24.29,29.15,150.57,144.71,178.38,174.6,178.67,178.26
1013,6,Side,24.23,24.81,161.78,147.18,178.52,174.22,178.59,178.26
1013,7,Side,24.92,25.44,154.65,150.21,177.83,173.58,178.59,180.0
1013,8,Side,24.85,25.37,148.75,146.43,176.35,173.66,179.96,178.41
1013,9,Side,25.52,27.88,139.38,143.6,174.81,175.8,176.82,178.49
1013,10,Side,25.03,30.85,120.98,144.32,174.07,177.4,176.82,177.05
1013,11,Side,25.73,31.76,109.8,140.67,174.07,177.35,176.82,179.95
1013,12,Side,26.44,27.81,111.8,122.49,178.23,174.81,178.77,175.36
1013,13,Side,28.26,27.06,110.49,111.8,178.1,176.25,179.39,178.33
1013,14,Side,27.19,25.61,97.88,101.75,175.43,173.57,174.47,176.91
1013,15,Side,27.13,25.52,92.4,91.53,178.21,173.66,179.76,176.73
1013,16,Side,27.19,23.19,82.55,81.64,176.76,173.91,178.61,176.73
1013,17,Side,26.8,22.76,97.41,83.67,176.13,173.75,174.29,176.73
1013,18,Side,25.67,22.59,116.75,94.62,175.36,173.91,174.64,176.82
1013,19,Side,21.63,22.95,133.28,107.24,177.62,174.29,176.08,176.82
1013,20,Side,25.01,27.74,151.64,137.18,176.03,172.88,174.64,173.69
1013,21,Side,21.74,25.84,142.11,150.26,177.3,170.63,177.4,172.18
1013,22,Side,21.68,29.6,127.8,136.34,176.13,171.35,174.81,172.22
1013,23,Side,24.19,27.45,115.76,113.34,176.13,166.87,173.66,167.47
1013,24,Side,25.84,28.34,112.62,107.67,179.64,166.98,176.69,169.25
1013,25,Side,25.32,28.25,87.72,98.93,175.24,168.72,173.83,168.1
1013,26,Side,28.49,28.25,81.72,88.97,179.78,167.57,175.91,166.75
1013,27,Side,27.28,29.69,90.29,101.04,175.56,166.29,173.93,167.85
1013,28,Side,26.2,29.6,110.57,119.27,178.91,167.76,175.02,170.96
1013,29,Side,26.28,31.44,131.32,142.85,179.11,167.62,175.09,170.82
1013,30,Side,26.07,30.63,151.59,154.56,178.26,168.93,177.71,173.87
1013,31,Side,24.49,28.42,163.51,154.88,179.6,174.99,179.03,176.71
1013,32,Side,24.07,27.5,149.35,146.67,178.41,177.16,173.29,175.47
1013,33,Side,23.83,32.82,134.28,149.47,177.61,176.24,174.96,175.47
1013,34,Side,23.83,26.37,124.84,133.87,178.76,178.32,177.33,176.35
1013,35,Side,23.8,28.02,109.06,129.32,177.65,179.46,176.19,176.93
1013,36,Side,22.32,28.98,100.28,121.26,177.31,179.4,172.27,175.66
1013,37,Side,28.11,30.32,97.39,99.16,179.65,177.74,176.62,177.04
1013,38,Side,31.63,31.35,86.22,93.37,180.0,176.61,179.9,176.27
1014,1,Front/Back,167.72,180.0,167.72,153.28,180.0,180.0,144.51,142.59
1014,2,Front/Back,180.0,180.0,180.0,149.38,174.69,180.0,146.11,140.88
1014,3,Front/Back,180.0,180.0,180.0,148.61,180.0,180.0,154.02,140.88
1014,4,Front/Back,170.65,180.0,180.0,166.28,170.65,180.0,156.87,139.24
1014,5,Front/Back,163.78,180.0,180.0,180.0,163.78,180.0,151.69,139.24
1014,6,Front/Back,159.01,166.87,180.0,180.0,159.01,166.87,146.61,139.24
1014,7,Front/Back,166.77,180.0,180.0,180.0,166.77,180.0,144.51,139.24
1014,8,Front/Back,177.71,162.4,180.0,162.4,177.71,180.0,149.03,139.24
1014,9,Front/Back,180.0,171.14,180.0,171.14,180.0,180.0,144.69,139.24
1014,10,Front/Back,180.0,171.14,180.0,171.14,180.0,180.0,144.69,140.86
1014,11,Front/Back,180.0,163.7,180.0,163.7,180.0,166.24,144.69,128.81
1014,12,Front/Back,180.0,143.19,180.0,143.19,180.0,166.04,149.29,128.64
1014,13,Front/Back,180.0,155.7,180.0,155.7,180.0,167.7,147.04,130.3
1014,14,Front/Back,168.64,148.85,168.64,126.74,180.0,162.1,149.03,124.69
1014,15,Front/Back,170.37,136.67,180.0,110.11,170.37,162.1,142.69,122.97
1014,16,Front/Back,138.43,136.67,151.87,103.63,166.57,162.1,138.93,122.97
1014,17,Front/Back,147.7,138.43,160.93,113.85,166.77,161.74,144.69,124.31
1014,18,Front/Back,146.46,148.91,159.69,123.44,166.77,166.58,146.8,130.95
1014,19,Front/Back,151.59,149.51,160.93,134.76,170.65,166.24,154.02,132.47
1014,20,Front/Back,147.7,141.39,160.93,160.47,166.77,160.92,163.97,150.25
1014,21,Front/Back,179.99,129.02,180.0,145.39,179.99,163.63,153.64,150.25
1014,22,Front/Back,139.09,138.6,162.41,151.73,156.69,166.87,159.85,148.18
1014,23,Front/Back,132.67,150.71,157.84,160.47,154.83,170.25,163.42,148.16
1014,24,Front/Back,141.75,180.0,164.9,171.54,156.85,180.0,151.07,144.35
1014,25,Front/Back,158.65,180.0,180.0,152.29,158.65,158.22,156.47,124.45
1014,26,Front/Back,156.64,180.0,180.0,150.52,156.64,162.58,153.64,125.17
1014,27,Front/Back,163.38,180.0,180.0,148.61,163.38,162.58,156.47,127.01
1014,28,Front/Back,143.9,157.67,164.9,142.2,159.01,157.95,163.42,132.14
1014,29,Front/Back,166.3,180.0,180.0,163.46,166.3,179.99,163.42,164.39
1014,30,Front/Back,170.01,175.96,180.0,170.16,170.01,175.96,179.99,169.47
1014,31,Front/Back,180.0,170.25,180.0,180.0,167.67,170.25,167.67,180.0
1014,32,Front/Back,179.98,179.98,179.97,179.98,179.98,179.98,179.98,179.98
1014,33,Front/Back,179.99,180.0,166.55,166.28,179.99,179.99,179.99,144.42
1014,34,Front/Back,180.0,180.0,180.0,180.0,176.49,161.33,165.1,127.73
1014,35,Front/Back,180.0,180.0,180.0,180.0,180.0,157.52,163.97,126.03
1014,36,Front/Back,180.0,180.0,161.68,180.0,180.0,154.28,159.85,122.99
1014,37,Front/Back,166.57,167.42,170.14,167.42,166.57,148.76,148.7,117.27
1014,38,Front/Back,157.31,156.02,160.63,142.31,166.57,157.91,146.39,115.61
1014,39,Front/Back,140.86,148.91,131.68,131.8,129.25,157.91,132.1,111.09
1015,1,Side,18.37,14.74,150.5,148.32,166.89,171.99,172.67,173.0
1015,2,Side,19.71,16.08,160.87,146.95,167.01,169.4,172.8,170.52
1015,3,Side,20.68,14.77,166.99,147.13,169.11,172.63,175.29,171.91
1015,4,Side,21.22,15.2,170.13,146.85,170.24,169.44,175.4,169.53
1015,5,Side,23.48,15.57,175.5,149.18,174.0,173.33,176.66,171.31
1015,6,Side,23.33,14.02,176.63,143.97,175.1,171.08,177.66,168.85
1015,7,Side,21.29,14.22,170.68,141.96,175.1,172.73,177.71,169.07
1015,8,Side,19.01,16.16,161.57,142.33,175.03,174.39,176.7,171.39
1015,9,Side,17.5,16.53,153.06,147.3,176.02,174.39,177.69,171.49
1015,10,Side,15.34,17.65,143.46,139.18,176.07,167.2,176.49,168.05
1015,11,Side,11.72,18.06,132.88,137.47,176.23,170.14,177.46,174.52
1015,12,Side,13.67,13.34,138.56,137.73,177.7,169.2,178.41,174.51
1015,13,Side,14.47,18.77,144.03,149.19,178.41,168.28,179.44,171.21
1015,14,Side,15.52,19.96,149.85,161.1,179.27,175.46,179.31,175.86
1015,15,Side,16.42,19.66,155.84,161.68,177.99,174.56,178.83,175.73
1015,16,Side,18.01,20.22,164.76,165.27,175.63,176.48,178.81,176.63
1015,17,Side,16.39,17.94,157.54,159.25,176.13,175.54,178.83,177.79
1015,18,Side,17.1,13.86,155.66,156.2,175.43,176.63,178.75,177.61
1015,19,Side,15.98,12.0,152.05,149.49,173.57,174.85,179.92,174.23
1015,20,Side,14.52,8.1,146.94,142.28,171.59,175.36,179.95,174.05
1015,21,Side,12.59,7.94,145.2,138.37,169.73,175.43,177.56,171.87
1015,22,Side,14.28,10.05,142.7,141.98,172.2,174.44,178.78,170.65
1015,23,Side,16.02,12.44,148.37,144.46,172.8,175.83,177.53,170.51
1015,24,Side,16.95,12.14,156.15,142.19,174.74,174.69,178.67,167.8
1015,25,Side,18.55,16.33,159.66,144.63,176.63,176.2,178.6,167.63
1015,26,Side,17.1,16.34,155.12,141.55,176.55,177.21,177.04,169.18
1015,27,Side,19.94,17.61,164.46,152.55,176.59,174.34,177.2,166.39
1015,28,Side,17.04,16.76,161.4,154.53,177.1,173.62,179.2,167.72
1015,29,Side,16.63,16.26,163.19,159.32,177.2,172.84,179.1,167.92
1015,30,Side,15.43,14.22,162.0,156.02,178.17,172.84,176.7,168.11
1015,31,Side,15.58,13.05,163.16,154.7,176.31,170.48,177.84,169.39
1015,32,Side,15.71,13.03,160.73,150.39,177.2,171.43,177.8,169.64
1015,33,Side,18.08,13.92,161.62,143.37,177.79,171.08,177.75,170.92
1015,34,Side,18.98,14.77,163.14,139.48,177.78,171.5,177.71,171.17
1015,35,Side,19.63,14.77,158.55,130.08,177.5,171.58,177.8,172.19
1015,36,Side,20.89,13.55,158.62,119.35,176.38,168.57,178.92,171.36
1015,37,Side,15.72,16.58,149.99,128.85,174.85,171.07,178.9,173.26
1015,38,Side,10.88,17.57,142.31,143.01,173.07,171.16,180.0,172.9
1016,1,Front/Back,130.78,156.4,94.97,127.81,124.96,156.4,150.19,153.91
1016,2,Front/Back,153.74,156.29,110.2,131.82,137.25,156.29,150.19,151.29
1016,3,Front/Back,150.94,156.29,112.19,139.04,141.89,148.71,143.52,172.42
1016,4,Front/Back,156.3,156.29,117.63,138.77,145.24,148.71,133.93,172.42
1016,5,Front/Back,121.07,180.0,114.11,147.67,132.5,151.92,155.43,151.92
1016,6,Front/Back,120.71,151.64,142.47,159.51,147.53,172.13,157.65,159.75
1016,7,Front/Back,179.98,179.98,179.97,179.97,179.98,179.98,179.97,179.97
1016,8,Front/Back,141.86,156.03,152.84,164.28,153.64,156.03,180.0,180.0
1016,9,Front/Back,135.18,153.29,164.06,148.22,151.12,153.29,180.0,177.98
1016,10,Front/Back,139.12,163.87,157.4,144.58,161.72,163.87,180.0,177.98
1016,11,Front/Back,132.11,151.98,150.57,153.38,161.54,143.15,180.0,164.58
1016,12,Front/Back,133.59,162.07,150.17,153.48,153.25,143.56,169.83,161.47
1016,13,Front/Back,133.12,180.0,147.58,152.82,148.1,156.13,162.56,156.13
1016,14,Front/Back,118.07,173.1,142.38,149.43,152.32,151.96,180.0,158.86
1016,15,Front/Back,122.24,142.08,130.43,127.38,156.2,143.25,180.0,158.86
1016,16,Front/Back,105.45,138.82,109.01,113.19,151.18,143.02,180.0,156.58
1016,17,Front/Back,141.3,158.86,141.28,138.49,161.72,164.8,150.08,131.55
1016,18,Front/Back,143.28,155.03,126.2,134.67,165.22,169.47,141.52,132.18
1016,19,Front/Back,144.97,155.03,126.21,136.9,180.0,169.99,153.43,136.81
1016,20,Front/Back,149.03,138.15,135.36,123.59,180.0,168.9,153.43,146.83
1016,21,Front/Back,128.92,142.22,125.62,114.44,163.09,168.59,163.37,151.72
1016,22,Front/Back,128.73,127.33,133.94,111.45,157.71,154.7,163.18,160.31
1016,23,Front/Back,125.03,123.43,131.8,122.06,153.52,150.81,159.38,151.52
1016,24,Front/Back,121.78,136.27,133.9,133.69,152.27,153.41,163.18,156.87
1016,25,Front/Back,120.62,128.81,126.21,138.22,156.51,162.09,168.1,156.87
1016,26,Front/Back,114.38,123.74,125.09,138.22,153.91,157.02,180.0,156.87
1016,27,Front/Back,114.49,131.06,120.6,127.29,145.63,162.33,158.61,160.05
1016,28,Front/Back,114.85,128.73,115.98,112.9,141.28,159.43,166.23,151.01
1016,29,Front/Back,116.22,145.73,103.89,123.15,143.56,158.56,134.03,132.29
1016,30,Front/Back,121.06,160.7,104.95,126.9,140.36,162.02,119.2,121.03
1016,31,Front/Back,142.05,151.43,118.75,129.69,140.06,154.6,118.31,116.01
1016,32,Front/Back,118.27,179.99,118.94,148.81,144.66,158.86,127.24,121.54
1016,33,Front/Back,123.54,154.27,136.3,146.26,148.84,155.19,133.47,132.76
1016,34,Front/Back,120.51,142.9,126.1,154.0,153.5,142.94,156.38,154.04
1016,35,Front/Back,128.32,170.16,154.86,170.16,153.46,172.42,180.0,172.42
1016,36,Front/Back,114.47,131.8,144.59,150.31,149.88,161.49,180.0,177.98
1016,37,Front/Back,114.84,131.52,144.97,156.66,149.86,154.86,180.0,180.0
1016,38,Front/Back,128.2,126.29,132.73,151.52,152.22,154.77,180.0,180.0
1016,39,Front/Back,127.7,130.66,125.54,154.53,152.27,156.13,168.1,177.66
1016,40,Front/Back,146.23,157.27,124.82,157.27,168.29,159.13,178.78,159.13
1016,41,Front/Back,121.83,139.25,108.53,150.92,160.18,142.18,168.1,153.85
1016,42,Front/Back,104.63,155.85,106.32,155.85,151.01,162.82,180.0,151.23
1016,43,Front/Back,111.34,157.49,98.65,145.53,140.21,157.21,131.83,131.28
1016,44,Front/Back,115.63,154.8,91.51,121.83,134.9,148.5,127.85,125.11
1016,45,Front/Back,116.72,146.4,89.24,109.57,134.8,148.78,120.37,115.61
1016,46,Front/Back,107.63,146.0,90.81,112.21,154.79,152.69,141.94,113.7
1016,47,Front/Back,105.52,150.09,90.37,119.12,153.49,154.54,148.34,119.42
1016,48,Front/Back,106.92,142.64,90.79,117.91,152.27,149.97,153.6,128.39
1016,49,Front/Back,123.37,117.41,103.4,121.84,159.26,153.29,163.37,144.75
1016,50,Front/Back,117.9,125.0,116.55,121.35,156.26,153.29,178.78,151.37
1016,51,Front/Back,102.9,117.66,109.26,128.73,148.74,154.64,180.0,163.81
1016,52,Front/Back,101.68,113.25,101.64,129.33,146.62,151.96,180.0,168.72
1016,53,Front/Back,98.31,121.37,102.87,130.83,144.6,154.64,163.18,157.11
1016,54,Front/Back,96.99,137.98,101.41,136.77,144.6,158.72,163.37,140.99
1016,55,Front/Back,94.72,144.28,98.97,131.51,143.63,158.72,180.0,140.99
1016,56,Front/Back,100.95,151.41,90.64,136.78,131.68,149.85,150.57,140.26
1016,57,Front/Back,104.9,161.63,94.59,143.8,132.58,159.13,138.8,122.2
1016,58,Front/Back,131.47,161.63,111.7,153.13,150.1,156.87,127.94,116.07
1016,59,Front/Back,133.32,162.86,116.4,162.86,149.97,156.33,125.29,115.34
1016,60,Front/Back,132.37,167.02,130.24,167.02,146.9,154.04,125.2,116.74
1016,61,Front/Back,132.96,180.0,130.33,165.71,155.18,156.13,129.92,127.42
1016,62,Front/Back,149.39,180.0,145.04,180.0,156.88,158.86,130.15,127.89
1016,63,Front/Back,144.18,180.0,147.4,180.0,157.42,170.63,143.27,141.89
1016,64,Front/Back,139.32,145.22,134.31,156.63,161.38,168.59,163.37,153.79
1016,65,Front/Back,146.78,139.91,143.64,154.0,163.42,165.91,180.0,159.86
1016,66,Front/Back,125.15,120.56,134.97,145.34,152.9,155.22,180.0,177.66
1016,67,Front/Back,111.39,125.69,129.67,147.3,144.65,158.39,180.0,163.59
1016,68,Front/Back,128.04,131.76,135.12,150.09,151.12,161.67,180.0,156.58
1016,69,Front/Back,131.13,138.96,136.49,150.87,156.2,168.09,180.0,153.79
1016,70,Front/Back,136.24,149.37,133.88,149.38,149.42,166.42,149.76,135.35
1016,71,Front/Back,113.28,132.22,118.95,146.72,141.13,143.54,137.45,127.21
1016,72,Front/Back,111.41,142.02,114.16,133.21,138.26,150.39,129.28,111.28
1016,73,Front/Back,115.08,141.95,113.88,112.05,140.02,146.29,114.3,100.28
1017,1,Front/Back,145.03,118.67,163.79,108.77,145.03,138.12,160.64,171.75
1017,2,Front/Back,179.98,179.98,179.98,179.98,179.98,179.98,179.98,179.98
1017,3,Front/Back,180.0,180.0,176.36,180.0,165.5,158.61,161.82,158.6
1017,4,Front/Back,167.07,167.02,177.03,158.26,167.07,154.15,175.68,157.26
1017,5,Front/Back,165.12,154.75,166.94,159.52,153.23,154.75,168.12,180.0
1017,6,Front/Back,138.0,138.56,174.66,146.42,143.34,147.33,170.02,180.0
1017,7,Front/Back,163.08,140.55,180.0,136.51,155.75,151.34,172.67,180.0
1017,8,Front/Back,168.54,161.09,180.0,135.1,168.54,154.07,161.41,156.33
1017,9,Front/Back,180.0,180.0,161.24,142.44,151.03,151.22,151.03,151.22
1017,10,Front/Back,137.83,139.56,130.24,130.94,138.64,147.66,140.36,131.14
1017,11,Front/Back,156.95,154.14,128.24,131.69,141.93,137.78,115.52,125.71
1017,12,Front/Back,180.0,144.04,145.79,126.72,151.96,136.71,124.1,130.92
1017,13,Front/Back,124.64,130.0,132.35,126.09,152.79,134.57,147.26,140.95
1017,14,Front/Back,170.86,142.45,169.23,141.93,170.86,142.6,153.1,163.9
1017,15,Front/Back,164.39,180.0,180.0,153.51,164.39,151.85,166.17,151.85
1017,16,Front/Back,149.74,168.44,180.0,154.94,149.74,160.94,180.0,156.11
1017,17,Front/Back,164.94,180.0,173.43,153.99,164.94,164.25,150.26,141.11
1017,18,Front/Back,180.0,180.0,166.3,148.82,180.0,158.88,148.57,130.49
1017,19,Front/Back,180.0,180.0,165.56,150.43,173.08,157.37,140.24,123.04
1017,20,Front/Back,171.02,174.0,162.37,142.82,154.81,153.3,135.36,123.26
1017,21,Front/Back,141.58,156.25,145.84,113.71,146.92,141.64,180.0,141.64
1017,22,Front/Back,148.54,140.03,151.07,123.52,148.55,132.12,169.57,155.84
1017,23,Front/Back,126.13,142.31,147.14,133.23,140.23,144.9,147.03,155.25
1017,24,Front/Back,160.0,145.72,152.75,119.28,143.3,139.42,123.01,123.64
1017,25,Front/Back,143.3,135.66,132.67,117.29,135.71,132.75,128.23,126.09
1017,26,Front/Back,143.9,166.8,156.22,138.39,143.9,148.84,153.43,148.84
1017,27,Front/Back,143.11,157.53,171.0,148.57,152.11,157.53,148.67,155.11
1017,28,Front/Back,142.13,159.0,171.0,153.51,151.13,159.0,149.9,159.01
1017,29,Front/Back,161.13,164.92,180.0,152.49,161.13,143.68,158.49,139.25
1017,30,Front/Back,133.95,147.25,163.56,145.56,141.57,130.81,171.18,153.13
1017,31,Front/Back,130.66,141.99,161.2,145.24,149.46,132.13,180.0,153.13
1017,32,Front/Back,147.9,141.99,178.2,128.98,134.87,129.88,165.17,150.89
1017,33,Front/Back,156.44,160.57,159.31,115.59,132.45,141.71,150.91,141.71
1017,34,Front/Back,151.13,164.22,146.5,119.23,139.3,139.92,133.19,136.87
1017,35,Front/Back,164.16,180.0,138.66,131.84,139.72,136.71,116.26,111.61
1017,36,Front/Back,153.17,166.03,129.57,125.8,139.4,137.54,105.21,103.21
1017,37,Front/Back,151.79,166.03,129.81,125.8,139.01,137.54,104.82,103.21
1018,1,Front/Back,166.14,121.19,166.52,112.93,166.14,148.76,146.34,142.49
1018,2,Front/Back,180.0,147.87,180.0,133.52,170.49,157.02,140.13,132.53
1018,3,Front/Back,158.98,163.87,158.98,139.36,152.67,163.87,125.59,134.85
1018,4,Front/Back,163.95,159.03,163.95,139.36,180.0,159.03,143.92,139.81
1018,5,Front/Back,180.0,157.11,180.0,180.0,153.43,157.11,134.37,148.43
1018,6,Front/Back,147.7,157.11,147.7,144.42,149.06,157.11,129.99,148.59
1018,7,Front/Back,161.9,159.03,161.9,180.0,180.0,159.03,143.92,165.78
1018,8,Front/Back,156.25,161.24,156.25,140.38,180.0,161.24,143.92,165.68
1018,9,Front/Back,122.29,141.03,136.15,150.27,159.19,157.02,139.73,180.0
1018,10,Front/Back,120.15,115.0,137.46,117.95,162.69,145.97,146.34,180.0
1018,11,Front/Back,122.6,148.76,136.15,130.97,166.45,148.76,154.73,180.0
1018,12,Front/Back,126.88,120.78,143.42,123.93,156.52,148.76,155.45,142.49
1018,13,Front/Back,139.57,124.01,156.67,126.85,162.9,151.98,161.58,155.79
1018,14,Front/Back,147.05,125.65,156.67,131.36,170.38,153.63,167.44,160.29
1018,15,Front/Back,140.87,131.15,150.49,152.01,170.38,159.13,166.55,160.05
1018,16,Front/Back,136.52,129.67,145.69,150.65,170.83,159.03,166.55,180.0
1018,17,Front/Back,154.92,161.16,154.92,150.84,180.0,161.16,166.55,180.0
1018,18,Front/Back,156.25,159.03,156.25,144.42,180.0,159.03,160.93,165.68
1018,19,Front/Back,161.9,158.95,161.9,142.67,173.05,158.95,159.6,165.68
1018,20,Front/Back,170.34,150.15,170.34,142.67,173.05,150.15,159.6,165.68
1018,21,Front/Back,162.16,122.58,162.16,114.18,180.0,150.15,161.58,180.0
1018,22,Front/Back,145.82,127.38,165.15,120.82,160.67,151.69,156.6,142.49
1018,23,Front/Back,157.6,116.67,137.29,123.93,157.6,144.65,133.69,142.49
1018,24,Front/Back,155.43,120.78,180.0,127.43,155.43,148.76,133.69,151.74
1018,25,Front/Back,157.6,109.63,180.0,124.58,157.6,144.72,141.34,148.43
1018,26,Front/Back,155.43,147.75,180.0,149.33,155.43,163.74,156.6,151.98
1018,27,Front/Back,179.98,179.98,179.97,179.97,179.98,179.98,179.98,179.98
1018,28,Front/Back,153.07,170.49,153.07,138.46,158.72,170.49,144.61,155.79
1018,29,Front/Back,153.07,170.49,153.07,144.19,158.72,170.49,144.61,155.79
1018,30,Front/Back,154.72,178.01,154.72,147.42,157.67,166.7,144.22,144.29
1018,31,Front/Back,148.38,147.34,148.38,138.46,153.43,147.34,153.43,155.79
1018,32,Front/Back,140.88,129.45,140.88,123.54,180.0,157.02,156.6,151.8
1018,33,Front/Back,177.9,131.19,177.9,139.14,180.0,151.73,152.91,139.76
1019,1,Front/Back,152.61,148.85,128.93,149.34,152.61,148.85,140.27,144.44
1019,2,Front/Back,129.08,135.63,114.1,130.94,149.76,148.85,140.23,146.63
1019,3,Front/Back,125.46,123.25,114.33,123.68,147.11,146.31,143.13,148.96
1019,4,Front/Back,129.04,138.28,123.02,141.46,147.09,146.31,149.7,154.18
1019,5,Front/Back,124.48,147.15,148.87,180.0,147.07,147.15,154.86,154.18
1019,6,Front/Back,124.48,127.55,157.41,163.48,147.07,144.06,180.0,167.67
1019,7,Front/Back,147.94,123.0,180.0,157.36,147.94,145.64,180.0,180.0
1019,8,Front/Back,172.52,150.33,158.44,144.9,149.99,135.26,157.46,148.99
1019,9,Front/Back,145.6,144.93,139.6,144.66,139.95,138.33,158.62,151.86
1019,10,Front/Back,180.0,142.99,180.0,156.53,160.02,146.77,160.02,160.3
1019,11,Front/Back,179.98,179.98,179.98,179.98,179.98,179.98,179.98,179.98
1019,12,Front/Back,172.92,179.99,153.43,163.61,172.92,179.99,159.61,151.46
1019,13,Front/Back,167.64,151.31,142.48,161.65,163.7,169.66,148.24,147.78
1019,14,Front/Back,143.83,157.36,132.23,164.92,154.67,158.32,146.28,136.02
1019,15,Front/Back,156.95,154.92,138.42,158.07,156.95,152.71,142.14,123.58
1019,16,Front/Back,126.53,162.0,119.28,166.98,151.67,156.75,140.31,139.13
1019,17,Front/Back,130.07,150.91,128.6,174.08,151.63,156.83,145.21,147.72
1019,18,Front/Back,132.06,154.61,153.87,180.0,151.6,154.61,147.39,148.89
1019,19,Front/Back,115.38,156.82,148.94,180.0,146.43,156.82,150.95,155.57
1019,20,Front/Back,131.54,154.6,160.92,180.0,150.61,154.6,149.73,155.57
1019,21,Front/Back,132.92,144.82,163.22,172.26,149.69,152.57,161.49,158.77
1019,22,Front/Back,150.61,152.56,179.99,180.0,150.61,152.56,154.98,162.52
1019,23,Front/Back,150.61,125.52,164.61,159.77,150.61,145.75,152.34,151.4
1019,24,Front/Back,130.78,125.11,142.26,146.36,145.67,144.95,152.27,151.39
1019,25,Front/Back,154.59,155.69,155.18,160.84,154.59,155.69,146.43,148.9
1019,26,Front/Back,151.56,156.82,157.62,167.7,151.56,156.82,145.36,150.13
1019,27,Front/Back,152.52,148.3,143.32,141.55,152.53,165.19,155.26,142.36
1019,28,Front/Back,108.05,133.96,114.61,131.71,143.98,138.64,162.0,126.98
1019,29,Front/Back,99.45,120.7,111.21,133.23,136.14,129.81,159.04,125.14
1019,30,Front/Back,132.45,159.24,122.02,149.34,130.76,144.42,140.77,128.56
1019,31,Front/Back,152.54,152.57,159.28,159.1,146.5,152.57,159.84,145.52
1019,32,Front/Back,127.15,118.37,153.6,154.38,153.55,143.99,156.53,154.14
1019,33,Front/Back,154.59,117.52,165.23,152.71,154.59,144.8,161.41,157.11
1019,34,Front/Back,148.25,120.02,175.71,154.38,152.54,145.64,157.9,155.57
1019,35,Front/Back,128.32,127.04,157.7,157.83,150.61,146.45,157.9,155.56
1019,36,Front/Back,124.82,125.77,154.21,155.82,150.61,149.94,165.67,155.57
1019,37,Front/Back,113.88,129.81,147.58,162.48,146.3,147.33,171.68,154.18
1019,38,Front/Back,126.42,131.53,145.12,144.87,147.11,149.05,154.85,152.79
1019,39,Front/Back,130.95,133.89,135.86,154.4,147.11,148.18,144.14,151.42
1019,40,Front/Back,153.55,156.81,148.88,180.0,153.55,156.81,145.19,148.93
1019,41,Front/Back,152.61,156.81,158.04,166.98,152.61,156.81,139.3,144.44
1020,1,Front/Back,111.65,108.79,96.03,127.09,138.5,143.38,131.49,142.07
1020,2,Front/Back,132.17,119.34,120.01,153.43,154.24,145.9,133.9,136.99
1020,3,Front/Back,138.21,131.46,128.56,162.77,154.1,148.69,130.8,142.01
1020,4,Front/Back,142.11,140.48,137.73,168.58,154.24,151.9,135.43,149.95
1020,5,Front/Back,158.35,151.9,159.81,180.0,158.35,151.9,138.48,152.23
1020,6,Front/Back,163.65,180.0,159.72,180.0,163.65,158.72,147.75,142.99
1020,7,Front/Back,180.0,153.43,153.47,180.0,180.0,153.43,149.69,154.83
1020,8,Front/Back,163.65,142.23,157.37,180.0,163.65,142.23,147.59,157.55
1020,9,Front/Back,146.24,119.1,147.7,161.42,146.25,137.69,147.59,160.86
1020,10,Front/Back,133.05,109.19,138.6,154.61,146.25,134.58,149.86,164.93
1020,11,Front/Back,120.62,105.71,114.87,150.31,143.58,135.4,151.94,154.69
1020,12,Front/Back,159.35,99.8,132.48,145.55,155.65,134.25,156.14,154.69
1020,13,Front/Back,163.94,95.79,126.19,141.54,149.88,134.25,145.95,154.83
1020,14,Front/Back,171.27,92.32,126.19,137.07,171.27,135.24,140.05,164.56
1020,15,Front/Back,125.34,103.98,108.58,138.17,149.17,136.32,140.16,142.18
1020,16,Front/Back,149.04,109.18,102.01,115.8,151.86,137.37,110.49,138.73
1020,17,Front/Back,137.78,119.89,95.74,128.2,148.63,143.23,102.27,137.25
1020,18,Front/Back,143.2,127.07,97.22,159.8,147.08,147.27,105.46,144.17
1020,19,Front/Back,127.25,134.51,109.3,144.5,150.68,145.82,130.26,150.24
1020,20,Front/Back,136.42,150.35,128.03,180.0,157.7,150.35,133.06,160.86
1020,21,Front/Back,145.6,153.54,159.23,180.0,153.8,153.54,141.66,180.0
1020,22,Front/Back,170.84,157.13,144.98,180.0,158.27,157.13,147.28,180.0
1020,23,Front/Back,180.0,161.37,136.17,180.0,180.0,161.37,164.13,168.59
1020,24,Front/Back,179.98,179.98,179.98,179.97,179.98,179.98,179.98,179.98
1020,25,Front/Back,150.71,171.06,138.43,131.95,149.48,169.38,157.73,178.32
1020,26,Front/Back,117.14,164.09,100.67,143.99,127.08,164.09,143.15,180.0
1020,27,Front/Back,109.74,150.95,103.02,127.02,124.65,161.55,155.85,180.0
1020,28,Front/Back,121.16,180.0,101.12,129.52,139.23,169.44,136.47,169.44
1020,29,Front/Back,156.07,172.36,121.19,157.11,142.63,180.0,128.29,146.09
1020,30,Front/Back,141.73,146.89,110.75,140.58,157.65,171.06,127.44,142.18
1020,31,Front/Back,151.99,111.01,109.94,137.47,170.27,153.54,132.17,137.1
1020,32,Front/Back,157.04,144.66,117.17,144.66,158.14,180.0,113.26,142.18
1020,33,Front/Back,179.99,154.61,144.44,154.61,158.37,180.0,121.97,138.73
1020,34,Front/Back,157.63,144.82,143.39,169.4,151.84,155.42,132.95,145.81
1020,35,Front/Back,126.31,152.02,150.23,179.99,124.96,152.03,148.9,154.69
1020,36,Front/Back,132.54,155.42,154.34,180.0,127.27,155.42,149.07,180.0
1020,37,Front/Back,158.55,143.38,180.0,180.0,155.8,143.38,177.26,180.0
1020,38,Front/Back,156.21,148.76,155.52,180.0,156.21,148.76,180.0,180.0
1020,39,Front/Back,140.34,150.24,139.47,180.0,156.39,150.24,176.71,180.0
1020,40,Front/Back,138.56,145.78,123.13,172.36,156.07,153.43,163.51,160.86
1020,41,Front/Back,104.07,151.79,97.74,148.75,144.29,151.79,160.24,160.86
1020,42,Front/Back,123.81,106.1,101.99,132.5,147.24,142.14,157.22,155.02
1020,43,Front/Back,128.22,100.18,106.64,139.25,148.73,140.93,157.22,150.24
1020,44,Front/Back,142.86,103.66,114.67,140.27,152.09,143.38,157.82,142.18
1020,45,Front/Back,158.08,112.95,122.5,143.96,144.3,148.99,144.04,135.34
1021,1,Front/Back,176.41,126.15,130.23,105.97,162.87,143.21,124.59,120.7
1021,2,Front/Back,180.0,133.5,135.7,115.73,162.59,148.14,130.0,123.47
1021,3,Front/Back,157.61,148.51,116.98,127.61,152.86,164.87,130.99,138.58
1021,4,Front/Back,155.36,163.64,130.6,137.79,158.16,167.62,138.9,149.56
1021,5,Front/Back,180.0,150.66,165.58,141.7,158.16,160.74,138.6,162.14
1021,6,Front/Back,179.98,179.99,179.98,179.98,179.99,179.99,179.98,179.98
1021,7,Front/Back,180.0,156.42,180.0,148.46,158.16,153.24,148.8,160.67
1021,8,Front/Back,180.0,154.89,157.41,132.76,158.03,151.56,144.56,158.99
1021,9,Front/Back,180.0,151.48,151.44,122.12,166.99,155.49,166.99,138.57
1021,10,Front/Back,180.0,144.19,148.05,116.47,150.29,153.5,150.29,138.27
1021,11,Front/Back,180.0,137.97,148.16,107.44,149.27,150.44,149.27,138.18
1021,12,Front/Back,169.55,126.82,137.6,101.58,151.48,150.84,151.48,141.69
1021,13,Front/Back,142.14,112.06,104.92,97.72,144.64,146.41,154.01,146.66
1021,14,Front/Back,141.33,102.57,100.83,89.65,149.92,144.99,137.48,139.46
1021,15,Front/Back,180.0,121.15,133.67,105.06,159.64,148.29,132.72,134.29
1021,16,Front/Back,173.93,135.8,132.23,115.99,159.78,157.15,124.77,128.96
1021,17,Front/Back,180.0,128.28,140.76,117.17,161.53,155.96,129.46,133.71
1021,18,Front/Back,180.0,125.59,143.49,119.28,163.46,154.75,134.41,138.72
1021,19,Front/Back,180.0,128.86,155.24,149.89,158.47,154.16,134.62,141.96
1021,20,Front/Back,180.0,138.45,157.41,131.22,158.66,161.69,139.1,159.75
1021,21,Front/Back,180.0,134.6,159.84,126.2,157.31,149.37,157.31,161.43
1021,22,Front/Back,180.0,132.94,155.37,117.56,157.12,149.35,157.12,161.28
1021,23,Front/Back,180.0,139.15,155.24,112.13,160.31,147.6,160.31,157.78
1021,24,Front/Back,172.01,139.3,145.33,110.82,160.31,160.56,160.31,150.95
1021,25,Front/Back,162.1,145.66,131.85,111.99,172.25,162.12,172.25,149.5
1021,26,Front/Back,158.3,152.19,124.76,112.88,180.0,161.96,150.68,137.29
1021,27,Front/Back,133.29,123.96,110.49,102.33,147.17,138.65,142.23,135.53
1021,28,Front/Back,123.79,93.05,118.7,92.51,148.11,132.72,141.13,137.05
1021,29,Front/Back,172.01,89.0,143.81,118.43,171.84,130.99,141.01,135.89
1021,30,Front/Back,143.04,92.35,120.68,129.09,160.23,143.26,138.38,139.82
1021,31,Front/Back,180.0,119.4,138.91,145.65,171.84,153.76,136.67,138.88
1021,32,Front/Back,180.0,124.8,142.41,134.73,180.0,154.91,147.62,142.1
1021,33,Front/Back,180.0,136.59,150.21,131.75,180.0,149.37,150.95,150.09
1021,34,Front/Back,180.0,136.03,160.16,124.69,180.0,152.24,158.4,160.14
1021,35,Front/Back,180.0,129.48,161.3,118.48,173.3,152.65,159.59,164.02
1021,36,Front/Back,138.85,107.86,128.29,107.5,161.27,143.69,173.3,164.02
1021,37,Front/Back,180.0,130.7,150.21,114.4,180.0,148.37,158.13,152.47
1021,38,Front/Back,180.0,130.98,144.34,111.93,161.3,147.43,141.74,139.46
1021,39,Front/Back,180.0,126.02,137.86,111.84,162.33,143.78,134.85,138.46
1021,40,Front/Back,128.87,124.97,112.71,118.16,161.77,154.6,139.53,132.57
1021,41,Front/Back,174.54,125.07,142.93,106.35,170.87,153.49,126.78,129.73
1021,42,Front/Back,180.0,118.54,132.67,108.93,167.36,151.32,128.31,130.66
1022,1,Side,24.87,30.28,145.72,144.13,175.73,178.15,172.01,177.39
1022,2,Side,24.32,28.61,150.16,148.87,178.35,180.0,175.53,178.49
1022,3,Side,24.32,29.01,158.48,159.74,179.06,178.12,177.72,179.05
1022,4,Side,23.69,29.01,165.09,164.93,179.86,178.12,179.75,179.62
1022,5,Side,24.27,29.01,169.74,175.55,179.81,178.12,179.53,179.68
1022,6,Side,22.74,28.99,170.67,177.66,179.7,178.04,178.82,179.92
1022,7,Side,24.81,27.69,175.51,178.87,179.66,177.23,178.92,178.15
1022,8,Side,22.17,26.99,171.13,179.09,178.88,177.21,179.53,178.12
1022,9,Side,21.65,26.35,172.38,178.44,178.88,177.21,179.33,178.12
1022,10,Side,21.65,25.67,173.29,176.82,177.91,177.2,178.51,178.09
1022,11,Side,18.21,25.2,165.78,176.59,179.77,180.0,179.41,178.83
1022,12,Side,18.67,26.57,161.25,172.18,179.91,180.0,179.08,178.81
1022,13,Side,22.63,27.9,162.55,164.87,180.0,180.0,179.83,178.78
1022,14,Side,24.47,29.2,159.36,154.74,179.08,179.05,179.96,176.5
1022,15,Side,24.47,30.47,154.04,141.02,179.97,179.05,178.18,176.38
1022,16,Side,24.9,31.4,145.39,127.18,179.06,176.29,179.09,172.94
1022,17,Side,24.89,27.82,143.02,124.16,179.05,179.09,179.55,176.08
1022,18,Side,25.49,30.47,142.46,134.5,178.2,179.08,174.09,176.14
1022,19,Side,23.54,28.5,137.82,129.12,179.08,179.08,176.6,176.21
1022,20,Side,23.1,27.9,129.58,134.29,178.89,179.08,176.56,175.98
1022,21,Side,25.02,26.36,129.21,127.81,178.97,177.27,176.57,176.05
1022,22,Side,23.68,28.18,138.84,137.81,178.97,179.08,176.53,176.99
1022,23,Side,24.46,28.44,145.14,141.58,178.87,179.06,174.85,177.85
1022,24,Side,24.57,27.9,146.14,145.97,178.73,179.09,174.88,177.73
1022,25,Side,22.78,27.26,129.19,150.95,178.61,179.08,174.79,176.29
1022,26,Side,19.77,29.73,127.18,158.85,178.57,179.68,176.17,177.54
1022,27,Side,20.34,30.81,138.71,165.9,177.59,178.62,176.08,179.18
1022,28,Side,19.08,28.96,144.67,167.3,179.81,179.4,175.12,179.98
1022,29,Side,21.3,27.61,162.49,166.33,179.85,179.38,178.21,179.98
1022,30,Side,20.8,26.95,166.61,169.69,179.85,179.34,178.24,179.92
1022,31,Side,19.88,21.8,165.73,159.09,179.88,177.51,179.91,179.3
1022,32,Side,20.34,24.68,168.69,172.67,179.88,177.4,179.95,179.08
1022,33,Side,20.76,22.86,168.31,174.21,179.97,173.57,178.58,175.39
1022,34,Side,20.28,24.68,169.82,175.62,179.97,177.27,179.55,177.27
1022,35,Side,20.77,22.71,172.36,170.04,179.94,179.03,179.42,178.12
1022,36,Side,20.28,22.15,172.79,166.26,178.78,179.89,178.1,179.57
1022,37,Side,20.31,22.17,165.96,158.1,178.97,179.01,178.36,178.09
1022,38,Side,20.31,24.12,160.14,156.22,179.02,179.97,178.47,179.05
1022,39,Side,19.35,25.91,149.74,146.87,177.27,179.06,179.49,179.58
1022,40,Side,21.3,24.57,145.84,128.6,179.02,179.06,179.52,179.54
1022,41,Side,21.35,27.52,137.49,122.57,178.94,179.05,179.62,178.49
1022,42,Side,21.3,25.17,133.32,105.77,179.88,177.1,179.65,179.08
1023,1,Side,28.25,32.53,81.03,65.85,179.44,175.25,178.88,174.51
1023,2,Side,30.23,30.81,89.1,64.8,179.77,174.98,179.06,174.88
1023,3,Side,28.12,27.85,108.51,71.44,179.79,175.12,177.27,177.2
1023,4,Side,27.42,26.75,145.18,147.01,179.79,175.59,172.18,177.16
1023,5,Side,23.7,22.87,164.7,162.32,179.51,176.17,172.49,177.7
1023,6,Side,25.07,22.06,168.95,171.03,178.08,177.57,171.44,176.9
1023,7,Side,20.05,19.9,165.32,170.04,179.47,178.37,173.32,174.52
1023,8,Side,17.74,20.17,161.32,172.69,179.51,179.94,173.67,176.88
1023,9,Side,17.54,18.22,162.5,169.3,177.58,179.91,175.03,176.82
1023,10,Side,17.45,18.56,164.47,167.44,178.85,179.49,177.36,175.4
1023,11,Side,19.86,17.9,167.06,165.25,174.91,176.49,173.64,178.94
1023,12,Side,19.57,17.24,167.33,168.7,176.82,178.2,176.1,177.88
1023,13,Side,19.61,17.3,160.36,163.58,176.78,178.15,176.19,177.88
1023,14,Side,17.97,18.66,149.74,160.36,176.78,179.43,177.4,172.79
1023,15,Side,20.72,20.76,154.33,153.68,176.63,178.97,177.34,176.82
1023,16,Side,17.51,23.9,135.69,145.39,179.18,177.4,179.59,178.06
1023,17,Side,20.22,22.61,137.51,96.69,178.45,177.24,177.57,178.15
1023,18,Side,29.49,28.89,153.12,90.46,178.5,172.61,175.03,178.09
1023,19,Side,33.52,30.88,162.0,98.37,179.41,172.75,172.74,176.31
1023,20,Side,34.29,29.58,158.73,123.73,179.3,173.85,172.38,176.31
1023,21,Side,23.0,27.15,146.62,154.82,178.92,174.96,174.12,176.42
1023,22,Side,22.29,25.07,155.56,164.66,179.76,174.29,174.62,178.32
1023,23,Side,20.96,22.18,162.05,159.83,179.57,174.52,177.77,178.41
1023,24,Side,21.2,18.86,168.45,165.52,178.7,178.93,175.63,179.27
1023,25,Side,17.65,17.32,165.37,169.37,177.88,179.78,174.62,179.31
1023,26,Side,23.58,16.64,178.02,170.82,178.67,179.2,175.53,178.35
1023,27,Side,19.71,16.7,172.36,167.51,178.62,179.39,177.98,179.3
1023,28,Side,16.22,14.96,159.68,164.95,179.35,179.41,178.12,178.08
1023,29,Side,15.56,13.92,152.61,157.09,179.28,179.02,179.58,179.43
1023,30,Side,14.94,12.34,146.47,151.55,179.15,179.11,178.96,177.8
1023,31,Side,14.06,14.7,130.43,153.72,177.95,179.97,177.7,177.71
1023,32,Side,15.3,16.17,131.6,147.99,179.21,177.99,178.92,179.9
1023,33,Side,18.17,18.14,140.97,140.26,179.83,178.72,177.75,178.9
1023,34,Side,22.06,20.03,146.63,132.51,179.25,175.91,178.96,180.0
1023,35,Side,24.49,23.32,144.71,132.95,178.79,175.3,178.81,177.33
1023,36,Side,21.97,23.92,148.73,124.26,179.22,175.19,178.99,177.29
1023,37,Side,28.2,26.36,150.07,146.15,178.95,173.76,179.71,175.78
1023,38,Side,25.24,28.64,164.17,164.97,175.79,172.78,178.73,171.94
1023,39,Side,22.85,25.9,163.28,175.82,179.54,177.62,175.86,179.55
1023,40,Side,19.44,21.6,166.64,167.34,179.61,176.2,176.09,179.59
1023,41,Side,19.08,20.85,160.72,178.39,178.84,177.07,179.16,177.2
1023,42,Side,16.46,19.65,158.01,175.22,179.24,175.05,178.25,173.72
1023,43,Side,15.22,19.6,145.96,176.03,179.35,175.86,178.44,175.06
1023,44,Side,13.49,16.75,140.54,174.6,179.46,179.43,178.63,177.21
1023,45,Side,13.23,17.85,145.84,175.66,179.82,178.69,179.41,177.0
1023,46,Side,13.62,16.36,143.18,172.23,177.78,178.78,176.81,177.02
1023,47,Side,14.68,11.43,142.5,155.93,177.58,178.72,175.6,179.88
1023,48,Side,14.73,12.52,143.33,146.31,179.49,178.14,179.73,178.81
1023,49,Side,16.22,12.11,144.67,135.62,178.6,177.71,179.15,178.92
1023,50,Side,18.72,20.2,150.44,136.65,175.72,177.23,173.45,178.03
1023,51,Side,16.86,19.89,141.55,124.38,174.69,177.12,173.29,178.05
1023,52,Side,19.32,21.68,149.01,149.92,178.05,176.25,176.97,178.6
1023,53,Side,20.25,24.24,150.64,165.61,177.88,179.48,179.02,178.31
1024,1,Front/Back,148.97,180.0,145.0,180.0,138.51,163.3,159.46,163.3
1024,2,Front/Back,151.94,180.0,144.44,180.0,140.13,170.38,159.08,168.07
1024,3,Front/Back,149.61,180.0,140.58,180.0,142.26,179.99,161.21,170.13
1024,4,Front/Back,146.5,180.0,133.33,180.0,142.41,180.0,161.09,166.16
1024,5,Front/Back,156.75,180.0,142.57,180.0,144.31,180.0,161.01,163.08
1024,6,Front/Back,159.78,180.0,154.65,175.95,146.26,180.0,166.48,152.37
1024,7,Front/Back,142.77,180.0,138.06,180.0,149.85,180.0,170.58,163.01
1024,8,Front/Back,139.29,159.58,132.1,180.0,157.62,159.58,180.0,152.25
1024,9,Front/Back,133.92,154.29,124.9,180.0,154.44,154.29,170.92,152.25
1024,10,Front/Back,136.57,155.76,124.68,180.0,157.85,155.76,155.66,152.25
1024,11,Front/Back,135.66,155.76,122.97,167.01,157.62,155.76,151.8,152.25
1024,12,Front/Back,128.39,180.0,112.69,180.0,154.64,180.0,160.35,148.96
1024,13,Front/Back,129.56,180.0,113.86,180.0,154.64,180.0,150.15,147.41
1024,14,Front/Back,127.81,180.0,110.34,167.34,154.64,180.0,148.38,143.11
1024,15,Front/Back,133.67,180.0,108.01,171.88,159.27,180.0,145.26,144.49
1024,16,Front/Back,126.3,180.0,103.62,180.0,154.85,180.0,143.79,141.83
1024,17,Front/Back,126.3,180.0,107.72,174.09,154.85,180.0,146.79,144.46
1024,18,Front/Back,146.97,180.0,126.62,180.0,159.51,180.0,145.19,148.92
1024,19,Front/Back,145.75,180.0,132.66,180.0,159.51,180.0,151.8,148.92
1024,20,Front/Back,153.12,179.99,141.9,161.76,154.41,179.99,171.11,154.06
1024,21,Front/Back,155.37,136.8,151.25,160.22,152.21,156.58,166.65,158.23
1024,22,Front/Back,143.96,154.97,136.21,163.86,165.92,161.49,162.71,170.37
1024,23,Front/Back,144.68,154.32,144.46,163.21,163.0,161.49,165.88,170.37
1024,24,Front/Back,154.05,159.16,156.33,162.69,168.2,171.1,165.88,179.98
1024,25,Front/Back,179.98,179.98,179.98,179.98,179.98,179.98,179.98,179.98
1024,26,Front/Back,180.0,162.81,180.0,180.0,179.99,162.81,179.98,170.31
1024,27,Front/Back,169.15,180.0,158.21,165.98,163.96,180.0,162.47,166.28
1024,28,Front/Back,170.89,180.0,148.93,160.13,167.04,180.0,157.02,163.08
1024,29,Front/Back,167.5,180.0,136.34,154.27,171.11,180.0,157.0,162.99
1024,30,Front/Back,180.0,180.0,146.72,154.27,180.0,180.0,162.73,148.92
1024,31,Front/Back,175.77,180.0,149.6,149.65,175.77,180.0,157.83,145.92
1024,32,Front/Back,134.53,180.0,125.87,152.39,159.04,180.0,157.74,145.92
1024,33,Front/Back,132.34,180.0,117.85,148.19,157.41,180.0,157.68,145.89
1024,34,Front/Back,130.12,180.0,116.03,150.77,155.7,180.0,157.66,145.89
1024,35,Front/Back,128.73,180.0,120.83,160.36,153.46,180.0,148.27,148.96
1024,36,Front/Back,126.93,180.0,121.58,180.0,152.15,180.0,148.38,145.87
1024,37,Front/Back,122.59,180.0,117.43,180.0,149.67,180.0,150.05,145.89
1024,38,Front/Back,130.63,180.0,117.6,180.0,157.41,180.0,151.8,145.89
1024,39,Front/Back,123.42,180.0,115.78,164.67,154.11,180.0,153.78,147.41
1024,40,Front/Back,129.51,180.0,120.36,157.13,146.65,180.0,146.64,150.75
1024,41,Front/Back,135.54,180.0,123.27,152.05,140.02,171.87,136.89,146.16
1025,1,Side,17.12,19.77,106.25,106.86,179.36,177.09,178.23,178.98
1025,2,Side,16.82,19.59,108.59,115.57,179.18,174.72,178.39,179.68
1025,3,Side,16.2,18.42,117.43,123.65,177.55,174.75,176.86,178.7
1025,4,Side,16.97,17.32,118.93,133.37,179.3,176.31,179.81,178.9
1025,5,Side,17.82,17.32,119.64,138.84,179.02,176.31,179.73,180.0
1025,6,Side,18.14,17.26,114.28,148.63,179.97,176.37,179.69,180.0
1025,7,Side,17.82,16.17,110.39,138.5,178.99,175.46,178.94,178.67
1025,8,Side,17.75,14.27,104.38,127.37,179.09,175.46,179.59,178.73
1025,9,Side,14.89,16.63,104.42,112.46,179.46,176.37,179.66,180.0
1025,10,Side,16.71,16.31,88.06,99.5,175.39,176.37,177.14,180.0
1025,11,Side,15.45,14.94,81.27,87.27,176.37,176.37,176.99,180.0
1025,12,Side,15.32,14.94,100.71,92.78,175.39,176.37,177.06,180.0
1025,13,Side,17.49,15.28,112.88,98.73,175.39,176.31,177.14,180.0
1025,14,Side,18.65,15.64,122.47,104.75,175.39,176.25,177.14,180.0
1025,15,Side,20.18,16.01,132.27,108.54,175.53,175.04,177.46,177.64
1025,16,Side,20.66,15.85,137.62,109.98,175.53,172.82,178.78,175.23
1025,17,Side,18.98,15.2,130.19,116.38,174.64,173.15,180.0,175.19
1025,18,Side,17.78,17.3,127.2,125.82,176.5,171.28,179.68,174.19
1025,19,Side,17.21,16.66,120.96,126.5,176.29,171.42,179.03,172.85
1025,20,Side,17.56,16.4,126.84,130.53,176.25,171.52,179.06,172.85
1025,21,Side,16.4,16.33,128.2,137.63,175.24,174.93,178.73,174.77
1025,22,Side,14.94,14.94,109.64,128.43,175.24,175.84,180.0,177.06
1025,23,Side,15.2,15.2,106.78,120.33,176.16,175.84,179.56,177.06
1025,24,Side,13.56,14.41,100.44,108.31,179.48,175.76,179.81,177.06
1025,25,Side,13.62,12.58,106.78,103.04,179.46,177.88,179.85,178.46
1025,26,Side,13.44,13.63,100.01,91.02,179.86,174.99,179.29,178.73
1025,27,Side,13.88,13.38,114.16,105.49,177.78,174.99,176.96,178.73
1025,28,Side,15.49,14.66,121.68,114.75,177.85,176.05,177.03,178.53
1025,29,Side,15.4,14.32,124.49,122.82,177.69,177.09,176.96,179.03
1025,30,Side,22.31,16.75,147.91,142.35,179.03,177.09,177.09,179.03
1025,31,Side,22.19,17.33,158.96,149.42,179.16,179.0,177.09,178.09
1025,32,Side,14.28,16.1,139.61,146.6,178.67,179.05,177.98,178.09
1025,33,Side,14.01,13.39,130.94,141.12,178.75,179.56,178.0,177.47
1025,34,Side,13.12,13.39,124.97,141.67,178.85,179.59,178.09,177.51
1025,35,Side,11.89,11.86,118.16,135.92,178.94,179.18,178.11,177.58
1025,36,Side,11.37,11.61,110.66,130.84,179.49,179.11,178.35,176.06
1025,37,Side,12.7,12.47,106.17,125.77,179.53,179.67,178.35,175.92
1025,38,Side,12.97,13.87,108.26,109.53,178.44,179.08,178.89,176.42
1025,39,Side,12.97,14.54,102.59,104.65,178.5,179.48,178.8,176.37
1025,40,Side,13.16,14.32,97.99,113.84,179.63,179.37,178.78,176.34
1025,41,Side,15.04,15.11,93.9,89.07,178.78,178.33,176.18,174.97
1026,1,Front/Back,157.87,111.94,107.6,98.54,150.36,139.04,109.45,120.17
1026,2,Front/Back,158.76,108.66,111.53,105.08,157.03,135.54,117.55,124.99
1026,3,Front/Back,157.87,105.38,117.49,107.46,159.48,116.46,121.91,129.79
1026,4,Front/Back,140.41,129.01,116.78,132.94,148.82,126.52,130.85,150.18
1026,5,Front/Back,143.66,137.95,129.39,157.21,152.1,129.26,139.05,148.52
1026,6,Front/Back,152.83,160.36,154.21,170.08,163.22,170.28,176.44,168.91
1026,7,Front/Back,170.64,170.28,153.06,160.75,170.65,170.28,179.99,168.75
1026,8,Front/Back,179.98,179.98,179.98,179.98,179.98,179.98,179.98,179.98
1026,9,Front/Back,180.0,166.26,145.28,166.26,180.0,180.0,168.31,164.02
1026,10,Front/Back,161.65,134.35,145.43,143.34,161.65,171.0,168.75,157.38
1026,11,Front/Back,155.24,120.23,142.97,136.67,155.25,163.56,168.31,149.91
1026,12,Front/Back,142.28,132.38,128.12,141.38,153.5,171.0,159.68,142.03
1026,13,Front/Back,136.39,122.21,120.59,138.24,153.36,163.97,146.52,135.37
1026,14,Front/Back,127.3,106.17,113.38,133.04,131.44,153.13,161.29,132.3
1026,15,Front/Back,151.56,107.25,110.07,116.25,139.7,151.28,141.99,133.8
1026,16,Front/Back,145.56,128.96,107.95,105.37,130.95,146.49,130.42,108.1
1026,17,Front/Back,163.03,152.66,123.11,122.51,148.24,160.41,148.24,117.37
1026,18,Front/Back,180.0,152.45,138.1,152.45,164.39,155.89,131.34,117.94
1026,19,Front/Back,180.0,147.01,138.65,147.01,164.7,155.89,133.63,119.83
1026,20,Front/Back,173.54,147.01,138.84,147.01,175.14,155.89,141.85,117.94
1026,21,Front/Back,180.0,121.88,150.56,143.34,180.0,158.54,142.84,138.6
1026,22,Front/Back,180.0,150.2,145.28,150.2,180.0,158.04,144.84,118.39
1026,23,Front/Back,151.65,150.2,123.18,150.2,164.92,155.89,139.11,118.0
1026,24,Front/Back,146.57,154.3,117.9,154.3,161.91,151.98,139.99,121.88
1026,25,Front/Back,161.96,159.71,119.51,120.04,161.88,153.82,126.48,119.59
1026,26,Front/Back,166.06,150.2,122.02,113.74,143.5,157.88,143.5,118.15
1026,27,Front/Back,129.19,149.25,109.61,111.4,128.91,160.23,141.9,111.4
1026,28,Front/Back,117.51,134.17,108.61,117.93,128.43,166.26,148.41,133.99
1026,29,Front/Back,146.1,147.91,132.52,133.33,157.32,157.95,144.6,116.87
1026,30,Front/Back,155.43,147.01,146.02,147.01,155.43,160.41,146.71,121.22
1026,31,Front/Back,180.0,149.25,141.62,149.25,180.0,163.1,146.52,127.31
1026,32,Front/Back,171.98,150.2,145.43,150.2,171.98,156.0,148.6,124.16
1026,33,Front/Back,157.71,152.66,132.85,152.66,172.63,152.29,150.96,122.42
1026,34,Front/Back,165.79,148.9,139.62,148.9,173.43,152.46,148.51,122.46
1026,35,Front/Back,165.86,153.76,137.3,153.74,171.45,152.65,144.29,124.94
1026,36,Front/Back,179.99,151.23,139.33,132.95,180.0,156.34,140.39,124.14
1026,37,Front/Back,179.99,147.91,134.44,117.76,169.17,149.03,126.09,114.89
1026,38,Front/Back,177.7,143.76,129.3,105.83,162.79,135.09,126.01,115.64
1026,39,Front/Back,155.58,140.22,106.62,98.67,156.86,135.09,116.74,107.38
1027,1,Side,17.17,25.71,111.97,134.14,176.59,172.61,174.59,175.79
1027,2,Side,18.88,25.22,129.51,136.89,176.19,177.21,171.87,179.68
1027,3,Side,18.93,24.73,147.06,146.89,176.13,176.76,172.3,178.75
1027,4,Side,15.91,25.52,144.61,154.83,176.19,178.67,174.43,178.08
1027,5,Side,17.17,20.01,152.85,159.81,176.86,170.36,174.29,177.34
1027,6,Side,17.22,19.4,151.16,156.16,176.82,170.52,176.1,177.59
1027,7,Side,12.34,20.01,147.34,151.09,176.05,170.08,177.31,175.77
1027,8,Side,16.85,22.3,150.7,153.43,175.01,168.69,179.04,172.97
1027,9,Side,14.42,23.03,141.68,148.59,173.89,169.85,179.66,175.46
1027,10,Side,15.95,26.36,142.82,151.99,175.16,169.78,178.89,175.38
1027,11,Side,15.42,23.92,137.43,146.03,174.99,169.76,179.93,174.04
1027,12,Side,13.13,21.57,128.34,129.58,174.09,174.16,178.08,178.72
1027,13,Side,15.66,19.63,124.07,124.44,178.46,172.17,178.25,179.19
1027,14,Side,17.95,19.69,127.67,120.91,179.81,171.9,176.27,177.75
1027,15,Side,17.33,22.13,128.59,110.52,178.78,168.61,178.89,174.98
1027,16,Side,19.71,18.5,143.51,110.14,178.73,170.07,179.1,176.22
1027,17,Side,18.54,18.87,133.32,122.64,177.82,177.89,177.21,178.44
1027,18,Side,15.46,16.42,135.71,152.24,179.12,171.05,177.13,175.77
1027,19,Side,12.69,17.05,143.38,152.88,171.15,172.19,174.63,176.45
1027,20,Side,14.04,15.71,144.4,145.51,174.0,173.42,179.53,176.92
1027,21,Side,17.54,17.88,155.28,150.59,174.18,174.9,179.26,178.62
1027,22,Side,19.89,22.53,156.8,155.7,170.97,173.1,174.09,179.81
1027,23,Side,22.65,29.02,158.59,165.96,169.57,171.06,173.65,177.86
1027,24,Side,21.49,27.27,142.86,152.94,171.53,172.02,175.83,178.88
1027,25,Side,16.73,28.99,126.19,149.57,170.82,171.14,177.7,177.98
1027,26,Side,13.1,20.77,121.39,139.07,173.15,172.41,178.18,177.6
1027,27,Side,18.59,23.96,126.18,140.53,175.4,174.29,176.81,178.44
1027,28,Side,20.97,28.92,134.22,145.18,179.23,178.7,176.97,179.25
1027,29,Side,17.5,28.89,142.98,149.04,168.75,179.46,176.55,175.59
1027,30,Side,19.88,34.14,144.27,160.25,177.61,179.83,179.19,179.11
1027,31,Side,19.28,25.1,142.47,150.04,177.65,177.74,168.37,176.54
1027,32,Side,13.15,24.27,127.67,148.43,174.8,179.9,174.59,177.65
1027,33,Side,11.47,24.98,135.24,159.17,173.84,179.84,179.12,179.21
1027,34,Side,11.09,17.88,141.45,152.88,173.92,172.33,179.48,176.42
1027,35,Side,10.77,17.35,143.06,152.35,174.03,172.48,179.66,176.56
1027,36,Side,10.44,16.86,142.5,151.86,173.02,173.66,177.7,179.86
1027,37,Side,11.07,21.33,134.88,145.51,171.97,177.22,175.26,176.53
1027,38,Side,12.7,23.51,132.98,149.77,171.69,177.3,175.92,176.87
1027,39,Side,10.16,24.16,124.36,150.37,169.6,177.22,173.62,176.76
1027,40,Side,11.42,22.84,128.9,140.31,173.46,174.08,179.13,178.72
1027,41,Side,17.51,21.93,141.17,133.19,173.17,173.25,177.58,179.96
1027,42,Side,20.89,26.42,137.48,126.06,178.34,178.72,179.57,175.97
1027,43,Side,14.04,23.77,125.07,134.57,174.9,178.63,179.53,179.88
1027,44,Side,11.31,23.75,112.46,135.74,177.69,179.61,179.12,179.42
1028,1,Side,,6.8,120.3,120.3,,158.98,,132.9
1028,2,Side,,1.17,117.92,117.92,,154.21,,136.09
1028,3,Side,,2.08,131.58,131.58,,160.16,,145.86
1028,4,Side,,3.33,141.19,141.19,,163.65,,150.28
1028,5,Side,,0.9,161.93,161.93,,164.03,,152.99
1028,6,Side,,1.66,160.9,160.9,,162.37,,153.89
1028,7,Side,,2.89,162.21,162.21,,166.28,,157.99
1028,8,Side,,2.97,164.42,164.42,,165.97,,157.81
1028,9,Side,,2.01,176.05,176.05,,169.76,,161.96
1028,10,Side,,3.18,179.55,179.55,,172.35,,163.11
1028,11,Side,,1.82,168.69,168.69,,170.69,,162.81
1028,12,Side,,3.15,12.45,12.45,,173.0,,163.94
1028,13,Side,,3.01,12.45,12.45,,169.73,,154.1
1028,14,Side,,0.86,12.19,12.19,,169.46,,154.46
1028,15,Side,,0.84,12.59,12.59,,170.57,,156.91
1028,16,Side,,1.36,12.69,12.69,,169.79,,157.53
1028,17,Side,,1.36,13.13,13.13,,171.04,,158.37
1028,18,Side,,1.36,13.13,13.13,,172.3,,161.32
1028,19,Side,,0.77,13.02,13.02,,172.36,,161.46
1028,20,Side,,1.43,12.69,12.69,,172.36,,159.76
1028,21,Side,,3.72,12.74,12.74,,169.92,,153.99
1028,22,Side,,3.67,12.34,12.34,,169.88,,153.99
1028,23,Side,,6.04,12.33,12.33,,168.67,,151.16
1028,24,Side,,1.47,12.29,12.29,,168.67,,150.6
1028,25,Side,,0.58,12.19,12.19,,167.46,,149.39
1028,26,Side,,1.51,75.07,75.07,,167.42,,149.39
1028,27,Side,,2.44,69.67,69.67,,166.23,,146.57
1028,28,Side,,2.06,83.27,83.27,,166.17,,147.93
1028,29,Side,,2.21,96.43,96.43,,164.6,,144.16
1028,30,Side,,2.21,100.46,100.46,,164.29,,145.51
1028,31,Side,,1.97,109.83,109.83,,165.32,,144.55
1028,32,Side,,5.82,124.21,124.21,,156.34,,132.13
1028,33,Side,,1.17,133.6,133.6,,158.4,,129.32
1028,34,Side,,1.77,142.64,142.64,,159.27,,132.88
1028,35,Side,,3.59,146.39,146.39,,164.82,,144.46
1028,36,Side,,2.52,154.06,154.06,,165.79,,149.96
1028,37,Side,,0.31,166.83,166.83,,164.35,,148.94
1028,38,Side,,3.12,175.24,175.24,,168.94,,151.05
1028,39,Side,,5.12,168.72,168.72,,168.97,,153.5
1028,40,Side,,6.06,163.5,163.5,,167.21,,152.82
1028,41,Side,,5.08,172.65,172.65,,168.35,,154.91
1028,42,Side,,5.28,11.69,11.69,,167.5,,155.15
1028,43,Side,,4.82,11.18,11.18,,169.17,,154.46
1028,44,Side,,6.48,12.88,12.88,,168.2,,153.66
1028,45,Side,,4.88,13.12,13.12,,167.85,,154.06
1028,46,Side,,2.67,12.05,12.05,,167.94,,152.36
1028,47,Side,,0.64,11.46,11.46,,168.19,,152.11
1028,48,Side,,0.64,11.46,11.46,,168.19,,152.11
1028,49,Side,,0.67,11.81,11.81,,169.45,,155.05
1028,50,Side,,0.64,11.46,11.46,,167.94,,152.36
1028,51,Side,,0.64,11.46,11.46,,169.26,,155.28
1028,52,Side,,0.64,11.46,11.46,,172.24,,160.38
1028,53,Side,,0.0,74.05,74.05,,173.48,,160.76
1028,54,Side,,1.91,70.74,70.74,,171.87,,157.4
1028,55,Side,,2.73,72.15,72.15,,171.01,,157.16
1028,56,Side,,2.63,69.92,69.92,,170.81,,156.45
1028,57,Side,,3.41,71.23,71.23,,168.15,,153.03
1028,58,Side,,3.41,66.82,66.82,,168.15,,153.03
1028,59,Side,,3.41,69.85,69.85,,166.88,,148.67
1028,60,Side,,3.41,71.67,71.67,,166.88,,148.67
1028,61,Side,,1.78,74.34,74.34,,165.64,,148.89
1028,62,Side,,2.63,81.11,81.11,,166.06,,144.19
1028,63,Side,,2.61,83.58,83.58,,166.39,,143.72
1028,64,Side,,0.6,88.15,88.15,,164.08,,137.85
1028,65,Side,,0.51,97.0,97.0,,159.51,,131.03
1028,66,Side,,1.25,116.57,116.57,,162.44,,132.36
1028,67,Side,,0.79,108.58,108.58,,165.19,,141.61
1028,68,Side,,1.09,111.31,111.31,,164.7,,144.91
1028,69,Side,,5.07,135.73,135.73,,167.12,,148.03
1028,70,Side,,6.06,146.37,146.37,,167.67,,154.78
1028,71,Side,,6.35,160.85,160.85,,171.83,,156.96
1028,72,Side,,7.94,161.36,161.36,,174.57,,158.33
1028,73,Side,,8.02,12.68,12.68,,172.41,,152.57
1028,74,Side,,8.34,13.12,13.12,,172.57,,152.65
1028,75,Side,,8.57,13.59,13.59,,172.45,,152.53
1028,76,Side,,8.04,13.33,13.33,,168.39,,147.62
1028,77,Side,,6.95,13.33,13.33,,163.84,,141.01
1028,78,Side,,0.25,13.13,13.13,,164.81,,141.44
1028,79,Side,,0.79,13.02,13.02,,163.4,,141.18
1028,80,Side,,1.33,11.91,11.91,,163.91,,140.93
1028,81,Side,,1.25,11.91,11.91,,164.08,,141.02
1028,82,Side,,3.09,10.65,10.65,,164.08,,141.02
1028,83,Side,,3.15,10.95,10.95,,163.74,,141.35
1028,84,Side,,1.25,70.56,70.56,,165.05,,144.18
1029,1,Side,7.3,7.28,106.24,125.17,174.9,173.89,178.32,174.46
1029,2,Side,8.71,7.52,118.96,136.99,175.24,176.09,178.57,175.61
1029,3,Side,8.92,12.23,133.47,162.6,179.85,179.34,175.74,179.45
1029,4,Side,7.55,15.83,141.58,167.92,174.63,174.47,172.33,176.91
1029,5,Side,9.18,13.06,151.12,167.91,179.6,179.1,173.61,172.67
1029,6,Side,9.24,13.41,157.67,172.53,179.39,177.24,173.78,170.28
1029,7,Side,10.08,9.13,157.79,161.29,178.77,179.42,174.52,175.33
1029,8,Side,9.41,13.81,149.04,164.83,178.77,177.59,175.73,179.53
1029,9,Side,9.23,12.86,146.58,152.79,179.57,176.68,178.7,179.43
1029,10,Side,8.86,11.33,139.64,141.79,179.54,176.66,179.43,179.22
1029,11,Side,8.34,10.12,133.5,133.35,179.17,178.44,179.43,171.23
1029,12,Side,8.39,8.53,122.28,124.25,179.92,179.45,179.31,174.16
1029,13,Side,7.28,8.39,112.95,123.12,179.83,178.12,179.31,170.64
1029,14,Side,7.81,9.5,104.91,136.2,179.69,177.92,177.25,170.56
1029,15,Side,8.42,9.96,95.36,131.44,177.36,179.19,175.84,165.94
1029,16,Side,8.95,11.08,83.62,130.53,177.53,176.47,175.84,164.64
1029,17,Side,7.12,2.05,97.63,122.74,178.11,172.8,173.12,167.48
1029,18,Side,6.99,3.76,118.83,131.6,177.99,172.51,173.21,167.44
1029,19,Side,4.91,3.59,120.9,138.81,177.87,174.63,174.81,171.09
1029,20,Side,2.91,6.34,120.07,150.14,178.83,173.71,177.38,169.55
1029,21,Side,3.55,5.41,133.27,152.5,177.82,174.67,179.8,168.09
1029,22,Side,4.54,4.41,131.63,151.06,176.97,176.76,178.57,172.72
1029,23,Side,6.33,5.36,144.4,152.53,178.86,177.91,180.0,176.73
1029,24,Side,6.29,9.01,145.64,159.85,177.4,176.4,176.19,179.77
1029,25,Side,6.18,9.01,145.88,159.04,177.4,176.35,178.26,179.85
1029,26,Side,6.07,9.09,146.6,154.07,177.4,176.19,178.32,179.96
1029,27,Side,8.04,9.25,145.25,147.98,177.32,176.07,178.41,178.33
1029,28,Side,8.57,10.4,138.86,144.8,177.14,176.82,180.0,178.24
1029,29,Side,8.06,10.38,124.74,140.84,178.97,178.25,176.72,179.28
1029,30,Side,6.72,12.06,98.89,120.99,175.88,175.49,173.38,177.7
1029,31,Side,7.59,13.56,90.88,114.3,174.92,178.16,173.59,177.46
1029,32,Side,7.5,13.36,108.77,132.92,178.8,177.86,176.82,177.41
1029,33,Side,4.62,13.64,118.78,146.63,177.05,178.02,176.01,177.56
1029,34,Side,5.91,11.61,131.12,152.86,176.01,176.44,176.01,176.11
1029,35,Side,5.71,10.95,140.71,155.85,174.69,177.62,173.29,176.27
1029,36,Side,5.53,9.25,150.54,155.94,174.69,176.39,172.08,175.02
1029,37,Side,6.04,10.23,148.81,151.72,175.94,179.62,173.74,177.65
1029,38,Side,6.51,10.25,151.88,150.72,176.57,179.45,174.96,176.01
1029,39,Side,6.54,10.8,151.21,147.83,176.74,179.31,175.1,176.01
1029,40,Side,6.85,10.38,152.92,142.94,176.76,178.18,176.69,176.01
1029,41,Side,6.03,13.44,149.78,146.01,177.66,178.08,177.96,175.91
1029,42,Side,7.32,11.76,144.93,139.76,176.89,177.08,178.11,175.91
1029,43,Side,7.59,11.89,138.22,137.79,176.84,176.96,177.97,175.91
1029,44,Side,5.23,12.23,115.12,141.12,175.29,179.46,175.61,174.43
1029,45,Side,2.29,10.91,77.91,135.0,176.12,177.14,175.26,172.57
1029,46,Side,2.88,12.05,72.08,125.39,174.44,179.51,174.72,173.8
1030,1,Side,15.96,13.85,110.66,110.12,179.4,176.67,171.48,176.05
1030,2,Side,16.5,11.47,122.42,114.4,177.42,177.69,170.32,175.69
1030,3,Side,16.04,14.74,135.75,127.22,177.49,177.11,168.86,176.18
1030,4,Side,17.99,12.4,154.82,135.0,177.07,177.02,170.52,175.95
1030,5,Side,17.46,12.37,162.74,148.49,177.14,174.09,170.43,176.13
1030,6,Side,16.09,11.35,164.74,155.03,179.76,173.2,174.02,176.11
1030,7,Side,14.5,12.21,158.29,152.72,178.37,175.19,173.18,178.47
1030,8,Side,14.16,12.21,150.62,149.66,179.4,176.29,175.58,179.19
1030,9,Side,14.16,8.81,145.24,139.8,178.29,174.09,173.22,176.13
1030,10,Side,12.53,9.03,135.32,135.44,178.29,175.08,173.27,178.47
1030,11,Side,12.22,8.32,127.2,136.97,178.17,176.96,173.25,179.13
1030,12,Side,12.22,11.95,131.73,139.24,178.17,175.96,173.19,178.55
1030,13,Side,12.53,11.67,136.48,140.53,178.29,176.06,173.22,178.47
1030,14,Side,12.39,11.32,144.7,143.08,179.79,176.28,173.22,178.59
1030,15,Side,12.39,10.25,147.36,145.55,179.79,178.6,173.16,179.77
1030,16,Side,12.39,8.92,151.13,144.71,178.05,177.95,177.92,179.77
1030,17,Side,11.59,10.25,148.56,146.7,177.93,178.6,172.11,179.85
1030,18,Side,13.48,10.25,148.68,148.12,177.24,178.6,173.35,179.85
1030,19,Side,12.79,11.49,143.91,156.28,177.2,176.24,173.35,178.47
1030,20,Side,12.79,11.49,140.11,155.27,177.2,176.24,173.31,178.47
1030,21,Side,10.86,11.76,132.75,158.24,177.2,177.25,173.31,179.19
1030,22,Side,10.66,11.68,132.51,155.45,177.33,177.4,173.41,179.07
1030,23,Side,9.24,11.15,134.58,152.24,177.33,177.64,173.37,179.0
1030,24,Side,9.24,11.5,139.97,153.71,177.33,176.5,173.37,178.64
1030,25,Side,11.44,12.08,149.08,151.29,177.46,176.37,173.43,178.76
1030,26,Side,13.15,11.87,156.93,148.21,178.37,176.24,173.24,178.39
1030,27,Side,12.83,11.23,153.84,146.36,178.44,176.37,173.31,178.59
1030,28,Side,11.73,11.07,144.76,146.2,179.7,176.28,174.27,178.35
1030,29,Side,11.45,9.5,144.53,149.2,179.7,179.91,175.62,179.85
1030,30,Side,14.09,9.28,146.34,150.06,176.98,179.93,178.94,178.44
1030,31,Side,12.67,9.73,144.24,150.2,177.32,179.11,176.62,179.66
1030,32,Side,12.0,11.94,141.52,142.57,176.77,171.63,176.48,173.05
1030,33,Side,10.75,11.94,137.18,134.7,177.95,171.75,173.95,175.14
1030,34,Side,11.68,13.72,135.88,125.61,179.12,170.39,172.54,173.99
1030,35,Side,9.52,14.89,128.19,120.53,179.23,170.88,169.86,172.73
1031,1,Front/Back,123.65,127.58,117.95,124.98,132.05,150.07,,
1031,2,Front/Back,132.53,145.41,127.51,136.49,135.94,144.15,,
1031,3,Front/Back,137.72,159.68,137.6,159.96,138.1,143.18,,
1031,4,Front/Back,150.59,162.08,163.51,160.83,141.06,145.58,,
1031,5,Front/Back,167.17,154.55,172.87,155.52,149.53,154.55,,
1031,6,Front/Back,157.68,153.12,180.0,159.4,157.68,153.12,,
1031,7,Front/Back,159.75,154.55,180.0,164.72,159.75,154.55,,
1031,8,Front/Back,179.99,171.07,180.0,166.52,166.0,159.63,,
1031,9,Front/Back,174.8,171.07,174.8,169.83,170.28,159.63,,
1031,10,Front/Back,179.98,179.98,179.98,179.98,179.98,179.98,,
1031,11,Front/Back,180.0,160.52,180.0,160.53,180.0,179.99,,
1031,12,Front/Back,180.0,158.34,164.55,163.74,179.99,158.35,,
1031,13,Front/Back,171.41,155.05,158.35,154.09,171.41,155.05,,
1031,14,Front/Back,150.08,153.46,140.92,149.27,167.51,153.46,,
1031,15,Front/Back,143.96,150.7,135.76,145.04,164.55,150.7,,
1031,16,Front/Back,135.85,147.99,133.84,137.7,159.87,147.99,,
1031,17,Front/Back,136.3,149.32,137.98,141.41,157.68,149.32,,
1031,18,Front/Back,140.68,150.7,133.88,143.16,162.06,150.7,,
1031,19,Front/Back,147.12,153.66,140.92,149.47,164.54,153.66,,
1031,20,Front/Back,146.31,153.66,148.73,151.67,164.54,153.66,,
1031,21,Front/Back,148.59,160.32,132.86,143.93,156.78,160.32,,
1031,22,Front/Back,141.9,153.12,138.98,141.41,154.27,153.12,,
1031,23,Front/Back,144.86,151.77,134.93,139.5,157.22,151.77,,
1031,24,Front/Back,141.64,153.46,125.26,152.0,152.64,153.46,,
1031,25,Front/Back,133.46,126.1,120.2,136.06,149.52,151.77,,
1031,26,Front/Back,180.0,122.32,141.25,136.89,161.64,151.95,,
1031,27,Front/Back,157.48,144.47,131.53,148.34,171.75,155.05,,
1031,28,Front/Back,156.78,155.05,142.79,161.73,171.75,155.05,,
1031,29,Front/Back,166.61,155.05,166.61,152.55,180.0,155.05,,
1031,30,Front/Back,174.8,160.54,174.8,157.98,180.0,160.54,,
1031,31,Front/Back,180.0,162.49,180.0,160.83,180.0,162.49,,
1031,32,Front/Back,180.0,160.32,180.0,154.33,180.0,160.32,,
1031,33,Front/Back,153.71,156.37,162.57,149.27,171.14,156.37,,
1031,34,Front/Back,149.55,160.32,140.7,145.04,170.94,160.32,,
1031,35,Front/Back,148.5,160.32,131.56,139.78,171.14,160.32,,
1031,36,Front/Back,152.91,158.35,111.55,136.37,171.14,158.35,,
1032,1,Front/Back,136.12,133.3,149.25,151.27,140.46,142.85,129.89,129.23
1032,2,Front/Back,139.18,124.83,139.25,146.8,135.83,141.19,126.67,122.49
1032,3,Front/Back,145.8,119.94,131.86,141.13,126.81,137.85,122.83,119.58
1032,4,Front/Back,160.93,130.75,149.08,151.75,138.33,128.0,121.06,115.96
1032,5,Front/Back,180.0,135.23,165.14,152.9,149.31,136.48,124.41,117.28
1032,6,Front/Back,180.0,142.82,180.0,167.24,170.72,155.57,137.38,144.51
1032,7,Front/Back,180.0,152.7,152.29,180.0,159.53,152.7,132.84,153.66
1032,8,Front/Back,180.0,152.77,150.84,180.0,159.87,152.77,134.64,159.38
1032,9,Front/Back,180.0,152.93,152.04,180.0,159.53,152.93,138.63,159.01
1032,10,Front/Back,170.35,169.06,170.35,169.06,169.6,166.27,144.52,166.27
1032,11,Front/Back,179.99,179.99,179.98,179.98,179.99,179.99,179.98,179.98
1032,12,Front/Back,180.0,135.35,180.0,149.34,169.88,166.01,156.26,156.98
1032,13,Front/Back,158.37,130.13,165.17,144.12,169.62,152.28,153.67,143.25
1032,14,Front/Back,149.48,128.71,151.22,140.84,161.29,142.07,146.75,131.19
1032,15,Front/Back,163.28,132.3,150.33,142.67,152.69,143.91,129.45,125.88
1032,16,Front/Back,163.29,148.34,158.09,151.65,145.35,150.97,118.42,121.4
1032,17,Front/Back,168.22,130.49,158.33,145.09,145.34,143.87,126.49,133.37
1032,18,Front/Back,173.29,133.22,164.46,151.09,155.36,145.81,122.88,144.66
1032,19,Front/Back,161.69,134.03,168.31,153.22,155.63,147.46,126.91,166.66
1032,20,Front/Back,170.58,124.27,173.2,144.71,155.79,150.41,133.43,170.85
1032,21,Front/Back,180.0,125.09,155.55,145.09,159.42,160.0,135.85,160.83
1032,22,Front/Back,180.0,180.0,180.0,180.0,162.06,166.35,140.96,142.98
1032,23,Front/Back,180.0,168.76,180.0,168.76,159.34,166.25,140.33,137.67
1032,24,Front/Back,180.0,180.0,149.56,180.0,180.0,163.15,147.05,133.01
1032,25,Front/Back,180.0,171.83,147.39,180.0,169.29,171.01,133.43,140.91
1032,26,Front/Back,180.0,171.22,144.64,154.77,157.11,149.42,119.82,122.49
1032,27,Front/Back,180.0,152.67,145.49,164.11,155.04,149.09,117.76,119.88
1032,28,Front/Back,148.64,128.87,126.59,144.48,125.36,131.82,113.61,109.19
1032,29,Front/Back,160.68,141.87,125.49,155.57,133.38,128.09,112.49,106.08
1032,30,Front/Back,147.48,151.26,144.24,157.72,124.94,135.33,120.55,106.13
1032,31,Front/Back,151.77,161.37,151.77,161.37,137.13,143.17,137.13,107.59
1032,32,Front/Back,180.0,165.85,157.8,165.85,139.84,145.94,126.43,114.41
1032,33,Front/Back,180.0,160.49,154.32,160.49,144.19,149.0,130.77,120.46
1032,34,Front/Back,180.0,180.0,150.09,180.0,150.86,152.39,134.42,127.22
1032,35,Front/Back,180.0,161.49,152.8,171.97,154.83,147.99,141.68,139.32
1032,36,Front/Back,170.8,131.53,153.6,148.21,150.22,135.88,149.95,142.48
1032,37,Front/Back,170.8,137.66,152.49,151.09,145.71,134.21,133.81,147.64
1032,38,Front/Back,168.45,137.66,154.8,151.09,143.28,132.71,126.29,124.91
1032,39,Front/Back,166.52,139.47,156.23,152.9,141.29,131.39,120.27,117.98
1032,40,Front/Back,166.39,136.03,141.76,148.86,135.45,129.06,110.62,112.03
1033,1,Front/Back,129.72,119.6,154.7,93.56,141.82,137.78,126.77,140.04
1033,2,Front/Back,133.41,127.36,158.35,109.23,141.85,143.71,129.51,138.94
1033,3,Front/Back,139.43,138.54,162.74,132.55,143.48,148.25,129.51,138.63
1033,4,Front/Back,141.28,145.41,164.55,157.38,143.53,156.7,132.44,137.27
1033,5,Front/Back,138.17,180.0,159.68,180.0,145.28,168.1,132.44,136.7
1033,6,Front/Back,128.13,179.99,151.39,180.0,156.74,179.99,142.72,155.34
1033,7,Front/Back,136.96,167.58,158.48,180.0,158.48,167.58,148.82,164.92
1033,8,Front/Back,141.41,167.58,161.09,180.0,160.32,167.58,148.82,159.58
1033,9,Front/Back,135.39,164.45,156.97,180.0,158.43,164.45,152.31,164.92
1033,10,Front/Back,127.03,160.04,150.34,172.41,156.68,160.04,160.99,159.51
1033,11,Front/Back,122.57,156.22,147.51,180.0,155.06,156.22,167.28,155.28
1033,12,Front/Back,131.88,156.22,153.46,164.43,145.63,156.22,147.6,151.64
1033,13,Front/Back,138.73,157.94,158.35,151.84,142.24,140.65,133.41,131.09
1033,14,Front/Back,158.34,166.84,158.35,150.36,158.08,138.92,123.07,117.49
1033,15,Front/Back,159.94,164.16,159.94,153.84,154.96,136.23,122.91,117.49
1033,16,Front/Back,164.71,164.45,152.42,180.0,154.56,136.33,125.92,117.34
1033,17,Front/Back,164.71,170.69,164.71,180.0,158.09,142.57,137.84,127.23
1033,18,Front/Back,162.74,171.23,162.74,179.99,162.28,146.15,162.27,134.51
1033,19,Front/Back,153.46,180.0,153.46,179.99,180.0,162.42,166.45,142.01
1033,20,Front/Back,153.46,180.0,153.46,170.3,180.0,167.71,180.0,161.4
1033,21,Front/Back,144.9,180.0,153.46,170.3,171.44,180.0,180.0,174.36
1033,22,Front/Back,136.43,180.0,151.49,166.49,164.94,180.0,166.45,165.67
1033,23,Front/Back,129.06,172.6,148.6,146.3,160.46,172.6,155.78,155.83
1033,24,Front/Back,123.91,145.49,147.09,130.21,156.81,147.2,148.41,134.56
1033,25,Front/Back,123.47,122.99,127.58,114.16,155.11,134.58,142.34,130.5
1033,26,Front/Back,135.89,136.31,128.14,113.47,146.61,133.2,118.88,115.16
1033,27,Front/Back,133.54,157.86,151.14,130.58,149.6,133.27,129.27,121.26
1033,28,Front/Back,132.2,167.17,149.8,153.2,149.6,139.07,135.31,128.15
1033,29,Front/Back,135.24,167.58,152.77,180.0,149.26,142.38,142.22,135.47
1033,30,Front/Back,137.16,167.58,154.7,180.0,149.26,142.38,152.68,154.8
1033,31,Front/Back,143.18,179.99,158.35,180.0,161.64,154.79,176.79,154.8
1033,32,Front/Back,168.68,180.0,168.69,180.0,176.8,158.22,176.79,158.22
1033,33,Front/Back,171.87,180.0,171.88,180.0,176.8,162.25,176.79,162.25
1033,34,Front/Back,158.27,180.0,167.14,164.43,171.12,167.48,179.98,167.48
1033,35,Front/Back,179.98,179.98,179.97,179.97,179.98,179.98,179.98,179.98
1033,36,Front/Back,179.99,179.99,179.99,164.43,167.19,179.99,167.19,175.69
1033,37,Front/Back,171.44,166.84,172.19,158.05,158.64,154.55,146.94,163.4
1033,38,Front/Back,144.43,133.48,159.49,135.66,142.67,138.3,132.96,148.09
1033,39,Front/Back,147.41,145.86,159.49,129.77,136.24,131.48,119.68,132.04
1033,40,Front/Back,157.07,124.53,164.71,102.37,135.61,123.11,108.0,127.12
1034,1,Front/Back,129.33,116.75,128.64,133.44,166.32,163.29,137.71,150.55
1034,2,Front/Back,130.95,126.07,143.01,137.07,167.94,163.29,145.74,149.86
1034,3,Front/Back,132.24,145.8,144.3,149.76,167.94,176.04,137.6,149.86
1034,4,Front/Back,144.3,171.02,144.3,171.02,180.0,179.98,137.6,145.05
1034,5,Front/Back,132.47,171.02,146.15,171.02,166.32,179.98,141.43,145.05
1034,6,Front/Back,153.25,180.0,153.25,180.0,180.0,161.59,141.43,131.05
1034,7,Front/Back,180.0,180.0,180.0,180.0,180.0,179.98,155.95,155.47
1034,8,Front/Back,179.97,179.97,179.96,179.96,179.97,179.97,179.97,179.97
1034,9,Front/Back,151.82,142.51,141.98,158.7,164.38,163.79,179.97,144.57
1034,10,Front/Back,151.82,158.71,116.65,135.27,164.38,179.99,179.98,149.33
1034,11,Front/Back,136.92,158.72,71.85,126.95,145.15,180.0,159.98,149.46
1034,12,Front/Back,167.42,149.76,108.18,113.1,180.0,180.0,145.74,144.57
1034,13,Front/Back,179.98,161.8,111.83,125.14,176.63,180.0,176.62,149.46
1034,14,Front/Back,156.13,161.8,99.82,161.8,180.0,162.56,155.95,137.59
1034,15,Front/Back,160.05,159.56,145.69,122.9,176.63,180.0,159.69,144.69
1034,16,Front/Back,180.0,151.26,146.31,129.52,180.0,176.04,141.54,129.33
1034,17,Front/Back,176.33,151.06,146.31,119.29,176.33,180.0,137.6,132.88
1034,18,Front/Back,179.99,147.56,146.31,147.56,179.99,162.56,137.6,115.45
1034,19,Front/Back,167.42,158.72,140.86,158.72,180.0,162.56,141.43,115.45
1034,20,Front/Back,167.42,152.06,167.4,152.06,180.0,180.0,141.43,136.53
1034,21,Front/Back,151.74,148.18,151.74,148.18,180.0,180.0,141.43,136.53
1034,22,Front/Back,151.74,144.83,137.38,144.81,180.0,180.0,145.62,136.41
1034,23,Front/Back,156.13,152.06,112.45,152.04,180.0,180.0,141.43,136.53
1034,24,Front/Back,156.13,149.76,112.45,149.74,180.0,180.0,141.43,136.53
1034,25,Front/Back,167.42,179.98,123.75,179.96,180.0,180.0,141.43,140.43
1034,26,Front/Back,167.42,179.98,129.09,179.98,180.0,180.0,141.54,136.53
1034,27,Front/Back,167.42,158.72,133.73,158.72,180.0,180.0,137.71,140.43
1034,28,Front/Back,153.25,156.73,109.57,156.73,179.98,180.0,156.38,140.43
1034,29,Front/Back,155.79,180.0,104.12,180.0,160.29,180.0,136.68,145.07
1034,30,Front/Back,180.0,166.61,153.43,166.61,176.63,180.0,160.28,145.07
1034,31,Front/Back,180.0,159.56,180.0,159.56,159.98,145.45,159.98,106.24
1034,32,Front/Back,180.0,151.06,165.64,151.06,159.98,157.04,143.63,113.92
1034,33,Front/Back,156.13,159.56,156.13,159.56,176.63,165.84,160.28,126.63
1034,34,Front/Back,148.59,159.56,148.59,159.56,176.63,180.0,160.28,144.69
1034,35,Front/Back,110.97,151.06,103.82,102.93,158.44,157.04,156.39,121.74
1034,36,Front/Back,120.93,152.06,83.25,117.2,158.44,180.0,156.39,136.41
1034,37,Front/Back,115.46,152.06,92.87,120.29,165.17,165.84,141.54,126.27
1034,38,Front/Back,115.46,155.22,130.29,155.22,165.17,157.04,141.54,122.11
1034,39,Front/Back,115.46,155.22,130.29,155.22,165.17,157.04,141.54,122.11
1034,40,Front/Back,115.46,155.22,130.29,155.22,165.17,155.68,141.54,116.12
1034,41,Front/Back,156.11,166.61,122.44,166.61,179.99,162.56,141.88,119.09
1035,1,Front/Back,167.25,122.38,167.25,151.06,162.24,151.33,122.43,145.88
1035,2,Front/Back,134.62,128.26,139.09,134.95,156.55,155.22,147.43,165.56
1035,3,Front/Back,143.24,127.69,140.11,145.46,160.1,152.51,156.15,180.0
1035,4,Front/Back,138.15,158.38,147.75,157.82,155.01,171.63,180.0,165.53
1035,5,Front/Back,179.98,179.98,179.97,179.97,179.98,179.98,179.98,179.98
1035,6,Front/Back,180.0,179.99,180.0,180.0,163.53,163.51,163.53,163.52
1035,7,Front/Back,171.53,171.82,180.0,180.0,164.12,162.57,172.59,170.75
1035,8,Front/Back,145.96,125.34,180.0,157.51,145.96,147.82,180.0,180.0
1035,9,Front/Back,134.95,116.23,146.59,145.07,151.86,140.98,180.0,180.0
1035,10,Front/Back,145.95,119.93,147.42,136.05,157.03,143.04,180.0,180.0
1035,11,Front/Back,116.01,133.1,115.58,121.25,150.57,158.9,180.0,180.0
1035,12,Front/Back,114.4,121.54,125.45,107.48,151.65,156.44,170.27,180.0
1035,13,Front/Back,119.45,134.77,124.22,121.34,147.76,140.61,173.74,159.61
1035,14,Front/Back,122.62,135.12,127.49,115.32,142.98,153.08,146.53,150.65
1035,15,Front/Back,113.42,122.71,133.46,130.28,144.95,149.42,151.98,159.9
1035,16,Front/Back,139.45,127.24,163.14,133.74,156.32,153.04,141.21,155.39
1035,17,Front/Back,153.22,129.38,172.41,132.42,153.22,152.92,142.58,162.69
1035,18,Front/Back,151.85,158.96,165.36,133.59,151.85,155.08,153.78,155.08
1035,19,Front/Back,151.84,168.66,179.99,147.4,151.85,155.08,163.1,155.08
1035,20,Front/Back,151.98,180.0,180.0,160.67,151.98,160.98,180.0,160.98
1035,21,Front/Back,115.11,151.33,151.24,152.85,143.87,151.33,180.0,180.0
1035,22,Front/Back,149.41,180.0,162.7,148.33,149.41,160.48,180.0,160.48
1035,23,Front/Back,148.19,180.0,152.11,148.05,148.19,160.98,180.0,160.98
1035,24,Front/Back,147.02,179.99,142.08,168.61,147.02,162.83,180.0,162.83
1035,25,Front/Back,148.19,179.99,143.85,164.58,148.19,168.86,180.0,168.87
1035,26,Front/Back,149.5,149.29,138.36,154.67,149.5,161.64,180.0,165.56
1035,27,Front/Back,147.1,151.22,143.35,160.07,147.1,151.22,180.0,178.21
1035,28,Front/Back,149.5,152.46,150.35,160.22,149.5,152.46,170.16,180.0
1035,29,Front/Back,147.2,168.18,160.07,162.72,147.2,168.18,180.0,154.95
1035,30,Front/Back,152.18,155.1,164.12,160.67,152.18,155.1,160.25,152.97
1035,31,Front/Back,115.82,128.15,142.17,142.29,146.06,147.77,153.76,179.99
1035,32,Front/Back,156.55,149.78,180.0,128.71,156.55,167.38,153.78,144.81
1035,33,Front/Back,153.45,132.38,180.0,132.27,153.45,153.75,166.07,162.32
1035,34,Front/Back,147.2,129.94,180.0,134.14,147.2,150.02,157.88,159.58
1035,35,Front/Back,127.01,128.08,163.14,138.68,143.87,146.68,170.16,178.45
1035,36,Front/Back,123.94,132.9,158.88,131.92,145.06,143.97,180.0,162.32
1035,37,Front/Back,122.75,112.21,134.35,124.31,143.87,143.64,180.0,180.0
1035,38,Front/Back,148.28,137.56,151.35,144.74,148.28,148.9,180.0,180.0
1035,39,Front/Back,146.06,135.17,145.86,142.44,146.06,150.03,162.99,180.0
1035,40,Front/Back,142.93,124.71,146.94,136.25,142.93,147.76,166.04,180.0
1035,41,Front/Back,142.56,122.0,143.31,121.2,145.06,144.61,170.16,180.0
1035,42,Front/Back,148.5,122.95,149.76,116.81,148.5,146.68,155.74,170.07
1035,43,Front/Back,150.01,107.4,156.97,106.64,150.01,143.62,154.01,162.91
1035,44,Front/Back,150.99,112.68,180.0,109.33,150.99,148.9,153.82,155.39
1036,1,Front/Back,137.81,147.92,124.67,136.73,163.96,169.88,154.83,140.02
1036,2,Front/Back,146.07,147.44,142.34,158.02,166.92,169.41,158.3,140.1
1036,3,Front/Back,146.07,180.0,159.15,158.7,166.92,180.0,158.3,142.03
1036,4,Front/Back,170.75,174.0,179.99,179.99,170.76,174.0,162.23,146.1
1036,5,Front/Back,170.25,174.0,180.0,180.0,170.25,174.0,162.23,148.36
1036,6,Front/Back,169.82,174.0,180.0,180.0,169.82,174.0,162.23,148.33
1036,7,Front/Back,170.25,180.0,180.0,170.0,170.25,180.0,162.07,148.33
1036,8,Front/Back,170.75,180.0,179.99,164.95,170.76,180.0,162.07,168.16
1036,9,Front/Back,146.07,174.62,159.15,169.31,166.92,174.62,158.17,163.23
1036,10,Front/Back,123.27,180.0,158.5,165.45,144.77,180.0,158.17,159.46
1036,11,Front/Back,114.98,129.37,150.36,148.99,144.61,145.83,154.83,142.17
1036,12,Front/Back,123.27,147.27,158.5,180.0,144.77,147.27,154.83,153.36
1036,13,Front/Back,123.27,175.47,158.5,165.45,144.77,175.47,158.17,153.36
1036,14,Front/Back,166.35,180.0,174.98,180.0,171.37,180.0,167.0,150.76
1036,15,Front/Back,171.37,180.0,180.0,180.0,171.37,180.0,176.01,148.36
1036,16,Front/Back,171.37,169.41,180.0,180.0,171.37,169.41,180.0,146.08
1036,17,Front/Back,115.93,169.88,155.13,180.0,140.8,169.88,180.0,150.76
1036,18,Front/Back,107.68,127.97,148.16,163.54,139.52,144.43,180.0,150.76
1036,19,Front/Back,105.89,123.86,147.39,158.03,138.5,145.83,167.29,153.36
1036,20,Front/Back,107.15,111.72,147.39,149.82,139.76,141.9,177.03,150.85
1036,21,Front/Back,115.48,147.26,154.4,179.99,141.08,147.27,177.03,148.36
1036,22,Front/Back,120.23,147.27,159.15,180.0,141.08,147.27,180.0,153.33
1036,23,Front/Back,134.01,145.96,150.36,179.99,147.62,145.96,163.97,156.19
1036,24,Front/Back,140.95,179.98,154.4,179.97,150.52,179.99,163.97,163.23
1036,25,Front/Back,162.21,179.98,165.3,179.97,165.52,179.99,168.61,168.16
1036,26,Front/Back,179.98,179.98,179.97,179.97,179.98,179.98,179.98,179.98
1036,27,Front/Back,119.15,130.16,133.89,165.6,141.99,144.56,162.5,179.99
1036,28,Front/Back,107.3,124.15,108.65,158.03,140.6,146.12,177.03,159.42
1037,1,Front/Back,101.62,149.55,141.9,180.0,139.73,149.55,142.69,153.6
1037,2,Front/Back,101.78,148.39,141.11,180.0,140.67,148.39,142.71,158.47
1037,3,Front/Back,119.31,149.79,153.24,124.87,146.07,149.79,154.49,151.37
1037,4,Front/Back,130.18,167.5,160.74,126.06,149.44,156.24,160.59,146.78
1037,5,Front/Back,111.09,171.01,145.31,124.87,145.75,155.12,162.98,154.1
1037,6,Front/Back,179.98,179.98,179.95,179.96,179.98,179.98,179.98,179.98
1037,7,Front/Back,128.01,150.42,154.36,89.43,153.61,165.8,161.98,158.22
1037,8,Front/Back,99.71,158.13,132.87,158.13,146.84,170.9,159.92,156.23
1037,9,Front/Back,94.95,171.87,126.8,171.87,148.16,171.86,155.77,156.18
1037,10,Front/Back,93.17,180.0,126.15,180.0,147.02,157.62,154.61,157.62
1037,11,Front/Back,99.09,180.0,130.94,180.0,148.16,161.1,154.12,161.1
1037,12,Front/Back,90.96,155.83,127.97,180.0,142.99,155.83,155.91,180.0
1037,13,Front/Back,88.73,145.71,129.77,180.0,138.96,145.71,152.15,180.0
1037,14,Front/Back,94.14,140.33,139.75,180.0,134.39,140.33,152.78,180.0
1037,15,Front/Back,93.31,139.32,138.92,180.0,134.39,139.32,152.1,180.0
1037,16,Front/Back,88.87,139.4,132.17,180.0,136.7,139.4,152.41,180.0
1037,17,Front/Back,84.03,141.56,126.43,180.0,137.59,141.56,152.88,180.0
1037,18,Front/Back,85.39,148.05,124.87,180.0,140.52,148.05,153.53,180.0
1037,19,Front/Back,88.58,148.66,126.11,180.0,142.47,148.66,153.87,180.0
1037,20,Front/Back,94.41,151.83,129.73,180.0,144.68,151.83,157.07,180.0
1037,21,Front/Back,96.03,151.83,132.39,180.0,143.64,151.83,156.64,159.83
1037,22,Front/Back,105.49,151.83,132.11,180.0,153.38,151.83,155.34,156.33
1037,23,Front/Back,105.35,150.48,130.57,180.0,154.78,150.48,151.07,155.87
1037,24,Front/Back,102.64,157.27,129.15,180.0,153.48,157.27,147.51,153.6
1037,25,Front/Back,103.82,157.09,130.21,180.0,153.61,138.14,144.22,134.89
1037,26,Front/Back,131.07,155.19,145.86,180.0,165.22,133.82,139.9,127.13
1038,1,Side,7.83,15.39,174.29,170.57,167.85,175.37,169.05,174.07
1038,2,Side,13.47,17.7,174.65,176.07,169.75,172.79,171.68,177.61
1038,3,Side,20.38,21.48,176.93,178.85,170.54,171.76,172.01,178.7
1038,4,Side,25.7,23.49,176.51,169.61,170.67,170.78,172.17,179.77
1038,5,Side,32.07,33.15,172.87,170.73,171.43,168.96,172.36,175.92
1038,6,Side,37.51,40.76,165.37,164.87,171.48,168.09,172.59,175.02
1038,7,Side,46.4,55.75,155.86,166.54,172.22,167.13,174.87,175.16
1038,8,Side,56.26,70.52,147.09,162.05,172.9,166.27,176.02,174.19
1038,9,Side,69.38,86.82,139.45,137.73,172.9,165.32,179.8,176.47
1038,10,Side,84.33,101.81,139.22,124.43,171.97,164.64,178.56,178.09
1038,11,Side,101.47,114.01,137.36,135.31,171.78,163.23,177.22,177.42
1038,12,Side,110.94,123.69,138.31,137.12,169.86,162.14,178.9,178.55
1038,13,Side,118.35,130.88,135.23,136.62,169.55,161.36,178.73,177.82
1038,14,Side,130.02,143.39,138.56,142.59,166.72,159.83,178.52,177.86
1038,15,Side,141.11,149.23,135.74,130.98,166.06,157.33,176.44,174.59
1038,16,Side,151.19,157.07,128.95,128.56,164.01,157.37,174.17,175.95
1038,17,Side,152.12,157.09,123.49,121.94,163.86,156.37,174.38,173.25
1038,18,Side,150.08,150.72,125.54,112.13,164.28,158.35,174.84,175.65
1038,19,Side,146.12,148.19,130.21,115.19,166.06,158.64,178.2,174.68
1038,20,Side,136.82,142.8,125.75,113.1,167.0,158.23,178.75,174.31
1038,21,Side,129.72,137.15,122.66,111.61,168.22,161.11,178.6,177.87
1038,22,Side,117.44,128.88,125.27,127.08,169.87,161.07,179.53,176.82
1038,23,Side,107.49,119.25,132.97,125.69,171.49,162.31,179.01,178.66
1038,24,Side,97.68,110.13,134.62,130.13,171.51,162.08,179.49,179.04
1038,25,Side,84.61,98.0,143.96,131.0,172.36,161.38,179.95,177.48
1038,26,Side,76.39,79.47,143.65,143.5,170.57,164.08,177.82,179.71
1038,27,Side,65.73,70.72,156.1,161.42,169.53,166.1,174.55,178.43
1038,28,Side,53.16,58.66,172.87,178.02,169.91,166.75,172.96,177.53
1038,29,Side,43.62,44.72,178.07,174.43,171.08,168.89,172.96,178.93
1038,30,Side,33.4,28.29,177.68,172.64,172.42,171.11,174.92,179.0
1038,31,Side,25.32,15.72,175.77,169.7,173.56,172.15,174.77,177.91
1038,32,Side,22.83,17.71,167.09,177.79,174.54,172.17,175.64,177.82
1038,33,Side,21.5,19.5,156.77,168.28,175.23,174.07,173.14,178.88
1039,1,Front/Back,152.67,144.9,180.0,180.0,152.67,144.9,134.86,127.84
1039,2,Front/Back,154.11,148.04,150.34,180.0,154.11,148.04,136.87,129.51
1039,3,Front/Back,156.13,152.7,142.19,180.0,156.13,152.7,141.11,131.22
1039,4,Front/Back,159.33,156.74,150.02,180.0,148.12,156.74,150.42,136.64
1039,5,Front/Back,161.49,158.87,137.24,180.0,161.49,158.87,166.96,147.25
1039,6,Front/Back,164.42,163.93,180.0,180.0,164.42,163.93,179.99,152.43
1039,7,Front/Back,153.11,166.34,135.25,180.0,164.42,166.34,151.77,180.0
1039,8,Front/Back,146.76,150.04,123.43,168.8,161.12,161.24,149.32,159.8
1039,9,Front/Back,163.2,140.83,128.21,153.14,174.51,167.69,146.72,156.78
1039,10,Front/Back,174.51,134.43,146.56,155.23,174.51,159.2,142.37,180.0
1039,11,Front/Back,168.65,145.84,173.11,168.8,168.65,157.04,142.83,160.92
1039,12,Front/Back,164.42,134.74,152.64,153.14,164.42,161.6,145.69,180.0
1039,13,Front/Back,164.42,125.63,139.66,151.33,164.42,154.3,145.69,156.18
1039,14,Front/Back,151.48,119.84,137.24,145.32,151.48,154.52,147.12,155.11
1039,15,Front/Back,166.38,116.79,150.66,142.27,174.51,154.52,149.75,157.7
1039,16,Front/Back,168.69,115.16,129.82,133.92,168.99,161.24,144.75,159.21
1039,17,Front/Back,161.57,129.7,111.9,124.0,167.32,156.47,145.68,155.11
1039,18,Front/Back,158.8,134.11,98.54,122.09,180.0,158.58,150.26,155.86
1039,19,Front/Back,166.01,155.29,115.58,132.63,180.0,169.91,148.71,169.61
1039,20,Front/Back,139.6,162.98,139.6,180.0,180.0,162.98,148.51,180.0
1039,21,Front/Back,157.4,152.7,157.4,180.0,180.0,152.7,148.4,168.35
1039,22,Front/Back,153.89,163.25,155.83,163.72,178.06,163.25,151.13,180.0
1039,23,Front/Back,159.77,175.86,161.71,146.63,178.06,179.99,151.17,180.0
1039,24,Front/Back,179.98,179.98,179.97,179.97,179.98,179.98,179.98,179.98
1039,25,Front/Back,180.0,180.0,158.9,180.0,180.0,166.9,167.35,149.56
1039,26,Front/Back,180.0,180.0,155.07,180.0,180.0,176.03,154.55,159.11
1039,27,Front/Back,180.0,180.0,158.39,180.0,151.14,180.0,122.43,152.43
1039,28,Front/Back,180.0,165.75,157.6,180.0,157.27,165.75,123.22,136.64
1039,29,Front/Back,180.0,160.2,155.07,180.0,153.87,160.2,119.67,131.22
1040,1,Side,8.62,13.56,179.2,173.78,177.41,171.35,180.0,171.75
1040,2,Side,15.59,12.26,171.85,177.58,178.57,168.55,179.7,170.13
1040,3,Side,21.75,19.58,165.74,172.98,179.71,167.22,178.04,168.9
1040,4,Side,31.56,21.16,157.1,180.0,177.16,170.01,178.81,174.85
1040,5,Side,31.82,24.87,151.93,165.54,179.76,179.59,177.28,178.1
1040,6,Side,50.28,37.25,128.47,157.02,177.3,178.55,175.82,179.12
1040,7,Side,66.71,54.73,132.64,143.91,175.39,169.37,174.81,174.64
1040,8,Side,67.83,72.21,175.6,147.92,174.27,168.12,174.85,177.1
1040,9,Side,77.93,96.34,107.74,168.69,176.12,166.87,172.23,178.41
1040,10,Side,75.72,116.7,94.15,142.56,175.46,165.53,171.92,179.08
1040,11,Side,121.19,111.08,137.35,130.6,174.93,170.84,172.34,176.11
1040,12,Side,130.45,139.6,138.64,161.06,173.99,175.47,169.04,168.12
1040,13,Side,125.83,153.51,121.43,160.41,170.41,167.71,169.6,178.42
1040,14,Side,141.38,140.75,135.0,132.5,172.81,167.03,166.86,179.49
1040,15,Side,150.19,146.85,133.06,129.53,167.18,165.98,170.9,175.49
1040,16,Side,143.39,154.49,119.46,127.09,168.15,164.48,170.32,176.58
1040,17,Side,137.82,132.88,123.58,115.64,171.66,169.99,169.85,175.63
1040,18,Side,116.13,143.1,122.42,141.34,167.54,169.26,172.54,176.59
1040,19,Side,99.53,133.18,148.05,127.11,173.19,162.08,174.13,176.25
1040,20,Side,83.07,100.7,168.01,107.71,177.95,167.71,171.87,176.23
1040,21,Side,74.39,82.12,15.32,25.01,169.5,164.23,177.67,177.04
1040,22,Side,57.08,65.65,24.02,21.37,170.57,171.17,177.46,178.76
1040,23,Side,43.59,48.22,30.61,27.08,176.41,173.53,177.3,177.36
1040,24,Side,29.7,33.22,36.85,21.12,171.77,170.48,178.53,175.81
1040,25,Side,19.14,23.06,34.05,15.48,174.9,175.01,178.75,175.8
1040,26,Side,16.93,15.1,37.31,13.88,167.49,174.94,172.52,173.21
1040,27,Side,14.39,13.12,39.08,16.53,172.14,177.84,174.52,178.21
1041,1,Front/Back,159.87,144.06,139.79,136.45,159.87,144.06,126.66,128.15
1041,2,Front/Back,156.23,138.68,135.28,129.76,156.23,138.68,131.03,134.72
1041,3,Front/Back,153.06,141.83,141.53,130.64,153.06,141.83,138.18,146.42
1041,4,Front/Back,155.55,145.7,150.52,149.53,155.55,145.7,140.75,152.49
1041,5,Front/Back,121.55,150.42,132.34,145.69,147.0,124.85,142.08,154.43
1041,6,Front/Back,136.94,155.8,171.71,162.3,145.24,131.64,147.57,131.9
1041,7,Front/Back,129.48,159.38,135.55,137.53,149.28,133.36,146.73,128.9
1041,8,Front/Back,126.38,160.57,122.53,133.76,154.95,145.08,145.99,127.93
1041,9,Front/Back,163.57,161.83,138.61,132.39,163.57,148.64,145.52,128.12
1041,10,Front/Back,171.83,161.83,144.44,138.3,158.93,144.12,136.18,125.74
1041,11,Front/Back,180.0,160.57,168.55,155.96,180.0,160.57,144.12,137.04
1041,12,Front/Back,176.68,158.03,155.29,142.99,176.68,158.03,132.78,135.49
1041,13,Front/Back,180.0,157.76,163.01,141.6,180.0,157.76,126.85,135.02
1041,14,Front/Back,157.57,156.58,129.59,135.38,180.0,156.58,130.54,131.83
1041,15,Front/Back,163.97,153.61,133.88,136.32,180.0,153.61,122.9,126.01
1041,16,Front/Back,180.0,152.63,142.3,137.58,163.13,152.63,108.51,122.26
1041,17,Front/Back,176.43,153.61,150.82,132.69,176.43,153.61,125.53,127.87
1041,18,Front/Back,171.88,160.12,141.78,135.36,152.82,160.12,119.07,134.1
1041,19,Front/Back,159.22,164.24,131.13,144.63,180.0,164.24,134.3,140.23
1041,20,Front/Back,154.84,154.04,158.6,150.99,176.24,168.35,145.52,147.09
1041,21,Front/Back,149.65,162.68,160.05,177.66,169.61,146.2,150.54,145.54
1041,22,Front/Back,179.98,179.98,179.98,179.98,179.98,179.98,179.98,179.98
1041,23,Front/Back,180.0,180.0,159.1,134.01,180.0,180.0,176.22,176.68
1041,24,Front/Back,180.0,180.0,131.64,136.19,180.0,180.0,170.75,175.14
1041,25,Front/Back,180.0,180.0,134.46,144.44,180.0,155.42,149.75,155.42
1041,26,Front/Back,162.74,165.58,149.07,150.51,152.3,138.49,140.46,152.91
1041,27,Front/Back,180.0,164.02,142.79,143.75,150.2,149.47,111.92,140.58
1041,28,Front/Back,180.0,155.69,140.5,140.62,151.33,143.55,106.29,128.44
1041,29,Front/Back,180.0,149.61,142.3,138.6,162.7,149.61,106.63,126.95
1042,1,Front/Back,134.22,165.74,139.35,154.65,144.99,165.74,158.51,153.75
1042,2,Front/Back,129.49,168.51,139.1,154.2,132.75,168.51,150.55,158.5
1042,3,Front/Back,139.29,147.19,139.26,140.79,132.36,164.13,161.8,164.66
1042,4,Front/Back,137.08,142.88,144.11,135.12,130.4,170.83,153.68,155.89
1042,5,Front/Back,161.57,155.74,152.49,131.07,131.61,180.0,150.03,156.44
1042,6,Front/Back,171.71,148.4,154.28,115.62,149.52,166.91,157.81,156.22
1042,7,Front/Back,171.38,149.35,141.12,115.52,150.04,176.15,155.03,176.15
1042,8,Front/Back,168.03,160.53,138.76,120.38,148.66,180.0,155.31,157.07
1042,9,Front/Back,148.74,154.91,127.84,119.42,152.56,180.0,156.25,150.62
1042,10,Front/Back,154.39,170.22,139.92,145.94,150.02,180.0,160.57,150.36
1042,11,Front/Back,163.2,180.0,157.38,145.23,158.9,180.0,155.05,147.21
1042,12,Front/Back,155.27,168.99,162.43,154.49,149.61,168.99,157.34,154.53
1042,13,Front/Back,152.15,153.27,167.06,127.47,143.81,180.0,157.34,149.91
1042,14,Front/Back,133.69,180.0,147.76,158.48,144.21,180.0,154.79,154.81
1042,15,Front/Back,130.47,180.0,137.37,151.79,144.04,180.0,155.16,154.0
1042,16,Front/Back,155.84,180.0,128.86,155.33,153.6,180.0,122.41,146.64
1042,17,Front/Back,158.46,166.56,143.57,136.53,166.32,180.0,137.96,156.69
1042,18,Front/Back,165.3,157.86,144.03,124.77,165.59,180.0,148.02,162.68
1042,19,Front/Back,163.49,180.0,126.08,140.74,167.75,180.0,154.93,149.07
1042,20,Front/Back,173.43,166.56,153.73,137.89,171.02,180.0,161.07,164.93
1042,21,Front/Back,179.98,179.98,179.98,179.98,179.98,179.98,179.98,179.98
1042,22,Front/Back,155.92,168.14,152.94,180.0,159.73,168.14,174.11,168.95
1042,23,Front/Back,153.66,159.77,149.48,155.72,159.95,159.77,180.0,180.0
1042,24,Front/Back,153.58,154.1,157.38,153.58,153.58,154.1,158.82,164.66
1042,25,Front/Back,152.15,148.73,164.42,149.81,152.15,148.73,155.92,153.58
1042,26,Front/Back,157.81,146.67,162.64,152.26,141.31,146.67,139.34,155.95
1043,1,Front/Back,154.97,162.67,161.47,148.83,104.14,114.12,118.52,94.39
1043,2,Front/Back,147.71,160.51,149.76,143.35,100.69,132.36,117.76,98.48
1043,3,Front/Back,147.81,151.95,149.93,154.94,100.52,110.47,132.71,102.71
1043,4,Front/Back,156.56,171.62,149.83,155.26,105.43,119.54,128.87,90.76
1043,5,Front/Back,159.78,170.27,164.7,151.97,108.4,121.95,128.62,95.79
1043,6,Front/Back,159.68,180.0,180.0,165.94,112.39,136.66,132.71,102.18
1043,7,Front/Back,159.78,164.39,161.91,153.76,117.91,143.72,138.13,113.44
1043,8,Front/Back,163.47,165.14,169.21,171.36,124.5,139.21,141.02,124.16
1043,9,Front/Back,160.06,168.13,156.98,158.79,135.26,168.12,147.18,153.52
1043,10,Front/Back,179.97,179.97,179.97,179.97,179.98,179.98,179.98,179.98
1043,11,Front/Back,164.62,180.0,176.19,171.81,168.43,180.0,180.0,172.62
1043,12,Front/Back,154.2,180.0,154.2,130.13,169.83,166.32,169.83,166.32
1043,13,Front/Back,180.0,180.0,138.73,139.36,161.62,168.02,161.62,168.02
1043,14,Front/Back,180.0,180.0,139.0,138.11,159.13,153.32,141.91,134.91
1043,15,Front/Back,180.0,180.0,140.8,137.0,145.77,149.21,145.77,127.35
1043,16,Front/Back,180.0,180.0,159.41,131.52,140.41,146.01,131.76,121.11
1043,17,Front/Back,176.31,180.0,160.79,134.7,134.04,149.28,114.0,104.82
1043,18,Front/Back,180.0,180.0,175.88,138.83,142.49,148.67,112.51,96.99
1043,19,Front/Back,180.0,180.0,147.27,135.22,140.38,158.09,119.16,103.2
1043,20,Front/Back,180.0,180.0,155.41,135.36,134.34,157.03,125.69,103.1
1043,21,Front/Back,177.14,180.0,165.18,135.54,134.36,158.03,123.6,104.38
1043,22,Front/Back,168.08,180.0,180.0,144.85,147.09,165.9,124.83,111.97
1043,23,Front/Back,180.0,180.0,149.66,158.79,146.58,170.66,146.58,120.48
1043,24,Front/Back,180.0,180.0,153.47,140.19,147.57,180.0,147.57,136.02
1043,25,Front/Back,176.65,180.0,170.67,130.13,153.17,180.0,156.52,139.85
1043,26,Front/Back,159.49,159.93,180.0,144.79,138.31,135.46,158.82,133.08
1043,27,Front/Back,163.26,155.3,158.61,143.95,135.83,132.71,152.57,157.41
1043,28,Front/Back,165.33,180.0,151.31,156.53,132.68,151.45,147.34,146.37
1043,29,Front/Back,176.08,169.55,170.67,140.87,143.35,152.86,147.27,148.72
1043,30,Front/Back,159.45,173.57,164.47,128.51,119.14,143.44,139.69,131.93
1043,31,Front/Back,157.86,162.09,156.24,127.67,117.71,129.36,139.85,124.64
1043,32,Front/Back,159.49,180.0,146.85,150.28,114.89,137.44,135.4,110.86
1043,33,Front/Back,149.91,180.0,140.95,137.84,117.77,157.71,106.62,105.51
1043,34,Front/Back,154.94,180.0,139.6,146.87,118.99,148.19,101.19,94.79
1043,35,Front/Back,156.35,161.67,141.65,147.13,103.23,131.44,105.33,97.37
1043,36,Front/Back,163.1,162.09,154.67,145.38,106.36,110.02,99.09,89.26
1044,1,Front/Back,169.25,154.7,180.0,164.38,137.49,154.7,145.51,180.0
1044,2,Front/Back,179.99,108.94,180.0,143.9,152.14,145.05,138.39,156.46
1044,3,Front/Back,180.0,102.2,180.0,137.88,150.76,144.32,135.26,160.56
1044,4,Front/Back,172.24,114.98,180.0,140.96,159.88,154.02,150.74,154.21
1044,5,Front/Back,180.0,123.69,180.0,143.9,164.85,159.79,146.3,152.59
1044,6,Front/Back,179.98,179.98,179.97,179.97,179.98,179.98,179.98,179.98
1044,7,Front/Back,164.64,161.37,180.0,144.41,164.64,161.37,172.45,167.55
1044,8,Front/Back,130.69,158.28,146.04,180.0,164.64,158.28,164.03,180.0
1044,9,Front/Back,144.27,169.14,148.73,161.16,175.54,161.5,161.2,172.36
1044,10,Front/Back,153.91,169.18,153.91,180.0,161.6,147.91,134.62,158.73
1044,11,Front/Back,141.45,180.0,141.45,167.3,156.63,154.69,141.13,139.69
1044,12,Front/Back,143.23,158.05,143.23,149.05,156.26,158.05,137.94,180.0
1044,13,Front/Back,141.35,154.7,141.35,141.98,165.58,154.7,138.42,166.37
1044,14,Front/Back,137.13,153.68,137.13,134.13,160.63,153.68,120.13,156.53
1044,15,Front/Back,149.05,152.68,149.05,138.3,177.1,152.68,134.22,165.23
1044,16,Front/Back,169.07,152.89,169.07,148.57,157.71,152.89,111.51,154.52
1044,17,Front/Back,148.36,147.32,148.36,146.22,160.09,147.32,122.16,176.87
1044,18,Front/Back,160.6,151.72,160.6,180.0,151.33,151.72,119.15,153.55
1044,19,Front/Back,140.6,154.7,140.6,142.36,157.18,154.7,131.88,165.14
1044,20,Front/Back,145.64,169.25,127.23,180.0,157.02,169.25,138.39,152.31
1044,21,Front/Back,141.18,171.84,141.18,156.43,165.89,171.84,150.39,175.34
1044,22,Front/Back,147.8,165.1,138.26,134.72,156.12,165.1,148.04,149.13
1044,23,Front/Back,135.99,161.95,106.14,154.54,158.48,161.95,131.86,145.79
1044,24,Front/Back,131.36,149.03,144.25,160.5,157.98,161.97,140.58,143.49
1044,25,Front/Back,124.07,160.7,144.9,155.62,159.17,160.7,155.89,163.12
1044,26,Front/Back,152.87,159.6,180.0,137.25,152.87,159.6,153.85,169.71
1044,27,Front/Back,151.04,151.29,180.0,139.99,151.04,151.29,142.81,166.6
1044,28,Front/Back,139.2,154.11,160.56,154.54,146.11,154.11,148.18,164.54
1044,29,Front/Back,129.95,159.79,149.95,164.38,138.41,141.19,131.16,137.65
1045,1,Front/Back,133.45,155.62,159.64,180.0,123.04,124.49,114.29,111.86
1045,2,Front/Back,135.09,158.05,157.66,180.0,129.18,129.87,121.3,118.66
1045,3,Front/Back,159.42,160.52,150.98,168.25,141.55,133.96,130.13,126.18
1045,4,Front/Back,162.99,163.37,148.25,180.0,144.81,142.17,140.52,133.27
1045,5,Front/Back,165.02,169.5,180.0,180.0,147.04,150.7,162.02,141.52
1045,6,Front/Back,169.57,172.58,180.0,180.0,166.76,172.58,177.18,159.15
1045,7,Front/Back,179.99,179.99,180.0,180.0,179.99,179.99,180.0,161.31
1045,8,Front/Back,179.98,179.98,179.97,179.97,179.98,179.98,179.98,179.98
1045,9,Front/Back,148.54,166.45,148.54,166.46,180.0,165.59,167.33,165.6
1045,10,Front/Back,150.46,154.26,150.46,154.27,180.0,174.34,165.71,174.35
1045,11,Front/Back,153.83,152.87,153.83,152.87,180.0,175.85,162.83,175.85
1045,12,Front/Back,145.73,145.34,145.73,148.12,180.0,170.57,160.7,173.36
1045,13,Front/Back,124.49,140.91,142.3,144.78,162.19,169.48,174.76,159.19
1045,14,Front/Back,120.62,140.46,122.98,149.24,157.82,166.6,161.31,153.14
1045,15,Front/Back,129.86,146.84,154.55,155.98,155.31,160.5,166.08,137.67
1045,16,Front/Back,162.67,167.95,156.96,180.0,180.0,162.67,180.0,139.72
1045,17,Front/Back,158.85,168.21,158.85,180.0,180.0,160.08,172.9,143.79
1045,18,Front/Back,151.29,166.04,151.29,180.0,176.61,154.97,176.61,139.18
1045,19,Front/Back,149.11,159.38,149.11,180.0,168.25,159.38,168.25,148.02
1045,20,Front/Back,135.95,156.8,147.57,180.0,156.63,156.8,168.25,137.01
1045,21,Front/Back,132.82,153.37,146.7,180.0,150.73,153.37,164.61,133.77
1045,22,Front/Back,125.4,137.58,137.02,153.88,163.68,155.74,170.06,135.26
1045,23,Front/Back,138.99,127.3,138.99,118.15,153.43,157.26,153.43,135.48
1045,24,Front/Back,131.36,120.85,138.51,132.8,154.12,160.08,161.27,147.04
1045,25,Front/Back,136.89,120.7,144.47,140.17,162.98,160.52,170.57,180.0
1045,26,Front/Back,151.09,129.54,153.51,145.62,177.58,163.92,180.0,180.0
1045,27,Front/Back,148.85,134.51,151.27,146.68,177.58,167.83,180.0,180.0
1045,28,Front/Back,147.6,145.12,152.52,145.12,175.08,180.0,180.0,180.0
1045,29,Front/Back,132.78,156.7,145.69,156.7,167.1,180.0,180.0,174.09
1045,30,Front/Back,140.26,180.0,151.0,180.0,165.69,180.0,176.42,165.07
1045,31,Front/Back,143.41,180.0,156.57,180.0,162.39,180.0,175.54,156.33
1045,32,Front/Back,139.98,163.37,155.38,180.0,146.42,163.37,145.34,151.24
1045,33,Front/Back,153.63,161.77,171.63,180.0,144.28,161.77,137.85,148.25
1045,34,Front/Back,156.11,153.78,174.16,180.0,137.41,139.2,124.7,129.74
1045,35,Front/Back,161.95,152.57,180.0,180.0,132.24,131.1,114.34,118.13
1046,1,Front/Back,179.98,179.98,179.98,179.97,179.98,179.98,,
1046,2,Front/Back,128.98,126.4,160.85,153.19,148.13,153.21,,
1046,3,Front/Back,119.39,158.76,150.36,180.0,149.03,158.76,,
1046,4,Front/Back,115.74,142.54,126.36,168.51,149.03,154.02,,
1046,5,Front/Back,119.02,135.36,137.05,156.29,153.19,159.07,,
1046,6,Front/Back,124.61,135.7,148.61,155.45,156.0,160.25,,
1046,7,Front/Back,136.98,180.0,136.98,180.0,162.18,151.29,,
1046,8,Front/Back,161.11,180.0,161.11,180.0,160.35,152.72,,
1046,9,Front/Back,169.76,139.75,167.28,152.23,159.08,167.52,,
1046,10,Front/Back,163.88,147.77,158.92,155.58,166.12,172.19,,
1046,11,Front/Back,166.25,167.5,148.77,167.5,148.57,180.0,,
1046,12,Front/Back,151.66,158.53,120.25,158.53,180.0,180.0,,
1046,13,Front/Back,161.11,180.0,126.99,161.98,180.0,180.0,,
1046,14,Front/Back,167.15,180.0,152.04,159.63,171.16,180.0,,
1046,15,Front/Back,158.82,180.0,128.25,156.62,180.0,180.0,,
1046,16,Front/Back,165.53,175.04,132.21,149.6,180.0,152.22,,
1046,17,Front/Back,180.0,174.52,144.03,180.0,180.0,153.17,,
1046,18,Front/Back,169.39,155.58,169.39,155.58,180.0,180.0,,
1046,19,Front/Back,180.0,155.37,180.0,155.37,180.0,180.0,,
1046,20,Front/Back,180.0,180.0,180.0,180.0,180.0,180.0,,
1046,21,Front/Back,145.01,174.76,164.64,180.0,160.36,174.76,,
1046,22,Front/Back,133.79,168.94,155.61,180.0,158.18,168.94,,
1046,23,Front/Back,161.96,180.0,175.99,180.0,165.96,164.08,,
1046,24,Front/Back,122.53,180.0,149.61,173.2,152.92,155.6,,
1046,25,Front/Back,129.99,167.89,157.82,149.77,152.18,139.22,,
1046,26,Front/Back,139.68,154.38,135.07,180.0,137.15,124.81,,
1046,27,Front/Back,152.31,159.61,141.75,180.0,122.21,123.14,,
1047,1,Front/Back,180.0,180.0,156.72,180.0,180.0,164.96,139.67,121.62
1047,2,Front/Back,158.3,163.93,136.15,163.93,158.3,171.25,139.42,132.44
1047,3,Front/Back,143.83,165.56,144.75,165.56,160.16,155.52,141.68,120.51
1047,4,Front/Back,180.0,158.32,180.0,158.32,167.49,159.1,146.32,136.33
1047,5,Front/Back,180.0,161.74,159.46,161.74,170.58,167.46,169.24,154.44
1047,6,Front/Back,179.97,179.97,179.97,179.97,179.98,179.98,179.98,179.98
1047,7,Front/Back,180.0,154.99,172.96,154.99,156.12,163.42,146.85,155.31
1047,8,Front/Back,171.3,142.16,171.3,142.16,155.72,166.3,137.35,147.03
1047,9,Front/Back,180.0,138.96,154.0,138.96,162.92,170.88,151.05,162.17
1047,10,Front/Back,180.0,153.37,150.05,153.37,170.58,180.0,154.68,153.58
1047,11,Front/Back,158.63,180.0,144.81,180.0,180.0,159.6,175.16,132.76
1047,12,Front/Back,161.97,170.51,136.28,170.51,180.0,180.0,163.12,152.88
1047,13,Front/Back,152.7,169.76,137.88,169.76,162.09,164.42,142.27,141.98
1047,14,Front/Back,153.18,153.57,127.84,153.57,160.41,163.52,139.94,139.31
1047,15,Front/Back,142.84,172.1,126.29,172.1,158.55,169.14,136.47,142.12
1047,16,Front/Back,143.37,160.14,117.41,160.14,162.52,156.88,130.8,122.1
1047,17,Front/Back,148.48,160.14,125.78,160.14,157.36,153.12,121.09,116.55
1047,18,Front/Back,154.5,152.28,122.06,152.28,158.11,156.59,117.98,121.65
1047,19,Front/Back,155.28,156.57,122.16,151.21,156.43,154.8,118.85,118.67
1047,20,Front/Back,146.9,161.74,126.35,154.5,162.0,156.04,129.76,125.08
1047,21,Front/Back,145.35,180.0,132.69,164.24,159.55,155.35,141.5,133.66
1047,22,Front/Back,139.45,180.0,139.45,180.0,157.71,156.4,157.71,139.14
1047,23,Front/Back,180.0,163.58,152.29,163.58,173.95,180.0,158.38,147.36
1047,24,Front/Back,168.45,172.22,151.1,172.22,180.0,180.0,172.24,151.87
1047,25,Front/Back,164.34,180.0,145.36,180.0,180.0,180.0,166.58,151.51
1047,26,Front/Back,180.0,180.0,157.3,180.0,180.0,166.39,151.61,137.78
1047,27,Front/Back,167.4,170.1,163.14,180.0,167.4,170.1,145.49,143.71
1047,28,Front/Back,160.19,150.37,179.99,168.63,160.2,161.74,143.02,146.25
1047,29,Front/Back,158.36,157.77,154.0,158.39,158.36,157.77,150.27,143.63
1047,30,Front/Back,139.74,157.69,141.96,157.48,160.26,157.69,145.89,140.05
1047,31,Front/Back,136.89,160.43,139.65,173.24,155.12,167.19,143.54,136.66
1047,32,Front/Back,119.32,154.48,137.31,166.47,149.35,154.48,141.04,134.61
1047,33,Front/Back,158.44,161.87,162.96,180.0,158.44,161.87,134.22,132.51
1047,34,Front/Back,160.35,170.78,155.11,180.0,160.35,160.83,133.16,118.65
1048,1,Front/Back,180.0,146.26,144.23,155.3,161.24,151.15,131.87,136.34
1048,2,Front/Back,162.37,154.13,132.86,154.13,151.01,153.93,146.86,134.47
1048,3,Front/Back,162.37,154.7,136.53,136.49,150.63,152.45,151.41,138.7
1048,4,Front/Back,180.0,155.86,137.39,131.16,156.81,153.93,147.11,137.27
1048,5,Front/Back,158.45,155.3,143.76,130.03,150.43,153.64,148.47,153.64
1048,6,Front/Back,155.04,146.89,144.23,133.9,155.04,149.99,156.66,158.61
1048,7,Front/Back,155.2,150.0,132.49,111.46,155.2,154.02,180.0,155.23
1048,8,Front/Back,180.0,156.82,128.9,112.81,178.13,153.25,171.83,153.25
1048,9,Front/Back,180.0,158.44,133.51,119.45,180.0,167.31,174.82,152.25
1048,10,Front/Back,180.0,164.11,146.46,140.4,180.0,167.38,170.52,153.28
1048,11,Front/Back,168.81,180.0,162.65,180.0,168.81,171.59,180.0,155.51
1048,12,Front/Back,158.55,160.42,131.48,160.42,164.53,168.27,164.53,146.47
1048,13,Front/Back,149.58,152.92,116.08,152.92,180.0,163.29,163.29,136.77
1048,14,Front/Back,147.87,152.48,115.85,152.48,172.47,161.33,151.09,133.72
1048,15,Front/Back,149.12,151.42,127.43,151.42,165.51,151.24,144.58,129.18
1048,16,Front/Back,156.77,147.51,156.77,147.51,157.04,150.06,138.03,126.17
1048,17,Front/Back,156.15,165.64,156.15,165.64,158.9,153.11,142.39,131.98
1048,18,Front/Back,156.48,164.74,142.41,164.74,158.66,160.53,154.91,136.57
1048,19,Front/Back,159.5,158.8,139.02,158.8,180.0,158.61,161.74,145.4
1048,20,Front/Back,180.0,167.23,161.33,167.23,180.0,156.54,180.0,156.54
1048,21,Front/Back,174.39,180.0,180.0,180.0,174.39,156.84,180.0,156.84
1048,22,Front/Back,180.0,180.0,140.35,151.49,159.91,161.33,159.91,161.33
1048,23,Front/Back,180.0,158.73,130.23,118.04,171.0,162.83,162.46,162.83
1048,24,Front/Back,180.0,155.74,131.01,107.25,177.17,171.16,165.64,160.88
1048,25,Front/Back,173.94,158.7,137.27,118.01,180.0,177.95,166.66,165.14
1048,26,Front/Back,179.98,179.98,179.97,179.97,179.98,179.98,179.98,179.98
1048,27,Front/Back,180.0,166.98,148.48,154.8,180.0,180.0,160.6,158.22
1048,28,Front/Back,180.0,154.81,139.73,144.07,171.58,172.77,143.97,145.1
1048,29,Front/Back,180.0,161.42,137.88,147.02,167.67,165.84,135.22,131.83
1048,30,Front/Back,160.87,180.0,141.06,180.0,160.87,164.24,139.31,123.46
1049,1,Side,14.95,32.43,163.5,116.83,178.25,151.97,150.13,151.3
1049,2,Side,11.88,30.0,167.16,107.27,178.03,149.64,154.95,156.63
1049,3,Side,24.18,41.38,164.8,93.39,176.12,145.07,161.58,160.11
1049,4,Side,23.89,25.22,176.28,174.1,174.19,149.67,166.81,165.6
1049,5,Side,44.58,36.63,163.4,172.52,176.9,147.97,165.94,173.63
1049,6,Side,30.16,41.63,172.61,171.2,177.64,149.97,164.82,169.79
1049,7,Side,75.44,51.74,107.84,142.38,177.85,157.63,162.09,161.42
1049,8,Side,116.71,63.8,24.79,138.33,175.83,157.71,160.0,165.96
1049,9,Side,144.26,107.94,53.0,147.97,171.93,179.27,163.01,168.33
1049,10,Side,160.33,124.75,70.72,153.54,172.75,179.35,162.18,166.52
1049,11,Side,161.23,129.78,71.19,161.21,174.15,179.75,156.09,163.13
1049,12,Side,176.53,145.15,89.37,162.03,174.14,167.6,160.76,177.92
1049,13,Side,170.55,145.2,83.79,155.59,176.82,170.44,157.95,179.66
1049,14,Side,166.42,137.2,77.78,145.08,173.95,175.49,160.15,178.83
1049,15,Side,160.8,127.77,72.09,151.98,176.02,177.63,157.35,175.79
1049,16,Side,162.56,121.85,75.91,144.72,175.44,178.55,157.45,177.95
1049,17,Side,141.78,99.27,50.21,151.77,178.63,179.44,155.12,174.85
1049,18,Side,124.11,71.03,135.93,146.99,176.94,178.26,155.9,169.84
1049,19,Side,88.37,49.48,140.74,128.78,177.78,179.02,155.54,166.22
1049,20,Side,65.44,27.18,154.44,134.63,178.04,177.55,155.22,165.57
1049,21,Side,58.97,27.7,167.72,134.69,179.41,177.58,151.02,165.45
1049,22,Side,27.26,54.32,171.9,54.29,177.42,178.17,148.57,161.38
1049,23,Side,18.46,38.1,169.27,103.11,176.97,152.57,148.16,158.43
1049,24,Side,10.92,29.76,174.88,112.16,175.97,153.83,147.08,156.69
1049,25,Side,13.17,33.12,173.0,103.38,174.86,155.22,143.34,140.89
1049,26,Side,14.96,34.62,169.3,114.88,175.69,153.25,136.89,147.06
1050,1,Front/Back,152.89,180.0,180.0,180.0,132.03,156.17,121.54,108.14
1050,2,Front/Back,157.97,180.0,180.0,180.0,127.0,155.98,115.18,110.86
1050,3,Front/Back,156.08,180.0,180.0,180.0,125.12,152.26,119.4,115.47
1050,4,Front/Back,158.29,180.0,180.0,180.0,127.32,156.17,130.62,121.32
1050,5,Front/Back,156.08,172.87,180.0,172.87,132.72,163.91,147.84,133.26
1050,6,Front/Back,151.9,177.1,180.0,180.0,151.9,177.1,161.77,154.21
1050,7,Front/Back,160.37,179.99,180.0,180.0,160.37,179.99,162.03,161.35
1050,8,Front/Back,179.97,179.97,179.96,179.96,179.98,179.97,179.97,179.97
1050,9,Front/Back,167.82,159.15,167.82,159.15,158.8,153.71,158.8,153.71
1050,10,Front/Back,180.0,166.21,180.0,166.21,155.33,149.2,155.33,149.2
1050,11,Front/Back,180.0,180.0,180.0,180.0,155.8,180.0,155.8,146.08
1050,12,Front/Back,180.0,180.0,180.0,180.0,149.49,174.58,149.49,149.9
1050,13,Front/Back,180.0,180.0,180.0,180.0,149.04,166.86,132.37,141.07
1050,14,Front/Back,180.0,170.1,180.0,170.1,142.23,150.85,122.97,119.37
1050,15,Front/Back,180.0,164.95,180.0,164.95,148.13,142.47,112.41,108.35
1050,16,Front/Back,175.77,180.0,180.0,180.0,148.77,132.44,103.69,94.77
1050,17,Front/Back,180.0,180.0,180.0,149.78,148.89,137.3,111.09,103.86
1050,18,Front/Back,180.0,135.71,180.0,135.71,158.1,144.89,122.17,115.0
1050,19,Front/Back,170.54,137.41,170.54,137.41,158.48,154.88,133.88,123.99
1050,20,Front/Back,157.25,143.64,180.0,143.64,139.58,167.33,153.91,141.02
1050,21,Front/Back,149.56,180.0,180.0,180.0,133.19,160.26,163.63,160.26
1050,22,Front/Back,163.51,160.84,180.0,160.84,153.59,165.97,170.09,165.97
1050,23,Front/Back,170.66,157.86,180.0,157.86,166.1,180.0,153.62,145.22
1050,24,Front/Back,163.51,180.0,180.0,180.0,163.51,180.0,155.32,139.82
1050,25,Front/Back,157.97,180.0,180.0,180.0,157.97,180.0,152.71,136.83
1050,26,Front/Back,153.78,180.0,180.0,180.0,153.78,180.0,146.07,136.83
1050,27,Front/Back,153.53,180.0,180.0,180.0,153.53,163.13,138.65,118.36
1050,28,Front/Back,151.16,162.02,180.0,180.0,132.72,142.61,118.53,115.82
1051,1,Front/Back,155.23,163.81,151.91,146.16,134.38,132.07,109.51,102.32
1051,2,Front/Back,130.44,153.45,129.38,144.42,137.04,121.7,118.26,107.31
1051,3,Front/Back,128.28,157.59,128.23,143.44,146.11,127.15,128.91,114.11
1051,4,Front/Back,127.15,143.22,134.68,135.36,155.9,127.07,141.47,121.41
1051,5,Front/Back,124.01,154.29,148.76,146.01,155.26,135.42,146.74,130.94
1051,6,Front/Back,117.26,141.95,143.31,152.14,153.95,128.54,152.97,142.93
1051,7,Front/Back,118.96,180.0,138.83,140.2,160.11,150.44,152.89,132.41
1051,8,Front/Back,129.22,180.0,106.53,135.89,161.34,147.71,155.72,124.34
1051,9,Front/Back,139.1,180.0,103.36,133.68,165.27,167.95,156.6,138.11
1051,10,Front/Back,140.56,180.0,108.28,143.6,167.03,163.43,158.01,129.01
1051,11,Front/Back,127.53,175.41,134.83,175.41,172.7,161.37,163.31,123.45
1051,12,Front/Back,146.62,180.0,120.63,143.23,156.77,159.51,137.13,120.62
1051,13,Front/Back,167.99,180.0,122.27,130.32,150.21,156.84,120.38,115.54
1051,14,Front/Back,172.61,180.0,131.46,130.46,142.56,155.32,108.32,112.54
1051,15,Front/Back,180.0,180.0,136.97,133.86,144.26,142.88,98.44,98.03
1051,16,Front/Back,180.0,180.0,155.09,138.76,139.03,140.11,89.03,94.7
1051,17,Front/Back,158.79,180.0,147.48,138.64,136.46,141.55,95.53,95.96
1051,18,Front/Back,145.46,180.0,136.36,140.0,139.74,144.02,101.85,99.25
1051,19,Front/Back,137.33,150.67,133.74,139.7,142.71,146.63,106.95,101.74
1051,20,Front/Back,125.2,172.03,144.27,154.35,130.88,147.7,114.37,107.05
1051,21,Front/Back,128.38,180.0,128.38,155.32,150.9,149.45,123.6,109.69
1051,22,Front/Back,137.01,180.0,145.13,133.13,145.61,152.38,129.14,116.15
1051,23,Front/Back,124.5,180.0,110.31,130.77,147.51,154.52,135.37,122.54
1051,24,Front/Back,134.68,180.0,109.37,134.02,160.33,157.17,140.38,131.54
1051,25,Front/Back,141.76,180.0,119.9,143.23,164.32,164.61,150.58,145.17
1051,26,Front/Back,179.98,179.97,179.97,179.97,179.98,179.98,179.98,179.98
1051,27,Front/Back,146.94,177.6,144.31,171.14,159.83,167.81,170.82,156.21
1051,28,Front/Back,145.61,168.08,121.28,141.77,153.82,157.48,167.03,150.66
1051,29,Front/Back,121.47,153.91,139.36,135.53,146.64,151.18,164.53,146.94
1051,30,Front/Back,118.73,145.25,139.73,163.97,143.78,146.75,164.78,143.91
1051,31,Front/Back,121.12,157.33,145.11,147.92,139.05,142.56,163.03,141.42
1051,32,Front/Back,131.2,161.5,142.35,139.03,137.64,140.28,133.6,125.49
1051,33,Front/Back,122.78,163.81,139.06,141.29,136.37,137.61,119.42,111.09
1051,34,Front/Back,122.61,166.53,141.06,146.16,137.79,134.86,109.67,99.39
1052,1,Front/Back,180.0,180.0,180.0,180.0,150.7,156.27,127.75,114.39
1052,2,Front/Back,180.0,180.0,147.07,180.0,154.32,154.35,134.06,124.55
1052,3,Front/Back,180.0,180.0,156.79,180.0,160.52,148.37,139.94,120.9
1052,4,Front/Back,180.0,180.0,180.0,180.0,175.78,148.44,155.21,137.56
1052,5,Front/Back,180.0,180.0,180.0,180.0,180.0,147.93,160.02,147.93
1052,6,Front/Back,163.9,180.0,163.9,180.0,180.0,147.3,145.28,147.3
1052,7,Front/Back,156.67,158.24,156.67,158.24,180.0,148.9,156.69,148.9
1052,8,Front/Back,140.89,148.38,113.92,148.38,168.15,176.08,162.95,143.88
1052,9,Front/Back,144.17,145.52,118.27,145.52,162.67,170.97,160.39,139.97
1052,10,Front/Back,180.0,180.0,157.77,180.0,163.84,179.99,163.84,155.03
1052,11,Front/Back,180.0,180.0,180.0,180.0,157.1,167.32,157.1,144.8
1052,12,Front/Back,180.0,160.3,180.0,160.3,180.0,177.82,172.57,159.2
1052,13,Front/Back,180.0,154.52,180.0,154.52,180.0,180.0,180.0,164.59
1052,14,Front/Back,180.0,151.57,180.0,151.57,180.0,180.0,166.93,170.64
1052,15,Front/Back,163.25,155.34,163.25,160.54,161.44,174.8,161.44,155.46
1052,16,Front/Back,172.19,149.21,172.19,159.36,157.84,169.85,157.84,180.0
1052,17,Front/Back,156.73,148.72,156.73,148.72,155.84,153.96,155.84,153.96
1052,18,Front/Back,151.77,136.6,115.25,113.49,180.0,150.62,180.0,164.47
1052,19,Front/Back,151.72,139.53,117.84,108.12,180.0,144.03,180.0,160.42
1052,20,Front/Back,179.97,179.97,179.97,179.97,179.98,179.98,179.98,179.98
1052,21,Front/Back,172.04,162.93,180.0,180.0,172.04,143.6,180.0,160.67
1052,22,Front/Back,161.81,159.44,180.0,180.0,144.84,135.82,152.84,156.38
1052,23,Front/Back,166.39,161.76,180.0,180.0,135.53,133.02,149.15,135.13
1052,24,Front/Back,180.0,171.31,180.0,180.0,146.44,144.02,125.98,121.02
1053,1,Front/Back,157.87,151.43,180.0,180.0,157.87,151.43,152.29,140.6
1053,2,Front/Back,180.0,180.0,180.0,180.0,163.25,158.15,137.91,123.9
1053,3,Front/Back,159.47,171.08,180.0,180.0,158.64,149.23,157.66,129.99
1053,4,Front/Back,159.39,164.81,180.0,180.0,159.39,164.81,163.31,160.06
1053,5,Front/Back,157.73,148.94,180.0,159.7,157.73,148.94,161.0,170.33
1053,6,Front/Back,142.49,152.92,163.07,147.78,159.42,152.92,180.0,168.5
1053,7,Front/Back,159.63,141.17,180.0,128.62,159.63,161.6,180.0,173.88
1053,8,Front/Back,179.97,179.97,179.97,179.97,179.98,179.98,179.98,179.98
1053,9,Front/Back,160.72,180.0,141.15,174.52,180.0,163.03,157.07,150.83
1053,10,Front/Back,168.01,180.0,140.38,180.0,180.0,169.73,155.38,148.02
1053,11,Front/Back,141.43,180.0,116.35,180.0,162.01,156.0,134.84,156.0
1053,12,Front/Back,147.91,180.0,119.96,172.01,162.15,156.44,128.61,122.37
1053,13,Front/Back,145.25,180.0,116.72,168.03,162.5,155.14,133.89,121.3
1053,14,Front/Back,147.06,180.0,123.76,180.0,159.74,157.62,141.52,125.97
1053,15,Front/Back,157.41,154.84,133.45,154.84,155.57,154.68,155.57,138.04
1053,16,Front/Back,158.55,161.34,130.02,161.34,180.0,169.34,180.0,147.65
1053,17,Front/Back,157.63,180.0,147.51,180.0,165.56,180.0,151.5,147.33
1053,18,Front/Back,154.85,169.95,173.62,162.09,161.23,169.95,151.78,152.42
1053,19,Front/Back,115.13,164.81,146.36,148.78,148.77,164.81,180.0,154.48
1053,20,Front/Back,145.09,153.74,180.0,165.04,145.09,153.74,180.0,159.65
1053,21,Front/Back,159.42,170.58,180.0,180.0,159.42,170.58,168.52,148.71
1053,22,Front/Back,153.51,180.0,162.69,180.0,139.5,152.74,151.84,121.45
1054,1,Front/Back,150.65,171.11,165.24,180.0,160.22,171.11,156.62,150.11
1054,2,Front/Back,168.92,180.0,180.0,180.0,168.92,155.83,159.51,133.87
1054,3,Front/Back,180.0,180.0,180.0,180.0,167.19,151.38,151.62,133.42
1054,4,Front/Back,168.21,180.0,180.0,180.0,164.04,161.66,163.15,146.08
1054,5,Front/Back,143.94,180.0,170.99,180.0,147.75,154.15,174.81,141.4
1054,6,Front/Back,136.58,180.0,157.64,180.0,148.1,161.06,169.17,152.03
1054,7,Front/Back,145.64,167.47,159.03,167.47,166.61,163.21,180.0,163.21
1054,8,Front/Back,141.39,168.75,170.49,180.0,150.89,168.75,180.0,180.0
1054,9,Front/Back,130.07,180.0,157.78,180.0,152.29,180.0,180.0,180.0
1054,10,Front/Back,152.05,180.0,169.08,180.0,162.97,173.51,180.0,173.51
1054,11,Front/Back,163.53,180.0,169.73,180.0,173.8,158.42,180.0,158.42
1054,12,Front/Back,180.0,180.0,180.0,180.0,172.48,147.97,172.48,147.97
1054,13,Front/Back,180.0,180.0,180.0,180.0,180.0,146.29,180.0,146.29
1054,14,Front/Back,180.0,180.0,180.0,180.0,180.0,145.89,153.91,145.89
1054,15,Front/Back,180.0,171.58,180.0,171.58,172.34,143.85,160.85,143.85
1054,16,Front/Back,180.0,180.0,180.0,180.0,180.0,149.92,163.31,149.92
1054,17,Front/Back,180.0,180.0,180.0,180.0,180.0,159.93,153.61,126.69
1054,18,Front/Back,180.0,180.0,180.0,180.0,154.68,165.87,121.25,117.48
1054,19,Front/Back,180.0,180.0,180.0,180.0,144.45,163.63,128.96,117.34
1054,20,Front/Back,180.0,180.0,180.0,180.0,180.0,158.25,135.36,113.22
1054,21,Front/Back,180.0,162.43,180.0,162.43,180.0,172.04,137.29,127.01
1054,22,Front/Back,164.53,180.0,164.53,180.0,169.17,174.58,131.88,123.79
1054,23,Front/Back,179.99,180.0,179.99,180.0,180.0,180.0,139.47,128.94
1054,24,Front/Back,180.0,180.0,180.0,180.0,180.0,180.0,157.17,129.48
1054,25,Front/Back,180.0,180.0,180.0,180.0,180.0,163.59,167.58,127.85
1054,26,Front/Back,180.0,165.17,180.0,165.17,180.0,162.01,180.0,130.98
1054,27,Front/Back,171.91,180.0,180.0,180.0,171.91,180.0,180.0,149.16
1054,28,Front/Back,163.78,150.54,180.0,150.54,163.78,180.0,180.0,150.61
1054,29,Front/Back,166.27,180.0,180.0,180.0,166.27,180.0,180.0,157.14
1054,30,Front/Back,179.98,179.98,179.97,179.97,179.98,179.98,179.98,179.98
1054,31,Front/Back,171.91,146.82,180.0,158.78,171.91,168.04,148.68,153.09
1054,32,Front/Back,157.74,180.0,173.69,140.1,164.05,180.0,140.13,144.99
1054,33,Front/Back,133.88,180.0,159.63,141.07,154.25,180.0,142.14,146.32
1054,34,Front/Back,121.71,180.0,150.18,150.93,151.53,180.0,137.33,143.91
1054,35,Front/Back,157.77,165.39,171.71,166.5,164.35,158.6,133.34,131.58
1054,36,Front/Back,153.49,180.0,147.54,180.0,144.23,180.0,111.74,128.76
1055,1,Front/Back,154.73,127.93,149.34,159.36,154.73,144.58,151.31,141.86
1055,2,Front/Back,168.73,155.5,138.39,138.13,158.59,142.87,143.11,133.21
1055,3,Front/Back,134.72,138.63,122.97,146.69,141.19,127.34,139.67,131.21
1055,4,Front/Back,157.87,137.05,131.77,133.6,137.6,131.33,152.11,136.35
1055,5,Front/Back,164.17,130.07,122.51,122.83,152.39,135.84,161.38,144.85
1055,6,Front/Back,180.0,127.18,139.4,122.35,168.18,144.01,168.18,155.68
1055,7,Front/Back,169.36,141.57,113.3,102.24,178.79,157.45,169.27,159.06
1055,8,Front/Back,158.17,153.47,102.56,102.58,168.23,170.83,168.23,154.24
1055,9,Front/Back,157.41,153.01,105.65,101.88,168.18,165.7,168.18,149.98
1055,10,Front/Back,160.28,146.0,128.74,96.63,165.72,161.92,165.72,148.47
1055,11,Front/Back,161.68,155.99,126.93,149.83,158.17,160.84,158.17,160.84
1055,12,Front/Back,162.86,150.07,132.2,105.97,152.51,156.29,152.51,156.29
1055,13,Front/Back,180.0,144.98,154.76,121.09,152.51,152.58,152.51,152.58
1055,14,Front/Back,180.0,144.33,155.74,144.33,170.7,153.31,135.04,120.01
1055,15,Front/Back,180.0,146.71,138.06,114.41,147.24,153.31,118.61,122.69
1055,16,Front/Back,161.98,152.16,131.51,152.16,158.76,147.83,137.61,147.83
1055,17,Front/Back,166.9,158.53,120.59,108.43,164.02,151.48,140.26,151.48
1055,18,Front/Back,153.42,180.0,123.13,140.57,155.04,152.91,155.04,152.91
1055,19,Front/Back,157.3,180.0,122.42,109.45,154.96,157.79,154.96,157.79
1055,20,Front/Back,176.81,153.3,133.26,105.78,171.79,168.98,161.58,168.98
1055,21,Front/Back,179.97,179.98,179.97,179.97,179.98,179.98,179.98,179.98
1055,22,Front/Back,136.29,136.86,131.73,122.6,164.98,155.88,165.54,146.71
1055,23,Front/Back,137.63,133.18,125.22,136.7,160.78,151.59,162.27,145.06
1055,24,Front/Back,180.0,134.03,141.53,153.92,158.96,143.08,134.54,123.82
1056,1,Front/Back,142.77,142.18,139.48,129.47,142.77,145.19,141.02,141.61
1056,2,Front/Back,143.61,129.35,135.97,127.98,143.61,146.31,144.39,144.16
1056,3,Front/Back,145.47,129.11,128.4,130.03,145.47,148.67,147.0,146.57
1056,4,Front/Back,147.44,127.24,127.92,140.87,147.44,150.99,148.29,141.14
1056,5,Front/Back,123.67,105.16,122.43,136.49,135.06,148.67,141.4,141.14
1056,6,Front/Back,160.19,131.99,137.23,157.02,160.19,154.98,148.09,145.78
1056,7,Front/Back,161.88,133.62,133.68,155.55,161.88,158.06,152.24,154.28
1056,8,Front/Back,163.77,142.45,135.67,160.81,163.77,161.65,157.12,153.47
1056,9,Front/Back,158.44,156.2,142.38,170.4,158.44,165.81,161.22,161.33
1056,10,Front/Back,168.57,160.15,160.86,168.34,168.57,166.96,180.0,175.14
1056,11,Front/Back,179.99,180.0,180.0,180.0,179.99,170.59,180.0,170.59
1056,12,Front/Back,179.98,179.98,179.97,179.97,179.98,179.98,179.98,179.98
1056,13,Front/Back,180.0,180.0,156.73,172.67,167.42,179.99,167.42,165.05
1056,14,Front/Back,180.0,180.0,154.58,168.2,162.01,161.61,162.01,157.15
1056,15,Front/Back,171.87,172.91,159.13,180.0,171.87,172.91,164.66,150.84
1056,16,Front/Back,180.0,163.8,180.0,180.0,180.0,163.8,146.72,147.12
1056,17,Front/Back,180.0,172.91,180.0,180.0,180.0,172.91,142.16,143.93
1056,18,Front/Back,179.43,180.0,180.0,180.0,179.43,168.21,143.61,145.2
1056,19,Front/Back,179.99,180.0,180.0,180.0,179.99,165.82,146.36,142.82
1056,20,Front/Back,171.89,180.0,180.0,180.0,171.89,163.34,146.03,138.64
1056,21,Front/Back,179.99,180.0,180.0,180.0,179.99,161.61,151.04,139.8
1056,22,Front/Back,180.0,180.0,139.95,150.36,167.69,160.08,140.97,137.39
1056,23,Front/Back,180.0,157.14,135.67,120.39,180.0,163.41,152.9,141.7
1056,24,Front/Back,180.0,155.02,138.26,127.2,180.0,165.35,157.31,148.48
1056,25,Front/Back,180.0,156.72,162.03,156.72,180.0,167.53,165.9,155.2
1056,26,Front/Back,180.0,180.0,180.0,180.0,180.0,180.0,166.17,176.98
1056,27,Front/Back,171.87,166.79,165.53,180.0,171.87,166.79,161.22,163.83
1056,28,Front/Back,161.8,160.33,159.48,180.0,161.8,160.33,159.43,157.12
1056,29,Front/Back,158.44,147.28,180.0,169.93,158.44,157.35,153.08,155.2
1056,30,Front/Back,180.0,180.0,180.0,180.0,180.0,180.0,151.59,153.51
1057,1,Front/Back,138.37,149.19,162.92,147.19,128.25,136.43,133.83,148.81
1057,2,Front/Back,135.33,149.39,148.58,142.97,151.59,149.41,144.64,160.61
1057,3,Front/Back,138.85,129.36,137.39,124.78,155.15,149.41,161.01,175.58
1057,4,Front/Back,133.82,119.93,132.49,118.82,153.87,148.48,163.56,162.96
1057,5,Front/Back,109.77,111.96,141.11,120.68,148.65,146.71,178.45,162.24
1057,6,Front/Back,110.5,107.96,141.7,124.82,148.8,145.92,180.0,180.0
1057,7,Front/Back,100.47,96.8,93.58,81.04,151.78,148.42,180.0,161.81
1057,8,Front/Back,102.0,90.29,63.07,61.34,135.87,152.15,157.99,163.27
1057,9,Front/Back,106.91,92.04,62.16,62.08,139.33,154.19,155.22,165.24
1057,10,Front/Back,125.43,104.08,93.11,82.51,149.07,158.95,153.1,173.1
1057,11,Front/Back,141.14,124.45,141.14,114.32,151.74,165.13,151.74,180.0
1057,12,Front/Back,139.14,121.48,106.79,113.11,150.54,161.89,150.54,148.16
1057,13,Front/Back,144.76,122.44,112.65,113.21,148.26,160.62,148.26,145.74
1057,14,Front/Back,141.33,126.92,115.83,124.85,143.44,153.47,147.4,142.61
1057,15,Front/Back,138.39,133.31,124.98,131.84,138.41,153.78,145.32,140.88
1057,16,Front/Back,137.9,144.18,149.92,147.42,132.51,151.96,144.54,139.41
1057,17,Front/Back,137.03,130.11,134.01,133.82,136.01,151.71,146.34,143.18
1057,18,Front/Back,142.25,121.3,129.05,126.98,155.0,150.62,149.37,149.03
1057,19,Front/Back,132.4,121.15,128.32,132.41,142.47,150.43,157.4,167.14
1057,20,Front/Back,137.65,123.99,134.38,141.4,144.34,149.41,156.86,180.0
1057,21,Front/Back,147.02,142.48,143.72,164.82,146.54,147.75,156.39,170.09
1057,22,Front/Back,133.23,122.12,105.25,110.37,147.61,151.15,160.38,180.0
1057,23,Front/Back,124.37,122.01,95.28,96.42,146.73,153.19,163.73,176.37
1057,24,Front/Back,124.62,126.51,94.62,100.61,151.18,156.56,168.17,164.46
1057,25,Front/Back,128.24,136.56,110.68,118.78,147.75,159.09,168.13,172.95
1057,26,Front/Back,179.98,179.98,179.98,179.98,179.98,179.98,179.98,179.98
1057,27,Front/Back,148.9,147.65,140.75,129.27,157.77,165.03,159.45,164.89
1057,28,Front/Back,138.5,131.93,125.03,118.66,149.12,156.43,151.37,161.74
1057,29,Front/Back,118.57,132.12,117.68,115.03,135.57,156.62,142.54,157.72
1057,30,Front/Back,118.49,147.97,126.91,136.32,131.8,153.38,137.72,151.38
1057,31,Front/Back,124.03,151.41,145.83,143.94,134.92,151.41,133.09,153.1
1057,32,Front/Back,145.03,152.21,162.28,140.08,135.06,152.21,132.15,153.1
1058,1,Side,,13.21,165.96,165.96,,176.07,,170.34
1058,2,Side,,11.88,165.07,165.07,,176.08,,170.73
1058,3,Side,,8.93,167.83,167.83,,179.14,,164.88
1058,4,Side,,8.1,162.79,162.79,,175.83,,162.77
1058,5,Side,,10.2,156.88,156.88,,173.0,,166.87
1058,6,Side,,4.76,103.16,159.98,,175.43,,158.32
1058,7,Side,,6.59,89.87,146.0,,175.07,,159.22
1058,8,Side,,4.97,82.3,114.78,,169.05,,146.02
1058,9,Side,,7.29,96.8,124.7,,177.27,,162.98
1058,10,Side,,47.27,21.32,2.52,,164.72,,160.33
1058,11,Side,,63.87,121.21,39.2,,168.3,,167.47
1058,12,Side,,86.76,141.48,71.7,,164.05,,159.71
1058,13,Side,,111.21,171.22,104.22,,166.88,,169.28
1058,14,Side,,109.86,156.52,106.84,,167.88,,167.67
1058,15,Side,,105.82,156.54,102.48,,165.35,,162.76
1058,16,Side,,118.35,146.36,115.79,,167.97,,163.78
1058,17,Side,,117.61,144.74,114.26,,166.21,,164.12
1058,18,Side,,114.9,139.65,108.3,,168.35,,166.13
1058,19,Side,,109.08,137.51,107.5,,168.9,,162.98
1058,20,Side,,116.91,151.44,112.98,,165.39,,161.87
1058,21,Side,,95.39,55.19,82.05,,166.88,,161.84
1058,22,Side,,68.3,21.4,51.14,,164.47,,161.47
1058,23,Side,,55.04,2.56,14.6,,168.01,,164.62
1058,24,Side,,43.9,25.46,27.77,,170.94,,169.61
1058,25,Side,,31.86,44.85,83.02,,168.01,,169.22
1058,26,Side,,13.17,140.95,140.95,,174.5,,167.23
1058,27,Side,,12.0,149.65,149.65,,171.95,,156.37
1058,28,Side,,11.72,151.78,151.78,,170.05,,153.76
1058,29,Side,,14.49,146.7,146.7,,162.76,,148.03
1058,30,Side,,12.91,148.52,148.52,,158.05,,142.71
1058,31,Side,,12.64,153.41,153.41,,158.5,,145.11
1058,32,Side,,15.98,152.28,152.28,,165.78,,149.92
1059,1,Front/Back,167.87,180.0,180.0,175.36,153.82,154.77,115.89,105.8
1059,2,Front/Back,179.99,180.0,180.0,180.0,155.38,151.55,118.64,107.89
1059,3,Front/Back,180.0,180.0,157.63,159.7,155.4,152.95,131.11,114.11
1059,4,Front/Back,180.0,180.0,159.04,160.74,155.49,154.51,128.5,119.54
1059,5,Front/Back,180.0,180.0,180.0,149.25,154.04,153.2,136.36,127.72
1059,6,Front/Back,157.87,180.0,180.0,155.71,157.87,149.03,180.0,149.03
1059,7,Front/Back,161.87,180.0,180.0,180.0,157.21,148.31,175.34,148.31
1059,8,Front/Back,151.45,165.25,171.53,150.59,159.91,149.21,180.0,137.32
1059,9,Front/Back,164.97,163.86,164.97,151.78,147.95,150.44,147.95,140.98
1059,10,Front/Back,168.61,180.0,168.61,180.0,149.17,153.92,149.17,153.92
1059,11,Front/Back,168.21,180.0,168.21,172.82,151.12,161.43,151.12,161.43
1059,12,Front/Back,161.75,180.0,161.75,151.22,152.25,163.58,133.37,151.94
1059,13,Front/Back,159.23,180.0,132.17,136.49,153.5,161.48,129.98,141.76
1059,14,Front/Back,163.49,180.0,125.46,134.21,169.18,180.0,129.33,141.51
1059,15,Front/Back,175.18,180.0,175.18,152.3,159.91,161.48,117.63,120.93
1059,16,Front/Back,166.27,180.0,166.27,180.0,164.21,159.59,114.93,112.29
1059,17,Front/Back,167.1,180.0,167.1,156.33,152.86,160.43,110.93,115.65
1059,18,Front/Back,157.42,177.59,157.42,132.14,149.09,152.83,114.1,114.44
1059,19,Front/Back,146.57,155.13,119.12,111.56,151.43,141.98,124.05,105.83
1059,20,Front/Back,155.93,158.54,126.18,123.82,144.37,131.59,137.93,111.87
1059,21,Front/Back,164.97,161.26,164.97,161.26,147.59,152.46,147.59,143.75
1059,22,Front/Back,164.07,159.09,164.07,125.52,155.7,161.04,155.7,161.04
1059,23,Front/Back,155.27,160.55,155.27,121.35,151.92,155.32,151.92,155.32
1059,24,Front/Back,157.29,157.14,157.29,117.94,155.34,154.2,155.34,154.2
1059,25,Front/Back,158.09,172.75,158.09,139.4,162.42,163.11,162.42,163.11
1059,26,Front/Back,179.98,179.97,179.97,179.97,179.98,179.98,179.98,179.98
1059,27,Front/Back,156.56,169.25,134.78,169.25,166.33,167.12,145.81,153.59
1059,28,Front/Back,145.08,164.57,124.37,164.57,146.96,157.93,136.27,138.74
1059,29,Front/Back,151.8,168.19,129.45,168.19,162.62,153.1,145.68,129.55
1059,30,Front/Back,170.08,180.0,166.37,180.0,143.86,147.4,124.73,107.39
1059,31,Front/Back,175.29,180.0,180.0,180.0,154.38,147.43,120.67,107.52
1059,32,Front/Back,180.0,168.67,170.2,180.0,155.4,140.29,110.06,107.96
1060,1,Front/Back,124.43,145.69,157.72,140.1,136.74,145.69,170.03,164.78
1060,2,Front/Back,124.42,148.17,134.5,130.35,138.77,148.17,148.64,169.43
1060,3,Front/Back,131.23,160.77,114.22,134.56,134.03,160.77,133.6,169.07
1060,4,Front/Back,180.0,165.19,144.47,152.62,156.93,165.19,139.93,179.99
1060,5,Front/Back,179.98,179.98,179.97,179.97,179.98,179.98,179.98,179.98
1060,6,Front/Back,155.12,178.2,155.13,180.0,179.99,178.2,168.24,180.0
1060,7,Front/Back,134.58,128.01,143.81,147.24,170.78,160.77,167.97,176.88
1060,8,Front/Back,146.91,120.4,146.91,139.63,160.6,160.77,160.6,177.67
1060,9,Front/Back,139.9,117.91,139.9,137.14,157.7,160.77,157.7,152.91
1060,10,Front/Back,139.83,118.65,139.83,137.88,150.25,160.77,150.25,151.18
1060,11,Front/Back,146.17,131.81,146.17,150.82,150.59,160.99,150.59,149.62
1060,12,Front/Back,115.2,134.53,137.92,145.74,157.28,168.8,180.0,150.32
1060,13,Front/Back,113.72,133.06,134.44,144.26,159.28,168.8,180.0,152.45
1060,14,Front/Back,112.4,134.59,133.12,134.59,159.28,180.0,180.0,153.38
1060,15,Front/Back,114.08,134.72,134.79,134.72,159.28,178.46,164.2,152.99
1060,16,Front/Back,113.83,134.37,132.34,134.37,161.49,153.57,164.2,127.5
1060,17,Front/Back,113.64,132.73,132.15,132.73,161.49,178.46,157.31,151.84
1060,18,Front/Back,125.82,134.46,125.82,114.09,161.04,180.0,134.05,155.22
1060,19,Front/Back,123.69,135.97,123.69,127.61,149.19,169.47,149.19,165.05
1060,20,Front/Back,126.33,135.41,126.33,142.86,151.0,172.55,137.4,173.66
1060,21,Front/Back,131.89,161.31,131.89,161.31,150.59,180.0,134.84,165.12
1060,22,Front/Back,133.79,163.41,133.79,163.41,149.95,180.0,129.77,180.0
1060,23,Front/Back,140.68,169.62,140.68,169.62,154.25,180.0,130.3,177.06
1060,24,Front/Back,143.61,172.09,143.61,180.0,154.13,172.09,127.15,177.67
1060,25,Front/Back,152.53,172.09,152.53,180.0,156.93,155.15,127.44,163.06
1060,26,Front/Back,167.38,165.19,167.38,180.0,165.3,165.19,126.79,153.98
1060,27,Front/Back,130.45,131.0,132.37,130.05,136.46,155.51,113.27,149.1
1060,28,Front/Back,129.21,160.77,147.86,129.23,130.88,160.77,128.85,143.73
1061,1,Front/Back,145.25,115.29,180.0,154.4,145.25,133.9,143.49,142.49
1061,2,Front/Back,154.8,123.45,180.0,161.09,136.88,142.36,126.76,150.74
1061,3,Front/Back,155.79,139.53,180.0,155.32,140.5,141.11,132.02,143.07
1061,4,Front/Back,154.02,124.8,176.07,152.92,145.87,144.24,135.24,145.84
1061,5,Front/Back,140.83,114.83,163.1,149.66,149.9,145.17,142.2,153.47
1061,6,Front/Back,156.95,119.71,180.0,153.83,141.88,145.88,141.01,152.06
1061,7,Front/Back,129.89,120.99,150.08,141.8,137.59,142.89,139.37,142.11
1061,8,Front/Back,144.21,123.68,140.57,114.41,144.37,153.09,154.16,143.42
1061,9,Front/Back,157.36,135.84,157.36,107.75,151.51,155.06,151.51,149.46
1061,10,Front/Back,157.2,149.0,157.2,121.9,153.68,164.33,153.68,155.2
1061,11,Front/Back,179.98,179.98,179.97,179.97,179.98,179.98,179.98,179.98
1061,12,Front/Back,162.04,145.22,162.04,131.27,171.57,169.49,161.85,156.76
1061,13,Front/Back,157.96,143.51,139.78,128.42,176.87,168.87,155.12,154.51
1061,14,Front/Back,155.58,142.56,155.58,138.59,158.32,166.12,145.27,149.81
1061,15,Front/Back,156.21,164.11,156.21,159.94,180.0,148.69,143.16,136.47
1061,16,Front/Back,161.97,158.25,161.97,180.0,170.24,158.25,136.5,149.6
1061,17,Front/Back,158.81,145.28,169.81,161.39,159.23,163.89,145.12,146.18
1061,18,Front/Back,180.0,139.04,180.0,152.92,166.68,161.42,142.51,143.06
1061,19,Front/Back,174.8,142.72,174.8,156.73,171.47,161.29,143.71,144.25
1061,20,Front/Back,159.1,144.05,180.0,155.39,159.1,158.5,140.2,140.64
1061,21,Front/Back,162.18,145.5,180.0,153.81,162.18,171.69,142.3,149.35
1061,22,Front/Back,180.0,154.66,180.0,136.02,163.21,168.75,139.68,146.98
1061,23,Front/Back,180.0,149.27,147.64,113.78,158.5,173.12,146.06,149.35
1061,24,Front/Back,180.0,138.61,144.37,121.79,180.0,165.47,153.32,149.01
1061,25,Front/Back,168.99,138.55,179.98,132.77,168.99,161.82,152.21,147.82
1061,26,Front/Back,158.02,113.8,180.0,155.37,158.02,138.41,147.01,151.57
1061,27,Front/Back,159.47,123.18,180.0,131.42,159.47,150.24,149.62,147.34
1061,28,Front/Back,157.89,116.72,180.0,105.77,157.89,148.37,148.17,145.9
1061,29,Front/Back,156.42,113.09,180.0,110.68,156.42,147.27,145.67,143.53
1061,30,Front/Back,155.24,115.99,180.0,111.37,155.24,146.33,143.49,143.56
1061,31,Front/Back,160.63,112.81,180.0,111.65,160.63,146.47,144.69,140.49
1062,1,Front/Back,140.15,147.99,159.52,156.35,134.41,134.58,142.76,141.57
1062,2,Front/Back,156.35,162.24,161.86,138.67,139.23,132.14,152.31,149.9
1062,3,Front/Back,153.23,148.2,147.07,121.31,142.66,134.44,160.34,153.89
1062,4,Front/Back,151.01,141.06,136.97,119.18,154.24,137.61,170.02,156.89
1062,5,Front/Back,130.04,138.01,111.52,117.61,160.74,138.09,180.0,160.33
1062,6,Front/Back,122.42,156.38,141.75,146.59,160.68,156.38,180.0,180.0
1062,7,Front/Back,143.11,151.04,145.18,127.93,177.93,163.22,180.0,170.7
1062,8,Front/Back,156.98,162.32,156.98,142.15,180.0,171.85,180.0,180.0
1062,9,Front/Back,155.36,161.33,155.36,150.41,180.0,162.24,180.0,180.0
1062,10,Front/Back,154.65,154.8,154.65,160.33,180.0,164.1,180.0,180.0
1062,11,Front/Back,156.36,180.0,156.36,150.17,180.0,180.0,180.0,168.31
1062,12,Front/Back,143.15,148.25,149.67,135.95,173.48,168.86,170.89,165.59
1062,13,Front/Back,133.76,131.41,153.95,123.98,145.81,145.68,165.99,153.38
1062,14,Front/Back,145.41,134.77,156.38,128.16,146.83,137.29,157.8,146.67
1062,15,Front/Back,150.93,153.79,161.58,144.47,157.03,132.4,133.58,150.05
1062,16,Front/Back,148.55,162.34,156.38,155.06,160.38,144.78,138.49,128.01
1062,17,Front/Back,148.4,142.69,156.36,137.11,162.48,132.85,145.46,148.63
1062,18,Front/Back,157.08,153.57,165.05,141.42,166.59,136.43,157.78,152.21
1062,19,Front/Back,154.56,141.47,155.98,133.32,171.54,142.34,158.05,155.99
1062,20,Front/Back,153.59,149.75,134.77,127.36,172.36,151.08,161.5,158.78
1062,21,Front/Back,179.98,179.98,179.97,179.98,179.98,179.98,179.98,179.98
1062,22,Front/Back,135.18,146.81,120.81,129.52,169.03,154.0,169.02,165.3
1062,23,Front/Back,125.27,131.9,107.11,111.34,162.51,146.71,172.32,164.5
1062,24,Front/Back,124.97,128.12,106.3,104.77,159.33,160.52,166.93,180.0
1062,25,Front/Back,122.63,126.91,131.64,107.96,156.49,157.61,166.58,180.0
1062,26,Front/Back,117.16,126.08,146.59,118.89,150.58,154.0,165.82,180.0
1062,27,Front/Back,112.05,120.02,146.59,126.47,145.46,147.24,156.12,145.61
1062,28,Front/Back,112.68,124.69,149.88,137.59,142.8,131.16,141.04,127.36
1063,1,Front/Back,180.0,169.37,166.37,169.37,144.93,149.93,144.93,149.93
1063,2,Front/Back,159.09,158.83,136.31,124.39,153.9,152.18,153.9,152.18
1063,3,Front/Back,180.0,180.0,152.34,130.76,151.58,152.18,151.58,152.18
1063,4,Front/Back,180.0,180.0,139.09,126.73,180.0,164.06,161.77,164.06
1063,5,Front/Back,180.0,180.0,137.74,128.46,180.0,180.0,154.21,180.0
1063,6,Front/Back,180.0,163.04,136.02,120.59,180.0,180.0,180.0,180.0
1063,7,Front/Back,180.0,161.14,132.07,121.73,180.0,149.3,180.0,149.3
1063,8,Front/Back,161.12,154.19,115.61,106.04,180.0,150.18,174.5,150.18
1063,9,Front/Back,167.46,154.78,122.46,115.47,180.0,149.13,180.0,149.13
1063,10,Front/Back,165.89,154.78,131.3,122.08,170.03,148.35,161.69,148.35
1063,11,Front/Back,162.21,145.64,123.89,126.32,151.75,158.48,151.75,158.48
1063,12,Front/Back,160.42,140.75,124.62,107.95,148.44,151.9,148.44,151.9
1063,13,Front/Back,164.05,148.7,132.25,123.96,180.0,173.02,171.53,173.02
1063,14,Front/Back,157.52,145.84,104.65,114.53,157.32,154.67,157.32,154.67
1063,15,Front/Back,150.88,151.28,103.27,109.93,156.5,146.52,156.5,146.52
1063,16,Front/Back,143.5,152.85,107.77,137.5,140.28,128.89,140.28,128.89
1063,17,Front/Back,153.03,148.7,109.75,99.29,147.72,143.95,147.72,143.95
1063,18,Front/Back,163.75,145.69,122.26,120.95,152.13,151.47,152.13,151.47
1063,19,Front/Back,180.0,163.8,139.09,124.49,154.91,156.07,154.91,156.07
1063,20,Front/Back,180.0,163.12,131.62,121.01,157.73,159.65,157.73,159.65
1063,21,Front/Back,179.99,168.39,136.0,131.74,180.0,153.46,180.0,153.46
1063,22,Front/Back,166.24,157.81,124.75,124.37,180.0,159.88,180.0,159.88
1063,23,Front/Back,180.0,168.39,139.47,123.18,180.0,153.46,180.0,153.46
1063,24,Front/Back,180.0,180.0,140.12,138.9,180.0,152.42,152.25,152.42
1063,25,Front/Back,180.0,180.0,138.51,130.51,153.9,147.8,153.9,147.8
1063,26,Front/Back,180.0,180.0,180.0,160.95,159.85,147.87,159.85,147.87
1063,27,Front/Back,179.98,179.98,179.97,179.97,179.98,179.98,179.98,179.98
1064,1,Side,14.44,38.36,162.77,82.29,179.92,173.12,146.63,150.28
1064,2,Side,16.14,43.54,166.56,81.01,178.0,171.93,155.82,155.3
1064,3,Side,19.23,48.7,171.94,79.84,177.84,169.31,158.6,159.17
1064,4,Side,25.68,57.36,167.99,65.48,177.45,165.07,159.83,168.75
1064,5,Side,33.93,65.11,175.45,61.04,176.31,164.31,163.27,172.11
1064,6,Side,42.44,17.06,146.91,122.38,173.92,163.67,165.18,174.5
1064,7,Side,46.61,35.68,52.98,130.87,174.58,167.64,162.05,166.93
1064,8,Side,93.01,53.41,6.88,126.41,173.12,169.76,162.78,166.62
1064,9,Side,74.37,73.96,20.61,21.78,172.5,170.91,158.96,164.58
1064,10,Side,79.15,82.83,13.85,19.66,173.49,171.36,156.64,172.53
1064,11,Side,100.55,127.8,40.43,13.92,172.29,179.0,129.46,166.53
1064,12,Side,108.54,136.93,43.11,15.61,175.24,177.43,114.72,161.14
1064,13,Side,119.4,149.79,55.35,23.3,179.39,174.93,110.2,154.35
1064,14,Side,171.42,142.98,44.7,21.75,179.89,176.0,123.64,151.1
1064,15,Side,164.53,149.18,41.1,23.82,174.77,177.05,117.12,159.8
1064,16,Side,147.53,139.83,28.78,18.35,172.59,178.06,115.71,167.37
1064,17,Side,137.18,125.89,22.52,11.55,172.25,179.62,161.99,169.89
1064,18,Side,117.47,109.93,10.32,2.24,173.65,176.16,162.33,166.8
1064,19,Side,95.98,85.99,2.58,148.78,177.39,175.31,149.84,168.37
1064,20,Side,78.46,51.26,16.14,113.9,176.04,174.48,149.05,165.3
1064,21,Side,53.5,33.4,63.33,131.47,174.52,174.83,148.27,161.44
1064,22,Side,42.71,19.15,153.16,129.16,172.97,174.34,147.41,147.32
1064,23,Side,25.93,51.73,159.7,58.17,171.66,174.73,144.8,148.57
1064,24,Side,18.0,43.84,165.34,75.69,174.85,172.82,149.42,152.66
1064,25,Side,16.36,42.54,167.01,78.59,174.62,172.72,149.0,151.5
1064,26,Side,13.96,42.08,164.34,85.64,176.08,170.11,147.64,152.24
1065,1,Front/Back,180.0,157.8,180.0,138.99,180.0,157.8,143.83,136.97
1065,2,Front/Back,167.12,155.51,159.81,141.74,167.12,155.51,147.86,140.69
1065,3,Front/Back,180.0,169.34,171.22,142.78,180.0,169.34,138.67,142.67
1065,4,Front/Back,180.0,175.32,165.72,148.53,180.0,175.32,145.85,149.4
1065,5,Front/Back,180.0,175.32,165.72,143.53,180.0,175.32,143.94,154.54
1065,6,Front/Back,180.0,175.1,180.0,143.69,180.0,160.51,147.67,165.41
1065,7,Front/Back,163.03,164.52,163.03,150.28,180.0,150.84,141.92,128.38
1065,8,Front/Back,159.98,162.42,140.84,134.54,169.4,151.42,169.4,126.06
1065,9,Front/Back,150.03,160.18,124.44,137.89,170.0,152.33,157.26,118.48
1065,10,Front/Back,142.18,160.99,127.9,160.99,152.65,151.65,138.24,125.55
1065,11,Front/Back,143.54,180.0,143.54,180.0,153.9,153.23,134.21,129.34
1065,12,Front/Back,143.13,180.0,143.13,180.0,159.41,150.78,132.6,124.15
1065,13,Front/Back,155.56,180.0,142.57,170.41,180.0,153.23,149.64,121.2
1065,14,Front/Back,157.04,180.0,157.04,150.97,180.0,153.85,138.33,118.63
1065,15,Front/Back,151.25,180.0,151.25,161.8,180.0,167.93,132.75,135.14
1065,16,Front/Back,149.77,180.0,149.77,180.0,180.0,167.93,128.19,128.24
1065,17,Front/Back,143.18,180.0,143.18,151.89,180.0,180.0,132.39,136.23
1065,18,Front/Back,180.0,180.0,139.17,147.3,180.0,180.0,128.71,146.03
1065,19,Front/Back,180.0,180.0,149.91,143.99,180.0,180.0,137.38,151.03
1065,20,Front/Back,160.32,177.26,160.32,162.54,180.0,177.26,134.33,160.51
1065,21,Front/Back,180.0,163.39,180.0,157.65,180.0,163.39,149.16,168.57
1065,22,Front/Back,145.65,180.0,149.52,149.46,176.13,167.47,155.46,167.47
1065,23,Front/Back,144.86,180.0,154.64,152.59,170.22,180.0,180.0,172.19
1065,24,Front/Back,179.98,179.98,179.97,179.97,179.98,179.98,179.98,179.98
1065,25,Front/Back,180.0,180.0,180.0,180.0,180.0,165.5,160.21,137.32
1065,26,Front/Back,180.0,180.0,180.0,152.83,180.0,157.15,154.71,138.34
1065,27,Front/Back,162.56,180.0,180.0,142.78,162.56,180.0,152.43,149.31
1065,28,Front/Back,161.48,160.1,180.0,132.03,161.48,160.1,150.15,154.51
1066,1,Front/Back,153.83,163.27,132.29,144.17,153.83,148.98,142.18,114.87
1066,2,Front/Back,111.56,122.53,98.84,113.88,149.1,128.94,140.79,132.86
1066,3,Front/Back,120.65,114.54,101.55,112.44,156.51,128.67,138.49,134.81
1066,4,Front/Back,127.8,114.33,113.49,126.86,152.67,137.32,138.31,141.84
1066,5,Front/Back,165.89,117.53,144.91,128.45,165.89,153.03,156.27,157.86
1066,6,Front/Back,179.98,179.98,179.97,179.97,179.98,179.98,179.98,179.98
1066,7,Front/Back,141.92,107.62,128.92,120.52,170.0,154.56,152.77,147.95
1066,8,Front/Back,148.83,134.12,115.69,96.4,148.43,146.86,116.82,109.26
1066,9,Front/Back,148.43,139.54,116.64,91.61,146.4,147.62,115.7,109.11
1066,10,Front/Back,150.72,138.53,119.82,101.57,147.64,147.05,122.35,110.57
1066,11,Front/Back,156.84,140.99,145.06,140.99,146.04,142.43,123.39,123.96
1066,12,Front/Back,150.42,135.07,107.37,108.05,151.49,149.4,120.43,117.02
1066,13,Front/Back,143.58,130.73,87.94,89.11,155.98,152.86,120.51,117.31
1066,14,Front/Back,139.35,125.28,83.84,79.78,161.46,162.39,119.16,132.36
1066,15,Front/Back,138.3,132.32,88.76,93.91,180.0,159.29,134.02,131.52
1066,16,Front/Back,136.39,133.19,112.15,120.0,180.0,159.29,137.4,124.44
1066,17,Front/Back,136.52,131.47,92.6,96.83,180.0,165.53,140.72,128.93
1066,18,Front/Back,138.81,125.87,86.48,82.05,180.0,180.0,140.19,134.66
1066,19,Front/Back,145.9,125.7,90.99,87.46,180.0,180.0,136.54,135.56
1066,20,Front/Back,153.28,137.07,105.38,109.64,180.0,180.0,141.92,139.47
1066,21,Front/Back,154.95,140.67,120.58,140.67,177.81,180.0,171.59,155.48
1066,22,Front/Back,174.95,139.49,130.54,101.94,180.0,180.0,169.21,152.02
1066,23,Front/Back,166.34,141.96,113.22,95.61,180.0,180.0,176.07,147.95
1066,24,Front/Back,180.0,135.25,125.29,103.42,180.0,171.06,166.53,154.24
1066,25,Front/Back,180.0,138.68,135.62,120.95,180.0,163.09,147.98,156.64
1066,26,Front/Back,177.13,180.0,153.18,180.0,177.13,180.0,162.14,159.06
1066,27,Front/Back,166.01,112.53,141.71,140.13,166.01,152.4,158.51,155.74
1066,28,Front/Back,154.15,114.26,129.42,117.69,154.15,150.4,155.48,155.48
1066,29,Front/Back,147.26,122.79,128.25,132.56,147.26,150.4,152.74,155.58
1067,1,Front/Back,150.76,129.34,166.36,159.7,150.76,129.35,,
1067,2,Front/Back,153.55,122.07,167.37,172.12,153.55,129.95,,
1067,3,Front/Back,154.99,113.28,180.0,162.71,154.99,130.57,,
1067,4,Front/Back,156.67,108.84,172.82,148.85,156.67,130.57,,
1067,5,Front/Back,160.29,104.97,180.0,153.76,152.3,131.2,,
1067,6,Front/Back,162.22,110.14,180.0,159.57,148.06,130.57,,
1067,7,Front/Back,139.44,103.27,145.4,127.12,156.36,129.95,,
1067,8,Front/Back,156.36,100.19,140.4,117.46,156.36,130.57,,
1067,9,Front/Back,150.3,101.9,139.32,116.68,154.7,132.48,,
1067,10,Front/Back,160.08,102.05,153.3,118.44,160.08,133.13,,
1067,11,Front/Back,171.43,103.23,180.0,146.76,171.43,136.48,,
1067,12,Front/Back,143.12,98.87,121.15,96.64,164.75,133.77,,
1067,13,Front/Back,130.44,98.08,94.15,86.54,162.32,133.76,,
1067,14,Front/Back,130.04,98.17,95.01,92.27,160.08,132.45,,
1067,15,Front/Back,132.89,133.04,107.36,115.24,160.08,158.95,,
1067,16,Front/Back,179.98,179.98,179.98,179.98,179.98,179.98,,
1067,17,Front/Back,169.17,144.85,142.92,164.03,153.66,144.85,,
1067,18,Front/Back,157.21,118.47,127.81,127.73,155.61,138.59,,
1067,19,Front/Back,166.93,114.86,136.4,121.45,161.9,140.05,,
1067,20,Front/Back,167.55,119.64,141.06,127.39,164.53,138.6,,
1067,21,Front/Back,153.86,120.21,123.36,130.52,168.06,138.65,,
1067,22,Front/Back,150.55,111.41,104.01,102.76,180.0,133.77,,
1067,23,Front/Back,160.68,103.86,103.59,86.36,180.0,131.82,,
1067,24,Front/Back,145.98,101.67,101.69,90.89,165.3,131.18,,
1067,25,Front/Back,158.63,104.12,126.87,109.13,158.63,129.91,,
1067,26,Front/Back,165.85,117.57,147.83,154.27,165.85,131.17,,
1067,27,Front/Back,153.55,96.93,134.58,137.82,153.55,129.31,,
1067,28,Front/Back,149.12,96.42,129.94,129.05,149.12,127.5,,
1067,29,Front/Back,146.53,107.63,132.4,136.0,146.53,126.31,,
1067,30,Front/Back,151.91,114.38,142.96,154.56,151.91,126.93,,
1067,31,Front/Back,146.44,125.75,144.83,180.0,146.44,125.75,,
1067,32,Front/Back,134.02,123.79,168.81,154.2,145.21,123.79,,
1068,1,Front/Back,180.0,152.57,180.0,161.57,137.67,132.43,101.04,106.35
1068,2,Front/Back,180.0,147.94,180.0,161.57,139.14,127.8,102.51,116.38
1068,3,Front/Back,180.0,166.7,180.0,150.28,142.15,142.88,105.52,121.24
1068,4,Front/Back,180.0,156.3,180.0,131.95,143.78,147.33,109.63,122.66
1068,5,Front/Back,162.65,139.03,162.65,149.56,142.15,140.29,112.31,130.28
1068,6,Front/Back,148.12,141.5,148.12,141.5,145.48,154.49,118.23,135.11
1068,7,Front/Back,147.14,139.2,147.14,109.75,147.34,156.14,123.12,136.13
1068,8,Front/Back,153.45,132.85,153.45,107.27,153.18,160.87,132.46,140.34
1068,9,Front/Back,157.67,131.24,157.67,113.36,155.56,164.09,135.2,143.56
1068,10,Front/Back,166.58,126.62,166.58,126.62,155.72,161.45,139.82,139.95
1068,11,Front/Back,180.0,128.16,180.0,128.16,155.92,154.73,145.41,154.73
1068,12,Front/Back,180.0,126.62,180.0,108.74,155.92,147.57,131.98,147.57
1068,13,Front/Back,180.0,128.39,180.0,94.97,153.63,149.86,129.25,125.75
1068,14,Front/Back,156.88,130.85,156.88,97.06,147.23,146.49,121.05,118.32
1068,15,Front/Back,143.59,156.3,143.59,156.3,140.7,143.41,108.33,111.15
1068,16,Front/Back,148.96,162.79,148.96,162.79,138.89,139.17,106.4,105.55
1068,17,Front/Back,174.09,157.21,174.09,157.21,139.83,145.24,105.38,107.06
1068,18,Front/Back,180.0,160.93,180.0,125.63,135.29,148.84,110.88,109.99
1068,19,Front/Back,158.97,154.85,180.0,134.96,140.56,142.08,134.84,112.88
1068,20,Front/Back,158.97,165.64,180.0,140.66,138.01,138.83,131.14,102.57
1068,21,Front/Back,149.47,151.35,160.55,146.86,161.89,141.94,142.53,114.25
1068,22,Front/Back,155.18,144.19,144.58,119.04,170.8,144.25,145.06,142.95
1068,23,Front/Back,165.51,161.57,128.43,121.76,169.52,149.24,153.82,131.5
1068,24,Front/Back,169.52,163.06,129.23,135.06,169.51,165.7,163.54,154.38
1068,25,Front/Back,179.98,179.97,179.97,179.97,179.98,179.98,179.98,179.98
1068,26,Front/Back,169.52,169.01,180.0,180.0,165.12,145.28,172.32,156.27
1068,27,Front/Back,180.0,179.99,180.0,180.0,174.09,156.26,162.78,156.27
1068,28,Front/Back,180.0,180.0,180.0,180.0,160.6,153.84,147.91,153.84
1068,29,Front/Back,180.0,180.0,180.0,180.0,168.21,151.93,138.36,134.41
1068,30,Front/Back,180.0,180.0,180.0,180.0,164.63,152.02,130.01,121.31
1068,31,Front/Back,180.0,180.0,180.0,180.0,158.44,148.5,121.73,115.39
1068,32,Front/Back,176.93,146.16,180.0,160.32,158.22,134.49,120.6,110.85
1068,33,Front/Back,168.74,159.04,180.0,168.69,150.33,139.0,119.01,108.73
1068,34,Front/Back,158.43,180.0,180.0,180.0,140.03,150.42,117.21,106.51
1068,35,Front/Back,180.0,180.0,180.0,180.0,140.94,146.96,96.56,103.06
1069,1,Front/Back,129.41,119.27,168.87,152.55,101.3,116.2,140.76,104.89
1069,2,Front/Back,117.25,126.12,155.84,142.39,104.91,118.86,143.5,100.47
1069,3,Front/Back,132.49,141.77,171.08,140.83,109.51,128.48,148.09,104.33
1069,4,Front/Back,143.21,140.92,180.0,133.63,112.91,121.27,149.7,112.9
1069,5,Front/Back,144.14,132.9,180.0,153.1,117.46,119.83,153.32,140.03
1069,6,Front/Back,157.77,177.34,180.0,180.0,114.72,135.91,136.94,138.58
1069,7,Front/Back,150.8,180.0,175.77,180.0,112.17,139.92,137.15,139.92
1069,8,Front/Back,140.84,117.91,180.0,144.24,140.84,153.67,180.0,168.83
1069,9,Front/Back,142.89,127.71,180.0,126.85,142.89,151.03,180.0,180.0
1069,10,Front/Back,161.77,160.26,180.0,168.52,125.92,156.25,144.14,155.26
1069,11,Front/Back,165.63,180.0,180.0,180.0,140.19,158.99,154.56,158.99
1069,12,Front/Back,168.19,161.6,180.0,142.03,126.91,139.84,138.72,158.24
1069,13,Front/Back,177.06,161.46,161.49,132.35,132.72,161.46,135.66,167.66
1069,14,Front/Back,160.47,147.93,160.47,120.51,135.04,155.58,135.04,155.27
1069,15,Front/Back,153.08,161.46,161.34,139.53,127.81,146.9,136.07,142.24
1069,16,Front/Back,150.01,159.68,163.83,180.0,123.82,143.49,137.64,133.34
1069,17,Front/Back,136.22,126.67,153.76,137.64,124.28,143.27,141.82,139.6
1069,18,Front/Back,135.07,139.12,148.7,124.85,124.47,136.39,138.09,158.24
1069,19,Front/Back,128.48,127.93,146.2,130.99,149.47,152.36,167.19,180.0
1069,20,Front/Back,119.71,137.61,143.5,148.02,156.21,147.44,180.0,153.17
1069,21,Front/Back,139.89,149.19,139.89,149.19,180.0,180.0,180.0,162.82
1069,22,Front/Back,168.87,143.37,168.87,143.37,180.0,172.6,180.0,172.6
1069,23,Front/Back,179.98,179.98,179.97,179.97,179.98,179.98,179.98,179.98
1069,24,Front/Back,140.67,180.0,161.56,147.46,159.11,174.84,167.69,169.06
1069,25,Front/Back,125.94,180.0,142.46,146.73,144.97,143.73,180.0,143.73
1069,26,Front/Back,127.95,180.0,164.85,172.67,143.09,139.78,180.0,139.78
1069,27,Front/Back,135.37,172.03,168.87,180.0,135.75,131.76,169.25,139.73
1069,28,Front/Back,142.72,148.35,180.0,180.0,122.46,118.32,138.4,149.96
1069,29,Front/Back,139.57,112.64,180.0,147.35,112.85,130.21,128.53,124.87
1070,1,Side,2.29,1.92,172.83,165.22,174.14,169.99,,
1070,2,Side,4.57,3.25,174.08,169.35,176.05,172.62,,
1070,3,Side,8.36,4.29,164.09,163.74,179.68,172.15,,
1070,4,Side,9.65,5.74,153.38,151.19,178.2,174.27,,
1070,5,Side,12.95,11.9,132.66,138.24,175.72,177.57,,
1070,6,Side,20.71,19.69,110.17,113.63,175.83,178.3,,
1070,7,Side,27.09,30.05,88.39,100.93,177.89,176.9,,
1070,8,Side,41.0,42.63,81.06,89.28,179.22,178.16,,
1070,9,Side,56.96,57.53,74.78,83.47,177.43,180.0,,
1070,10,Side,74.36,78.5,81.67,89.48,177.84,178.97,,
1070,11,Side,93.5,90.99,93.01,93.81,176.99,176.69,,
1070,12,Side,109.37,102.35,98.27,91.27,175.7,176.48,,
1070,13,Side,117.44,125.97,99.46,109.42,177.28,178.05,,
1070,14,Side,126.37,138.52,102.47,103.12,177.36,179.33,,
1070,15,Side,123.62,137.69,96.09,103.12,177.79,178.86,,
1070,16,Side,130.16,131.96,106.77,98.27,174.94,176.44,,
1070,17,Side,123.27,125.99,117.92,105.1,175.02,177.03,,
1070,18,Side,106.39,116.71,115.6,118.55,175.73,174.73,,
1070,19,Side,90.0,97.13,108.43,116.78,176.19,176.58,,
1070,20,Side,65.17,79.31,91.69,113.68,175.97,176.64,,
1070,21,Side,62.31,75.23,103.28,123.79,179.86,179.02,,
1070,22,Side,47.62,60.91,117.53,126.13,175.68,179.69,,
1070,23,Side,35.31,44.53,131.37,134.03,173.9,177.77,,
1070,24,Side,28.12,33.25,148.59,137.39,175.05,174.87,,
1070,25,Side,16.61,24.14,158.74,153.66,155.69,177.18,,
1070,26,Side,11.36,15.63,163.23,156.29,155.97,174.26,,
1070,27,Side,8.25,8.48,167.78,157.85,158.56,174.31,,
1070,28,Side,5.97,3.6,173.24,165.11,160.8,174.44,,
1071,1,Front/Back,155.52,163.55,155.07,180.0,124.83,136.76,149.31,118.97
1071,2,Front/Back,156.65,180.0,167.79,163.7,129.4,156.34,152.76,123.78
1071,3,Front/Back,163.54,180.0,168.67,148.72,137.29,158.35,142.99,127.42
1071,4,Front/Back,165.24,180.0,180.0,154.49,143.28,155.37,147.29,134.19
1071,5,Front/Back,161.6,180.0,180.0,146.26,161.6,158.2,158.39,137.48
1071,6,Front/Back,163.11,180.0,180.0,160.78,163.11,161.16,155.87,145.99
1071,7,Front/Back,171.42,163.91,180.0,163.91,171.42,164.9,155.71,152.03
1071,8,Front/Back,180.0,159.73,167.79,127.14,164.01,180.0,147.13,157.26
1071,9,Front/Back,179.98,179.98,179.97,179.97,179.98,179.98,179.98,179.98
1071,10,Front/Back,158.05,166.69,158.05,180.0,176.66,166.69,176.66,180.0
1071,11,Front/Back,167.46,180.0,167.46,180.0,178.27,153.12,178.27,153.12
1071,12,Front/Back,149.69,180.0,134.65,161.51,158.07,145.55,166.25,145.55
1071,13,Front/Back,158.05,160.89,144.92,144.12,149.66,134.42,149.66,153.54
1071,14,Front/Back,173.01,159.36,160.69,146.64,147.73,136.98,147.73,157.61
1071,15,Front/Back,180.0,159.27,143.84,162.85,144.59,137.44,144.59,158.17
1071,16,Front/Back,154.52,157.78,156.38,144.17,135.17,134.29,160.65,156.51
1071,17,Front/Back,155.61,180.0,159.3,148.53,136.26,139.59,160.65,139.59
1071,18,Front/Back,156.75,180.0,180.0,180.0,124.95,141.0,148.2,141.0
1071,19,Front/Back,155.61,180.0,180.0,161.05,123.81,141.97,148.2,141.97
1071,20,Front/Back,155.97,180.0,180.0,180.0,122.78,134.82,146.81,134.82
1071,21,Front/Back,167.44,180.0,180.0,180.0,132.92,134.19,145.48,134.19
1071,22,Front/Back,169.97,180.0,180.0,180.0,138.19,139.23,148.23,139.23
1071,23,Front/Back,160.77,159.73,142.95,159.73,149.87,143.02,149.87,143.02
1071,24,Front/Back,151.18,151.6,129.41,151.6,150.52,145.15,150.52,145.15
1071,25,Front/Back,151.87,156.25,151.87,156.25,152.5,150.97,152.5,150.97
1071,26,Front/Back,160.81,180.0,160.81,180.0,156.47,163.4,156.47,163.4
1071,27,Front/Back,162.44,180.0,162.44,156.23,150.96,154.17,150.96,154.17
1071,28,Front/Back,161.06,180.0,161.06,180.0,150.87,156.72,150.87,156.72
1071,29,Front/Back,164.18,180.0,167.79,180.0,136.31,158.25,152.12,158.25
1071,30,Front/Back,157.24,165.28,172.99,165.28,129.42,164.33,152.18,164.33
1071,31,Front/Back,152.01,180.0,180.0,180.0,123.04,170.74,151.03,170.74
1071,32,Front/Back,151.05,180.0,180.0,180.0,122.16,170.74,151.11,170.74
1071,33,Front/Back,148.57,180.0,177.49,180.0,119.68,162.02,151.11,162.02
1071,34,Front/Back,152.79,180.0,176.83,164.37,118.56,158.08,145.78,158.08
1071,35,Front/Back,152.69,180.0,180.0,180.0,118.61,160.25,145.93,143.97
1071,36,Front/Back,151.71,180.0,150.23,180.0,117.63,154.87,145.93,138.58
1072,1,Front/Back,165.09,180.0,171.39,180.0,145.29,166.87,126.83,129.84
1072,2,Front/Back,172.47,180.0,151.6,180.0,152.64,156.27,126.56,127.59
1072,3,Front/Back,171.79,180.0,139.88,152.55,155.47,159.18,129.88,130.75
1072,4,Front/Back,171.79,175.73,142.9,158.93,159.84,169.92,134.02,143.06
1072,5,Front/Back,179.99,180.0,145.54,162.63,154.79,167.27,134.94,140.85
1072,6,Front/Back,180.0,180.0,122.74,180.0,146.23,156.27,146.23,145.66
1072,7,Front/Back,171.79,167.09,134.3,132.12,152.77,156.36,139.92,152.58
1072,8,Front/Back,163.89,155.17,141.1,100.49,156.26,153.86,147.45,153.86
1072,9,Front/Back,166.46,150.29,141.1,98.72,166.22,153.86,142.78,153.86
1072,10,Front/Back,171.02,160.53,137.62,125.38,175.05,163.21,159.62,158.12
1072,11,Front/Back,179.98,179.98,179.97,179.97,179.98,179.98,179.98,179.98
1072,12,Front/Back,179.99,166.18,180.0,166.18,170.3,180.0,170.31,161.21
1072,13,Front/Back,157.77,157.89,157.78,157.89,154.07,171.62,154.07,146.8
1072,14,Front/Back,141.71,158.57,127.51,158.57,158.98,180.0,171.01,146.02
1072,15,Front/Back,150.58,162.27,162.62,162.27,167.97,173.2,172.47,136.73
1072,16,Front/Back,165.59,154.11,154.95,154.11,161.1,157.08,161.11,123.71
1072,17,Front/Back,149.46,152.3,166.47,152.3,144.11,155.08,161.11,119.8
1072,18,Front/Back,144.54,172.0,171.61,172.0,140.84,155.8,167.91,119.93
1072,19,Front/Back,149.66,180.0,178.17,180.0,151.48,153.31,156.55,119.33
1072,20,Front/Back,147.29,155.32,180.0,155.32,147.29,154.05,156.85,119.51
1072,21,Front/Back,143.57,149.81,178.13,149.81,143.57,161.74,157.51,125.95
1072,22,Front/Back,141.31,149.81,136.93,149.81,141.31,160.05,161.9,125.52
1072,23,Front/Back,128.3,143.2,110.19,96.2,141.31,159.35,174.55,130.08
1072,24,Front/Back,118.02,145.98,98.88,101.28,140.24,155.89,180.0,137.1
1072,25,Front/Back,119.04,150.7,119.05,127.08,140.24,154.97,180.0,154.97
1072,26,Front/Back,127.69,161.38,146.98,161.38,142.45,154.6,180.0,154.6
1072,27,Front/Back,116.2,161.67,120.68,161.67,142.38,151.85,180.0,151.85
1072,28,Front/Back,141.75,180.0,115.94,154.14,129.84,151.43,145.88,133.87
1072,29,Front/Back,157.07,180.0,127.88,137.86,135.85,153.72,124.72,122.58
1072,30,Front/Back,180.0,180.0,150.66,138.46,147.94,153.61,116.11,116.57
1072,31,Front/Back,180.0,180.0,180.0,144.41,147.94,153.72,108.01,111.37
1072,32,Front/Back,172.47,180.0,161.43,144.14,133.03,151.23,100.63,99.59
1073,1,Front/Back,118.1,143.07,156.04,180.0,128.75,143.07,,
1073,2,Front/Back,125.03,142.87,162.96,180.0,142.07,142.87,,
1073,3,Front/Back,107.04,136.93,147.0,156.27,140.04,136.93,,
1073,4,Front/Back,101.2,144.45,142.33,145.71,138.88,144.45,,
1073,5,Front/Back,99.89,146.96,139.85,133.03,140.04,146.96,,
1073,6,Front/Back,104.28,149.66,142.09,170.76,142.19,149.66,,
1073,7,Front/Back,120.37,158.64,147.08,180.0,153.29,158.64,,
1073,8,Front/Back,128.08,167.92,147.91,180.0,160.17,162.39,,
1073,9,Front/Back,153.08,180.0,153.08,152.48,180.0,168.24,,
1073,10,Front/Back,179.98,179.98,179.97,179.97,179.98,179.98,,
1073,11,Front/Back,148.25,153.14,148.25,180.0,160.23,153.14,,
1073,12,Front/Back,149.89,156.1,149.89,180.0,156.81,142.94,,
1073,13,Front/Back,174.56,175.02,114.56,152.08,152.35,150.8,,
1073,14,Front/Back,149.89,169.72,104.15,153.81,148.59,153.79,,
1073,15,Front/Back,146.66,166.45,109.31,164.56,146.96,166.45,,
1073,16,Front/Back,145.66,163.89,145.66,180.0,142.47,163.89,,
1073,17,Front/Back,132.78,159.57,128.51,159.76,126.3,159.57,,
1073,18,Front/Back,123.42,156.39,107.85,146.2,136.31,156.39,,
1073,19,Front/Back,115.83,156.05,102.08,125.38,151.57,156.05,,
1073,20,Front/Back,132.36,158.0,95.36,132.0,180.0,158.0,,
1073,21,Front/Back,132.81,160.0,136.15,149.86,176.66,160.0,,
1073,22,Front/Back,132.1,160.16,94.59,125.77,180.0,160.16,,
1073,23,Front/Back,136.84,160.34,92.04,119.24,180.0,160.34,,
1073,24,Front/Back,141.27,156.88,105.57,117.42,180.0,156.88,,
1073,25,Front/Back,134.46,154.09,147.14,120.99,167.32,154.09,,
1073,26,Front/Back,153.54,145.12,160.26,131.46,158.25,145.12,,
1073,27,Front/Back,124.95,144.92,149.86,159.76,145.93,144.92,,
1074,1,Front/Back,155.77,180.0,180.0,180.0,127.04,136.31,130.91,110.14
1074,2,Front/Back,155.74,180.0,180.0,180.0,129.25,136.31,133.15,110.14
1074,3,Front/Back,180.0,180.0,154.34,180.0,138.76,136.31,118.48,107.65
1074,4,Front/Back,180.0,180.0,155.44,180.0,138.76,136.31,110.33,107.34
1074,5,Front/Back,180.0,180.0,180.0,180.0,137.04,138.07,112.3,104.19
1074,6,Front/Back,180.0,180.0,180.0,180.0,138.76,136.28,118.71,104.72
1074,7,Front/Back,180.0,160.39,180.0,138.57,136.82,138.1,116.54,108.78
1074,8,Front/Back,169.4,180.0,169.4,180.0,136.92,138.18,136.9,108.86
1074,9,Front/Back,180.0,177.63,180.0,177.63,133.91,136.52,133.91,114.06
1074,10,Front/Back,180.0,146.66,180.0,146.66,130.07,135.19,130.07,123.55
1074,11,Front/Back,165.64,169.09,165.64,169.09,131.29,135.82,131.29,135.82
1074,12,Front/Back,180.0,180.0,180.0,180.0,130.34,134.96,130.34,134.96
1074,13,Front/Back,180.0,180.0,180.0,180.0,133.81,136.64,133.81,136.64
1074,14,Front/Back,180.0,180.0,180.0,180.0,132.92,132.24,132.92,132.24
1074,15,Front/Back,180.0,180.0,171.82,180.0,134.24,136.31,134.24,136.31
1074,16,Front/Back,180.0,175.09,154.21,180.0,135.72,139.65,135.72,144.56
1074,17,Front/Back,180.0,164.02,180.0,180.0,140.48,132.88,140.48,148.85
1074,18,Front/Back,161.34,157.86,180.0,180.0,138.64,129.08,157.3,151.22
1074,19,Front/Back,180.0,150.91,180.0,180.0,153.07,128.26,153.07,157.36
1074,20,Front/Back,169.07,148.91,180.0,180.0,143.68,126.27,154.61,157.36
1074,21,Front/Back,153.4,143.53,180.0,180.0,128.02,143.53,154.61,150.68
1074,22,Front/Back,155.74,147.02,180.0,180.0,136.08,137.0,160.33,168.51
1074,23,Front/Back,141.57,140.19,163.25,167.15,141.0,135.73,162.68,162.69
1074,24,Front/Back,134.65,129.39,156.3,138.58,136.68,144.27,158.34,166.31
1074,25,Front/Back,151.65,134.41,153.66,150.28,152.72,146.05,154.73,161.93
1074,26,Front/Back,169.65,140.57,169.65,144.9,151.58,146.39,151.58,157.83
1074,27,Front/Back,168.69,130.42,149.46,146.13,146.64,140.68,146.64,156.39
1074,28,Front/Back,178.24,144.99,161.62,144.45,178.26,168.87,180.0,180.0
1074,29,Front/Back,179.97,179.97,179.97,179.97,179.98,179.98,179.97,179.98
1074,30,Front/Back,150.1,180.0,160.84,180.0,164.06,163.1,160.1,136.93
1074,31,Front/Back,164.79,166.91,180.0,180.0,151.33,137.67,166.54,150.75
1074,32,Front/Back,158.55,159.97,180.0,180.0,134.3,139.25,155.75,151.35
1074,33,Front/Back,136.96,157.27,158.41,180.0,131.62,133.48,153.07,139.36
1074,34,Front/Back,169.12,154.45,180.0,180.0,135.29,127.71,146.18,137.16
1074,35,Front/Back,169.12,150.54,180.0,180.0,131.3,121.18,142.19,129.95
1074,36,Front/Back,178.26,154.83,180.0,180.0,136.83,120.86,134.81,124.72
1075,1,Side,7.97,9.0,175.41,175.14,169.16,168.63,122.0,126.84
1075,2,Side,12.41,15.38,176.63,177.11,170.77,172.6,126.3,131.97
1075,3,Side,19.04,21.35,178.03,175.35,173.54,174.2,135.82,141.77
1075,4,Side,19.06,18.97,173.13,168.04,179.5,176.95,145.4,151.39
1075,5,Side,23.95,23.44,174.61,174.13,179.83,179.34,160.81,160.0
1075,6,Side,30.03,32.16,171.65,174.04,179.45,179.36,166.53,165.24
1075,7,Side,35.21,38.64,158.94,175.88,177.45,177.08,170.4,169.85
1075,8,Side,45.4,45.6,156.74,167.44,179.85,177.6,173.49,169.25
1075,9,Side,57.0,56.78,162.95,154.72,179.8,175.14,176.74,168.29
1075,10,Side,65.85,70.84,156.08,153.31,178.68,173.33,179.24,167.22
1075,11,Side,71.02,81.52,134.25,124.12,175.91,174.52,171.52,165.1
1075,12,Side,85.09,94.26,143.77,127.3,173.81,168.85,166.59,169.15
1075,13,Side,108.84,125.22,164.54,137.17,170.86,169.07,157.92,162.11
1075,14,Side,122.91,140.37,165.96,139.86,167.1,169.19,151.82,156.85
1075,15,Side,134.76,142.0,164.47,130.57,164.61,169.27,146.29,153.17
1075,16,Side,129.34,148.62,148.34,116.9,160.2,173.82,145.26,147.78
1075,17,Side,120.3,154.16,141.41,133.49,164.57,170.04,147.63,148.34
1075,18,Side,127.0,153.52,147.47,132.92,164.53,169.35,148.21,150.85
1075,19,Side,125.86,150.5,140.11,124.59,164.56,170.8,149.52,152.72
1075,20,Side,126.45,148.56,142.07,122.78,168.13,170.86,152.72,154.58
1075,21,Side,119.99,129.91,141.47,127.8,164.68,173.25,140.58,156.1
1075,22,Side,120.05,118.3,158.77,121.31,167.99,171.73,153.72,166.94
1075,23,Side,96.38,99.79,141.05,132.68,177.91,169.69,170.42,172.11
1075,24,Side,100.45,86.97,163.88,140.1,176.15,174.36,176.79,170.91
1075,25,Side,87.4,77.3,166.61,142.22,177.27,177.02,175.58,168.42
1075,26,Side,63.23,68.8,160.33,155.43,179.7,175.27,178.65,169.27
1075,27,Side,52.34,56.98,177.78,157.17,179.12,175.48,174.64,169.22
1075,28,Side,32.47,46.67,160.84,164.01,176.33,178.08,168.79,168.31
1075,29,Side,30.12,45.93,174.45,179.28,179.1,178.51,166.88,163.91
1075,30,Side,24.59,38.89,164.97,179.51,175.82,175.48,161.42,159.98
1075,31,Side,14.13,21.55,161.79,172.88,176.67,173.55,157.17,154.44
1075,32,Side,11.01,23.22,166.82,172.6,177.77,174.23,155.26,150.12
1075,33,Side,8.06,19.33,159.77,179.88,176.42,176.71,149.88,150.5
1075,34,Side,8.58,14.84,165.46,179.48,170.3,175.55,139.55,138.55
1075,35,Side,9.49,12.16,176.6,179.11,170.25,177.31,137.0,132.17
1076,1,Front/Back,160.0,156.63,160.0,156.63,128.62,134.31,94.03,98.54
1076,2,Front/Back,142.88,159.89,142.88,159.89,131.28,140.16,98.95,95.82
1076,3,Front/Back,139.88,155.24,139.88,155.24,132.66,141.81,111.29,99.19
1076,4,Front/Back,151.08,144.14,119.24,144.14,135.52,137.14,122.57,101.24
1076,5,Front/Back,153.31,134.36,112.52,146.53,138.52,152.47,138.52,128.55
1076,6,Front/Back,156.6,149.08,156.6,149.08,141.76,138.76,136.79,104.53
1076,7,Front/Back,154.45,139.8,111.56,139.8,151.09,138.89,124.0,104.77
1076,8,Front/Back,133.38,140.75,101.61,140.75,134.35,137.52,134.35,103.55
1076,9,Front/Back,134.87,137.21,102.6,137.21,142.6,136.48,120.42,110.21
1076,10,Front/Back,140.98,147.13,140.98,147.13,139.68,136.76,118.91,111.77
1076,11,Front/Back,156.17,169.32,127.29,169.32,136.98,134.21,119.19,113.59
1076,12,Front/Back,150.76,180.0,122.18,180.0,135.54,134.21,113.24,113.59
1076,13,Front/Back,153.09,180.0,153.09,180.0,134.48,132.84,110.54,104.3
1076,14,Front/Back,156.78,180.0,156.78,180.0,134.86,129.88,101.29,101.73
1076,15,Front/Back,147.89,180.0,113.97,162.25,135.28,129.88,98.99,98.91
1076,16,Front/Back,166.25,160.23,138.5,160.23,133.92,128.31,97.28,98.94
1076,17,Front/Back,166.54,163.87,166.54,163.87,139.2,130.91,100.54,102.03
1076,18,Front/Back,160.28,160.49,160.28,160.49,141.57,133.39,105.08,119.08
1076,19,Front/Back,146.41,180.0,146.41,180.0,148.23,155.82,116.34,145.39
1076,20,Front/Back,150.5,180.0,150.5,180.0,142.15,161.19,130.84,161.19
1076,21,Front/Back,179.98,179.97,179.97,179.97,179.98,179.98,179.98,179.98
1076,22,Front/Back,144.4,144.6,121.49,144.6,153.93,164.64,147.15,152.09
1076,23,Front/Back,134.86,138.37,107.54,138.37,143.21,155.63,128.32,138.18
1076,24,Front/Back,130.62,143.91,106.45,127.1,156.12,137.14,132.73,116.17
1076,25,Front/Back,164.76,147.43,121.5,136.89,143.38,143.47,97.25,107.38
1076,26,Front/Back,152.25,167.52,126.19,167.52,125.26,141.79,90.69,104.12
1077,1,Front/Back,137.16,121.94,142.24,123.49,137.16,128.51,180.0,158.31
1077,2,Front/Back,137.12,119.02,151.15,142.07,122.07,125.68,164.95,135.48
1077,3,Front/Back,138.75,107.89,154.34,136.65,135.33,119.98,159.72,130.83
1077,4,Front/Back,140.24,112.54,159.11,144.09,121.33,119.08,161.09,132.42
1077,5,Front/Back,131.0,161.93,152.69,145.88,127.66,136.67,164.45,132.51
1077,6,Front/Back,147.2,180.0,141.34,180.0,146.45,159.65,150.28,137.27
1077,7,Front/Back,151.74,149.97,180.0,149.97,151.74,165.87,161.59,143.64
1077,8,Front/Back,179.98,179.98,179.97,179.97,179.98,179.98,179.98,179.98
1077,9,Front/Back,161.24,165.16,161.24,165.16,164.95,149.15,164.95,149.15
1077,10,Front/Back,154.7,175.13,154.7,175.13,156.56,142.96,156.54,142.96
1077,11,Front/Back,161.15,180.0,161.15,180.0,159.88,143.46,159.88,143.46
1077,12,Front/Back,180.0,180.0,164.9,180.0,158.08,143.46,158.08,143.46
1077,13,Front/Back,163.46,154.66,145.63,149.22,158.6,146.12,158.6,146.12
1077,14,Front/Back,160.65,164.88,180.0,152.64,145.23,143.2,154.72,130.87
1077,15,Front/Back,156.78,180.0,159.11,165.34,152.48,150.8,155.08,123.98
1077,16,Front/Back,151.03,171.87,173.47,158.44,151.03,152.72,170.14,135.26
1077,17,Front/Back,154.85,148.1,157.58,122.6,154.85,153.6,146.1,127.77
1077,18,Front/Back,150.86,146.64,170.0,121.14,150.86,167.93,155.68,134.17
1077,19,Front/Back,150.86,147.95,158.2,111.78,150.86,180.0,149.1,140.28
1077,20,Front/Back,142.55,167.61,152.11,128.18,142.55,167.61,143.63,139.63
1077,21,Front/Back,139.8,160.67,164.9,131.39,139.8,160.67,138.83,132.73
1077,22,Front/Back,139.8,157.97,180.0,139.32,139.8,157.98,132.71,138.53
1077,23,Front/Back,152.36,157.98,180.0,132.74,152.36,157.98,132.71,180.0
1077,24,Front/Back,154.51,180.0,180.0,127.71,154.51,159.42,155.16,159.42
1077,25,Front/Back,180.0,175.13,162.6,135.84,180.0,165.44,151.3,165.44
1077,26,Front/Back,180.0,180.0,161.34,143.7,180.0,175.47,180.0,175.47
1077,27,Front/Back,178.48,160.09,165.78,160.09,178.48,164.26,145.64,164.26
1077,28,Front/Back,163.0,180.0,180.0,180.0,163.0,160.11,151.59,160.11
1077,29,Front/Back,157.51,180.0,163.48,180.0,157.51,166.16,145.52,131.3
1077,30,Front/Back,153.63,180.0,144.17,180.0,153.63,159.49,148.26,125.18
1077,31,Front/Back,141.39,180.0,149.5,180.0,141.39,154.59,157.49,120.28
1077,32,Front/Back,161.11,173.62,180.0,167.76,121.89,135.89,122.43,108.39
1078,1,Front/Back,132.36,144.55,154.13,138.91,158.23,164.46,145.26,131.18
1078,2,Front/Back,132.92,153.43,167.7,176.12,145.22,153.43,140.79,132.22
1078,3,Front/Back,157.7,147.34,180.0,156.79,157.7,147.34,145.65,132.4
1078,4,Front/Back,146.53,151.88,180.0,169.62,146.53,151.88,139.46,133.61
1078,5,Front/Back,171.28,169.07,180.0,169.07,171.28,180.0,139.46,135.85
1078,6,Front/Back,180.0,180.0,180.0,180.0,180.0,152.58,149.24,114.36
1078,7,Front/Back,173.15,180.0,153.74,145.81,180.0,156.75,140.89,118.65
1078,8,Front/Back,170.79,172.93,167.35,165.84,170.79,154.57,143.72,119.46
1078,9,Front/Back,179.97,179.97,179.97,179.97,179.98,179.98,179.97,179.98
1078,10,Front/Back,164.06,170.49,180.0,157.6,153.37,143.64,154.95,153.15
1078,11,Front/Back,151.05,156.95,164.05,134.6,157.0,147.87,152.54,138.32
1078,12,Front/Back,150.25,149.2,150.25,149.2,180.0,163.12,157.42,124.48
1078,13,Front/Back,157.93,180.0,157.93,174.07,162.25,165.08,131.48,124.23
1078,14,Front/Back,180.0,180.0,180.0,151.35,157.63,180.0,128.71,134.56
1078,15,Front/Back,158.07,170.34,158.07,161.18,150.69,170.34,116.34,126.65
1078,16,Front/Back,180.0,180.0,180.0,180.0,158.02,155.6,120.29,110.42
1078,17,Front/Back,180.0,180.0,180.0,174.51,154.9,180.0,120.29,133.24
1078,18,Front/Back,162.85,180.0,162.85,153.87,161.99,180.0,127.3,135.03
1078,19,Front/Back,171.6,180.0,151.37,172.91,180.0,180.0,142.13,134.5
1078,20,Front/Back,152.3,156.95,118.23,156.95,180.0,166.57,140.79,129.47
1078,21,Front/Back,146.8,180.0,146.8,149.02,180.0,150.67,141.03,113.48
1078,22,Front/Back,160.73,180.0,135.59,141.1,180.0,176.48,142.68,135.48
1078,23,Front/Back,144.48,160.68,157.31,123.72,167.17,180.0,139.76,139.0
1078,24,Front/Back,134.54,135.74,142.94,146.64,154.0,146.21,139.76,134.89
1078,25,Front/Back,157.58,156.95,172.23,138.5,157.58,156.95,137.0,135.45
1078,26,Front/Back,146.89,161.24,172.89,140.26,154.0,158.84,139.46,128.69
1079,1,Front/Back,131.18,162.79,148.87,180.0,162.29,140.23,132.52,131.06
1079,2,Front/Back,169.6,162.39,169.6,180.0,163.59,139.57,122.94,137.93
1079,3,Front/Back,172.25,162.39,172.25,180.0,168.41,139.37,129.72,151.14
1079,4,Front/Back,180.0,164.79,139.27,143.64,168.41,141.55,133.82,156.76
1079,5,Front/Back,180.0,180.0,130.83,180.0,177.98,154.15,149.94,154.15
1079,6,Front/Back,166.68,153.56,177.54,104.0,166.68,148.99,154.56,156.76
1079,7,Front/Back,157.41,172.91,129.43,111.04,163.41,156.84,153.91,156.84
1079,8,Front/Back,151.22,165.71,116.14,134.9,163.59,147.73,158.74,147.73
1079,9,Front/Back,146.63,180.0,117.9,159.39,150.44,147.89,159.86,147.89
1079,10,Front/Back,179.98,179.98,179.97,179.97,179.98,179.98,179.98,179.98
1079,11,Front/Back,134.98,170.76,163.72,180.0,151.25,170.76,145.53,168.08
1079,12,Front/Back,138.02,179.99,138.02,141.9,180.0,179.99,142.8,166.36
1079,13,Front/Back,131.04,180.0,131.04,145.51,180.0,171.65,139.26,154.93
1079,14,Front/Back,136.04,180.0,117.17,180.0,180.0,163.7,140.52,146.98
1079,15,Front/Back,140.69,180.0,140.69,180.0,180.0,161.89,148.48,138.68
1079,16,Front/Back,144.33,180.0,144.33,180.0,167.09,154.35,135.49,136.2
1079,17,Front/Back,146.26,180.0,146.26,180.0,180.0,156.1,140.3,154.04
1079,18,Front/Back,154.68,176.92,154.68,180.0,180.0,152.35,138.84,155.43
1079,19,Front/Back,142.89,170.06,151.15,167.19,171.74,148.12,138.7,158.06
1079,20,Front/Back,139.74,166.2,158.28,180.0,161.46,143.6,138.67,157.4
1079,21,Front/Back,148.45,136.38,155.54,158.27,172.91,137.76,141.98,159.65
1079,22,Front/Back,155.61,180.0,155.61,173.07,167.37,166.77,137.38,166.77
1079,23,Front/Back,154.11,180.0,154.11,180.0,157.78,157.4,135.77,157.4
1079,24,Front/Back,117.66,161.0,126.17,155.98,129.41,132.09,137.69,151.09
1079,25,Front/Back,116.57,180.0,142.72,166.95,130.72,152.39,137.59,152.39
1079,26,Front/Back,106.52,180.0,136.04,146.98,150.47,156.84,141.19,156.84
1079,27,Front/Back,111.91,180.0,115.34,145.07,151.89,156.84,137.49,156.84
1079,28,Front/Back,116.81,180.0,113.38,147.21,155.45,145.67,135.8,145.67
1079,29,Front/Back,122.22,180.0,116.3,157.12,147.96,145.67,126.41,145.67
1079,30,Front/Back,124.42,164.79,122.85,138.19,161.7,132.67,128.0,128.34
1079,31,Front/Back,137.68,163.13,150.32,148.6,149.56,129.25,121.66,113.35
1079,32,Front/Back,126.31,146.61,142.72,180.0,138.88,120.99,118.39,119.21
1080,1,Front/Back,150.35,109.11,180.0,99.09,138.8,144.1,147.55,137.42
1080,2,Front/Back,153.24,109.51,180.0,115.96,141.27,145.13,138.99,142.33
1080,3,Front/Back,156.45,144.94,180.0,92.1,144.48,144.94,153.23,147.92
1080,4,Front/Back,160.17,154.08,143.22,97.59,160.17,149.05,161.86,140.9
1080,5,Front/Back,180.0,105.77,156.56,64.17,180.0,152.73,180.0,157.18
1080,6,Front/Back,180.0,180.0,180.0,119.42,156.28,144.57,156.28,144.57
1080,7,Front/Back,180.0,171.65,180.0,137.15,156.28,153.77,156.28,150.54
1080,8,Front/Back,130.53,156.73,139.92,134.78,170.61,147.49,180.0,162.12
1080,9,Front/Back,179.97,179.97,179.96,179.97,179.98,179.98,179.97,179.97
1080,10,Front/Back,171.99,158.53,171.99,175.39,167.74,163.13,157.42,180.0
1080,11,Front/Back,151.92,145.83,151.92,160.67,180.0,165.16,162.4,180.0
1080,12,Front/Back,151.82,131.53,154.51,155.53,155.18,156.01,147.55,180.0
1080,13,Front/Back,144.91,124.31,154.22,149.69,154.71,154.61,139.18,166.71
1080,14,Front/Back,146.36,126.47,155.67,148.85,151.35,157.61,132.79,162.64
1080,15,Front/Back,148.4,127.61,157.72,154.44,151.35,153.17,126.31,159.56
1080,16,Front/Back,151.54,157.23,160.86,166.16,170.67,142.76,136.86,132.32
1080,17,Front/Back,159.99,128.69,150.41,156.84,139.65,151.86,129.52,166.37
1080,18,Front/Back,154.51,149.62,114.9,151.64,143.7,157.86,113.68,159.88
1080,19,Front/Back,151.92,144.99,115.4,153.04,152.39,171.95,125.06,161.8
1080,20,Front/Back,180.0,147.81,158.08,162.12,158.07,165.69,130.1,153.11
1080,21,Front/Back,180.0,141.2,180.0,141.0,161.16,163.59,161.16,151.51
1080,22,Front/Back,180.0,135.66,154.04,100.67,154.26,163.79,154.26,164.01
1080,23,Front/Back,180.0,180.0,141.76,111.59,151.45,180.0,151.45,163.26
1080,24,Front/Back,180.0,179.98,141.76,97.57,151.45,180.0,151.45,167.24
1080,25,Front/Back,171.99,141.13,139.02,79.9,148.92,166.69,148.92,163.15
1080,26,Front/Back,180.0,161.96,180.0,107.03,146.61,161.96,146.61,163.26
1080,27,Front/Back,180.0,157.0,180.0,119.24,142.49,157.0,132.86,156.94
1080,28,Front/Back,180.0,160.81,180.0,111.92,144.55,138.93,119.71,135.07
1080,29,Front/Back,180.0,159.74,180.0,113.22,142.71,159.74,113.36,147.85
1080,30,Front/Back,180.0,147.72,180.0,122.98,142.49,147.72,109.6,142.49
1081,1,Front/Back,180.0,149.46,168.8,131.6,137.81,127.33,112.23,102.37
1081,2,Front/Back,180.0,153.46,159.03,139.59,139.42,124.49,111.54,107.52
1081,3,Front/Back,143.38,130.22,132.63,131.07,125.24,116.5,116.3,108.04
1081,4,Front/Back,137.06,126.07,127.43,131.18,125.11,115.82,112.62,109.47
1081,5,Front/Back,125.8,141.44,127.72,119.47,123.62,120.66,111.44,101.89
1081,6,Front/Back,149.47,144.88,149.47,126.15,138.67,114.3,100.21,104.24
1081,7,Front/Back,121.65,115.68,119.35,107.12,122.09,114.83,131.59,122.65
1081,8,Front/Back,137.22,115.16,110.72,103.32,140.53,125.43,148.43,129.2
1081,9,Front/Back,139.93,121.3,111.36,107.43,142.0,135.49,150.5,147.51
1081,10,Front/Back,156.23,125.11,127.8,123.78,164.35,147.93,153.49,148.21
1081,11,Front/Back,179.97,179.98,179.97,179.97,179.98,179.98,179.98,179.98
1081,12,Front/Back,149.31,162.07,140.22,142.48,166.73,158.76,166.73,146.71
1081,13,Front/Back,148.43,149.81,119.51,134.66,159.86,154.75,159.86,139.76
1081,14,Front/Back,162.23,147.91,121.73,130.36,147.65,145.12,147.65,145.12
1081,15,Front/Back,180.0,150.49,136.53,136.53,142.69,142.65,142.69,142.65
1081,16,Front/Back,180.0,154.02,135.98,154.02,144.86,140.29,144.86,140.29
1081,17,Front/Back,180.0,154.1,138.37,145.37,142.54,138.76,142.54,138.76
1081,18,Front/Back,180.0,153.09,141.5,134.32,140.9,137.95,140.9,128.7
1081,19,Front/Back,156.61,156.01,122.06,129.62,138.55,136.35,113.48,113.13
1081,20,Front/Back,159.5,154.3,130.87,126.33,136.32,135.58,101.66,105.62
1081,21,Front/Back,156.36,139.12,131.92,123.08,134.88,125.66,92.63,104.27
1081,22,Front/Back,144.74,143.41,112.11,101.57,133.71,137.14,106.72,106.93
1081,23,Front/Back,129.12,152.23,102.47,97.7,135.63,139.45,130.56,123.02
1081,24,Front/Back,128.03,138.57,106.16,91.06,137.86,141.88,137.86,141.88
1081,25,Front/Back,131.0,136.42,131.0,100.39,140.19,144.62,140.19,144.62
1081,26,Front/Back,144.52,140.07,144.52,124.55,142.66,147.41,142.66,147.41
1081,27,Front/Back,145.75,139.56,145.75,109.28,143.38,148.02,143.38,148.02
1081,28,Front/Back,150.77,139.65,114.53,107.36,144.53,148.8,144.53,148.8
1081,29,Front/Back,155.57,150.77,113.94,123.34,144.99,148.8,144.99,148.8
1081,30,Front/Back,149.11,167.35,126.98,142.65,140.81,151.19,152.75,151.19
1081,31,Front/Back,162.75,157.87,180.0,164.85,145.25,139.23,162.5,161.36
1081,32,Front/Back,169.99,160.97,154.92,153.72,145.3,132.16,142.24,151.19
1081,33,Front/Back,180.0,180.0,153.43,147.33,145.5,140.77,119.99,140.77
1081,34,Front/Back,180.0,180.0,152.03,145.15,141.91,135.75,111.97,135.75
1081,35,Front/Back,180.0,167.25,156.92,135.29,139.42,140.5,103.99,100.79
1081,36,Front/Back,180.0,168.52,159.03,141.18,137.09,137.17,96.64,93.18
1081,37,Front/Back,180.0,180.0,156.22,149.72,137.09,137.1,96.64,93.11
1082,1,Side,17.78,50.01,175.17,133.04,178.29,178.67,156.06,163.51
1082,2,Side,21.76,14.08,174.85,177.7,177.77,175.36,158.5,166.12
1082,3,Side,27.88,17.1,167.49,179.58,174.64,179.92,168.69,161.14
1082,4,Side,33.77,19.4,173.84,173.64,171.87,177.59,172.11,156.32
1082,5,Side,39.7,20.92,178.07,165.09,169.59,178.7,174.76,158.34
1082,6,Side,41.97,28.1,167.35,147.35,170.06,179.36,168.34,158.84
1082,7,Side,62.78,44.21,168.38,147.23,161.76,174.82,177.36,159.48
1082,8,Side,80.89,55.6,152.07,123.21,161.27,174.01,176.69,164.2
1082,9,Side,103.12,79.27,151.1,125.89,160.74,172.3,172.94,168.48
1082,10,Side,124.02,98.13,126.86,115.66,162.44,173.09,167.19,177.85
1082,11,Side,140.36,111.22,146.31,124.68,160.61,172.21,166.19,173.35
1082,12,Side,147.51,122.2,145.32,123.44,160.85,171.51,163.1,172.74
1082,13,Side,159.79,136.22,153.26,131.93,160.64,169.44,160.54,170.71
1082,14,Side,168.5,146.77,156.75,135.18,162.06,165.7,153.83,178.35
1082,15,Side,175.8,156.82,165.06,136.13,161.25,165.49,149.79,178.02
1082,16,Side,172.55,164.77,160.7,135.39,157.35,164.16,148.59,175.2
1082,17,Side,177.62,159.14,162.92,139.88,157.64,168.58,154.29,178.78
1082,18,Side,176.7,154.91,163.11,145.32,157.97,169.81,159.42,180.0
1082,19,Side,169.16,149.5,161.13,147.13,158.85,168.76,163.92,177.66
1082,20,Side,164.06,147.07,160.03,157.11,158.9,169.1,170.08,174.62
1082,21,Side,159.88,138.81,161.4,152.79,164.51,168.25,165.4,177.97
1082,22,Side,146.98,125.75,154.1,150.96,169.99,172.12,165.38,177.17
1082,23,Side,127.11,110.31,148.12,152.87,172.39,173.66,161.19,173.29
1082,24,Side,91.85,89.27,127.57,152.19,175.02,177.91,167.02,179.23
1082,25,Side,78.16,70.61,133.11,151.32,178.13,175.75,169.16,173.12
1082,26,Side,69.65,66.48,144.37,157.83,178.76,178.51,168.54,178.31
1082,27,Side,52.75,46.6,156.48,152.31,176.94,176.3,166.44,178.44
1082,28,Side,40.69,34.23,175.94,161.33,174.31,179.39,160.92,173.39
1082,29,Side,27.38,19.42,174.79,164.32,175.71,178.92,158.84,162.28
1082,30,Side,16.09,13.23,170.85,179.25,178.0,178.92,153.64,152.75
1083,1,Front/Back,162.51,180.0,162.51,166.92,156.15,142.47,129.5,142.47
1083,2,Front/Back,157.99,180.0,157.99,168.61,152.9,143.4,128.28,143.4
1083,3,Front/Back,180.0,175.36,150.61,160.65,151.42,156.76,129.02,161.4
1083,4,Front/Back,148.51,180.0,138.0,158.72,170.34,165.31,162.3,159.67
1083,5,Front/Back,146.3,170.36,151.98,157.67,170.34,161.55,165.94,159.62
1083,6,Front/Back,179.97,179.97,179.97,179.97,179.98,179.98,179.98,179.98
1083,7,Front/Back,144.59,180.0,144.59,180.0,180.0,151.34,174.68,143.13
1083,8,Front/Back,145.86,180.0,115.31,172.82,180.0,149.87,180.0,149.87
1083,9,Front/Back,123.28,180.0,104.03,142.69,154.02,147.72,167.52,147.72
1083,10,Front/Back,137.31,180.0,113.22,139.07,180.0,148.37,180.0,148.37
1083,11,Front/Back,152.63,180.0,144.64,136.43,180.0,146.22,180.0,146.22
1083,12,Front/Back,155.76,180.0,129.87,131.89,165.54,143.84,165.54,143.84
1083,13,Front/Back,141.0,180.0,123.6,137.01,142.19,137.61,155.68,137.61
1083,14,Front/Back,154.08,180.0,117.67,142.78,149.07,147.38,149.07,147.38
1083,15,Front/Back,151.32,180.0,117.96,140.65,143.29,149.95,143.29,149.95
1083,16,Front/Back,152.42,180.0,126.7,155.22,137.94,139.88,120.38,139.88
1083,17,Front/Back,143.13,180.0,95.0,132.51,141.91,142.82,120.35,142.82
1083,18,Front/Back,139.68,168.11,82.28,110.73,144.44,141.46,121.26,141.46
1083,19,Front/Back,140.68,180.0,89.85,121.13,148.13,143.3,124.63,143.3
1083,20,Front/Back,131.53,180.0,114.04,133.66,170.34,148.06,154.9,148.06
1083,21,Front/Back,140.87,169.55,154.5,153.43,166.37,169.55,152.26,180.0
1083,22,Front/Back,150.85,180.0,150.85,146.45,157.99,148.66,137.46,148.66
1083,23,Front/Back,146.93,180.0,146.93,134.66,151.42,152.87,131.52,152.87
1083,24,Front/Back,145.01,180.0,145.01,150.6,146.02,147.64,126.76,147.64
1083,25,Front/Back,142.21,180.0,142.21,147.25,141.31,157.47,123.62,136.85
1083,26,Front/Back,145.32,180.0,145.32,168.75,147.33,154.91,115.44,127.11
1084,1,Front/Back,180.0,180.0,153.81,160.86,180.0,171.75,132.47,130.71
1084,2,Front/Back,164.17,180.0,154.31,167.65,164.17,180.0,133.73,138.88
1084,3,Front/Back,164.28,167.23,152.7,153.06,164.28,180.0,134.68,138.88
1084,4,Front/Back,155.96,164.72,149.31,151.24,147.57,144.7,132.8,120.44
1084,5,Front/Back,180.0,160.91,165.59,160.91,147.42,171.75,121.83,156.28
1084,6,Front/Back,179.98,179.98,179.97,179.98,179.98,179.98,179.98,179.98
1084,7,Front/Back,180.0,180.0,157.06,141.28,180.0,180.0,180.0,180.0
1084,8,Front/Back,180.0,180.0,141.2,130.41,180.0,180.0,143.92,144.61
1084,9,Front/Back,180.0,180.0,136.63,133.58,180.0,180.0,133.15,143.86
1084,10,Front/Back,180.0,180.0,144.97,149.65,180.0,180.0,148.26,144.25
1084,11,Front/Back,180.0,180.0,180.0,168.08,180.0,180.0,146.49,146.87
1084,12,Front/Back,180.0,180.0,143.58,180.0,161.46,180.0,125.17,144.25
1084,13,Front/Back,180.0,180.0,135.94,145.47,158.09,180.0,119.75,143.51
1084,14,Front/Back,180.0,180.0,134.75,143.18,160.78,180.0,120.64,144.16
1084,15,Front/Back,180.0,180.0,148.48,151.6,173.72,173.13,133.58,137.0
1084,16,Front/Back,180.0,180.0,180.0,166.51,180.0,180.0,131.03,138.95
1084,17,Front/Back,180.0,180.0,152.38,153.73,170.2,180.0,130.96,139.04
1084,18,Front/Back,180.0,180.0,144.9,139.23,180.0,180.0,140.9,142.69
1084,19,Front/Back,180.0,180.0,142.32,140.41,180.0,180.0,149.06,150.44
1084,20,Front/Back,180.0,180.0,151.98,144.37,180.0,180.0,150.51,148.49
1084,21,Front/Back,180.0,180.0,160.42,180.0,180.0,180.0,143.11,148.83
1084,22,Front/Back,180.0,180.0,141.2,141.32,180.0,180.0,141.56,146.64
1084,23,Front/Back,180.0,180.0,131.59,129.33,180.0,180.0,141.61,146.11
1084,24,Front/Back,180.0,180.0,134.0,132.55,180.0,180.0,143.26,147.55
1084,25,Front/Back,180.0,180.0,149.11,148.25,180.0,180.0,180.0,151.24
1084,26,Front/Back,180.0,180.0,180.0,180.0,180.0,180.0,172.77,179.99
1084,27,Front/Back,180.0,180.0,169.22,180.0,180.0,180.0,164.63,161.36
1084,28,Front/Back,167.15,180.0,159.45,163.8,167.15,166.88,154.41,145.11
1084,29,Front/Back,157.91,180.0,149.67,160.24,148.34,161.46,138.98,130.63
1084,30,Front/Back,161.97,180.0,153.35,160.91,143.08,145.03,123.12,105.48
1085,1,Front/Back,107.02,105.92,137.79,128.18,139.33,134.2,130.17,147.56
1085,2,Front/Back,109.03,107.47,122.36,115.97,136.09,135.87,129.91,154.31
1085,3,Front/Back,105.93,112.45,107.27,119.5,138.86,137.6,133.47,148.98
1085,4,Front/Back,116.17,127.68,111.13,129.83,146.49,143.63,145.56,156.15
1085,5,Front/Back,125.89,136.08,123.62,156.49,146.37,145.67,154.19,160.75
1085,6,Front/Back,147.33,148.78,162.55,180.0,156.87,148.78,172.09,167.0
1085,7,Front/Back,145.82,134.77,125.95,159.87,157.67,149.62,166.69,168.4
1085,8,Front/Back,141.1,121.58,114.31,129.8,158.88,144.97,154.76,157.82
1085,9,Front/Back,147.51,121.54,108.98,120.27,163.37,145.92,151.96,161.31
1085,10,Front/Back,155.29,128.86,127.16,120.37,167.79,146.91,148.58,180.0
1085,11,Front/Back,172.68,146.77,161.16,138.76,171.13,146.77,147.08,180.0
1085,12,Front/Back,160.1,148.97,146.7,137.14,167.35,148.97,139.51,180.0
1085,13,Front/Back,152.94,130.82,141.87,106.22,163.51,145.99,133.23,167.19
1085,14,Front/Back,148.31,135.51,136.35,109.43,161.57,162.39,126.49,161.16
1085,15,Front/Back,144.18,141.56,144.18,120.43,161.62,159.37,122.62,144.52
1085,16,Front/Back,140.49,147.1,140.49,122.66,154.86,162.57,112.24,137.63
1085,17,Front/Back,142.33,130.55,114.84,102.91,159.88,160.28,118.33,149.68
1085,18,Front/Back,144.07,126.66,101.33,93.97,161.79,157.0,125.14,154.14
1085,19,Front/Back,147.27,133.85,99.77,100.86,166.92,160.28,138.57,152.38
1085,20,Front/Back,154.27,135.15,118.15,120.21,180.0,155.71,154.27,165.74
1085,21,Front/Back,179.98,179.98,179.97,179.97,179.98,179.98,179.98,179.98
1085,22,Front/Back,156.36,144.07,141.12,140.09,167.72,158.96,152.87,167.12
1085,23,Front/Back,153.96,128.0,133.61,135.16,163.13,153.08,142.96,168.93
1085,24,Front/Back,149.71,126.5,147.76,143.87,159.83,152.96,136.45,166.68
1085,25,Front/Back,149.43,128.81,149.43,161.01,157.66,147.8,132.02,166.81
1085,26,Front/Back,155.21,148.94,155.21,180.0,153.13,148.94,124.64,179.99
1085,27,Front/Back,151.21,147.83,151.21,180.0,154.55,147.83,121.01,160.11
1085,28,Front/Back,150.4,145.18,135.83,168.54,154.62,146.73,118.29,155.44
1085,29,Front/Back,149.58,130.23,120.69,146.59,156.12,144.65,116.38,146.9
1085,30,Front/Back,151.17,118.85,120.58,143.76,154.76,144.65,111.5,142.42
1085,31,Front/Back,139.54,114.41,113.59,139.45,150.35,142.69,116.72,137.31
1086,1,Front/Back,155.47,127.87,133.99,111.79,147.81,148.34,,
1086,2,Front/Back,158.53,121.31,156.79,141.92,152.18,144.53,,
1086,3,Front/Back,168.23,124.1,168.23,158.33,170.48,145.75,,
1086,4,Front/Back,161.53,116.7,161.51,144.09,180.0,152.61,,
1086,5,Front/Back,150.06,130.95,150.06,144.09,180.0,166.86,,
1086,6,Front/Back,152.91,123.02,134.14,147.6,168.97,155.42,,
1086,7,Front/Back,159.76,114.38,127.1,122.48,180.0,153.47,,
1086,8,Front/Back,170.07,104.71,136.14,104.2,180.0,147.84,,
1086,9,Front/Back,158.23,113.57,127.91,108.69,180.0,145.15,,
1086,10,Front/Back,151.56,112.85,124.12,113.61,180.0,147.71,,
1086,11,Front/Back,149.57,116.36,130.47,132.59,180.0,150.46,,
1086,12,Front/Back,148.89,100.87,114.26,124.86,180.0,147.6,,
1086,13,Front/Back,154.19,102.17,114.7,90.18,180.0,150.19,,
1086,14,Front/Back,152.02,100.87,111.35,83.2,180.0,148.74,,
1086,15,Front/Back,156.09,101.24,129.27,84.75,180.0,148.74,,
1086,16,Front/Back,153.28,103.71,126.77,110.06,180.0,148.71,,
1086,17,Front/Back,153.28,118.14,124.31,132.5,180.0,165.64,,
1086,18,Front/Back,152.23,117.06,122.38,117.78,180.0,165.64,,
1086,19,Front/Back,152.23,109.95,128.98,131.07,180.0,158.88,,
1086,20,Front/Back,154.19,99.23,131.72,130.44,180.0,148.79,,
1086,21,Front/Back,180.0,99.23,180.0,130.44,180.0,148.79,,
1086,22,Front/Back,157.98,97.89,112.12,93.12,180.0,147.45,,
1086,23,Front/Back,149.57,98.82,86.14,75.01,180.0,147.6,,
1086,24,Front/Back,145.1,101.33,84.08,74.87,179.99,147.6,,
1086,25,Front/Back,144.93,105.09,102.98,91.59,180.0,150.46,,
1086,26,Front/Back,147.14,111.36,147.14,143.52,180.0,147.84,,
1086,27,Front/Back,126.07,101.18,140.2,105.74,165.86,145.42,,
1086,28,Front/Back,134.01,98.51,112.45,123.66,169.98,144.19,,
1086,29,Front/Back,125.31,111.56,112.64,119.18,162.52,147.84,,
1086,30,Front/Back,131.96,126.0,126.38,132.91,165.75,153.61,,
1086,31,Front/Back,179.97,179.98,179.97,179.97,179.98,179.98,,
1086,32,Front/Back,147.98,141.49,149.49,139.37,169.94,153.47,,
1086,33,Front/Back,179.99,121.85,150.56,135.17,179.99,146.68,,
1086,34,Front/Back,157.8,115.54,157.8,148.87,180.0,146.68,,
1087,1,Front/Back,151.26,158.0,145.15,150.15,128.92,143.17,157.66,164.15
1087,2,Front/Back,155.63,166.54,140.58,153.25,133.14,148.56,157.51,162.0
1087,3,Front/Back,162.94,150.05,139.85,146.5,138.55,140.11,155.61,159.47
1087,4,Front/Back,171.49,158.48,132.32,147.11,147.21,147.95,155.72,157.2
1087,5,Front/Back,180.0,167.8,158.86,153.04,156.47,155.04,156.47,155.04
1087,6,Front/Back,179.97,179.98,179.97,179.97,179.98,179.98,179.98,179.97
1087,7,Front/Back,155.5,140.56,121.51,149.46,162.01,171.1,150.4,179.99
1087,8,Front/Back,166.87,122.17,120.47,137.38,169.77,164.79,153.73,178.98
1087,9,Front/Back,160.44,110.1,116.2,131.5,180.0,158.6,180.0,180.0
1087,10,Front/Back,155.74,109.84,119.04,131.44,180.0,158.4,180.0,180.0
1087,11,Front/Back,147.83,113.28,135.2,133.09,179.19,160.19,179.19,176.45
1087,12,Front/Back,143.33,136.37,114.9,149.34,168.61,167.03,168.61,180.0
1087,13,Front/Back,144.36,140.68,102.28,145.43,164.15,170.82,164.15,175.57
1087,14,Front/Back,165.09,144.62,115.39,144.62,180.0,166.62,167.58,166.62
1087,15,Front/Back,159.87,143.12,116.13,143.12,166.99,164.88,166.99,164.88
1087,16,Front/Back,153.16,144.79,117.27,144.79,158.18,167.87,158.18,167.87
1087,17,Front/Back,155.74,130.76,114.92,129.6,162.57,171.49,149.0,174.11
1087,18,Front/Back,180.0,132.14,137.79,130.5,159.57,171.49,152.85,163.7
1087,19,Front/Back,180.0,132.53,135.57,144.57,157.19,167.96,155.19,159.6
1087,20,Front/Back,159.09,130.78,123.76,150.06,157.19,160.72,157.19,164.05
1087,21,Front/Back,159.92,131.36,136.95,155.73,159.29,155.63,159.29,168.16
1087,22,Front/Back,180.0,124.36,129.33,133.85,165.65,152.73,165.65,165.12
1087,23,Front/Back,180.0,125.83,121.75,109.78,180.0,150.1,171.73,159.52
1087,24,Front/Back,180.0,129.76,127.83,106.54,180.0,148.86,161.12,161.89
1087,25,Front/Back,180.0,128.72,137.54,107.82,180.0,152.88,157.85,158.3
1087,26,Front/Back,164.34,140.38,134.59,126.84,164.34,166.54,157.65,155.61
1087,27,Front/Back,160.19,145.16,135.84,124.26,160.19,163.74,157.72,161.16
1087,28,Front/Back,180.0,130.91,142.41,129.73,180.0,155.97,160.86,161.16
1087,29,Front/Back,180.0,120.13,142.11,106.05,169.04,151.53,153.9,155.61
1087,30,Front/Back,180.0,126.68,144.87,153.8,157.53,148.45,143.39,144.57
1087,31,Front/Back,156.67,155.9,165.5,163.08,146.58,133.0,169.91,135.31
1088,1,Front/Back,145.98,180.0,128.16,156.03,145.98,180.0,180.0,151.19
1088,2,Front/Back,128.91,180.0,166.78,151.35,142.13,180.0,176.4,153.32
1088,3,Front/Back,118.51,180.0,116.02,144.46,143.45,180.0,177.16,146.84
1088,4,Front/Back,119.31,180.0,126.12,132.12,143.45,180.0,179.99,149.17
1088,5,Front/Back,143.41,180.0,139.47,148.49,166.42,180.0,179.98,152.18
1088,6,Front/Back,179.97,179.97,179.97,179.97,179.98,179.98,179.98,179.98
1088,7,Front/Back,113.25,152.0,128.47,114.46,147.56,177.54,169.95,163.28
1088,8,Front/Back,111.17,139.8,110.94,89.54,150.56,180.0,165.88,159.39
1088,9,Front/Back,113.7,130.48,96.57,82.6,154.0,180.0,168.2,154.63
1088,10,Front/Back,129.31,140.75,101.62,103.79,165.36,180.0,171.45,142.93
1088,11,Front/Back,147.24,180.0,111.39,163.51,180.0,180.0,169.78,139.18
1088,12,Front/Back,141.5,155.88,146.59,155.88,174.91,180.0,157.82,142.05
1088,13,Front/Back,134.26,152.45,140.08,152.45,162.56,180.0,158.84,139.93
1088,14,Front/Back,138.91,147.82,126.82,147.82,165.48,153.69,157.82,114.06
1088,15,Front/Back,167.47,180.0,144.62,167.2,180.0,155.82,157.82,116.2
1088,16,Front/Back,180.0,180.0,144.37,180.0,180.0,161.4,157.82,120.16
1088,17,Front/Back,174.13,180.0,174.13,160.1,180.0,160.48,152.56,118.4
1088,18,Front/Back,155.85,147.82,155.85,119.44,180.0,163.89,151.04,120.65
1088,19,Front/Back,161.63,155.64,132.4,137.18,180.0,163.73,150.38,121.76
1088,20,Front/Back,180.0,180.0,125.91,159.92,180.0,168.49,149.98,126.33
1088,21,Front/Back,160.06,180.0,136.43,139.92,160.06,179.99,147.44,138.02
1088,22,Front/Back,153.83,180.0,130.36,180.0,153.83,180.0,143.23,137.92
1089,1,Front/Back,157.91,152.38,180.0,180.0,131.51,130.04,120.13,122.58
1089,2,Front/Back,180.0,156.96,180.0,180.0,146.73,142.93,109.09,118.74
1089,3,Front/Back,180.0,180.0,180.0,180.0,142.38,155.78,113.43,102.54
1089,4,Front/Back,180.0,179.99,180.0,180.0,145.07,153.77,111.52,118.61
1089,5,Front/Back,167.88,169.65,167.88,180.0,147.91,152.44,124.33,134.1
1089,6,Front/Back,168.63,180.0,180.0,180.0,152.34,180.0,143.35,159.55
1089,7,Front/Back,180.0,168.97,175.29,180.0,163.46,168.97,162.27,156.53
1089,8,Front/Back,179.97,179.97,179.97,179.97,179.98,179.98,179.98,179.98
1089,9,Front/Back,165.96,169.03,165.96,165.66,171.29,170.92,171.29,147.54
1089,10,Front/Back,180.0,160.75,180.0,160.75,161.69,172.68,161.69,150.32
1089,11,Front/Back,180.0,180.0,180.0,180.0,157.68,180.0,143.41,155.67
1089,12,Front/Back,160.73,170.13,179.99,180.0,140.93,170.13,160.18,162.36
1089,13,Front/Back,158.16,144.56,161.29,154.91,162.89,166.23,147.56,152.74
1089,14,Front/Back,177.06,145.14,180.0,155.49,160.58,155.92,136.37,141.91
1089,15,Front/Back,179.99,148.84,180.0,174.16,152.94,135.1,120.06,132.4
1089,16,Front/Back,177.27,154.29,177.27,180.0,146.46,130.62,107.99,121.62
1089,17,Front/Back,180.0,180.0,180.0,180.0,145.07,154.33,102.49,109.13
1089,18,Front/Back,180.0,180.0,180.0,180.0,148.18,160.41,104.79,118.22
1089,19,Front/Back,180.0,180.0,180.0,180.0,159.55,180.0,114.66,135.0
1089,20,Front/Back,180.0,175.31,180.0,180.0,168.7,175.31,128.69,150.98
1089,21,Front/Back,155.42,164.69,180.0,180.0,155.42,164.69,141.74,146.09
1089,22,Front/Back,180.0,136.22,180.0,154.43,180.0,161.79,141.05,140.85
1089,23,Front/Back,180.0,141.88,180.0,162.88,180.0,159.0,139.3,158.2
1089,24,Front/Back,180.0,159.0,180.0,180.0,180.0,159.0,135.98,158.57
1089,25,Front/Back,168.67,159.0,180.0,180.0,168.67,159.0,132.42,134.45
1089,26,Front/Back,138.52,146.85,167.86,171.37,150.65,146.85,135.11,134.45
1089,27,Front/Back,180.0,156.96,180.0,158.45,180.0,156.96,151.05,136.07
1089,28,Front/Back,180.0,152.38,180.0,152.17,180.0,152.38,151.14,149.42
1089,29,Front/Back,139.4,154.47,168.69,180.0,134.28,154.47,129.99,151.74
1089,30,Front/Back,180.0,147.04,149.89,180.0,152.94,133.01,119.47,135.4
1089,31,Front/Back,157.83,152.83,180.0,180.0,135.24,121.21,107.73,120.12
1089,32,Front/Back,180.0,157.23,180.0,180.0,144.23,124.12,94.47,109.8
1090,1,Front/Back,105.07,180.0,123.66,180.0,109.05,148.7,115.16,95.03
1090,2,Front/Back,102.87,180.0,110.68,180.0,110.48,148.7,115.9,97.7
1090,3,Front/Back,100.75,180.0,106.59,180.0,111.02,150.26,124.31,100.56
1090,4,Front/Back,97.89,180.0,128.32,180.0,113.24,151.88,140.07,108.46
1090,5,Front/Back,96.53,180.0,127.1,180.0,115.83,151.88,146.4,113.75
1090,6,Front/Back,94.43,180.0,125.13,180.0,125.7,159.83,134.02,116.42
1090,7,Front/Back,95.11,180.0,124.71,180.0,124.71,160.39,154.31,120.13
1090,8,Front/Back,97.84,180.0,126.3,169.98,116.58,154.28,145.05,118.98
1090,9,Front/Back,101.0,180.0,128.28,130.36,116.78,153.49,144.06,122.23
1090,10,Front/Back,105.76,180.0,131.94,124.33,118.39,156.39,144.57,135.69
1090,11,Front/Back,108.87,180.0,133.76,124.55,119.07,161.87,143.96,140.73
1090,12,Front/Back,107.71,180.0,123.93,118.71,118.82,155.62,143.58,133.13
1090,13,Front/Back,107.22,180.0,96.99,117.6,124.34,151.16,149.23,130.97
1090,14,Front/Back,105.35,165.57,88.42,103.22,121.32,147.72,147.37,130.35
1090,15,Front/Back,106.39,165.57,87.09,108.55,120.6,145.5,147.88,128.87
1090,16,Front/Back,107.72,180.0,88.89,129.91,118.46,144.22,145.74,128.1
1090,17,Front/Back,107.62,179.99,89.46,133.76,118.43,141.32,144.48,121.99
1090,18,Front/Back,107.49,174.09,90.53,130.28,115.4,140.88,141.58,119.98
1090,19,Front/Back,107.42,173.13,89.86,132.07,114.81,140.09,141.11,116.61
1090,20,Front/Back,107.34,180.0,91.14,155.15,112.21,139.72,137.33,114.81
1090,21,Front/Back,107.29,172.17,92.98,155.57,109.1,138.23,134.21,114.75
1090,22,Front/Back,109.34,166.96,88.08,135.64,114.92,140.56,138.7,119.78
1090,23,Front/Back,114.76,160.79,95.49,126.98,122.88,143.03,143.84,122.12
1090,24,Front/Back,119.76,161.74,102.01,132.84,133.05,147.39,152.29,128.67
1090,25,Front/Back,128.01,166.35,119.04,136.69,143.69,150.35,161.29,139.49
1090,26,Front/Back,179.98,179.98,179.98,179.97,179.98,179.98,179.98,179.98
1090,27,Front/Back,130.52,174.08,126.13,157.12,147.82,168.14,167.06,150.65
1090,28,Front/Back,122.83,180.0,117.6,156.83,138.37,153.81,162.15,124.27
1090,29,Front/Back,115.34,180.0,117.81,160.39,132.22,148.41,161.01,125.91
1090,30,Front/Back,109.54,180.0,130.19,172.08,126.34,146.35,158.32,121.85
1090,31,Front/Back,104.13,180.0,130.07,180.0,141.09,143.34,180.0,117.79
1090,32,Front/Back,110.27,180.0,119.65,172.08,126.96,138.36,165.86,115.86
1090,33,Front/Back,120.79,180.0,149.66,163.03,114.89,139.46,143.76,107.43
1090,34,Front/Back,119.23,180.0,148.11,162.75,111.17,143.1,140.04,96.05
1090,35,Front/Back,102.97,180.0,135.89,158.43,107.34,140.61,122.59,95.68
1091,1,Front/Back,157.33,154.09,158.22,139.17,118.49,143.22,102.46,129.69
1091,2,Front/Back,159.28,153.01,180.0,135.76,121.84,137.36,103.85,136.04
1091,3,Front/Back,137.48,130.12,156.05,120.68,124.0,132.96,104.36,139.57
1091,4,Front/Back,148.33,138.49,157.44,131.81,130.72,125.37,106.5,130.59
1091,5,Front/Back,147.5,162.32,156.61,159.61,132.11,140.3,108.5,129.89
1091,6,Front/Back,161.95,162.89,161.95,175.22,139.87,148.56,107.15,140.26
1091,7,Front/Back,140.55,163.5,134.81,163.5,130.41,164.45,117.69,139.73
1091,8,Front/Back,133.28,127.51,112.26,147.55,135.74,159.96,123.4,152.17
1091,9,Front/Back,129.73,133.67,107.75,146.04,138.48,146.49,137.51,134.52
1091,10,Front/Back,140.29,140.78,120.69,131.5,144.61,154.09,148.02,161.99
1091,11,Front/Back,179.98,179.98,179.97,179.97,179.98,179.98,179.98,179.98
1091,12,Front/Back,179.99,151.61,128.19,126.65,170.96,171.08,151.89,145.86
1091,13,Front/Back,149.38,130.86,111.1,109.06,158.94,167.37,142.02,145.86
1091,14,Front/Back,153.43,126.98,109.82,110.49,162.86,164.51,133.17,159.3
1091,15,Front/Back,155.8,128.16,118.3,117.61,146.49,171.5,111.2,157.65
1091,16,Front/Back,148.05,134.05,129.5,133.6,145.52,156.42,107.81,161.36
1091,17,Front/Back,149.97,152.67,125.69,180.0,146.03,152.67,108.32,175.83
1091,18,Front/Back,148.05,142.08,120.33,151.0,140.15,171.08,102.55,180.0
1091,19,Front/Back,145.7,161.75,115.32,180.0,137.65,161.75,100.25,180.0
1091,20,Front/Back,145.7,154.04,113.3,163.32,135.68,159.6,98.28,168.88
1091,21,Front/Back,149.55,155.13,107.74,134.73,148.51,164.77,113.57,164.77
1091,22,Front/Back,140.53,148.88,97.59,113.9,156.9,163.26,119.19,163.26
1091,23,Front/Back,139.0,135.42,89.22,84.93,140.98,167.6,111.12,167.6
1091,24,Front/Back,142.42,141.24,98.06,91.38,144.5,168.83,111.98,168.83
1091,25,Front/Back,161.49,157.28,132.09,107.13,145.1,180.0,122.23,180.0
1091,26,Front/Back,176.82,157.21,180.0,157.21,169.37,180.0,142.69,180.0
1091,27,Front/Back,180.0,162.87,155.49,152.63,167.1,180.0,132.17,172.76
1091,28,Front/Back,132.27,162.32,119.82,138.32,141.43,162.32,126.8,151.9
1091,29,Front/Back,168.08,158.21,134.8,135.42,148.79,158.21,123.01,145.68
1091,30,Front/Back,164.57,149.78,138.93,144.78,140.76,149.78,116.46,148.97
1091,31,Front/Back,159.85,148.42,135.76,159.09,130.55,148.42,113.92,138.02
1091,32,Front/Back,163.86,150.1,180.0,145.56,132.86,131.0,95.9,121.28
1092,1,Front/Back,180.0,180.0,180.0,153.74,157.42,164.88,118.62,119.62
1092,2,Front/Back,121.16,180.0,145.58,166.37,132.77,161.52,115.01,113.33
1092,3,Front/Back,121.88,180.0,144.34,166.37,130.38,153.82,111.69,105.65
1092,4,Front/Back,119.76,180.0,142.23,169.34,132.29,155.58,105.79,107.41
1092,5,Front/Back,115.59,169.6,138.05,180.0,128.27,142.76,100.07,103.58
1092,6,Front/Back,141.66,180.0,144.05,180.0,148.34,151.21,95.69,100.31
1092,7,Front/Back,155.52,180.0,155.52,145.0,160.6,154.71,112.68,108.04
1092,8,Front/Back,169.57,180.0,169.57,157.59,163.17,156.72,124.91,117.8
1092,9,Front/Back,166.51,180.0,138.25,180.0,170.41,168.66,138.11,135.12
1092,10,Front/Back,160.37,162.6,145.26,162.6,170.01,164.68,147.21,142.51
1092,11,Front/Back,179.98,179.98,179.97,179.97,179.98,179.98,179.98,179.98
1092,12,Front/Back,162.74,155.67,129.15,141.77,180.0,170.47,168.37,169.01
1092,13,Front/Back,152.84,180.0,124.57,145.89,161.9,180.0,141.87,158.06
1092,14,Front/Back,158.67,180.0,118.41,141.67,161.92,180.0,136.16,153.34
1092,15,Front/Back,155.96,174.87,132.18,151.82,169.5,174.87,139.18,149.5
1092,16,Front/Back,143.09,169.49,143.09,166.37,179.99,169.49,145.66,144.09
1092,17,Front/Back,137.39,171.31,137.39,180.0,170.41,171.31,130.26,137.2
1092,18,Front/Back,145.18,180.0,147.85,180.0,177.33,180.0,134.82,133.96
1092,19,Front/Back,146.07,180.0,146.07,180.0,180.0,180.0,131.74,132.13
1092,20,Front/Back,138.05,180.0,138.05,177.63,172.37,174.32,119.81,122.17
1092,21,Front/Back,143.62,169.66,135.45,155.09,164.05,168.32,107.5,112.15
1092,22,Front/Back,138.94,180.0,120.32,139.38,163.58,167.56,113.9,116.66
1092,23,Front/Back,139.33,180.0,114.73,136.96,160.25,160.44,116.74,116.75
1092,24,Front/Back,145.91,180.0,148.3,136.32,163.88,166.91,130.01,125.67
1092,25,Front/Back,150.27,180.0,152.1,140.57,157.87,166.35,137.39,130.44
1092,26,Front/Back,154.62,180.0,141.64,147.98,152.43,165.88,164.05,135.72
1092,27,Front/Back,158.63,180.0,131.48,180.0,151.08,161.69,141.39,131.19
1092,28,Front/Back,155.96,180.0,118.44,180.0,148.9,159.7,139.21,128.47
1092,29,Front/Back,159.58,180.0,125.14,180.0,148.7,158.81,130.41,134.06
1092,30,Front/Back,163.61,180.0,135.34,180.0,146.9,161.32,128.61,134.05
1092,31,Front/Back,165.36,180.0,180.0,160.3,142.37,161.39,135.46,126.05
1092,32,Front/Back,148.49,180.0,160.24,153.01,139.5,158.7,124.08,116.67
1092,33,Front/Back,145.78,180.0,163.33,155.25,141.67,156.24,115.12,108.36
1092,34,Front/Back,148.3,180.0,165.85,180.0,141.6,146.85,108.34,90.94
1093,1,Front/Back,168.66,180.0,180.0,170.93,145.29,143.81,116.15,102.03
1093,2,Front/Back,139.58,169.74,159.89,169.74,133.59,143.4,123.78,105.61
1093,3,Front/Back,161.41,159.84,180.0,159.84,135.05,143.32,129.77,113.18
1093,4,Front/Back,165.78,180.0,180.0,160.53,144.21,143.28,154.49,120.86
1093,5,Front/Back,161.51,170.47,171.08,170.47,146.17,136.21,159.84,126.58
1093,6,Front/Back,165.5,180.0,166.18,180.0,165.5,180.0,180.0,153.6
1093,7,Front/Back,179.97,179.97,179.97,179.97,179.98,179.98,179.97,179.98
1093,8,Front/Back,159.46,180.0,162.01,150.37,159.46,156.99,180.0,148.16
1093,9,Front/Back,163.23,170.47,166.37,170.47,163.23,154.76,180.0,147.19
1093,10,Front/Back,161.29,165.54,180.0,165.54,161.29,154.51,174.78,142.06
1093,11,Front/Back,153.49,167.44,180.0,167.44,153.49,156.5,180.0,135.95
1093,12,Front/Back,164.05,153.1,164.05,142.68,155.64,151.84,155.64,133.23
1093,13,Front/Back,159.79,141.0,159.79,122.63,156.03,149.95,156.03,117.03
1093,14,Front/Back,151.27,143.06,151.27,108.0,165.66,151.98,136.99,107.75
1093,15,Front/Back,150.34,148.74,150.34,112.1,165.66,137.63,132.7,98.43
1093,16,Front/Back,143.11,161.06,143.11,161.05,166.76,136.39,132.48,96.72
1093,17,Front/Back,132.92,162.68,140.3,131.93,163.98,147.03,142.37,110.08
1093,18,Front/Back,147.46,146.56,147.46,159.12,180.0,149.64,153.73,126.7
1093,19,Front/Back,131.64,145.52,147.46,158.1,164.17,151.75,165.27,136.08
1093,20,Front/Back,134.6,149.2,133.05,149.2,170.16,180.0,180.0,153.48
1093,21,Front/Back,134.04,180.0,135.33,166.78,160.44,180.0,156.45,155.44
1093,22,Front/Back,158.72,158.4,150.55,173.11,158.72,158.4,152.82,152.16
1093,23,Front/Back,158.72,164.62,155.62,180.0,158.72,164.62,154.05,146.96
1093,24,Front/Back,158.92,180.0,180.0,137.51,158.92,176.69,155.77,145.12
1093,25,Front/Back,161.62,180.0,180.0,139.36,161.62,157.3,158.06,130.9
1093,26,Front/Back,153.81,176.78,180.0,154.67,153.81,145.74,168.27,124.47
1093,27,Front/Back,152.59,176.99,180.0,173.11,152.59,162.1,164.97,124.63
1093,28,Front/Back,156.68,170.92,180.0,161.82,143.44,153.53,148.32,117.14
1093,29,Front/Back,152.29,180.0,180.0,143.36,152.29,144.82,154.33,98.18
1093,30,Front/Back,158.25,180.0,180.0,145.61,137.22,146.6,125.68,98.94
1094,1,Front/Back,125.82,180.0,151.29,180.0,124.31,130.68,149.77,130.68
1094,2,Front/Back,130.81,180.0,151.61,180.0,125.21,132.49,146.0,132.49
1094,3,Front/Back,179.06,180.0,180.0,180.0,149.58,138.19,134.87,138.19
1094,4,Front/Back,143.78,180.0,144.72,180.0,149.58,149.25,150.52,149.25
1094,5,Front/Back,149.96,163.55,149.97,132.89,161.35,158.36,144.29,158.36
1094,6,Front/Back,179.98,179.97,179.97,179.97,179.98,179.98,179.97,179.97
1094,7,Front/Back,103.54,180.0,100.59,127.77,150.33,161.63,180.0,161.63
1094,8,Front/Back,94.97,122.85,79.36,90.22,146.73,164.66,180.0,180.0
1094,9,Front/Back,90.97,118.67,72.46,90.15,145.06,164.66,180.0,180.0
1094,10,Front/Back,94.96,133.59,77.11,92.36,150.47,180.0,180.0,180.0
1094,11,Front/Back,95.9,147.9,117.79,125.2,148.54,160.06,180.0,160.06
1094,12,Front/Back,109.47,180.0,112.34,154.03,148.47,136.69,180.0,136.69
1094,13,Front/Back,116.52,180.0,116.57,150.02,141.48,134.06,162.34,134.06
1094,14,Front/Back,130.11,180.0,140.14,153.93,125.94,137.06,135.98,137.06
1094,15,Front/Back,117.9,180.0,138.78,158.54,114.73,131.58,135.61,131.58
1094,16,Front/Back,122.79,180.0,143.46,158.66,110.08,138.11,130.76,138.11
1094,17,Front/Back,118.57,180.0,123.7,144.88,111.74,143.4,129.81,143.4
1094,18,Front/Back,128.68,180.0,138.92,150.48,109.3,147.24,119.56,147.24
1094,19,Front/Back,120.12,180.0,141.0,151.7,105.12,142.46,126.0,142.46
1094,20,Front/Back,118.95,180.0,144.51,179.99,107.74,149.25,133.3,149.25
1094,21,Front/Back,124.83,180.0,155.93,180.0,108.8,140.01,139.9,140.01
1094,22,Front/Back,111.18,180.0,136.74,153.14,110.34,139.02,135.9,139.02
1094,23,Front/Back,136.54,180.0,105.38,129.15,125.65,134.59,135.9,134.59
1094,24,Front/Back,152.87,165.25,105.49,125.29,132.5,140.8,132.5,155.56
1094,25,Front/Back,171.71,158.43,129.19,131.16,132.72,146.08,132.72,167.65
1094,26,Front/Back,154.68,161.4,150.98,144.88,154.66,148.87,179.99,167.47
1094,27,Front/Back,159.49,169.99,150.98,165.09,138.58,150.05,159.09,160.06
1094,28,Front/Back,170.28,180.0,157.45,180.0,136.28,180.0,146.0,180.0
1094,29,Front/Back,180.0,180.0,180.0,180.0,125.32,136.99,125.32,136.99
1095,1,Front/Back,180.0,155.59,119.48,180.0,138.84,122.48,104.73,123.94
1095,2,Front/Back,180.0,160.43,126.64,180.0,153.54,131.49,117.63,117.79
1095,3,Front/Back,180.0,180.0,118.85,180.0,159.34,140.43,120.92,107.16
1095,4,Front/Back,180.0,180.0,117.92,180.0,151.03,141.89,110.8,105.77
1095,5,Front/Back,180.0,160.43,121.32,147.8,144.68,122.16,115.98,141.73
1095,6,Front/Back,180.0,180.0,131.27,168.1,180.0,134.54,151.3,134.54
1095,7,Front/Back,164.03,158.23,117.46,158.23,164.03,132.16,180.0,132.16
1095,8,Front/Back,179.99,122.51,113.49,147.51,168.02,114.05,168.03,139.05
1095,9,Front/Back,180.0,124.22,115.57,146.66,153.98,115.8,134.72,138.24
1095,10,Front/Back,180.0,130.21,130.48,149.78,147.78,135.38,128.51,124.86
1095,11,Front/Back,180.0,161.03,138.32,161.03,151.03,142.24,132.02,112.4
1095,12,Front/Back,180.0,150.56,134.29,150.56,152.02,139.93,131.8,106.81
1095,13,Front/Back,180.0,147.19,133.13,147.19,149.54,141.29,127.48,115.72
1095,14,Front/Back,180.0,180.0,132.12,180.0,147.0,137.93,117.74,96.69
1095,15,Front/Back,180.0,180.0,129.07,175.75,132.54,140.8,103.25,122.74
1095,16,Front/Back,180.0,180.0,123.13,180.0,139.03,136.65,100.91,119.11
1095,17,Front/Back,180.0,172.56,114.13,172.56,157.17,138.54,123.06,128.52
1095,18,Front/Back,180.0,148.47,106.37,148.47,163.46,141.64,137.29,125.72
1095,19,Front/Back,180.0,142.29,113.62,142.29,180.0,135.38,153.16,135.38
1095,20,Front/Back,180.0,115.15,146.23,142.69,171.81,138.33,171.81,165.86
1095,21,Front/Back,179.97,179.98,179.97,179.97,179.98,179.98,179.98,179.98
1095,22,Front/Back,151.99,150.33,129.28,150.33,168.03,158.25,156.65,146.33
1095,23,Front/Back,180.0,156.34,123.13,156.34,162.94,149.07,141.38,136.61
1095,24,Front/Back,180.0,180.0,129.55,159.55,162.98,140.22,132.33,140.22
1095,25,Front/Back,180.0,180.0,136.52,164.51,153.77,137.4,120.6,118.66
1096,1,Front/Back,146.52,180.0,169.85,180.0,146.52,140.05,180.0,140.05
1096,2,Front/Back,147.53,180.0,167.65,180.0,147.53,141.84,159.8,141.84
1096,3,Front/Back,172.03,167.14,166.37,180.0,141.49,132.94,149.46,145.8
1096,4,Front/Back,180.0,180.0,152.56,180.0,154.16,161.98,151.56,149.73
1096,5,Front/Back,180.0,170.64,155.28,180.0,157.13,161.94,157.13,166.13
1096,6,Front/Back,180.0,167.14,158.94,180.0,160.74,167.14,160.74,176.35
1096,7,Front/Back,179.98,179.97,179.97,179.96,179.98,179.98,179.98,179.98
1096,8,Front/Back,139.82,159.61,130.36,137.81,159.68,170.48,180.0,170.48
1096,9,Front/Back,144.18,157.39,127.96,157.39,159.55,162.36,167.18,162.36
1096,10,Front/Back,166.15,160.84,166.15,160.84,166.19,163.43,166.19,163.43
1096,11,Front/Back,180.0,180.0,180.0,180.0,180.0,159.55,174.51,150.49
1096,12,Front/Back,159.57,162.1,180.0,180.0,159.57,162.1,161.41,156.7
1096,13,Front/Back,163.21,164.01,180.0,180.0,163.21,153.28,160.33,169.27
1096,14,Front/Back,163.21,163.72,180.0,180.0,163.21,147.79,157.18,152.88
1096,15,Front/Back,165.32,166.06,180.0,180.0,165.32,140.98,160.73,145.87
1096,16,Front/Back,156.2,180.0,180.0,180.0,156.2,133.03,165.2,112.96
1096,17,Front/Back,166.49,173.28,166.49,173.28,180.0,142.31,158.94,142.31
1096,18,Front/Back,159.48,157.59,159.48,125.47,180.0,154.67,158.25,137.97
1096,19,Front/Back,165.81,158.3,149.2,132.23,180.0,157.62,152.62,150.04
1096,20,Front/Back,167.82,135.53,180.0,151.52,167.82,153.14,156.05,157.03
1096,21,Front/Back,165.26,163.85,180.0,180.0,165.26,163.85,151.4,170.06
1096,22,Front/Back,159.49,130.0,180.0,152.95,159.49,152.36,155.63,175.31
1096,23,Front/Back,144.43,138.05,142.18,145.17,158.03,152.18,165.77,173.53
1096,24,Front/Back,172.03,165.93,162.56,180.0,172.03,156.47,169.54,170.54
1096,25,Front/Back,159.94,165.93,180.0,180.0,159.94,165.93,169.69,180.0
1096,26,Front/Back,160.11,152.4,180.0,180.0,160.11,152.4,157.52,151.73
1096,27,Front/Back,149.18,144.37,180.0,180.0,149.18,144.37,151.4,145.16
1096,28,Front/Back,142.43,148.78,180.0,180.0,142.43,148.78,165.52,140.67
1097,1,Front/Back,160.3,159.71,156.73,180.0,137.46,126.53,129.39,146.82
1097,2,Front/Back,124.12,148.68,140.39,152.53,139.26,123.17,125.49,154.48
1097,3,Front/Back,129.33,147.47,148.79,180.0,160.54,125.09,145.14,157.61
1097,4,Front/Back,132.49,151.04,148.68,180.0,163.8,126.86,146.78,155.81
1097,5,Front/Back,150.2,153.71,151.65,180.0,158.99,136.62,156.03,162.9
1097,6,Front/Back,179.98,179.97,179.97,179.97,179.98,179.98,179.98,179.98
1097,7,Front/Back,138.32,146.95,124.21,151.15,166.26,163.6,160.61,171.84
1097,8,Front/Back,120.2,150.64,137.67,159.21,162.52,157.54,159.62,166.11
1097,9,Front/Back,125.66,160.44,130.45,171.54,166.73,154.83,155.31,165.93
1097,10,Front/Back,132.8,168.9,126.4,180.0,163.7,154.31,155.79,165.41
1097,11,Front/Back,137.76,172.13,153.56,180.0,164.2,153.26,164.05,161.13
1097,12,Front/Back,126.01,167.93,143.99,180.0,162.03,144.02,161.81,156.1
1097,13,Front/Back,126.48,170.59,121.54,180.0,160.1,139.66,153.1,149.07
1097,14,Front/Back,124.73,180.0,123.65,180.0,160.3,147.57,151.59,147.57
1097,15,Front/Back,126.07,180.0,130.67,180.0,155.49,145.35,146.08,145.35
1097,16,Front/Back,135.62,180.0,161.45,180.0,154.17,142.9,133.02,142.9
1097,17,Front/Back,120.14,180.0,149.83,180.0,150.32,146.13,145.14,146.13
1097,18,Front/Back,119.33,166.76,135.97,180.0,148.03,137.59,148.85,150.83
1097,19,Front/Back,116.57,156.84,128.38,166.46,145.83,133.62,149.97,156.78
1097,20,Front/Back,124.19,151.28,151.85,180.0,138.46,136.16,143.86,164.88
1097,21,Front/Back,125.02,150.81,159.28,180.0,145.73,138.93,167.13,168.12
1097,22,Front/Back,94.13,150.95,129.29,161.8,144.84,137.35,168.72,166.4
1097,23,Front/Back,88.65,151.15,118.48,146.29,144.2,141.35,167.27,170.19
1097,24,Front/Back,87.47,152.53,103.0,143.45,142.69,141.59,152.17,169.05
1097,25,Front/Back,92.51,138.26,113.8,149.19,144.09,141.17,139.14,168.34
1097,26,Front/Back,102.39,155.74,128.82,180.0,153.57,140.96,139.08,165.22
1097,27,Front/Back,112.29,154.34,138.91,164.99,153.39,133.34,148.45,159.0
1097,28,Front/Back,107.29,155.94,120.73,180.0,152.17,128.71,148.45,152.77
1097,29,Front/Back,112.43,156.17,117.91,180.0,134.4,125.02,134.23,148.85
1097,30,Front/Back,123.58,156.1,122.63,180.0,129.06,121.44,121.63,145.34
1097,31,Front/Back,134.6,159.52,158.0,180.0,128.13,122.68,113.76,143.16
1098,1,Front/Back,141.26,142.44,135.9,180.0,141.26,126.22,180.0,163.77
1098,2,Front/Back,146.75,147.12,135.2,167.63,132.08,130.9,165.32,163.77
1098,3,Front/Back,149.67,152.49,129.72,149.07,130.86,136.66,161.19,164.16
1098,4,Front/Back,145.03,152.25,122.97,141.16,128.02,145.42,154.82,159.25
1098,5,Front/Back,163.67,165.23,147.68,155.6,159.23,153.74,175.56,168.51
1098,6,Front/Back,179.97,179.97,179.97,179.96,179.97,179.97,179.97,179.97
1098,7,Front/Back,142.22,155.74,115.57,116.29,170.58,164.63,179.99,164.63
1098,8,Front/Back,132.96,148.83,92.57,99.23,171.53,161.61,180.0,145.79
1098,9,Front/Back,126.51,141.93,80.24,123.94,164.82,158.61,180.0,158.61
1098,10,Front/Back,123.26,135.81,80.82,135.81,165.49,155.96,180.0,155.96
1098,11,Front/Back,121.34,137.54,92.84,137.54,160.3,151.74,180.0,151.74
1098,12,Front/Back,121.01,137.49,94.5,137.49,160.3,151.36,180.0,151.36
1098,13,Front/Back,112.49,137.49,93.0,137.49,157.68,140.17,180.0,140.17
1098,14,Front/Back,109.84,137.49,92.44,137.49,157.68,138.36,173.04,138.36
1098,15,Front/Back,108.11,149.88,93.62,129.83,155.75,139.93,180.0,139.93
1098,16,Front/Back,107.24,149.56,95.61,137.2,131.55,139.55,153.87,139.55
1098,17,Front/Back,102.73,135.43,74.08,109.53,130.18,139.42,156.22,139.42
1098,18,Front/Back,115.26,132.13,68.74,88.87,133.05,139.42,155.37,129.69
1098,19,Front/Back,119.95,114.07,73.05,78.01,151.23,124.94,180.0,123.51
1098,20,Front/Back,145.46,110.82,107.58,86.88,151.23,121.62,180.0,116.86
1098,21,Front/Back,149.67,109.98,131.99,112.67,149.67,118.57,180.0,114.81
1098,22,Front/Back,144.33,129.65,133.92,140.33,144.33,131.86,180.0,114.38
1098,23,Front/Back,140.05,118.28,139.47,148.83,140.05,132.41,180.0,134.25
1098,24,Front/Back,135.06,118.86,142.35,157.52,135.06,141.34,180.0,151.15
1099,1,Front/Back,180.0,157.96,142.41,157.96,143.61,140.99,118.08,120.25
1099,2,Front/Back,180.0,120.52,138.28,137.05,148.94,127.65,125.23,129.63
1099,3,Front/Back,180.0,139.39,135.27,139.39,153.56,139.12,126.02,128.73
1099,4,Front/Back,180.0,153.53,136.49,153.53,146.16,142.05,124.55,142.05
1099,5,Front/Back,180.0,156.09,140.66,156.09,153.67,146.58,131.93,146.58
1099,6,Front/Back,141.6,180.0,131.58,180.0,143.76,150.16,153.07,150.16
1099,7,Front/Back,123.69,140.2,109.73,153.44,132.06,148.58,157.8,161.82
1099,8,Front/Back,125.47,104.99,103.65,136.65,138.17,132.99,165.0,164.65
1099,9,Front/Back,122.6,108.09,101.93,137.41,141.75,129.28,165.71,158.59
1099,10,Front/Back,145.79,127.75,111.12,143.7,163.75,127.39,163.75,152.63
1099,11,Front/Back,149.81,180.0,149.81,180.0,152.65,140.7,152.65,140.7
1099,12,Front/Back,144.27,150.99,109.67,137.98,180.0,134.79,154.76,155.44
1099,13,Front/Back,142.51,146.88,99.82,120.76,180.0,138.5,152.79,159.15
1099,14,Front/Back,160.7,166.17,116.56,117.16,180.0,143.35,150.96,143.35
1099,15,Front/Back,180.0,157.8,133.94,127.52,167.64,139.55,135.44,139.55
1099,16,Front/Back,165.97,140.62,165.97,140.62,148.56,155.03,119.3,137.56
1099,17,Front/Back,157.1,152.07,139.66,152.07,138.49,152.49,109.29,145.14
1099,18,Front/Back,161.34,146.76,137.8,146.76,141.06,151.96,111.92,144.61
1099,19,Front/Back,172.81,148.08,146.3,148.08,142.25,140.51,113.21,133.16
1099,20,Front/Back,180.0,152.6,145.46,152.6,145.75,135.51,115.09,135.51
1099,21,Front/Back,180.0,144.27,127.26,144.27,180.0,149.12,146.43,149.12
1099,22,Front/Back,167.62,133.09,120.5,133.09,167.62,154.57,152.1,154.57
1099,23,Front/Back,136.26,122.61,101.22,131.07,164.43,159.59,156.41,168.04
1099,24,Front/Back,126.69,111.62,99.55,132.44,163.01,159.18,160.6,180.0
1099,25,Front/Back,166.61,144.28,128.79,136.05,171.53,163.04,154.25,180.0
1099,26,Front/Back,180.0,137.94,165.3,154.91,180.0,163.03,166.26,180.0
1099,27,Front/Back,145.35,134.91,148.38,153.89,176.97,161.01,154.37,180.0
1099,28,Front/Back,133.23,135.51,124.22,131.13,164.98,161.01,150.87,180.0
1099,29,Front/Back,151.49,140.99,146.58,135.91,164.98,142.73,156.3,159.7
1099,30,Front/Back,179.97,179.98,179.97,179.97,179.98,179.98,179.98,179.98
1099,31,Front/Back,180.0,180.0,180.0,180.0,150.41,158.09,126.71,132.48
1099,32,Front/Back,180.0,144.73,151.55,144.73,155.29,145.86,117.58,116.15
1100,1,Front/Back,132.2,109.73,157.34,147.88,147.02,128.34,140.75,150.44
1100,2,Front/Back,119.35,109.63,148.64,148.65,142.88,131.64,138.14,146.5
1100,3,Front/Back,112.33,118.46,146.06,157.59,139.12,140.88,135.75,146.43
1100,4,Front/Back,107.0,120.32,149.3,160.2,137.7,140.12,138.14,143.5
1100,5,Front/Back,107.79,129.82,150.79,169.7,137.0,140.12,134.59,140.4
1100,6,Front/Back,112.15,140.12,156.43,180.0,135.72,140.12,130.09,138.99
1100,7,Front/Back,101.27,108.2,145.8,144.88,135.47,133.58,133.46,132.11
1100,8,Front/Back,131.56,111.33,151.25,144.54,139.75,136.73,115.3,131.79
1100,9,Front/Back,135.24,122.98,150.12,151.22,137.17,131.9,111.81,126.69
1100,10,Front/Back,106.05,125.01,139.81,152.36,146.24,132.64,146.23,139.15
1100,11,Front/Back,122.18,145.96,144.56,165.22,157.63,143.32,150.8,150.26
1100,12,Front/Back,124.76,140.8,143.74,159.04,161.02,137.42,154.11,155.66
1100,13,Front/Back,131.25,159.98,145.8,159.98,165.45,136.29,161.4,136.29
1100,14,Front/Back,143.54,158.31,143.54,158.31,171.66,139.17,149.02,139.17
1100,15,Front/Back,125.59,118.65,137.16,141.63,160.13,157.02,150.38,180.0
1100,16,Front/Back,137.65,138.19,133.15,136.86,167.06,164.84,162.35,172.88
1100,17,Front/Back,121.5,127.35,142.8,150.02,158.7,140.69,156.9,163.37
1100,18,Front/Back,131.16,129.57,135.62,147.89,155.13,161.67,150.68,180.0
1100,19,Front/Back,115.66,119.85,140.41,134.88,155.26,164.97,141.76,156.47
1100,20,Front/Back,123.1,132.32,133.83,145.13,169.27,167.19,141.52,145.73
1100,21,Front/Back,129.15,165.29,129.15,180.0,180.0,148.21,137.63,131.35
1100,22,Front/Back,129.08,154.82,129.08,142.69,180.0,180.0,138.94,145.03
1100,23,Front/Back,121.26,155.05,136.72,155.05,160.73,135.13,144.77,135.13
1100,24,Front/Back,141.2,149.48,141.2,149.48,180.0,137.48,139.48,137.48
1100,25,Front/Back,138.51,149.8,138.51,116.08,180.0,145.31,147.21,145.31
1100,26,Front/Back,118.51,134.15,145.11,153.77,153.4,150.96,180.0,170.59
1100,27,Front/Back,137.34,148.85,149.97,154.99,167.37,157.89,166.58,168.29
1100,28,Front/Back,179.98,179.98,179.97,179.97,179.98,179.98,179.97,179.98
1100,29,Front/Back,159.87,172.76,159.87,175.96,180.0,168.96,180.0,162.86
1100,30,Front/Back,154.28,161.6,168.83,180.0,165.45,152.76,160.77,171.16
1100,31,Front/Back,144.74,145.25,168.16,180.0,144.75,145.25,149.29,168.66
1100,32,Front/Back,105.02,138.34,121.29,144.24,138.52,138.34,146.37,158.43
1100,33,Front/Back,100.78,114.42,141.4,156.86,139.39,137.57,142.35,147.99
1101,1,Front/Back,154.39,167.32,180.0,145.71,120.71,143.9,110.23,93.18
1101,2,Front/Back,150.64,160.64,162.71,148.08,121.36,132.54,112.49,99.95
1101,3,Front/Back,144.0,155.35,175.87,144.16,119.5,131.96,113.68,104.18
1101,4,Front/Back,142.04,144.26,172.4,151.88,120.39,131.08,115.26,106.08
1101,5,Front/Back,143.03,134.06,180.0,150.49,126.71,131.31,121.86,109.33
1101,6,Front/Back,155.44,141.21,180.0,150.36,125.68,130.16,107.76,111.91
1101,7,Front/Back,158.39,146.47,180.0,157.4,132.28,142.48,114.19,101.3
1101,8,Front/Back,146.15,174.48,174.56,145.52,134.27,152.48,138.69,106.47
1101,9,Front/Back,145.75,180.0,173.92,144.91,137.45,157.91,148.8,113.57
1101,10,Front/Back,144.27,154.79,159.92,120.93,139.7,154.6,155.34,122.47
1101,11,Front/Back,152.19,153.12,161.78,134.14,147.18,147.88,156.77,141.87
1101,12,Front/Back,159.59,159.65,159.59,129.78,156.77,154.79,156.77,154.79
1101,13,Front/Back,143.87,162.97,143.87,133.94,156.67,158.53,156.67,158.53
1101,14,Front/Back,166.83,164.59,166.83,136.57,161.53,154.38,161.53,154.38
1101,15,Front/Back,180.0,180.0,180.0,158.57,158.69,147.75,158.69,147.75
1101,16,Front/Back,180.0,180.0,169.6,167.3,160.67,154.48,160.67,154.48
1101,17,Front/Back,180.0,166.5,154.76,136.2,158.02,148.39,158.02,148.39
1101,18,Front/Back,180.0,180.0,180.0,163.95,151.16,145.45,151.16,145.45
1101,19,Front/Back,180.0,180.0,180.0,159.67,151.94,146.98,134.35,146.98
1101,20,Front/Back,165.9,176.96,163.79,159.27,143.7,146.98,127.13,146.98
1101,21,Front/Back,163.74,180.0,180.0,180.0,148.86,157.24,117.79,140.64
1101,22,Front/Back,180.0,173.54,180.0,149.98,157.77,155.89,107.81,137.13
1101,23,Front/Back,180.0,180.0,180.0,152.29,158.22,166.4,102.84,132.34
1101,24,Front/Back,180.0,180.0,180.0,148.5,150.57,162.6,99.33,127.45
1101,25,Front/Back,171.85,179.99,159.2,152.21,147.26,156.63,98.84,136.26
1101,26,Front/Back,168.46,163.37,160.54,146.34,139.5,146.98,95.86,126.99
1101,27,Front/Back,168.46,168.05,157.73,149.28,140.55,145.34,103.7,144.69
1101,28,Front/Back,171.83,162.94,164.25,135.05,145.56,154.07,111.48,154.07
1101,29,Front/Back,168.46,164.51,180.0,141.02,143.67,159.1,124.55,159.1
1101,30,Front/Back,171.85,167.0,180.0,143.64,147.41,157.42,139.62,157.42
1101,31,Front/Back,171.91,180.0,180.0,145.68,147.73,150.93,155.82,150.93
1101,32,Front/Back,154.47,155.43,125.61,119.17,153.23,153.79,161.32,153.79
1101,33,Front/Back,158.27,149.68,121.54,107.54,166.58,160.12,166.58,160.12
1101,34,Front/Back,162.32,149.8,120.4,107.98,179.99,165.33,179.99,165.33
1101,35,Front/Back,171.85,162.69,141.04,128.17,171.85,180.0,180.0,171.61
1101,36,Front/Back,179.98,179.98,179.97,179.97,179.98,179.98,179.98,179.98
1101,37,Front/Back,180.0,171.51,167.97,152.03,163.94,171.51,153.19,148.15
1101,38,Front/Back,172.17,168.49,150.38,145.56,153.91,168.49,155.95,138.44
1101,39,Front/Back,165.96,145.68,145.1,129.04,142.8,149.23,136.25,118.71
1101,40,Front/Back,160.09,159.56,157.31,127.4,134.15,150.82,126.84,100.6
1101,41,Front/Back,155.5,167.98,164.83,150.01,129.44,137.97,119.78,95.88
1101,42,Front/Back,158.63,168.49,157.23,144.82,135.27,141.17,112.9,92.95
1102,1,Front/Back,110.57,135.58,151.18,147.08,123.42,110.83,115.38,113.68
1102,2,Front/Back,112.34,114.73,151.87,150.57,123.43,114.19,117.13,114.94
1102,3,Front/Back,128.55,122.78,146.39,146.96,119.35,117.97,109.47,108.54
1102,4,Front/Back,129.2,115.72,162.3,149.32,127.09,122.54,122.8,128.56
1102,5,Front/Back,116.15,118.24,146.74,150.65,127.4,134.71,128.97,130.62
1102,6,Front/Back,122.31,126.09,148.83,157.29,131.21,130.74,138.18,140.97
1102,7,Front/Back,136.47,131.21,153.25,158.53,142.85,136.81,144.85,149.06
1102,8,Front/Back,140.38,140.09,152.08,157.29,147.8,146.98,136.13,164.18
1102,9,Front/Back,144.52,151.26,152.58,159.99,156.24,162.26,141.18,171.0
1102,10,Front/Back,153.06,154.38,153.06,163.12,164.59,151.32,141.65,160.06
1102,11,Front/Back,149.34,153.97,149.34,168.92,162.44,155.22,146.31,170.16
1102,12,Front/Back,155.58,159.46,140.92,161.26,169.35,170.74,141.48,156.19
1102,13,Front/Back,150.82,132.26,150.82,144.49,164.02,150.55,142.32,141.54
1102,14,Front/Back,148.95,132.46,148.95,144.7,157.83,149.24,130.84,132.28
1102,15,Front/Back,148.58,143.2,135.45,143.2,153.02,159.9,119.61,125.78
1102,16,Front/Back,139.2,152.01,141.63,152.01,155.1,157.99,117.77,119.63
1102,17,Front/Back,130.31,141.03,130.31,141.03,180.0,155.81,130.68,118.98
1102,18,Front/Back,129.23,137.08,129.23,156.32,166.75,140.66,119.76,124.66
1102,19,Front/Back,139.08,125.15,139.08,147.93,162.88,139.22,111.64,129.61
1102,20,Front/Back,137.25,122.87,137.25,150.16,151.81,137.72,111.73,140.0
1102,21,Front/Back,136.54,139.7,136.54,151.88,148.95,159.67,119.55,146.84
1102,22,Front/Back,148.95,142.59,148.95,154.77,163.27,167.82,139.99,164.96
1102,23,Front/Back,151.34,125.31,151.35,140.13,179.99,165.17,163.4,180.0
1102,24,Front/Back,153.75,153.12,153.76,134.74,179.99,171.46,170.6,170.14
1102,25,Front/Back,179.98,179.98,179.97,179.97,179.98,179.98,179.98,179.98
1102,26,Front/Back,151.72,158.89,172.18,180.0,159.54,156.06,156.64,177.17
1102,27,Front/Back,168.01,171.34,162.73,180.0,168.01,161.92,146.82,159.58
1102,28,Front/Back,165.31,162.76,180.0,180.0,165.31,162.76,140.65,151.42
1102,29,Front/Back,162.83,157.22,180.0,152.66,162.83,144.89,138.0,135.22
1102,30,Front/Back,154.56,151.33,180.0,180.0,138.19,131.38,117.8,115.03
1102,31,Front/Back,153.0,155.59,180.0,180.0,130.5,127.2,113.13,112.47
1102,32,Front/Back,162.83,160.73,180.0,180.0,132.87,136.77,104.21,108.49
1102,33,Front/Back,160.83,180.0,180.0,164.77,136.84,144.47,104.27,96.81
1102,34,Front/Back,152.87,180.0,180.0,154.17,125.58,142.11,100.8,94.45
1103,1,Front/Back,179.98,179.98,179.98,179.98,179.98,179.98,,
1103,2,Front/Back,152.91,118.29,130.77,147.11,171.39,151.17,,
1103,3,Front/Back,149.44,112.13,121.5,120.4,176.12,150.02,,
1103,4,Front/Back,144.28,110.18,119.47,116.22,180.0,148.52,,
1103,5,Front/Back,145.55,124.08,131.88,128.92,180.0,156.06,,
1103,6,Front/Back,148.32,123.03,148.32,123.12,180.0,150.41,,
1103,7,Front/Back,138.39,111.12,118.34,104.86,180.0,152.59,,
1103,8,Front/Back,129.83,106.11,96.25,80.48,180.0,155.31,,
1103,9,Front/Back,125.9,107.69,88.47,78.28,180.0,157.82,,
1103,10,Front/Back,128.01,110.94,96.19,90.56,180.0,159.35,,
1103,11,Front/Back,136.15,114.93,123.27,141.11,180.0,153.82,,
1103,12,Front/Back,140.04,122.26,121.14,129.96,180.0,154.02,,
1103,13,Front/Back,145.45,143.57,125.6,122.56,145.41,154.55,,
1103,14,Front/Back,141.13,140.43,130.25,123.04,153.59,147.34,,
1103,15,Front/Back,152.58,143.84,125.0,119.03,151.04,175.31,,
1103,16,Front/Back,158.35,116.96,135.54,100.73,148.26,148.68,,
1103,17,Front/Back,143.77,101.3,89.05,78.14,158.87,148.22,,
1103,18,Front/Back,138.6,93.87,66.78,53.46,162.71,151.32,,
1103,19,Front/Back,126.93,92.7,58.39,49.17,168.98,152.38,,
1103,20,Front/Back,125.86,97.83,88.54,66.18,180.0,152.22,,
1103,21,Front/Back,134.08,113.75,115.68,97.32,180.0,150.68,,
1103,22,Front/Back,149.88,143.98,108.23,102.17,180.0,180.0,,
1103,23,Front/Back,153.98,145.05,115.29,107.09,180.0,180.0,,
1103,24,Front/Back,131.47,133.71,117.71,112.15,165.81,165.42,,
1103,25,Front/Back,121.35,126.53,126.36,115.07,153.69,147.95,,
1103,26,Front/Back,158.08,133.89,158.08,122.0,152.52,157.31,,
1103,27,Front/Back,151.53,133.89,151.53,150.55,152.52,157.31,,
1104,1,Front/Back,158.7,147.15,180.0,155.79,129.44,152.53,150.73,122.51
1104,2,Front/Back,154.58,164.62,180.0,173.26,132.61,152.92,147.19,123.43
1104,3,Front/Back,151.1,163.87,162.17,180.0,140.17,149.84,148.73,130.35
1104,4,Front/Back,151.14,145.56,180.0,168.4,135.65,138.33,160.0,132.69
1104,5,Front/Back,156.41,161.43,180.0,180.0,156.41,161.43,175.49,153.22
1104,6,Front/Back,176.96,167.41,180.0,180.0,161.66,157.39,164.7,163.41
1104,7,Front/Back,180.0,166.78,180.0,180.0,180.0,166.78,180.0,180.0
1104,8,Front/Back,166.21,141.09,179.98,159.37,166.23,161.72,180.0,167.34
1104,9,Front/Back,159.07,153.14,161.16,166.08,170.04,167.07,180.0,160.55
1104,10,Front/Back,164.94,164.47,168.08,180.0,176.86,164.47,180.0,163.53
1104,11,Front/Back,170.04,172.5,180.0,180.0,170.04,172.5,174.56,155.89
1104,12,Front/Back,166.23,167.41,180.0,180.0,166.23,167.41,157.76,158.74
1104,13,Front/Back,170.04,167.81,180.0,180.0,170.04,167.81,159.27,172.31
1104,14,Front/Back,177.28,167.41,180.0,180.0,149.44,167.41,140.39,180.0
1104,15,Front/Back,170.29,170.95,180.0,180.0,145.14,157.9,144.01,166.95
1104,16,Front/Back,170.13,180.0,180.0,180.0,148.6,163.91,140.03,163.91
1104,17,Front/Back,170.82,180.0,180.0,180.0,138.14,180.0,121.12,180.0
1104,18,Front/Back,171.2,180.0,180.0,180.0,134.54,161.95,111.12,161.95
1104,19,Front/Back,161.13,158.39,180.0,180.0,122.05,146.87,112.81,160.42
1104,20,Front/Back,166.41,170.63,180.0,180.0,130.62,170.63,110.58,167.34
1104,21,Front/Back,180.0,180.0,180.0,180.0,148.33,171.16,109.82,171.16
1104,22,Front/Back,180.0,180.0,180.0,180.0,151.29,180.0,110.91,161.36
1104,23,Front/Back,177.28,180.0,180.0,180.0,155.75,180.0,127.37,163.17
1104,24,Front/Back,180.0,180.0,180.0,180.0,160.22,180.0,129.7,179.99
1104,25,Front/Back,180.0,180.0,180.0,180.0,174.1,180.0,148.72,165.07
1104,26,Front/Back,176.96,180.0,180.0,180.0,169.66,180.0,172.69,180.0
1104,27,Front/Back,179.99,167.01,164.11,167.01,179.99,180.0,166.43,173.43
1104,28,Front/Back,179.98,179.98,179.97,179.97,179.98,179.98,179.98,179.98
1104,29,Front/Back,177.28,140.04,180.0,143.78,161.69,171.36,164.4,180.0
1104,30,Front/Back,170.04,140.6,180.0,152.31,170.04,168.29,180.0,162.11
1104,31,Front/Back,166.3,165.84,180.0,173.97,155.99,171.87,169.69,159.15
1104,32,Front/Back,160.7,167.41,180.0,180.0,142.07,167.41,161.37,156.06
1104,33,Front/Back,163.25,164.91,180.0,172.41,138.65,150.87,155.4,132.82
1104,34,Front/Back,163.23,157.76,180.0,164.47,131.9,148.86,148.67,124.53
1104,35,Front/Back,163.72,164.85,180.0,180.0,134.52,140.79,136.34,118.67
1105,1,Front/Back,155.65,149.8,144.52,164.43,125.74,124.46,129.44,116.55
1105,2,Front/Back,164.98,147.72,141.9,167.48,130.53,126.13,125.49,118.92
1105,3,Front/Back,180.0,146.73,138.47,168.58,145.27,127.31,125.85,119.87
1105,4,Front/Back,180.0,145.34,139.93,180.0,145.06,134.66,126.36,126.18
1105,5,Front/Back,180.0,144.57,144.07,180.0,146.31,144.57,125.68,134.41
1105,6,Front/Back,180.0,144.41,153.65,180.0,155.48,133.7,122.86,125.08
1105,7,Front/Back,160.41,144.41,137.48,165.15,145.67,144.41,127.54,137.23
1105,8,Front/Back,159.15,125.0,133.18,148.76,146.84,143.66,136.99,138.73
1105,9,Front/Back,180.0,128.16,147.93,132.32,166.91,143.51,150.45,140.03
1105,10,Front/Back,169.2,134.94,145.41,129.18,153.64,146.29,128.3,141.63
1105,11,Front/Back,180.0,135.22,170.25,125.44,148.99,148.27,127.34,141.63
1105,12,Front/Back,165.97,127.08,133.53,125.86,179.26,149.47,152.37,143.02
1105,13,Front/Back,159.54,127.33,113.49,108.18,180.0,147.43,154.66,145.44
1105,14,Front/Back,159.83,139.23,110.27,128.47,180.0,150.72,146.77,145.68
1105,15,Front/Back,174.03,153.98,129.98,128.51,180.0,153.98,141.73,143.02
1105,16,Front/Back,180.0,155.22,147.91,180.0,180.0,155.22,135.87,143.62
1105,17,Front/Back,180.0,135.55,143.09,160.7,172.35,154.85,129.56,143.62
1105,18,Front/Back,180.0,134.96,144.33,157.46,168.01,157.5,123.62,137.7
1105,19,Front/Back,180.0,157.5,146.5,174.66,171.89,157.5,124.93,135.82
1105,20,Front/Back,159.89,158.76,159.89,180.0,155.83,158.76,113.71,139.25
1105,21,Front/Back,180.0,153.18,180.0,180.0,164.85,126.75,120.23,126.85
1105,22,Front/Back,174.84,157.01,142.71,139.83,164.6,132.29,123.89,131.45
1105,23,Front/Back,170.91,137.09,125.81,103.18,161.84,135.76,125.6,137.37
1105,24,Front/Back,180.0,133.7,131.84,98.1,167.09,140.85,135.69,146.17
1105,25,Front/Back,180.0,135.85,135.59,110.09,166.98,152.13,141.27,157.7
1105,26,Front/Back,179.97,179.98,179.97,179.97,179.98,179.98,179.98,179.98
1105,27,Front/Back,165.43,152.52,145.46,139.12,168.76,164.0,170.13,167.73
1105,28,Front/Back,180.0,139.4,136.96,122.58,179.26,157.5,154.2,152.31
1105,29,Front/Back,180.0,153.31,134.84,136.57,161.44,153.31,132.57,146.98
1105,30,Front/Back,180.0,148.86,136.55,155.05,157.23,148.86,126.8,145.05
1105,31,Front/Back,156.72,144.72,144.6,157.54,143.96,144.72,139.85,143.1
1105,32,Front/Back,160.24,140.3,133.21,163.64,129.33,140.3,119.77,141.89
1105,33,Front/Back,163.41,136.88,126.95,144.5,125.96,136.88,113.23,140.51
1106,1,Front/Back,180.0,180.0,180.0,180.0,129.41,134.42,129.41,134.42
1106,2,Front/Back,180.0,180.0,180.0,180.0,131.78,137.24,131.78,137.24
1106,3,Front/Back,180.0,180.0,180.0,180.0,134.33,140.33,134.33,140.33
1106,4,Front/Back,180.0,180.0,180.0,180.0,154.75,141.93,154.75,141.93
1106,5,Front/Back,180.0,142.2,180.0,170.86,162.16,124.38,162.16,153.04
1106,6,Front/Back,169.83,180.0,180.0,180.0,169.83,157.89,180.0,157.89
1106,7,Front/Back,179.97,179.98,179.97,179.97,179.98,179.98,179.98,179.98
1106,8,Front/Back,167.64,152.73,139.77,152.73,170.29,157.27,159.76,152.63
1106,9,Front/Back,180.0,150.92,180.0,150.92,166.52,155.76,157.61,142.45
1106,10,Front/Back,180.0,152.73,180.0,152.73,168.03,154.54,168.03,154.54
1106,11,Front/Back,180.0,170.86,180.0,170.86,150.91,153.58,150.91,153.58
1106,12,Front/Back,180.0,157.1,180.0,157.1,140.14,151.51,140.14,151.51
1106,13,Front/Back,180.0,153.47,180.0,153.47,143.16,140.69,143.16,140.69
1106,14,Front/Back,165.97,159.49,165.97,159.49,143.95,141.21,143.95,141.21
1106,15,Front/Back,157.53,165.28,157.53,171.51,141.51,137.07,141.5,143.31
1106,16,Front/Back,180.0,180.0,180.0,180.0,139.74,146.0,122.0,146.0
1106,17,Front/Back,180.0,150.15,180.0,150.15,140.59,144.33,105.74,144.33
1106,18,Front/Back,180.0,142.51,162.7,142.51,143.39,146.0,112.79,146.0
1106,19,Front/Back,180.0,143.6,180.0,143.6,139.32,148.99,139.32,148.99
1106,20,Front/Back,180.0,145.48,180.0,145.48,142.09,150.91,142.09,150.91
1106,21,Front/Back,180.0,149.97,180.0,156.2,146.61,150.66,146.61,156.9
1106,22,Front/Back,180.0,142.45,180.0,153.72,145.87,144.49,145.87,155.76
1106,23,Front/Back,180.0,141.04,141.36,151.7,143.45,144.61,143.45,155.27
1106,24,Front/Back,172.16,147.76,172.16,158.42,143.03,141.59,143.03,152.25
1106,25,Front/Back,180.0,149.46,179.98,163.54,141.15,140.03,141.15,154.11
1106,26,Front/Back,180.0,180.0,180.0,180.0,141.04,149.89,141.04,149.89
1106,27,Front/Back,180.0,163.23,156.51,180.0,142.51,130.56,142.51,147.33
1106,28,Front/Back,180.0,180.0,136.97,147.41,138.35,138.88,118.95,138.88
1106,29,Front/Back,180.0,180.0,130.43,141.61,135.61,132.99,116.22,132.99
1106,30,Front/Back,180.0,180.0,148.18,180.0,133.03,128.99,119.0,128.99
1107,1,Side,15.54,12.88,169.52,173.03,176.2,174.09,179.47,169.58
1107,2,Side,10.56,11.5,177.12,170.38,177.16,172.95,177.65,171.98
1107,3,Side,14.02,15.35,174.08,172.9,178.37,173.94,176.89,173.09
1107,4,Side,18.43,19.88,178.67,179.33,177.04,173.82,177.04,171.8
1107,5,Side,25.02,32.36,175.52,176.47,179.15,173.96,179.36,173.05
1107,6,Side,36.05,40.93,179.24,178.28,178.2,175.06,178.33,174.31
1107,7,Side,45.06,48.18,175.11,167.75,177.15,176.97,176.94,172.27
1107,8,Side,53.0,63.6,166.05,165.18,177.99,177.04,176.1,170.18
1107,9,Side,61.17,75.95,161.49,159.95,178.86,175.04,175.34,168.09
1107,10,Side,71.63,90.78,158.67,161.65,179.81,172.82,174.29,168.23
1107,11,Side,78.9,102.63,151.66,158.36,179.64,168.46,174.22,169.78
1107,12,Side,90.82,108.33,144.4,149.15,177.06,168.51,171.13,169.08
1107,13,Side,100.48,113.55,133.9,145.45,174.97,172.33,170.09,169.99
1107,14,Side,111.99,125.56,131.29,137.41,172.77,168.21,170.39,170.04
1107,15,Side,119.46,131.11,125.36,131.64,173.38,171.43,168.57,168.55
1107,16,Side,120.54,132.28,104.81,120.7,172.47,169.86,164.04,167.24
1107,17,Side,123.88,134.48,95.45,112.84,173.97,170.13,164.41,169.22
1107,18,Side,122.17,130.01,98.21,105.87,176.7,171.54,157.96,166.87
1107,19,Side,116.82,125.41,101.38,117.1,174.7,171.93,160.35,167.18
1107,20,Side,111.64,119.25,116.57,131.48,170.63,171.54,168.89,168.54
1107,21,Side,102.26,110.09,121.64,139.38,170.31,173.34,170.83,169.34
1107,22,Side,93.43,101.09,133.46,146.66,171.78,174.7,170.06,167.47
1107,23,Side,84.69,92.32,143.32,160.15,173.38,176.06,171.27,178.13
1107,24,Side,75.1,77.82,151.01,164.1,175.16,179.13,171.91,175.32
1107,25,Side,63.08,65.07,158.42,167.25,178.03,178.92,173.11,176.09
1107,26,Side,52.66,54.79,164.29,174.0,179.06,176.9,175.48,175.79
1107,27,Side,43.03,44.27,175.03,179.58,177.96,174.86,177.24,176.11
1107,28,Side,33.51,35.57,176.54,172.93,176.93,173.85,177.34,173.73
1107,29,Side,24.11,26.02,169.92,166.02,175.98,171.94,177.65,173.05
1107,30,Side,17.92,15.86,169.85,167.03,172.93,172.85,174.66,175.66
1107,31,Side,11.78,13.21,167.18,164.45,171.75,171.6,177.85,175.91
1108,1,Front/Back,116.4,138.01,158.48,146.73,137.92,138.01,,
1108,2,Front/Back,107.48,128.32,126.97,122.68,141.95,143.08,,
1108,3,Front/Back,117.35,131.27,110.28,116.83,153.74,147.82,,
1108,4,Front/Back,128.19,152.44,150.67,121.04,157.52,167.39,,
1108,5,Front/Back,134.19,180.0,155.36,145.5,158.84,180.0,,
1108,6,Front/Back,179.98,179.98,179.98,179.98,179.98,179.98,,
1108,7,Front/Back,170.7,174.45,170.7,133.72,180.0,180.0,,
1108,8,Front/Back,180.0,180.0,180.0,171.58,180.0,180.0,,
1108,9,Front/Back,158.54,161.34,158.54,130.2,180.0,177.27,,
1108,10,Front/Back,139.8,154.56,111.07,104.43,173.39,180.0,,
1108,11,Front/Back,141.03,133.71,141.03,117.9,158.15,163.47,,
1108,12,Front/Back,118.72,149.27,119.61,123.39,155.32,159.15,,
1108,13,Front/Back,126.21,150.17,153.83,140.18,152.38,155.56,,
1108,14,Front/Back,118.06,142.45,101.03,108.85,149.56,153.4,,
1108,15,Front/Back,117.63,129.86,120.78,113.33,147.83,151.42,,
1108,16,Front/Back,129.85,141.0,164.45,163.72,145.4,149.64,,
1108,17,Front/Back,118.85,148.7,154.25,149.6,144.61,148.7,,
1108,18,Front/Back,114.15,145.28,122.51,157.34,143.11,145.28,,
1108,19,Front/Back,106.46,142.14,150.11,151.59,136.35,142.14,,
1108,20,Front/Back,101.61,139.94,146.52,133.11,135.09,139.94,,
1108,21,Front/Back,112.63,137.96,158.74,153.16,133.88,137.96,,
1108,22,Front/Back,104.65,140.74,151.4,169.05,133.25,140.74,,
1108,23,Front/Back,108.03,142.27,153.6,152.16,134.43,142.27,,
1109,1,Front/Back,149.36,167.23,180.0,180.0,149.36,140.23,157.22,114.93
1109,2,Front/Back,150.6,170.04,160.31,180.0,150.59,143.04,166.21,122.62
1109,3,Front/Back,168.5,170.04,146.76,180.0,145.51,144.82,128.14,129.68
1109,4,Front/Back,172.8,179.99,142.75,180.0,154.72,179.99,137.59,145.87
1109,5,Front/Back,168.85,180.0,136.97,180.0,163.72,180.0,153.13,149.11
1109,6,Front/Back,165.95,180.0,146.12,180.0,145.27,180.0,159.31,152.72
1109,7,Front/Back,162.91,180.0,144.99,180.0,142.4,180.0,159.49,154.9
1109,8,Front/Back,165.21,180.0,140.15,180.0,165.21,176.08,159.24,151.72
1109,9,Front/Back,179.97,179.97,179.97,179.97,179.98,179.98,179.97,179.98
1109,10,Front/Back,151.42,179.99,168.45,180.0,162.97,164.21,179.99,164.22
1109,11,Front/Back,162.97,180.0,180.0,180.0,162.97,167.34,180.0,167.34
1109,12,Front/Back,148.45,180.0,163.61,180.0,164.84,172.68,164.63,172.68
1109,13,Front/Back,147.08,180.0,160.46,180.0,166.63,176.24,151.52,157.54
1109,14,Front/Back,152.9,180.0,163.66,180.0,169.24,176.24,149.11,152.48
1109,15,Front/Back,150.46,180.0,161.62,180.0,168.85,180.0,137.99,148.3
1109,16,Front/Back,172.28,180.0,180.0,180.0,154.11,180.0,136.11,142.04
1109,17,Front/Back,162.65,180.0,170.81,180.0,162.86,180.0,152.01,144.18
1109,18,Front/Back,148.28,180.0,158.59,180.0,169.69,168.01,160.99,136.68
1109,19,Front/Back,158.24,180.0,158.24,180.0,180.0,160.49,158.92,134.96
1109,20,Front/Back,134.25,155.87,140.08,155.87,174.17,162.15,180.0,128.6
1109,21,Front/Back,139.33,154.29,139.33,154.29,155.73,162.15,155.73,131.34
1109,22,Front/Back,139.93,150.26,139.93,150.26,152.63,160.3,152.63,132.1
1109,23,Front/Back,150.67,149.31,129.32,118.91,167.8,159.31,167.8,133.78
1109,24,Front/Back,150.15,154.92,124.32,110.76,163.39,142.99,149.17,125.88
1109,25,Front/Back,147.11,157.59,130.62,114.6,158.47,142.72,147.7,128.16
1109,26,Front/Back,180.0,171.29,180.0,153.29,159.63,142.54,159.63,138.86
1109,27,Front/Back,151.37,166.91,135.97,141.85,153.17,139.99,153.17,129.35
1109,28,Front/Back,149.6,180.0,130.43,154.88,146.22,142.45,146.22,119.45
1109,29,Front/Back,155.32,172.4,155.32,160.43,149.34,142.49,131.08,113.47
1109,30,Front/Back,180.0,180.0,180.0,180.0,149.33,143.93,125.53,110.03
1109,31,Front/Back,180.0,180.0,180.0,180.0,144.58,144.15,121.41,105.89
1109,32,Front/Back,180.0,180.0,180.0,180.0,143.12,140.33,134.74,99.14
1109,33,Front/Back,180.0,180.0,180.0,180.0,136.41,137.84,136.41,94.01
1110,1,Front/Back,171.46,168.31,180.0,180.0,163.33,163.29,169.82,159.49
1110,2,Front/Back,180.0,171.71,180.0,180.0,170.47,171.71,168.7,158.03
1110,3,Front/Back,180.0,179.99,169.12,180.0,180.0,179.99,178.23,164.37
1110,4,Front/Back,179.97,179.97,179.96,179.96,179.98,179.98,179.97,179.97
1110,5,Front/Back,168.38,180.0,170.43,180.0,177.96,180.0,158.36,166.25
1110,6,Front/Back,180.0,180.0,180.0,180.0,180.0,164.22,180.0,164.22
1110,7,Front/Back,180.0,180.0,180.0,180.0,171.87,161.67,171.87,161.67
1110,8,Front/Back,180.0,180.0,147.25,180.0,180.0,158.87,172.39,158.87
1110,9,Front/Back,180.0,180.0,145.5,180.0,180.0,159.48,180.0,159.48
1110,10,Front/Back,180.0,172.41,180.0,172.41,180.0,149.69,180.0,149.69
1110,11,Front/Back,180.0,180.0,180.0,180.0,172.46,153.67,172.46,133.15
1110,12,Front/Back,180.0,180.0,180.0,180.0,180.0,160.5,165.01,139.1
1110,13,Front/Back,180.0,169.23,150.53,169.23,180.0,167.38,155.72,144.47
1110,14,Front/Back,180.0,180.0,150.66,180.0,180.0,158.63,149.87,158.63
1110,15,Front/Back,180.0,170.53,180.0,170.53,180.0,161.21,143.81,161.21
1110,16,Front/Back,180.0,169.03,180.0,180.0,180.0,157.65,139.67,168.62
1110,17,Front/Back,180.0,144.2,180.0,157.76,180.0,154.56,140.4,168.12
1110,18,Front/Back,180.0,145.73,153.25,155.56,180.0,154.17,143.73,164.01
1110,19,Front/Back,180.0,169.05,180.0,173.21,180.0,159.93,139.21,164.1
1110,20,Front/Back,180.0,180.0,180.0,180.0,180.0,180.0,148.96,158.17
1110,21,Front/Back,180.0,180.0,180.0,180.0,180.0,180.0,138.71,151.81
1110,22,Front/Back,180.0,180.0,180.0,180.0,180.0,174.27,140.29,152.44
1111,1,Front/Back,148.2,180.0,142.03,159.31,119.46,148.93,115.8,127.2
1111,2,Front/Back,149.21,135.87,166.97,156.39,121.91,129.65,120.1,130.64
1111,3,Front/Back,148.33,145.29,180.0,156.68,124.34,140.13,132.11,132.22
1111,4,Front/Back,148.46,140.37,180.0,151.76,126.5,141.54,138.89,140.1
1111,5,Front/Back,148.61,154.38,154.56,154.39,128.93,163.7,146.87,141.79
1111,6,Front/Back,127.44,161.47,136.98,145.09,132.56,151.51,154.72,151.51
1111,7,Front/Back,120.01,155.07,108.69,110.02,129.65,150.19,149.36,150.19
1111,8,Front/Back,115.69,136.52,97.1,91.59,128.49,161.7,158.47,144.71
1111,9,Front/Back,118.39,136.97,97.38,95.96,139.23,164.23,153.2,140.52
1111,10,Front/Back,131.88,144.83,134.56,113.28,139.75,167.37,163.54,148.18
1111,11,Front/Back,179.98,179.98,179.97,179.97,179.98,179.98,179.98,179.98
1111,12,Front/Back,151.57,152.29,143.23,124.0,158.32,163.09,153.48,138.02
1111,13,Front/Back,150.81,148.03,140.12,109.03,147.89,156.13,136.26,134.43
1111,14,Front/Back,155.4,152.88,142.29,105.82,133.2,150.57,123.54,125.52
1111,15,Front/Back,155.4,151.03,140.05,110.22,137.25,147.32,117.04,115.55
1111,16,Front/Back,155.56,163.14,142.01,140.35,136.29,144.44,111.77,108.42
1111,17,Front/Back,152.9,153.22,134.7,106.69,135.28,146.7,117.99,120.35
1111,18,Front/Back,155.56,144.15,135.78,101.6,132.93,144.67,126.81,136.52
1111,19,Front/Back,155.47,142.66,140.03,110.14,134.33,144.63,134.57,146.06
1111,20,Front/Back,155.4,147.7,153.48,123.28,141.21,145.74,150.13,154.59
1111,21,Front/Back,155.4,170.71,158.24,151.7,134.84,143.84,159.43,153.12
1111,22,Front/Back,137.99,141.29,130.29,116.6,141.0,138.07,150.89,150.57
1111,23,Front/Back,128.35,125.99,106.03,95.62,140.21,135.11,148.95,152.1
1111,24,Front/Back,122.08,119.44,100.2,89.88,140.17,127.21,168.25,147.72
1111,25,Front/Back,127.82,117.89,112.07,99.31,131.94,125.13,159.94,148.86
1111,26,Front/Back,149.84,170.36,146.32,162.4,134.36,161.5,164.52,161.5
1111,27,Front/Back,129.94,141.69,134.14,132.84,145.14,139.63,147.4,135.17
1111,28,Front/Back,141.73,180.0,130.98,159.99,141.73,151.66,134.57,119.19
1112,1,Front/Back,180.0,180.0,180.0,180.0,163.52,180.0,,
1112,2,Front/Back,180.0,180.0,180.0,180.0,167.2,180.0,,
1112,3,Front/Back,180.0,180.0,180.0,168.64,167.09,180.0,,
1112,4,Front/Back,180.0,180.0,180.0,152.42,166.89,180.0,,
1112,5,Front/Back,172.54,152.13,180.0,152.13,172.54,172.74,,
1112,6,Front/Back,180.0,142.58,152.77,142.58,157.22,170.73,,
1112,7,Front/Back,127.75,144.93,101.67,144.93,151.95,170.25,,
1112,8,Front/Back,122.34,139.58,98.71,139.58,167.03,180.0,,
1112,9,Front/Back,128.41,165.11,110.01,165.11,172.74,180.0,,
1112,10,Front/Back,146.27,152.69,146.27,141.0,166.59,180.0,,
1112,11,Front/Back,152.07,144.18,152.07,144.18,158.56,180.0,,
1112,12,Front/Back,157.17,143.38,157.17,143.38,180.0,180.0,,
1112,13,Front/Back,171.84,143.44,171.84,143.44,171.0,180.0,,
1112,14,Front/Back,152.89,133.97,152.89,133.97,168.7,180.0,,
1112,15,Front/Back,180.0,135.74,180.0,135.74,165.19,180.0,,
1112,16,Front/Back,167.94,149.0,180.0,149.0,147.73,155.93,,
1112,17,Front/Back,167.75,145.13,180.0,145.13,151.14,174.29,,
1112,18,Front/Back,180.0,148.43,180.0,148.43,158.97,173.74,,
1112,19,Front/Back,166.66,150.69,166.66,150.69,166.09,180.0,,
1112,20,Front/Back,151.75,144.17,151.75,144.17,169.69,180.0,,
1112,21,Front/Back,147.61,138.73,147.61,118.74,163.08,180.0,,
1112,22,Front/Back,136.39,167.15,136.39,131.37,180.0,180.0,,
1112,23,Front/Back,155.64,168.08,144.04,137.11,169.36,170.73,,
1112,24,Front/Back,179.98,179.98,179.97,179.97,179.98,179.98,,
1112,25,Front/Back,180.0,151.52,180.0,158.34,179.14,173.18,,
1112,26,Front/Back,180.0,160.04,180.0,180.0,164.89,160.04,,
1112,27,Front/Back,180.0,152.51,180.0,173.42,156.0,159.09,,
1112,28,Front/Back,166.98,166.0,180.0,164.38,138.58,140.24,,
1113,1,Front/Back,150.91,154.06,180.0,180.0,150.91,140.91,133.38,136.19
1113,2,Front/Back,153.11,162.22,180.0,180.0,153.11,148.8,135.84,166.58
1113,3,Front/Back,158.11,161.48,180.0,170.1,158.11,147.97,150.91,166.49
1113,4,Front/Back,167.95,168.42,169.83,158.35,167.95,150.57,144.24,162.15
1113,5,Front/Back,179.97,179.97,179.96,179.96,179.98,179.98,179.97,179.97
1113,6,Front/Back,180.0,180.0,159.32,168.69,166.81,179.99,166.81,146.04
1113,7,Front/Back,180.0,180.0,180.0,180.0,180.0,180.0,160.11,147.23
1113,8,Front/Back,180.0,157.02,145.28,150.69,180.0,164.68,167.13,149.04
1113,9,Front/Back,160.44,124.03,140.94,162.43,160.44,141.6,149.62,154.2
1113,10,Front/Back,157.68,138.43,140.82,180.0,157.68,138.43,149.62,165.54
1113,11,Front/Back,175.83,141.62,146.94,180.0,175.85,141.62,153.27,180.0
1113,12,Front/Back,145.55,155.67,164.12,180.0,145.55,155.67,180.0,180.0
1113,13,Front/Back,132.38,164.12,132.54,180.0,169.67,164.12,180.0,180.0
1113,14,Front/Back,123.28,176.04,123.28,180.0,180.0,161.77,180.0,165.73
1113,15,Front/Back,140.08,164.84,140.08,168.79,180.0,170.2,180.0,174.16
1113,16,Front/Back,137.95,143.28,142.71,168.26,175.24,143.28,180.0,180.0
1113,17,Front/Back,150.56,150.8,151.29,180.0,150.56,150.8,180.0,177.22
1113,18,Front/Back,150.56,157.88,161.58,159.36,150.56,157.88,180.0,180.0
1113,19,Front/Back,180.0,180.0,180.0,165.57,170.01,180.0,170.01,180.0
1113,20,Front/Back,146.73,168.61,155.3,180.0,146.73,168.61,180.0,180.0
1113,21,Front/Back,139.68,180.0,151.29,180.0,139.68,167.21,180.0,167.21
1113,22,Front/Back,130.68,180.0,140.51,168.69,158.41,164.53,180.0,164.53
1113,23,Front/Back,101.54,180.0,128.92,164.22,138.41,161.68,180.0,161.68
1113,24,Front/Back,115.26,139.9,127.5,154.9,141.83,165.01,180.0,180.0
1113,25,Front/Back,134.1,147.82,177.22,180.0,136.88,147.82,180.0,180.0
1113,26,Front/Back,161.07,159.57,180.0,180.0,149.67,156.56,168.6,176.99
1114,1,Front/Back,126.98,159.54,127.78,180.0,131.56,125.33,145.75,127.67
1114,2,Front/Back,120.3,180.0,92.69,180.0,133.9,145.79,144.06,127.25
1114,3,Front/Back,115.15,167.21,85.79,180.0,135.47,146.06,151.55,141.22
1114,4,Front/Back,129.88,177.43,94.59,122.84,142.31,161.43,144.97,151.15
1114,5,Front/Back,154.89,146.7,110.95,126.88,153.27,162.1,153.27,179.18
1114,6,Front/Back,179.98,179.98,179.97,179.97,179.98,179.98,179.98,179.98
1114,7,Front/Back,150.89,164.6,159.58,164.6,163.01,165.2,159.58,155.81
1114,8,Front/Back,152.56,180.0,152.56,151.74,150.21,139.85,150.21,124.73
1114,9,Front/Back,135.03,180.0,147.32,164.55,150.55,136.82,162.84,117.69
1114,10,Front/Back,130.15,180.0,149.62,180.0,146.53,140.94,166.01,120.61
1114,11,Front/Back,129.0,180.0,152.1,180.0,142.66,147.27,165.76,121.3
1114,12,Front/Back,122.09,180.0,113.24,147.8,144.36,163.49,154.45,130.78
1114,13,Front/Back,104.85,180.0,77.15,119.02,148.35,149.41,173.83,118.93
1114,14,Front/Back,109.62,180.0,64.56,99.87,139.21,145.25,148.41,116.75
1114,15,Front/Back,107.83,180.0,75.38,108.28,136.59,144.58,146.13,108.12
1114,16,Front/Back,89.99,107.7,98.09,80.81,131.06,128.08,143.94,128.14
1114,17,Front/Back,100.77,118.74,131.19,92.04,136.68,131.32,137.98,123.24
1114,18,Front/Back,116.97,163.92,116.69,118.54,126.23,131.32,125.64,106.01
1115,1,Front/Back,179.98,179.98,179.98,179.98,179.98,179.98,179.98,179.98
1115,2,Front/Back,136.79,153.98,150.88,153.98,146.37,160.52,154.08,160.51
1115,3,Front/Back,143.24,155.78,143.24,136.56,138.85,141.7,125.75,141.69
1115,4,Front/Back,143.92,159.13,143.92,132.4,134.78,144.99,134.78,144.98
1115,5,Front/Back,144.83,160.35,144.83,140.69,138.07,157.31,138.07,164.61
1115,6,Front/Back,127.04,151.5,145.17,142.12,138.63,162.61,156.76,176.35
1115,7,Front/Back,149.51,180.0,149.51,142.51,159.53,180.0,149.53,164.08
1115,8,Front/Back,147.11,180.0,147.11,140.02,159.24,180.0,144.49,156.86
1115,9,Front/Back,146.79,180.0,146.79,139.4,170.96,165.31,144.32,145.22
1115,10,Front/Back,146.87,158.93,146.87,128.45,164.87,166.07,134.88,141.82
1115,11,Front/Back,144.1,168.42,144.1,157.55,158.92,162.03,127.86,136.45
1115,12,Front/Back,139.53,156.62,139.53,124.79,157.36,158.55,122.21,131.1
1115,13,Front/Back,137.78,151.16,119.22,114.9,155.98,155.57,116.56,132.03
1115,14,Front/Back,145.4,161.95,117.11,126.39,150.7,150.54,105.06,121.79
1115,15,Front/Back,143.88,159.83,138.61,138.67,148.53,151.98,100.76,115.92
1115,16,Front/Back,145.89,178.95,145.89,171.15,146.25,149.48,97.89,110.13
1115,17,Front/Back,145.71,180.0,145.71,167.58,146.4,150.71,97.84,111.55
1115,18,Front/Back,150.68,180.0,150.68,162.41,144.09,151.98,98.24,113.86
1115,19,Front/Back,147.9,180.0,147.9,161.13,144.7,151.98,101.69,115.47
1115,20,Front/Back,159.7,169.18,150.34,150.96,145.88,153.31,104.29,116.36
1115,21,Front/Back,153.14,180.0,153.14,180.0,149.24,155.63,109.17,118.27
1115,22,Front/Back,145.04,166.9,136.41,125.51,147.9,155.85,111.1,121.24
1115,23,Front/Back,149.73,154.5,117.02,113.8,147.85,156.4,106.83,121.68
1115,24,Front/Back,151.87,164.38,117.48,121.58,151.48,157.64,116.56,130.87
1115,25,Front/Back,145.35,180.0,124.75,138.21,151.6,160.62,120.75,136.77
1115,26,Front/Back,146.05,180.0,146.05,158.41,142.38,176.2,115.45,150.51
1115,27,Front/Back,145.71,170.1,145.71,131.18,143.45,170.58,108.66,134.91
1115,28,Front/Back,160.75,170.69,148.73,126.83,151.15,164.66,113.21,125.43
1115,29,Front/Back,156.93,180.0,150.25,135.09,137.96,162.66,93.71,119.14
1115,30,Front/Back,149.59,180.0,145.74,140.3,146.25,146.09,91.93,99.5
1115,31,Front/Back,151.79,180.0,151.79,153.67,141.05,145.04,82.93,93.74
1116,1,Front/Back,137.61,108.28,137.61,133.08,155.28,122.38,112.76,147.19
1116,2,Front/Back,136.15,113.52,89.08,107.06,146.61,131.9,119.32,152.7
1116,3,Front/Back,144.57,113.38,127.52,115.05,153.39,140.49,128.0,157.74
1116,4,Front/Back,141.44,134.39,141.44,134.39,162.55,145.73,134.2,145.73
1116,5,Front/Back,165.28,135.35,165.28,149.02,160.33,163.17,134.4,176.84
1116,6,Front/Back,165.59,149.91,165.59,149.91,180.0,147.0,143.7,147.0
1116,7,Front/Back,145.21,149.04,145.21,149.04,155.52,144.8,155.52,144.8
1116,8,Front/Back,141.13,150.78,141.13,150.78,155.85,144.58,155.85,144.58
1116,9,Front/Back,160.95,146.62,160.95,146.62,160.58,144.8,160.58,144.8
1116,10,Front/Back,144.57,142.51,153.08,142.51,171.49,135.62,180.0,135.62
1116,11,Front/Back,145.08,136.3,153.43,136.3,171.64,134.85,180.0,134.85
1116,12,Front/Back,150.38,138.51,150.38,138.51,180.0,134.33,173.67,134.33
1116,13,Front/Back,141.77,140.0,141.77,140.0,180.0,135.29,166.49,135.29
1116,14,Front/Back,146.73,144.68,146.73,144.68,180.0,137.84,159.81,137.84
1116,15,Front/Back,148.66,145.38,148.66,145.38,180.0,148.23,169.66,148.23
1116,16,Front/Back,150.71,152.63,150.71,152.63,180.0,163.26,180.0,163.26
1116,17,Front/Back,142.23,154.55,142.23,154.55,165.3,165.17,165.3,165.17
1116,18,Front/Back,149.34,147.57,149.34,147.57,169.09,164.4,169.09,164.4
1116,19,Front/Back,140.17,166.17,148.66,166.17,160.76,180.0,169.25,180.0
1116,20,Front/Back,179.98,179.98,179.97,179.97,179.98,179.98,179.98,179.98
1116,21,Front/Back,162.07,127.87,167.6,151.46,157.11,156.41,175.02,165.1
1116,22,Front/Back,127.28,130.38,156.63,135.73,139.74,127.33,155.56,155.7
1116,23,Front/Back,129.53,131.81,167.58,163.35,141.95,122.56,160.91,154.1
1116,24,Front/Back,119.36,121.9,157.41,153.44,141.95,121.06,163.41,152.6
1116,25,Front/Back,109.2,116.61,148.01,124.77,141.19,119.3,166.4,149.77
1117,1,Front/Back,147.78,169.59,180.0,180.0,123.19,136.69,155.41,147.1
1117,2,Front/Back,150.58,173.19,180.0,148.56,136.15,141.76,165.56,148.57
1117,3,Front/Back,153.94,173.19,145.71,123.52,139.53,144.9,165.59,151.71
1117,4,Front/Back,165.44,166.92,145.33,129.15,155.1,153.5,169.66,146.28
1117,5,Front/Back,179.98,179.98,179.97,179.97,179.98,179.98,179.98,179.98
1117,6,Front/Back,180.0,170.56,180.0,180.0,180.0,170.56,170.4,180.0
1117,7,Front/Back,159.64,146.58,180.0,159.35,159.64,157.86,180.0,163.13
1117,8,Front/Back,153.06,149.4,180.0,159.81,153.06,154.79,180.0,157.68
1117,9,Front/Back,147.76,148.01,170.29,165.56,148.36,144.85,170.89,162.4
1117,10,Front/Back,146.11,161.48,160.67,180.0,152.35,141.79,166.91,160.31
1117,11,Front/Back,156.66,164.34,156.66,180.0,163.58,132.45,155.11,148.11
1117,12,Front/Back,150.93,126.77,109.97,103.7,163.28,136.93,147.96,133.24
1117,13,Front/Back,149.05,115.44,80.63,74.01,162.82,134.58,142.53,126.39
1117,14,Front/Back,134.62,128.28,88.72,95.44,154.04,132.49,138.63,136.43
1117,15,Front/Back,143.66,128.62,160.67,156.21,152.55,131.14,148.77,133.24
1117,16,Front/Back,147.14,150.91,180.0,180.0,147.14,129.58,145.62,135.67
1117,17,Front/Back,151.97,150.91,180.0,180.0,148.66,123.89,147.13,142.77
1117,18,Front/Back,150.37,150.91,180.0,180.0,147.06,123.83,147.8,141.48
1118,1,Front/Back,166.24,180.0,180.0,152.5,133.65,150.06,118.01,134.28
1118,2,Front/Back,157.64,180.0,173.58,145.77,146.89,153.16,127.41,141.94
1118,3,Front/Back,135.51,139.25,154.89,114.41,160.61,160.35,147.22,152.29
1118,4,Front/Back,128.51,127.33,130.34,115.04,155.54,159.45,145.91,164.54
1118,5,Front/Back,131.78,128.0,133.2,124.57,157.65,171.42,144.66,180.0
1118,6,Front/Back,133.46,126.12,136.15,140.58,157.86,165.54,143.56,180.0
1118,7,Front/Back,129.54,137.25,112.62,105.67,163.19,180.0,143.67,180.0
1118,8,Front/Back,137.99,135.19,102.91,87.28,177.01,168.06,143.8,168.06
1118,9,Front/Back,144.98,152.48,116.06,98.48,180.0,162.25,145.4,154.82
1118,10,Front/Back,149.03,159.01,133.69,114.55,180.0,154.54,143.95,145.22
1118,11,Front/Back,159.67,180.0,159.67,155.13,180.0,152.06,145.22,133.88
1118,12,Front/Back,156.85,180.0,156.85,131.18,180.0,150.7,144.94,133.96
1118,13,Front/Back,160.79,180.0,146.04,128.95,174.16,150.7,138.98,129.66
1118,14,Front/Back,164.23,173.81,136.25,121.94,164.57,150.7,129.63,126.49
1118,15,Front/Back,180.0,171.23,132.97,119.15,163.33,150.7,127.14,125.28
1118,16,Front/Back,180.0,180.0,131.82,127.47,160.55,149.39,125.37,120.93
1118,17,Front/Back,158.2,154.75,105.41,98.26,180.0,151.58,144.82,125.74
1118,18,Front/Back,158.55,143.12,113.89,88.7,180.0,154.82,146.03,131.93
1118,19,Front/Back,150.57,143.21,114.03,95.96,180.0,157.03,143.4,135.16
1118,20,Front/Back,153.32,141.97,133.83,111.33,167.6,161.86,143.47,143.27
1118,21,Front/Back,161.25,135.74,168.89,146.03,161.25,169.71,143.56,163.36
1118,22,Front/Back,139.96,128.57,126.8,106.4,163.47,169.71,147.48,162.36
1118,23,Front/Back,136.65,137.55,119.07,97.66,165.7,171.47,150.46,153.15
1118,24,Front/Back,152.74,139.26,126.15,99.62,170.36,180.0,157.16,166.26
1118,25,Front/Back,150.91,149.22,138.03,116.75,170.36,179.99,164.02,170.05
1118,26,Front/Back,179.97,179.97,179.97,179.97,179.98,179.98,179.98,179.98
1118,27,Front/Back,174.39,180.0,173.29,161.21,156.27,159.89,145.9,139.43
1118,28,Front/Back,173.87,180.0,145.08,152.84,153.8,146.05,130.17,125.45
1118,29,Front/Back,180.0,180.0,146.18,148.12,147.15,139.13,117.61,113.02
1119,1,Front/Back,180.0,180.0,180.0,172.34,146.72,152.86,146.72,136.36
1119,2,Front/Back,180.0,180.0,180.0,176.46,149.97,152.48,149.97,148.09
1119,3,Front/Back,180.0,180.0,180.0,180.0,155.58,155.66,155.58,150.17
1119,4,Front/Back,179.99,180.0,180.0,180.0,160.1,159.95,160.11,147.64
1119,5,Front/Back,171.32,174.69,180.0,180.0,157.29,157.07,165.97,157.0
1119,6,Front/Back,180.0,167.23,180.0,180.0,179.99,157.02,177.01,164.75
1119,7,Front/Back,179.97,179.97,179.97,179.97,179.98,179.98,179.97,179.97
1119,8,Front/Back,180.0,157.75,150.78,135.74,157.83,171.82,157.83,180.0
1119,9,Front/Back,180.0,180.0,150.91,132.98,156.13,180.0,156.13,155.87
1119,10,Front/Back,180.0,180.0,169.45,142.66,156.91,180.0,156.91,160.5
1119,11,Front/Back,180.0,180.0,180.0,163.57,155.9,180.0,155.9,162.16
1119,12,Front/Back,180.0,180.0,155.98,144.26,153.35,180.0,153.35,171.47
1119,13,Front/Back,167.51,180.0,131.69,136.67,149.7,180.0,134.48,154.44
1119,14,Front/Back,171.8,180.0,135.14,132.96,149.21,180.0,123.69,157.05
1119,15,Front/Back,180.0,180.0,160.43,135.58,147.23,170.51,114.85,146.02
1119,16,Front/Back,180.0,180.0,180.0,143.47,145.85,153.39,109.88,146.71
1119,17,Front/Back,180.0,180.0,164.7,143.59,147.23,173.37,114.48,145.3
1119,18,Front/Back,180.0,180.0,158.01,140.76,146.79,170.51,122.27,145.06
1119,19,Front/Back,180.0,180.0,156.72,141.58,155.71,180.0,127.4,150.67
1119,20,Front/Back,180.0,180.0,163.3,136.72,167.58,180.0,140.34,148.17
1119,21,Front/Back,180.0,180.0,180.0,143.04,180.0,180.0,151.43,145.31
1119,22,Front/Back,164.61,180.0,139.6,135.7,180.0,180.0,147.48,142.49
1119,23,Front/Back,159.84,180.0,121.66,132.77,180.0,180.0,149.17,141.9
1119,24,Front/Back,176.2,180.0,133.77,137.33,180.0,180.0,151.98,145.4
1119,25,Front/Back,180.0,163.88,139.8,145.39,180.0,163.88,150.02,143.53
1119,26,Front/Back,180.0,180.0,147.14,156.59,180.0,180.0,171.05,142.25
1119,27,Front/Back,180.0,180.0,147.23,149.93,180.0,180.0,152.77,147.75
1119,28,Front/Back,180.0,180.0,180.0,151.52,180.0,180.0,153.19,138.82
1119,29,Front/Back,179.99,180.0,180.0,154.68,153.51,180.0,153.52,132.26
1120,1,Front/Back,159.28,127.02,142.69,150.19,157.91,129.56,127.84,126.8
1120,2,Front/Back,180.0,106.33,160.15,144.1,141.38,119.23,114.21,155.02
1120,3,Front/Back,138.9,138.83,121.55,159.9,128.03,115.67,108.6,136.74
1120,4,Front/Back,127.75,132.3,85.92,155.33,121.01,112.15,112.84,135.18
1120,5,Front/Back,146.87,127.57,115.68,147.04,135.0,114.33,115.55,133.8
1120,6,Front/Back,180.0,129.66,151.79,149.39,141.38,118.19,141.38,137.92
1120,7,Front/Back,170.28,129.72,162.31,147.44,138.1,120.11,138.1,137.83
1120,8,Front/Back,156.36,146.33,136.73,159.07,141.46,128.07,141.46,140.81
1120,9,Front/Back,150.44,139.49,129.79,141.27,156.22,143.96,165.34,145.74
1120,10,Front/Back,152.91,137.28,127.59,108.6,161.51,147.55,170.61,147.55
1120,11,Front/Back,125.43,136.97,110.93,119.53,162.08,142.38,180.0,142.38
1120,12,Front/Back,147.76,147.44,119.7,141.67,164.23,147.55,180.0,147.55
1120,13,Front/Back,157.26,148.13,103.91,142.69,151.55,142.54,151.55,142.54
1120,14,Front/Back,150.14,144.1,122.49,144.1,156.68,144.31,156.68,144.31
1120,15,Front/Back,159.21,145.69,135.18,145.69,157.45,144.67,138.0,144.67
1120,16,Front/Back,155.09,146.31,117.68,146.31,175.6,147.23,148.2,147.23
1120,17,Front/Back,143.63,149.48,106.46,149.48,159.09,150.68,126.17,140.19
1120,18,Front/Back,130.73,145.83,103.14,134.07,180.0,143.24,143.41,125.4
1120,19,Front/Back,109.77,164.69,103.5,164.69,155.81,137.7,161.55,117.2
1120,20,Front/Back,117.64,146.4,127.5,155.57,154.03,133.73,179.99,117.44
1120,21,Front/Back,156.0,146.85,131.12,146.85,142.38,146.22,142.38,146.22
1120,22,Front/Back,155.68,141.3,138.91,141.3,143.86,143.51,143.86,132.04
1120,23,Front/Back,159.43,149.04,159.43,149.04,140.42,136.59,140.42,136.59
1120,24,Front/Back,174.94,134.32,142.06,159.42,143.45,133.53,143.45,158.63
1120,25,Front/Back,170.99,136.29,140.24,135.48,170.99,130.79,180.0,155.89
1120,26,Front/Back,164.23,124.39,144.75,149.54,164.23,130.71,180.0,155.86
1120,27,Front/Back,167.1,136.87,145.34,124.08,167.1,132.44,180.0,155.95
1120,28,Front/Back,167.08,128.11,163.99,149.75,167.08,143.13,180.0,164.76
1120,29,Front/Back,180.0,139.84,161.94,155.09,180.0,149.51,180.0,164.76
1120,30,Front/Back,179.97,179.97,179.97,179.97,179.98,179.98,179.97,179.97
1120,31,Front/Back,166.64,136.87,166.64,160.43,154.14,141.92,132.25,154.01
1120,32,Front/Back,163.97,164.5,148.94,179.99,154.14,137.25,128.0,124.4
1121,1,Front/Back,164.68,175.24,134.67,137.2,148.29,152.58,109.24,114.66
1121,2,Front/Back,157.57,169.31,124.23,126.25,150.91,154.2,115.6,121.84
1121,3,Front/Back,157.61,168.15,124.21,123.9,155.25,157.68,125.96,130.14
1121,4,Front/Back,158.19,161.48,128.0,132.4,158.55,161.33,130.78,140.24
1121,5,Front/Back,165.73,164.83,140.58,144.21,164.87,167.9,147.92,153.85
1121,6,Front/Back,179.98,179.98,179.97,179.97,179.98,179.98,179.98,179.98
1121,7,Front/Back,158.68,151.83,134.32,127.33,167.9,177.2,167.9,180.0
1121,8,Front/Back,151.51,153.5,120.28,116.31,165.58,169.93,165.58,169.93
1121,9,Front/Back,149.17,130.21,118.44,109.78,164.49,162.15,151.22,180.0
1121,10,Front/Back,148.04,180.0,133.48,142.81,161.55,180.0,153.56,180.0
1121,11,Front/Back,157.04,180.0,157.04,142.08,161.36,180.0,149.68,180.0
1121,12,Front/Back,166.92,180.0,166.92,138.01,156.03,180.0,143.06,180.0
1121,13,Front/Back,160.45,180.0,144.93,135.54,152.03,173.62,123.54,173.62
1121,14,Front/Back,158.05,168.75,138.66,125.52,149.8,164.27,115.05,137.99
1121,15,Front/Back,156.26,171.93,133.0,130.78,147.74,148.48,107.4,131.97
1121,16,Front/Back,159.94,179.99,140.26,144.71,152.44,144.16,107.26,121.08
1121,17,Front/Back,154.54,151.51,122.2,114.87,157.24,162.01,115.85,124.51
1121,18,Front/Back,153.42,146.53,118.04,103.02,166.83,180.0,135.07,150.67
1121,19,Front/Back,159.41,155.39,127.08,108.99,180.0,180.0,153.28,153.48
1121,20,Front/Back,150.15,157.4,127.3,119.48,180.0,180.0,156.92,152.06
1121,21,Front/Back,158.95,175.38,158.95,153.77,180.0,175.38,161.92,152.99
1121,22,Front/Back,149.89,156.62,127.47,121.49,180.0,176.13,163.51,158.06
1121,23,Front/Back,146.26,159.84,110.26,113.02,173.06,180.0,148.95,161.74
1121,24,Front/Back,141.88,159.96,109.35,104.74,160.66,160.13,141.16,160.13
1121,25,Front/Back,146.88,180.0,114.88,126.23,155.17,154.32,139.22,140.57
1121,26,Front/Back,155.09,163.25,131.93,132.36,153.56,149.39,142.47,166.14
1121,27,Front/Back,168.23,180.0,145.39,130.82,152.1,149.67,141.02,149.67
1121,28,Front/Back,139.13,179.99,134.15,130.8,143.5,154.03,140.1,130.38
1121,29,Front/Back,130.13,167.84,146.88,129.2,131.45,138.97,132.29,122.24
1122,1,Front/Back,137.98,132.63,155.3,142.09,140.54,148.86,135.47,139.81
1122,2,Front/Back,139.42,127.95,156.73,137.26,140.4,146.55,139.22,139.35
1122,3,Front/Back,139.43,135.74,159.11,157.37,144.53,158.37,142.36,152.55
1122,4,Front/Back,148.12,119.67,167.8,146.63,149.23,153.04,139.17,150.15
1122,5,Front/Back,158.21,120.51,180.0,147.47,158.21,137.72,150.2,145.17
1122,6,Front/Back,156.27,118.19,180.0,146.63,156.27,140.82,148.16,146.89
1122,7,Front/Back,112.73,112.92,143.56,139.88,149.16,153.03,150.18,161.4
1122,8,Front/Back,117.25,114.12,143.8,137.62,153.45,156.5,146.33,161.99
1122,9,Front/Back,123.5,152.44,146.88,152.44,156.62,180.0,152.54,167.11
1122,10,Front/Back,149.83,121.92,154.87,135.65,174.95,166.27,140.93,166.21
1122,11,Front/Back,164.33,140.35,164.33,140.35,180.0,180.0,140.11,180.0
1122,12,Front/Back,154.87,146.26,154.87,146.26,180.0,180.0,140.11,180.0
1122,13,Front/Back,149.45,140.35,132.75,140.35,180.0,171.69,151.59,171.69
1122,14,Front/Back,132.88,125.7,118.46,137.86,162.68,167.83,154.22,180.0
1122,15,Front/Back,131.05,126.7,125.78,139.35,160.32,149.89,156.67,162.54
1122,16,Front/Back,134.98,145.06,154.65,153.47,160.32,151.28,157.17,159.69
1122,17,Front/Back,138.25,148.62,137.05,157.63,151.86,152.47,145.25,161.49
1122,18,Front/Back,151.61,147.44,117.18,155.85,162.71,154.19,147.75,162.6
1122,19,Front/Back,151.61,154.21,114.03,157.24,180.0,164.36,150.88,167.39
1122,20,Front/Back,149.49,160.58,111.37,133.16,180.0,163.58,149.0,163.58
1122,21,Front/Back,150.8,162.37,112.22,135.69,171.32,178.26,126.14,165.53
1122,22,Front/Back,142.22,147.33,94.32,138.42,159.89,160.49,139.92,160.49
1122,23,Front/Back,136.31,138.11,86.01,138.11,180.0,180.0,157.91,169.91
1122,24,Front/Back,119.53,140.63,87.8,126.63,165.93,180.0,147.16,180.0
1122,25,Front/Back,119.27,143.68,108.12,143.68,165.93,180.0,146.57,180.0
1122,26,Front/Back,119.07,151.7,139.44,151.7,159.63,180.0,158.34,180.0
1122,27,Front/Back,117.9,162.21,138.26,162.21,159.63,180.0,146.43,180.0
1122,28,Front/Back,125.79,152.79,110.93,159.58,166.48,173.22,147.25,163.52
1122,29,Front/Back,122.86,152.12,134.03,157.76,163.55,174.36,148.49,164.83
1122,30,Front/Back,154.65,158.68,139.66,149.22,179.99,175.94,150.27,177.39
1122,31,Front/Back,179.98,179.98,179.97,179.97,179.98,179.98,179.98,179.98
1122,32,Front/Back,147.97,131.55,167.11,151.26,160.85,150.61,142.7,150.2
1123,1,Front/Back,179.98,179.98,179.97,179.97,179.98,179.98,179.98,179.98
1123,2,Front/Back,135.87,173.48,148.29,157.35,160.45,162.6,172.87,155.37
1123,3,Front/Back,137.64,173.11,137.64,152.09,171.95,173.11,171.95,164.12
1123,4,Front/Back,141.67,150.47,141.67,144.76,171.09,160.74,171.09,168.15
1123,5,Front/Back,144.07,125.88,144.07,145.2,170.8,160.68,170.8,168.55
1123,6,Front/Back,144.3,135.64,144.3,153.32,176.78,162.32,176.78,180.0
1123,7,Front/Back,135.99,130.61,135.99,115.66,171.32,166.28,171.32,180.0
1123,8,Front/Back,129.95,142.23,129.95,97.66,171.6,156.48,171.6,156.36
1123,9,Front/Back,125.86,147.82,125.86,97.93,147.1,158.43,147.1,151.58
1123,10,Front/Back,130.41,147.94,130.41,113.99,162.69,156.23,162.69,150.38
1123,11,Front/Back,132.41,136.14,132.41,136.14,168.44,148.95,154.99,128.92
1123,12,Front/Back,135.34,135.63,135.34,135.63,149.05,151.48,149.05,145.63
1123,13,Front/Back,136.3,144.6,126.73,134.55,164.23,151.1,164.23,151.1
1123,14,Front/Back,138.2,149.09,138.2,119.03,163.34,151.71,163.34,151.71
1123,15,Front/Back,139.32,157.68,115.56,139.9,160.51,152.12,160.51,152.12
1123,16,Front/Back,144.8,160.92,144.8,160.92,164.58,158.74,164.58,158.74
1123,17,Front/Back,140.82,154.72,117.07,132.8,156.68,153.18,156.68,153.18
1123,18,Front/Back,137.5,150.46,117.86,103.26,159.07,152.6,159.07,152.6
1123,19,Front/Back,125.3,151.15,114.88,103.47,153.84,152.82,163.61,152.82
1123,20,Front/Back,135.11,144.28,135.11,130.26,147.73,138.96,142.97,127.11
1123,21,Front/Back,123.54,148.31,141.03,148.31,155.99,144.54,146.58,115.64
1124,1,Front/Back,141.23,151.72,131.43,142.46,132.0,113.96,130.43,105.36
1124,2,Front/Back,137.35,151.72,126.77,155.98,137.35,115.34,139.54,108.83
1124,3,Front/Back,137.32,154.14,137.23,160.54,137.32,117.53,139.79,104.92
1124,4,Front/Back,137.32,159.04,148.54,146.03,137.32,123.86,138.34,107.25
1124,5,Front/Back,138.56,156.17,137.86,134.43,138.56,127.28,139.4,116.01
1124,6,Front/Back,141.19,151.72,136.67,151.12,141.19,131.09,140.39,128.13
1124,7,Front/Back,143.95,154.46,134.56,143.97,143.95,141.89,144.92,136.19
1124,8,Front/Back,146.93,161.96,134.85,131.79,146.93,161.96,148.1,148.13
1124,9,Front/Back,180.0,156.47,136.0,137.56,180.0,156.47,150.41,160.31
1124,10,Front/Back,153.72,161.96,142.08,146.03,153.72,161.96,164.88,157.52
1124,11,Front/Back,153.72,170.03,140.67,139.97,153.72,157.08,167.51,142.85
1124,12,Front/Back,160.2,176.74,142.08,143.97,160.2,159.99,150.03,137.78
1124,13,Front/Back,133.69,180.0,146.96,150.48,155.76,152.68,156.41,131.05
1124,14,Front/Back,131.7,180.0,137.74,154.35,157.99,148.49,157.65,121.17
1124,15,Front/Back,134.02,180.0,141.06,144.96,155.84,143.57,160.58,123.5
1124,16,Front/Back,155.32,180.0,143.42,133.58,132.07,141.4,124.61,110.15
1124,17,Front/Back,155.32,180.0,147.06,138.21,150.57,136.59,129.68,99.68
1124,18,Front/Back,159.66,167.83,132.33,145.55,159.66,135.21,123.86,94.86
1124,19,Front/Back,169.59,180.0,130.42,137.41,136.34,144.03,97.4,93.5
1124,20,Front/Back,147.58,180.0,147.02,150.07,147.58,136.4,131.39,82.89
1124,21,Front/Back,146.06,180.0,134.0,145.23,146.06,138.69,136.06,86.65
1124,22,Front/Back,151.32,180.0,142.04,140.17,151.32,142.17,140.2,91.18
1124,23,Front/Back,150.66,174.09,142.8,126.55,130.11,147.39,159.44,112.04
1124,24,Front/Back,148.99,180.0,139.77,126.61,148.99,146.21,180.0,136.58
1124,25,Front/Back,127.64,174.18,128.48,125.67,148.84,147.62,180.0,141.03
1124,26,Front/Back,152.02,180.0,144.2,136.42,152.02,161.89,160.88,145.47
1124,27,Front/Back,155.76,141.03,168.93,111.05,155.76,163.73,152.51,141.14
1124,28,Front/Back,157.9,152.56,155.74,125.17,157.9,166.5,149.47,166.5
1124,29,Front/Back,137.33,180.0,154.47,145.76,162.86,152.06,163.48,139.58
1124,30,Front/Back,179.97,179.97,179.97,179.97,179.98,179.98,179.98,179.98
1124,31,Front/Back,170.35,164.99,154.43,157.56,151.85,151.49,149.8,166.5
1124,32,Front/Back,136.26,137.61,142.19,152.21,146.92,130.49,159.23,150.67
1124,33,Front/Back,146.93,151.02,145.9,148.15,146.93,123.69,153.07,127.89
1124,34,Front/Back,145.42,151.99,156.49,147.99,145.42,124.88,137.77,115.99
1124,35,Front/Back,141.19,158.44,144.98,146.89,141.19,131.34,137.77,108.39
1124,36,Front/Back,137.31,146.29,140.56,145.76,137.31,121.36,134.11,99.37
1124,37,Front/Back,136.09,144.85,150.24,153.6,136.09,119.91,139.57,99.37
1125,1,Front/Back,180.0,162.49,165.21,142.45,143.05,133.17,143.05,143.6
1125,2,Front/Back,180.0,137.28,180.0,123.93,143.7,132.84,143.7,119.07
1125,3,Front/Back,162.33,145.45,165.64,117.09,138.4,130.36,122.57,118.98
1125,4,Front/Back,142.89,152.72,155.44,110.6,120.02,139.04,132.58,107.0
1125,5,Front/Back,168.2,180.0,168.2,131.06,135.99,137.14,124.62,111.68
1125,6,Front/Back,180.0,155.58,160.02,111.87,137.54,140.21,137.54,117.56
1125,7,Front/Back,154.17,147.4,154.17,105.65,142.85,138.37,142.85,141.4
1125,8,Front/Back,142.61,118.54,142.61,103.19,156.25,127.33,156.25,152.09
1125,9,Front/Back,148.65,123.39,148.65,134.54,152.8,148.02,152.8,159.18
1125,10,Front/Back,144.48,109.29,144.48,119.87,145.6,144.12,145.6,166.94
1125,11,Front/Back,142.95,117.33,142.95,115.33,145.72,157.32,145.72,180.0
1125,12,Front/Back,141.59,126.46,141.59,120.81,143.56,151.87,143.56,159.04
1125,13,Front/Back,142.84,141.87,142.84,116.78,141.89,159.42,141.89,141.0
1125,14,Front/Back,144.22,150.43,144.22,120.36,143.26,158.45,143.26,136.76
1125,15,Front/Back,142.95,160.62,142.95,115.85,147.2,155.39,147.2,134.77
1125,16,Front/Back,142.24,139.42,142.24,119.01,151.93,149.52,151.93,141.01
1125,17,Front/Back,146.31,141.36,146.31,141.36,142.63,151.37,142.63,116.36
1125,18,Front/Back,147.06,140.3,147.06,108.67,140.43,160.96,140.43,120.83
1125,19,Front/Back,131.27,140.8,131.27,113.26,146.19,148.53,125.32,103.19
1125,20,Front/Back,146.61,141.36,146.59,105.81,143.5,161.93,143.5,113.05
1125,21,Front/Back,159.63,141.54,129.17,118.29,148.27,160.9,139.32,121.45
1125,22,Front/Back,170.99,134.52,149.3,96.65,153.87,158.7,153.87,140.96
1125,23,Front/Back,150.16,126.92,150.16,90.69,180.0,165.6,151.89,170.42
1125,24,Front/Back,161.57,139.94,161.57,129.01,172.86,170.42,149.55,151.88
1125,25,Front/Back,156.19,133.38,156.19,105.26,180.0,157.51,164.74,155.81
1125,26,Front/Back,180.0,142.0,170.68,117.86,180.0,151.16,154.92,162.0
1125,27,Front/Back,180.0,134.0,180.0,118.48,180.0,165.52,150.8,163.05
1125,28,Front/Back,180.0,151.22,152.73,132.69,180.0,156.49,160.4,166.74
1125,29,Front/Back,179.98,179.98,179.97,179.98,179.98,179.98,179.98,179.98
1126,1,Front/Back,162.25,166.46,180.0,180.0,162.25,166.46,180.0,147.08
1126,2,Front/Back,171.59,164.29,180.0,180.0,171.59,141.64,160.39,136.9
1126,3,Front/Back,153.64,162.53,180.0,180.0,153.64,139.53,163.68,143.06
1126,4,Front/Back,153.64,162.49,180.0,155.87,153.64,139.2,166.78,156.71
1126,5,Front/Back,171.75,160.86,180.0,154.56,171.75,152.65,166.37,150.46
1126,6,Front/Back,162.25,159.32,171.14,180.0,162.25,159.32,162.67,157.07
1126,7,Front/Back,180.0,178.18,180.0,158.77,180.0,169.79,165.39,156.6
1126,8,Front/Back,179.98,179.98,179.97,179.97,179.98,179.98,179.98,179.98
1126,9,Front/Back,180.0,164.44,175.25,164.44,152.36,159.65,152.36,159.65
1126,10,Front/Back,180.0,180.0,180.0,142.49,148.55,152.25,148.55,152.25
1126,11,Front/Back,180.0,180.0,167.42,158.77,148.55,145.18,148.55,145.18
1126,12,Front/Back,180.0,180.0,180.0,169.63,152.28,153.65,152.28,153.65
1126,13,Front/Back,180.0,180.0,170.85,180.0,155.04,153.07,155.04,153.07
1126,14,Front/Back,180.0,180.0,180.0,180.0,158.03,152.62,158.03,142.34
1126,15,Front/Back,180.0,180.0,180.0,180.0,166.03,154.1,135.64,133.03
1126,16,Front/Back,180.0,160.09,180.0,160.09,164.18,155.67,135.46,117.38
1126,17,Front/Back,168.08,180.0,155.5,180.0,165.01,157.56,133.79,110.65
1126,18,Front/Back,180.0,156.33,180.0,156.33,170.13,160.69,141.03,123.48
1126,19,Front/Back,180.0,180.0,180.0,180.0,173.27,150.01,144.17,104.34
1126,20,Front/Back,180.0,165.39,180.0,165.39,158.43,165.33,136.96,125.99
1126,21,Front/Back,180.0,180.0,180.0,180.0,155.57,144.67,155.57,120.58
1126,22,Front/Back,180.0,180.0,172.42,159.98,162.13,145.5,162.13,125.15
1126,23,Front/Back,180.0,180.0,170.38,139.9,153.77,153.84,153.77,142.9
1126,24,Front/Back,180.0,180.0,141.58,134.93,156.49,160.12,156.49,160.12
1126,25,Front/Back,180.0,180.0,149.91,128.51,154.76,153.52,154.76,153.52
1126,26,Front/Back,180.0,180.0,153.88,137.58,153.59,152.14,153.59,152.14
1126,27,Front/Back,180.0,180.0,168.69,138.92,153.67,157.87,153.67,157.87
1126,28,Front/Back,180.0,180.0,175.25,147.32,163.44,154.96,151.29,154.96
1126,29,Front/Back,180.0,180.0,163.95,180.0,163.44,156.51,163.44,141.94
1126,30,Front/Back,180.0,180.0,180.0,167.23,155.27,161.81,155.27,130.62
1126,31,Front/Back,180.0,180.0,180.0,166.89,150.22,149.19,132.0,126.08
1127,1,Front/Back,119.27,137.04,156.06,144.03,143.21,147.67,152.36,151.03
1127,2,Front/Back,98.03,109.16,141.25,104.96,136.78,137.13,151.03,152.18
1127,3,Front/Back,115.54,106.78,155.23,118.7,140.3,136.85,152.36,153.56
1127,4,Front/Back,143.21,104.71,180.0,139.96,143.21,136.69,153.74,153.41
1127,5,Front/Back,111.55,105.63,149.0,117.33,142.55,138.15,162.11,161.43
1127,6,Front/Back,125.0,110.88,160.08,113.91,144.92,140.33,180.0,165.55
1127,7,Front/Back,126.3,124.46,117.83,105.0,137.02,139.42,161.43,166.1
1127,8,Front/Back,119.94,129.38,122.01,103.85,137.72,146.26,142.08,171.99
1127,9,Front/Back,114.68,131.27,137.49,116.08,144.1,153.19,150.79,179.99
1127,10,Front/Back,113.78,138.81,138.01,112.15,155.77,157.78,157.9,171.79
1127,11,Front/Back,116.02,146.88,137.65,129.91,158.37,160.42,162.25,180.0
1127,12,Front/Back,109.91,126.07,131.54,100.12,158.37,160.44,168.35,163.71
1127,13,Front/Back,109.5,123.29,128.45,106.19,151.73,156.68,170.68,158.15
1127,14,Front/Back,101.16,122.01,126.5,119.49,154.66,155.39,164.82,153.56
1127,15,Front/Back,97.52,118.13,125.43,124.2,152.09,156.56,180.0,145.55
1127,16,Front/Back,103.67,112.86,133.6,125.54,150.08,150.2,155.76,139.29
1127,17,Front/Back,91.51,109.7,125.54,102.67,145.97,147.46,156.05,142.31
1127,18,Front/Back,90.67,111.46,123.92,111.31,146.75,149.28,157.96,146.73
1127,19,Front/Back,95.9,118.82,128.28,128.04,147.62,154.29,157.42,151.81
1127,20,Front/Back,102.63,127.02,127.07,111.84,155.56,161.91,155.98,156.22
1127,21,Front/Back,114.96,141.61,131.38,116.52,154.47,169.58,157.31,180.0
1127,22,Front/Back,121.55,135.0,131.24,90.98,153.52,168.17,154.84,168.17
1127,23,Front/Back,136.89,154.51,136.87,117.76,159.17,161.23,159.17,161.23
1127,24,Front/Back,143.67,153.64,114.73,103.05,159.17,164.19,159.17,164.19
1127,25,Front/Back,146.53,156.39,121.16,117.13,165.08,166.0,165.08,166.0
1127,26,Front/Back,179.98,179.98,179.97,179.97,179.98,179.98,179.98,179.98
1127,27,Front/Back,167.23,163.47,159.23,143.29,159.94,155.57,172.71,172.09
1127,28,Front/Back,139.99,141.12,145.62,166.81,144.93,154.31,170.31,163.52
1127,29,Front/Back,149.16,151.17,180.0,159.43,149.16,151.17,160.23,153.17
1127,30,Front/Back,106.08,147.46,147.92,180.0,138.16,147.46,152.38,152.34
1127,31,Front/Back,112.6,118.63,156.04,136.07,136.56,137.6,152.38,147.9
1128,1,Front/Back,138.21,180.0,142.59,146.63,154.67,148.9,147.42,148.9
1128,2,Front/Back,164.68,180.0,148.42,154.72,164.68,149.05,128.59,123.88
1128,3,Front/Back,144.7,180.0,147.49,154.72,144.7,156.15,133.38,108.82
1128,4,Front/Back,150.38,180.0,146.41,148.12,156.66,143.05,124.21,98.23
1128,5,Front/Back,157.59,180.0,124.26,165.73,137.25,143.05,95.93,106.83
1128,6,Front/Back,180.0,180.0,144.09,167.3,134.95,140.42,96.7,111.0
1128,7,Front/Back,151.52,180.0,115.0,148.83,139.13,140.42,106.74,126.2
1128,8,Front/Back,155.19,180.0,110.56,141.38,150.3,140.42,121.73,140.42
1128,9,Front/Back,146.84,173.29,109.98,135.32,167.89,152.16,139.79,152.16
1128,10,Front/Back,143.4,148.22,108.72,113.41,180.0,152.39,167.13,152.39
1128,11,Front/Back,155.58,143.17,117.33,116.48,160.55,152.22,160.55,152.22
1128,12,Front/Back,141.87,144.58,108.91,124.29,160.55,155.96,160.55,155.96
1128,13,Front/Back,135.05,142.24,107.84,119.19,160.55,152.39,160.55,152.39
1128,14,Front/Back,132.99,149.1,96.47,118.92,166.58,161.48,166.58,161.48
1128,15,Front/Back,131.81,155.07,100.69,110.7,180.0,163.09,180.0,163.09
1128,16,Front/Back,132.3,180.0,103.89,139.29,180.0,164.21,151.44,164.21
1128,17,Front/Back,139.67,180.0,100.66,133.02,180.0,163.09,144.95,144.57
1128,18,Front/Back,145.15,180.0,106.82,135.24,180.0,180.0,138.58,143.71
1128,19,Front/Back,142.18,173.29,105.66,128.84,168.95,180.0,125.85,129.97
1128,20,Front/Back,137.01,150.65,97.07,99.75,162.41,180.0,115.57,125.54
1128,21,Front/Back,137.4,171.19,100.1,118.09,150.9,159.13,111.28,113.89
1128,22,Front/Back,130.82,155.66,90.54,104.92,157.08,158.23,123.04,118.26
1128,23,Front/Back,130.82,156.87,87.95,110.13,161.69,162.19,129.73,132.43
1128,24,Front/Back,133.19,150.26,97.28,101.93,180.0,162.19,176.9,146.31
1128,25,Front/Back,151.29,158.79,116.17,112.05,180.0,180.0,180.0,180.0
1128,26,Front/Back,134.66,167.23,113.72,134.38,180.0,176.04,180.0,180.0
1128,27,Front/Back,153.19,180.0,124.38,140.01,180.0,180.0,180.0,180.0
1128,28,Front/Back,180.0,167.5,141.76,142.22,178.36,180.0,178.36,179.99
1128,29,Front/Back,160.53,150.71,143.37,144.85,180.0,164.88,180.0,176.73
1128,30,Front/Back,180.0,161.59,157.25,161.6,180.0,165.88,180.0,165.89
1128,31,Front/Back,179.98,179.98,179.97,179.97,179.98,179.98,179.98,179.98
1128,32,Front/Back,175.98,180.0,152.69,151.3,163.09,155.96,146.53,141.37
1128,33,Front/Back,180.0,180.0,150.51,153.91,161.15,148.84,128.76,148.84
1128,34,Front/Back,180.0,180.0,128.33,152.05,157.08,146.02,124.5,116.6
1129,1,Front/Back,180.0,172.35,180.0,180.0,145.52,140.95,145.52,148.6
1129,2,Front/Back,180.0,173.32,180.0,173.32,148.75,145.65,131.96,145.65
1129,3,Front/Back,180.0,156.62,180.0,156.62,146.55,145.22,129.12,131.29
1129,4,Front/Back,180.0,155.3,180.0,155.3,141.55,145.22,141.55,135.38
1129,5,Front/Back,144.63,151.32,153.65,151.32,137.56,148.26,146.57,138.99
1129,6,Front/Back,126.81,180.0,152.64,180.0,139.9,158.44,143.39,158.44
1129,7,Front/Back,125.18,180.0,149.46,180.0,143.84,165.73,162.25,165.73
1129,8,Front/Back,179.97,179.97,179.96,179.95,179.98,179.98,179.98,179.98
1129,9,Front/Back,180.0,180.0,155.85,180.0,180.0,173.16,180.0,164.25
1129,10,Front/Back,180.0,180.0,180.0,180.0,175.24,170.9,175.24,170.9
1129,11,Front/Back,143.34,171.81,156.39,171.81,158.81,164.6,171.86,164.6
1129,12,Front/Back,180.0,180.0,180.0,180.0,170.68,166.36,155.52,166.36
1129,13,Front/Back,162.4,155.18,162.4,155.18,154.55,150.07,132.34,150.07
1129,14,Front/Back,153.89,146.73,153.89,146.73,153.19,151.89,130.24,151.89
1129,15,Front/Back,150.63,180.0,150.63,180.0,159.61,152.3,129.47,142.84
1129,16,Front/Back,155.38,180.0,155.38,180.0,163.02,152.74,131.25,135.3
1129,17,Front/Back,153.19,145.44,153.19,145.44,147.02,148.44,117.54,123.6
1129,18,Front/Back,167.82,157.41,167.82,157.41,158.74,142.39,127.85,123.28
1129,19,Front/Back,152.81,158.17,152.81,158.17,145.61,146.34,114.23,115.16
1129,20,Front/Back,150.5,166.89,150.5,166.89,147.57,151.38,120.32,118.75
1129,21,Front/Back,180.0,180.0,180.0,180.0,151.87,155.37,117.69,121.35
1129,22,Front/Back,168.31,159.91,168.31,159.91,169.86,180.0,138.48,148.43
1129,23,Front/Back,160.85,180.0,142.75,180.0,180.0,180.0,148.83,149.38
1129,24,Front/Back,164.61,180.0,156.62,154.7,180.0,180.0,149.65,154.95
1129,25,Front/Back,180.0,180.0,180.0,180.0,180.0,171.94,149.3,155.95
1129,26,Front/Back,180.0,180.0,180.0,180.0,180.0,165.73,162.57,157.28
1129,27,Front/Back,176.03,180.0,180.0,180.0,176.03,163.84,152.06,163.84
1129,28,Front/Back,177.11,180.0,180.0,180.0,177.11,162.46,150.47,154.0
1129,29,Front/Back,180.0,180.0,180.0,180.0,153.78,161.25,126.05,147.97
1129,30,Front/Back,180.0,180.0,180.0,180.0,151.14,152.63,123.41,140.03
1130,1,Front/Back,180.0,145.18,166.36,158.77,180.0,145.1,145.1,123.5
1130,2,Front/Back,180.0,135.74,180.0,153.08,180.0,145.04,138.13,129.63
1130,3,Front/Back,170.33,162.65,180.0,180.0,170.33,162.65,140.59,140.07
1130,4,Front/Back,180.0,133.58,180.0,150.93,175.19,158.94,135.78,140.99
1130,5,Front/Back,174.47,180.0,174.47,180.0,175.19,167.52,138.32,134.72
1130,6,Front/Back,180.0,180.0,180.0,180.0,167.05,167.08,130.52,134.44
1130,7,Front/Back,146.84,134.75,146.84,153.08,175.03,148.74,140.32,137.04
1130,8,Front/Back,142.65,131.7,92.7,141.83,175.19,156.96,142.73,140.0
1130,9,Front/Back,158.23,122.83,106.0,137.63,155.49,165.2,148.96,153.05
1130,10,Front/Back,163.19,131.05,118.3,141.83,162.54,165.5,158.27,162.72
1130,11,Front/Back,179.98,179.98,179.97,179.97,179.98,179.98,179.98,179.98
1130,12,Front/Back,180.0,179.99,129.82,148.33,160.1,164.34,160.09,142.27
1130,13,Front/Back,152.72,154.03,152.72,154.03,149.11,157.52,149.11,133.27
1130,14,Front/Back,165.66,141.15,142.15,141.15,155.38,152.39,127.13,125.7
1130,15,Front/Back,180.0,136.88,166.85,136.88,147.75,164.76,118.5,127.7
1130,16,Front/Back,180.0,136.13,180.0,136.13,147.75,167.77,115.3,124.42
1130,17,Front/Back,167.3,138.11,167.3,138.11,141.51,180.0,124.88,130.46
1130,18,Front/Back,180.0,157.41,180.0,157.41,145.56,158.37,128.93,122.78
1130,19,Front/Back,167.3,153.08,167.3,153.08,148.32,166.13,122.87,130.55
1130,20,Front/Back,152.2,138.29,152.2,138.29,180.0,180.0,154.55,134.72
1130,21,Front/Back,148.84,136.13,148.84,136.13,180.0,180.0,150.75,138.65
1130,22,Front/Back,140.46,130.76,111.61,130.76,180.0,180.0,144.35,142.95
1130,23,Front/Back,123.58,139.53,90.57,125.87,169.0,180.0,149.44,147.74
1130,24,Front/Back,131.68,135.0,86.12,109.87,164.85,180.0,145.89,145.27
1130,25,Front/Back,148.2,125.85,125.2,137.15,148.21,168.69,142.58,140.35
1130,26,Front/Back,145.15,122.1,121.25,141.15,169.0,160.95,144.99,140.18
1130,27,Front/Back,155.0,117.83,117.09,136.88,179.99,160.95,142.69,137.88
1130,28,Front/Back,152.72,113.31,115.11,132.37,180.0,160.95,132.09,138.02
1130,29,Front/Back,180.0,114.54,139.73,133.59,180.0,160.95,132.19,138.19
1130,30,Front/Back,180.0,131.33,147.02,150.38,180.0,160.95,139.37,138.19
1130,31,Front/Back,180.0,158.34,180.0,180.0,180.0,158.34,139.84,137.88
1130,32,Front/Back,164.85,180.0,171.73,180.0,164.85,180.0,133.78,134.68
1131,1,Front/Back,119.61,168.04,103.59,87.1,112.1,130.56,131.98,130.56
1131,2,Front/Back,126.21,147.2,99.13,65.26,118.87,135.55,136.52,135.55
1131,3,Front/Back,132.9,146.88,102.51,66.34,124.81,140.91,140.27,140.91
1131,4,Front/Back,139.43,147.27,113.39,68.52,143.53,145.75,142.38,145.75
1131,5,Front/Back,151.67,151.25,132.99,74.94,154.08,161.19,151.32,161.2
1131,6,Front/Back,179.98,179.98,179.98,179.98,179.98,179.98,179.98,179.98
1131,7,Front/Back,145.36,179.99,118.11,179.99,163.42,158.73,167.02,158.73
1131,8,Front/Back,141.75,180.0,106.65,180.0,146.98,152.61,150.59,152.61
1131,9,Front/Back,146.67,167.8,95.9,167.8,146.3,148.91,146.3,148.91
1131,10,Front/Back,150.16,180.0,116.77,180.0,144.08,149.87,144.08,149.87
1131,11,Front/Back,132.71,180.0,124.0,180.0,133.04,147.62,152.79,147.62
1131,12,Front/Back,142.41,180.0,97.97,167.4,140.74,147.62,140.74,147.62
1131,13,Front/Back,137.46,166.25,80.73,135.02,139.58,147.62,139.58,147.62
1131,14,Front/Back,130.56,154.66,74.15,113.02,139.9,142.13,139.9,142.13
1131,15,Front/Back,133.86,147.6,89.42,96.96,138.71,141.49,138.7,141.49
1131,16,Front/Back,111.37,144.07,115.55,69.12,123.68,141.48,133.15,141.48
1131,17,Front/Back,106.77,145.52,90.59,67.04,126.07,142.13,137.29,142.13
1131,18,Front/Back,106.72,149.49,79.53,68.61,131.22,144.05,141.45,144.05
1131,19,Front/Back,106.72,154.87,83.98,73.17,133.39,147.0,151.89,147.0
1131,20,Front/Back,107.18,155.75,95.71,82.29,136.55,143.45,164.39,150.42
1131,21,Front/Back,109.89,167.69,127.25,102.21,134.28,144.28,163.6,156.59
1131,22,Front/Back,109.87,172.42,111.11,101.61,128.07,143.96,156.18,151.54
1131,23,Front/Back,110.94,178.64,109.65,100.15,130.1,145.61,151.0,145.61
1131,24,Front/Back,109.43,180.0,120.64,101.89,127.56,141.95,150.16,141.95
1131,25,Front/Back,111.18,180.0,118.82,102.83,120.47,136.49,144.42,136.49
1131,26,Front/Back,115.68,180.0,133.4,104.4,116.43,134.01,140.6,134.01
1131,27,Front/Back,111.18,180.0,104.05,101.87,116.29,137.55,140.46,137.55
1131,28,Front/Back,108.69,180.0,89.61,100.01,115.72,140.5,141.58,140.5
1131,29,Front/Back,114.37,157.64,81.57,76.49,117.69,138.28,138.99,138.28
1131,30,Front/Back,114.69,156.6,81.09,76.61,118.58,136.41,137.82,136.41
1131,31,Front/Back,129.45,141.1,92.76,82.47,126.4,124.66,118.51,144.75
1132,1,Front/Back,180.0,172.63,180.0,180.0,138.83,149.48,111.89,156.85
1132,2,Front/Back,180.0,162.53,180.0,180.0,147.16,150.83,113.04,168.29
1132,3,Front/Back,180.0,162.53,180.0,159.42,149.06,150.83,112.54,168.3
1132,4,Front/Back,180.0,161.91,180.0,175.6,151.07,159.92,114.54,178.02
1132,5,Front/Back,180.0,159.18,180.0,180.0,153.22,157.19,116.72,178.02
1132,6,Front/Back,180.0,161.43,180.0,180.0,153.19,161.42,116.92,179.99
1132,7,Front/Back,180.0,126.57,180.0,145.14,153.22,145.7,116.95,164.27
1132,8,Front/Back,148.03,119.63,148.03,135.85,153.39,144.61,119.27,160.83
1132,9,Front/Back,150.29,118.49,150.29,134.72,138.97,142.69,138.97,158.92
1132,10,Front/Back,172.44,147.75,157.58,157.09,140.52,147.76,130.05,157.1
1132,11,Front/Back,168.35,170.37,168.35,180.0,153.99,151.31,119.87,160.94
1132,12,Front/Back,151.25,168.85,151.25,178.2,151.8,153.45,111.72,162.8
1132,13,Front/Back,180.0,170.65,180.0,180.0,180.0,170.65,140.82,151.44
1132,14,Front/Back,170.27,124.35,170.27,159.84,180.0,144.51,137.11,153.33
1132,15,Front/Back,154.64,120.56,154.64,153.43,180.0,147.12,134.05,148.15
1132,16,Front/Back,150.29,109.66,137.22,139.61,180.0,150.04,135.35,141.48
1132,17,Front/Back,150.63,101.7,126.72,139.61,180.0,142.09,136.76,148.15
1132,18,Front/Back,141.03,112.03,141.03,129.67,180.0,139.57,138.28,155.99
1132,19,Front/Back,143.02,117.42,143.02,145.61,180.0,139.69,138.28,159.93
1132,20,Front/Back,149.81,138.53,149.81,180.0,180.0,138.53,141.88,170.54
1132,21,Front/Back,152.94,144.63,152.94,180.0,180.0,144.63,139.5,180.0
1132,22,Front/Back,144.67,120.23,144.67,160.55,180.0,139.69,141.46,180.0
1132,23,Front/Back,138.42,113.81,100.18,133.12,180.0,141.97,141.46,180.0
1132,24,Front/Back,160.53,163.78,160.53,132.13,180.0,163.78,143.5,180.0
1132,25,Front/Back,179.98,179.98,179.97,179.97,179.98,179.98,179.98,179.98
1132,26,Front/Back,180.0,180.0,180.0,180.0,180.0,179.99,141.54,166.82
1133,1,Side,7.68,7.63,177.34,178.4,179.02,175.11,177.3,172.47
1133,2,Side,9.14,9.75,174.09,171.96,174.37,179.04,174.92,177.82
1133,3,Side,12.3,14.27,172.87,171.82,174.03,178.82,173.05,174.93
1133,4,Side,15.63,16.43,172.82,169.85,174.22,178.32,171.66,175.78
1133,5,Side,14.82,17.72,167.93,163.92,178.32,179.57,178.73,178.42
1133,6,Side,16.86,18.09,153.87,160.17,178.81,175.68,179.29,174.76
1133,7,Side,25.82,23.47,151.66,148.94,177.68,177.87,178.57,178.32
1133,8,Side,43.7,28.39,152.4,125.51,173.33,176.24,177.89,178.53
1133,9,Side,62.58,41.64,144.81,116.99,171.67,174.64,179.35,178.22
1133,10,Side,91.59,59.39,153.43,115.77,169.44,174.62,179.39,174.48
1133,11,Side,102.23,80.76,145.62,117.88,166.79,172.44,179.06,172.68
1133,12,Side,119.05,88.31,145.62,116.07,167.8,168.5,177.37,174.26
1133,13,Side,130.13,108.1,141.22,125.1,166.36,167.28,177.07,175.42
1133,14,Side,140.27,125.54,144.89,129.94,166.61,165.53,176.17,175.55
1133,15,Side,146.26,140.51,140.47,132.59,165.79,166.45,176.38,175.41
1133,16,Side,154.29,152.05,134.88,136.79,163.57,170.6,178.66,166.87
1133,17,Side,152.12,153.56,124.27,130.75,164.49,169.14,179.21,169.25
1133,18,Side,151.59,148.63,114.17,118.84,170.99,164.61,176.82,173.44
1133,19,Side,150.33,144.41,121.53,120.68,164.67,163.02,172.58,171.88
1133,20,Side,136.38,129.47,118.78,115.44,166.9,163.3,174.29,175.2
1133,21,Side,139.7,119.81,135.49,117.32,167.22,162.55,176.72,175.77
1133,22,Side,127.78,100.95,140.78,117.34,170.41,164.04,177.28,172.67
1133,23,Side,116.5,85.17,140.91,118.79,172.41,165.77,178.97,176.17
1133,24,Side,92.01,65.73,128.89,115.56,176.21,167.7,179.19,177.9
1133,25,Side,57.04,49.99,116.95,119.16,175.69,169.86,179.18,179.82
1133,26,Side,48.34,39.48,133.67,136.17,178.51,175.27,178.53,179.91
1133,27,Side,35.75,30.93,135.61,139.98,177.18,177.68,173.49,178.32
1133,28,Side,28.09,23.39,143.13,146.26,177.71,179.49,174.72,176.64
1133,29,Side,21.11,19.41,165.33,167.35,177.09,178.41,176.31,176.82
1133,30,Side,14.77,12.92,179.86,178.51,176.44,179.82,178.28,178.42
1133,31,Side,10.2,6.83,165.7,176.85,179.51,178.54,172.21,178.86
1134,1,Front/Back,168.13,157.13,152.41,163.88,144.42,116.29,119.69,139.17
1134,2,Front/Back,155.01,159.57,158.2,180.0,155.01,117.4,139.61,137.83
1134,3,Front/Back,152.83,159.33,180.0,180.0,152.83,115.9,139.47,136.57
1134,4,Front/Back,148.62,159.33,159.11,180.0,148.62,117.2,139.32,137.87
1134,5,Front/Back,171.93,170.37,162.6,152.67,164.34,123.16,133.38,132.79
1134,6,Front/Back,171.93,179.99,180.0,150.24,171.93,132.79,140.97,132.8
1134,7,Front/Back,162.41,171.88,142.52,141.53,171.93,127.18,139.38,135.3
1134,8,Front/Back,162.04,148.7,123.32,114.91,180.0,128.99,139.61,137.94
1134,9,Front/Back,158.2,139.7,143.22,123.8,180.0,133.83,133.19,146.85
1134,10,Front/Back,152.11,168.01,152.11,137.68,180.0,141.77,131.91,148.86
1134,11,Front/Back,162.51,167.62,162.51,151.03,180.0,140.32,132.99,152.69
1134,12,Front/Back,154.49,163.03,154.49,136.67,180.0,130.24,134.76,147.2
1134,13,Front/Back,153.79,138.32,142.12,99.33,166.36,135.92,126.91,141.65
1134,14,Front/Back,163.86,175.1,122.39,119.08,151.47,136.61,113.65,136.61
1134,15,Front/Back,180.0,180.0,140.03,126.1,147.29,135.46,112.44,135.46
1134,16,Front/Back,180.0,180.0,173.47,132.06,138.94,131.69,132.22,131.69
1134,17,Front/Back,180.0,180.0,145.42,125.64,141.8,132.8,107.58,132.8
1134,18,Front/Back,180.0,180.0,148.66,129.85,143.13,132.37,109.78,132.37
1134,19,Front/Back,180.0,180.0,157.14,132.06,134.66,132.8,100.54,132.8
1134,20,Front/Back,180.0,180.0,170.18,141.83,142.74,126.0,99.44,126.0
1134,21,Front/Back,180.0,180.0,180.0,144.56,142.25,127.97,103.52,127.97
1134,22,Front/Back,180.0,180.0,142.24,126.1,145.37,133.25,107.93,133.25
1134,23,Front/Back,155.56,165.15,106.41,104.74,147.29,138.49,115.76,138.49
1134,24,Front/Back,161.58,156.6,101.07,100.12,153.29,148.29,127.87,148.29
1134,25,Front/Back,160.25,158.49,116.74,112.85,158.55,157.89,139.97,157.9
1134,26,Front/Back,179.98,179.98,179.98,179.98,179.98,179.98,179.98,179.98
1134,27,Front/Back,153.54,139.1,138.43,124.21,176.06,134.84,153.65,148.86
1134,28,Front/Back,144.47,141.68,116.51,122.03,167.16,131.12,132.62,145.14
1134,29,Front/Back,158.1,163.48,133.89,145.81,172.41,130.49,133.68,147.01
1134,30,Front/Back,180.0,163.48,180.0,149.29,159.05,130.08,121.71,146.61
1134,31,Front/Back,180.0,150.2,180.0,174.99,156.21,115.17,119.6,144.96
1134,32,Front/Back,180.0,151.72,180.0,180.0,159.17,112.26,115.63,140.54
1134,33,Front/Back,180.0,149.89,180.0,180.0,159.33,106.46,109.84,136.57
1135,1,Side,2.05,,179.55,179.55,166.26,,139.11,
1135,2,Side,2.05,,176.69,176.69,167.74,,146.16,
1135,3,Side,4.42,,177.76,177.76,171.28,,151.16,
1135,4,Side,7.85,,177.73,177.73,171.7,,154.0,
1135,5,Side,10.12,,172.6,172.6,174.29,,158.34,
1135,6,Side,14.74,,26.0,26.0,173.16,,156.05,
1135,7,Side,32.43,,7.13,7.13,178.49,,165.84,
1135,8,Side,32.39,,7.13,7.13,176.08,,172.3,
1135,9,Side,30.64,,7.13,7.13,179.68,,169.81,
1135,10,Side,31.36,,7.13,7.13,178.39,,172.01,
1135,11,Side,31.29,,7.13,7.13,178.45,,174.51,
1135,12,Side,31.25,,7.13,7.13,179.96,,169.79,
1135,13,Side,31.29,,7.13,7.13,179.75,,168.29,
1135,14,Side,32.07,,7.13,7.13,178.75,,159.14,
1135,15,Side,171.9,,15.17,15.17,176.69,,152.99,
1135,16,Side,179.35,,15.17,15.17,170.12,,145.88,
1135,17,Side,178.53,,16.02,16.02,169.7,,152.67,
1135,18,Side,178.45,,16.95,16.95,171.25,,155.61,
1135,19,Side,179.32,,17.93,17.93,172.99,,159.06,
1135,20,Side,177.08,,15.42,15.42,176.72,,164.35,
1135,21,Side,176.99,,16.3,16.3,178.33,,167.04,
1135,22,Side,176.39,,22.77,22.77,178.78,,168.23,
1135,23,Side,166.3,,45.0,45.0,179.84,,170.45,
1135,24,Side,30.53,,7.13,7.13,178.45,,171.65,
1135,25,Side,30.55,,7.13,7.13,178.6,,172.78,
1135,26,Side,2.86,,177.14,177.14,178.09,,175.02,
1135,27,Side,0.0,,169.7,169.7,176.99,,171.79,
1135,28,Side,0.0,,170.91,170.91,175.84,,168.32,
1135,29,Side,2.75,,169.96,169.96,174.9,,162.96,
1135,30,Side,0.91,,172.65,172.65,174.07,,161.85,
1135,31,Side,2.34,,172.01,172.01,171.21,,153.95,
1135,32,Side,2.51,,175.47,175.47,163.33,,142.27,
1136,1,Side,9.92,12.22,177.98,172.23,172.89,175.54,178.98,178.26
1136,2,Side,11.12,14.34,179.68,177.06,173.56,173.57,179.01,180.0
1136,3,Side,13.07,15.87,177.16,178.28,173.42,172.29,177.14,177.36
1136,4,Side,13.04,14.94,168.64,169.18,174.42,178.29,168.11,179.14
1136,5,Side,15.98,21.49,164.05,173.36,177.06,177.44,164.86,176.63
1136,6,Side,19.77,25.55,162.78,170.37,177.2,177.44,162.58,176.63
1136,7,Side,28.88,28.23,175.87,158.39,177.05,178.34,165.55,178.32
1136,8,Side,39.87,46.05,175.56,160.29,176.28,176.06,164.74,178.39
1136,9,Side,52.66,39.57,157.43,157.79,174.04,176.15,168.66,178.63
1136,10,Side,56.87,50.41,106.28,102.64,174.09,173.9,171.38,176.27
1136,11,Side,72.55,66.24,7.33,30.96,173.46,175.58,174.18,170.73
1136,12,Side,90.51,101.15,1.99,15.49,171.01,170.81,172.05,170.94
1136,13,Side,101.61,113.03,10.27,5.33,170.92,172.19,162.97,172.91
1136,14,Side,119.06,134.05,20.73,14.41,170.46,170.33,164.93,172.34
1136,15,Side,134.23,140.26,27.4,20.28,170.69,170.42,168.96,173.6
1136,16,Side,150.65,144.43,37.45,19.64,167.92,171.71,165.0,175.65
1136,17,Side,153.79,149.07,40.51,20.36,170.39,171.93,160.37,174.24
1136,18,Side,154.87,154.28,39.59,17.82,171.03,173.35,158.79,170.79
1136,19,Side,153.28,154.28,39.72,19.86,170.0,172.39,161.5,173.37
1136,20,Side,148.83,146.31,39.75,18.92,170.73,172.28,161.84,175.63
1136,21,Side,124.13,141.57,24.53,18.0,170.48,168.0,165.11,174.51
1136,22,Side,111.37,130.47,17.21,13.34,170.39,169.46,166.62,170.24
1136,23,Side,97.13,119.26,8.98,1.74,171.63,169.89,165.38,169.82
1136,24,Side,85.43,106.89,1.14,14.66,172.57,170.15,166.51,170.05
1136,25,Side,90.7,94.8,141.84,130.34,173.13,169.22,168.24,175.68
1136,26,Side,71.07,79.98,134.21,139.09,174.09,171.59,169.26,175.39
1136,27,Side,49.41,64.58,105.29,144.23,174.21,172.67,170.53,172.88
1136,28,Side,40.08,31.76,105.93,144.38,174.24,179.36,173.08,170.52
1136,29,Side,35.81,41.52,163.79,173.66,176.43,174.93,173.6,176.3
1136,30,Side,31.23,32.03,171.75,165.6,177.83,174.82,173.66,178.63
1136,31,Side,25.72,23.35,178.79,170.29,177.76,176.19,177.14,180.0
1136,32,Side,16.65,17.9,174.77,174.94,179.88,176.13,177.65,178.21
1136,33,Side,15.14,16.9,173.61,179.11,176.01,174.45,179.16,177.3
1136,34,Side,12.68,15.09,179.39,177.49,174.45,173.45,177.95,177.17
1136,35,Side,13.65,10.63,173.8,172.5,173.95,179.21,175.76,174.53
1137,1,Front/Back,158.55,180.0,158.55,180.0,136.4,130.64,106.62,102.79
1137,2,Front/Back,180.0,171.87,180.0,171.87,136.4,140.4,114.34,97.81
1137,3,Front/Back,180.0,154.13,180.0,156.24,136.4,141.73,119.0,103.1
1137,4,Front/Back,180.0,152.93,156.13,152.93,134.88,145.53,130.37,114.51
1137,5,Front/Back,180.0,159.42,155.79,159.42,142.14,145.41,120.08,108.84
1137,6,Front/Back,180.0,144.05,137.97,144.05,142.14,147.08,132.55,110.51
1137,7,Front/Back,180.0,157.93,136.61,157.93,140.39,140.4,127.66,122.19
1137,8,Front/Back,145.25,162.02,95.54,162.02,140.4,136.03,138.81,136.03
1137,9,Front/Back,180.0,155.25,180.0,155.25,143.45,135.18,143.45,106.67
1137,10,Front/Back,180.0,163.95,180.0,163.95,140.4,141.77,140.4,123.39
1137,11,Front/Back,180.0,180.0,167.42,180.0,143.45,142.1,143.45,120.11
1137,12,Front/Back,180.0,180.0,180.0,180.0,146.98,142.1,146.98,117.85
1137,13,Front/Back,158.12,163.95,158.12,163.95,143.48,142.86,143.48,105.69
1137,14,Front/Back,150.61,167.16,150.61,167.16,138.52,140.26,131.39,99.31
1137,15,Front/Back,129.16,149.96,129.16,149.96,141.03,140.26,113.78,95.43
1137,16,Front/Back,149.77,132.57,149.77,132.57,134.45,138.81,108.12,89.73
1137,17,Front/Back,153.16,133.31,153.16,133.31,131.98,134.3,107.95,84.26
1137,18,Front/Back,142.42,132.91,142.42,132.91,133.2,141.22,112.17,90.45
1137,19,Front/Back,180.0,139.06,180.0,139.06,138.02,138.39,116.99,109.08
1137,20,Front/Back,180.0,147.9,180.0,147.9,143.18,142.86,119.99,118.12
1137,21,Front/Back,180.0,162.02,180.0,162.02,137.4,146.13,137.4,128.68
1137,22,Front/Back,180.0,180.0,153.71,163.14,138.78,142.1,138.78,117.85
1137,23,Front/Back,180.0,180.0,135.12,148.87,142.9,150.79,142.9,122.28
1137,24,Front/Back,180.0,180.0,180.0,141.16,147.54,148.51,147.54,130.08
1137,25,Front/Back,160.44,177.89,160.44,180.0,162.04,149.41,162.04,151.52
1137,26,Front/Back,179.98,179.98,179.97,179.97,179.98,179.98,179.98,179.98
1137,27,Front/Back,131.48,177.89,155.5,180.0,141.24,165.87,165.26,151.01
1137,28,Front/Back,162.83,179.99,179.99,180.0,142.05,160.31,159.21,139.12
1137,29,Front/Back,143.56,180.0,121.65,180.0,134.79,152.91,116.95,115.28
1137,30,Front/Back,180.0,180.0,148.59,180.0,137.54,141.96,107.76,101.45
1137,31,Front/Back,180.0,180.0,180.0,180.0,133.64,137.4,110.1,96.65
1138,1,Front/Back,163.46,139.48,180.0,180.0,163.46,139.48,128.27,135.99
1138,2,Front/Back,163.46,139.66,180.0,180.0,163.46,139.66,132.53,142.35
1138,3,Front/Back,156.86,139.9,180.0,180.0,156.86,139.9,134.8,144.56
1138,4,Front/Back,154.3,138.36,180.0,180.0,154.3,138.36,139.81,146.02
1138,5,Front/Back,139.87,140.51,180.0,179.98,139.87,140.51,145.51,149.18
1138,6,Front/Back,151.84,140.51,180.0,167.63,151.84,140.51,148.87,152.85
1138,7,Front/Back,139.76,142.42,180.0,132.63,139.76,142.42,152.28,162.87
1138,8,Front/Back,139.76,144.4,162.78,123.95,139.76,144.4,157.21,152.85
1138,9,Front/Back,139.76,163.41,143.71,127.29,139.76,163.41,161.98,157.24
1138,10,Front/Back,139.76,155.85,148.69,127.58,139.76,168.29,180.0,163.77
1138,11,Front/Back,179.97,179.97,179.97,179.97,179.98,179.98,179.98,179.98
1138,12,Front/Back,179.99,156.44,149.16,151.24,179.99,146.01,160.29,150.36
1138,13,Front/Back,163.95,149.83,149.88,131.75,163.95,151.02,155.79,151.02
1138,14,Front/Back,163.93,155.25,179.98,141.12,163.95,155.13,135.59,147.33
1138,15,Front/Back,155.21,132.64,171.25,159.41,163.95,153.23,131.04,161.48
1138,16,Front/Back,152.75,153.23,172.43,180.0,160.31,153.23,128.52,142.8
1138,17,Front/Back,151.57,130.1,171.25,159.41,160.31,150.69,130.69,155.96
1138,18,Front/Back,137.83,120.41,172.43,147.18,145.4,153.23,142.65,154.97
1138,19,Front/Back,141.64,115.7,180.0,142.47,141.64,153.23,145.51,149.82
1138,20,Front/Back,140.03,126.33,162.78,147.18,140.03,159.15,148.59,154.73
1138,21,Front/Back,140.23,125.94,162.78,155.25,140.23,150.69,166.63,158.67
1138,22,Front/Back,141.8,159.15,140.68,163.3,141.8,159.15,165.78,158.03
1138,23,Front/Back,141.8,159.15,128.03,136.05,141.8,159.15,165.78,158.03
1138,24,Front/Back,149.73,158.74,138.35,119.54,149.73,158.74,160.68,157.59
1138,25,Front/Back,151.84,158.74,154.98,115.36,151.84,158.74,161.98,162.76
1138,26,Front/Back,180.0,155.65,180.0,132.1,180.0,155.65,164.11,157.33
1138,27,Front/Back,147.3,148.03,180.0,136.84,147.3,148.03,156.6,173.18
1138,28,Front/Back,147.3,139.66,180.0,180.0,147.3,139.66,152.28,163.2
1139,1,Front/Back,173.02,167.19,173.02,167.19,142.96,149.74,97.59,102.14
1139,2,Front/Back,180.0,180.0,180.0,180.0,134.81,149.74,97.84,106.92
1139,3,Front/Back,180.0,180.0,180.0,180.0,136.67,150.01,99.84,106.24
1139,4,Front/Back,180.0,180.0,180.0,153.55,136.76,150.01,104.73,110.35
1139,5,Front/Back,135.09,180.0,135.09,180.0,138.69,152.72,109.38,115.72
1139,6,Front/Back,132.37,146.58,132.37,131.68,142.71,138.84,113.51,111.24
1139,7,Front/Back,117.86,129.22,138.11,146.18,159.75,151.03,157.68,137.96
1139,8,Front/Back,136.12,129.78,152.62,126.15,163.49,163.18,157.68,169.38
1139,9,Front/Back,179.98,179.98,179.97,179.97,179.98,179.98,179.98,179.98
1139,10,Front/Back,166.55,156.22,141.86,173.02,141.06,163.19,141.06,167.56
1139,11,Front/Back,180.0,179.99,180.0,180.0,137.12,179.99,137.12,180.0
1139,12,Front/Back,180.0,163.05,180.0,180.0,135.52,163.05,135.52,167.98
1139,13,Front/Back,180.0,159.2,180.0,156.17,140.04,159.2,136.64,159.72
1139,14,Front/Back,180.0,180.0,180.0,150.97,142.53,165.34,124.58,141.4
1139,15,Front/Back,180.0,180.0,180.0,180.0,143.05,140.04,116.28,117.41
1139,16,Front/Back,180.0,180.0,180.0,180.0,142.53,141.67,110.27,109.49
1139,17,Front/Back,180.0,180.0,180.0,180.0,136.23,141.67,103.41,108.26
1139,18,Front/Back,180.0,180.0,180.0,180.0,140.04,139.05,104.8,102.95
1139,19,Front/Back,180.0,162.86,180.0,162.86,140.04,134.42,105.95,98.57
1139,20,Front/Back,180.0,180.0,180.0,180.0,130.98,134.42,94.89,98.57
1139,21,Front/Back,180.0,180.0,180.0,180.0,142.07,144.66,112.44,108.27
1139,22,Front/Back,180.0,180.0,180.0,180.0,146.44,146.92,122.18,115.54
1139,23,Front/Back,180.0,180.0,180.0,180.0,159.39,143.63,134.16,115.05
1139,24,Front/Back,180.0,180.0,180.0,168.88,159.8,145.2,141.96,119.82
1139,25,Front/Back,180.0,180.0,180.0,180.0,163.46,153.23,163.46,131.33
1139,26,Front/Back,180.0,179.99,180.0,180.0,168.35,169.6,168.35,169.61
1139,27,Front/Back,180.0,180.0,180.0,180.0,147.51,154.77,133.71,136.8
1139,28,Front/Back,180.0,180.0,180.0,180.0,142.96,145.67,128.52,132.92
1139,29,Front/Back,180.0,180.0,126.05,135.24,142.68,140.61,142.68,118.56
1139,30,Front/Back,157.54,150.38,107.52,115.41,138.69,138.69,124.33,117.39
1139,31,Front/Back,180.0,168.58,107.87,180.0,136.76,136.09,129.95,123.06
1139,32,Front/Back,180.0,146.18,129.97,146.18,144.91,145.17,115.72,117.57
1139,33,Front/Back,180.0,180.0,146.32,141.45,142.96,136.64,123.95,101.11
1139,34,Front/Back,154.87,180.0,154.87,140.96,133.0,132.97,110.12,99.9
1139,35,Front/Back,153.67,180.0,153.67,146.04,127.87,131.22,104.99,98.14
1139,36,Front/Back,162.36,180.0,162.36,180.0,123.08,129.54,100.19,96.46
1140,1,Side,12.41,11.85,179.79,179.05,177.8,175.1,178.67,177.61
1140,2,Side,14.91,14.8,177.3,175.46,178.34,174.55,177.53,174.9
1140,3,Side,23.45,14.69,176.81,176.61,177.71,175.49,177.75,176.19
1140,4,Side,28.06,19.32,178.04,167.39,177.71,174.15,176.7,174.91
1140,5,Side,32.23,23.72,179.6,165.16,176.41,173.7,176.62,174.2
1140,6,Side,34.58,30.2,173.84,166.21,170.24,176.07,178.73,174.3
1140,7,Side,39.18,37.38,158.23,155.51,167.28,170.66,178.88,175.95
1140,8,Side,46.42,51.67,147.62,161.74,165.26,166.74,177.51,176.5
1140,9,Side,60.26,63.39,144.98,158.68,161.99,167.4,176.85,178.35
1140,10,Side,67.67,80.53,136.22,155.65,159.73,163.82,175.89,179.91
1140,11,Side,86.23,93.92,145.6,153.43,156.8,160.3,179.31,179.57
1140,12,Side,100.14,107.5,148.26,157.05,156.12,159.52,178.88,178.08
1140,13,Side,118.04,115.43,157.97,151.67,155.97,160.49,178.55,173.36
1140,14,Side,120.37,126.84,146.99,148.44,161.97,159.82,160.42,170.07
1140,15,Side,129.82,133.18,142.41,131.12,155.28,161.37,172.73,163.01
1140,16,Side,137.71,135.98,139.18,131.01,157.14,162.04,171.55,159.72
1140,17,Side,125.19,130.0,134.46,130.19,159.33,162.56,167.96,161.98
1140,18,Side,113.31,114.81,138.7,133.8,161.22,162.64,171.13,166.95
1140,19,Side,108.49,113.48,151.17,141.05,162.74,163.44,176.19,169.48
1140,20,Side,103.06,93.42,159.79,133.98,160.63,162.56,177.57,173.66
1140,21,Side,74.49,66.62,146.86,134.45,162.13,163.84,176.46,175.45
1140,22,Side,60.79,62.39,155.79,145.51,164.14,168.08,175.75,174.87
1140,23,Side,51.86,55.17,171.12,178.1,168.29,170.16,176.14,174.77
1140,24,Side,38.09,47.42,175.33,169.02,171.57,172.79,177.97,176.11
1140,25,Side,25.62,35.19,167.28,173.01,174.94,175.72,180.0,177.53
1140,26,Side,16.93,25.75,174.6,173.66,179.5,176.73,176.1,180.0
1140,27,Side,10.19,17.39,172.98,178.07,176.05,174.81,178.89,178.96
1141,1,Side,44.72,25.08,122.05,148.44,171.31,167.41,168.98,169.91
1141,2,Side,48.01,24.12,132.27,163.24,174.44,165.02,166.04,176.02
1141,3,Side,3.95,31.38,163.39,157.53,177.56,166.44,169.44,168.33
1141,4,Side,12.57,28.74,167.47,169.33,174.95,168.19,172.27,171.73
1141,5,Side,20.4,36.33,154.31,174.14,174.95,167.68,179.25,179.86
1141,6,Side,26.68,39.64,175.43,178.7,174.7,170.58,179.51,178.7
1141,7,Side,36.87,50.47,173.72,147.6,180.0,168.87,174.81,178.6
1141,8,Side,51.34,70.9,176.88,158.96,180.0,171.77,176.63,177.03
1141,9,Side,78.69,101.78,146.89,117.78,180.0,171.31,178.36,178.87
1141,10,Side,100.12,125.26,161.57,126.01,179.51,169.83,178.32,176.79
1141,11,Side,109.84,145.57,149.7,148.1,177.92,169.66,176.73,178.18
1141,12,Side,122.52,148.7,160.56,143.71,176.53,167.89,173.32,179.01
1141,13,Side,149.7,154.26,172.04,147.16,169.87,167.94,172.3,174.9
1141,14,Side,158.97,168.51,156.37,160.77,170.44,166.45,171.0,172.03
1141,15,Side,174.76,172.74,167.21,179.28,168.14,164.32,174.26,162.53
1141,16,Side,177.51,168.25,173.29,170.54,169.92,167.4,172.41,159.93
1141,17,Side,176.19,166.08,176.82,171.58,167.34,166.08,176.87,160.24
1141,18,Side,178.32,166.8,169.86,171.01,171.07,164.38,175.01,163.48
1141,19,Side,177.7,168.99,176.99,176.05,165.03,166.45,170.34,160.58
1141,20,Side,171.28,171.85,178.09,176.42,165.41,166.26,170.73,161.09
1141,21,Side,150.6,174.46,161.24,171.03,165.3,166.56,169.59,163.44
1141,22,Side,135.17,170.84,157.29,175.6,167.16,164.94,169.82,174.83
1141,23,Side,111.99,153.43,151.64,169.38,167.04,177.06,169.38,168.11
1141,24,Side,103.26,139.76,165.53,158.92,171.92,174.31,175.06,168.34
1141,25,Side,99.35,125.12,176.63,175.03,173.74,175.78,176.93,168.76
1141,26,Side,65.82,85.67,157.25,152.32,172.57,175.88,172.98,165.39
1141,27,Side,20.85,52.67,127.18,173.66,177.12,165.21,174.5,172.7
1141,28,Side,15.95,29.47,139.64,173.13,178.32,172.33,178.11,168.37
1141,29,Side,44.92,18.57,136.79,170.02,178.7,177.22,169.38,173.74
1141,30,Side,42.71,18.59,133.45,161.25,171.53,175.3,173.23,163.16
1141,31,Side,31.36,15.74,143.36,167.57,174.45,177.77,163.19,160.63
1141,32,Side,31.41,13.83,138.7,166.58,171.51,171.24,157.44,170.68
1142,1,Side,6.38,12.67,39.69,13.71,177.92,176.54,177.4,173.99
1142,2,Side,10.63,15.79,176.33,171.27,178.93,177.66,178.85,175.36
1142,3,Side,15.04,14.26,171.51,106.45,179.84,177.73,179.88,173.33
1142,4,Side,24.69,20.2,175.68,88.13,179.07,177.49,179.79,171.63
1142,5,Side,27.85,29.86,158.49,169.91,179.37,177.75,179.32,175.36
1142,6,Side,29.98,32.14,148.17,164.48,176.27,177.34,175.1,174.47
1142,7,Side,39.26,40.9,160.56,168.13,179.12,178.57,178.49,174.81
1142,8,Side,73.95,67.29,161.57,151.43,177.61,173.78,171.87,179.84
1142,9,Side,81.63,85.36,147.58,157.35,173.47,172.43,179.52,178.87
1142,10,Side,93.81,103.8,140.94,160.35,174.81,169.75,179.48,175.93
1142,11,Side,118.07,127.18,153.29,169.7,172.5,166.97,178.33,174.66
1142,12,Side,127.57,130.06,159.84,164.97,171.03,166.97,176.25,176.37
1142,13,Side,136.27,139.98,160.46,168.45,166.05,166.97,179.3,179.59
1142,14,Side,151.14,162.78,163.74,169.33,170.98,168.61,175.12,176.61
1142,15,Side,150.98,159.96,156.8,162.35,174.52,173.41,173.49,171.73
1142,16,Side,169.18,173.16,164.04,159.76,170.66,168.37,169.01,171.98
1142,17,Side,162.96,178.59,138.38,169.25,175.07,169.45,162.6,173.2
1142,18,Side,164.41,171.65,153.75,161.77,174.34,170.7,167.76,173.57
1142,19,Side,168.35,164.82,161.6,152.02,170.4,169.85,170.48,177.03
1142,20,Side,163.31,157.69,159.18,153.8,170.96,175.45,170.97,175.9
1142,21,Side,148.05,157.57,153.43,157.39,174.77,174.61,171.53,177.47
1142,22,Side,132.1,133.05,147.16,144.72,174.57,178.88,176.15,170.89
1142,23,Side,128.48,141.32,153.73,161.05,175.52,172.54,175.64,174.0
1142,24,Side,126.0,130.91,157.21,155.15,175.04,170.99,175.49,179.45
1142,25,Side,127.54,120.83,167.75,152.65,177.76,172.4,171.03,179.17
1142,26,Side,94.51,88.48,159.4,152.56,175.58,176.16,178.52,178.45
1142,27,Side,79.47,73.95,154.08,157.48,173.13,179.21,178.18,178.41
1142,28,Side,68.88,54.3,179.19,147.53,178.03,179.53,175.14,178.27
1142,29,Side,39.3,48.04,165.03,179.36,174.44,177.62,174.88,179.6
1142,30,Side,39.3,39.79,161.85,168.59,174.44,179.25,174.97,176.28
1142,31,Side,34.09,34.66,178.47,179.54,172.17,179.25,173.29,178.27
1142,32,Side,11.99,15.71,114.65,173.26,176.06,178.26,176.87,178.16
1142,33,Side,12.26,13.1,118.34,174.73,179.84,179.49,179.88,178.36
1142,34,Side,23.05,11.45,110.63,173.06,179.02,178.85,177.35,177.95
1142,35,Side,13.27,11.79,116.69,172.75,175.36,178.83,176.82,175.76
1142,36,Side,11.52,13.85,118.48,172.06,179.32,177.46,179.18,177.88
1143,1,Side,0.71,12.53,168.83,176.05,171.38,174.28,173.16,165.5
1143,2,Side,2.36,15.55,171.5,174.85,171.39,176.33,177.57,165.9
1143,3,Side,4.27,20.5,169.25,174.09,171.58,173.54,179.37,169.7
1143,4,Side,16.93,17.54,176.57,175.6,174.17,174.99,177.4,169.7
1143,5,Side,18.88,22.67,173.42,169.67,172.06,173.85,179.5,171.21
1143,6,Side,16.26,23.12,139.95,146.75,173.16,173.72,175.28,179.25
1143,7,Side,29.05,35.7,147.36,149.3,175.33,173.46,177.38,178.81
1143,8,Side,53.13,66.45,156.12,148.24,177.56,172.22,177.56,177.07
1143,9,Side,59.74,96.77,126.54,131.02,178.75,172.16,174.52,167.95
1143,10,Side,85.6,131.82,135.0,148.24,178.73,170.87,174.93,166.99
1143,11,Side,106.92,153.43,145.75,157.17,175.13,167.16,173.41,167.86
1143,12,Side,126.87,156.62,152.33,156.38,176.1,168.05,173.01,166.88
1143,13,Side,137.49,154.65,156.78,150.71,174.92,170.34,173.31,164.55
1143,14,Side,150.64,159.72,159.17,152.28,173.8,171.72,173.94,161.2
1143,15,Side,164.05,164.63,158.86,154.84,173.8,173.23,173.94,156.55
1143,16,Side,168.23,169.89,160.1,156.61,172.72,173.55,171.33,154.21
1143,17,Side,162.35,162.53,159.17,149.86,173.8,174.27,173.94,156.4
1143,18,Side,153.43,154.98,160.14,141.49,175.14,170.91,172.6,160.35
1143,19,Side,145.32,146.33,164.74,135.95,177.26,172.97,174.27,162.1
1143,20,Side,125.69,135.91,151.8,128.42,179.44,169.82,173.35,167.77
1143,21,Side,121.05,127.77,167.74,126.87,178.75,170.97,176.35,169.7
1143,22,Side,93.95,105.85,140.71,110.05,179.71,171.06,179.35,178.24
1143,23,Side,79.79,91.88,147.91,110.56,175.53,172.18,175.49,178.82
1143,24,Side,65.94,76.0,149.6,162.26,177.71,174.48,176.57,175.88
1143,25,Side,48.04,53.32,142.56,152.62,176.79,175.64,179.84,176.22
1143,26,Side,33.22,48.12,148.57,153.43,175.93,175.66,178.71,176.7
1143,27,Side,26.14,30.49,167.72,165.59,176.89,177.95,176.4,175.24
1143,28,Side,6.69,21.7,142.98,165.79,175.45,179.2,179.72,172.04
1143,29,Side,47.99,19.13,70.57,161.45,176.26,178.07,173.68,169.59
1143,30,Side,39.99,13.86,85.55,164.81,173.79,178.01,179.51,168.63
1144,1,Side,19.4,17.38,172.48,178.47,157.53,159.65,166.22,173.45
1144,2,Side,27.19,21.63,164.76,172.41,158.77,159.52,169.15,173.56
1144,3,Side,18.61,23.83,168.37,171.09,175.67,154.6,178.07,168.94
1144,4,Side,20.09,17.32,174.86,176.22,175.2,178.59,179.85,176.3
1144,5,Side,20.56,19.24,177.88,159.39,173.16,178.62,177.24,176.29
1144,6,Side,26.37,21.3,172.99,157.26,173.93,178.4,175.56,173.91
1144,7,Side,31.61,29.97,166.61,157.21,173.29,177.44,170.63,176.01
1144,8,Side,37.71,43.47,163.74,171.02,177.54,174.3,172.71,175.85
1144,9,Side,50.08,55.13,169.7,165.94,179.37,170.12,170.98,179.51
1144,10,Side,59.54,67.79,172.44,159.79,175.35,167.04,171.04,174.13
1144,11,Side,76.32,83.09,170.56,173.85,165.19,165.35,179.05,172.98
1144,12,Side,89.65,87.69,171.8,165.44,167.39,165.06,172.87,169.72
1144,13,Side,89.46,91.43,160.15,159.86,170.49,164.14,168.41,170.69
1144,14,Side,100.12,105.53,170.14,160.34,171.87,164.22,163.83,168.63
1144,15,Side,110.32,115.98,170.58,166.88,167.69,165.24,168.88,165.31
1144,16,Side,121.61,135.15,171.51,173.32,167.47,164.18,163.28,163.61
1144,17,Side,117.49,134.23,164.7,173.63,171.17,162.37,161.46,162.5
1144,18,Side,111.34,120.53,161.27,160.82,170.63,161.25,162.02,169.22
1144,19,Side,105.64,115.59,159.61,154.04,171.25,161.25,165.12,169.87
1144,20,Side,100.53,114.32,159.07,163.69,174.86,159.31,164.91,173.54
1144,21,Side,98.56,113.66,163.56,168.84,175.86,160.98,165.49,169.88
1144,22,Side,86.41,91.26,167.33,147.33,177.06,164.37,166.52,171.04
1144,23,Side,73.38,78.52,171.64,158.67,176.97,166.02,171.58,176.8
1144,24,Side,61.66,65.79,174.83,173.99,178.49,170.52,170.98,177.2
1144,25,Side,51.34,58.73,176.84,174.6,178.88,173.01,174.33,179.13
1144,26,Side,45.0,55.37,174.81,165.35,177.99,175.54,177.99,178.32
1144,27,Side,34.54,43.82,173.13,170.48,175.57,175.17,177.54,180.0
1144,28,Side,23.4,32.92,178.47,171.82,175.27,177.06,179.59,177.46
1144,29,Side,20.45,24.59,167.27,171.19,173.44,177.21,177.8,176.1
1144,30,Side,12.18,19.2,169.33,168.69,172.96,177.31,178.63,174.81
1144,31,Side,6.91,9.11,164.66,173.81,172.87,177.58,179.69,177.1
1145,1,Side,8.48,,170.81,170.81,167.31,,146.71,
1145,2,Side,9.58,,176.87,176.87,165.6,,148.28,
1145,3,Side,14.83,,170.25,170.25,168.69,,154.31,
1145,4,Side,19.03,,165.84,165.84,170.91,,157.92,
1145,5,Side,23.02,,162.5,162.5,171.33,,162.01,
1145,6,Side,26.61,,158.67,158.67,171.71,,164.67,
1145,7,Side,24.37,,173.45,173.45,171.84,,165.87,
1145,8,Side,32.67,,171.2,171.2,173.81,,165.59,
1145,9,Side,46.71,,167.47,167.47,174.79,,167.75,
1145,10,Side,56.17,,175.73,175.73,174.79,,167.03,
1145,11,Side,65.83,,166.29,166.29,176.77,,167.07,
1145,12,Side,79.57,,163.82,163.82,174.76,,164.83,
1145,13,Side,124.08,,143.71,143.71,173.52,,161.81,
1145,14,Side,139.41,,141.9,141.9,179.19,,167.57,
1145,15,Side,141.07,,159.76,159.76,176.01,,163.22,
1145,16,Side,145.53,,171.18,171.18,174.61,,161.57,
1145,17,Side,140.56,,162.35,162.35,176.27,,162.96,
1145,18,Side,129.04,,151.5,151.5,178.16,,165.58,
1145,19,Side,111.22,,178.78,178.78,173.35,,164.84,
1145,20,Side,95.63,,176.96,176.96,174.55,,167.8,
1145,21,Side,86.02,,175.79,175.79,177.82,,172.14,
1145,22,Side,58.26,,171.49,171.49,177.83,,170.6,
1145,23,Side,36.28,,162.94,162.94,174.62,,165.16,
1145,24,Side,26.2,,167.17,167.17,174.5,,165.6,
1145,25,Side,26.39,,176.53,176.53,174.36,,166.84,
1145,26,Side,21.64,,174.69,174.69,173.45,,168.05,
1145,27,Side,18.96,,174.61,174.61,170.04,,162.68,
1145,28,Side,16.76,,174.06,174.06,169.18,,160.16,
1145,29,Side,15.15,,173.33,173.33,169.23,,156.72,
1145,30,Side,13.55,,173.34,173.34,173.04,,159.49,
1145,31,Side,12.79,,174.77,174.77,170.51,,155.07,
1146,1,Front/Back,145.3,141.18,180.0,180.0,145.3,141.18,152.5,180.0
1146,2,Front/Back,158.09,150.01,180.0,180.0,158.09,150.01,151.48,169.39
1146,3,Front/Back,169.29,152.07,180.0,180.0,169.29,142.76,150.75,170.7
1146,4,Front/Back,164.29,154.28,159.46,180.0,145.68,144.97,144.21,170.7
1146,5,Front/Back,158.78,152.07,149.36,180.0,145.6,142.73,147.44,163.8
1146,6,Front/Back,180.0,145.85,180.0,180.0,139.9,145.85,112.41,146.39
1146,7,Front/Back,180.0,179.99,180.0,179.99,141.18,151.87,107.44,113.73
1146,8,Front/Back,159.31,147.91,159.31,147.91,146.38,148.96,108.33,113.11
1146,9,Front/Back,153.55,142.14,124.1,142.14,146.68,146.37,109.64,113.74
1146,10,Front/Back,144.15,145.15,113.51,145.15,141.2,145.33,118.06,115.53
1146,11,Front/Back,140.26,163.61,140.26,163.61,141.45,180.0,127.42,180.0
1146,12,Front/Back,137.15,141.62,137.15,141.62,145.44,143.61,112.07,143.61
1146,13,Front/Back,139.65,144.44,139.65,131.0,144.79,144.16,116.52,144.16
1146,14,Front/Back,145.27,169.45,145.27,156.38,143.89,151.19,118.11,161.74
1146,15,Front/Back,163.14,180.0,163.14,180.0,145.95,160.37,124.37,160.37
1146,16,Front/Back,180.0,180.0,180.0,180.0,146.43,156.37,123.04,156.37
1146,17,Front/Back,180.0,180.0,180.0,180.0,165.26,169.5,135.93,169.5
1146,18,Front/Back,180.0,158.8,180.0,158.8,171.61,180.0,137.59,180.0
1146,19,Front/Back,180.0,146.61,180.0,146.61,166.26,180.0,133.54,180.0
1146,20,Front/Back,157.86,139.66,179.99,150.41,157.86,159.76,142.71,170.51
1146,21,Front/Back,148.93,129.03,180.0,153.18,148.93,149.48,146.7,158.18
1146,22,Front/Back,147.88,110.34,116.44,131.7,175.99,153.2,160.16,165.74
1146,23,Front/Back,144.15,110.84,109.35,134.8,180.0,156.04,149.14,171.18
1146,24,Front/Back,162.09,124.35,128.11,119.66,180.0,157.65,170.38,169.37
1146,25,Front/Back,179.98,179.98,179.97,179.98,179.98,179.98,179.98,179.98
1146,26,Front/Back,164.84,180.0,134.31,180.0,164.84,180.0,161.64,161.6
1146,27,Front/Back,169.29,180.0,153.46,180.0,169.29,180.0,165.09,150.04
1146,28,Front/Back,149.23,156.04,146.77,180.0,136.08,156.04,166.85,150.04
1146,29,Front/Back,151.24,159.06,180.0,166.37,151.24,159.06,156.79,148.13
1146,30,Front/Back,153.39,170.05,180.0,180.0,144.37,170.05,147.51,154.25
1147,1,Side,12.31,15.95,173.72,167.81,179.97,177.03,149.43,161.72
1147,2,Side,11.17,14.38,178.86,175.03,178.18,175.17,147.05,159.95
1147,3,Side,27.58,17.15,157.03,172.82,175.77,175.68,143.1,164.91
1147,4,Side,28.39,22.06,156.22,166.04,175.76,179.86,144.04,168.52
1147,5,Side,23.72,20.36,175.62,176.45,170.43,180.0,139.16,168.77
1147,6,Side,28.88,21.24,176.77,172.32,172.78,179.97,142.66,170.63
1147,7,Side,29.64,26.69,167.36,167.07,169.93,178.67,131.19,171.81
1147,8,Side,36.67,34.25,166.26,161.45,170.96,173.76,140.42,177.05
1147,9,Side,54.61,49.11,167.94,150.42,169.64,167.86,142.81,176.32
1147,10,Side,70.95,56.72,158.65,143.13,173.13,168.28,137.9,175.39
1147,11,Side,66.07,67.34,134.63,126.35,170.05,165.69,132.74,168.39
1147,12,Side,75.97,96.84,124.78,140.53,168.78,162.23,129.7,163.37
1147,13,Side,113.1,113.58,145.2,142.87,162.69,159.79,126.1,156.03
1147,14,Side,121.85,140.06,142.68,151.39,159.85,157.83,120.79,150.09
1147,15,Side,144.5,149.41,152.01,138.84,162.91,159.06,123.3,152.46
1147,16,Side,151.84,154.67,137.02,138.49,159.47,161.59,115.94,153.33
1147,17,Side,161.4,170.79,130.18,139.21,164.16,156.84,115.3,145.93
1147,18,Side,161.03,169.6,152.15,146.39,171.63,159.03,114.01,148.22
1147,19,Side,154.89,166.83,150.34,161.49,171.93,160.83,118.21,147.91
1147,20,Side,143.92,156.46,138.28,146.23,171.85,164.62,123.13,154.07
1147,21,Side,135.0,136.27,128.83,127.11,167.77,166.5,118.69,159.52
1147,22,Side,125.75,125.75,125.75,136.68,168.69,165.43,120.16,153.5
1147,23,Side,84.33,106.99,115.22,136.52,164.98,164.08,120.79,157.4
1147,24,Side,76.0,89.42,121.98,140.24,168.12,165.03,126.78,159.75
1147,25,Side,59.32,91.32,117.26,178.6,172.3,165.91,133.41,168.72
1147,26,Side,52.83,62.56,144.21,150.68,175.29,164.73,137.3,171.57
1147,27,Side,38.74,51.93,136.8,161.57,179.78,166.36,144.45,169.3
1147,28,Side,30.85,45.42,149.04,176.7,177.56,169.44,149.11,170.99
1147,29,Side,24.05,26.88,155.39,169.19,175.84,172.78,150.01,178.6
1147,30,Side,17.46,24.3,165.64,174.66,175.74,174.67,149.5,178.32
1147,31,Side,14.94,12.96,177.27,177.74,178.07,175.91,152.63,174.57
1147,32,Side,10.9,7.68,171.46,179.2,171.3,178.67,159.99,173.3
1148,1,Front/Back,179.99,180.0,171.56,180.0,142.27,143.56,118.27,134.64
1148,2,Front/Back,163.54,169.75,157.73,180.0,127.76,135.46,120.2,136.79
1148,3,Front/Back,159.76,169.08,159.71,180.0,130.36,134.79,122.92,145.71
1148,4,Front/Back,159.76,161.24,158.32,180.0,130.34,129.19,122.71,147.95
1148,5,Front/Back,156.55,157.73,173.12,170.24,129.59,125.69,129.56,147.95
1148,6,Front/Back,153.72,147.79,180.0,164.31,126.78,122.67,129.05,147.98
1148,7,Front/Back,153.87,141.25,143.08,124.62,124.48,131.08,150.61,150.42
1148,8,Front/Back,133.83,135.63,121.98,92.87,124.56,135.34,150.69,150.51
1148,9,Front/Back,168.29,144.02,139.81,108.57,139.31,141.38,151.02,153.15
1148,10,Front/Back,157.73,157.1,137.04,123.67,139.56,153.15,151.27,153.15
1148,11,Front/Back,179.98,179.98,179.97,179.97,179.98,179.98,179.98,179.98
1148,12,Front/Back,164.27,157.43,132.22,129.07,154.48,161.95,154.49,163.19
1148,13,Front/Back,159.04,146.44,122.55,119.54,152.36,144.2,152.37,156.23
1148,14,Front/Back,156.42,153.21,158.93,122.97,133.71,136.41,157.3,148.44
1148,15,Front/Back,168.48,167.97,180.0,139.81,136.28,132.21,147.8,118.9
1148,16,Front/Back,180.0,163.0,180.0,149.09,127.55,121.62,127.55,119.5
1148,17,Front/Back,163.54,163.0,180.0,152.22,127.71,125.49,144.17,122.08
1148,18,Front/Back,159.76,163.0,180.0,139.7,125.48,129.73,145.72,122.35
1148,19,Front/Back,163.36,163.05,180.0,137.01,139.43,132.09,122.1,125.77
1148,20,Front/Back,159.6,163.05,167.28,141.17,138.64,137.28,123.0,130.96
1148,21,Front/Back,151.14,159.16,137.73,145.36,129.51,140.4,121.61,133.42
1148,22,Front/Back,153.72,159.2,127.35,144.05,128.66,143.45,125.65,138.91
1148,23,Front/Back,154.1,159.2,110.28,141.38,141.2,143.45,129.42,144.57
1148,24,Front/Back,150.59,168.03,107.39,143.08,140.93,147.56,140.93,154.31
1148,25,Front/Back,157.99,168.03,111.19,158.47,148.32,147.35,148.32,159.32
1148,26,Front/Back,180.0,180.0,158.47,158.32,150.58,155.9,150.58,155.9
1148,27,Front/Back,156.72,180.0,144.05,129.88,132.44,159.2,155.72,159.2
1148,28,Front/Back,156.72,180.0,149.09,131.44,138.95,167.97,148.71,146.72
1148,29,Front/Back,153.87,180.0,132.06,157.73,132.91,168.03,145.52,151.57
1148,30,Front/Back,151.49,180.0,146.35,180.0,134.05,159.32,138.47,142.86
