Sequence_ID,Pose,L_Shoulder_Angle_max,L_Shoulder_Angle_min,L_Shoulder_Angle_avg,L_Shoulder_Angle_var,R_Shoulder_Angle_max,R_Shoulder_Angle_min,R_Shoulder_Angle_avg,R_Shoulder_Angle_var,L_Elbow_Angle_max,L_Elbow_Angle_min,L_Elbow_Angle_avg,L_Elbow_Angle_var,R_Elbow_Angle_max,R_Elbow_Angle_min,R_Elbow_Angle_avg,R_Elbow_Angle_var,L_Hip_Angle_max,L_Hip_Angle_min,L_Hip_Angle_avg,L_Hip_Angle_var,R_Hip_Angle_max,R_Hip_Angle_min,R_Hip_Angle_avg,R_Hip_Angle_var,L_Knee_Angle_max,L_Knee_Angle_min,L_Knee_Angle_avg,L_Knee_Angle_var,R_Knee_Angle_max,R_Knee_Angle_min,R_Knee_Angle_avg,R_Knee_Angle_var,Head_x_std,L_Sho_x_std,R_Sho_x_std,L_Elb_x_std,R_Elb_x_std,L_Wri_x_std,R_Wri_x_std,L_Hip_x_std,R_Hip_x_std,L_Kne_x_std,R_Kne_x_std,L_Ank_x_std,R_Ank_x_std,Head_y_std,L_Sho_y_std,R_Sho_y_std,L_Elb_y_std,R_Elb_y_std,L_Wri_y_std,R_Wri_y_std,L_Hip_y_std,R_Hip_y_std,L_Kne_y_std,R_Kne_y_std,L_Ank_y_std,R_Ank_y_std
1659,Left/Right,,,,,,,,,,,,,,,,,,,,,176.94,77.01,114.97538461538463,1170.7127047050042,,,,,175.75,64.99,106.91115384615385,1023.5961870052274,4.095347416236068,4.095347416236068,4.095347416236068,,,,,,9.510085660864435,6.24759710283664,5.307495707085592,0.6384597269279317,0.34727184995437355,25.65324454646317,25.653244546463174,25.653244546463174,,,,,,17.18184689289424,7.540981090403641,6.0971830527218325,0.47762917384433606,0.8524190186439454
1660,Left/Right,42.15,18.5,26.826999999999998,24.985818734177208,40.71,15.51,26.791000000000004,55.76345215189871,28.05,12.42,21.87675,13.248250063291147,48.09,18.25,29.902875,106.36263340189866,179.05,13.98,136.11825000000002,3190.6545893037955,175.29,5.29,138.334875,1542.4021645411406,180.0,0.25,140.119125,4510.529053655066,180.0,0.13,158.547,2244.6599250632908,1.2046127745257684,5.747244435985143,5.747244435985143,1.3209981072534056,1.4171674341976939,0.951732330934927,1.2915670493163565,1.4546437512456227,1.8098489705067424,1.2416928703094001,1.305888655187283,0.6797247766513067,0.0,35.98928268577398,34.898194561256105,34.898194561256105,37.32756512982757,37.30962324424108,37.6120144670821,37.30498903471732,25.02442711987327,24.033056805577104,3.276130907165672,3.966896481639551,0.1074430663188662,0.0
1661,Left/Right,,,,,70.79,62.77,68.03059405940594,2.115645643564364,,,,,,,,,,,,,168.49,66.44,109.6969306930693,937.3096934851488,,,,,178.91,42.85,93.81633663366337,1770.0883594455452,11.516645097337145,11.516645097337145,11.516645097337145,8.717836619548939,8.717836619548939,,,,11.301533583002044,20.774813634555077,21.413049721657547,2.416627119284944,0.43960772342515814,44.00085643337519,44.000856406793815,44.000856406793815,44.80616195840007,44.80616195840007,,,,43.78041900673347,8.110569577635319,7.6381951896277105,9.852999367433933,0.38503889478215064
1662,Front/Back,180.0,105.88,139.54825,568.639371582279,179.98,119.82,141.78575,62.11663234177219,,,,,,,,,180.0,110.96,138.86587500000002,569.8821334018986,179.98,94.32,141.276,241.88536101265788,180.0,144.89,164.00125,167.69625158227828,180.0,99.18,165.655125,479.5281113765823,1.411942591931914,2.300075672943352,1.7159780581937922,2.3468855607896435,2.3468855607896435,,,4.880939055153893,6.720902473871426,17.433671486613633,56.82843099734722,0.7356216694105494,0.7356216694105494,30.196298053556838,40.94252674713512,37.70827761844031,36.126749771473115,36.126749771473115,,,32.75211351161704,33.84759623030299,2.115858969122286,2.2484171647706646,0.0838525491562418,0.0838525491562418
1663,Left/Right,79.29,56.1,70.05556818181819,29.688576684953052,88.86,42.96,57.30613636363636,168.01289984326013,,,,,,,,,179.59,81.67,123.78079545454544,1073.5014487852663,165.76,85.44,131.54238636363635,699.3932275731448,175.93,71.9,113.8996590909091,1000.8342745950882,171.81,42.35,109.29943181818182,2307.30977783438,4.411277604263983,1.634272435973983,1.634272435973983,5.946485460221953,3.0280763436111946,,,7.312447250834554,4.411277604263983,6.766394232461695,14.302051856432183,2.6313319287835375,1.1802648339969735,18.68009696782308,19.221417020007994,19.221417020007994,23.184263142728177,21.782523216086606,,,15.831452687628706,18.680096967823058,3.134476227788405,3.400904159006252,1.373993290629887,2.0188182085684545
1664,Left/Right,,,,,,,,,,,,,,,,,178.79,82.92,122.6663440860215,984.8490843151023,,,,,175.62,50.94,96.01817204301076,1400.2996216222534,,,,,11.27116405703336,9.603577414614062,9.603577414614062,,,,,10.113705325633369,,19.97558144422995,19.420570028199382,10.078685433632995,8.204363448389373,44.363962882781294,48.320179560976904,48.320179560976904,,,,,36.97407501211358,,13.366270488958836,14.275800892833928,7.066950914745081,13.547747492916871
1665,Front/Back,180.0,98.63,140.87981651376145,520.6219147808346,180.0,135.93,152.74642201834862,75.49886393136269,180.0,109.89,147.05532110091744,359.81027883112387,180.0,154.17,169.4329357798165,118.13551167176269,180.0,108.4,150.25688073394497,257.9419327726811,180.0,62.53,107.51440366972477,950.7468767244303,180.0,122.39,168.24275229357798,180.00297198436968,180.0,45.24,102.26275229357798,1925.2732256880743,5.935403778079009,6.017219598979649,9.65783103526928,4.738919332401448,4.738919332401448,5.244643562971315,5.23397510624993,7.392346649801104,7.569992802477516,14.84943118519878,2.577939026205581,0.0,0.0,26.76097937276337,32.73880611378539,29.768811314548817,35.26369765650091,35.26369765650091,33.85783825067948,30.247015112364572,27.225324876756183,26.703834953490134,6.090619894277426,8.88831866162822,0.0,0.0
1666,Left/Right,112.99,91.26,101.41923076923077,31.297170829170913,81.01,56.16,65.14679487179487,35.92440647685648,59.27,34.68,49.56346153846154,24.274799550449547,169.23,29.15,69.43012820512821,1917.5463779054282,177.74,62.91,121.36166666666665,1425.136995887446,179.72,73.51,142.23615384615385,1220.5444083916072,171.5,69.88,126.80038461538462,1113.1848530969028,177.52,35.48,120.31051282051281,2261.1388646686664,2.676627666362208,2.227219845852277,2.227219845852277,1.474083046904386,14.070997682262144,1.5701622815523266,1.8830372197142307,6.305985513518357,2.7700426696367435,2.9758172426643106,3.750774145867298,0.0,0.29749831050822795,29.008057632189153,31.77324432121002,31.77324432121002,34.91395338341308,34.26971639127557,32.07491299608299,29.79118133801487,23.369931323389448,26.859110953023244,2.1672901521016263,1.5427232431628861,0.0,0.0
1667,Left/Right,69.67,29.71,53.696666666666665,86.31684529262093,,,,,,,,,,,,,158.77,68.87,108.7309090909091,705.6927594725884,,,,,178.31,71.82,118.90075757575757,1106.3782711774236,,,,,12.009814471932623,12.009814471932623,12.009814471932623,3.339035574898439,6.182477905335816,,,12.479714629671182,,16.175781037575053,18.822248036986892,6.067722994111994,6.067722994111994,32.56836897384086,32.56836897384086,32.56836897384086,45.57177910827041,43.074080233071165,,,33.447545503751655,,8.405620145753591,5.7276261518956035,30.219062003245615,30.219062003245615
1668,Front/Back,179.97,84.05,121.42672727272728,243.13132864053418,179.97,107.94,142.50263636363638,97.44187280233547,180.0,83.25,148.6178181818182,928.1761878565455,180.0,103.35,171.18463636363637,263.24843793995035,180.0,53.04,94.2109090909091,1354.2953129274395,179.99,73.72,106.61763636363636,975.2963686738941,179.99,63.45,112.01745454545454,1277.3929824520437,180.0,86.5,123.63663636363637,923.1392959216023,1.681984585007691,1.2020914980322273,1.1087511362948985,1.7434085582083356,1.4518662599210967,1.5845886450364026,1.2728307720308067,1.6614940648222485,2.0282781990629095,2.981330261844861,4.7215637442033405,0.34696886002183497,0.28079909875490383,20.679165830916677,22.120662855717352,21.3947975085715,25.443310693447227,26.127132801114804,23.586052337058348,23.749858170770057,16.539677644649146,18.02665641186664,2.041748900794346,2.228984474184385,2.338667763458474,0.21630859959456045
1669,Front/Back,180.0,107.42,134.50790697674418,255.72170615595095,180.0,124.65,144.85418604651161,203.586041094391,179.97,101.32,122.87441860465117,262.8109990697674,180.0,117.88,141.29790697674417,251.46316733242082,180.0,122.3,147.64058139534885,198.9856714227079,179.98,130.82,149.36709302325582,64.23470556771542,179.98,125.16,147.41976744186047,185.5629481805745,180.0,105.79,166.01639534883722,494.5288092065669,5.738794503281112,2.8238178263264624,3.0674716036824186,3.8713403000436104,3.8713403000436104,2.7689370167019636,2.7689370167019636,7.476593241229692,7.344990284105059,10.659706926670951,30.72130354021437,1.2020659312240838,1.6935968022499146,24.689680546270356,26.276246475902532,23.351146953449355,27.437912142068477,27.437912142068477,26.825898448247298,26.825898448247298,22.677678673746254,19.442733389066053,2.076131000455731,3.696833472240455,3.055911843494838,3.987241320291282
1670,Left/Right,,,,,136.41,68.2,101.36556818181818,342.1669950757574,,,,,,,,,,,,,171.44,73.15,122.15806818181818,1004.9698778343785,,,,,164.43,57.72,110.43295454545455,1202.7381658829675,16.307647325266338,17.491435992282046,17.491435992282046,4.520980349756461,4.57936800063789,,,,16.307647325266338,13.975305695368414,13.975305695368414,0.47878176126668764,0.47878176126668764,39.1634168208628,42.427927317483714,42.427927317483714,45.07171662471303,48.717329901777475,,,,39.163416820862835,7.754138595646944,7.754138595646944,0.8113613313631292,0.8113613313631292
1671,Left/Right,,,,,,,,,,,,,,,,,154.37,50.59,96.94028571428571,1249.0967448447202,178.8,71.84,121.48528571428571,1261.6761064389243,172.86,32.24,98.0747142857143,2772.4522948447216,172.42,65.75,114.51928571428572,1043.6228038302281,3.0337304119211472,2.291437552936199,2.291437552936199,,,,,2.8474437449659042,5.12259185272924,11.774537197816917,3.852170127781844,0.42691057461295123,0.6346994706255845,16.985087010414336,16.966271974540508,16.966271974540508,,,,,15.96817076627474,12.825951961779685,1.577921357795499,1.503453452092451,0.43582312213653457,0.40130983161687356
1672,Left/Right,77.94,54.77,67.28986842105263,29.82814531578945,,,,,102.5,18.53,34.80947368421052,429.63991438596497,102.5,18.53,34.80947368421052,429.63991438596497,152.38,62.69,103.68960526315789,891.6202651754388,,,,,175.53,65.42,107.37789473684211,1291.2229395087713,,,,,8.7265640210313,8.7265640210313,8.7265640210313,4.733374005613511,4.733374005613511,8.787463930529157,8.787463930529157,7.585161203516585,,11.033270280630255,10.011895711619793,4.110172239956062,2.970226469568647,29.191144486133993,29.191140327148894,29.191140327148894,36.68903530345367,36.68903530345367,29.150004411362545,29.150004411362545,24.927370449043742,,5.260114311795686,9.334027588843862,3.208185448548875,8.734581692069655
1673,Left/Right,76.37,54.42,63.06394736842105,18.52363221052632,,,,,,,,,,,,,159.83,70.58,110.22289473684211,723.7506448421055,,,,,177.87,55.42,110.49236842105263,1383.973519649123,,,,,9.124468261363603,9.124468261363603,9.124468261363603,4.755675279959778,6.724190422802207,,,10.247181897580683,,14.462620831501807,16.815344848334846,1.5266061429817162,2.6069492151797453,32.216002582077444,32.216002582077444,32.216002582077444,46.0169423176199,42.766505354811926,,,32.8178706131118,,5.942288235493461,7.965377382277976,1.7934915227302712,10.34095237648018
1674,Left/Right,,,,,,,,,,,,,,,,,177.04,64.13,110.02863157894735,1268.9066906606943,,,,,179.53,54.88,111.7997894736842,1431.9078574020152,,,,,7.191663006378499,7.191663006378499,7.191663006378499,,,,,8.280560317474414,,12.425334111063448,12.471734559953216,2.7586345154256384,2.9108679625899887,34.06682756291767,34.06682756291767,34.06682756291767,,,,,25.49856724780687,,5.168415037297265,11.3516127727294,3.1058455524614685,7.607090977942669
1675,Left/Right,,,,,,,,,,,,,,,,,176.79,67.66,103.09269503546099,844.9196341134756,,,,,179.95,71.39,105.44460992907801,608.7041307396148,,,,,4.084845314843698,2.5148910615913316,2.5148910615913316,,,,,7.513327823594641,,5.9245974431367125,14.128154488117765,0.06316139407998692,0.0,20.850351509140356,22.064459828828674,22.064459828828674,,,,,15.746755708702151,,1.2344088453864643,1.1682784856620485,0.06316139407998324,0.06316139407998324
1676,Front/Back,180.0,119.77,137.75772151898735,280.75939987017165,180.0,126.04,148.5254430379747,412.11708409607166,180.0,142.57,178.6281012658228,37.397223271665084,180.0,164.1,179.79822784810125,3.1999404089581183,180.0,68.2,110.3654430379747,1360.1016174294061,180.0,61.59,106.61227848101267,1849.9055049983779,180.0,87.97,117.9859493670886,763.005567997403,179.97,66.77,101.71063291139241,1096.8337983122356,1.1199863621834019,1.6397459934626992,1.1750446793110279,1.10986943640018,1.6946395001232755,1.0589741081045356,1.4973191749863672,1.5054357777344305,1.853820963983388,4.999646120096198,4.507119399217869,0.34361703063955445,0.0,25.006807253784174,24.252893478641596,23.886485868656397,28.002184857684952,26.472432515687515,26.641393638898105,26.267277570584643,14.452995026924198,15.461695918801782,3.3318956204893038,3.6455434356557794,0.0,0.0
1677,Front/Back,180.0,70.44,95.68119565217391,999.8806194338288,180.0,110.89,139.71663043478262,167.03710830148134,179.98,98.66,126.68065217391305,439.31558638318063,180.0,140.19,173.0770652173913,127.72973964405173,180.0,82.14,109.0741304347826,665.2784464882936,180.0,68.63,105.3520652173913,1229.417344039656,179.98,105.78,133.25565217391303,404.0888512183472,179.98,89.04,122.45358695652173,805.3110232560914,2.650411624924245,14.182290368279075,1.6086652338777705,1.2193248162508208,2.2187455285312154,1.9643109859860848,1.638337556304966,4.126492363032942,8.61605125058876,6.649500874642255,1.8761415856174855,0.6558888370957573,0.2755265997877758,29.04573343933916,28.52554133798864,31.399327903183202,31.00680991990086,33.139449657478835,29.766796104346298,30.821472441567693,20.4971284772455,21.8179968090792,2.622956919841517,2.8534318091911355,0.7904775359429421,0.30960835173171963
1678,Left/Right,,,,,68.12,45.01,56.62048780487805,32.84095778380012,29.87,15.33,20.891341463414633,9.911574721469448,10.05,0.0,2.9917073170731707,5.8225847034025895,,,,,171.25,28.27,91.89963414634146,1680.4630480126477,,,,,175.49,43.5,108.29707317073172,1378.6869592291482,3.1361957451475986,3.1361957451475986,3.1361957451475986,1.1499928622639763,2.2013554627846963,0.8081160853164409,1.430325466064929,,9.853152928106905,5.0292997954387175,4.383407349713962,0.20654788963733334,0.6950491901253031,28.92675952820797,28.92680974478242,28.92680974478242,27.52841848655901,30.836145689938956,27.861243635638743,30.072075776789887,,24.305510071347307,1.6431258513071787,3.751535592790589,0.6880866843320029,2.742218350218857
1679,Left/Right,93.57,63.4,78.54641791044776,61.89830818634105,118.56,87.03,105.98074626865672,50.6214857982814,48.97,25.38,34.550298507462685,43.36824233378562,42.31,7.55,23.557611940298507,70.48145481682496,179.34,40.56,123.72253731343284,2058.795628312981,178.3,62.06,115.05537313432836,1307.8891009950253,175.18,7.85,101.77985074626865,2888.9872378561745,178.43,59.64,111.3768656716418,1493.674521845318,4.508889196874113,4.58425878263433,4.58425878263433,4.34467486415958,3.0972964767596833,3.689838977854798,3.689838977854798,2.439690946331868,4.104447788616597,10.400857041909635,10.098365155805723,2.8852745724906814,1.1015614939763065,26.09644433112053,26.446734486237187,26.446734486237187,25.11335361413386,29.60167602272869,26.021949010782517,26.021949010782517,19.644907719450963,18.353530674598506,4.5501775086770335,4.279977457649969,7.695416639297349,0.3274877558208309
1680,Front/Back,180.0,117.56,137.20309278350516,312.25575491838504,180.0,73.6,108.04958762886598,371.81938524484536,180.0,156.47,178.16649484536083,27.46010216924407,180.0,108.67,151.98360824742267,482.1751649699315,179.98,64.21,100.3203092783505,819.9021488616836,179.99,49.15,91.72577319587629,1069.805326739692,,,,,,,,,6.754287632255839,4.634544508089854,15.88937523615036,6.342777235355603,5.724643164384634,4.84299366727829,7.835935611641649,7.472660201056595,8.937648368304432,10.14882637403972,6.132775840259668,,,39.20913640045576,39.9065490160834,38.144398970271695,50.19938091306917,51.43675156111639,44.0081794192052,46.07309496435995,22.43864417379164,24.45314968415583,4.917696541826425,6.556811721519906,,
1681,Front/Back,180.0,131.0,146.72182692307692,213.2474558532488,180.0,124.36,149.60817307692307,267.02099954256886,180.0,133.86,175.56346153846152,129.43107722180676,180.0,114.84,162.5008653846154,418.5069322535477,180.0,68.03,109.315,1197.3992970873785,180.0,68.57,109.56375,1250.481831432039,179.98,70.12,109.86240384615385,781.7798728061974,179.98,66.12,101.23865384615384,810.6492603061985,4.46184345871048,4.6550435348984305,5.231684149875965,4.492432023047496,5.4929850156360285,4.618856050725813,4.529629629028894,5.765046209268066,4.456090619063188,6.776987374860177,6.544156455178738,3.463020127257759,3.204607749628232,29.921494555671995,28.3000248557039,28.41434989683463,34.27795223573534,34.03038791812001,31.796494832677894,31.30910094670736,18.68134930351262,19.589880538928753,5.674895398160178,5.453842037545675,2.3126885911028974,0.47252262650756516
1682,Left/Right,,,,,,,,,,,,,,,,,,,,,179.8,71.2,117.39573033707865,1342.0829315628198,,,,,172.37,49.53,106.59662921348315,1452.8935521450464,9.367627335937595,9.367627335937595,9.367627335937595,,,,,,11.03175696090768,16.715756420596627,9.981243598365795,0.8749908798590864,1.0847630752933557,37.10511895315915,37.10511895315916,37.10511895315916,,,,,,32.05656394972038,12.66573933089828,8.85141345132587,0.8073691812874304,0.7187035058462135
1683,Left/Right,,,,,,,,,,,,,,,,,,,,,179.47,70.79,117.93632183908048,1321.0646584068434,,,,,177.08,66.66,111.62551724137931,1199.6282761828384,5.605261411672393,5.605261411672393,5.605261411672393,,,,,,11.489773092874437,5.335628016343453,6.748361595805805,0.1950417881324098,0.1950417881324098,32.24368655682319,32.24368655682319,32.24368655682319,,,,,,26.94627607492984,10.311525038630004,11.645424057076086,0.0804084401128323,0.0804084401128323
1684,Left/Right,74.1,52.68,63.00033333333333,27.43967785310733,71.19,54.09,63.025333333333336,22.62177785310725,11.29,0.06,4.406833333333334,9.635103361581923,24.54,0.08,17.585833333333333,40.53240437853106,179.41,55.47,123.092,1711.26884338983,179.56,58.21,114.33033333333333,1344.5108371751403,171.67,44.73,117.89183333333334,1626.7413372598878,168.55,27.9,95.10383333333333,1852.3800375988706,3.9103918476618174,3.9103918476618174,3.9103918476618174,0.8625337225864614,1.096874781825892,2.1859165326821817,6.891666342658461,4.9188520686686905,3.856346920821473,2.2978061703743067,7.690637328930615,0.2908201436149569,1.0378562128946744,21.472327219846445,21.472327219846445,21.472327219846445,24.601224078974173,23.38615650758921,22.59112290191015,22.278609939818182,17.118596593931482,19.23373763368894,3.8688723592544636,2.5672004886943562,0.2908201436149129,0.37433603555379213
1685,Left/Right,75.84,60.01,68.87925925925926,21.83400321453526,102.15,67.96,81.89833333333334,46.65448207547164,24.54,0.01,8.745000000000001,36.18183301886792,58.29,0.59,38.32296296296296,270.8637457721873,179.48,96.99,142.49851851851852,555.5991336128575,179.77,62.31,125.03148148148148,1609.1027524807826,,,,,,,,,3.419014763010764,4.575021050231659,4.575021050231659,2.209897689654935,3.2576711595321926,4.667670321093299,3.7851081920015663,6.166695523984832,8.553299223143613,12.377608358614564,22.250220831354138,,,35.37996803792762,41.14487032150648,41.14487032150648,37.51806692664146,46.80234936047952,36.91497806237885,34.17074967933537,26.678407399686495,33.26110941172501,4.526303280122512,8.65608857954071,,
1686,Left/Right,77.54,50.37,66.89384615384616,49.436571659918954,66.1,52.13,60.30538461538461,10.716988663967607,122.38,87.23,109.0825641025641,93.88188798920369,19.11,9.83,15.073076923076924,6.4170534412955345,179.84,132.45,161.8551282051282,184.21852564102613,177.44,124.18,156.49282051282051,242.72424183535728,177.13,132.03,158.22307692307692,142.74461133603228,179.1,58.35,113.7176923076923,1385.855723481781,1.3201950536784761,1.274556364828764,1.274556364828764,2.7733185079537317,1.309804200838597,2.2334071029369853,2.2334071029369853,4.080943419147501,3.5343886082331255,0.8098582871985351,6.804324803563429,1.456088015091214,0.4708077304254225,26.91807465096602,28.507869678445623,28.507869678445623,29.892481926205157,28.257182634603623,28.13291723921755,28.13291723921755,18.99407935666499,19.508756987319384,6.322854727323261,5.1096033660847375,1.315875503260449,0.9071242990500971
1687,Left/Right,,,,,82.82,57.92,70.86221238938053,42.56638524020226,37.92,13.21,25.421150442477877,51.84731741466499,36.08,5.25,19.249469026548674,60.85796400126426,,,,,176.29,62.58,112.75256637168141,1169.721058533502,,,,,178.24,60.86,113.43115044247787,1140.3155692003797,2.6776705185320107,2.6776705185320107,2.6776705185320107,1.231091179826568,0.8819762084306265,2.0540028678873736,4.071774762379382,,7.621063832435316,8.351561395911775,5.448127882506675,1.6057002058524537,0.13920546166103825,26.030439573143006,26.030439573143006,26.030439573143006,23.45550162025747,26.87454888193398,22.31609218765267,25.770619935285318,,19.876688291483298,3.9279446546331145,5.284267679474969,8.047306745717572,0.19641420473837504
1688,Left/Right,,,,,,,,,,,,,,,,,,,,,179.88,72.58,123.0322891566265,1366.1687203056124,,,,,175.48,68.17,118.41518072289155,1259.0151350279177,6.917753355668427,6.917753355668427,6.917753355668427,,,,,,13.743385928272376,8.348355484977622,8.824157333407268,0.0,0.7255795053416707,39.27002452111435,39.270024521114344,39.270024521114344,,,,,,31.24459606523117,9.292458408809768,8.12578462044827,0.0,0.08232319499226548
1689,Front/Back,,,,,,,,,,,,,,,,,179.98,68.94,117.70717647058824,722.0841752661064,180.0,75.93,121.43176470588236,650.1479028011208,179.98,112.6,131.39705882352942,311.4562424369747,179.98,87.78,131.03,857.1698785714289,0.8676613016919594,1.9516880218041475,1.7422547691633081,,,3.3608597339461475,3.3608597339461475,3.240175843345286,3.0800762568318376,10.12017859061207,37.21271892216197,0.36917748686331786,0.5239034165912492,36.505305675161416,36.681687065433444,37.78753629385838,,,51.49167041229815,51.49167041229815,35.21740402440942,36.10668278888007,2.7406832246385293,2.7144861159986498,0.418769205003018,0.22029392130679945
1690,Left/Right,,,,,95.31,48.69,75.08746478873239,114.21791834981519,,,,,,,,,,,,,157.06,60.03,99.3224647887324,809.6976002647084,,,,,179.39,49.76,97.21887323943662,1350.4865717710513,9.978875274953161,9.978875274953161,9.978875274953161,2.2710223091019324,2.2710223091019324,,,,9.969867697813061,8.341339925519874,8.341339925519874,2.233796917015242,2.233796917015242,26.270388396212635,26.270388396212624,26.270388396212624,34.670531115406845,34.670531115406845,,,,26.357444711961033,4.644569290979676,4.644569290979676,1.9630330235335476,1.9630330235335476
1691,Left/Right,,,,,132.75,71.95,90.89672413793105,98.21103644888098,,,,,,,,,,,,,173.39,74.48,114.14172413793104,1051.5240180278279,,,,,179.47,80.79,124.72724137931036,1180.0476027828197,7.219713556664865,7.219713556664865,7.219713556664865,4.735083680653899,5.1545943756571235,,,,8.381849739830761,16.689288139116098,11.756782762039686,0.3417582986918477,3.4314588466266107,25.66231544038746,25.66237028913983,25.66237028913983,27.132859147462348,31.60821679835017,,,,23.308386244544334,2.319652382913433,6.35475157530072,0.25415287566842076,1.4184965986647537
1692,Left/Right,,,,,108.1,56.13,71.97336,230.1015773290319,,,,,,,,,,,,,174.77,69.63,115.65608,697.462349832258,,,,,178.68,43.3,99.06696000000001,1210.4926455225814,6.650885218792188,6.650885218792188,6.650885218792188,3.6254554463609625,3.6254554463609625,,,,6.698746271721561,7.5305426484845865,7.7958441161859415,2.2939260611871353,0.9056275671171984,19.12436336701299,19.124363367012982,19.124363367012982,30.66778104345068,30.66778104345068,,,,18.99526299183647,3.003119346022009,3.662392792661896,3.760707294491099,0.2815280883253802
1693,Front/Back,180.0,147.74,166.95078651685395,118.62624823799825,180.0,142.75,176.62370786516854,61.62710768641459,180.0,158.51,178.55808988764045,16.402699719101044,180.0,126.4,167.9121348314607,141.65839425434123,179.98,97.66,123.00494382022472,361.2133275536257,179.98,94.54,123.20101123595505,364.36632055669054,179.98,115.69,131.7134831460674,141.8537070480082,179.98,105.29,121.1923595505618,186.22881141470899,3.331805099590143,3.627838980338368,2.3800498965271943,2.2603494472305603,3.249079964966066,2.81770314014003,2.579964480795316,5.872782921308004,2.4688818706068707,6.540999565871811,9.302120400456376,1.0990834217553886,1.1352563912173217,29.113185097871046,28.61092590043146,28.492167666582574,31.993836849715134,27.738408665746622,30.154763222433395,28.165536044620147,22.28989074675553,27.542223139296507,2.9137117892311886,1.9516928556535178,3.875143935216014,3.036703842872346
1694,Left/Right,63.12,40.87,55.79985294117647,22.437533311546854,97.21,73.3,83.51808823529413,41.10828076252724,,,,,,,,,143.34,35.29,82.92639705882353,1734.6186335893233,173.93,52.24,100.80088235294117,1523.3473577342052,179.89,26.87,92.50316176470588,3975.712199558823,179.99,57.96,102.09286764705882,1557.74905764161,4.773959182325484,4.751286590462229,4.751286590462229,3.497337923195245,3.436998626537927,,,2.6445164578540483,4.280541930139943,27.549255688141372,9.9368039896846,0.9287747568811504,1.418096884740181,30.360020614546478,32.441832845607756,32.441832845607756,31.703348851996246,33.55191141803879,,,29.13415929073161,24.003022047274808,4.518314446912313,2.9798341840957736,1.1394765740220563,0.6408289668124332
1695,Left/Right,118.98,2.42,53.0298076923077,352.6804951082898,,,,,,,,,,,,,165.73,54.4,93.99298076923077,802.6132055918591,,,,,167.34,67.83,111.39221153846155,959.2144057412253,,,,,7.916587845774552,7.916587845774552,7.916587845774552,2.4661019238930555,2.9615504436437305,,,8.59221296184424,,4.89901750251185,4.89901750251185,0.9354442323202002,5.215636765325178,21.497239806426215,21.497239806426215,21.497239806426215,32.79551876442317,30.172889678341313,,,20.624394524065824,,2.8859766795137887,2.8859766795137887,0.06530667300101135,2.196858471895215
1696,Left/Right,,,,,,,,,,,,,,,,,154.03,48.74,90.54589743589743,1199.1974764568772,176.77,73.99,117.29974358974358,848.9244311022314,177.15,13.09,78.37743589743589,3678.1767699633697,172.97,48.27,99.88679487179488,1434.7199727106238,4.286213757108755,3.2927953548241202,3.2927953548241202,,,,,4.018907438657843,2.8081280538524385,28.258122345999528,12.689796602475086,1.9444071797643578,0.8610363618242962,30.189560950924587,29.296785951413117,29.296785951413117,,,,,30.62722804796571,25.713824452656162,6.729336225361741,6.387090403789039,0.0,2.8588975942739454
1697,Left/Right,,,,,102.44,61.08,83.46136363636363,151.12325195804198,47.94,30.39,38.97984848484849,19.692690745920753,47.94,30.39,38.97984848484849,19.692690745920753,,,,,179.34,49.93,120.9459090909091,1644.8595537762253,,,,,179.16,55.52,120.32424242424241,1529.2975109557112,4.070354832387285,2.5438376795424738,2.5438376795424738,3.8732033958281016,3.8732033958281016,4.167698590164789,4.167698590164789,,6.711066817739766,9.497165569060803,9.497165569060803,0.7227569594114297,0.7227569594114297,31.122625025237486,32.91347724361151,32.91347724361151,33.32591759001969,33.32591759001969,33.02610418581502,33.02610418581502,,24.73338603215063,3.0001748200811513,3.0001748200811513,0.0,0.0
1698,Left/Right,77.9,15.41,62.483918918918924,239.8005337467607,95.33,4.05,74.40945945945946,452.76631477230694,56.07,16.87,32.20716216216216,58.16708635690485,139.91,18.3,46.78081081081081,1381.8769253609767,179.95,74.5,130.37324324324325,1237.494331803036,179.94,68.59,127.09972972972972,1480.3179095149953,178.75,53.87,109.24108108108108,1573.9026262125146,171.79,61.67,116.45337837837837,1274.2796363754162,8.95881270467124,18.743142952006792,5.548972507627954,8.179134655086369,16.448891766785483,3.310149188891826,20.234323295485122,5.38203144689552,11.713387842079895,12.046286783420813,6.434103539434548,1.0500535502290997,0.0,34.84326389802989,40.797234998975654,42.2527086130006,39.847165704473255,45.01014440451251,38.36066657553542,37.32445293328208,32.51166636786784,34.65382701474489,3.176674754420433,7.4799598050839915,3.0444458444542457,0.0
1699,Left/Right,,,,,,,,,,,,,,,,,,,,,177.75,74.6,118.2,1138.1446561403498,,,,,150.61,60.28,90.48724137931035,914.535915063521,8.62281784750649,8.62281784750649,8.62281784750649,,,,,,5.137170813407154,12.998299042159829,10.600826940942907,4.948627006814208,6.358226342917304,27.80131828878576,27.80131828878576,27.80131828878576,,,,,,15.839503352352423,8.543079549197005,2.420454404861465,3.3490995676592634,3.848924614897986
1700,Front/Back,180.0,130.47,147.64205128205128,182.78317236097251,179.98,127.77,143.89435897435897,190.16815997335976,180.0,121.56,173.40384615384616,235.06468631368617,180.0,144.97,179.01282051282053,26.87390622710618,180.0,61.6,110.06807692307692,1533.540366383616,179.98,76.14,117.70115384615386,1198.2567635864123,179.99,51.81,97.74641025641026,1483.995558374957,179.99,79.36,117.6526923076923,822.1963082417581,1.9432136505134436,2.012050654348522,1.3760858257391582,1.3044400000075593,2.008905771541908,2.7487383678187074,1.387403016323582,2.968235921695991,1.707320008050633,3.2247910754062823,9.734759570636633,0.849920858688607,2.7006240034465723,40.17103139887231,37.17423014830141,37.37288204874455,44.635814541326916,43.72303471386005,42.64188343306123,41.793080329163736,26.723997563707538,25.960922241897546,8.387943606632788,6.068554750726951,2.170741256436987,2.0419513289017828
1701,Left/Right,79.13,50.6,61.75173913043478,36.824467271858715,,,,,24.07,0.08,6.8951086956521745,37.935552735308185,23.51,10.36,18.175217391304347,6.328902150023887,179.42,62.29,113.39315217391304,1284.1471734710947,,,,,179.75,70.07,123.79336956521739,1076.2274489608226,,,,,3.5706994763767925,3.5706994763767925,3.5706994763767925,1.8576352826019646,1.4368451269280613,1.8722522542604814,2.2404432964741026,5.1382141483686725,,2.849867511107281,3.5971241732425283,0.0,0.7789168317868828,17.71717253551281,17.71725802121347,17.71725802121347,19.35499777626581,18.572242444942066,17.952675462695595,17.38268350854704,14.036686064678264,,2.7671967166965796,1.6373269431463549,0.0,1.0178182663383073
1702,Front/Back,180.0,137.26,157.78526315789475,255.04495394736836,180.0,116.84,138.929649122807,299.32008558897235,180.0,132.95,175.88333333333333,85.97210119047627,180.0,123.44,166.0417543859649,135.95210401002504,180.0,97.49,145.5740350877193,541.4851887844612,179.99,81.49,119.41263157894737,683.291348308271,180.0,104.15,159.75438596491227,794.8373322055137,179.98,109.78,142.1357894736842,275.04602124060006,1.263693789049114,1.878380411398359,2.3222273061985392,2.043465654152058,2.043465654152058,2.507366965113821,2.507366965113821,4.492749484706512,4.470927390298719,28.425896686711724,10.239587595960016,0.19867985355975715,0.3067612159465599,28.815441212232702,26.413567995409483,28.6885089384719,30.278529624190927,30.278529624190927,29.840028135632487,29.840028135632487,20.246527480039635,20.934780571909137,3.479126802557021,2.00525039218006,0.29801978033963034,0.0
1703,Left/Right,,,,,67.53,30.24,42.85156862745098,74.86416949019612,37.04,17.6,23.79980392156863,17.57814596078431,35.86,0.82,10.439607843137255,62.67722384313723,,,,,169.24,71.26,126.2349019607843,955.1607374901963,,,,,166.95,78.39,129.38862745098038,776.3804520784303,4.609453202227904,4.609453202227904,4.609453202227904,4.040675540491888,3.0826840863881015,2.714015908748731,2.906180027620641,,4.301894804959927,6.167085306404511,4.667093817985888,1.3416407864998818,2.577960890498757,29.93881996967265,29.938819969672675,29.938819969672675,31.961493375991196,38.393312836850065,30.59405940028611,34.46601907079255,,24.147446073117496,3.410709776054036,5.653837842823332,2.3012784170850114,3.485938138562176
1704,Left/Right,90.42,69.78,81.93146666666667,33.04482619819815,91.11,73.25,81.65453333333333,18.86926295495498,51.46,32.96,42.294266666666665,13.569797765765765,43.16,25.16,36.36213333333333,10.787762954954982,173.89,41.31,103.57759999999999,1967.1337347027038,171.17,50.44,102.05413333333333,1521.8283002522508,,,,,,,,,5.596433800037137,18.031269340307208,2.786011156985342,4.008515579442177,4.008515579442177,2.652889187689933,2.652889187689933,5.148631658399515,12.663906514113178,35.634118049516054,16.515235194971506,,,45.4191450594836,51.15233445099359,52.848170272699626,60.62419095087314,60.62419095087314,57.13245387085371,57.13245387085371,48.889551694066974,42.7128445594573,6.804609896424819,4.966620223303021,,
1705,Left/Right,,,,,,,,,,,,,,,,,179.9,62.05,120.15511363636364,1662.9631930903877,,,,,179.93,57.39,113.19397727272727,1639.9054035397075,,,,,7.169393906490003,7.169393906490003,7.169393906490003,,,,,12.084337687514052,,11.705899476316828,11.705899476316828,0.0,4.160052221157638,43.27569512929539,43.27569512929539,43.27569512929539,,,,,32.98183336760405,,8.433370298240913,8.433370298240913,0.0,6.429171614516353
1706,Left/Right,94.47,58.48,75.33424657534246,86.7512969939116,,,,,,,,,,,,,178.12,77.79,122.10547945205481,1079.3360112252653,,,,,178.53,49.23,105.40671232876713,1777.6456890410964,,,,,5.972890302797654,5.972890302797654,5.972890302797654,3.8835421340871563,6.339465665637702,,,5.06667868299464,,9.032854795324935,9.032854795324935,0.25433830943622926,0.25433830943622926,22.479163360501833,22.479163360501833,22.479163360501833,25.604946380740156,22.89342073501759,,,18.74532920006673,,4.731609435898251,4.731609435898251,0.4413898072546168,0.4413898072546168
1707,Left/Right,,,,,80.58,52.67,67.192987012987,39.64830017088168,28.97,14.84,21.46025974025974,8.4315946684894,48.27,30.05,37.79727272727273,11.747733253588514,,,,,179.63,51.67,116.25285714285714,1325.252533834587,,,,,180.0,36.69,113.6538961038961,1975.9875477785374,3.0046671374666274,3.0046671374666274,3.0046671374666274,1.8961413492681751,3.620780005315124,3.8880436104656835,3.8880436104656835,,5.084997501664518,14.671721047519982,8.614553169827758,7.493674707968366,2.9219746317279816,25.897881639446872,25.897881639446876,25.897881639446876,23.233288925283794,26.282230481786442,23.606566738192345,23.606566738192345,,24.827979567013514,3.685518760014257,5.613429848897153,5.641699787003128,1.2177486707105178
1708,Left/Right,,,,,79.37,57.36,68.94422535211268,32.22619046277645,30.51,17.0,24.75985915492958,7.017741408450709,14.88,0.08,4.852535211267606,16.23347062374245,,,,,170.77,59.81,111.32239436619719,1247.974055613682,,,,,174.89,50.13,112.39154929577465,1376.1047589939635,6.11933637464031,6.11933637464031,6.11933637464031,2.38025073497905,3.0617389622299926,5.536780256943727,4.8351080254433105,,8.458086983028428,6.864307122619274,6.363376095438033,7.568413658876696,1.9827221496560063,29.54878651837076,29.54878651837075,29.54878651837075,29.6542721227614,32.2910618601547,29.4372503855501,32.18912297387054,,24.630623330192066,2.7306296028881216,3.7068645875486648,4.475823721721805,0.8280786712108567
1709,Left/Right,90.77,68.94,80.43670588235294,23.238967591036356,,,,,,,,,,,,,178.66,61.97,110.804,1312.2514171428575,,,,,179.48,42.17,99.02976470588236,1657.234188039217,,,,,7.148727629633771,3.475000755697849,3.475000755697849,1.6249434379297116,1.5568532418974141,,,8.128032724244301,,11.736021096456424,19.522276383918037,0.0,0.0,25.582300456343933,27.23607693032575,27.23607693032575,32.76474586241394,28.214631685997087,,,22.754623687498402,,6.949037929905145,6.272162386960609,0.2884324484362283,0.0
1710,Left/Right,88.44,64.53,76.89903225806451,27.886558835904747,64.24,28.85,46.910107526881724,116.78101846657314,43.35,25.19,34.13311827956989,26.277104301075315,131.06,25.19,60.00569892473118,1685.6152008648899,178.84,70.1,125.59795698924732,1192.3436838242167,179.39,142.13,168.05451612903227,86.98647720897615,,,,,,,,,5.540096732842872,4.918399707244645,4.918399707244645,3.0541010641362307,3.0541010641362307,6.253929339858187,16.775840422446276,9.820813080657695,5.656044533202566,12.065291781734969,7.435425020226919,,,39.5069010606571,44.35900117533637,44.35900117533637,52.33943589483578,52.33943589483578,47.787389075973344,40.07348723760998,36.05888161810327,27.24727764751115,11.662533287361779,12.963591263890713,,
1711,Left/Right,,,,,99.24,67.79,84.656,60.36325285714297,122.47,36.83,72.50905882352941,460.94349910364207,50.33,19.07,35.73647058823529,68.02209215686268,,,,,179.68,61.44,117.63341176470588,1430.414308459384,,,,,178.4,52.4,109.5175294117647,1402.8667712044803,10.900394141359072,11.907879073689537,11.907879073689537,7.791215965334771,7.791215965334771,21.996190703441936,9.452874046082044,,5.94150848768591,12.024856085024313,13.71896995239155,1.7299117138788236,0.7709265406590085,39.87265443168504,41.63674317658552,41.63674317658552,48.135359301931594,48.135359301931594,42.91503049558481,44.37224426287643,,33.65158386523073,8.59444258095372,7.378138130240427,1.3196160633388436,1.6227602534990475
1712,Left/Right,85.53,56.61,73.8104,30.65393632432437,103.28,86.88,94.59786666666668,20.515881873873866,40.77,20.64,30.344666666666665,33.080171171171266,49.85,20.64,38.7924,70.21221308108113,178.82,76.65,129.2904,1219.2718552432439,154.87,72.47,118.50493333333333,1022.6653361441446,176.98,59.51,114.94399999999999,1558.1718135135127,175.82,21.81,109.36746666666666,3875.254181333333,5.4022834744891535,11.898409062400589,19.134917135280578,2.3087316511706435,2.3087316511706435,3.727857540051509,3.727857540051509,4.491355959100952,7.832425866547027,18.3529474063383,46.04622573210417,0.0,0.0,33.3055907475872,40.56728644011816,39.59403395902556,41.29170068450486,41.29170068450486,36.347068813440906,36.347068813440906,32.829337203277284,35.180419122635875,6.901578939986483,6.043878561482353,0.0,0.0
1713,Left/Right,92.71,46.87,76.81968085106384,159.23034075726372,,,,,,,,,,,,,179.94,61.07,111.91893617021276,1409.241095630291,,,,,179.4,43.46,101.6954255319149,1622.985141214824,,,,,8.359782295047562,4.594474147327451,4.594474147327451,10.033989079949933,2.877160791649017,,,7.698944287146279,,11.44744938667717,20.75866945601468,0.0,0.0,28.84667171938914,30.17261169049045,30.17261169049045,35.95031317191193,30.279654857414524,,,24.898840892636798,,5.835957796059855,5.897961270785153,0.0,0.0
1714,Front/Back,180.0,110.72,157.66421875,481.3364279513892,179.97,109.29,129.24515625,258.1301650545633,180.0,117.33,159.955625,296.9858218253969,180.0,97.36,130.4709375,589.1227038690482,180.0,124.26,159.80140625,232.66230116567453,179.98,98.28,129.20828125,433.4693033482143,180.0,93.91,159.76015625,674.9798682291666,180.0,125.17,150.8775,207.402726984127,7.393137503310565,4.552628141092945,6.30563408432151,4.201402826947896,5.914900599937654,6.034302521389099,6.936403951384734,4.650688793071419,3.9449157774370085,30.21298789058748,13.122528466275632,0.6404344228724798,0.0,30.539418961255173,30.20022238195678,32.06152532631596,29.26216694065052,33.21906917599653,28.719082754950826,32.90910099913744,27.844103232487623,28.260576007045582,4.17981370804113,3.1095152068173877,0.0,0.0
1715,Left/Right,120.31,75.79,89.32681481481482,83.27430545052515,81.57,56.09,70.96222222222222,25.488009950248795,51.85,27.0,40.70762962962963,47.76012568269758,53.68,29.96,41.99777777777778,29.307908457711445,178.77,69.24,115.4811851851852,992.2930045550003,179.09,95.51,139.67370370370372,460.042538419017,175.27,62.84,110.04903703703704,1019.6009908568285,179.98,44.11,101.37681481481482,1422.9631367938075,5.619047991677995,3.548804217559998,3.548804217559998,2.204903394054822,4.874062358689723,3.6178461738047423,3.2687727461038953,4.109987029847785,1.7291964028932314,5.833452305794569,9.245614287040166,0.0,0.0,27.390362039115704,29.90045697496014,29.90045697496014,30.957575979835102,27.470163545026303,28.946654897057694,26.80573103313722,21.915076839996015,19.515930110265515,7.8069087534283215,4.714297886661294,0.0,0.0
1716,Left/Right,82.14,56.08,67.21132653061224,47.368193067536204,,,,,,,,,,,,,176.02,80.2,124.0642857142857,780.5323237113399,,,,,179.47,41.69,99.69214285714285,1575.33609329897,,,,,9.70925532223073,9.70925532223073,9.70925532223073,5.2412840698660474,7.042515544595999,,,9.608024963472795,,14.959417408740258,14.959417408740258,0.7823977735373469,0.7823977735373469,32.320843736317855,32.320843736317855,32.320843736317855,46.17174575601297,37.88311761962674,,,32.18574090705645,,6.562053086582686,6.562053086582686,0.4094356417174865,0.4094356417174865
1717,Front/Back,180.0,114.1,154.75615384615384,242.4847345780428,180.0,143.1,170.1475,128.42790242718462,180.0,79.12,165.31740384615384,533.0710135828978,180.0,111.88,164.3739423076923,389.4693969286771,180.0,111.61,154.32490384615386,220.67632426250927,180.0,127.0,144.3053846153846,123.63796878267351,180.0,100.11,161.51076923076923,635.5827120238986,180.0,115.63,137.7955769230769,258.1047219940256,5.932271144010889,9.568817409527588,3.4808233855474593,4.105950263743392,4.105950263743392,3.767713950031337,3.767713950031337,5.9308232083164185,7.304068811960752,31.399327314257906,12.617184098603115,1.0920566615582843,0.8563234018079618,35.992425920940406,32.76904493876282,34.00500226787576,38.08822431280388,38.08822431280388,36.91732153846358,36.91732153846358,30.1567723504351,32.99276857422976,8.129988558764781,6.261710463110177,3.9223227027637004,1.3745798461884247
1718,Left/Right,106.88,0.3,61.35211538461538,1295.6107236370424,,,,,163.79,129.62,147.46951923076924,113.32267840739378,179.19,126.54,158.5714423076923,201.57084741411435,175.93,39.23,100.61999999999999,2129.179757281555,,,,,166.71,59.56,105.75730769230769,1261.1929266616878,,,,,3.672033026766504,2.4811168387167437,2.4811168387167437,12.890784696716006,13.09162445361835,19.298734780161404,17.94675657870511,10.10263534882911,,4.0817522932004335,4.294058818970305,0.331758165248593,0.331758165248593,28.682321630622575,24.561989580464743,24.561989580464743,21.64229540682091,16.09241175273049,15.304867803482512,11.19509567186966,20.175564380166737,,2.224073459650309,2.783009126195965,0.3025343381593152,0.3025343381593152
1719,Left/Right,74.06,46.42,60.7005,55.14958176258982,,,,,18.31,0.06,5.232785714285715,11.512326716341214,19.11,3.37,11.589428571428572,9.79359967112025,178.32,56.83,111.47714285714285,1162.1506968139777,,,,,172.21,42.37,104.07507142857143,1247.5825820092505,,,,,4.581721975305039,4.581721975305039,4.581721975305039,2.223403962364091,1.6586019122098457,3.9037507163885445,6.597050985558902,4.138802471022497,,5.439566845021681,6.365802566650558,0.13968241397133802,1.8195686047804782,21.910976435584523,21.910976435584516,21.910976435584516,24.657179023349684,23.947515357088843,22.778416177964765,22.663738746218243,18.521916963868584,,5.4183228026607715,3.640483288873539,0.8775198630054707,1.8857528259165401
1720,Left/Right,59.6,36.21,47.98150684931507,32.523576864535784,90.22,57.03,75.19424657534248,36.92653588280054,63.37,36.68,46.16849315068493,24.6428101978691,12.17,0.04,3.75972602739726,9.45363881278539,179.53,117.89,150.68424657534248,290.10644421613466,161.08,95.99,124.65657534246576,490.0925228310502,174.68,74.13,115.03164383561644,854.9719028158297,160.84,79.73,115.19041095890411,666.0671151065449,1.1724213908864956,1.1724213908864956,1.1724213908864956,1.6168790756285647,1.6168790756285647,0.765395635898239,1.2215950722509992,2.2052727132320857,3.5975579140863885,5.916097872846262,3.8564791593951804,0.5025619296670656,1.2267530090468184,21.521473029740864,21.521473029740864,21.521473029740864,22.941245121826444,22.941245121826444,21.027979973854414,22.34885497051583,15.114672971688671,18.29897608296519,4.5621422734596555,6.964240240204818,2.5526141582886623,1.4210832979547712
1721,Front/Back,179.97,70.37,107.82985915492958,850.5346014084512,180.0,104.21,132.53845070422534,418.6134189939636,180.0,48.9,102.02422535211268,1945.6823190342066,180.0,114.78,162.18140845070423,376.1698065593564,179.98,52.31,102.37859154929578,1257.5508237022132,179.98,44.15,101.50732394366197,1814.7662713078475,180.0,78.16,125.90676056338027,1298.8093107847073,180.0,69.57,117.10830985915494,1322.5155885311865,0.9221862964674697,1.0211914570499119,1.505873811318098,1.339614647735154,1.8281005744382768,23.35676628275246,2.3497506182160572,1.4217809018258614,1.6059925089591842,4.875295997823976,3.9712497969402767,0.0,0.28307381494630784,29.658542188524535,33.491369875489134,32.78656052878749,42.87808567774836,42.2305194812226,38.99925126970499,38.757924807869614,23.603876055773934,21.72873275093998,4.902520601639197,3.8711808595679065,0.0,0.500578136583102
1722,Left/Right,,,,,170.29,75.8,106.13038961038961,705.6781748462063,,,,,,,,,,,,,160.12,53.61,106.65233766233766,1030.716481305538,,,,,179.49,36.13,105.02948051948051,1910.3877786739583,8.164068879957577,8.164068879957577,8.164068879957577,2.7830956065432773,3.5441085961954735,,,,8.317243666491454,9.173701835447176,9.173701835447176,0.0,0.0,24.360316177587762,24.360316177587762,24.360316177587762,34.68626997597473,37.72091711509814,,,,24.856819137237277,5.52408624833248,5.52408624833248,0.0,0.0
1723,Left/Right,,,,,104.07,60.63,79.67459016393443,202.80389191256833,,,,,,,,,,,,,178.21,64.94,117.85459016393443,1474.138388579235,,,,,179.35,51.64,112.14377049180328,1824.2240572131134,8.28906548154719,4.496788471495754,4.496788471495754,2.8058596473551174,2.8058596473551174,,,,6.6583024715973185,11.006685747650906,11.006685747650906,1.829824635510546,1.7237789691332885,25.679868287160307,17.70932201033042,17.70932201033042,30.432234581761232,30.432234581761232,,,,20.432563511203007,2.5803283245151554,2.5803283245151554,4.342283998988197,1.7467182343365932
1724,Left/Right,,,,,99.54,70.85,86.24015384615385,58.33722653846155,,,,,,,,,,,,,152.96,67.44,110.48615384615385,765.2010396634619,,,,,172.3,59.72,109.67061538461539,1393.3103089903852,6.16775696355962,6.16775696355962,6.16775696355962,3.832741035623692,3.95999754152022,,,,4.961138037285376,11.603788029545159,10.554076067312343,0.20140730832358653,0.20140730832358653,24.895795448420913,24.895795448420913,24.895795448420913,28.992766836681064,33.182149992503504,,,,24.394130806168565,5.8852764051813855,1.8172847983905682,0.2727067846325318,0.2727067846325318
1725,Left/Right,99.0,72.74,85.8582208588957,26.243892494130055,81.94,56.91,68.53748466257669,20.39089548587436,72.96,22.24,48.70343558282209,216.96172763008414,72.96,22.24,48.70343558282209,216.96172763008414,159.47,51.25,91.8498773006135,1154.574861713246,179.53,77.61,118.58079754601226,828.1766468908575,176.3,34.67,84.200245398773,2254.558475248051,179.75,67.16,108.39840490797545,838.34649497084,3.448130352827717,2.699350758297634,2.699350758297634,9.155783170859099,9.155783170859099,3.944823112098374,3.944823112098374,6.45574611412968,8.465299749536575,27.145994487307227,8.741834938584901,0.0,0.24964374434606124,29.241567306811945,32.35729068742762,32.35729068742762,33.85640219493123,33.85640219493123,33.829326459758214,33.829326459758214,28.894192402915134,27.892998096370594,6.751056277788233,5.625551388326911,0.0,1.018253850415239
1726,Left/Right,58.79,10.66,26.48645569620253,225.19401291788387,54.09,25.11,37.276835443037974,53.774934728984064,114.65,24.47,49.54556962025316,863.1566172995776,61.92,21.89,36.65063291139241,119.82702651736446,179.52,132.82,156.9692405063291,153.85488659526158,179.82,127.1,158.1286075949367,189.7512762414802,179.79,119.84,149.9507594936709,420.5616122362859,179.89,120.96,150.81405063291137,313.0692295358654,1.4547708840979374,17.02729744631305,1.5227702104795875,3.1628741874454227,2.5509534846059343,1.4972589366144016,1.4197753089645755,2.534835198574831,1.863119615864351,6.775282630451116,4.230488173367787,0.6456072072224207,0.422556553488222,37.63335344645884,36.37900190294839,36.73714826054722,43.77778502877136,42.407481347006346,38.204299024752935,39.290929515113724,17.547142303477813,17.397673433416703,4.464277229091938,4.334172764673893,1.1264393583512682,1.8188400596560375
1727,Front/Back,180.0,117.83,147.7996,260.15381195959577,180.0,125.92,149.13469999999998,227.3847807171719,180.0,144.05,166.8269,93.99878524242413,180.0,143.57,178.1351,34.14848988888893,180.0,63.58,108.9282,1217.1545583434336,180.0,59.95,108.2702,1279.3225797575747,179.99,64.36,104.17299999999999,1186.384386868686,179.99,78.74,116.53299999999999,688.5183060606053,4.127347816697799,1.7548633720451092,2.53667418268309,1.560794523777754,2.5468786600643054,3.7007677336171283,2.44874736066495,3.3276646875439786,2.08081059380059,3.3823069050575536,7.158815290509764,0.45226701686665505,0.27633971188312945,29.436078666709793,32.31086926604222,29.191899366714118,33.44814167959384,30.149750300488705,32.328185703950226,29.646610836500503,23.365936502446544,20.35547167895469,8.685659549981331,3.9805992582204843,0.20449494325822656,0.5688904671695442
1728,Front/Back,179.97,119.97,136.36837209302325,218.55550320109464,180.0,117.99,139.7146511627907,315.74379693570415,180.0,116.51,176.34918604651165,145.46575109439146,180.0,179.96,179.9995348837209,1.860465116274468e-05,179.98,87.65,124.73627906976743,673.4047554035569,180.0,50.01,96.45081395348838,1530.0401228590965,179.98,99.84,135.64674418604653,408.4880151573185,179.98,48.11,95.34046511627908,1300.7030774281807,4.422416006878323,2.9559696375213353,1.6840565642601566,2.9122248113037594,2.6629584054619553,2.575348780384745,25.071102888951636,1.1923899427829578,2.0892471922607165,9.733297542629202,2.562288328316782,0.0,0.49498165617053924,31.46645296897476,30.32829222866866,31.346853876394313,32.29659647143722,31.814292193234447,31.203353283837156,33.07116556963275,19.42196318343666,18.939446490827912,7.495078754780078,8.742032233124046,0.3843732795830954,0.9197307120909723
1729,Front/Back,179.98,79.69,103.7986842105263,292.80387701443885,180.0,63.11,123.86842105263158,374.5218983698189,180.0,94.3,141.19587719298246,519.6316474538121,180.0,120.76,177.29394736842104,95.80306127154132,179.98,115.17,127.81403508771929,179.25439419344832,180.0,49.01,109.99631578947368,963.7950022356775,179.97,140.76,147.0236842105263,42.363533209128946,180.0,61.61,126.23245614035088,1012.1650222325716,2.8225322125259895,1.6519634644161771,1.568914336511514,1.6044202874979374,27.641897081276817,1.9742171614291215,0.8120210634098278,2.9036395261910988,2.5928439457144967,8.483024221628078,2.6800542425578726,0.0,0.0,28.771452263573163,27.391079302487274,28.801071202903465,30.810376211827,32.52032306064854,29.569998502943125,30.282654565366407,15.745544059518672,15.072388513913818,5.714315130288517,6.525694846885548,0.0,0.0
1730,Left/Right,83.72,59.91,71.0313043478261,35.001213196033575,93.3,68.71,78.94278260869565,33.56338166285276,50.0,26.03,38.947478260869566,23.148994462242563,23.65,0.25,12.37208695652174,31.61208858886347,177.41,87.52,128.2893043478261,749.0485889855074,177.97,86.68,131.1475652173913,695.1833010373764,169.09,89.82,131.12765217391305,539.2307654919911,169.49,79.28,121.21321739130435,624.5616799084663,3.3124997301498387,3.3124997301498387,3.3124997301498387,3.3633890027060787,2.8386229619952097,3.6126802806321634,3.6126802806321634,8.725465767534253,6.265870011601612,5.335765618619558,5.7594663892799165,3.804557365919466,3.3239302919604032,20.41757302740754,20.417519344119814,20.417519344119814,22.25771920195838,21.4726756813242,21.475812588020712,21.475812588020712,13.54036046625289,12.90902975436517,4.626047410620513,4.652018459089222,3.3818992538112425,3.6420621500470984
1731,Left/Right,,,,,,,,,,,,,,,,,179.89,61.89,113.66627906976743,1303.5435436388495,158.51,44.04,90.56337209302325,1455.0841167305073,179.36,47.22,102.71046511627907,1575.6850962517115,173.36,19.27,79.59372093023256,3274.5756895212044,5.4293061482510145,4.1020252683841445,4.1020252683841445,,,2.6960303884928916,2.6960303884928916,6.217125107787528,4.919969680667409,10.893856000965286,24.907084457838042,0.7243863912137316,0.41979769751623985,27.930909958292105,30.17231969795622,30.17231969795622,,,31.828146040800547,31.828146040800547,25.86595743598985,25.024678460030376,5.564044872712115,9.147928868479653,1.3551988501296086,1.5272525486864437
1732,Left/Right,,,,,,,,,,,,,,,,,179.78,59.4,110.19735099337748,1164.2901249359827,,,,,171.88,36.87,92.83721854304636,982.1186148785868,,,,,6.3448723763825745,6.3448723763825745,6.3448723763825745,,,,,9.259607915604656,,8.100832354372137,8.100832354372137,0.252279409905463,0.42060799480994604,25.10383290159609,25.103832901596096,25.103832901596096,,,,,22.56706956588763,,4.649084803791782,4.649084803791782,0.05427969020003651,0.3830768667353834
1733,Front/Back,180.0,120.22,146.09901234567903,470.92859151234535,180.0,98.73,136.79222222222222,431.0523949999994,180.0,134.13,175.68296296296296,92.81041111111112,180.0,108.67,152.8462962962963,295.21763861111106,180.0,69.84,115.66209876543209,1485.9580142901227,180.0,60.29,108.640987654321,1177.4669915123463,179.99,87.23,129.7535802469136,976.8632257716044,180.0,107.35,139.43123456790124,629.1704334567908,4.125332776812605,1.2147026487992811,1.6412858575060385,1.6600007238210492,1.9702461521342756,1.005583545037094,2.0558789375505824,5.0253110719390435,4.095617494407127,4.640284457409776,5.962865325816705,0.0,0.0,26.374447848459525,27.18276813496028,25.489364774406955,27.106571490776332,26.966194645304647,27.65223029843665,26.14725579759284,17.591026768806422,16.039471917740933,3.3716209024099952,1.9025634287215507,0.0,0.0
1734,Front/Back,180.0,97.87,130.9920909090909,387.02462769808227,179.97,105.69,139.9738181818182,106.0791669391158,180.0,132.78,162.389,225.4940879816515,180.0,129.63,174.734,92.49533431192692,180.0,58.54,100.26363636363637,1195.8641261050882,179.98,77.74,111.34945454545455,534.1946217180986,180.0,67.61,101.30154545454546,1067.9578535529604,180.0,124.11,145.12963636363637,189.41328977481194,3.807396449426116,3.0391832283657543,1.6662461243132662,2.6502435093557466,1.470641593743279,3.859165838296253,13.674382831771895,3.8524313185597903,2.115130024573123,1.8896860218170757,17.01393115100122,0.0,0.27234387145712946,21.59743195222006,22.680209308710225,22.016196578916638,28.792546210163287,25.97568392033741,25.09370304366622,22.77249607215095,17.035129191285932,15.784810512348871,3.8851722198183154,2.917902950983707,0.0,0.0
1735,Front/Back,180.0,96.45,136.16222222222223,699.9086904040404,180.0,139.52,153.736,131.45120181818203,180.0,122.43,155.51288888888888,382.7938164646463,180.0,151.92,174.11822222222222,76.90848767676765,179.98,58.48,101.38177777777778,1463.2169104040402,179.98,63.05,115.49844444444444,1117.9765361616164,179.98,84.07,122.65222222222224,624.5632494949498,180.0,101.1,141.48733333333334,779.4878609090906,1.3029686384281707,1.642821851681922,1.0485379431292998,1.9294370351808035,1.9294370351808035,1.4587120720316646,1.4587120720316646,2.673204580138368,3.7402904602814893,2.3850862381969304,27.992917123638776,0.8896500844305466,1.0744977685158097,40.476704860495204,39.14089497048974,35.39439317436901,36.966915490869546,36.966915490869546,37.80352917627953,37.80352917627953,27.851574951387008,29.260759481847813,5.449301456483799,6.010974811277962,2.0130257641850497,1.9788656070863744
1736,Left/Right,72.29,42.57,52.82803738317757,70.71817064009878,51.79,6.89,27.252616822429907,143.93401006877085,45.88,13.58,28.123457943925235,62.31742094868635,105.9,14.1,66.33271028037383,296.33700107564806,180.0,107.64,143.18214953271027,276.8795755245996,175.4,143.7,157.51271028037382,76.41256900017589,177.8,86.6,135.1352336448598,543.391644048669,179.8,124.97,161.42495327102804,269.00834598836144,1.457247071780775,1.4896850904944434,7.027489033416875,2.27849391078821,3.3680817897341053,1.3652272632564353,2.1733486383925085,1.5602983884539976,2.9291042818318695,4.971554418090996,5.254975225709244,0.0,0.34516750946841823,21.763211463707993,21.24266587463707,21.278214246774855,24.698478368382432,25.38636835841284,22.47981093773942,22.54953671590833,16.05601179241007,15.269535999300286,3.925276619499233,3.8578886101012717,0.0,0.3166368359978993
1737,Left/Right,,,,,94.51,67.79,77.1925,43.55068033333319,,,,,,,,,,,,,162.74,60.97,112.71013157894735,1009.3780573157896,,,,,179.73,36.97,104.04592105263157,2033.7094671403509,12.127509687815966,12.127509687815966,12.127509687815966,2.7677338884352527,2.0969484930384175,,,,11.989959249597877,17.409092199999115,17.31865944327911,3.6711057658231154,1.4341083176199265,47.31600930807781,47.31600930807781,47.31600930807781,61.13656269570292,62.754721636856125,,,,47.190349890703466,16.945790762351688,14.191744573345758,10.757575869892397,1.570059782077811
1738,Left/Right,97.06,63.97,80.09986842105263,46.611862649122834,105.23,70.73,85.18381578947368,49.84314657894736,62.26,0.2,21.918684210526315,302.108542245614,36.69,12.62,22.558026315789476,31.64106938596493,179.1,54.23,131.03197368421053,1776.8156640526327,179.1,63.14,138.87342105263156,1351.3766281403514,179.73,26.32,110.42263157894737,2612.656867649122,172.98,62.27,133.5838157894737,1127.7099545789476,4.476899773163035,15.479516742989452,2.864023669411143,3.8664322372975906,2.7145805142638615,20.449750137880773,5.037334299220676,3.2123302580864155,6.733250824576992,25.40831470484319,3.69150280813331,0.9793481541400575,0.7673147527739899,38.74518419424036,36.73799123523227,39.754410546437946,44.16218911431386,47.588268862539366,42.38390955862478,41.69923008250494,27.36981215032103,29.46689787160229,9.262904701483826,11.133157368080994,2.138166126839751,0.4017505554096338
1739,Front/Back,180.0,114.64,139.34171052631578,339.8755983684221,180.0,97.29,140.98394736842107,440.25985621052627,180.0,92.18,160.63947368421054,691.5499277192986,180.0,105.54,157.7540789473684,669.2140351403502,180.0,76.05,128.25065789473683,1402.828608894735,180.0,68.97,123.57644736842104,1385.1841165438595,179.98,81.18,127.24592105263159,961.7116138070172,180.0,76.4,129.96605263157895,1299.668162877194,1.8544872086421946,3.995326216837297,1.696797809704372,4.363384329510471,2.399817244503727,1.3909481809561584,2.57228821609606,3.7259403617002866,2.05503233423147,14.073559880829666,13.391140040300817,0.617862756576987,1.3268482640413308,44.9249256801658,45.421395375910016,44.68272557613603,55.312920035078754,55.232802356392796,49.06956036471047,49.57219615448713,32.1939816757783,32.14295917555514,10.477871419028014,11.460282290390492,0.3900067475799301,0.5446711546123375
1740,Left/Right,48.72,0.3,26.885666666666665,268.9091282022471,82.38,55.43,68.15433333333334,52.74799786516845,93.54,0.1,44.622,1228.9891779775276,40.9,9.41,25.12688888888889,60.39912729088642,156.06,95.18,123.46744444444444,220.43623047440687,173.73,80.26,125.3941111111111,772.5408132459419,176.0,138.94,159.1628888888889,130.3239533583023,179.78,90.63,132.70733333333334,826.5073388764043,3.688360449981641,19.819310184256555,3.8308329249493815,2.6272261828267394,3.1228250858563524,4.292181617046026,2.9012782924664857,6.221925710787771,2.9366043411021407,2.501137381722009,5.887069242811978,1.255996851065986,2.0940156841325686,28.95146073433403,29.615651229591577,28.080048346976525,36.40086680194012,33.642975334025394,30.665201199515067,30.96385170419779,16.22588097710402,21.413445754971875,2.5856670623464577,2.280551012660838,1.2987948173318455,2.574398587998299
1741,Front/Back,179.98,70.6,121.02245901639344,689.5539188524589,180.0,80.43,118.02196721311476,636.5475260655733,180.0,85.68,126.7744262295082,641.2914984153008,180.0,88.5,121.1472131147541,606.5841737704919,179.98,55.5,104.0088524590164,1134.2697903278686,179.98,63.28,108.81852459016395,1161.0460994535522,179.98,72.58,113.83573770491803,1193.2897048633884,179.98,74.15,112.70655737704918,1185.7153729508184,0.6739459055492297,1.223786699913515,1.1472204710906897,0.726288361946874,0.7360379496927814,1.0510039540722043,0.8021065680120238,1.8072944891444247,1.0842451066830758,4.299665830197297,4.7578213192606365,0.0,0.5309015926637843,28.90504602223531,27.452753679661626,27.87699218368598,24.541930080195453,25.451609574865135,28.005999722785784,27.64149057641054,21.982147218070843,22.8030531798235,4.106033954701112,3.7889081167191097,0.0,1.0226268417057398
1742,Left/Right,36.81,16.45,23.824923076923078,29.57389413461538,,,,,,,,,,,,,165.05,61.75,105.98046153846153,992.8885450961536,,,,,174.62,81.24,120.0923076923077,909.1270742788461,,,,,1.7837724288385333,1.7837724288385333,1.7837724288385333,1.2458709818297302,1.2458709818297302,,,8.554323616374006,,6.444019636155181,6.444019636155181,0.5534337949426491,0.5534337949426491,25.457440404894406,25.457440404894395,25.457440404894395,22.46868188299294,22.46868188299294,,,19.42902340308425,,3.5310243667192807,3.5310243667192807,1.3990692386781218,1.3990692386781218
1743,Left/Right,56.35,28.64,38.87736842105264,47.404676879699196,57.09,29.15,38.979473684210525,77.49868364661663,55.05,23.54,35.142631578947366,78.33578402255634,34.43,11.36,21.807894736842105,33.58915263157898,180.0,137.3,167.1905263157895,182.43922650375984,179.69,118.78,159.97333333333333,383.5869047619052,179.69,137.25,163.4461403508772,153.5961705513787,179.54,109.09,152.9078947368421,515.8515633458647,0.7663353600645304,0.4996273598862092,1.0501685662520324,1.6597151033568367,0.775183308420738,0.6425628408070048,0.6562012278092888,0.9456178901837538,1.0269117906687582,4.512874071305178,4.698784490079389,0.0,0.0,26.54695257396384,25.979637471363677,25.871241363647687,29.952644499129427,30.37674291705328,28.79333594553052,28.704986396586143,20.933582822721487,20.382701082853522,3.226301780261463,3.4295585045805677,0.0,0.0
1744,Left/Right,73.66,53.69,65.27982758620689,26.092001724137923,,,,,,,,,,,,,179.52,82.84,128.56689655172414,1142.260534059285,,,,,175.34,70.84,117.86672413793104,1358.492987326074,,,,,3.3133459354040937,3.3133459354040937,3.3133459354040937,1.16355368785158,1.16355368785158,,,6.501150539339046,,9.773346269476257,9.773346269476257,0.0,0.0,26.232473810421663,26.23243237610475,26.23243237610475,28.093138605741714,28.093138605741714,,,20.99726511952681,,3.4679179035268377,3.4679179035268377,0.0,0.0
1745,Left/Right,71.75,24.58,42.99534482758621,228.245042861464,67.86,29.22,44.14793103448276,108.6744903811253,,,,,,,,,179.91,124.24,166.53706896551722,243.9750912583181,179.06,128.2,160.34172413793104,257.1410285541438,151.83,64.43,119.21275862068966,604.5686729582583,179.8,106.09,148.9446551724138,609.0426498790079,1.1389990707821354,1.1389990707821354,1.1389990707821354,1.2042584001423216,0.7470644733111923,,,2.830684871350972,2.1099732956195356,5.109999245515721,4.879944477961368,0.2436092103521755,0.39573043684419873,26.423686835730173,26.423686835730177,26.423686835730177,31.332242820378696,30.104506844364813,,,18.710555951540535,21.053595813893573,4.605672270135064,4.342185778481371,0.5885525078074529,0.0
1746,Left/Right,,,,,,,,,,,,,,,,,,,,,179.84,90.06,122.6263779527559,884.9167597925265,,,,,,,,,9.548088136591366,5.67706345691266,5.67706345691266,,,,,,6.3903642134586045,24.628325462221664,12.069921315502844,,,30.44365427292384,32.21448960999374,32.21448960999374,,,,,,24.10045589046469,7.305343245358772,6.622387635721009,,
1747,Left/Right,,,,,71.75,53.02,64.8106862745098,11.978208435255317,,,,,,,,,,,,,163.85,61.22,102.87186274509804,938.5761915453306,,,,,179.01,38.41,94.01598039215685,1802.4650559600063,8.483027807565245,8.483027807565245,8.483027807565245,3.9558420331853745,3.9558420331853745,,,,7.7821834437205215,15.203692080579989,15.203692080579989,0.3668591721675476,0.3668591721675476,36.75070017869779,36.75076313940139,36.75076313940139,45.12539267839498,45.12539267839498,,,,35.70113494032475,7.00374445558559,7.00374445558559,0.0,0.0
1748,Front/Back,180.0,87.37,137.42598039215687,935.6778480392153,179.98,78.88,129.91588235294117,423.7320105998833,180.0,109.51,158.97392156862745,395.4897270432928,180.0,41.75,144.18058823529412,1446.9681065812465,180.0,73.51,117.52833333333332,782.2913229372939,179.98,66.59,105.29480392156863,833.2890410502828,180.0,96.86,132.8499019607843,489.89177325762034,180.0,72.75,115.76666666666668,1019.1922323432345,3.040984877365248,7.946565463170503,1.8953195822525821,1.8605881148913856,3.1898283196274537,3.518477834102975,6.0529881555269265,5.039835436918276,5.7062088407459175,14.265858226018825,7.125853398230782,0.9944259616508427,1.2730821805367807,38.84342696135494,38.949037167471204,40.24567275322696,40.172874656081966,44.34238265022756,39.071567956538544,44.5467376686926,22.47194482301469,27.619247302057776,7.012777439429264,9.233997311372677,0.570892730557971,0.9840349900182248
1749,Front/Back,180.0,132.28,152.73441176470587,267.00391400698857,180.0,126.63,146.85196078431372,224.25764166181412,180.0,163.65,178.6050980392157,13.255908406134772,180.0,103.32,172.85245098039218,247.27732561638513,179.99,69.43,107.9236274509804,1089.7749302756736,180.0,71.08,107.26382352941177,1197.2828654338964,179.98,65.01,101.98019607843136,954.0642969908764,179.98,65.01,105.28598039215686,1157.647380712483,2.7802512443923737,2.458883603886253,1.9104316395791092,2.6015375556888256,1.879713319075635,1.9126956805653053,2.1278940162241677,2.044717517474418,2.819380741231383,8.999185353718222,8.201123523159955,0.5598179767164921,0.13198666747878707,43.4562588015733,44.706845812524676,45.58065355212012,53.21621170134584,51.89257352400239,47.2431305571666,48.04503064465256,33.39024937893199,33.12515688464149,10.632863703293149,11.259713471815527,1.1097430408763467,0.0
1750,Left/Right,53.47,30.73,39.31,20.34650940170942,38.62,4.74,18.152118644067794,106.27036726785455,56.66,28.5,35.727457627118646,38.17322425032588,86.92,47.44,60.62805084745762,77.56704488628125,179.83,97.26,141.44432203389832,562.1627905620749,157.3,138.11,149.54491525423728,19.898861103867958,178.97,74.18,119.50779661016949,1116.3587147616968,180.0,162.18,174.14169491525425,18.288195393307326,2.8076879741869627,2.587731937284265,2.587731937284265,1.8367231267118327,2.2640244428177243,2.6001158170334455,2.539587854402824,3.635604393110096,3.4944798470576597,9.523781417588525,4.132185997024856,0.27854968495454185,0.0,33.79763001628133,31.85031831011652,31.85031831011652,36.34584001760882,37.62750792834772,34.11043645866077,36.34590160047959,22.395721356624957,21.274605679262955,3.2162889038424325,6.5411629125773425,0.2785496849545202,0.0
1751,Left/Right,56.07,34.82,43.68504854368933,18.160168379973367,24.21,0.0,7.652912621359223,25.831044374643064,32.23,17.68,23.57087378640777,13.324070797639445,28.22,4.57,12.34252427184466,20.57943474205215,179.51,112.18,150.01776699029125,342.083941043214,179.85,158.5,174.1957281553398,25.77826000380729,178.46,79.99,136.8114563106796,744.6829027603272,175.17,96.58,140.13058252427186,486.66299377498694,1.7991923391069404,1.1262124839963084,1.2461949744461338,1.5808722487345201,1.3047883848722646,1.226200001294777,1.7525074363027455,2.596758895668035,1.5505905939307874,6.375701997070905,2.4271271870789297,0.47018634409393756,33.31188723441259,24.98342414994098,24.391427595169613,25.173716356074436,28.148332484959035,30.109934944327065,27.276120728498434,28.536473337755737,17.266582399342475,16.638359883343444,5.043620543210478,7.1440081886851114,0.0,3.774723900175813
1752,Left/Right,69.22,31.4,43.2201724137931,100.45731823088447,38.61,0.45,16.474655172413794,82.69334335832085,52.65,19.16,30.38698275862069,78.77165429535238,97.13,0.27,35.3675,1123.0619736956521,175.67,88.74,132.85396551724136,568.1746310944532,179.92,92.81,162.3661206896552,316.0946674287856,179.71,64.49,129.30827586206897,1047.8777222188914,179.94,95.18,161.4565517241379,517.9281706146919,3.1222062154627497,3.5811597751507263,17.309304044471904,4.003860234128802,3.44354469814989,2.9010767876705432,2.6107244602784436,3.76140338003404,4.991695473739254,7.665135808191591,2.889897555742022,0.0,0.8424311660250435,28.76468834975917,26.550231173071786,26.51285620681367,31.799613099683793,31.90142570699357,28.79663794038274,30.568081238702117,17.3596295406305,17.769914132028646,3.4756353874689765,3.5425127056744516,0.0,0.39955667336735096
1753,Left/Right,65.03,30.17,40.81311320754717,71.90209402515728,51.09,15.97,33.59122641509434,63.753168957771734,50.79,27.62,34.57575471698114,36.75300752021553,109.93,0.26,30.666603773584903,1938.943182641509,179.72,111.9,144.1775471698113,396.1832663072769,179.76,145.03,166.51367924528302,65.82313395327935,175.48,74.42,125.78103773584907,938.579946531897,179.74,151.91,169.19886792452832,33.44800442048539,2.051776554775833,3.2535366743414036,17.668183229131092,1.6041943686246418,2.7469138985973576,1.4507306089142158,1.7978913221325625,3.4119220675666493,3.252015414805283,6.476855576278881,3.8775437042587,0.5671238798959847,0.221733552251526,27.56673106451813,24.42247709531996,26.00329142079738,29.46047770475951,30.663222737703133,28.04938390054389,30.035363458302395,18.746241628937568,19.624011521820293,5.452548384404943,8.136667635456378,0.9245535146423794,0.3832685120005305
1754,Left/Right,92.8,59.28,71.42410404624277,52.96732550073957,,,,,32.95,0.06,5.716184971098266,60.6793714074472,21.66,0.13,4.576242774566475,23.47124684769457,179.41,83.16,114.90924855491329,729.4175418739088,,,,,168.02,74.19,113.0436416184971,496.02877096383924,,,,,3.1661383493647732,6.4530857607396985,6.4530857607396985,2.1805555615015755,3.2414863620247054,2.290600221539341,2.290600221539341,6.699287475680723,,4.728224259821304,5.697172756994541,0.3594802337348012,0.6551265156022021,21.14408786811181,19.817249433703495,19.817249433703495,24.31021888362275,22.45291484114159,23.015935729103465,23.015935729103465,16.794996197213532,,2.670695023809903,1.91997577154023,0.32162295123083756,0.42319514680089115
1755,Left/Right,,,,,,,,,,,,,,,,,,,,,179.71,51.91,105.40977777777776,1409.738979725344,,,,,177.55,50.9,102.27122222222222,1540.6134423096128,5.389883365772356,4.011080159376487,4.011080159376487,,,,,,8.296201919681934,16.112394907738622,8.738411266395842,0.9058176516150874,1.194086553240263,28.31016016449441,27.628270816585797,27.628270816585797,,,,,,22.149929616648283,4.911263138743184,5.3739122233499135,0.7540154679067994,1.495686682325345
1756,Left/Right,,,,,,,,,,,,,,,,,158.8,55.64,96.77919999999999,972.8284209729729,178.67,70.95,118.66813333333334,1222.2117424144137,176.96,4.26,67.17479999999999,2761.819822594594,178.39,57.25,107.21786666666667,1345.3575575495504,4.128068665275014,3.6905622254366506,3.6905622254366506,,,3.492662316734718,3.492662316734718,3.577236020592848,7.670022101475156,19.577968798405813,10.887665224910688,1.0619034527974003,2.6502157459006495,28.056363789831845,28.73140638206163,28.73140638206163,,,23.964683351086418,23.964683351086418,27.430767684048078,18.718485937385772,7.975180795533208,4.203670420302091,3.132104922016946,2.5038285165642136
1757,Front/Back,180.0,94.68,144.1772,337.3771759191914,180.0,130.06,154.0642,224.3191720808084,180.0,150.74,178.3273,32.399387585858605,180.0,139.0,176.3241,86.48209312121226,179.98,65.36,103.4817,970.2666586969699,180.0,67.87,112.5543,927.242832838384,179.98,89.07,127.37180000000001,517.5326532929298,179.98,61.93,94.8524,611.2620810505056,7.356435554717184,2.947570407551731,3.0755143758172485,2.4837532045090733,2.432234005118863,4.146534299395147,6.3278799301586925,6.619855966604251,9.25656587443625,8.926913168592847,6.135093306206413,2.4460878203054426,1.0917368559901748,40.763043651272625,38.90112377765902,38.78825031259109,43.52215827088028,50.88136971618941,39.7225970603864,46.906024852469706,26.30919401922664,28.391964593737093,4.761910619635127,8.203868247098898,1.3868099349065879,2.234640318605025
1758,Left/Right,120.78,91.74,102.52036585365853,44.837793691659094,81.27,64.34,70.11853658536586,16.245424992472206,47.65,22.06,35.03731707317073,32.11413592291483,42.59,11.58,24.90658536585366,79.11109683830169,177.62,83.94,127.30036585365853,823.7206159138811,179.25,132.19,155.90268292682927,111.13586925624827,172.01,84.94,126.2959756097561,705.4344959500148,179.12,111.89,139.99414634146342,328.26684185486323,5.109860198991422,2.7334814639449867,2.7334814639449867,1.9175692306775927,1.0946529662551334,4.684774542478124,15.330135117565785,7.100547155102689,4.509257715053636,4.662752318790852,13.93415589505435,0.940303158940605,1.1438223241325858,34.78888206496249,36.95956812525573,36.95956812525573,43.31445253758999,39.115991104784825,39.38992407158142,37.30141674215804,26.004157947138903,22.928776869065253,10.394990352655363,13.521703851017742,0.6699599399502632,2.006964448226989
1759,Left/Right,94.34,59.38,66.04942307692308,44.78196082897691,76.03,45.66,57.020096153846154,59.30915435959675,32.33,21.95,27.185673076923077,6.700335464899168,27.98,9.95,17.51644230769231,16.876982365571333,179.73,87.76,130.91798076923075,816.0926881161305,179.57,120.12,149.2601923076923,345.7994135548908,179.35,60.7,116.23932692307692,1347.8310160474239,179.6,96.34,136.43471153846156,671.5277746732626,7.845989519204985,5.277958243650098,5.783078101773953,4.871106131991208,7.082584884799611,6.222249207425645,6.89947593164501,6.614938389701894,10.161783318111894,12.530939263782965,4.993673291441288,1.5841688122218271,1.0587212099736423,40.42825471224354,38.79249244231591,41.88603445865997,42.957334060453576,52.43894583596727,40.03802322095052,46.631325602397354,20.23676749662305,28.27613832351531,4.127169720893465,8.766302965518209,0.2439215015856186,1.2960577018279718
1760,Front/Back,180.0,125.36,145.62126050420167,213.2390619569857,179.98,113.8,143.6047899159664,189.64698957413452,180.0,144.56,176.0318487394958,66.5491321464178,180.0,131.76,163.00882352941176,133.54143928215376,179.98,59.56,113.16773109243697,1492.728505825382,179.98,72.37,117.57773109243698,1095.1681109101282,179.98,83.4,124.42470588235294,789.5522268195415,180.0,71.94,116.76722689075629,1085.4622405497785,9.526124911650063,4.267488882459381,4.205661471657671,2.498549081744624,3.3666879802795817,5.789198691439199,5.692860323148686,4.032421638938252,7.62985706956614,8.594913804856791,5.068231578765119,0.0,1.0223890135925449,37.00960404964763,35.94003897215131,39.41467950726538,44.0341772002534,46.94802168991706,37.54631360453362,44.446802616007766,21.875694471331595,30.576513452969266,4.272369660407306,9.630348992030529,0.0,3.0347604642921127
1761,Front/Back,179.98,106.95,126.87461538461538,167.93525421956676,180.0,137.05,153.4653846153846,126.77229111277111,180.0,110.58,143.85240384615383,377.4824456217329,180.0,120.43,164.44403846153847,458.25427867811896,179.98,62.11,114.01932692307693,1294.5467830377154,180.0,64.74,118.71653846153846,1364.840817027632,180.0,68.13,112.32336538461537,1412.3017934185966,179.98,86.74,121.42596153846154,659.8250806198661,7.860257968555824,3.5357919403236377,3.493684079606372,3.559316013025888,34.8980848382622,5.557733721367418,28.3172335482326,5.686664079178687,5.636280066137896,7.96178936413921,12.193099579583368,0.0934493383933491,0.0934493383933491,45.17551850820379,47.31950106165088,44.756616935905946,55.21403965534393,62.051087394228624,54.53036870296369,57.03780880442251,27.330472156102328,36.09352014486424,9.474006762816721,4.251843897933418,0.0,0.0
1762,Front/Back,180.0,122.63,150.90615384615384,393.9664646634617,180.0,114.48,153.94646153846153,482.55742634615285,180.0,151.57,173.95446153846154,76.18296572115386,180.0,137.01,166.30738461538462,129.37757899038462,179.99,65.39,113.3536923076923,1259.3024924038466,179.98,67.17,118.1823076923077,1347.3202805288447,179.98,61.91,111.02261538461539,1283.6346633653834,179.98,89.35,130.0196923076923,666.8954249038458,4.439235132219806,2.446066702381617,3.0798987008035943,3.802649871686144,1.342552407836819,3.8914677589246365,2.7824031989520126,6.9464954920905715,5.359270641482246,4.515897166911017,11.608968817399996,0.0,2.9555770031644086,39.60673765918933,43.67835951769721,37.01926862549213,48.00788949001088,40.704474573637064,47.09204931303118,40.22019614831752,27.772753351133275,27.305925989705777,11.155342617764417,6.1953788106306575,0.0,1.793594112363143
1763,Front/Back,180.0,117.92,141.41988505747128,349.5538104517508,179.99,121.7,138.6483908045977,242.43887412456604,180.0,153.78,172.43724137931034,78.54459462710513,180.0,142.21,173.34402298850574,154.50610804597687,180.0,59.82,124.4244827586207,1621.7033622293493,180.0,68.62,108.62471264367817,1194.0159879978617,180.0,82.92,135.09816091954025,1058.0806337877561,180.0,119.19,141.13655172413792,288.55827634322395,8.823870471516557,4.226787492981655,4.2944528226512375,5.97999585951515,4.202539918251997,8.999410708988798,6.397222145517213,6.663323459891584,4.224657101371016,8.45575797193715,12.117931904752679,1.883562920246015,3.6266811043153524,40.552983881983636,38.644132607414214,38.062107989665385,48.011079639587166,43.29122052448819,45.99874249887068,39.19649247720563,20.444935356484265,21.54001252349752,8.107890900593112,3.8515207399707796,2.9409081472940914,1.0353167149947213
1764,Front/Back,180.0,125.3,154.9933333333333,298.18261811594203,180.0,100.04,140.45172043010754,650.3595165731648,180.0,138.03,167.11870967741933,217.88406136044838,180.0,105.46,163.15,483.25196739130513,180.0,65.37,124.00548387096775,1407.7766011220203,179.98,61.25,107.75881720430107,1374.9290409770927,179.98,78.25,119.38494623655913,945.640173094905,179.98,91.54,125.8441935483871,467.83061591865305,6.356599712492662,3.490554806767273,3.729359965179418,2.215954600292161,2.2748439553673627,5.647192525499303,5.372956471444729,3.9628045164476013,4.729676636937768,11.210731167468799,16.03132175673973,1.429629543320927,2.8732153335538286,42.38985863087353,42.99658939506981,40.089364402738084,49.291311159878695,42.615755780353325,47.78660745604131,41.49951932694477,33.1513051613561,25.67005203982275,10.932858907125924,5.876755996890153,0.313386225927715,0.6914123842443466
1765,Front/Back,180.0,131.5,149.38680412371136,204.1647782216497,180.0,103.47,137.84762886597937,383.57995786082466,180.0,157.22,174.68144329896904,43.26494164518912,180.0,130.08,168.85123711340205,231.21191095360874,180.0,72.14,112.72608247422681,965.2137657431261,179.98,56.36,101.28329896907216,1446.2587702534356,180.0,76.76,119.48494845360824,913.0733502577314,180.0,82.15,124.30690721649485,824.9282132517178,12.244744826889793,7.3217411749316215,6.704059528472089,3.3646150715152356,2.547010996632605,9.645882875909066,8.187070976469814,7.838295005867782,6.434504973973873,5.780011946733463,10.074324871590248,0.0,0.8287444844658822,45.493937552676414,42.90387461040146,45.216425792001345,61.48420903584887,53.129963474551026,55.711208439722604,47.765733157173564,31.58324214204706,28.6141029933651,7.405181555205094,7.438991673048427,0.0,0.8192883482336815
1766,Front/Back,179.98,106.22,129.8390909090909,142.87037617554856,180.0,109.93,150.61113636363638,347.42015961337455,180.0,109.73,151.00227272727273,518.9779717868341,180.0,130.04,169.70170454545453,174.3547407392888,180.0,73.82,115.44,1055.4844827586212,180.0,87.29,126.51079545454546,893.581186716302,180.0,92.63,130.61397727272728,880.9676012408568,179.98,124.17,142.65454545454546,213.54857450365662,5.241418719605086,3.131288796909366,3.5448229420620603,3.627790896220907,2.837011882900715,5.265553564453181,2.222745505427138,8.388245391252033,4.908090747602715,5.744732664231649,10.97627898764913,0.4376506672942121,0.0,41.162952063752606,44.360141692840465,38.48927556251304,50.5284403967033,42.9851020676702,46.80259257064983,40.73986621271814,27.569590124448613,22.982341117960075,8.343980981555433,4.543500140548932,0.1015901413434788,0.0
1767,Front/Back,180.0,105.67,142.7578448275862,378.93630227136464,180.0,94.59,144.03327586206896,356.42252830584647,180.0,117.11,172.21629310344827,159.79118353073432,180.0,127.61,165.86086206896553,223.12304794602656,180.0,69.16,109.30870689655173,1000.1793922263856,179.98,67.19,111.0125,966.3355563043477,179.99,113.71,133.70318965517242,184.8084166941534,179.98,74.14,109.50379310344827,809.0990863568212,8.631573448960355,3.3331100274177667,4.723220357460313,2.9095387510614037,2.754769432690577,5.14695673839081,7.953970305701936,7.4395456400481885,8.407320675389435,10.300013289124752,3.6432485331483986,0.7897420564602939,0.3492882598310319,39.89249396038352,36.924887860412625,39.36652286814598,41.284947307211404,46.84376336968143,38.63667778622823,45.23475374506434,20.74425068263029,25.194823942398465,4.547265992925815,11.305227579748715,1.1802527205043263,0.5237491325273074
1768,Front/Back,180.0,104.26,146.8667816091954,683.6843709168675,180.0,105.51,137.08356321839082,479.46680924886437,180.0,111.32,144.2603448275862,260.84510569366523,180.0,121.68,163.40862068965515,248.8945910986369,179.98,105.26,138.32206896551725,297.3136654370488,180.0,76.18,116.05689655172415,1040.9347332798704,180.0,104.6,132.9705747126437,415.0117915263304,180.0,111.85,144.53241379310344,490.28771154771385,6.3680499820728445,5.822522179509001,5.079671839504976,4.472621041606692,2.4981601501490234,5.849206828615679,4.217176588331567,5.771748825825671,4.170848651846591,11.549710755163273,11.15060915512421,1.5494559650914352,18.304697495762877,33.19243430265165,30.18986962729947,33.230359511810114,39.52142065632846,34.79250984895573,38.36486987234336,32.379510420307575,25.592797404649925,22.814313498636338,12.814511799152866,6.397434751097271,2.187062169969411,11.08026003077722
1769,Front/Back,180.0,102.89,137.2075,372.7290047979793,180.0,120.26,141.6546,300.6447119595957,180.0,118.03,162.5788,496.357683393938,180.0,150.13,177.11169999999998,41.79081627272729,180.0,73.02,121.20559999999999,1286.8494955959586,180.0,63.72,109.3013,1317.1483669797983,180.0,89.29,126.5633,721.5212324343433,179.98,88.79,133.4517,760.3506910202026,12.157174792826412,5.916249185194368,5.6162559976744735,6.470405521583422,13.38935891095476,9.405963306586322,7.294717271471674,6.104835880486616,4.592155923722303,6.8695572637543485,10.722270576904076,0.43891957570767154,1.3162981609364381,45.53645427732166,41.08090194549842,42.59592347671594,57.0452469140528,54.03785915491903,51.66604864776415,45.44394314451951,23.40328297652261,26.851641798253553,6.879137073401502,4.5484769830186496,0.3416445077810452,0.0
1770,Front/Back,179.98,114.95,138.47545454545454,197.7170277511961,180.0,89.92,142.60168831168832,459.0384826384143,180.0,103.97,161.9983116883117,765.4309010594662,180.0,111.88,168.48831168831168,452.72684316473016,180.0,124.3,144.0261038961039,235.76878725222085,180.0,66.08,117.33948051948052,1855.3818207792199,180.0,144.52,173.55,121.46583421052625,180.0,103.81,135.9592207792208,584.7813730690362,9.182229862797321,5.233004481554004,6.190281647021108,15.386055707227419,3.2063117812450663,7.936814520581133,6.387147882489965,4.615116728569135,5.6789466243727045,12.431565731443547,12.431565731443547,2.1165889428287747,2.5420708020721405,41.029409177868544,41.05134020553874,38.78655314987995,51.96640673822172,49.58938549018589,47.405019630688045,43.43741431031738,25.54396698053239,22.78795348533733,5.788796154674072,5.788796154674072,1.2217598706278074,1.736751705532819
1771,Left/Right,70.1,37.34,54.36135802469136,80.73078188271612,83.22,3.3,41.57061728395062,458.23138586419753,35.68,1.09,19.396296296296295,76.11920611111113,58.71,10.4,33.88358024691358,122.32109827160488,179.69,69.14,123.97024691358025,1335.5642774382707,179.8,110.8,144.31975308641975,622.1440499382732,179.97,41.56,101.78901234567901,1940.5399590123448,143.29,109.29,123.22938271604939,41.703205864197734,7.156344365273611,2.899062162425118,23.731180366285187,2.8930974423809355,3.109581983240488,28.810851696859952,6.598391951831893,3.1352627381681626,12.166056383869584,23.284481392657185,5.370827910522221,0.5577419515940135,0.5577419515940135,46.479520354173324,44.537065961152926,43.0320914083136,53.26690703583416,58.19242720105426,51.46902877224046,52.902340078440766,30.009666701537128,21.390993055258654,9.163930950780854,10.462682616766964,1.7964604713157448,1.7964604713157448
1772,Front/Back,180.0,98.69,137.01842105263157,694.5014881403511,180.0,104.97,157.15157894736842,514.7731201403511,180.0,105.25,145.22723684210527,818.235342929824,180.0,131.0,162.43394736842106,104.23864821052622,179.98,82.39,131.55052631578948,928.9834717192986,179.98,68.51,118.42763157894737,1084.7419916491226,180.0,76.12,123.91657894736842,1354.1452254736841,179.98,83.88,117.7790789473684,564.955203140351,9.822595096198349,9.001997356795588,2.9646272301690266,3.069696988389299,1.7032428185515385,8.207277262005885,5.607406605553048,4.532430589708593,2.391679109901002,9.036448286022814,12.043916103292874,0.8774088873575665,3.6715287482598264,37.73319494867997,40.247670163021915,35.6437879163138,42.188556169354,38.208500527105535,42.25915888842551,36.491769154431935,32.482520929098136,21.32885708897936,16.60690892768597,6.836241834427152,0.6526075786828914,1.551824903307798
1773,Front/Back,180.0,142.62,161.259702970297,95.22074691089136,180.0,116.93,146.9149504950495,438.09099324752526,180.0,143.8,175.03851485148513,88.33112677227741,180.0,116.59,170.15574257425743,281.1117726930698,180.0,82.15,126.31415841584158,728.1848005346525,179.99,66.09,113.81425742574257,1430.6228766930687,179.98,68.63,110.2319801980198,820.8184360396024,179.99,86.63,122.57950495049505,615.0840407524753,6.091450173337807,4.886673779608847,2.3663790969527745,1.7604823447954898,1.856540225129725,4.642438030339713,2.8518355877581563,8.645880844152718,6.061087096559413,2.684911479448659,10.621669983063342,0.9147701993527141,1.6515073620576761,37.294854394366915,32.260828702503545,36.67201452673021,48.55851899411047,44.34385293939281,43.02463744265235,39.48463161892708,25.67326068131762,23.007786680475313,8.43562586003523,5.951755370851136,2.1800196712256104,0.9423817443473803
1774,Left/Right,,,,,,,,,,,,,,,,,152.18,82.13,114.31614583333334,425.52637551535094,,,,,178.88,91.15,130.72333333333333,842.299571929824,,,,,8.632055312971879,8.632055312971879,8.632055312971879,,,,,8.647485999688165,,5.7761542833294,5.7761542833294,0.937732170491422,0.937732170491422,12.649084100497921,12.649084100497921,12.649084100497921,,,,,11.805879406747579,,5.6232305456975125,5.6232305456975125,2.9566212852784015,2.9566212852784015
1775,Left/Right,86.9,51.73,70.79754838709678,61.15380823627976,85.7,67.81,77.60167741935484,23.5577802848766,66.27,31.94,44.988451612903226,45.50168459991622,69.77,42.68,52.96077419354839,18.61354485127779,177.88,81.36,113.18883870967743,784.3783713699194,180.0,71.02,106.65,1179.5861168831173,179.59,70.37,111.02290322580644,870.4523467113522,179.48,20.81,76.238,2919.820805714289,7.997069202887862,2.658799249255667,3.1935348192574637,2.6383655776332917,2.6383655776332917,2.9638611958224796,2.9638611958224796,8.301178993695931,9.431132540531232,7.046617841176123,28.518698802702172,0.7316459684909425,16.810015567411707,34.398539812980225,35.1645625593668,31.505809955549058,38.894831977339265,38.894831977339265,36.100872632358396,36.100872632358396,26.162274564525376,26.92879435544389,5.878817872758477,13.047692759361277,1.6783432266952762,10.660314104944858
1776,Left/Right,73.96,14.3,41.49058139534884,432.72360083447325,96.37,46.19,74.47674418604652,172.27110456908414,66.55,29.66,45.10127906976744,102.25630305061551,31.1,13.9,22.164534883720933,19.900923898768802,42.59,19.64,31.271627906976747,60.86249143638858,177.27,71.83,116.74802325581395,1094.8869148700412,,,,,,,,,8.813196350498977,7.036584402780623,7.036584402780623,8.472817375537277,6.848407287332377,6.411135781152791,8.81266265251802,1.5033412639686188,6.783502152366554,13.45191276218453,12.075400625580206,,,41.92692346263258,41.776231719963796,41.776231719963796,47.89547657430883,44.79830393776393,40.00292539942767,44.05992874061002,7.85649528767982,22.643165270786767,4.083999268507643,7.130928878007478,,
1777,Left/Right,74.33,45.37,57.15237113402062,50.65824744415806,82.63,55.35,64.42164948453608,55.12998891752584,92.72,7.53,32.66804123711341,386.7824450816151,118.86,17.1,42.93494845360824,685.3626065077323,178.83,42.33,105.20350515463917,2056.0962959192443,154.23,58.55,100.36041237113402,952.1320810781793,180.0,11.52,88.58463917525773,3445.557714712197,177.23,48.11,101.16969072164949,1610.720680111683,15.278368141774862,15.278368141774862,15.278368141774862,4.112178083578727,3.665368014321664,10.517706699163172,10.517706699163172,5.965966903750754,10.28384739200901,12.45740164199995,11.36801407398206,7.932110997693173,1.9819850162932553,48.475264488005934,48.47526448800595,48.47526448800595,58.66824940265821,69.77366760262537,48.07289710872557,48.07289710872557,49.625557508809294,48.17034002449638,6.617705736100855,8.1687528017911,11.58418313775606,0.4789378282188764
1778,Left/Right,74.89,48.85,60.87690721649485,50.68529241838485,71.65,45.13,56.70030927835052,25.050073861683867,62.75,25.61,40.495876288659794,166.21535990120273,33.15,11.59,23.24618556701031,25.29511550687285,179.71,49.39,128.18731958762888,2166.488765657216,179.43,40.58,133.419587628866,1444.5192477448454,178.64,21.47,93.90030927835052,2814.489042611682,178.08,49.11,136.7640206185567,1200.7310992912373,4.101535627264293,26.759468568631956,3.637310238788542,4.773252005488895,3.054628621247713,6.121988003369664,4.992434138316652,3.980997844032624,5.819005477078379,26.32770775962634,2.580865687631688,0.9737755550511225,0.0,49.5854658930926,55.22879621421669,52.39076551260313,53.482993812498606,57.677402636683375,52.25060424846678,54.393447417801404,45.59534232118165,41.22086600029689,5.394768052175209,5.128461449449345,0.8974476982721594,0.0
1779,Front/Back,180.0,83.65,141.39257731958762,488.89323391323046,180.0,98.6,146.13154639175258,446.8136611254292,180.0,137.23,167.44257731958763,192.66223391323004,180.0,139.94,172.06958762886597,105.39743316151232,179.98,59.81,106.63556701030927,1518.741135352233,180.0,62.63,114.2477319587629,1934.468946885738,179.98,80.33,118.59360824742268,1196.8009837199324,180.0,83.86,123.30865979381444,1384.2799867268031,1.349796344572522,3.2246233696803417,2.3037210300278224,1.825859492567239,1.9826350961280652,1.7526366980036039,1.5526969110533018,2.6019174135248977,3.384762195527931,12.38325204748242,9.649584236899395,0.0,0.0,52.74827361550145,55.29094399603346,54.6252029807422,58.755982367053704,58.74165510669187,56.461437285492856,56.11263295657749,35.81002698471542,34.990840112129,10.10191834730077,7.908369680064511,0.0,0.0
1780,Left/Right,89.8,58.86,69.41043010752688,77.48367372604007,,,,,24.36,0.21,6.298064516129033,39.53580273492287,19.2,0.88,9.259139784946237,12.52349273024778,166.29,70.1,115.88967741935484,842.0570879382883,,,,,167.3,71.94,122.96161290322581,929.3836071528744,,,,,2.6800111338238124,2.6800111338238124,2.6800111338238124,1.393719004963573,2.339416575954074,2.490242177175075,6.957170239539593,6.5876434278639335,,5.047082843724314,6.294470123644041,0.0,0.536002226764758,22.78530832017511,22.78530832017511,22.78530832017511,29.755949821667965,26.943657611465248,28.85413104446217,28.460977104483536,18.535313704856655,,4.982595937068327,4.0999414185258205,0.0,0.0
1781,Front/Back,180.0,129.76,152.64732394366197,338.0395055935616,180.0,124.01,144.74338028169015,220.21898841046286,180.0,146.86,176.73211267605635,53.02313404426554,180.0,100.47,161.4338028169014,600.044026760563,180.0,69.42,114.19915492957747,1242.454122132797,180.0,49.4,107.66014084507042,1781.934884265594,179.98,107.52,133.88197183098592,292.6450131991953,180.0,79.21,116.0207042253521,881.5870952112674,3.5495841001027646,2.3457976467712567,1.494557530936737,2.513044439345361,2.6947299338707333,2.2640906871941224,3.0503199357217388,3.38901349581985,5.190856862775061,9.768520561670675,2.5316209486743113,0.08900862436453896,0.0,31.457700112663513,30.919335485114242,33.01407921719697,33.26083468198676,35.21792603040812,29.79055155197068,32.32784344447714,20.979364322214003,21.271076658535154,3.188269968549424,2.688464627313129,1.0239584687252208,0.0
1782,Left/Right,,,,,88.78,57.64,75.77241379310344,49.12733480352853,,,,,,,,,,,,,169.87,70.65,113.2451724137931,874.4822601443462,,,,,179.91,47.66,101.61643678160918,1597.5227441325842,10.578076369512099,10.578076369512099,10.578076369512099,4.745121914551976,4.9028700442097115,,,,10.578460150986,10.137702166295384,10.137702166295384,0.8557204086632251,0.8557204086632251,24.631700705211458,24.631700705211465,24.631700705211465,31.227467660936505,30.736793771087815,,,,24.63170070521147,5.046148300477187,5.046148300477187,0.5790550330972416,0.5790550330972416
1783,Left/Right,66.26,28.99,40.83327272727273,87.67504423686421,78.15,24.29,40.604727272727274,230.84438845704747,98.41,52.19,63.93472727272727,170.5259462552127,99.86,50.57,62.16572727272727,186.5721347873227,179.58,128.7,166.36254545454545,132.179417314429,179.97,140.77,169.94754545454546,72.29339667222669,179.85,98.43,152.33336363636363,556.2489748206829,179.7,106.3,157.8682727272727,403.1315924020016,1.8176186314996325,1.8176186314996325,1.8176186314996325,2.3381301472518494,1.4349260325648623,2.47223953267528,1.799303973019196,3.141390295047927,2.1142759128196227,6.950706638103383,4.617446720881962,0.5860529754852107,0.3291270963289768,25.447955954461577,25.447955954461573,25.447955954461573,30.079710617386077,30.690941373669233,27.440659686008573,27.622545592701083,18.710047927594342,16.103560188685776,5.830630504934324,5.508154637861542,0.8385674517548396,0.7968871883726593
1784,Front/Back,180.0,119.16,146.6845631067961,195.5270230915672,180.0,126.7,160.15417475728157,235.51878338092493,180.0,129.3,150.32417475728155,142.6797716162197,180.0,120.89,166.7407766990291,233.4903856653343,180.0,107.55,145.33611650485437,367.12447888825426,179.98,99.47,127.10339805825242,380.7179618694086,180.0,88.44,147.55990291262137,1181.3781970493055,179.98,107.34,136.1516504854369,105.73390411193604,3.09064929719321,1.7413304057396097,1.8078865397804875,1.6899313818570814,1.6899313818570814,3.1762038643649113,1.7360646925706185,6.835997957532282,4.152022619547971,29.434679251884774,9.787538114435064,0.7819439379531133,0.8216750661512816,25.729767824699938,28.229793822846307,29.650483964257262,30.350523960601375,30.350523960601375,27.60982237443202,29.58773518515123,24.75104267225511,23.379468562330416,3.9023314869056143,3.408304644285502,0.18968247235793412,0.0
1785,Front/Back,180.0,122.05,155.2444578313253,476.15513476344364,180.0,125.88,156.57493975903614,406.73682286218013,180.0,145.62,178.5887951807229,33.282093652659405,180.0,146.38,179.36156626506025,17.928345077872482,179.98,51.37,103.08843373493976,1317.4700060534822,179.98,57.91,106.6810843373494,1160.0310780781674,179.98,108.5,127.67192771084338,281.0109864825155,179.98,98.25,127.15831325301204,258.004701998237,1.0164945121116542,2.5315994428530195,2.3161021713846366,2.0389157634511705,1.9938286360749282,1.1435981078959476,1.4732592940142046,2.6882851448974523,2.2109452106858676,6.223171923725243,6.07019800744132,0.1616065028674039,0.27424327536276744,23.444720089780507,31.081520858501445,30.799545995028122,36.48506274969997,35.01713745461957,31.576234835342966,32.064278083768016,15.50390201896587,16.34952624762847,2.975463500762979,3.2132806665130973,0.0,0.5182710752440479
1786,Left/Right,,,,,,,,,,,,,,,,,,,,,179.93,71.17,123.1919696969697,1435.6724652913756,,,,,178.99,53.47,109.68333333333334,1737.182662564103,5.480348714084912,5.480348714084912,5.480348714084912,,,,,,10.117949500659797,10.70756382548912,10.70756382548912,2.50391302156853,2.50391302156853,30.704789380633933,30.70478938063393,30.70478938063393,,,,,,25.698601870761156,8.407383118966921,8.407383118966921,1.8951539229330587,1.8951539229330587
1787,Front/Back,179.97,108.67,136.28223529411764,326.107353277311,179.99,115.97,137.41376470588236,246.42964518207313,180.0,83.84,161.39482352941175,1004.0139657422968,180.0,140.5,174.6305882352941,91.68401988795532,179.98,59.29,108.90764705882353,1608.4878396358552,179.98,59.89,106.89670588235293,1556.7407961624647,180.0,78.99,125.53070588235295,1407.6108375910353,180.0,78.84,126.806,1337.394229047619,0.8464789487306951,2.1665912505728775,1.8289609179027602,1.850505268271128,1.3239868490549567,1.112445510578197,1.3531786419297263,1.2341998621454935,1.4602098770909702,8.452238528014545,6.420206197549026,1.2442585228595797,0.48420427663603977,37.401029060574196,35.66476735171704,35.0866195058364,40.70198103906247,39.99339931533098,37.52659187881595,37.185951083483054,24.48236088284298,22.53224890898287,5.622757878698392,6.154932434829059,1.755583330158908,1.3809427218825623
1788,Left/Right,,,,,106.78,83.46,92.7203448275862,27.556354530874085,54.64,32.44,44.357586206896556,18.5353859663192,54.64,27.18,42.4564367816092,51.41861622560817,,,,,175.88,64.19,120.21022988505749,1014.3508673883989,,,,,178.06,62.48,119.80367816091955,1027.0411142207968,4.659223835239021,1.5808429464300828,1.5808429464300828,2.743074680150402,2.743074680150402,3.86358540320641,3.4584253199490806,,5.776534489498594,6.154345537280823,6.215350356883183,0.27358051425736835,0.27358051425736835,35.88205753474884,32.547947482518445,32.547947482518445,37.49273118539348,37.49273118539348,34.92300309846884,36.33773384277913,,24.297958856613903,3.9325032311057386,5.190464804465393,2.0104644708123502,2.0104644708123502
1789,Left/Right,,,,,,,,,,,,,,,,,,,,,179.82,65.52,110.98032967032967,1305.125245445666,,,,,178.99,54.2,109.69956043956044,1480.165568693528,4.646013297488504,3.8005204964525072,3.8005204964525072,,,,,,5.572338964785045,19.160993745593732,8.892327536195973,0.8022975250374987,0.7163705836972653,22.051182968940015,22.77067952771383,22.77067952771383,,,,,,17.883528857460007,2.996861911847338,2.3136301812053963,0.5741692517632148,1.4481420457315035
1790,Front/Back,180.0,101.69,142.8425,434.7105111111108,180.0,103.39,141.69265625,671.4627341021826,180.0,122.53,163.57453125,174.58284422123035,180.0,153.89,171.48109375,80.53112735615086,179.98,84.17,128.54921875,948.1686327132935,180.0,73.76,122.5978125,1637.3709221230154,179.98,64.93,122.961875,1232.3375519841265,180.0,115.04,147.6653125,331.52373640872975,3.636814951447413,2.8572579496908226,2.003902442735155,1.9588042430268358,1.439972640489048,2.154210992451761,1.386266746002132,5.384335746270989,4.921655543079202,3.170538731543006,14.647571105330567,0.0,0.5489437910335848,43.220778732985764,35.41181317409187,42.28616768730137,48.49723275426578,44.83277304676234,45.926764719866,42.08409284439566,23.73279158054015,26.846958117719844,12.541443573992696,5.182266615756633,0.0,0.33987261269062663
1791,Left/Right,,,,,,,,,,,,,,,,,173.31,59.19,107.20447761194029,1754.6481917684307,178.06,70.72,116.72910447761194,1395.358596155586,170.47,13.57,82.97910447761194,4243.925311307102,179.49,48.99,104.07656716417911,1987.4509925825414,8.854201219769232,8.670309722956565,8.365221665577485,,,31.09289409324298,7.173489752127658,6.945697007496496,3.8018464770433495,51.99556313265279,22.20256824412454,1.439237416803303,2.2697572180822942,50.14139776008585,49.178117030934345,52.99723822199372,,,50.95386611616956,54.98552757659533,45.731548095165785,35.05505216793447,10.085451556930446,6.579406164820869,2.6121876700073288,4.78498861136107
1792,Left/Right,84.84,66.51,76.816,21.25556374100721,81.69,36.85,58.14528571428571,162.73013876670083,,,,,,,,,177.18,77.71,119.72264285714284,1001.1241605909545,148.46,58.79,103.13371428571428,948.7620954573487,175.62,63.56,104.49864285714285,1116.816239152105,171.28,44.3,106.85685714285715,2220.976372785202,3.916118289754875,2.6676571544483276,2.6676571544483276,1.402862563564479,7.776202865148813,,,6.936376555273434,3.3343316321637393,8.85071232457678,17.879362097051505,0.0,0.0,21.886298923207924,23.320945935220198,23.320945935220198,28.66226008489656,23.40890064386443,,,18.451184921990478,21.603365401003618,4.807981573989998,3.9926150106642044,0.0,0.0
1793,Left/Right,,,,,108.91,64.35,78.15629213483146,94.94206450459659,,,,,,,,,,,,,179.27,57.61,115.04988764044944,1533.881473850869,,,,,178.98,41.38,99.67471910112359,1842.0822229315627,12.789778082861172,8.74812239808227,8.74812239808227,13.667335234797108,4.850791565671009,,,,8.965416106031535,17.43461376726593,17.43461376726593,1.27134022826146,1.27134022826146,45.892717030463594,38.72044172065837,38.72044172065837,46.94317103030797,54.70103587974979,,,,40.61070187508808,6.955168427761404,6.955168427761404,1.4804671346995262,1.4804671346995262
1794,Front/Back,,,,,,,,,,,,,,,,,,,,,180.0,106.98,139.15872549019608,234.71896568627443,,,,,180.0,106.95,152.09274509803922,300.5302161522032,8.064292229530697,5.897888628461317,4.641443887300548,,,,,,7.7350879826790555,24.883266584813313,12.14471802423495,1.0122526397678984,0.24052618175147586,37.854682600152636,35.528241860731264,38.39541788975791,,,,,,31.744167900421612,6.661520047980062,5.180127566716359,1.4622672762749684,0.294418405728193
1795,Left/Right,113.47,93.03,104.05454545454545,32.09183932346722,100.28,78.01,86.94818181818181,33.72515010570827,28.37,23.25,25.452727272727273,1.5201784355179673,28.37,23.25,25.452727272727273,1.5201784355179673,149.4,54.51,114.16681818181819,1146.7486547568703,172.9,66.27,120.60613636363637,1322.0828382135312,169.82,33.57,122.25500000000001,2736.738360465116,178.53,59.04,116.90363636363637,1815.7540236786474,7.157203012929533,5.8452645901588,5.8452645901588,7.813429648705119,7.813429648705119,9.07950807952575,9.07950807952575,8.179691482826744,7.166916592656066,45.856499486880544,26.279543930127023,0.7586708082883025,0.0,38.47142414425418,43.56463449216025,43.56463449216025,48.49982665723911,48.49982665723911,45.71190317593628,45.71190317593628,37.75513899195442,37.711149729933815,10.927608408455198,6.433377469569298,1.8573962202007681,0.0
1796,Front/Back,180.0,126.04,150.76087719298246,238.4142224310781,180.0,93.32,122.43842105263157,301.0337992481203,180.0,124.85,150.88719298245613,284.2614562656634,180.0,84.68,141.54140350877194,1054.7422979949868,179.98,52.31,111.87649122807018,1581.811051754386,179.98,63.78,123.40350877192982,1068.0237838972437,179.98,75.54,133.45543859649123,1150.8731395363402,180.0,100.54,150.009649122807,871.007557017544,1.6536656138427837,2.3958816874274844,0.904055711404611,1.207938964250016,2.108655631303645,2.630097092178487,2.0200475502480497,6.074867723427638,3.2167362212797572,1.3894913062792233,6.947152145471612,0.0,0.0,29.60704819180019,28.134171436948503,28.88166361934597,32.89267192767036,33.469074141245386,31.736630229251983,30.11838717860904,19.182612618715396,17.422276380706247,1.8472571619989424,3.1887851235085916,0.0,0.0
1797,Left/Right,108.83,68.19,87.27561403508771,86.58303577694228,,,,,56.56,30.9,43.177368421052634,34.1468090225564,47.58,30.5,38.687543859649125,17.83733671679198,178.99,37.6,111.05701754385964,2128.458271303257,,,,,175.97,42.38,112.41245614035088,1692.7806260025063,,,,,3.546697738689338,2.621237905626794,2.621237905626794,2.1409178254520786,1.2761825564131575,4.001571002584067,4.001571002584067,10.792237576948219,,4.743342188033899,4.743342188033899,0.0,0.0,28.99872793424758,28.17974621611258,28.17974621611258,33.343891263415344,29.104558155916536,32.22430236008198,32.22430236008198,25.79095810040492,,3.175716277027961,3.175716277027961,0.23221514201371404,0.23221514201371404
1798,Front/Back,180.0,110.85,142.271301369863,193.2793079499292,179.97,112.74,142.7718493150685,142.71948276334408,180.0,74.18,153.45349315068492,1261.6806490930562,180.0,84.32,149.7354794520548,1252.6978304581999,180.0,77.47,111.85691780821918,1284.084549744921,180.0,71.44,111.05034246575343,1430.535417123286,180.0,92.59,128.6617808219178,698.2735843930091,180.0,87.76,125.95760273972604,874.2424514548893,0.9903272744571757,0.9456676567155996,1.138948717214388,3.142256322969851,2.580178614287142,14.319505180885722,13.741557398642902,4.440082918706408,2.739322574509537,6.121154427921847,5.627199617164149,0.933166057000903,0.38269733579765974,23.662929126340508,27.186212302344252,28.02892115292156,34.24007205375852,34.310058658899685,29.237770075946884,29.48889725905781,18.942259927153636,19.680834369949885,2.776621052392204,3.026928036744785,0.7724612523589047,0.14939651867483533
1799,Left/Right,116.4,87.05,105.63010869565217,38.9441922957478,,,,,36.22,26.25,31.254782608695653,4.912666985188733,69.99,31.43,44.57195652173913,139.93809942666033,179.52,62.45,107.65326086956522,1325.3268529861425,,,,,179.63,88.84,127.5741304347826,1046.4278157190638,,,,,4.984360641764092,6.19123963155574,6.19123963155574,4.395036281347152,9.122787427773476,5.149064434338784,3.4880846821030698,7.6985709726483025,,7.8318388632741724,7.169140620658267,0.40060148801245504,0.40060148801245504,25.28115350374767,26.859126929939578,26.859126929939578,30.67635125949102,31.064998978251285,27.561288585714138,26.685377863085467,21.219259500510372,,3.9586371311772766,3.556488816429143,1.6386695249841479,1.6386695249841479
1800,Left/Right,97.2,19.49,55.792040816326534,635.6554369024325,97.05,26.73,71.36238095238096,188.9939757990866,72.87,29.7,40.71843537414966,83.43923246668535,104.84,29.7,69.48891156462585,487.7669919578791,168.89,55.53,113.9547619047619,1038.7539840182653,146.13,63.73,106.11619047619048,742.1959045662098,179.2,40.61,112.15537414965986,1164.0615757152175,172.83,23.24,100.77986394557823,2281.693391762184,11.474416898068714,6.946073582707183,19.361575493881062,16.826754410734146,11.463638143094796,5.455833847649857,5.455833847649857,11.78752432284775,12.669670396076045,9.598847712680836,26.78757919143978,0.8324790607798059,0.1602651911890112,26.556393849134302,33.791718166764,31.416606216172024,30.934705982304568,30.194840318327817,35.019836487578274,35.019836487578274,29.23054592013171,28.8678105463896,4.1572729820052405,4.617751632232556,0.7378808370717174,0.49423571345349376
1801,Front/Back,180.0,122.93,145.17177777777778,254.09237882646678,180.0,93.67,130.80855555555556,410.20760800249707,180.0,161.17,179.79033333333334,3.9394841573033754,180.0,129.13,166.5861111111111,210.70967347066212,179.98,82.53,128.14499999999998,794.1226365168543,180.0,62.29,114.13122222222222,1270.6182333208485,,,,,,,,,6.140766514350664,5.062688562835918,6.089259195752723,11.97676171221214,5.025401888587907,4.194627516671826,5.808427242654286,5.6057645241528204,6.7770993853216694,20.272562138206442,8.460431292290053,,,26.902246631152778,28.823645039332444,33.41554442174699,34.65251109985708,39.59104664018171,29.671926884249018,34.56622603661856,15.46878897393795,19.051392485343083,8.253143860018266,4.110581492668065,,
1802,Front/Back,180.0,115.21,140.28390804597703,285.25549385191096,180.0,125.21,152.48701149425287,508.0566095696347,180.0,142.07,175.73747126436783,87.58986097300205,180.0,138.89,177.64057471264368,45.97037989842288,179.99,61.56,101.33160919540231,1057.4597834268911,180.0,44.29,106.51413793103448,1986.8729245388927,180.0,113.61,138.763908045977,302.77377757284194,180.0,79.28,124.98804597701148,850.7073717187914,5.910240810433722,4.457282144927183,4.5200087026773845,4.141445641641684,3.7737431939209802,4.528428698294967,4.731789701554606,3.4287522101767425,2.6059210880584933,7.5119580625453555,4.795139620095513,1.3511299993191328,1.3511299993191328,29.80896215035709,29.629505758300372,32.45059400119622,34.788128253311996,37.967410683441145,31.49824485487168,33.73889291779787,15.573700424988637,15.990544029253991,2.0978143838896215,2.0863257211427717,2.587604387288807,2.587604387288807
1803,Left/Right,66.04,35.08,46.982179487179486,69.31319648684648,49.81,1.42,19.50128205128205,159.00346586746582,38.33,10.4,19.20576923076923,34.45784030969028,79.88,22.62,51.83358974358974,125.17233499833495,179.86,122.32,152.74423076923077,286.4912532967033,173.29,140.47,152.25948717948717,65.29630882450877,179.96,13.07,122.24666666666667,1217.9572822510818,166.06,78.53,120.16961538461538,942.2385725774222,3.2580527874075793,2.9438502120967804,12.054868247346054,2.9219058364561055,2.9828866506673117,3.0527765283919592,3.6487867068932904,2.5050667806981726,1.8244491247290218,9.646814473183358,4.128612148316778,1.1933174683432342,35.78182037711095,29.006670274377015,28.74085550140336,29.005904333723432,34.05597329659153,37.1518206504767,33.85733512289288,33.20983996205082,13.25217004812227,12.407196383419464,3.433969430767922,3.6771607338095937,14.570672456581972,14.794052886076786
1804,Left/Right,52.59,13.02,40.38740740740741,71.50526444444442,72.31,45.72,56.60012345679012,39.912853734568,108.43,0.18,34.690493827160495,1779.5665447530864,40.43,0.02,21.92975308641975,221.2750399382716,164.81,99.7,137.8279012345679,311.7736042901234,179.21,102.24,147.22753086419755,551.3938063271597,179.9,104.74,146.19493827160494,479.03049780864166,178.67,77.68,144.16901234567902,1162.0706540123465,2.2150877309633406,16.616659792245688,2.6872525662725244,3.2748134493094,3.1949963295251163,3.253524742490809,25.94088327687722,5.222797074980013,5.451320268159767,3.2434067275011897,9.231631164702733,1.444405138033545,1.2889897154049423,27.10318326015677,27.83049075718022,25.955567822711608,33.77603940550949,31.81915710896504,30.45905640423077,31.863666815380874,16.484206844519424,16.565956592409798,4.451990860666352,6.406579019542483,2.153122540637185,1.9777454050877457
1805,Left/Right,56.51,3.46,30.12552631578947,341.1655317192982,69.05,46.63,58.01315789473684,29.190560561403533,102.89,50.96,72.94486842105262,226.67701198245564,35.56,19.61,27.70671052631579,11.128611701754396,156.28,85.1,125.90434210526315,570.5365582280707,179.34,107.42,144.1719736842105,562.2784320526316,173.24,106.73,147.02276315789473,431.09714559649154,179.94,98.29,136.83776315789473,722.1360842631583,2.211013671313857,2.052464344883356,2.052464344883356,1.1147334389888757,1.8196507143145069,2.1704956029975393,2.1350473979290725,5.522036803905262,3.5626834322489285,3.891015403036422,7.801245481972758,0.6860798848684043,0.8051921791961244,31.55229556454301,31.662774255538537,31.662774255538537,41.92106201026845,38.187315520199874,36.248283134183964,34.92935630650085,20.713028056125935,19.690597080087517,4.4947822960764965,5.281028058540089,1.0016329617180004,0.40018555959109725
1806,Front/Back,180.0,115.95,144.0788,492.09569433333377,180.0,117.08,150.3544,368.7810089999996,180.0,129.35,154.512,329.46505833333305,180.0,120.79,161.2492,339.0170410000003,179.98,99.47,122.24680000000001,504.201131,179.98,110.55,128.3832,296.9641309999999,179.98,105.21,124.04879999999999,382.6829359999999,179.98,115.62,132.01319999999998,386.50333099999983,1.7973939468018674,0.7154544010627073,0.43301270189222457,3.002498959200487,2.7702662326931518,1.2270391191807957,1.3472193585307313,2.0865641614865296,0.5760859310901436,1.4760589419125507,2.5987977989832247,1.6534055763786377,0.369966214673721,9.850444152422773,9.796332221806283,8.807844514976415,7.97883920128736,7.483481809959865,9.5354273632596,9.41461629595174,7.076413286404364,8.847457261835187,1.5956973397233007,0.447911821679223,1.0755812382149608,0.35443617196895133
1807,Front/Back,180.0,110.62,145.61175675675676,256.97371526015826,180.0,125.08,146.22256756756755,285.0518056076477,180.0,105.89,167.60243243243244,298.6461409817969,180.0,112.64,175.97689189189188,145.338930410002,180.0,73.95,114.61155405405404,575.3877302215476,179.98,51.33,91.83013513513514,970.3322435190294,179.97,68.39,116.85567567567567,359.4677607648472,179.98,56.07,87.02202702702702,533.0133795366789,2.365841071916966,2.3162414277305556,1.9441245298422916,2.6809364324015887,4.514055160297614,2.075078936822172,1.7401568250684045,2.7414341890593517,3.5892718614060954,5.830828203651219,1.774477895486931,0.9098873615001791,0.48388703968210744,19.360737732266266,18.273699007321586,20.68541309817387,21.535717900783208,21.767065088931243,20.016995403868272,21.176277408609295,13.861113189707345,14.184318170900585,3.0413831789352885,2.5388912408481428,0.9947322248311464,0.8298680826006124
1808,Left/Right,72.65,40.84,55.35450617283951,37.62366093474426,,,,,,,,,,,,,178.68,52.89,102.79067901234568,1100.9198610267615,,,,,179.16,32.74,99.85820987654321,1036.1823452227588,,,,,3.2880595194927036,2.2599227177342027,2.2599227177342027,1.6412304761505627,1.6412304761505627,,,9.414145900169375,,6.994285600109636,17.16350111017182,0.3533398276679362,0.3645158544474262,23.774395864527396,23.142873317799726,23.142873317799726,25.19645160945742,25.19645160945742,,,20.72757056861751,,3.122557706778206,3.5810274732226404,0.21806959399716305,0.8352462516510769
1809,Left/Right,,,,,,,,,,,,,,,,,161.36,65.76,113.21775700934579,759.1321798271912,,,,,173.66,51.94,105.44822429906542,1167.9912241756292,,,,,3.9457421544887206,3.9457421544887206,3.9457421544887206,,,,,4.23528159746663,,3.852522034610035,3.852522034610035,0.0,1.304257978014546,9.393936526651697,9.393936526651695,9.393936526651695,,,,,9.862145490898701,,1.4201782245143058,1.4201782245143058,0.0,1.6769031145901376
1810,Left/Right,104.41,53.04,73.52483516483517,167.63666080586094,,,,,,,,,,,,,175.53,69.19,109.74692307692307,1094.62903042735,,,,,178.3,63.79,109.33186813186813,1260.1932020268628,,,,,4.450012347186267,4.450012347186267,4.450012347186267,3.026423721309268,3.7300226691445273,,,8.245886420339701,,7.048370944199302,7.048370944199302,0.5359340208694505,2.5647119239297136,19.676563986877138,19.676563986877145,19.676563986877145,26.608338331170387,23.545426118258185,,,17.034479417081954,,2.0532405371258093,2.0532405371258093,0.29394063839677154,2.986324139830072
1811,Left/Right,110.66,60.41,76.22394230769231,134.74326294809518,,,,,,,,,,,,,178.97,73.89,109.55932692307692,919.2833655619864,,,,,179.97,63.71,110.86923076923077,1087.8868828976852,,,,,6.015798201123363,6.015798201123363,6.015798201123363,3.1855992423499,2.1277376187302304,,,5.671637320349151,,7.022561379243536,7.022561379243536,1.2102892177759206,0.07354355067681997,19.600550151312856,19.600550151312856,19.600550151312856,24.387721134444718,21.671251101639374,,,16.446702568967527,,2.7295122062135175,2.7295122062135175,0.6992741355535881,0.16122358755149932
1812,Left/Right,58.15,40.65,49.75242424242424,28.186507055285652,82.08,67.11,74.28113636363636,16.131581141568425,23.14,4.28,15.468560606060606,27.702546767291217,10.05,0.07,5.2775,5.367379198473281,179.65,71.36,134.42977272727273,1086.1291411693262,176.55,72.35,113.8235606060606,1071.9170093627113,177.03,32.85,107.9314393939394,1833.3419452405738,165.77,70.63,115.0714393939394,794.1493986756877,6.163676061005349,6.163676061005349,6.163676061005349,2.2767893954915195,1.9060151688099172,10.002129912833515,4.011813802091393,3.750035117115214,8.901107371517217,7.680113049323012,4.651537096803891,1.1998845147413766,1.7188822815160745,30.193155830488536,30.19315583048855,30.19315583048855,34.3076866009108,37.36497899237501,31.499026681866326,34.697609396739644,26.112951967364058,25.23443171673618,3.5402476712663526,5.79275077763793,1.5520128632932768,1.504158012134481
1813,Left/Right,,,,,80.32,40.89,65.40908045977012,72.80562472600897,,,,,,,,,,,,,179.86,27.73,119.08551724137932,1921.7935761828383,,,,,180.0,42.29,124.55160919540229,1567.4361183106112,4.5753959502222195,4.5753959502222195,4.5753959502222195,1.3028267370669153,2.3200488201616865,,,,6.583508766143164,7.6359445279547,3.7833526191591047,0.0,0.3499520729396085,19.346264968405315,19.34632909351401,19.34632909351401,19.907249993129657,21.380692064923608,,,,16.72251448955115,1.5923180676785107,2.661108135474303,0.0,0.2598999211086036
1814,Front/Back,180.0,97.11,132.68375,469.78041681034523,180.0,95.19,146.48272727272726,602.0901166144209,180.0,117.69,158.28670454545454,471.73722924503693,180.0,111.21,164.61124999999998,421.0086478448278,179.98,53.21,114.99068181818183,1386.0310524033423,179.99,55.57,110.37829545454547,1257.3252694749206,180.0,66.63,122.80920454545453,1202.8721614289454,179.97,89.0,133.6015909090909,562.9028388192249,1.5835304646159287,1.2939293963173462,1.2695026173175632,1.3427552274468857,1.6902308659542757,1.3192413654951765,1.271397775091618,1.2747507642561937,1.9769131500385257,3.5592691963366065,5.095222795208323,0.33490832507853335,0.49987233218581406,24.244009718113677,22.322048799613587,22.802832028459875,21.01845812552385,21.068704967243114,23.04910463418689,22.529271252810922,15.812598156641672,15.135687271016597,3.2042295536357654,3.005000160108456,0.0,0.40863005559480925
1815,Left/Right,56.93,18.92,39.88117647058824,54.5324819327731,103.04,8.99,46.97105882352941,630.2895905322124,39.7,0.26,14.377176470588235,195.06861336134452,168.15,2.78,51.763058823529406,2507.5706691036403,177.71,70.98,121.75976470588235,1316.8680094677873,176.33,57.41,104.82623529411764,1699.8632308963588,180.0,56.18,104.78623529411765,1406.8587951820725,178.59,51.26,100.45470588235294,1468.8733823529412,14.03766158775674,11.748018305384164,13.203666644023487,2.372376642266797,2.167811292654464,2.4233651159976426,4.002237323177686,9.280403223364562,9.545334265613588,9.500894242845016,9.655920574158305,0.6817412501916524,0.9656300249567937,25.53656441894032,22.355020989704755,23.032866857938423,33.71212155987497,42.88557701295919,32.267967264245,32.76823748399176,22.919411057732994,26.94212042260421,3.596555482415822,4.883182736934686,0.31237236586800765,0.21585183994286922
1816,Left/Right,,,,,156.5,10.23,48.19373626373626,680.357885885226,84.16,0.0,17.66835164835165,531.4471494749697,178.97,8.62,46.17978021978021,2942.366277728936,,,,,177.98,61.53,100.00461538461539,1102.6315673504262,,,,,175.93,59.24,105.06076923076924,1138.9912516239315,8.236981952034611,18.20196540823514,18.20196540823514,1.1970068310590216,2.436983867148536,8.503524558899661,8.503524558899661,,8.992275155544093,10.030868829175853,10.513873026196805,1.2210976009967236,0.9613123245584692,26.211790844665558,25.40605342617725,25.40605342617725,33.454050048209155,43.53263374983546,29.08954458378583,29.08954458378583,,27.00065043136873,4.588281608289976,5.027213877362146,0.42382735098531177,0.650322470775154
1817,Left/Right,34.37,7.28,22.66821428571429,52.8958222077922,37.68,12.03,24.381428571428568,54.35388155844152,40.9,25.36,31.509642857142858,14.883239870129863,38.97,20.13,29.235714285714288,24.745879480519555,179.33,112.56,160.98910714285714,209.54920464285698,179.75,89.85,158.03910714285715,465.049866461039,179.8,76.25,155.5055357142857,735.7283233441555,179.8,65.53,156.13875000000002,940.1329384090908,1.1003073567057424,1.1003073567057424,1.1003073567057424,1.6421697809941616,1.9408981137573906,2.5803390126986328,0.9512909553959735,1.4984923934564323,2.110962070860184,3.644129604405057,2.229094524689343,0.0,1.0289973603136544,30.09699994748043,30.096993043568503,30.096993043568503,32.5599049294567,31.39294832738261,33.34413863919129,32.86845495882822,18.163785750049513,18.564792426909097,2.8850225883110268,2.2434209264528953,0.0,0.6778278080291841
1818,Left/Right,,,,,82.35,48.08,68.91836363636364,96.25824356902359,46.36,28.68,39.16290909090909,21.26648397306399,46.36,28.68,39.16290909090909,21.26648397306399,,,,,180.0,49.66,109.71981818181818,2079.3896055218856,,,,,178.6,72.52,121.52327272727273,1276.1451409427607,5.853980845607578,4.087972915465032,4.087972915465032,1.8786562018046675,1.8786562018046675,3.205612725222396,3.205612725222396,,10.665382361034736,4.781610748358921,4.781610748358921,1.0237284704181837,1.2131358258605969,28.9878256073085,30.401119046688216,30.401119046688216,33.88443244414689,33.88443244414689,32.82773623013451,32.82773623013451,,24.468183188392665,4.580919608542875,4.580919608542875,0.7104878761965079,2.582594257522813
1819,Left/Right,79.83,64.23,73.85247422680412,9.91730839776631,113.52,85.91,102.25298969072166,54.0183628436426,38.92,15.53,31.97463917525773,29.167470962199307,51.34,33.4,41.83659793814433,8.647728930412377,179.28,77.2,134.8021649484536,1201.1797921391756,179.83,77.14,126.84257731958762,1270.681423496564,178.91,33.78,110.21536082474226,2595.475012628865,179.78,139.48,156.3621649484536,137.99095255584183,7.871263534292863,5.988249608716138,5.988249608716138,9.377428809091935,7.180964083430963,10.69051775083546,9.26683738547656,3.8324794200842653,9.053948596077394,12.634281955902251,5.623582295570329,0.3050002112556314,0.3050002112556314,44.31327927789619,45.9722425427259,45.9722425427259,47.38277042332678,52.13410326205049,43.7060889725127,47.38484965815855,35.46186813413408,30.265964252592006,4.007583822302854,3.2924101448416225,0.571872095226739,0.571872095226739
1820,Left/Right,89.05,58.78,74.59507462686567,78.70028900949805,,,,,,,,,,,,,179.93,62.44,119.6444776119403,1594.883609950249,,,,,179.35,55.98,111.7055223880597,1657.268179647218,,,,,4.555235406267505,4.555235406267505,4.555235406267505,3.2312374870043414,4.533560985467756,,,6.934204496160499,,6.1505451987218285,6.1505451987218285,0.47316022340739644,0.7330166661378338,21.131144582592313,21.131144582592313,21.131144582592313,23.130621869839167,22.60369343923643,,,14.563475204795928,,2.6576162281793465,2.6576162281793465,0.5378326019627555,0.18325416653446097
1821,Left/Right,,,,,115.11,57.24,72.76287037037038,150.30529542229155,,,,,,,,,,,,,162.07,70.78,103.93074074074075,697.513190100381,,,,,173.02,43.41,99.78388888888888,1124.8581286604372,14.469653158902643,14.469653158902643,14.469653158902643,5.182682943438834,4.2743028798898175,,,,14.463556294002583,10.473003419413798,8.808413719766277,3.806122097432108,0.18863235435374692,19.95032894465651,19.950328944656505,19.950328944656505,30.471421771586776,32.81992888014567,,,,21.217824275316108,4.10450516101787,5.054434991580376,4.823051759107289,0.1253888034272688
1822,Left/Right,,,,,173.38,65.77,88.91266666666667,557.5495096629213,,,,,,,,,,,,,151.58,54.64,102.57844444444444,598.8775099126084,,,,,170.92,46.51,102.3551111111111,1070.635858976279,11.477242993923797,11.477242993923797,11.477242993923797,1.8591747897592548,1.8591747897592548,,,,10.404491386475167,11.249996878900937,8.74434006349636,7.202703144255599,0.9029057337534977,18.53720825495685,18.53720825495685,18.53720825495685,32.45912403540901,32.45912403540901,,,,19.77965878586872,5.3240563335389846,4.972649916393779,7.35102989039212,1.913435641733501
1823,Left/Right,,,,,,,,,,,,,,,,,,,,,176.82,58.56,105.85529914529914,1288.070537194223,,,,,177.86,48.35,108.32470085470085,1088.0466182287057,4.775627154781386,2.2541591385149955,2.2541591385149955,,,,,,11.188529378572136,10.995760426067854,5.861789566597974,0.2717647894701427,1.0553718215385381,22.69420497957953,23.490956059263514,23.490956059263514,,,,,,19.4499928402406,4.30461090765622,3.5569798196877427,1.6710596393613295,1.804223419796191
1824,Left/Right,,,,,,,,,,,,,,,,,179.76,64.61,116.00327868852459,1412.7483024043706,,,,,178.99,48.46,108.9155737704918,1954.8803384153007,,,,,2.210931299953651,2.9862389306316106,2.9862389306316106,,,,,6.235713179136701,,9.986076372203224,17.7922782109101,0.09602765994967209,0.09602765994967342,23.774006417672666,23.41255311670692,23.41255311670692,,,,,20.771783943530735,,3.9479710497717737,3.518598128073905,0.0,0.45040964960690116
1825,Left/Right,87.56,32.25,60.86646341463415,266.867610794941,131.67,56.04,91.99353658536586,561.3643614122251,60.07,20.72,39.66951219512195,113.37434543812118,47.74,0.0,15.694268292682928,202.49749637157484,179.92,101.43,147.33536585365854,638.3349659138814,179.42,125.41,153.83402439024388,272.3347700240888,179.1,68.55,135.47621951219512,1014.3114312104793,180.0,66.63,147.19073170731707,775.5676068654016,1.9778965282092724,7.283521389422264,7.270942610407697,2.739986834467734,2.739986834467734,2.3782112285066983,25.163905375642514,1.5810912190442752,10.76867961946882,18.081092284331703,15.633244904764151,23.99681299726891,1.068632447870645,17.64521986812631,17.79521538358074,17.645613423267815,23.336134791561694,23.336134791561694,19.43290668513236,20.112056906865412,9.519823349381724,10.591072859913641,1.866908400756281,3.0251797515781034,1.8374553316350948,0.8855798842601755
1826,Left/Right,,,,,74.37,48.77,58.48852459016394,31.844656120218595,24.42,12.66,18.60295081967213,8.513514480874317,14.62,0.0,5.335573770491804,17.123991748633877,,,,,167.4,46.65,107.31606557377049,1680.087084262296,,,,,169.53,60.69,117.73901639344263,1358.3745590163935,2.0547614244664043,2.0547614244664043,2.0547614244664043,1.1101745872644198,1.642461598889031,2.192995710141607,1.916941109408384,,7.430154135814885,5.176375806346043,3.410452070894553,1.0333964812363403,0.3819230889873515,22.13275216392499,22.132848436611877,22.132848436611877,24.526112371201616,25.57330843650318,23.356142033407387,23.498063821226808,,18.842588588176476,2.0769663030592733,2.091504038525724,0.5564704686806614,0.0
1827,Left/Right,,,,,72.89,46.06,58.214594594594594,42.22589914846348,20.55,0.97,11.949324324324325,17.870461181044067,5.46,0.06,2.0786486486486484,1.7794310255460946,,,,,179.66,55.51,107.37162162162163,1684.7356822658282,,,,,171.33,66.47,117.545,1205.664776027397,3.3196572823738237,3.3196572823738237,3.3196572823738237,1.7269744214524432,1.4806922481364029,4.439570984589848,3.000842491506366,,8.843600714283133,3.6368923046593573,2.4282655618058597,0.0,1.159234994907063,22.86791520726975,22.867949319451633,22.867949319451633,23.403534245610995,25.143679923211238,22.68134101691973,22.87130718086359,,18.032272769442603,1.8991507890009958,2.139924584580813,0.0,1.6289595862897168
1828,Left/Right,121.8,88.0,106.839375,59.537244047619026,,,,,49.51,21.06,36.8259375,37.38866894841267,49.51,21.06,36.8259375,37.38866894841267,169.44,53.63,102.94265625,1401.3544642609133,,,,,177.96,55.41,108.5928125,1777.1948491071425,,,,,3.573662805611934,2.9711926041694716,2.9711926041694716,2.449375831571339,2.449375831571339,3.0281418158902174,3.0281418158902174,5.739594136192402,,11.924240017711844,11.924240017711844,0.8825408479012576,0.8825408479012576,31.389536686495667,32.60921724155829,32.60921724155829,35.12652513211552,35.12652513211552,34.18533512014745,34.18533512014745,25.231959609080835,,5.564744230260193,5.564744230260193,0.5175491695067541,0.5175491695067541
1829,Left/Right,47.02,15.07,32.886376811594204,83.32707932651326,52.46,31.22,41.777536231884056,38.68542472293267,51.03,23.11,39.87826086956522,54.7807998721228,49.06,17.95,32.84173913043478,52.91683222506397,179.69,138.8,172.70115942028986,49.038957459505596,179.72,141.4,169.10014492753623,141.2665161551577,178.64,109.65,153.81057971014494,252.55009965899433,176.13,107.95,147.14463768115942,482.0099075873836,1.2418158930679628,1.2418158930679628,1.2418158930679628,1.0881455346614177,1.5859376285186866,1.0886878980226526,0.7689025912296323,1.6497325832795464,1.8505800598652882,2.992081318546433,3.7286462216475535,0.43780080391034554,0.17392828577708408,30.89624989136273,30.896249891362732,30.896249891362732,33.93396864615794,33.180012504224244,33.1353897956688,32.550521024256334,21.010742448911127,22.044620800094265,5.49939025268452,7.6540637224404,0.7917095728490503,0.17418943935931977
1830,Left/Right,78.3,61.15,69.81135593220338,21.180283615819224,,,,,,,,,,,,,157.32,53.87,105.75898305084745,1136.7739921193686,,,,,174.54,32.06,93.37262711864406,2073.726335774301,,,,,6.9328312867377235,6.9328312867377235,6.9328312867377235,3.4700985632408985,2.9480392722333613,,,6.6087725577210605,,12.30527623237893,11.814248151980172,2.0174977970613535,2.0174977970613535,35.92881753782879,35.928849088307466,35.928849088307466,39.538960629802396,35.57781035134507,,,32.35786518716377,,7.246078159441996,8.983708252281906,1.0759987263759316,1.0759987263759316
1831,Front/Back,180.0,101.95,152.2257627118644,296.4159075978949,180.0,101.67,145.57322033898305,376.2781360023374,180.0,109.91,157.435593220339,562.5218285213324,180.0,117.19,157.17389830508475,320.52561040327225,180.0,54.35,118.7322033898305,1508.4079485096431,180.0,42.38,108.72999999999999,2101.846499999999,179.99,70.67,115.82305084745764,962.0439043249559,179.97,52.27,108.46135593220339,1439.3895119228525,1.611980279285865,0.913444294553264,0.7008281817028411,0.8379862310542899,0.850254371124683,0.9584058578847718,1.3500438333035976,1.8253583429206715,2.016280173818552,4.247326143444854,2.1540011428586725,0.0,0.0,20.03694170100313,20.474966361781227,21.834623963412156,22.00454647910342,23.535019357920106,20.783708088717173,22.421612430293326,13.930678914556017,14.055421216587103,3.4959221046494697,4.124770861283623,0.0,0.0
1832,Front/Back,180.0,123.13,154.12444444444444,250.85910250896043,179.97,116.52,142.98015873015873,242.54504029697858,180.0,116.03,176.36349206349206,148.29855857654914,180.0,167.6,178.56857142857143,12.68999631336401,179.98,83.21,122.8820634920635,1097.2752069636456,179.98,44.61,100.92904761904761,1445.55481843318,180.0,92.22,128.984126984127,990.4462536610347,179.99,66.24,119.54444444444445,1390.4928186379934,3.7861164033023202,2.089583558272948,1.5962766296419297,1.7150895772712604,1.6532679549533402,2.187495885447087,3.1285808976562706,4.045535742890488,4.6981158592278325,7.777100676400901,2.3580067541325422,0.0,0.41396976670033997,27.070711935604145,28.88827198128189,30.12476934535099,33.59461585262904,35.36907528018106,29.935982002152187,32.28569899269652,21.891351689693415,20.613886476552707,5.05428480903831,4.433293342623651,0.37567144189847157,0.3220040930558045
1833,Front/Back,180.0,141.44,159.04503184713374,130.927025159235,180.0,125.68,157.20184713375795,100.74311259186682,180.0,150.68,177.2952229299363,36.469964853830184,180.0,154.86,178.85019108280255,17.800836501714908,180.0,105.79,143.52242038216562,455.37188512983823,180.0,112.13,134.78668789808916,374.9849966519676,,,,,,,,,3.563754485280565,2.5721342444143103,3.821753505004383,2.0207158394179934,2.0207158394179934,2.1415669017587553,2.1415669017587553,6.3217452405044305,4.983207654235614,37.89871268848577,9.712963898183089,,,29.045085246424616,28.58141704274797,29.263465976543408,32.714193307761114,32.714193307761114,31.402131655175523,31.402131655175523,28.1500121509908,29.35075815940865,8.780358722145904,4.815185855308809,,
1834,Left/Right,,,,,27.61,14.6,22.18306451612903,16.321359307244858,,,,,,,,,,,,,178.81,83.21,140.2627419354839,984.807367768377,,,,,179.94,54.82,123.21483870967741,1593.6676417768376,7.266128188551267,7.266128188551267,7.266128188551267,1.2938756606713424,1.353868070375758,,,,7.266128188551267,4.726344209589483,5.6296979324075,1.9151246105486457,2.6184050645320784,17.30295741786785,17.30295741786784,17.30295741786784,18.354070657591485,21.0157454003646,,,,17.302957417867834,2.856800106452752,4.291715975921506,1.3977582717139942,2.270366574790035
1835,Left/Right,78.2,19.03,63.8622972972973,63.806374102184485,,,,,,,,,,,,,158.31,55.65,102.53783783783784,848.4227486856716,,,,,180.0,40.14,99.67472972972973,1584.9299814328026,,,,,5.952188251671792,5.952188251671792,5.952188251671792,3.2188759734409396,3.2188759734409396,,,5.970633428039708,,9.532231124507684,14.055802273931757,0.8019321354980848,5.045557904967567,25.292063873908184,25.29206387390817,25.29206387390817,34.48376426883865,34.48376426883865,,,25.235605828966712,,4.464642657756483,4.561729513789569,0.24490362595353177,5.681120451252254
1836,Front/Back,179.97,84.68,128.1309375,515.3688816468249,180.0,122.34,147.60625,259.34078888888934,180.0,153.19,174.91671875,67.52028271329362,180.0,152.28,175.5553125,59.9005395833332,179.97,44.25,102.11734375,1945.3672833085311,180.0,61.14,110.095625,1528.4010376984122,180.0,69.46,120.115,1255.1453873015864,179.97,83.46,115.42703125,890.3687354910716,1.9451175138939953,1.3058398193992296,1.1591421358364007,1.015230005607445,1.5406960828284242,1.8945410299821288,1.3917406239259136,1.4086289401653733,3.1280119413705862,1.5937499999999598,5.276281475182777,0.09374999999999803,0.0,20.05669628448848,20.665676204544365,20.201161205794588,22.562005336880603,21.816490629632845,21.127958372734465,21.253098513594935,12.996173672813415,13.22637297085961,2.8550354951508896,2.939494004076191,0.0,0.0
1837,Left/Right,100.44,58.54,77.90253968253968,137.4007805427547,,,,,54.13,0.43,19.80238095238095,328.852511981567,39.02,0.09,18.056984126984126,161.39772140296978,179.16,58.3,119.53396825396825,1639.524882386073,,,,,179.23,42.09,112.44333333333334,1895.1914741935489,,,,,4.081048139516457,5.929987061012765,5.929987061012765,3.801186753808238,2.1468281178850472,5.288807632644177,9.249065838992088,6.62058043176398,,6.72783954065439,5.0549116052019665,0.5579855968278024,2.6486889200870145,25.722503327229933,20.186137849780046,20.186137849780046,27.896642060449633,26.15483627992141,26.706697584174158,27.001669388569017,19.76427909412836,,4.638920699198926,2.3370266469142007,0.594715592484937,0.9206727153815234
1838,Left/Right,,,,,,,,,,,,,,,,,,,,,179.45,90.59,128.63626984126984,610.7175995746028,,,,,179.8,50.7,101.76388888888889,1158.3470527555562,11.739610908616791,11.739610908616791,11.739610908616791,,,,,,11.739610908616791,14.150069409218984,14.150069409218984,0.8815773201645669,0.8815773201645669,28.062473671638934,28.062473671638934,28.062473671638934,,,,,,28.062473671638944,5.935065290289576,5.935065290289576,0.8324662155306857,0.8324662155306857
1839,Left/Right,,,,,,,,,,,,,,,,,,,,,179.24,55.05,103.79701754385965,1513.2588034156179,,,,,178.98,47.32,98.33114035087719,1577.189157095171,4.788858167914207,3.124351353268071,2.516882331332123,,,,,,7.6783976153524565,19.854917418404494,8.907313155111533,0.2501455095868472,0.4524425250485359,25.960441359945467,24.146806795345377,25.583653608795775,,,,,,22.902243029758726,2.8304745068382404,2.431777570387498,0.35878423806379023,0.22631775272380367
1840,Left/Right,80.43,38.85,62.111139240506326,138.02067432651728,,,,,37.92,25.47,32.22949367088608,9.581399740344049,37.92,25.47,32.22949367088608,9.581399740344049,179.08,87.93,127.69455696202533,941.0458020447902,,,,,177.94,97.9,135.26683544303796,697.0733654982143,,,,,3.2101140221265436,2.5660102243123846,2.5660102243123846,2.976876561157644,2.976876561157644,3.1631339302903254,3.1631339302903254,8.790091072968526,,6.829043309418108,7.011019459795255,0.0,3.1563158271597227,19.77412002554881,21.224560922856877,21.224560922856877,23.01944216578994,23.01944216578994,19.757207527120773,19.757207527120773,16.44741887451903,,5.104268217961878,6.859732316834021,0.0,0.9497796085256623
1841,Front/Back,179.98,90.29,136.47189655172414,225.36438405928652,180.0,107.03,147.4853448275862,391.57780777374535,180.0,105.26,154.34465517241378,293.1987375983064,180.0,120.67,165.6460344827586,242.91575417422837,179.98,57.73,110.55689655172414,1605.127498971566,180.0,61.12,109.02758620689656,1598.9647063520881,180.0,74.96,124.51068965517241,1598.3299153055061,180.0,69.53,117.98034482758621,1420.063347247429,0.904935800031063,2.574392251152656,1.4588269409211014,2.0218155710318326,1.7334255292154466,1.1190480787440835,1.0377133087085322,1.793297032514127,2.7629828827127083,3.111581900541096,2.1487740775376216,0.3292149546852101,0.0,30.981672872728172,30.49800189075497,30.44205840847808,31.14989956956832,31.443807367724798,34.10137467225046,34.25929255819539,18.75504015742742,18.465399044902263,5.859473343094862,5.801268714107727,0.19170644527904737,0.0
1842,Left/Right,,,,,,,,,,,,,,,,,179.49,64.92,122.84221153846154,1303.005164964526,179.97,77.89,113.3251923076923,1034.1026252053769,179.94,20.1,77.70634615384616,2514.3470467139664,179.55,53.1,97.85730769230769,1494.0074159820758,3.086955388845469,1.502536990202508,2.398226692841527,,,,,2.539744855770395,6.845452812432817,18.22729714950374,11.510392863957986,0.0,0.36057910321471237,28.75293433939175,26.667062670379114,29.213919695400108,,,,,29.48871017477919,26.800718454902206,8.061652243513771,5.411543067607715,0.0,0.644065486583629
1843,Left/Right,,,,,152.03,11.58,69.06602150537634,338.0169350864892,,,,,,,,,,,,,155.27,53.18,98.13752688172043,1158.2867427302488,,,,,178.94,57.76,113.69655913978495,1745.6424706404875,8.082612425500228,8.082612425500228,8.082612425500228,3.2346696859327606,3.2346696859327606,,,,8.043445657323101,6.237317215142186,6.237317215142186,0.0,0.0,18.004449689897363,18.00441535799269,18.00441535799269,24.13476510889186,24.13476510889186,,,,17.916279188773544,2.9976984962512954,2.9976984962512954,0.0,0.0
1844,Left/Right,,,,,,,,,,,,,,,,,,,,,171.69,86.78,118.67084967320261,458.60923545751604,,,,,179.9,68.96,112.84660130718953,822.012893636051,7.1562071175726665,7.1562071175726665,7.1562071175726665,,,,,,7.040944922434518,10.270896458902095,10.270896458902095,2.9082252900704546,1.6411357205875448,22.21887498440809,22.218874984408085,22.218874984408085,,,,,,22.570874117878848,6.2532963443514085,6.2532963443514085,6.87019056532296,3.0625712996200054
1845,Left/Right,,,,,,,,,,,,,,,,,,,,,179.19,71.03,110.69903225806452,1264.4288631837292,,,,,173.46,60.52,105.93139784946237,1079.8755751986905,7.563276202443296,7.563276202443296,7.563276202443296,,,,,,9.638386394314894,7.5416515404733655,5.851093168620881,4.566177143154316,3.4540474154804532,23.61261195946749,23.61261195946749,23.61261195946749,,,,,,17.357533447794466,7.611524700971009,6.770474355611988,10.291712920535131,6.151403219658715
1846,Left/Right,,,,,83.35,46.41,66.86136363636363,62.942459591326156,28.61,7.89,16.744545454545456,15.492731442869049,28.61,7.89,16.744545454545456,15.492731442869049,,,,,177.74,58.53,113.31990909090909,1475.3975110008328,,,,,180.0,43.44,105.51736363636364,1537.6062287656391,2.8088832040590463,1.3323773331148263,1.3323773331148263,0.8081405308472024,0.8081405308472024,1.282957920531651,1.282957920531651,,5.359950175910269,11.824169887830594,5.480296802564947,0.9620645413994887,0.8433372287532311,18.399840021107117,19.38686264142717,19.38686264142717,20.826623676273783,20.826623676273783,20.012116325696162,20.012116325696162,,15.19657834962463,3.384324760825823,3.233432784669806,0.694089938241908,0.5189738142236842
1847,Left/Right,,,,,86.93,50.94,67.32889908256881,60.77905433231408,,,,,,,,,,,,,180.0,55.96,114.86036697247707,1327.29858690112,,,,,,,,,3.729774714236774,1.8425193827585677,1.8425193827585677,0.866576977245728,0.866576977245728,,,,5.326334565981279,12.360208393431419,5.809812234118984,,,17.564119101637687,17.94427057113984,17.94427057113984,19.50039206067093,19.50039206067093,,,,13.024201721395919,3.7051600517622,2.6427696932150733,,
1848,Front/Back,,,,,180.0,128.86,146.44612612612613,126.9390475839477,180.0,130.1,166.30405405405406,128.1806152334153,180.0,143.98,174.85297297297296,95.3276865356265,,,,,179.98,87.4,114.84612612612612,470.53323485667477,,,,,179.97,121.41,145.66036036036036,133.7844598689598,3.1389210810126427,1.5341625699888306,1.6126324869863229,1.6897217833595315,1.6897217833595315,1.427969555556837,1.427969555556837,,5.544204757059956,17.07524988035778,5.876822212049536,0.0,1.2406282588505124,19.517281134913823,18.538952285465108,19.329275323221104,22.099383934179478,22.099383934179478,21.849885020978387,21.849885020978387,,13.847047512582764,2.579229786181598,2.3161846433761064,0.2157069401514247,1.4126925517253628
1849,Left/Right,109.08,75.4,95.58448818897638,61.04127096612911,91.96,58.3,77.5164566929134,61.97734528183954,45.39,11.14,22.633858267716537,30.753455630546195,37.19,11.14,22.56929133858268,28.320993938257732,174.51,48.81,100.48181102362206,1292.0144165354332,171.78,70.92,104.86220472440945,826.2968760529934,178.08,22.55,111.11149606299213,3155.899327109111,177.21,62.53,103.81685039370079,907.3197995250594,3.4341521260562917,4.5733478504460745,3.226716370814558,3.822799795335315,3.822799795335315,2.9495614099279597,2.9495614099279597,5.285204189724755,6.1038486120655815,27.60961949418939,8.602209033147753,0.3799433581213765,0.44941601346175714,22.81522645472159,23.254578110011263,23.24092795928012,23.427940401389744,23.427940401389744,23.327338669655934,23.327338669655934,19.28871090052355,18.70137781845127,5.56449724110875,4.337614337136556,1.1633274834051164,1.0580572122371124
1850,Left/Right,,,,,83.57,11.89,49.60718518518519,281.6091979878387,,,,,,,,,,,,,179.97,55.35,108.35192592592593,1482.9057932780545,,,,,179.22,44.32,105.00681481481482,1440.5260681370917,2.4865683960147944,1.5400337594025517,1.5400337594025517,2.5960048716310546,2.5960048716310546,,,,6.812621809582362,9.419071369972535,4.817709350208321,0.09094583156257773,0.36034809041910776,16.224056979548074,16.305450741411512,16.305450741411512,16.481332723970137,16.481332723970137,,,,12.897155862950296,3.441741503529068,2.908182400679495,0.0,0.3224594540442567
1851,Left/Right,,,,,24.15,0.51,11.419411764705883,40.72599964881474,,,,,,,,,,,,,179.83,61.95,114.72029411764706,1528.035752151012,,,,,177.96,43.64,109.76147058823528,1728.3202545215108,1.5515850104896312,1.2755886158729228,1.2755886158729228,0.6379152833188898,1.1285063881653228,,,,4.380703043207289,11.697629892647315,6.339819911141528,0.37762470394887715,0.4415302576192202,18.840568138777623,18.432720526781633,18.432720526781633,16.33006210784286,19.201282306348123,,,,12.496480518577417,4.471927361704154,3.406840585405102,0.4697120286043562,0.0
1852,Left/Right,79.45,59.02,68.6214705882353,34.58851123792799,84.46,10.65,48.983970588235294,213.27002131255492,31.43,19.64,25.35455882352941,6.810544578577691,117.38,1.94,33.07044117647059,1129.0014908472342,180.0,94.58,134.78029411764706,845.8621939420538,179.86,117.08,151.2179411764706,341.00608226514504,179.06,70.74,118.74941176470588,1425.2042623353811,177.88,95.92,136.43308823529412,767.3460903204572,5.051577696684132,3.7888462063094854,15.632557873605965,3.189189308586932,4.726467747283441,5.937323538341716,5.59808089059052,2.4284990324237223,3.5335525671076216,10.768349464868873,6.463855531821557,1.003478366637309,0.9508541860113606,34.88886941354253,34.55432950203754,34.71394671405426,41.126607788581175,43.77689753878362,35.83459553197578,39.71170163311934,17.246990089352686,18.455346101188724,4.893503413554775,7.748115513329781,0.7127780636650902,1.5216961433760474
1853,Left/Right,85.73,59.55,69.551,44.39315491525428,102.34,69.96,86.199,72.50418203389813,44.03,20.68,31.785500000000003,36.975201440678006,43.92,19.49,30.81383333333333,46.71615285310736,173.55,78.24,133.6645,979.0030251694919,178.92,67.34,120.09116666666667,1507.9263799717523,178.78,30.19,102.97166666666666,2559.197237853108,178.88,52.28,104.4655,1843.2833811016953,4.307315417019606,3.432212806013472,3.432212806013472,4.076447699585708,3.049876699369341,6.146567872412163,4.309528268651339,1.3421144461038652,6.514049353746933,12.346242909608229,11.515759283017648,2.0176262483339404,1.6690255200087925,31.261140387149748,30.95364306616908,30.95364306616908,30.621992242476733,34.576380078342986,31.48701053811109,33.88672634613185,18.533084251262842,22.283620571233737,2.992017982928823,5.345603492115303,6.0413169585132955,0.9351878266885415
1854,Front/Back,180.0,125.09,147.61689655172415,180.12317637181334,180.0,116.37,145.50732758620688,257.2383901874059,180.0,143.9,178.50836206896554,34.64313381559211,180.0,137.64,167.4689655172414,163.98741631184419,179.98,71.18,106.09741379310344,664.0954715142424,180.0,65.03,102.89206896551724,1197.5145382908545,180.0,103.12,131.39758620689656,408.87490194902495,179.98,58.01,94.11551724137931,923.1198040779607,1.5921796240758568,1.7796967751261432,1.2759206924484872,2.460187353377386,1.3139136527780446,1.9421025723424745,1.9179816486147023,1.9623889338599703,2.485830102350362,5.853464508146111,2.6680032609658966,0.9384342234962917,0.0,19.05580800091972,19.693760715893188,20.051618640470124,23.61645005601395,23.91591658443101,21.296165542398008,22.224845158107936,14.748636613054359,15.606175727880132,2.8451174585855705,4.002835669534983,0.23012996328161497,0.0
1855,Left/Right,,,,,82.59,46.82,66.12115384615385,59.39962609351434,,,,,,,,,,,,,178.73,73.93,124.69,1050.3940980392144,,,,,179.36,50.98,107.24307692307693,1493.7557158371044,13.26664838141188,13.26664838141188,13.26664838141188,12.111989801254836,12.305733061320272,,,,13.26664838141188,16.51502683695486,16.51502683695486,6.3322026308679655,6.919426592320771,42.64880208833698,42.64880208833698,42.64880208833698,48.838240275784855,50.29143079966833,,,,42.648802088336964,4.410016622002086,4.410016622002086,8.1079397989135,3.584084114059215
1856,Front/Back,,,,,,,,,,,,,,,,,179.98,91.31,118.00151162790696,460.0762953351568,,,,,180.0,135.29,152.8646511627907,199.9088157592343,,,,,2.579230152695654,1.3425868052700949,1.0709125198497629,,,,,7.029435983508048,,6.103779300648539,17.90993197850545,0.2627234245574812,0.20628380832223514,22.653797210264237,24.573971394738788,21.612710008838075,,,,,19.384138990196213,,2.3748208946793623,2.0290637898304182,0.2273982988505268,0.6434187501918832
1857,Left/Right,,,,,,,,,,,,,,,,,176.77,46.81,101.44681818181817,1506.2503782654132,159.85,40.08,91.30670454545454,1714.4743970611273,178.8,40.33,101.11602272727272,1665.9189506661442,179.98,33.22,101.47852272727273,2981.9698656086725,3.179659128090054,1.936415790281781,1.936415790281781,,,,,5.654013471734752,4.102709356861117,6.805323396298875,17.826620578615554,0.38323635250439414,8.356250652105597,23.317715059995102,24.925885438440947,24.925885438440947,,,,,20.862458220674863,20.010723631937235,3.563257838878957,4.577955903106062,0.44966026883280524,3.74737368848215
1858,Front/Back,180.0,101.17,125.14241573033706,182.16962972449699,180.0,119.33,138.55466292134832,226.94883406652707,180.0,87.86,158.26308988764046,770.1064485907425,180.0,117.72,171.89651685393258,279.23303073700254,180.0,61.26,92.39303370786516,1093.1683489367106,179.98,62.82,98.06258426966292,1310.2872283120691,179.98,85.85,108.00808988764044,545.5968053704065,179.98,76.78,101.63219101123595,717.08215053958,1.0636605595515571,2.348609630552612,2.8458165228251326,1.7967111132858318,1.4058990309823227,1.2392150431068407,1.2930802423071637,1.9152250601539735,1.3114445044491831,5.44240633426922,4.6434420155383025,0.0,0.19363072716679386,20.158845227268646,24.614900560511817,25.049078273804167,31.2096251272078,30.62107071011744,26.701171447258183,26.331502482684503,15.865091501674485,16.3387556795133,2.584558359918694,3.681525857766234,0.0,0.0
1859,Left/Right,,,,,121.04,36.23,66.46861386138613,976.4464780594061,,,,,,,,,,,,,179.55,73.77,123.23831683168316,1101.1912541386137,,,,,179.81,41.21,100.89504950495049,2135.1748172475236,6.976425117905473,7.633368642459447,7.633368642459447,3.0426477476756317,4.942829201424558,,,,6.976425117905473,16.366968213901167,14.892992072491266,1.2480479807989031,0.8729856587573868,33.24803612156054,21.729182594787694,21.729182594787694,35.67468734034936,45.54710854197723,,,,33.248036121560546,5.073350583057875,5.011999215743521,0.2945671434158808,0.5345142145393106
1860,Left/Right,101.05,78.84,91.49301587301588,19.897629231746016,91.02,62.96,74.01476190476191,61.078959542857085,51.52,28.76,40.33642857142858,27.5228743428571,44.59,20.13,31.3,44.716822400000034,174.82,60.44,111.67190476190476,1119.745148342857,179.85,83.67,135.29579365079366,1086.4262613650797,172.98,53.6,105.29769841269841,1099.7564386603174,179.77,49.61,109.59261904761905,1272.1566306857135,5.198810984776074,4.395348058998937,17.825300281040708,2.480091997128775,2.7182584247539787,4.61289551413399,3.6918834834578056,4.477297606340903,1.64422463316831,6.052262741624053,10.072999448001013,0.5686821547044988,0.7040526958993784,26.98146383152583,27.17030039340633,23.74058929369699,31.335603889615047,27.793205255724956,28.83656411336026,25.872624460758292,21.61884466653448,17.183512306394196,6.588141562631264,4.873178528477333,0.0,0.3689805050126331
1861,Left/Right,,,,,101.03,76.67,87.00603174603175,60.86801141833093,,,,,,,,,,,,,151.66,66.17,107.47507936507937,674.5748189452131,,,,,173.37,61.6,110.50952380952381,1195.7613046082954,6.201441550490315,6.201441550490315,6.201441550490315,3.8894575694216993,3.6015549637180198,,,,5.933337432470702,9.966013675057274,10.13994814518777,0.9297006604130011,0.9297006604130011,23.338621301174395,23.338621301174392,23.338621301174392,29.657919109381524,32.38094998079868,,,,23.515198781484255,5.800420094431914,1.5955547407956758,1.8115413403093372,1.8115413403093372
1862,Left/Right,60.1,39.71,47.5627731092437,24.712110041304612,71.35,33.41,52.85268907563025,56.95205541945601,25.06,0.38,15.345546218487394,43.67968762284572,9.64,0.08,3.657563025210084,4.81450163794331,179.15,53.17,123.05067226890756,1535.6291944594782,179.05,43.71,96.53411764705882,1851.9925244267204,177.89,26.51,95.86529411764705,1838.9362285144575,177.46,66.3,110.87235294117647,1101.3195876370867,3.640210395818125,3.640210395818125,3.640210395818125,4.417485374916557,4.598128526324005,7.158625636510354,4.191536363251598,4.0925476244331795,9.87462904902565,3.7981475576679844,0.863237680549599,0.0,0.0,21.969555187065232,21.969534893009985,21.969534893009985,23.55438037142283,25.9775474656565,22.793549140548276,22.960162371161463,16.657147820154904,16.41575217964618,2.344808264238351,2.3255771562191963,0.0,0.1341828996653428
1863,Front/Back,,,,,,,,,,,,,,,,,180.0,105.7,164.17346153846154,104.48150246452582,179.98,102.02,138.43692307692308,221.84160403286003,180.0,130.94,175.18115384615385,144.31340642270294,180.0,119.16,152.49394230769232,234.28060663741675,2.6068826786280046,1.836448233991777,2.1325517802624034,,,,,2.8784901059655947,4.002085097031259,13.689381842342197,6.279414501675283,0.0,0.60381417093725,20.51818005967078,19.756633342506674,20.442592651235103,,,,,17.684450381624277,19.662590023425988,5.280301256908001,4.556421869616641,0.0,1.2838085877255254
1864,Left/Right,,,,,101.05,71.77,83.2880198019802,62.69040603960411,,,,,,,,,,,,,171.27,59.76,112.40277227722773,1106.9285562376238,,,,,179.41,39.06,97.829900990099,1883.958670990099,4.6707070483688895,4.6707070483688895,4.6707070483688895,5.840348092501347,3.03150536078614,,,,4.752225898471056,10.44981465087413,10.44981465087413,0.0,0.0,26.73241996579664,26.73241996579663,26.73241996579663,28.741641057759193,34.26513144106218,,,,26.71841824963403,4.557748271562487,4.557748271562487,0.0,0.0
1865,Left/Right,86.74,59.88,73.55739726027397,73.33020840943686,,,,,,,,,,,,,177.59,67.66,115.68917808219177,1302.4915798706245,,,,,170.17,49.55,94.45698630136985,1460.932874124811,,,,,7.113665582082045,7.113665582082045,7.113665582082045,4.279985877265126,4.279985877265126,,,6.243781152650363,,12.442392942006265,11.567143181004653,1.7986153349973348,1.5748994314488944,38.0193235610669,38.019323561066884,38.019323561066884,38.93214482513046,38.93214482513046,,,22.941954188479688,,5.686215608399443,5.395369970936901,1.0977483180870713,8.142617885385327
1866,Left/Right,113.99,86.38,98.99109589041096,82.2845376712328,,,,,,,,,,,,,172.93,77.53,115.50342465753425,729.2953089421613,,,,,,,,,,,,,14.120822854207482,13.573767424582261,13.573767424582261,4.250056693282881,4.250056693282881,,,12.951295695862798,,11.886213492332706,11.074866657394653,,,30.36963429916456,29.152998446786846,29.152998446786846,41.711462088770666,41.711462088770666,,,30.47027972124797,,6.308486045333749,6.361958793086571,,
1867,Front/Back,179.98,102.99,131.67527559055117,276.92698543932045,180.0,140.28,160.48566929133858,138.67174696912844,,,,,,,,,179.98,63.35,92.45047244094488,815.0815823147105,179.98,53.7,98.12157480314961,936.0933800399946,179.98,101.51,121.35110236220473,265.18573528308957,179.99,91.18,114.05937007874016,358.2476011873516,2.4595032058065245,2.418399689049167,2.625456915590685,3.5319121119946133,3.5319121119946133,,,5.071679483516978,4.5716301604388825,9.201217155530678,2.9764187267075433,0.6673726866130668,0.0845650753473571,28.580534550030375,28.34228270038276,28.058858636364782,29.102790873572932,29.102790873572932,,,21.15060143294694,23.131788849059138,2.0468691649267203,2.505496959312313,0.9957312315149431,0.169130150694708
1868,Left/Right,71.26,11.34,38.8549,190.3125121111112,78.87,46.17,61.747,68.63652626262639,152.53,0.09,63.4155,3050.849239141414,56.65,31.41,43.0356,35.40822690909091,176.2,134.02,150.8887,105.03173465656582,179.71,85.94,128.6739,872.2590927171716,173.58,127.77,154.3023,220.22049263636356,179.3,74.37,118.76460000000002,1148.0970735757576,5.598295195049017,19.465019615617226,4.674756921244949,2.3356306331578764,2.65401710962489,4.0368965915550845,4.620919575936378,4.542701438971786,2.8676387974651645,3.6045741142962853,11.715905563882746,1.2445106741936138,1.560594292394609,30.644081254119712,29.882058884585213,30.271708964582142,42.71030852786543,39.39565042904196,37.50495724810013,33.31905934910363,21.95348776390667,23.343622596098722,4.115629853486453,3.1732547100013133,0.3792186943991843,0.7640725215460883
1869,Left/Right,,,,,,,,,,,,,,,,,175.78,83.86,117.43694029850745,684.8572710189649,,,,,179.26,58.96,101.20231343283582,877.9078720513971,,,,,11.093267721399222,9.258411791217073,9.258411791217073,,,,,5.448991456905582,,9.192483530079937,13.719023651425717,2.4534208630188914,1.3449490292833202,24.92662958454859,25.029621862867554,25.029621862867554,,,,,19.619592934872173,,3.2810180854125037,4.130037298319743,3.1499845695952433,3.475986525465248
1870,Left/Right,,,,,,,,,,,,,,,,,170.36,53.77,94.82093333333333,933.0986877136464,173.87,67.83,101.2072,963.6214525100667,176.83,47.01,91.96573333333333,924.3469950961974,176.83,25.85,73.8044,2087.3325147382543,6.475419683630534,5.441062341268103,5.402157619394962,,,5.619584506204316,5.619584506204316,5.65384429812778,4.264217729099118,10.202114297527787,22.97713243725486,2.942889425085033,2.736172514749363,18.161262861509176,18.16500541473278,16.045327001120473,,,19.07560307565544,19.07560307565544,14.220747998275948,13.537003880607365,6.452001214894679,5.274711219271769,8.049383903546088,7.846845440370012
1871,Front/Back,180.0,114.98,138.03692307692307,305.3500813186815,180.0,68.58,85.26423076923076,575.4237000499502,180.0,149.17,178.42102564102564,34.91152360972358,180.0,85.82,129.80807692307692,323.82640274725276,179.98,62.6,114.17948717948718,1163.0160906426897,179.98,54.09,104.97166666666666,1417.8654192640686,179.98,74.51,117.18846153846155,784.0481612387613,179.98,49.83,100.37551282051282,1381.1047003829487,1.7260925827995286,1.853258059355321,8.596211674037296,1.7013081145693,1.3825455933466733,1.9673915143227947,2.3064635215029936,1.7126928163907953,1.9672963033703859,6.639891703797714,4.645943414398234,0.8113633215523427,0.3278985857204578,27.07475913868086,28.9617883350879,29.155040021261474,31.19980434167883,32.64664143220856,29.567081149688878,29.274853999180372,18.195862457971366,19.45915186765836,7.046670361724966,7.991119180955553,0.7809546144879715,0.8757578422154082
1872,Front/Back,180.0,139.3,156.65877777777777,219.73898388264624,180.0,122.66,138.66066666666666,128.53138831460674,180.0,116.22,173.12511111111112,234.4612859425718,180.0,122.57,173.6942222222222,250.61336624219706,179.99,72.66,111.98833333333334,982.1758724719097,180.0,73.45,120.44588888888887,1035.2423795380782,179.98,53.85,98.45433333333332,879.6132450561802,180.0,84.43,129.95311111111113,1018.0168441448185,3.3740999632194706,3.592878802560339,4.322993461932352,5.456930445556413,2.56521677030451,3.468194167937665,2.4222314208554923,2.284550579066849,2.518972949259467,9.598136669587985,11.786075983067946,0.31455783127033754,0.5648903642261138,42.169675489608345,47.45054788284349,47.279358188052385,57.855705461902204,55.96462566517084,52.13408396312491,51.58625712490977,35.01328499876144,34.07405187581828,12.708665649243736,11.38481642117342,0.3771008567741255,0.7495785332625639
1873,Left/Right,,,,,,,,,,,,,,,,,154.21,51.69,94.56258064516129,950.4809650070129,167.49,53.33,105.3474193548387,1159.673543267883,179.33,28.98,84.57419354838709,1996.247072440392,177.6,43.55,103.05709677419354,1269.5346947405335,3.242946007545291,1.9699820411965059,1.9699820411965059,,,,,3.6667952218740654,8.781669795883184,17.349179786684076,8.449534622901922,10.551416886701533,0.0,24.142440320197665,25.07192930750565,25.07192930750565,,,,,24.360040526160564,23.165116732704615,6.452813812669757,4.762891268949128,12.05876215623034,0.0
1874,Left/Right,40.83,10.63,21.21,66.79357606837615,99.0,67.36,85.17025423728813,40.31210335361431,105.43,56.2,72.7064406779661,155.74013765029676,42.84,28.84,33.96118644067797,9.159032768361612,145.3,79.12,120.92906779661017,313.7986051064756,169.45,83.08,118.45033898305084,653.0401793712876,179.79,123.16,165.21915254237288,220.99639927567665,179.85,71.3,113.1207627118644,988.0707472765476,2.0311660357889996,1.343441212832435,1.343441212832435,1.2526227094880131,1.2932519908604134,2.1117824243225893,1.7298842061398727,2.151108238625093,0.615240231491176,0.6239094217402897,6.1745269858144844,0.0,0.2166070495990049,22.348510537850025,21.427485931873566,21.427485931873566,23.632093970919794,22.119175052885872,23.374477938286443,21.23968265261762,18.606321120806946,15.895306486494048,4.297288233158656,3.354507935956431,0.5177330814972794,1.4988525271554431
1875,Front/Back,180.0,99.59,134.22621621621622,317.5446673710075,180.0,141.91,162.1100900900901,98.26886817362819,180.0,107.45,148.73054054054055,516.1534887960679,180.0,124.66,160.21828828828828,267.24482340704316,179.98,105.58,136.91738738738738,342.7275176576574,180.0,100.99,144.2673873873874,652.0399794758405,180.0,130.19,164.3373873873874,245.9645722031119,180.0,70.09,142.96387387387387,1591.8852203112203,4.960869608518988,2.9628380129377887,2.7367449145422356,5.576492319080765,5.576492319080765,2.3452995491898423,2.3452995491898423,5.867054457717944,7.498488791238819,14.138360698583243,44.41481093031276,1.3298801002651002,0.48443208726759646,39.591947379452016,41.52872218820087,38.53197242891803,42.315793529885305,42.315793529885305,42.33045891368002,42.33045891368002,35.74087871818363,36.54199016822353,7.202950357839085,7.703271186832709,0.9399017147634812,1.7463545744648394
1876,Left/Right,,,,,,,,,,,,,,,,,173.34,75.12,114.33941747572814,1065.3120702455722,174.98,71.23,117.25621359223301,898.0873237578508,173.85,28.87,85.26883495145631,2944.513547648962,179.28,55.99,104.39174757281553,1228.502569465068,2.154850888795169,1.6419159734783904,2.0927845773668428,,,2.2575781386189813,2.2575781386189813,3.233009226387946,4.544527934990947,23.752827539160123,9.551548652842557,0.3753924274488811,1.0335084104614718,24.784518959796902,24.03294070064525,24.460151424508368,,,26.773448280682445,26.773448280682445,19.771890361990653,17.154210987316574,6.381151078915746,3.7502998166840085,0.7958568112188662,1.5375441379075263
1877,Front/Back,180.0,131.85,146.18194444444444,150.06872292644735,179.98,98.03,126.29166666666667,272.1068985915488,180.0,165.29,179.40791666666667,8.190199823943637,179.98,105.44,125.97958333333334,154.73768292253476,180.0,72.87,119.78999999999999,1193.2004704225346,180.0,83.57,120.1288888888889,838.6129480438193,179.98,79.28,121.26972222222223,1147.221706964007,179.98,96.54,125.87583333333333,746.9437119718306,4.314190064831765,1.0787132886707747,1.3141547248498135,4.016128903962059,1.1830206473737543,1.0985245386297762,1.4679678393836664,6.4584083745451055,3.9372704330574257,5.375174006354729,10.536108060540224,2.0019521722558795,1.7956508000651403,42.971226401110464,42.5191133491751,39.879228715241425,48.5012478059317,41.17711096506867,47.968628566850924,41.93140252371287,35.36380540035768,35.616757634396265,7.760038648353759,6.371417455113426,0.7759591974171481,1.2153652438902047
1878,Left/Right,53.67,17.53,41.83752577319588,84.05721464776641,57.71,19.45,34.598453608247425,83.1798465420962,,,,,,,,,169.51,81.11,118.18855670103093,804.1042770618564,179.72,83.84,141.5601030927835,460.99987394759455,179.39,55.04,104.70247422680411,1529.7318292310981,178.86,41.14,106.96876288659793,973.5612588702749,15.059464526023746,15.059464526023746,15.059464526023746,3.9728275956566956,4.0625266320036255,,,11.216854092019277,6.933005649245773,10.595268057914923,12.489396275637054,4.26673384675811,7.427004636709958,27.980665405193584,27.980665405193584,27.980665405193584,39.38053673296897,38.00096009944764,,,25.286802056555565,23.37630493698424,6.144089755002438,14.131266571323119,1.84171486929805,12.465548529000504
1879,Left/Right,,,,,111.49,83.47,91.42471264367816,29.723139160652376,,,,,,,,,,,,,150.13,59.68,97.6116091954023,700.6461880780535,,,,,168.82,52.22,99.18781609195402,1179.3307800588075,6.82289341106814,6.82289341106814,6.82289341106814,4.653522607054868,4.653522607054868,,,,7.018752090948548,6.7998471314011955,6.932640016200623,2.2406917858621624,1.0034773142071078,23.805452715493043,23.805452715493047,23.805452715493047,27.323451839931906,27.323451839931906,,,,23.864304138794157,5.369697455334739,4.569547442931274,8.017772960104063,0.36375481048249475
1880,Front/Back,180.0,144.4,176.42453488372092,92.30736625171001,180.0,145.65,171.461511627907,105.57910709986305,,,,,,,,,180.0,127.04,164.41313953488373,361.1325747332422,180.0,115.56,140.4010465116279,230.5629765389877,180.0,94.62,162.55116279069767,727.4876292202456,179.98,93.32,121.80511627906976,327.3876652804381,2.209821380454916,1.8725828012318226,2.2627961105742807,1.3022132060174045,1.3022132060174045,,,2.931222554408772,3.5200422830441163,21.673121911858786,7.3982380421686305,0.0,0.7500113998221746,19.662170724320834,19.067225732319407,19.42003492525047,22.87285980060815,22.87285980060815,,,18.600472170874593,18.349964681992432,4.004392253356492,3.7705206888956124,0.0,0.4759611199332335
1881,Front/Back,179.98,129.32,148.90809917355372,122.40225552341643,180.0,142.73,163.28454545454545,170.84067166666594,,,,,,,,,180.0,113.91,155.79396694214876,244.0600507988981,179.99,76.67,114.97000000000001,721.9546866666674,180.0,94.61,165.5284297520661,621.6486466804405,180.0,111.63,130.59363636363636,388.5130316666667,2.76807212393987,3.0856304690610092,3.3051547836791464,4.549188503361716,4.549188503361716,,,7.335005372002145,4.10886810712663,26.7915283951695,5.031966830248055,0.0,0.0,27.105539461466286,23.720994750977347,25.48243336842946,29.49155562857126,29.49155562857126,,,20.938558776972915,22.75004667111731,2.6348542075756547,1.5715922732744911,0.12399999999999034,1.369122704266852
1882,Left/Right,19.12,9.75,16.822834645669293,5.172556980377444,,,,,,,,,,,,,178.36,90.0,122.93669291338583,626.9308889763776,,,,,178.15,68.36,105.94118110236221,805.7656898637657,,,,,5.484936203307702,5.484936203307702,5.484936203307702,2.1560715275868816,2.1560715275868816,,,5.484936203307702,,1.3148670845636299,1.3148670845636299,0.23320432343327743,0.23320432343327743,7.8631379256865515,7.863137925686552,7.863137925686552,13.09501505991202,13.09501505991202,,,7.863137925686557,,1.247503434974222,1.247503434974222,0.0591866791780542,0.0591866791780542
1883,Front/Back,180.0,99.52,144.93382978723406,495.884099153512,179.98,108.17,136.84744680851063,284.37794609929165,180.0,129.09,171.9654255319149,189.14468745138393,180.0,108.17,140.44074468085105,631.9687166437892,180.0,54.04,111.85446808510638,2004.8727346602604,179.98,43.87,109.02765957446809,1783.4638159688848,179.99,96.31,137.6622340425532,403.66629710592576,180.0,67.74,123.27085106382978,1332.6493992679016,1.514535781742994,2.7253292195326777,1.2195853678434077,1.6479264127709092,1.6619040853022062,1.4070369280699775,26.98514543139111,2.4179748981531577,1.1555701246449226,10.43310142543751,16.745690602079176,0.15219735769642953,0.3490046145856303,29.70828053005024,31.1141856538437,30.148667536979453,35.43533162467539,34.99289901247376,31.96929962850501,31.014226911748494,16.802125686678483,16.990449091458515,4.457395260913166,3.8390842813649537,0.27472922964714597,0.5495170088665372
1884,Left/Right,76.4,33.15,64.97636363636363,63.00608757297724,,,,,,,,,,,,,157.04,60.67,100.7979090909091,754.5488001751463,,,,,179.91,49.91,107.70872727272726,1349.6636038698905,,,,,6.436149471281739,6.436149471281739,6.436149471281739,2.5569503718955966,2.2018939928986963,,,6.27483431359366,,7.957607655549902,7.957607655549902,0.9698353944064836,0.9698353944064836,20.56035798509831,20.56035798509831,20.56035798509831,24.484961597962773,23.426032265368402,,,20.31976560569105,,4.263730702047584,4.263730702047584,2.053034329547028,2.053034329547028
1885,Left/Right,120.76,67.01,87.90648351648352,231.07203416361457,,,,,45.56,16.76,28.415164835164838,56.641443028083025,54.04,33.67,44.69307692307692,18.98953709401711,172.39,72.24,123.74087912087913,746.2824081074484,,,,,176.67,42.63,115.45263736263736,1374.8895796336994,,,,,8.628043339490805,7.091890973669702,7.091890973669702,6.364856722574445,6.331121890755586,10.074857182746902,8.955844061680791,5.236052667305632,,12.376849401156226,16.355066090150398,3.7951132546189528,11.22678924284664,33.04675966226982,33.458597508753236,33.458597508753236,38.879033658795564,33.28029067260002,36.28194689276844,31.140392394148453,32.9370897109713,,7.17373682260508,9.518352717857129,4.474899470907223,13.766558461290616
1886,Front/Back,180.0,141.15,160.78863247863248,206.1687584585898,180.0,149.46,170.52316239316238,103.79564767167678,180.0,136.53,178.61547008547006,33.66338188918351,180.0,132.62,176.6945299145299,101.74136292366619,179.99,67.71,110.79068376068376,1060.3621960801656,179.99,76.18,118.93188034188034,830.0657136752135,179.98,85.37,112.37948717948717,561.8964273209548,179.98,79.96,107.44273504273504,776.9749838343665,1.934650188738293,2.2104916216871593,2.2933128481802574,3.3459861539126297,2.5235626998878287,3.025148789553868,2.6149311121873633,4.637202520362292,5.13920929215199,9.38024830990295,9.564991288832314,0.9238226430771102,1.5662852029148429,32.55017423667953,38.538949948460896,38.4815312758844,40.6933362202228,39.6597932955283,40.225306279157024,38.68820905513589,30.196900257243076,33.31605542484912,4.08022175243843,3.5158790985390693,0.0,3.232276710322897
1887,Left/Right,,,,,84.4,57.82,67.79122807017544,41.57744310776942,,,,,,,,,,,,,180.0,76.29,125.98666666666666,1050.0604226190478,,,,,178.35,47.36,106.64701754385965,1727.259353446115,16.508178936651703,16.508178936651703,16.508178936651703,9.613709078999586,10.60118405572974,,,,16.508178936651703,18.556064711947535,18.556064711947535,2.9446850617310445,0.27591270276822594,43.00134281650466,43.00134281650466,43.00134281650466,51.39991026622459,53.46033923611596,,,,43.00134281650466,5.120516560819228,5.120516560819228,2.8064942142174685,0.2877920223360884
1888,Left/Right,73.47,28.71,47.900000000000006,142.27632520325204,68.37,25.13,46.63016129032258,123.14466664044063,19.91,0.04,8.318306451612903,19.913075970364552,30.83,0.39,9.513548387096774,36.9301027537372,179.91,163.29,174.38145161290322,23.49983527406248,179.5,160.43,170.89967741935484,23.22935436664033,179.2,167.31,173.24862903225807,11.41868347102024,179.76,167.84,175.3750806451613,5.791220318646745,0.6201225894642121,0.6201225894642121,0.6201225894642121,0.8142249286659438,1.0670907326867625,1.026934904936624,1.026934904936624,1.2555982036216242,1.493828274945814,1.6198209243332997,0.6862941825170332,0.0,0.0,12.847051314537643,12.847051314537637,12.847051314537637,15.236065333961376,16.41547600822808,13.814385055479462,13.814385055479462,9.523685224311567,8.288845319282204,1.1836283629141793,0.32681135970286235,0.0,0.0
1889,Left/Right,,,,,106.25,35.85,70.21520000000001,141.3634793513514,,,,,,,,,,,,,154.99,66.54,105.70386666666667,751.7051510630623,,,,,,,,,10.573219612444113,10.573219612444113,10.573219612444113,3.2714365800512444,3.0073221454454293,,,,10.66574777855147,18.78174609791342,12.600538920263723,,,38.07488531685802,38.07488531685802,38.07488531685802,47.065185532293285,55.83432539121334,,,,38.63608277105603,6.2321149505410265,10.104741996251597,,
