Sequence_ID,Pose,L_Shoulder_Angle_max,L_Shoulder_Angle_min,L_Shoulder_Angle_avg,L_Shoulder_Angle_var,R_Shoulder_Angle_max,R_Shoulder_Angle_min,R_Shoulder_Angle_avg,R_Shoulder_Angle_var,L_Elbow_Angle_max,L_Elbow_Angle_min,L_Elbow_Angle_avg,L_Elbow_Angle_var,R_Elbow_Angle_max,R_Elbow_Angle_min,R_Elbow_Angle_avg,R_Elbow_Angle_var,L_Hip_Angle_max,L_Hip_Angle_min,L_Hip_Angle_avg,L_Hip_Angle_var,R_Hip_Angle_max,R_Hip_Angle_min,R_Hip_Angle_avg,R_Hip_Angle_var,L_Knee_Angle_max,L_Knee_Angle_min,L_Knee_Angle_avg,L_Knee_Angle_var,R_Knee_Angle_max,R_Knee_Angle_min,R_Knee_Angle_avg,R_Knee_Angle_var,Head_x_std,L_Sho_x_std,R_Sho_x_std,L_Elb_x_std,R_Elb_x_std,L_Wri_x_std,R_Wri_x_std,L_Hip_x_std,R_Hip_x_std,L_Kne_x_std,R_Kne_x_std,L_Ank_x_std,R_Ank_x_std,Head_y_std,L_Sho_y_std,R_Sho_y_std,L_Elb_y_std,R_Elb_y_std,L_Wri_y_std,R_Wri_y_std,L_Hip_y_std,R_Hip_y_std,L_Kne_y_std,R_Kne_y_std,L_Ank_y_std,R_Ank_y_std
955,Front,0.9999999999423963,0.680365839132892,0.8025155795342774,0.09518826170179716,0.9999999999416671,0.6859199333361536,0.8782414821025821,0.05659538267778015,0.9999999997859589,0.6914446843837626,0.7287010915075512,0.03663263229625351,0.9999999998074701,0.7114372929329454,0.9482710072571857,0.045032323487901094,0.9999999986431479,0.5038688523929352,0.5680969267160394,0.19037893391191257,0.9999999981583794,0.04914961083177449,0.2994901145905201,0.8076237079223826,0.9993236384851794,0.24997319032171858,0.30942439805612526,0.3931233438243118,0.9999999993887531,0.48826547314831736,0.6219655796545994,0.3671820401028872,0.06324407180229959,0.04058589021022241,0.031669888847290543,0.030423033989729557,0.036239429519845434,0.03450491920684337,0.012796193313726422,0.1013972828412283,0.20267636211459608,0.0423091282630349,0.04840160398653109,0.035581895218550486,0.016177315206509037,0.32891780826963835,0.1124457626549792,0.12529273613986947,0.16396942751518082,0.13258974234672768,0.07316665002362244,0.0968513080003004,0.3897950433616174,0.3051595257934708,0.16908503869445068,0.16454563942056943,0.23726623179159223,0.26838048037183815
956,Side,0.15979262671890596,0.07530585579787945,0.09814318665565941,0.004237701542550593,0.11573236889017485,0.09184462553733598,0.1034250135329064,0.0012162450935638191,0.7307363012134551,0.5320374369731198,0.5643517155947869,0.0705701177870002,0.841932999452843,0.5177632005898705,0.5990846587792094,0.11332683302068872,0.9796472171239514,0.896393442505391,0.9363840820460464,0.014954955035428704,0.9944751362901009,0.9024214469728421,0.9494637027952373,0.015038145054928462,0.9841055120107861,0.9012332438711814,0.9440122511032071,0.014432966564102626,0.9999999993887531,0.9543717933681507,0.986568428256405,0.004395862023416499,0.13401137484914338,0.06557421941363287,0.03323403960060143,0.06487988503626761,0.0276749097878876,0.045913005276248586,0.013944769622321483,0.28992386838954287,0.12871478940427425,0.09933055204510342,0.0583674157520105,0.06707572085058379,0.03829767018773325,0.5227446548104241,0.22370713151924682,0.20218863393453362,0.15044509627352687,0.14880843768778027,0.04236165281831343,0.0652079609290175,0.8152048909694086,0.780191082529718,0.4171734479691186,0.4784497672982468,0.4856176535574493,0.37337944302110915
957,Side,0.12425115206657539,0.04103812804127342,0.05618594802831363,0.002895783019191273,0.09963250305666262,0.07120337873587511,0.07396026586388528,0.0016936871592412137,0.5237585615317297,0.42980561552496965,0.4621958656545442,0.06037005023881461,0.2042741624558576,0.4616483730297039,0.42319931370199193,0.030755346459184478,0.949796470895798,0.878032786770094,0.9187004860014928,0.023559896079674215,0.9999999981583794,0.9094840010219828,0.9397632527488984,0.014864247144388163,0.9976327355435806,0.8699195709522876,0.9188394736464934,0.019578552317013685,0.996943764671794,0.9504420913709812,0.9660401098036056,0.0069602540402084224,0.05755657450763171,0.041973452796246216,0.043736334604526694,0.07997159301852684,0.042346616252652174,0.03512603394259952,0.006551640002305961,0.2988760518549974,0.18582228417861804,0.08069792459051457,0.07488089901997268,0.15572213612565936,0.020301882635721708,0.5586676182197905,0.21474105705412166,0.20268893657546122,0.19330648428048983,0.16999651386661352,0.029742015292553315,0.05271596610174161,0.5849320349861901,0.5607609156934352,0.38220255495754896,0.439941319453208,0.5437707440274007,0.4574243300622774
958,Front,0.999884792569131,0.5991804251930645,0.7322391311252152,0.06496048520936604,0.9999999999416671,0.7759205281794109,0.8904873949178146,0.039327235293971974,0.9999999997859589,0.7008639308434805,0.7409480159067352,0.044229202837614404,0.9999999998074701,0.8893290900247237,0.9199252996001975,0.022117496287777656,0.9972862944405871,0.4678032786271733,0.42365920947438557,0.1306759600849431,0.9963167569128586,0.40098010948386,0.4212672626158873,0.1669704462278673,0.9999999996618194,0.5933512063706861,0.5235691611859135,0.12703411479567486,0.9987775055019691,0.31339373427427203,0.5468654918043108,0.30747980541656095,0.2666650117187306,0.20317283462290028,0.13654132940746536,0.09722924228841326,0.06468306970296411,0.06286947339014504,0.01882919985251564,0.3533583246274383,0.21261385432537983,0.03129630109141064,0.12540905738551064,0.050000090468119165,0.05893846475944666,0.31942998995162203,0.14330485400757326,0.08553503856326372,0.054152005494289265,0.07732997440992868,0.03115434400121504,0.029968636103142713,0.4025227589530091,0.3990950467553174,0.2186358740739368,0.20306358760295806,0.33381107998582366,0.30316728176777136
959,Side,0.04735023041201899,0.004751158094503436,0.038026731329554496,0.001686414781264053,,,,,0.3446061643098016,0.645128389690117,0.5293782368622436,0.01889782085590714,0.41047362333260023,0.6954601545303981,0.5620853341641615,0.01625229411929255,0.959294435604755,0.8864262293919443,0.9299707614271809,0.021234005423980955,,,,,0.7889753125502278,0.6156568363951038,0.6395675087700171,0.07563124294818584,,,,,0.40116982323388606,0.22741022215148862,0.21904259931404008,0.08580957200386632,0.07200486224300394,0.09028454402452903,0.03747088215364141,0.6291287683928191,,0.2498345941186218,0.262340262984959,0.24872555856931974,0.14090857783845523,0.4066843838615947,0.1258910230060616,0.11107865650906514,0.15975443560312455,0.13410980500941627,0.06968119864854984,0.076679606949463,0.3715615345471206,,0.25427507494763296,0.24934963845220734,0.28447175424258103,0.2654175248675705
960,Front,0.9999999999423963,0.6389713742345308,0.8540934240298986,0.06139084881212753,0.9999999999416671,0.8579501516353606,0.9250686149663865,0.043747532521258604,0.9999999997859589,0.5791336692717102,0.6451459701377088,0.0750751231746472,0.999614940123293,0.4502175748230033,0.3776464760662035,0.2058338839683185,0.9999999986431479,0.34924590159354163,0.575972834175378,0.37821038906938664,0.9963167569128586,0.2810608244045747,0.13140722311483205,0.25440335346467174,0.9993236384851794,0.5721179624051348,0.594947525861456,0.24270494747970817,0.9987775055019691,0.3180875449931135,0.2145211047945071,0.23562497841627317,0.1325469297431305,0.06288972963719681,0.07952185906869456,0.021433005396409088,0.7751708946948126,0.02424202325411526,0.01888876119572121,0.16032584734267125,0.08270006583711513,0.04989605434038817,0.0,0.10243228703254224,0.03309408943191572,0.18925880009899843,0.08661942975566819,0.05192495333276689,0.1021977044419309,0.22037244671945064,0.004881479413426045,0.00390626827436407,0.13274655184840548,0.1414698854257433,0.21780530159098815,0.02458519038758254,0.12426877334926158,0.07312527839241519
961,Side,0.0,0.0,0.0,0.00015821035555467486,,,,,0.6680222601309885,0.5404367650263716,0.5971884936498337,0.06936377493767366,0.7013862147282662,0.5821263882196449,0.6290370678862544,0.06685432885978165,0.8860244221356517,0.9017704916850137,0.936177550568728,0.014841587857480113,,,,,0.5661143048474414,0.683646112527223,0.653607452356614,0.03953104013875006,,,,,0.20218868602484863,0.03397100367424629,0.023452970941249877,0.029593374763416086,0.017786359116286485,0.02927864343458645,0.011598606206341082,0.27535087875874864,,0.08805793115598518,0.10348870120813759,0.008997295125019119,0.007096309097344805,0.45221027133440855,0.12208970232481782,0.10729223069662751,0.1416791574667289,0.11667857179130048,0.026396492418932008,0.034806938406958275,0.18699563470886427,,0.15687876745553544,0.15053830016728345,0.045559749992860894,0.04576330324315389
962,Side,0.2797235022880344,0.1530466801191919,0.19544829933682412,0.017063327624345113,0.11106574111234521,0.03765391707586378,0.06563423066703061,0.008788626431488339,0.8889126710426128,0.8243940484266623,0.7986470047620275,0.013397743350744309,0.9946091642289931,0.4334610638154535,0.7514062635214748,0.27427816799632804,0.10719131600109612,0.44891803272801073,0.6128322421316834,0.3472866697795871,0.8379373833555491,0.766359181209807,0.8130147341653129,0.10048723038359703,0.6723030095798772,0.7189276138639219,0.6886163987148708,0.031657418453279414,0.08801955984840032,0.6772186441788869,0.6278149880812829,0.04382340929471129,0.38242303673367917,0.9999999994107327,0.5345176614309174,0.07140181947923506,0.07726105606413426,0.047435953709607855,0.4421998273567039,0.49561991380468634,0.35326436343873635,0.16526673541089493,0.17964450680561186,0.1582279006369103,0.09381363244177629,0.8930598859324408,0.9999999997497431,0.9999999997507237,0.3100310370729546,0.2255402093171715,0.13340275396529236,0.08160847624229255,0.8683922274148601,0.9684261105843788,0.7672628131761722,0.6639304555886302,0.9216785452910775,0.9999999995145106
963,Side,0.04660138248579485,0.03741536999421455,0.03668318558726272,0.0002531669682893952,0.13165723618201847,0.09333174706481875,0.1056031626672479,0.0029229516959218857,0.11686643833115033,0.5309575233662732,0.44441004826989655,0.01695762285929058,0.961879091073955,0.5040592322852465,0.6734748467821985,0.11035971727086077,0.9932157381367478,0.9140983605358559,0.9766547587052329,0.006148706905023317,0.3683241245518888,0.9035745170216816,0.8744360175724762,0.006336417220208845,0.9986472773085402,0.9050938336830999,0.9889089973734784,0.008652054942642623,0.9999999993887531,0.9831896080140609,0.9941382004578027,0.001923455507451463,0.08670522826714544,0.012377229930562207,0.023047985368642245,0.021868147074547734,0.011288565034520692,0.0,0.004362118290182169,0.0826992368947026,0.05769450541422205,0.027958887927291093,0.013838590063531768,0.019691920931526757,0.01588770674302648,0.3714673799755198,0.1507620712093209,0.14418294450166305,0.13853810112888928,0.09575326730498739,0.08577881446580977,0.07987016684489252,0.3386527069825494,0.21020052940159756,0.17123131821427331,0.126097577172256,0.06387653331987246,0.10909516850882292
964,Side,0.13876728109799724,0.08189808765400296,0.09167771662383517,0.002441208904888305,0.16204864958513396,0.0837546844278297,0.10156534919561741,0.006943316455072589,0.977525684722276,0.35415166784532326,0.5090810910550438,0.23269745121349567,0.33557951476018893,0.3464311229235285,0.3375378157626963,0.11548123179882218,0.9864314776303515,0.9527868851209458,0.9740172034172538,0.003296381149098727,0.460405155689861,0.8748918995568042,0.8824043102026708,0.01860126086267523,0.9986472773085402,0.924396782742692,0.9726852760550826,0.008363888750817021,0.9724938869361291,0.8515445911088807,0.9246939209669548,0.025566741823984728,0.1315984841696381,0.051370050079883364,0.04509355638671315,0.08225395979797731,0.12566946824588957,0.031961770271350845,0.014587718872366179,0.08061525394680193,0.1455931685559038,0.04878703504071948,0.07465551654647833,0.04526721844016101,0.04674761598558632,0.7854851459641061,0.41854170797801116,0.4118701848049802,0.36812551783904,0.315077636361453,0.04111507294060852,0.055172983775608364,0.7221489219669216,0.825892915380441,0.40944101200582206,0.43558521249002097,0.3838503414459834,0.4110488100344472
965,Side,,,,,0.052032899722800376,0.005591576943335222,0.02987878734194914,0.0021869618495196828,0.32491438349209895,0.2855171586101801,0.16304195374410005,0.11946827604436694,0.9716981130204663,0.23563031757903286,0.35514762043999015,0.3104996471235389,,,,,0.9944751362901009,0.7675122512586464,0.8892325357668859,0.07224685970873611,,,,,0.09963325177284169,0.4516974128968783,0.5570537080720377,0.17331085966188642,0.17406860921224326,0.08817951982624374,0.07826410806366825,0.06491576055457964,0.05185353154116363,0.14393975511343057,0.058100973852410004,,0.10559918784499606,0.16193173818168086,0.17602678800957908,0.11498136861480973,0.06625482933327247,0.9999999994669766,0.3900575965659019,0.3742101354830798,0.4024261885626213,0.3681348578670248,0.020070701439122405,0.08277869797774241,,0.683335296127434,0.8127289893169828,0.8159170994801014,0.40422641926770314,0.3755192245062849
966,Front,0.9999999999423963,0.7875044541639443,0.948141941814769,0.02675893549507861,0.9999999999416671,0.8057224435901656,0.9510863455726003,0.04246322912762652,0.9999999997859589,0.5829133668956735,0.6476661039299806,0.05254291694653989,0.9999999998074701,0.7329349872875927,0.7981243199896257,0.03871076743192046,0.9999999986431479,0.482229508133478,0.6122117224491649,0.2717891188202319,0.9999999981583794,0.5159988468555781,0.8312378476595084,0.30818366695507143,0.9993236384851794,0.08579088470929858,0.25341700083472574,0.5813033731105393,0.9987775055019691,0.16166357382800314,0.42501568599993417,0.6101732081277131,0.2283181975087573,0.1256267101771308,0.14511305777627034,0.0602017955978297,0.043505377014413815,0.034591273888477436,0.016813543476497793,0.285632825461158,0.2645686039937492,0.06746483275575911,0.12589732000647574,0.07706556657581375,0.05721113664126564,0.6166128622206749,0.2539518813199029,0.24126400643780582,0.21330775184567696,0.19279905383114715,0.08310410651558695,0.0788800898697564,0.7202887157228088,0.8208606666042124,0.5140698583158599,0.5357377331341873,0.43827164862713763,0.4088447319146193
967,Front,0.9999999999423963,0.8022924337330863,0.9134675634602352,0.03588634400153129,0.9999999999416671,0.5953839747430025,0.9733528676079766,0.06118666519252572,0.9999999997859589,0.4735421166022592,0.4519550317469451,0.08738669077415853,0.9999999998074701,0.5393258426616011,0.6533346121517627,0.05306430979325691,0.9999999986431479,0.3784918032290502,0.49957854336931157,0.46320656325004217,0.9999999981583794,0.24488325162224236,0.33053319759050387,0.6151360112155342,0.9993236384851794,0.07764075066191516,0.14755607563692527,0.6190787946502971,0.9987775055019691,0.13481061018067775,0.40484039860556453,0.44604706560626206,0.20076540339994658,0.056638932369647996,0.04635601060601849,0.03660847975963869,0.053313049615934235,0.02890100888305847,0.01768845284789098,0.10085243167640716,0.18152444056336636,0.03504946475989491,0.059104369335382614,0.01564321860174368,0.026409051704696183,0.5446941779102867,0.2281801844999609,0.23214400705912921,0.19394582793877102,0.17918435137866226,0.06446687213254453,0.06482160919693883,0.6806561724213173,0.756028361388788,0.4106404364475834,0.37949988074345287,0.3419084856868335,0.4101597481766299
968,Front,0.9999999999423963,0.8686304786275905,0.9548659798203454,0.01724820465060476,0.9999999999416671,0.7479031586016356,0.9196160527986597,0.05672698506686055,0.9999999997859589,0.7695584352790041,0.7485252889311224,0.03131351959483089,0.9999999998074701,0.5296486328161558,0.8613000295692725,0.07281899854293554,0.9972862944405871,0.5164590163257103,0.5651585425260446,0.1295711405075613,0.9963167569128586,0.3003747477226327,0.2306787965313345,0.2326681550613162,0.9999999996618194,0.5301876675034651,0.684519893202699,0.1306043019821949,0.9999999993887531,0.294836808176527,0.41648891522188364,0.3136503114512663,0.15642174141299459,0.09621160333826292,0.10577947182756357,0.04119747714841831,0.0580883535946765,0.07892656587452757,0.04606803607362308,0.10649433495828428,0.20235284697931077,0.1348319361836857,0.15678083541624047,0.1347809596172335,0.07591251723853627,0.1414004583194587,0.05492315383241738,0.05788730475243433,0.03280608184753454,0.07430604999789994,0.013370802238833747,0.047821708201286,0.2331228027060563,0.23256108351908272,0.13903320793813587,0.14918977013454912,0.09371758542030509,0.13382338788264939
969,Side,0.11111751151433655,0.07025775032246954,0.07070238492699896,0.0014219918712393563,0.1325322288903615,0.1001725060912395,0.10257566700412603,0.0025578522004650354,0.9875856162269719,0.9331053515158924,0.9522354366567991,0.003304387460902711,0.9999999998074701,0.9999999999350523,0.9642175513365094,0.0009860748038599929,0.9986431465418695,0.9437377047942638,0.9616649168648274,0.015455152179504704,0.9907918950445801,0.9362928796574959,0.9425935936096536,0.016235676764052718,0.9979709161319001,0.9664343162502484,0.9813521271010192,0.003262876806536843,0.9999999993887531,0.9999999998908417,0.9999999998395911,0.0012429038436768307,0.18544190304221236,0.11479630981194826,0.08590333216963633,0.04842511075768602,0.1023336339676305,0.028879021643349937,0.009213107637530618,0.06996160224757642,0.17026784908354747,0.03555090727071857,0.030448507651581205,0.01873190708221258,0.010709903753848442,0.1334846497325587,0.0830714356810955,0.05525654606880711,0.14855676044646354,0.08761958673246573,0.04292543007528415,0.06743966376209955,0.2370533847629266,0.1455651715469198,0.1552838206181108,0.08788454591644013,0.07815014518292383,0.03772489797759776
970,Side,,,,,0.06288280930625428,0.05698649693313981,0.05606865985100438,0.0005144341938966995,0.715967465600178,0.8598512118514609,0.799397837942849,0.002689232941332414,0.7445128993560812,0.9279080339723382,0.8286863070512439,0.0,,,,,0.8526703483376218,0.9132314786807103,0.9222982975146744,0.01068038418697597,,,,,0.9914425421812706,0.9564458027555457,0.9644763039770088,0.005703171769727171,0.15063194323951326,0.06759407534988598,0.0574498209366077,0.054252222675410355,0.04156893225795926,0.04231634890646428,0.017127827321448436,,0.18304003568464308,0.0701836645622534,0.08593762114484488,0.02697430948211215,0.017130774961955076,0.2288603873571255,0.1275551752939752,0.11273628808165889,0.11321530745297222,0.08922892459189095,0.06750505722445979,0.07457445581203455,,0.10249853335791094,0.3531813116259689,0.34969284306193815,0.15564744582080323,0.14697725108747003
971,Front,0.9999999999423963,0.642059626995958,0.8596660785180079,0.11628321394871668,0.9999999999416671,0.681220629309308,0.8524031870960895,0.13881030195471317,0.9999999997859589,0.8158747299726496,0.8543458212957893,0.04139620307444403,0.9999999998074701,0.8852373838484614,0.8776972873376725,0.02807907309090615,0.9999999986431479,0.490229508132429,0.8017778251181966,0.30177378165925994,0.9999999981583794,0.5580859036382121,0.6644882114221883,0.4487879296343629,0.9999999996618194,0.6944772117217718,0.8871198553498992,0.20141637055264636,0.9999999993887531,0.5665320379252775,0.7736315382755746,0.3778842563680621,0.03910534024882157,0.06774200223446727,0.03079517601266507,0.056041876552774685,0.028973801985206667,0.03641766250697823,0.013896899796839472,0.13804954113813261,0.30062473885086244,0.058617089939476466,0.05104127663614764,0.050883419398109336,0.0364246374073581,0.0,0.1629274800125119,0.15048436882624452,0.11159541024103713,0.14361360458024366,0.0637540829715772,0.07671457031942756,0.3759232495015735,0.3380961314524994,0.3364799789320388,0.3279007350778901,0.21250283300900433,0.17304394922809338
972,Side,0.03577188939886106,0.008611474046287476,0.02153481057627609,0.0009029563348821231,,,,,0.7510702053186923,0.5032997359909227,0.674550784385385,0.055110617438535334,0.7760877934585892,0.5419237513449422,0.7054199004374158,0.05256273794356739,0.8480325632998196,0.8620327867721924,0.9093176520840968,0.017513284784875485,,,,,0.5823469730867952,0.7248257371876863,0.7015871245580824,0.021069950020477502,,,,,0.47017517626703453,0.1334893560404645,0.12407764110280241,0.09886693695704211,0.08459822176023303,0.11713500528948,0.04885801907714148,0.28214402570443964,,0.026553528334447848,0.043096366087413775,0.11143953204368925,0.10630975972705743,0.20772835427359215,0.16330914057753385,0.14835015715475422,0.1300385088472307,0.10545269413866078,0.048641072327454446,0.05632585357380019,0.24365078264036355,,0.3468954869315129,0.34331569421228575,0.3773655489345254,0.3579982366278781
973,Side,0.1970046082835827,0.14176267964474626,0.16385069030194999,0.002390130097612315,0.22382313479415367,0.1131996906719886,0.16382509677134927,0.007631796979313557,0.9563356162336611,0.7467602591344635,0.7894332136788507,0.021657411186979544,0.9445514052859932,0.9416769499940458,0.8874815162889034,0.002161602104956673,0.9999999986431479,0.9588196720054006,0.9558152863218567,0.004418985915229718,0.8802946576790145,0.8676852117515588,0.9222922392173324,0.013115993287414338,0.9871491373056649,0.9447721178611505,0.9448938920381443,0.007970945402821648,0.9999999993887531,0.9081977949014085,0.9626786666974186,0.008795941618099204,0.19016248402024719,0.1262787232783849,0.07515285293463272,0.03369627210747625,0.06147557224496887,0.059981438926755594,0.022485697251111377,0.31399675215668715,0.4074027784174009,0.0445918614076149,0.0651135533408375,0.044984281127565466,0.026173425172467315,0.5403552146853546,0.2129014997487831,0.20811949841926683,0.12818213834625092,0.12160955682751176,0.03187484800189329,0.02909245299702684,0.4109187136452031,0.3898258779264162,0.32088966440657796,0.2964311136415895,0.08337017462307317,0.1592032020683593
974,Side,0.05397465437477104,0.004097873856509213,0.018948726517033197,0.002196705491290216,,,,,0.0,0.48110151185018585,0.35117717165572115,0.027548203664488877,0.7993839043512933,0.45573813077510306,0.3015878856328588,0.1913124518550261,0.5264586152965274,0.7795409835043225,0.8052834282244227,0.02850581318416019,,,,,0.5623943183759235,0.5886327077116746,0.6212671633143211,0.07584565947910948,,,,,0.22228304243934024,0.17344955040749557,0.13878536134023678,0.096171235227995,0.061127827614307836,0.08469514111611055,0.16703649870807138,0.23625490282140216,,0.10443884951671337,0.2718035616536853,0.18160536235136085,0.09173388539488435,0.40898695476005936,0.15139149762432721,0.13995653204281486,0.16088410718768115,0.1348542277051673,0.061744132053560066,0.0706201576236026,0.4503980632771658,,0.3451990433331272,0.3661249522944998,0.35646986610509585,0.3119392672019709
975,Side,0.12499999999279955,0.10167478322237351,0.10624007419295035,0.0005587211617795753,0.11211573236235688,0.10933317470053337,0.1144546432249756,0.0005565764594844931,0.7455051368267329,0.711783057312708,0.6799646428182471,0.026955827338791826,0.8280708508224737,0.7899590828869286,0.8059102072415439,0.012197282171026736,0.9972862944405871,0.9421639343026672,0.9656173074429434,0.010508155971418317,0.7163904222534264,0.9159700200467036,0.8971654509922797,0.008398176985470055,0.9908691237771828,0.9071313671949458,0.9472334754523462,0.011957985197907547,0.9999999993887531,0.965615107415608,0.9693810663853113,0.005825587534507536,0.750886895955372,0.44243712769050514,0.4045288933863202,0.21267730222913023,0.1603219354941918,0.06014477404927023,0.06548225074157976,0.7787923135629701,0.6448633272464305,0.117654990439219,0.18035040779427636,0.14941185069013563,0.0479826239665194,0.5659633653680752,0.2091238079007829,0.17258395994077994,0.13768241970117778,0.09288262122543114,0.04055026055549921,0.04114156393596674,0.36439652639826203,0.34138558475747577,0.24177012517470162,0.3021291113493646,0.15078414531084136,0.1954407639149128
976,Side,0.9464285713740536,0.012649958426615395,0.09517646815154829,0.17601490233730158,0.7361021991054014,0.002260424721773813,0.21335501672104548,0.16251820370947345,0.8167808217429835,0.38342932563094373,0.5443721404981884,0.09081202211100903,0.8351944549797469,0.026823407155496304,0.20055979360036885,0.2616567906868888,0.0,0.6187540982795074,0.6935000114748703,0.08329004736915407,0.946593000098357,0.6167483423729103,0.6846393235626989,0.24748141177189423,0.0,0.4619839141595728,0.3906665850467253,0.03784378025434655,0.6735941316176075,0.6196921732758769,0.7247056125124705,0.09663508723540792,0.9999999989275326,0.2748595284334421,0.5794834242443702,0.34895882796552574,0.4521493517253782,0.34289947477263416,0.10185543958851948,0.8037826248552584,0.9999999989003315,0.24418944443545187,0.2856643517213306,0.2651923094012498,0.12054793263272236,0.44826734044719874,0.1657212059778296,0.14117498586308208,0.19705305655748032,0.17883261099244457,0.12182761672937853,0.1516695062487436,0.54618659817057,0.4439110857247486,0.31714389281415534,0.2949036986199642,0.3280928242217191,0.33225548570973357
977,Side,,,,,0.05547453770894973,0.0019630004162772587,0.03399703253864622,0.004319778990706876,0.9190924655567011,0.5153587712673771,0.5582720196108293,0.1398246090092111,0.9272237194980316,0.7189712281146345,0.7577561277925796,0.045580096224285584,,,,,0.4069981576298386,0.4342750071440942,0.6015080875464217,0.44336959622371047,,,,,0.0,0.4319397445222203,0.4600183330285796,0.18268942941068006,0.3334976531204759,0.13875273527236878,0.12939953185513883,0.09367198018898266,0.07958787254419741,0.36294461413348567,0.08327947256380283,,0.48270973326237343,0.19386525636685525,0.20738291282910915,0.16824716831801448,0.09598689931196087,0.6004439753997679,0.25161496566175195,0.23630996994752385,0.24965152663306653,0.22080374949803916,0.07275419598684202,0.05896765641686259,,0.6737475545848685,0.6115060634894783,0.6117706887320661,0.6670388470853945,0.6171473479938715
978,Side,0.03663594469835046,0.015322484854773579,0.02739715380333963,0.00030942755914212933,,,,,0.9982876710192018,0.12838972881399147,0.6396340200582092,0.23101962421596228,0.9849826721245701,0.1360654672899873,0.5549272578531295,0.08953811929963378,0.9837177734277908,0.8312131146450868,0.9521503418480249,0.01970851897821954,,,,,0.8065607031428608,0.8202680964267808,0.8164575414805721,0.019103330326471202,,,,,0.4418133220742193,0.184745212820279,0.17590329496147072,0.10978619479190019,0.09512945375603042,0.1386395251807569,0.12300119674098199,0.4623846467317574,,0.19591068832486586,0.2093913611126125,0.2567875628063819,0.14540865247321927,0.6290668683630745,0.313214742642909,0.2976683780273016,0.3345169962929292,0.3026453556212289,0.05553250919923151,0.09234504617266857,0.6504328085859261,,0.6131378740641263,0.6134262072097203,0.5910848953981022,0.5473157537650088
979,Side,0.12332949308045335,0.05558854970569019,0.09152869580591214,0.0028642547987026714,,,,,0.9751712326679857,0.42338612908427004,0.599459374626447,0.1197904904485975,0.0,0.5361434045245084,0.3866496277302712,0.013368853204521986,0.9633649919085943,0.7893770490768031,0.9167830003388119,0.0405424583578593,,,,,0.8062225225545412,0.5982841822414708,0.6819777454379315,0.0918030416155054,,,,,0.6507839617894469,0.19365756221681224,0.18491472046307592,0.1804924990118798,0.1633231446247388,0.23562543194583366,0.06820748901700228,0.7092309140836411,,0.3270593469281229,0.5059060050445966,0.35409990740231745,0.1887565795642652,0.9831614534945701,0.44652040124621667,0.4304516996686661,0.45923900775487353,0.42292336477938763,0.1275653755253756,0.1072269461468556,0.9330754925192228,,0.9999999995655744,0.9999999995592628,0.8567636286687313,0.8459033563718146
980,Side,0.08289170506434955,0.0013065684759884448,0.012957543835368453,0.004419409823928176,,,,,0.5062071916724729,0.6718862490597619,0.5505098067761389,0.013623406968942715,0.5558336541093891,0.7244268363496507,0.5829493643128253,0.010963657857478132,0.9769335129213945,0.6215081966398022,0.8068490311491398,0.17321653817083613,,,,,0.7443354748920068,0.4369973189879896,0.5378301921455817,0.18273512842272732,,,,,0.5067470196410215,0.21284635768678695,0.20431683242588547,0.15682175751862515,0.14049356463421808,0.15681545738553435,0.06568628644824884,0.28641838505907075,,0.1791586760309633,0.1929422437488458,0.14095443402064373,0.0807525558765735,0.2932189575027795,0.18642142097795864,0.17137187577067245,0.21618459298119966,0.18852928482984416,0.08751194176051184,0.0939286739116607,0.4964847417524544,,0.49646215358049356,0.4950553532912503,0.5587880838268926,0.5176222646123692
981,Side,0.15213133639676665,0.0824919824158159,0.09732670739165433,0.0024460074933364373,0.08341597152870465,0.06668252929232749,0.06705724473684936,0.0009519563326693428,0.9327910956907556,0.2990160786957633,0.6469828727369612,0.16129300667009597,0.8969965342901433,0.6183672143522525,0.6932546695862043,0.04011510649268352,0.978290365022673,0.9373114752869101,0.9580492901233764,0.007735620530272417,0.8802946576790145,0.8315076389692265,0.8784977397793149,0.04564639698260898,0.9502874531788004,0.7701876674777278,0.7877982240482333,0.053440568255576484,0.8514669921445798,0.7053815084919351,0.7492638845349772,0.08559721520261954,0.19502226243450732,0.03278761397667064,0.05950715783475623,0.07113677206511994,0.03833785164632426,0.054065714557805525,0.012935915203893244,0.13054122591086115,0.10014417566953329,0.07722380592750272,0.10359633563827587,0.05612716121028963,0.03222423255184472,0.5061111578660396,0.19096140003532266,0.21938269585064193,0.19433724447179526,0.17845597360219057,0.05837156943662608,0.0432676620552793,0.5833360754116927,0.5748693091879878,0.457402883487655,0.4907554872139873,0.6931041961686547,0.603806362404978
982,Side,0.06296082948946077,0.0,0.017605210188219977,0.0016314080651948482,,,,,0.9190924655567011,0.38306935442866147,0.6416555433439363,0.14379911526316816,0.9272237194980316,0.4117685263095558,0.6729411350814617,0.1414903829204672,0.9525101750983588,0.7794098359633559,0.8518843895970395,0.05970287834045529,,,,,0.6858302331126718,0.5182841822500498,0.5635820941801362,0.11059231188475956,,,,,0.25820418611302354,0.1361181711306683,0.12673567999792043,0.11081736197385486,0.09612397746669417,0.212235416740141,0.08918959461262226,0.45404052815177737,,0.15675721759650368,0.17094582848582165,0.15647265194148194,0.08941456308828798,0.9674339100309423,0.4877398493386344,0.4715096359279392,0.45428788291803357,0.4181486547543627,0.12501690904062998,0.13021015068285552,0.9999999994874746,,0.8072191045142151,0.8103271638328857,0.9999999994719462,0.9232697757400798
983,Front,0.9999999999423963,0.907055469716887,0.9614444970681759,0.015159575475602203,0.9999999999416671,0.7066206649987139,0.898334549725561,0.10705508991648417,0.9999999997859589,0.8041156706980972,0.7512962984394292,0.04371959970785122,0.9999999998074701,0.7406637656205323,0.9079040074835792,0.06142490134334777,0.9999999986431479,0.6135081966408515,0.7929289686169922,0.23659370044846847,0.9999999981583794,0.6843470739861132,0.7997858940947662,0.2094491687066229,,,,,,,,,0.43971301003977,0.1387901917739913,0.168045229398542,0.09758533221382026,0.13001537629869764,0.19111661236687297,0.06534383594508149,0.45135086270583685,0.29426304418097415,0.08580683328725856,0.09259249740916298,,,0.5643709045865867,0.26099981210919115,0.2406607544528562,0.10586960363379909,0.08384854788684558,0.1473402440485643,0.14263658279410835,0.5038448753772581,0.5449185002540254,0.24441675202095936,0.26866627337356125,,
984,Front,0.9999999999423963,0.6602328067074336,0.9028158132825314,0.05336459788453569,0.9999999999416671,0.907976919819881,0.9662688846479504,0.02472462691303233,0.9999999997859589,0.622090232744055,0.7999477929213046,0.05376090004101272,0.9999999998074701,0.8626355783033943,0.9056983426497439,0.032910502372310996,0.9999999986431479,0.439999999942295,0.7569833249525172,0.29117882540434387,0.9999999981583794,0.6595560679360687,0.8463416577721001,0.3532652270681779,0.9993236384851794,0.4287399463347195,0.4015900583460607,0.2585806431641634,0.9999999993887531,0.5843248553013507,0.5945862713772588,0.17058777443577383,0.08981899510160894,0.0728416477528882,0.03478528460756163,0.03415818158613245,0.013234305723680864,0.03469807814233598,0.0219187760587677,0.0,0.08721892869531304,0.028475508570180403,0.06941839776996037,0.06292903096610715,0.016260532493081205,0.3975331325649473,0.12918051468344258,0.1028276172747197,0.1250815482161379,0.08997075476890831,0.04813334416595998,0.044244536108695394,0.3343799503869568,0.2848084784875011,0.35643248263154426,0.4290840154641005,0.26386986115464006,0.2553510077526837
985,Front,0.9999999999423963,0.6521558379467778,0.8796662598691862,0.09285249877258808,0.9999999999416671,0.6294093152918083,0.8871603606334332,0.12288846634470428,0.9999999997859589,0.7321214302416533,0.8128602167923416,0.043737072197509025,0.9994224102812047,0.6607780736077951,0.6140125325488061,0.02875532420648897,0.9972862944405871,0.15304918030779682,0.38526001730334913,0.3127491907628752,0.9999999981583794,0.3185356009918514,0.6475938919974534,0.7229953575011602,0.9999999996618194,0.4794638069190923,0.5903705250910112,0.43126833117573177,0.998166258558578,0.5463377359953785,0.4610051717991765,0.15275338849277517,0.06974001964183339,0.11602908681223136,0.050288321099092995,0.05626377833696104,0.032124408438762575,0.027453340645736818,0.007031299925735904,0.1204144019380977,0.1171991447142871,0.04935283588824917,0.0580791004473622,0.05268765790558743,0.04243517629121355,0.29587743145605977,0.09062804380375179,0.06436737042815112,0.11730158090197278,0.07018277137498143,0.025089383083754947,0.01589245599546262,0.2513453342635736,0.11594797229706566,0.10557204654344818,0.13516539311780273,0.05325148373933411,0.05915266296520067
986,Front,0.9999999999423963,0.7272835253161133,0.8757707332228389,0.04385167619375438,0.9999999999416671,0.6705728391725314,0.8062959703304656,0.08514901189777385,0.9999999997859589,0.7547396207850527,0.7857882228413691,0.03336738776363718,0.9999999998074701,0.6443463011856629,0.6149162544791014,0.05440289381773848,0.9999999986431479,0.6596721310610265,0.7622970240620028,0.13169284377076768,0.9963167569128586,0.5073508214892836,0.5498985792765277,0.15698184882993937,0.9993236384851794,0.4627345844007791,0.43328352278465565,0.23849341133688495,0.9987775055019691,0.40192118759939727,0.4682316559800375,0.35765982304209537,0.21323305679202154,0.06412948946845874,0.08241299794614232,0.07685111972922946,0.06753534807490007,0.039435970854140544,0.011083685691558166,0.20470054086702427,0.20490686204383274,0.049585833656672566,0.03815588559766422,0.06358587700134474,0.04247854238718299,0.6189086227002474,0.26052758272906457,0.24527148158260298,0.23454496583575168,0.22302849928927246,0.0519046764925554,0.04739627704164897,0.5727724681320179,0.6452019874528162,0.5948544874852029,0.5738283314925359,0.29300269870437023,0.3149225400847498
987,Side,0.09861751151505659,0.07245516094117738,0.08598045592540215,0.0004006397087204789,0.08907425770932308,0.06697995359782404,0.07014803621422197,0.0009089729103318068,0.9999999997859589,0.8620710342655346,0.9083118163147691,0.008367600414542906,0.8881401615540738,0.8571150223512947,0.8091566182560894,0.011291460240269266,0.9999999986431479,0.9314098359434215,0.9442890935347811,0.011792920751445314,0.992633515667343,0.9047275870705206,0.9742767577650908,0.008552831133760931,0.9999999996618194,0.9094906165244515,0.9591833687621306,0.00925586538557719,0.9737163808229113,0.9084161116790291,0.9645443959166605,0.009400779320562309,0.08892195040594492,0.06027720345144186,0.01844566351792096,0.020815499826345618,0.02195786935533057,0.030321293018171797,0.011865880631461146,0.08348718217968057,0.07313964967534402,0.0014143107805540914,0.030375377174404052,0.024880115601209885,0.021134668815424532,0.3564582889666083,0.1636782282207327,0.14347254995520148,0.13887763236661418,0.11037212262410565,0.027830796031664752,0.0332790646868955,0.4108453398757951,0.3646587781709724,0.2758541989075689,0.26154224288733474,0.40740652205486066,0.3471331140993111
988,Side,0.12914746543034866,0.10701983607868987,0.11604923903835766,0.0008951402403266494,0.05109957416723445,0.05561834512785566,0.05685993691256238,5.289040733066882e-05,0.7658390409319694,0.7471202303367458,0.777019522863632,0.012044533654254818,0.6008856371580892,0.7533285704518199,0.6885191362836572,0.009191447668581206,0.9864314776303515,0.9572459015138036,0.970956181407772,0.0035337308962680356,0.9705340681942289,0.9705967136104648,0.9602818569944734,0.006881754761079699,0.9895164014239037,0.8540482572810671,0.9176030428357211,0.0218005992443263,0.9957212707850118,0.9324309572172874,0.9418715318581242,0.011387312910445183,0.12426049957057182,0.020020597961148273,0.04115216813493947,0.05450503804382184,0.010105600563975534,0.03402646409898295,0.006738484405188322,0.06828504284997759,0.11719754470403006,0.04703016097356644,0.05627802602708851,0.04317919693229707,0.03336289135646375,0.5399064193919639,0.154156372268197,0.14289097340688486,0.1664264898633677,0.12743688653700494,0.05451960512447729,0.04038263753413364,0.31265499366781146,0.3160737030444283,0.2437159676102716,0.28124716634990526,0.31489086861959975,0.21910565838651377
989,Front,0.999884792569131,0.5295759591085891,0.6861002008339313,0.08727882866847492,0.9999999999416671,0.786627803177287,0.9244914324856132,0.05708864816359643,0.9993578764984251,0.5069594432141252,0.4350882543946437,0.07174623549923818,0.9999999998074701,0.7682015976639474,0.6557324024243887,0.026122961105292435,0.9986431465418695,0.37206557372169613,0.5745309693999535,0.30736807104483455,0.9999999981583794,0.5086480252942278,0.5957085263285499,0.3859154116575218,0.9999999996618194,0.43914209110572194,0.4270011037348181,0.20573966880980307,0.9987775055019691,0.41152712581470074,0.4210819019187685,0.1845458322279542,0.2188420813537282,0.08018553536269193,0.07392581746131459,0.05531644746310837,0.029999969179606796,0.03196049776454497,0.017723955301829596,0.18089066128302284,0.1117466528733173,0.06307954227914672,0.06512669120340933,0.0030711895592065042,0.03572070206187289,0.4997694478393802,0.18954919202356083,0.13756384994760998,0.12777024850381447,0.14448722935543665,0.025409452296618066,0.031946021815969936,0.21329058126288464,0.18595802773376316,0.24527051285146245,0.2396559613882803,0.032507038552560694,0.06571830665588817
990,Front,0.999884792569131,0.5346834540601804,0.6484592047590316,0.08572120994201622,0.9998833342472213,0.5225745047574459,0.6124964386542288,0.10248118077011452,0.9999999997859589,0.6799256059107316,0.6589607005214191,0.04249287546794462,0.9994224102812047,0.7822952522710725,0.6850654403063243,0.009046597054516478,0.9986431465418695,0.44852459010511153,0.4131508648751779,0.21686817313414314,0.9963167569128586,0.29244739113686263,0.2704376201333088,0.31801264163841514,0.9999999996618194,0.4847184986075368,0.6751918146953322,0.3853057472809052,0.9999999993887531,0.4134919768132854,0.4807192793276872,0.3803714423228412,0.07530072446284253,0.012920228940903724,0.02640605427634281,0.036233472442776936,0.0,0.018509864190182853,0.0,0.15698447690007922,0.11312147225235741,0.0,0.02461021032061467,0.013192978362146933,0.01584610432032526,0.30744821767127734,0.14520526554095073,0.12693570999802145,0.11636549278461467,0.098642219805728,0.026396904269383258,0.04313957111811341,0.29553284008808783,0.21404754413443716,0.23015816658034277,0.24936904232582874,0.13433118353877121,0.09073735534429428
991,Front,0.9999999999423963,0.7543057369786016,0.9541033692266234,0.047230928068793344,0.9999999999416671,0.6407709237617767,0.8056411793186936,0.12781831889311687,0.9999999997859589,0.8951883848754987,0.9559216523270725,0.01132533676761467,0.9999999998074701,0.6999415470091613,0.7506530165060561,0.05324162959195976,0.9972862944405871,0.5720655736954666,0.5824841680180632,0.17864089560952473,0.9963167569128586,0.25151340440306813,0.3469062678701473,0.39330208062816446,,,,,,,,,0.09525070242247988,0.06784140613962404,0.07786037557075322,0.06537835424356858,0.06974967986086662,0.05986443160469178,0.02821706747419528,0.17232423973041036,0.15867524029560004,0.047049771617498105,0.04406029267374638,,,0.1557768270020439,0.051737190051472974,0.0486485470739626,0.09423349221603924,0.01924314474765553,0.025474655595432136,0.02759166788721154,0.36787176755893297,0.29583899015975784,0.20586801661136309,0.16517381802632658,,
992,Front,0.9999999999423963,0.7396365363618222,0.9228405417046546,0.03990436992245834,0.9999999999416671,0.8831717327414684,0.9673689686082597,0.02593669794474209,0.9999999997859589,0.7230021597838371,0.8336898305771174,0.04123231790563893,0.9994224102812047,0.7430018834355392,0.6568748155483713,0.026622579690422477,0.9999999986431479,0.390032786834094,0.5875269332593298,0.24548134412584005,0.9999999981583794,0.37734217348265453,0.5337981216779246,0.4318077932373424,0.9999999996618194,0.24117962463901554,0.5226353902078965,0.3766510946038349,0.9987775055019691,0.22388385544985448,0.3122224299622209,0.6087237096133178,0.29060977343876315,0.13083287133274707,0.12132832993048942,0.06506275296461903,0.08620910714343298,0.029480299207615072,0.028959760776634754,0.39256123156577927,0.30581524623425593,0.0734199186663921,0.09391865890970184,0.10542239416593435,0.04646389828607527,0.4761664197901308,0.18801777598160693,0.18983813634929986,0.19824598072788233,0.19642495282706504,0.061432051450348885,0.06599977099545629,0.5181611989850831,0.5425500493638302,0.28433447583004107,0.3053273745981415,0.2685650549902724,0.17154447869984682
993,Side,,,,,0.00034999708333722525,0.0,0.002134355462331764,0.0010077260611531173,0.973886986092918,0.0026997840171166443,0.0,0.5095922135110811,0.9765113590726778,0.0,0.19088557284618546,0.5881049408418391,,,,,0.8968692432838501,0.8564427787753758,0.8679995516004542,0.021289334397562677,,,,,0.17787286052697396,0.7489357056272312,0.7035845922443033,0.02489024456637499,0.1764234862454747,0.02013068193512007,0.009458790201556586,0.05815949991164656,0.045337360815012044,0.2623718665816756,0.0858145793957194,,0.1275714567991427,0.10976156928744599,0.12479991353186926,0.08945372292056071,0.05200572855187727,0.376245246130698,0.20829569094673622,0.1931604349013661,0.16266102646435024,0.1369128303786166,0.16131450239474707,0.20062568003454284,,0.262001555114693,0.20207541973286483,0.19639159596993613,0.2534943742926367,0.23693711300112993
994,Front,0.9999999999423963,0.5560042760092645,0.7710827040239522,0.12271436446495482,0.9998833342472213,0.5579679971115359,0.7388317891860139,0.11144824181082304,0.9999999997859589,0.6885649147655047,0.7894399564173684,0.04742265142912885,0.9994224102812047,0.6734428784390827,0.665212963679829,0.028031962153730237,0.9999999986431479,0.4001311474885074,0.6150426546046399,0.4578255347025746,0.9963167569128586,0.11703660995718705,0.3346197857347205,0.4677234964421101,0.9999999996618194,0.35592493293770244,0.48783581685433264,0.3731172752223386,0.9987775055019691,0.28468507801717224,0.362036019744983,0.41481348989964995,0.3227633846763893,0.1949819578460299,0.15769035618215568,0.09715187295194908,0.07882469464595256,0.07126754202418445,0.020444479923549256,0.3050165418040141,0.3937431848047884,0.10907787134641668,0.14037768193033417,0.12146472918449622,0.0604334099988636,0.49487007264164923,0.21554902751100466,0.19203680310200838,0.17352137501707535,0.10482484738589393,0.0582446464579992,0.05445752160605241,0.30632272207599587,0.3455124225541806,0.2801556926264176,0.21916011745697309,0.14803598701361056,0.3587748586517802
995,Side,0.07534562211547548,0.06039909727637492,0.054644044257214135,0.0,0.0705244122924503,0.03771340193696309,0.04705214453111836,0.0011445866175050722,0.22624143830773927,0.5116390688437941,0.4318328801486009,0.042091377319568364,0.04004620715439973,0.47515749818307734,0.34232324917231266,0.04157517733587756,0.9579375835034766,0.9792786883961601,0.9737960691110013,0.002281791555288495,0.9834254125535438,0.9999999998558663,0.9954522379167261,0.0,,,,,,,,,0.43335759967791393,0.24612565731692673,0.24938474281639714,0.14007828744302703,0.08522018524571577,0.07063677319602325,0.026966573993017842,0.32918992089496735,0.29000612305421153,0.1419303301344023,0.1473311140910472,,,0.5286752968375521,0.17922103364953215,0.2306310407401019,0.17399845785589865,0.15653729247628306,0.04548382382455401,0.05717691561413852,0.48770547823981975,0.4933596261865646,0.29346692254667983,0.37022852417802954,,
996,Side,0.07620967741496487,0.06984202398920049,0.06484640753641523,4.259297860203485e-05,0.1234906375708166,0.10540717386797885,0.115673898174318,0.0016280073873540424,0.12970890408182606,0.5206383489008496,0.4371343239420894,0.027577513794855957,0.7762803233006775,0.3810482561290479,0.7046503604109265,0.06100049986201194,0.9918588860354693,0.9135737703719904,0.924039835866691,0.011197296011777335,0.9686924475714711,0.9534447966339805,0.9573012264089786,0.008391780442910357,0.9313493402328882,0.8773190347584645,0.8558406661773033,0.009483344840037256,0.825183373578738,0.9101626458999933,0.9020960581959219,0.008383255834859906,0.07459901913066391,0.050187427294833435,0.026177078881616796,0.008706569167317773,0.048236427848103954,0.014859177046564401,0.03641052153180626,0.03345199765942314,0.20214029936569367,0.04479572075592926,0.06371425752061304,0.09818706104995335,0.03623239225053857,0.20805812643519836,0.06957639529529352,0.05611610238537485,0.04638072598657078,0.041056024003994336,0.049851002340053116,0.063365674824936,0.24504927947996086,0.20878162326968958,0.07866469698250857,0.0929970936710762,0.16226201433713866,0.1117101705356748
997,Side,0.13381336404759137,0.11729421545805356,0.12013684327106985,0.0005327069034051533,0.1284489295847606,0.11254535719989617,0.12978600834929443,0.0015177198691375291,0.996361301156601,0.8864290856199646,0.8729854108506178,0.008181491939803753,0.9820947244932431,0.9846723387033399,0.949558408610159,0.001718883958292591,0.9999999986431479,0.9808524588877571,0.9883672487233148,0.0036331331182069696,0.9871086537990645,0.9984145285387122,0.9942076708787175,0.001381918758806784,0.9729455525962304,0.9558176942674727,0.9624031071885103,0.003321011794227819,0.9535452316909876,0.9831896080140609,0.9760270986113941,0.0,0.11463317306925412,0.07745354211386346,0.05934832498320095,0.029184802504379815,0.03351969647794189,0.04599789897994129,0.01404187282763919,0.0540858594744116,0.19678929356193,0.012676940550705047,0.07229104480682792,0.03164244587161953,0.02193674999333092,0.4625834011937424,0.19763602197984995,0.17344771151476063,0.1645368136498967,0.10783935311645393,0.024608304423469306,0.03336044612458056,0.39338342607634114,0.3700253642710357,0.34700953044315247,0.3345324347729339,0.3455945733742876,0.38091560282168
998,Front,0.9999999999423963,0.647345290376093,0.8353290723698241,0.0885248617843463,0.9999999999416671,0.5096068050377962,0.7616282605437655,0.21661958320162086,0.9999999997859589,0.6143508518949873,0.6768200226359491,0.07356655328733117,0.999614940123293,0.5864778852642412,0.5871473017842653,0.051737170900058534,0.9999999986431479,0.5630163933687846,0.7072374559472796,0.23969362997355628,0.9999999981583794,0.3924762178736702,0.5102800584553411,0.5142925204956986,0.9999999996618194,0.3835924932564512,0.5523937211119943,0.4068570368622481,0.9999999993887531,0.3498526361369007,0.6541295840166507,0.3465694789463437,0.0606812784395603,0.11059851744295242,0.1749684729031223,0.04132059883577911,0.005288187669663087,0.01973043252947974,0.009684474571205597,0.1487810994982204,0.4810962517631484,0.03280697544136742,0.04372716286588327,0.0213212105399621,0.01926817669433319,0.6430366898312062,0.24174834408965712,0.2556292222689314,0.1830578227001486,0.14147544157640662,0.039743230565365974,0.0700085124922366,0.2641541504053674,0.2844129814773153,0.43009083800757564,0.3739889800442892,0.23813386197032926,0.21131010734163888
999,Front,0.9999999999423963,0.8217721819205505,0.9430364482703577,0.02618698208182423,0.9999999999416671,0.8567009695522751,0.9728605990872637,0.025519590306248445,0.9999999997859589,0.7380609550793099,0.8556042219375062,0.053956056215842305,0.9999999998074701,0.7137754107479524,0.8195520317488791,0.052931509212426814,0.9999999986431479,0.5582950818939941,0.8566697082501539,0.17571117008327253,0.9999999981583794,0.7457480540868048,0.9381215165544871,0.14108680633125364,0.9993236384851794,0.29319034849402775,0.3529629393246622,0.17321605007540003,0.9987775055019691,0.4595568168912174,0.3298929315244053,0.11594897203179352,0.1836761066317923,0.09010357672551257,0.08342510349736076,0.036423876479585865,0.035685652357879634,0.03063137404909644,0.015521801883120774,0.14064831804609024,0.22101832919712178,0.04345487238418887,0.04930036413030279,0.006239060764546852,0.032583427903439044,0.6156857107139699,0.22277152275286002,0.1957774865062561,0.19864361375540363,0.16759599280154003,0.08679142753588984,0.07978871028313243,0.5053814547875883,0.5180968065317627,0.32158870824648755,0.35924780374995446,0.14988284163504245,0.21758345299392015
1000,Front,0.9999999999423963,0.8074593181608588,0.9350784607318559,0.026175384165952244,0.9999999999416671,0.6065671286296729,0.777970463586304,0.07648714097360178,0.9999999997859589,0.9043076553333149,0.9758089086457562,0.00598327174452163,0.9999999998074701,0.8526336298725314,0.8166794547467083,0.022422564411626836,0.9972862944405871,0.3276065573340844,0.4219606224340686,0.21942781110416573,0.9963167569128586,0.46785817231653803,0.4646319353897918,0.2310748826922316,0.9993236384851794,0.2917962466175017,0.4997594676004176,0.3538445864408009,0.9999999993887531,0.4303023686900664,0.6658947259067255,0.33890628387402455,0.14548241390272307,0.14124723037942738,0.06314936486235313,0.09306352282604077,0.03898828595897417,0.06756569774687866,0.025579379512877105,0.43106229988967343,0.3136902034508775,0.10163752656311029,0.09270318458775995,0.09639729733347392,0.04354466281052847,0.5848247091971789,0.238191166714963,0.22506708820564175,0.2129500362875093,0.17636479203295133,0.06512469843539437,0.08101255695451971,0.5138288325418368,0.518294854034092,0.4300637420225165,0.40495573367310644,0.4399912262609395,0.391885441270002
1001,Front,0.9998271888824983,0.8018173179236359,0.8483914357302859,0.01392834128086405,0.9999999999416671,0.8265421449749244,0.8925150945758664,0.020535265013088513,0.9999999997859589,0.6861651067502901,0.6336602498119033,0.04568687046248899,0.9999999998074701,0.7569656426084973,0.691938394703742,0.04469623663551331,0.9972862944405871,0.5821639343498801,0.5657310994479132,0.13320054034527085,0.9981583775356216,0.487460363146806,0.6106736182803932,0.22346675821798032,0.9996618190734998,0.5178552278265034,0.4232771785722762,0.16167788823223758,0.9987775055019691,0.4861914637609223,0.4508103531465975,0.1754876859830806,0.14414871528280487,0.026506979928344495,0.06670615877323588,0.03264034443799914,0.023589876410182977,0.036604169251826024,0.009829933506428497,0.1751718806724379,0.1680654580002974,0.008396378487632056,0.0399041189038471,0.053290687607433995,0.010112235128239961,0.2669790764545977,0.08910841737975125,0.07897167210383844,0.10794952805087533,0.07868917697082217,0.008642272554019385,0.025207379337007636,0.17825880500665606,0.12092564489829843,0.15009716722859784,0.13887125419908813,0.07729210024790496,0.045996709600007846
1002,Front,0.9999999999423963,0.808112602398853,0.868836874033617,0.03319759569363673,0.9999999999416671,0.7031705430549537,0.8187487794294952,0.07041806704254552,0.9993578764984251,0.6889848811681674,0.679276727374294,0.0319251823566544,0.9994224102812047,0.7118919269525302,0.6347785273242555,0.03671253689475327,0.9999999986431479,0.6449836064727889,0.7669710714068609,0.12802978037950105,0.9999999981583794,0.5350245026614265,0.7152802190485443,0.21476594454022654,0.9993236384851794,0.33758713133108975,0.31636129559593257,0.2715012568196479,0.9999999993887531,0.45617290683809936,0.5582766751460541,0.32033270366402017,0.24278685855155543,0.14981948553327473,0.07517897827952433,0.055349393874442425,0.05354546227275146,0.013186056606127518,0.011081914992099073,0.28018631339514627,0.08631560632983143,0.031111412755692142,0.020949426233276346,0.029990881704923658,0.024274788999536175,0.1863364309074683,0.08086114697777572,0.0842066310973915,0.09365544642463065,0.0660285137010743,0.0,0.012551767589593532,0.28458854769000946,0.26776342516377005,0.18004363046051583,0.19269896843912027,0.07316283400524339,0.103357490622004
1003,Side,0.08018433179261611,0.0311200855189975,0.04645962646832591,0.0018562449914756463,0.04946625444499409,0.0536553447115784,0.06179646421787515,0.0005697771983589073,0.6044520546651432,0.3543316534464644,0.5881894201387832,0.08334507599458725,0.5506353483730004,0.4289147236196067,0.6198490689387922,0.05409265818458013,0.9864314776303515,0.9472786884003569,0.9653986835092393,0.004038997186859662,0.920810311379722,0.939319688535699,0.9644781830406279,0.009676044095416529,0.9956036520136614,0.9355495977549007,0.9720244570566383,0.007589813950463069,0.9999999993887531,0.9878834187329021,0.9852202296756314,0.003175993691553902,0.2764645303625861,0.12160077400018776,0.11626880472368042,0.04521664567803029,0.030473752645305306,0.0508434275613493,0.00966448099059265,0.33246811929023906,0.24334150403275415,0.09202878330373501,0.11866406624957998,0.08346385187574412,0.059986214393661606,0.8465713742303698,0.3678797809714407,0.3463355477534726,0.3028317319189722,0.2882758901870845,0.13373603089900626,0.08202891108214477,0.7742953368258622,0.8839662924074753,0.6567801816858707,0.6530729622222781,0.4061422548275523,0.4471678651781363
1004,Front,0.9999999999423963,0.6915310606549749,0.9109542180535369,0.04932272650579473,0.9999999999416671,0.7039438462492449,0.8566389490313672,0.06850092168255431,0.9999999997859589,0.6312694984022515,0.8359349520134414,0.06625132829866383,0.9994224102812047,0.46418133399596145,0.33485255329137636,0.041895147667186244,0.9999999986431479,0.404459016340399,0.643332157125727,0.30446936429793614,0.9999999981583794,0.25151340440306813,0.48707114852659605,0.3381541535377029,0.9999999996618194,0.38702412864482305,0.6328609830219278,0.37070385681096335,0.9999999993887531,0.49394170936645093,0.6747117934570939,0.2655909708377468,0.13366301049407145,0.09978322880076444,0.08519245227399179,0.0886457094492416,0.31141089465178995,0.10690303696432564,0.17222094522562748,0.07693114071369853,0.10556633984882109,0.030215738486786735,0.05341623895006705,0.07726004341843386,0.025100917847987837,0.14758922745937308,0.08003032784484722,0.061322772133826926,0.15258992253642886,0.10778517218566125,0.16868104512349627,0.1697714294955277,0.20241544226729538,0.10452579957583195,0.10654246168451888,0.12553650679711156,0.02784915979116297,0.09737638978890888
1005,Front,0.9999999999423963,0.5764936452918105,0.8643717825663005,0.09530557381546133,0.9999999999416671,0.6537386234814265,0.8538404352088576,0.13456113444868592,0.9999999997859589,0.4788216942357318,0.6017441028365588,0.07802452214412733,0.9999999998074701,0.7141650970504536,0.7729015693206357,0.056634074108662315,0.9999999986431479,0.594360655659756,0.6838966638118387,0.19243706100126703,0.9999999981583794,0.6442778897889482,0.7772437499212485,0.2410467922344894,0.9993236384851794,0.4589812331947473,0.41441836327338005,0.17118807432105926,0.9987775055019691,0.4607575591681303,0.4017960607822782,0.1618759327041176,0.6410135900823675,0.21127783425960706,0.32589649154713485,0.18386948296629207,0.14593622391773203,0.9999999998178534,0.05198839317847303,0.5096033039236477,0.4218885669695303,0.17726698392229087,0.22178503936050736,0.15132444123397826,0.10018677566946824,0.4674155513730946,0.17965811634918805,0.19198367954043533,0.12452661990042936,0.05414127905608126,0.04484177521235529,0.04951380231467021,0.3444903140159887,0.4417314686131029,0.3544314456982114,0.4069960510894625,0.45848536278006996,0.39933079088628937
1006,Side,0.24297235021641864,0.122045373552557,0.12239437484034128,0.0060336085522405295,0.0807909934036755,0.0579977395718281,0.06902670230231989,0.0011020388183356677,0.9850171230768373,0.23170146386898835,0.785550228568922,0.16148974796638507,0.6189834423144045,0.7237773591788155,0.6572534604021141,0.02162382419991775,0.7734056977294378,0.8632131146408901,0.8978680164534039,0.017219346719005345,0.8692449339424574,0.9151052175100741,0.895968046341198,0.011181375766564906,0.9905309431888634,0.9077747988302656,0.9304227339565359,0.011918542582373818,0.9999999993887531,0.9080886365125983,0.935590975270636,0.016724571807844563,0.07156045278404234,0.10660372353007755,0.11105512426697349,0.5211137363759235,0.012373554922690528,0.04218203408250305,0.02575910198913725,0.1356519852392492,0.1640639735244011,0.026248784573112978,0.07334262868327768,0.014783636615262774,0.004161867708466756,0.2448989209505128,0.0963853634915551,0.09299383550667538,0.07075467114562177,0.052193781818413484,0.0428037014341538,0.05251012097733629,0.4159998967245288,0.36987838552721575,0.25347978173775726,0.2961263444596643,0.2804199516667148,0.16711350938625588
1007,Front,0.9999999999423963,0.8431523933458158,0.9691059350082785,0.021978542387690914,0.9999999999416671,0.8082802926174361,0.8963103864686824,0.046226655059671044,0.9999999997859589,0.5349172065913775,0.5809002355638525,0.07827511216953977,0.9994224102812047,0.5707605377300279,0.5243700740059893,0.08742384103404302,0.9999999986431479,0.5649836064832807,0.6555140150052587,0.23030071286736203,0.9999999981583794,0.46281349085286627,0.5259520193032721,0.270967788776169,0.9993236384851794,0.15195710454134495,0.011542060721721975,0.4057708574194119,0.9987775055019691,0.07073463594905205,0.016164380597531294,0.4152254807603799,0.15024040065652303,0.05830209826009136,0.06385593137668887,0.08507498958565123,0.09552352031695671,0.06374117582852883,0.037288866898255016,0.24126751858727927,0.29333830928503285,0.07785483556992025,0.08235785078498263,0.07419590571318595,0.03605220835293889,0.7460976106994655,0.26147648834725884,0.2708662405901585,0.19197315845316107,0.15776082862649182,0.0680928200563907,0.07401797600580841,0.7445476002288168,0.77755709783974,0.5273473473882382,0.46935457718058954,0.4881585383495195,0.438358827412869
1008,Front,0.9999999999423963,0.609039078239159,0.7776347294762163,0.06379083195567696,0.9998833342472213,0.6038903098802039,0.7382954143075247,0.0802580599046695,0.9999999997859589,0.4628629709345535,0.48061193860907614,0.09499450317926413,0.999614940123293,0.5347145547486708,0.43913312428978574,0.07427861288645646,0.9972862944405871,0.37403278683619234,0.39870721888353017,0.19232813531574958,0.9999999981583794,0.2928797924051774,0.6712124573278216,0.4798843907885241,0.9993236384851794,0.2139410187438132,0.22962514615690938,0.31833267813997346,0.9987775055019691,0.4033402466539308,0.4747223668672578,0.29326834789471407,0.2825464314556522,0.07663273564934943,0.03342284747674191,0.0958439736839865,0.06908680046405344,0.05579132789498395,0.01721029468367885,0.11333671824206763,0.07644558896109697,0.01189829246382629,0.029152286238599143,0.01930913178452434,0.031804572741127995,0.47351182175208073,0.13767106625819964,0.16158533179086784,0.08032978812246905,0.0734779497936463,0.2347874987563279,0.2584380882347692,0.3282629044477018,0.37480454008424646,0.32670925826039315,0.3029343335055496,0.1966334672343923,0.1938394547715435
1009,Front,0.9999999999423963,0.8157738448262399,0.9458014278842489,0.02921055698916482,0.9998833342472213,0.6267919814034386,0.74898364725966,0.06832345572285897,0.9999999997859589,0.948464122813267,0.9888711770953014,0.0031366954336043444,0.9999999998074701,0.6288887445197837,0.6743431745765786,0.06165864515625527,0.9999999986431479,0.6023606556587067,0.7290882240928047,0.2641437019160819,0.9963167569128586,0.21692130293788986,0.31355771089233997,0.3710682597424826,0.9993236384851794,0.4293833779700393,0.39339880734898985,0.14822622386545597,0.9999999993887531,0.3858749044442883,0.6169945727502287,0.4264423827217225,0.11617044754343615,0.07670861897404081,0.03236992716542592,0.03440424917468371,0.006801847799849396,0.03883106542846703,0.018013835991217798,0.0452184963560264,0.19498505270943578,0.009422932847335084,0.04562373114551223,0.01681120337335023,0.0,0.30857527582252553,0.08621765941737426,0.08618995298721513,0.1256982100687932,0.1126391271052267,0.06539782333130234,0.07767323504923335,0.09477986200047993,0.03616056037368838,0.17709133316560324,0.07408475531607242,0.08589575990783223,0.12282450534039119
1010,Side,0.2522465437642715,0.15257156430974156,0.18629500524810713,0.006949550861012522,0.22621478153029137,0.15317351733072548,0.1818657774509425,0.006576927599204042,0.98608732855606,0.6855651547464863,0.7819929319353836,0.03875756209078577,0.9892183286505163,0.6848087289286998,0.7744893845064301,0.053064754727041946,0.9945725902380301,0.8893114752932052,0.9335024475026237,0.015933745341474462,0.9889502744218223,0.8392908617988915,0.9081660536243773,0.025777619394852853,0.9915454849538229,0.8433243966924048,0.8899693694078153,0.018274183773252378,0.9999999993887531,0.8690099333185232,0.9454614972255535,0.019645050479047646,0.39966246548538253,0.2546726802616036,0.2094725096471674,0.13762762999165165,0.14634494583152485,0.092316412508305,0.03933786700863968,0.3310961550377971,0.3152406425935272,0.07877775039064389,0.15468092046259826,0.09823527848332653,0.047073184273285586,0.6474993812284143,0.30160729160776933,0.2587044450318267,0.19704621666807481,0.16180695663206698,0.1206988214919381,0.09959135633443683,0.693801618897272,0.7862895806653951,0.3252725145910582,0.3544344190670495,0.3591282811178981,0.34451099206682795
1011,Side,0.1355414746465702,0.09977431998457215,0.10855189613032934,0.0014706921018146823,0.19197340021046644,0.15977633691274898,0.18211749166873273,0.003520299933190627,0.6395547943836568,0.7942164626353363,0.7503713269853928,0.0071875084915957585,0.9285714283926507,0.8260700135853691,0.7898125470195994,0.024391563440962223,0.9999999986431479,0.9293114752879591,0.9572278662374533,0.009235970957044556,0.6390423560975269,0.8869991350696168,0.8997013396431145,0.013254973359338264,0.9999999996618194,0.9026273457477074,0.9216292509529259,0.017581048428293392,0.9999999993887531,0.9158388821181269,0.9659762200582814,0.018055059548785522,0.19824359900506827,0.11193186136361544,0.10038962491111265,0.047960560139403176,0.028821702945540522,0.03263013772734551,0.011213088684475604,0.21577109746364553,0.05547588915887209,0.04799691023542034,0.03886394677502426,0.07275882107536517,0.030895533381432173,0.31372922969535905,0.16191463668056305,0.12842609259385157,0.13514113053727622,0.09767478665103714,0.0456621688699172,0.07066198194852205,0.36611103634849,0.36359370275602876,0.21617224865938275,0.22410935717477942,0.1887595303474297,0.21959043697861017
1012,Side,0.11336405529300898,0.08944055112902717,0.08391062160121374,0.0004805489595888978,0.13124890625145838,0.07625959192931654,0.08147682102485114,0.0025846761252415625,0.7200342464212253,0.6468082553007674,0.6250771246356125,0.028289000252041153,0.93993068907587,0.4571020328338571,0.6502213555403653,0.09151684622183853,0.9972862944405871,0.9732459015117053,0.9897346264838561,0.0011620501436898673,0.460405155689861,0.84188526940878,0.8612205243120078,0.01805338029288257,0.9969563743669405,0.9797319033801896,0.9854408773013121,0.001246521104017545,0.9816625910870026,0.8864752755281655,0.9361587574386336,0.01364333321027753,0.14016871841155862,0.05495738953371236,0.06760301383251795,0.03416831902267505,0.0424692037790701,0.049369832383311496,0.0080083984723797,0.1154401695913804,0.19590216675044958,0.012634478773510906,0.06316097229306755,0.03425300585292793,0.019520272478220285,0.7319723996428527,0.30694517895192996,0.2711953065699776,0.20194132537708337,0.2156445157086336,0.08549064102417428,0.09513963319307987,0.5662402006267209,0.6263001958606544,0.3294969059411411,0.33741399928160287,0.33175056014080717,0.32407141464146205
1013,Side,0.14533410137411668,0.12845943698013662,0.1246641743605579,0.00018354848570182168,0.1414571545154607,0.12670275414153215,0.13887309982908613,0.0015625414689602352,0.6470462327382176,0.4656827453524308,0.4382636177438283,0.09639071209201618,0.5163650364812542,0.5199064752536269,0.4962592583855401,0.08403444817522958,0.9999999986431479,0.9645901638079225,0.9692329519022798,0.003970352145424956,0.9005524845293709,0.862352262775677,0.892623322274716,0.03053706031350793,0.9986472773085402,0.9580697049910918,0.9712200146113932,0.0043587998881277025,0.9999999993887531,0.915402248562886,0.9487877108782948,0.015851428038397147,0.15528351312692315,0.05263331652535547,0.03780361452084458,0.03788339994029113,0.04809424972878572,0.058158936740260694,0.012707151152162843,0.1600080072405804,0.13197137600581635,0.07345850533269448,0.13189397393627483,0.046485603448277985,0.04993680152661503,0.3234220187407207,0.08139577216571423,0.08057757910401592,0.07325766018860726,0.05470444149640604,0.08324532813671007,0.06148752389026865,0.20877377540272357,0.019281381574020887,0.23807946485696163,0.16928844403751914,0.14541525527959823,0.16525300155316916
1014,Front,0.9999999999423963,0.7879201804972134,0.9195343748809526,0.04131267069803413,0.9999999999416671,0.7674736779033089,0.918876065702536,0.06897838528421064,0.9999999997859589,0.7831773457653481,0.9338388520712837,0.018450248956337824,0.9999999998074701,0.6627265051203008,0.8090396788291558,0.06528840069196816,0.9999999986431479,0.37678688519648695,0.8292331065451845,0.2435956993174118,0.9999999981583794,0.6096857883237696,0.7891145528443664,0.22221799950544627,0.9996618190734998,0.5272922251445262,0.5970090012918003,0.16773409028345068,0.9999999993887531,0.30782665644494855,0.34530595534029973,0.37942875964993195,0.19461917269277645,0.0714872729366104,0.1618030903327978,0.08876035501926101,0.10698534437134559,0.07720475725513863,0.03970975738614865,0.2533594436418575,0.16905875048505606,0.00413031046509128,0.1052613365666485,0.02249207827304391,0.03064479190499195,0.23386666080503812,0.10305543540952157,0.0788185894173029,0.08860408973785558,0.071287459014682,0.05924161073528835,0.05247969506843663,0.2266406666742885,0.3143404135629421,0.16557095414539805,0.20677009095143867,0.10735849068636082,0.2001958814811894
1015,Side,0.09838709676852608,0.06461575008524673,0.07734812731473646,0.0009642601690354252,0.067957767014644,0.04723097971285283,0.06959749798652315,0.001447085682303605,0.9278681504863294,0.7903767698109925,0.7886032387083199,0.014753135798341909,0.7164035424111662,0.764824316375604,0.7250213167059405,0.01031607771164047,0.9009497952497304,0.8704262293940422,0.9268728650346761,0.01878163531631799,0.48618784440849594,0.8754684345812238,0.8791643364433086,0.013797342816697958,0.9999999996618194,0.9623592492265565,0.9898793831419298,0.0020834034847014055,0.8649144248991961,0.9114725465657163,0.8930160704082183,0.00971157030787958,0.18206973033599877,0.1643608471771606,0.12783811656090538,0.08690307195436167,0.06776625209173938,0.03845801992512158,0.027044049156191737,0.17041706897319164,0.17241804003458389,0.03919845857192638,0.06869425958638396,0.0697730851491152,0.08001460175828973,0.25651985390255216,0.12031759708230669,0.11488258462407067,0.09595733296356511,0.08582298104485875,0.02784171864198927,0.03230146504985427,0.3690753657973973,0.3037860757702054,0.17479162827939967,0.21201506678390708,0.1550020790603652,0.18749570874427768
1016,Front,0.999884792569131,0.5625371183892067,0.692648172168708,0.04693098318730726,0.9999999999416671,0.6736660519496955,0.8233455238345209,0.07454132399643626,0.9993578764984251,0.5285577153510583,0.48361275437486084,0.06195734186546681,0.9999999998074701,0.7013054490679154,0.6779069793732049,0.044065680267542914,0.9999999986431479,0.3205245901218984,0.49867218404362607,0.23477074808377682,0.9963167569128586,0.514845776806739,0.5401634745767624,0.16223801322724574,0.9999999996618194,0.3364075066663369,0.6509581510442553,0.5875369429745801,0.9999999993887531,0.1898264381410516,0.5167738815502493,0.6328351935702976,0.09781011299705829,0.03038863356543237,0.004782474353735874,0.045152289194717164,0.04629166267746454,0.05630746758707398,0.02436251555462606,0.22451298010526446,0.2057478236781391,0.015704307123224508,0.03291759239240859,0.0381589528102798,0.010682466977517886,0.33983545630562595,0.12401346358182593,0.08808074297886151,0.08718193597667276,0.0764394187477723,0.052950149197907505,0.04698442322027548,0.38048329503591977,0.3517563029264799,0.18930256707839455,0.21514414985074376,0.13480633717656726,0.13411493334223326
1017,Front,0.9999999999423963,0.7402304311236352,0.8675473386823036,0.04712826064820901,0.9999999999416671,0.7059068466655221,0.8802853483559077,0.0706531396825296,0.9999999997859589,0.7625389968345009,0.8188029320804987,0.046285923039667276,0.9999999998074701,0.6961096317012333,0.659603954622959,0.04172198456379426,0.9999999986431479,0.418754098305737,0.5133153174916327,0.3468066415917708,0.9963167569128586,0.33756125679769944,0.32157603547084723,0.3245619250474614,0.9999999996618194,0.23474530828581808,0.5461842243884079,0.6235262391665425,0.9999999993887531,0.2218098460624593,0.4801366915578421,0.6208085208469056,0.17218848274412546,0.17118357264002437,0.08811173330945685,0.048953698288858954,0.05335977134549027,0.044036089525539335,0.01766066354831168,0.25731007893795294,0.1724313561256326,0.03585315525084949,0.08899603119774617,0.05641052013295941,0.03114903698594946,0.545216148433872,0.2598570836448998,0.24159226687902824,0.21090628295497701,0.18266803037835383,0.048206375159384404,0.06892791140382779,0.6948553656375133,0.7129821555375645,0.38979812097041766,0.3709231066461125,0.3400507496009425,0.3251069513086005
1018,Front,0.9999999999423963,0.7135645563182347,0.8526011535248658,0.04644889963431787,0.9998833342472213,0.652132532231745,0.8016778356362996,0.09898871177991848,0.9999999997859589,0.8099952003353735,0.8088866976203812,0.03076412426987212,0.9999999998074701,0.7231278820079803,0.6639085207966294,0.042406418971904454,0.9999999986431479,0.636590163850939,0.7754499947145379,0.22731469455464387,0.9963167569128586,0.5504468145646518,0.5327932880279094,0.1659308758712293,0.9993236384851794,0.4574798927123346,0.5410378382350217,0.21786094365194938,0.9999999993887531,0.5418622420541577,0.6672922276547586,0.33211524135947806,0.07503287090035494,0.03724643764010131,0.024443806244288598,0.0956978834660268,0.027607556294759503,0.024982548688433335,0.010472954206520729,0.011244002256685157,0.042642330336450235,0.016174362548952097,0.06548302396747079,0.04814111553160218,0.033858860213493845,0.26774802633911576,0.06870805863257166,0.10002043915723646,0.09062782199968897,0.05793087603139664,0.00832463489594204,0.02543540561094427,0.1994611371643785,0.12000884815900037,0.20067640834960263,0.2354603794147344,0.17360003588195477,0.15035128792435512
1019,Front,0.9999999999423963,0.5906283406229583,0.7806828059674784,0.06514504772036848,0.9999416670944443,0.6990660876391013,0.7994351255973102,0.06415290368969476,0.9999999997859589,0.6603671705867309,0.7083463990567137,0.05801676500611818,0.9999999998074701,0.7929466778727708,0.8345957860150034,0.03152265778089732,0.9972862944405871,0.3965901638824143,0.5011968853085681,0.1399038289638943,0.9981583775356216,0.3365523205049652,0.41883073732978543,0.2532454129001865,0.9999999996618194,0.604504021382895,0.5975364832029176,0.15923845036367257,0.9999999993887531,0.44416548406897005,0.5542047856716686,0.20601365991741677,0.2046259151539283,0.15763258557298346,0.166083661875306,0.05471145382341401,0.08680685388408395,0.040618906635727696,0.018514505027670786,0.37945485186642225,0.24308045812381612,0.09651850856675356,0.1238658479045904,0.06820209385030065,0.02975954797942501,0.47963941029608,0.19600853140452157,0.15677645135014193,0.1833470780888242,0.14528088408411005,0.034241549551940004,0.05965165443843951,0.4287545464796069,0.49869933408278844,0.3540833836270303,0.3406635546292547,0.23224407625682833,0.21141629973447534
1020,Front,0.9999999999423963,0.6180662786187155,0.8066880431653853,0.07046851909728268,0.9999999999416671,0.5491642376688379,0.7623224310461886,0.15716908627787446,0.9999999997859589,0.5675545955982988,0.5326950733022271,0.08325674153997385,0.9999999998074701,0.7417678768109522,0.8146539525282891,0.05916345332606585,0.9999999986431479,0.3164590163519399,0.5231017484968925,0.34336414117150976,0.9999999981583794,0.40054770821554525,0.4351694562979294,0.4321035352721269,0.9999999996618194,0.20739946378472918,0.4310067062375674,0.45779339780098327,0.9999999993887531,0.5725357493098423,0.6570574919543208,0.34545537802625426,0.2602766106822165,0.13334609101426023,0.15583741526585562,0.08186262557637435,0.15120826208051183,0.02531907058593695,0.03949212143738817,0.294569478532993,0.35933185738057644,0.11708111583075766,0.12425345515836628,0.16074733278585301,0.06391823971871535,0.721410157477126,0.27005758723631784,0.24395650705609984,0.19334059629162728,0.1283652281867287,0.051094210940395984,0.06349342042532073,0.6817010362179288,0.6620213331496898,0.5223435160973355,0.5095366950095271,0.4019776520615437,0.292107832134348
1021,Front,0.9999999999423963,0.7351823256482253,0.9459422048127665,0.05098263117731643,0.9999416670944443,0.5294152637838667,0.7315403494689867,0.08469725382913842,0.9999999997859589,0.5980921525919071,0.6448994119339708,0.0510577424730565,0.999614940123293,0.5719295966375314,0.4830087734862782,0.0425624602945559,0.9999999986431479,0.578622950743787,0.7075525796023797,0.20555441882224615,0.9981583775356216,0.3535601037253447,0.43818884437866046,0.19738683465997192,0.9993236384851794,0.44675603212367226,0.4574875782655446,0.2608722545882686,0.9987775055019691,0.41272786809161366,0.46590024717672934,0.24943999842451012,0.23064651709244036,0.26370630404981465,0.18356010777472975,0.15204369225785483,0.11817789301030247,0.08755790634922547,0.0424372083404835,0.5314588353185011,0.3755144196659338,0.10367675473161173,0.1596514036382851,0.08444269320429953,0.0800135516303021,0.7644444197097117,0.3535867505761117,0.31576334562831326,0.23911686204507795,0.17295303471040474,0.05495338741789571,0.08581866416251767,0.6302172407663913,0.6203650833565376,0.5258957755049433,0.5630795307781012,0.3237868118063752,0.2115255129814515
1022,Side,0.109965437781684,0.10814823612613444,0.10589334583197191,0.00020871600605228572,0.13317389020981307,0.1296769971964977,0.13775118817723345,0.0009629025488475128,0.9038955477517344,0.7561795055941817,0.7714453598483308,0.03373315563579709,0.9824797841774202,0.6766253165761754,0.8052645753144698,0.05580100628234704,0.9999999986431479,0.986360655608346,0.999999999822644,0.0,0.9999999981583794,0.9672816372200516,0.9999999997879596,0.0002198028512616732,0.9986472773085402,0.9552815012380395,0.9926548549341726,0.003631289114450572,0.9987775055019691,0.9829712912364402,0.9982744584265785,0.0002999679021439627,0.13160093256871697,0.04364241761536394,0.023028179066418478,0.04777055865541388,0.042068060443383404,0.04043822913278333,0.027156401620977322,0.029099940418928452,0.04174391904213592,0.015248910875873321,0.07383460465676264,0.06763719906692318,0.02626489507658276,0.3978019504645872,0.18711897417839313,0.14987064411109527,0.16301130530567118,0.12963333065462257,0.036051205363305576,0.048687694862164885,0.36057658365581285,0.3558426202676527,0.3707882679670288,0.32574452002228077,0.3068458678659129,0.30588127157687633
1023,Side,0.16065668201839536,0.07857227698785056,0.09620197896380701,0.004176424321454489,0.13976550194599746,0.06799119623651233,0.1022049554856403,0.006081367050293178,0.9576198628087288,0.47930165583877476,0.7322272298698378,0.05084891824865438,0.9690026952312275,0.4105345196849688,0.7518353870083404,0.12830264477804956,0.9769335129213945,0.9727213113478398,0.9902295630599037,0.0018660787037901119,0.9944751362901009,0.9534447966339805,0.9708935007980889,0.007519000605065409,0.9908691237771828,0.9491689007025019,0.9718597187845819,0.00616690917383489,0.9999999993887531,0.9720554523554137,0.9885852854844072,0.0014771379739656994,0.39355932625127377,0.13788309583366876,0.20953209096516123,0.06329938376763108,0.15449347935837018,0.023186199156705705,0.036010828062924244,0.21156376565257232,0.2933419970303911,0.039821962364639106,0.07571840261162424,0.10983859390621267,0.05007548908048295,0.874236192301152,0.3809199307689802,0.3681683753363314,0.2367409235305408,0.23471944425218633,0.037436548235638,0.05415731952053061,0.6697180454558104,0.60315965286646,0.49932875375570673,0.4285481427802876,0.317584015367414,0.302037598944871
1024,Front,0.9999999999423963,0.7280555885064701,0.804397496685545,0.05231731423886429,0.9999999999416671,0.8137528998385728,0.9765708145237122,0.0298378963758213,0.9999999997859589,0.6148308134980303,0.5698229844758924,0.05192802415489002,0.9999999998074701,0.9521335324444934,0.9396108883013705,0.01618109996786747,0.9999999986431479,0.4982295081313796,0.605183751963031,0.23720308624955846,0.9999999981583794,0.6893917554497849,0.9197632694855122,0.20022780256727907,0.9999999996618194,0.5786595173642186,0.6656982346388303,0.1402657981676324,0.9987775055019691,0.6433795436477047,0.6316901074068519,0.16684534289772307,0.3322025714113873,0.1268577088820983,0.1318857409141681,0.19081139685930867,0.1613759356323536,0.08497820242911447,0.038852210239444615,0.15228085686023163,0.26357815993096084,0.058969888637066974,0.06834127091342458,0.06277302482352684,0.07576695446717006,0.4831686776374358,0.16860947220295594,0.1484718698036065,0.1617417273293474,0.15762335777932798,0.06843961678366478,0.041863521556283805,0.4251319954431294,0.5457369159418637,0.3183338495273689,0.3045314149527823,0.3393258047098243,0.33142826431176503
1025,Side,0.09164746543250878,0.06752583441813007,0.0706920183265829,0.000687868533412755,0.06533278888961483,0.06906192373629992,0.07125766791016531,0.0002716822307995113,0.5496575341289262,0.4807415406479036,0.4097152631826395,0.03777257212610782,0.41124374270095393,0.5564720399716521,0.48222715204787536,0.04383795244306378,0.9959294423393086,0.9720655736430076,0.9775189389681571,0.004494189472674185,0.9392265176073155,0.9342750070720273,0.9545430679445999,0.009476992148858774,0.9999999996618194,0.9999999998927614,0.999999999834294,0.0,0.9999999993887531,0.9819888657371478,0.9926296861334021,0.0027028869244066383,0.08065210964472533,0.023390330631566713,0.0,0.040400925138726056,0.0272041993358905,0.027501656236560753,0.01890213097214374,0.15218085867519457,0.10625684194732192,0.014307501630685615,0.039550333438459845,0.029824356615274803,0.026511515672329768,0.5027568871029093,0.13899355479243822,0.1432945766127412,0.1333407658946682,0.11295844712840664,0.05362525547174228,0.043934873920244054,0.4744479673644598,0.4455577226418378,0.19272489072449273,0.10706760357208246,0.1290735930431071,0.20269715034903582
1026,Front,0.9999999999423963,0.6978857346063734,0.8894314843459313,0.050514398338077214,0.9998833342472213,0.6268514662645379,0.7895993199691734,0.08107633197170207,0.9995719175942694,0.6328293736121412,0.551891012434033,0.0416901515323259,0.999614940123293,0.6296681171247861,0.6332999283539767,0.06642806650929228,0.9999999986431479,0.3660327868372417,0.6615134236875065,0.4694024165821368,0.9999999981583794,0.14413375610491008,0.49243740190280055,0.48749787113533194,0.9996618190734998,0.28439678281132474,0.4325861535799641,0.39718358082537675,0.9987775055019691,0.26732889419634,0.23549167015549902,0.4889964571114626,0.14340450617876666,0.09551761704856389,0.10047415698365263,0.03818669476104577,0.025967642296648875,0.024700777037251223,0.01041217001685556,0.16852633042775764,0.14388787064947958,0.02488287257292679,0.08246890374528129,0.037925717538813734,0.0417326545091893,0.3939071467097426,0.19840635068146506,0.20821946298336347,0.14740730000904811,0.1503317008246429,0.04225484985427957,0.039904572834418284,0.5092149975280256,0.3908274537378452,0.23711000452617786,0.2869989995566746,0.3084494022616152,0.2591751435846817
1027,Side,0.09360599077801808,0.060339707800193626,0.0697649414839935,0.0015350119987203386,0.14915709034887958,0.09345071678701738,0.11324655286590078,0.0034403562059471633,0.541738013582676,0.6649268058156391,0.6121213143301798,0.017980265592046688,0.7296881015152701,0.7050074689416764,0.7068447771206504,0.022645606560465038,0.9742198087188337,0.8948196720137941,0.9253252427656595,0.015767621770815036,0.981583791930786,0.8957912941920165,0.9082204667552783,0.028986397957103005,0.9976327355435806,0.9162466486953087,0.9754863496541096,0.007463570770962684,0.9975550116151869,0.9832987664028711,0.9892936434664209,0.000987154767765382,0.3206022173533729,0.19457154864751405,0.20483233504855938,0.11315996258150465,0.12358029237277657,0.0693487656478015,0.02327442696449917,0.6309992134100258,0.6883944040800001,0.14513367262917654,0.16813492682224052,0.11542942805584991,0.08559242066819016,0.5796367245301084,0.1995747595383034,0.19496041030080885,0.15684249151112017,0.15670101062962385,0.059242581378876176,0.06978229935960809,0.750211297916571,0.847040992963749,0.4009409277882052,0.4051989970937291,0.2590364195051265,0.27569915199231954
1028,Side,,,,,0.0,0.0,0.0,0.0006071202678023269,0.9903681504729522,0.05705543556173173,0.024398578095417935,0.5951412646090785,0.9913361569134895,0.0588426316776747,0.0634990545879844,0.5940495693383953,,,,,0.0,0.6882386854009459,0.7579558752403008,0.03765741469725777,,,,,0.01833740830175043,0.5068223992460623,0.5491982954675865,0.09576727446455066,0.12963483855163563,0.03135808422283552,0.020811004392312482,0.05688568177998894,0.0441088089786304,0.23541423390722993,0.09901960692421514,,0.06748793310845821,0.0923485895641962,0.10770177976170243,0.02229250690755416,0.014517471819060808,0.3035486936411277,0.11438443247373314,0.09961715271651922,0.12705812806785194,0.10257850807899882,0.28500856367043265,0.28498254276845997,,0.3322002319810603,0.15567622978297307,0.1493182913207102,0.16012680745013208,0.15109554851314516
1029,Side,0.021198156680806556,0.013600190045516084,0.018707787008408076,3.703617169680625e-05,0.0423496470838039,0.012194396525358727,0.040573523582939024,0.0016865694953362984,0.5246147259151079,0.42560595149834374,0.5298405537740072,0.07961814346889351,0.8561802077673892,0.7320257192484233,0.7068674741593237,0.027398488155666832,0.9891451818329086,0.9694426228236795,0.9701351543004507,0.004140213109955864,0.9300184144935214,0.952003459072931,0.9703931445793625,0.0048153913398547785,0.9999999996618194,0.956032171479246,0.9666911594736738,0.00545590176255323,0.9975550116151869,0.8923698285239198,0.9462641155418302,0.021065709095853875,0.15266572718979626,0.1031778920649488,0.10167973912218883,0.07838922058262442,0.038651100050623846,0.045077043557723184,0.018322299688463804,0.13318457109495666,0.22563434284126585,0.06013243410676815,0.060733613679745585,0.09611563645246009,0.030713478677101044,0.5512381747422677,0.2560308073337537,0.22143292612320056,0.21052554551437497,0.1604562395444796,0.0001835207898940491,0.024013947312256863,0.27531655947757755,0.2585312856669109,0.20552084194061557,0.26758752770998806,0.28860630781940605,0.23636757020526925
1030,Side,0.06676267280721412,0.054875875991514673,0.05281852961459891,0.00027593730064535255,0.036866359444854085,0.04949140443462664,0.048270065175770246,0.0,0.6733732875271035,0.6570674345658106,0.6583524219729551,0.019368868790556344,0.5810550634229776,0.7048775735075093,0.6962612267873317,0.01829191333852892,0.9715061045162728,0.9999999998688526,0.9828716303778755,0.0003652654721698303,0.9871086537990645,0.9214471027786901,0.9498393172304284,0.010431524671253571,0.9641528572999144,0.9215013403837533,0.917043992994181,0.004315494263333184,0.9908312952378778,0.9806789650714246,0.9941565329030938,0.0024920816353013143,0.1765330292495056,0.03616582644103001,0.023926524364165404,0.02711207507889695,0.010644437532454473,0.038030237174472056,0.0310012176612534,0.09649369882621198,0.14300430649970186,0.02010953322526297,0.04767159748065377,0.007122860790311249,0.006219545637279289,0.2788117640829164,0.06619575325664794,0.06026800113907598,0.059082608306301375,0.04259434919399971,0.03811163077437286,0.034567030212976455,0.1671373819695648,0.12620319015861087,0.03323364986554015,0.021499180407828167,0.14898824315063205,0.07689618280312871
1031,Front,0.9999999999423963,0.7343508729816872,0.866913017909362,0.05025921277209279,0.9998833342472213,0.7276188209667706,0.8614514332145539,0.031097045393398158,0.9999999997859589,0.6624070073996635,0.7303417600671355,0.07235903093807329,0.999614940123293,0.8013898810936293,0.7670069303488803,0.01775791399747814,0.9999999986431479,0.41350819666708105,0.721579892991088,0.36792470701834223,0.9981583775356216,0.52925915241723,0.5150627476346051,0.14610645011699505,,,,,,,,,0.1851790130196783,0.06815971641984724,0.05242933061520021,0.03460860661371103,0.014540151797468353,0.018116584045002354,0.010071067492433857,0.07227906049200211,0.2823391324349416,0.012108826487990162,0.050998470207617594,,,0.24494407737107213,0.1040722411321097,0.08302428309945857,0.09096335645259143,0.033337313304754576,0.018109647046737287,0.03130213007737937,0.26454439494753357,0.2564632548496261,0.16697585177894023,0.1806080867307967,,
1032,Front,0.9999999999423963,0.8084095497797595,0.9414089520149252,0.030451225287856553,0.9999999999416671,0.7134614240251346,0.8193983913087187,0.0825278762320693,0.9999999997859589,0.7460403167298991,0.7786615507258414,0.028968994539261234,0.9999999998074701,0.9043969603881017,0.838271816792646,0.024368796789926744,0.9999999986431479,0.3202622950399656,0.5147891700429575,0.4208925400715671,0.9981583775356216,0.3104641106499764,0.3483200616106239,0.41082505365113103,0.9993236384851794,0.2969436997000596,0.23959463425677788,0.2522390051196399,0.9987775055019691,0.25313830365100554,0.3059152886780714,0.5805988436283809,0.30478074346878636,0.24347405515262974,0.2766424603670166,0.14608012021617056,0.05979872193714186,0.06882628295512691,0.01563688682579561,0.2278333442346621,0.3917186332299076,0.0851844711779156,0.11537613829824704,0.068801372783896,0.04504595057752489,0.5136326316025422,0.29883215530110085,0.24828778883280228,0.18853780520662564,0.14351410372586731,0.06211953162324212,0.06800808251665144,0.47573314702802655,0.672064346809613,0.3330230196289278,0.3084946731038001,0.2666747561541454,0.3618266826875752
1033,Front,0.9999423962557636,0.7279368095541076,0.8079646051629055,0.04661480901686092,0.9999999999416671,0.711438938747758,0.9036668329217985,0.08399268903432872,0.9997859586901144,0.7585793136093965,0.7961697510879184,0.016219821900664465,0.9999999998074701,0.5973241540171901,0.8314267516344774,0.10131518903455664,0.9999999986431479,0.46019672125112193,0.5979780145030146,0.3131111954563475,0.9999999981583794,0.23998270391467538,0.4653610652437334,0.6626590707341048,0.9999999996618194,0.26884718495776433,0.49113221030617565,0.575765568444118,0.9987775055019691,0.35225412069072654,0.4829104648510905,0.4851271343271733,0.19457146131441203,0.05945711631825339,0.08133594886632427,0.055220939265041936,0.019371749834676804,0.027529155016873228,0.0016270136636030717,0.12435081170653595,0.02663807884208374,0.050972185734154234,0.04377092632204271,0.02104683859008477,0.023225420311877732,0.3164628866643574,0.12348976537152254,0.1373343564076863,0.12858734402858024,0.06947222250459854,0.025390436951015644,0.031589998720674535,0.2883353883807964,0.22265102824026434,0.12198184831974393,0.09939950888484511,0.14461835045297194,0.11436083563210273
1034,Front,0.9999999999423963,0.6590450171838077,0.8522328040077021,0.08322048035774869,0.9999999999416671,0.6944857533344544,0.8800658031513258,0.04552980779657271,0.9999999997859589,0.4242260618895952,0.5763312813993413,0.10138754456296728,0.9999999998074701,0.6581801649244541,0.7643171350970258,0.06415387544951447,0.9999999986431479,0.5853114753330739,0.8860421608516824,0.17051053362877516,0.9999999981583794,0.5619775150530444,0.8632777737576071,0.26239971817509816,0.9993236384851794,0.5764075066405998,0.518886754003816,0.2225486082464182,0.998166258558578,0.25488483787196975,0.33556746002020477,0.2946199743345236,0.061542899648972624,0.04434961664908904,0.048189346863674036,0.030902492541322484,0.00666708442177196,0.032926414902084485,0.002889599463330455,0.05475673608599759,0.11739772145126721,0.009904419691329793,0.017153166105573065,0.021022381464674663,0.007425979583531983,0.1769321455633388,0.0,0.012570714252726468,0.0455601946777334,0.028115317559878117,0.01854653447017013,0.03171032942570695,0.07203334471636079,0.019966772707653367,0.11326801173662816,0.043510615362919954,0.05630673088763455,0.08132871722346784
1035,Front,0.9999999999423963,0.6735954388482245,0.7960693179921874,0.04770306194943024,0.9999999999416671,0.6388674082065987,0.7939485580249026,0.12605628366874003,0.9999999997859589,0.6865850731529526,0.7746718818912278,0.05071283722910443,0.9999999998074701,0.6822757679624423,0.688977143803372,0.05432323906672786,0.9972862944405871,0.5561967212385317,0.5038749219910685,0.10260941187058956,0.9963167569128586,0.4922167770982682,0.4823517666716329,0.193533905974292,0.9999999996618194,0.4235924932521617,0.8081760071737635,0.2796712682880851,0.9999999993887531,0.6759087435131637,0.8297998070106434,0.18331310379414426,0.16906372117555887,0.11255319944860871,0.08071671051912695,0.08124923397229619,0.050723199778128995,0.05215209257643813,0.014440233960342478,0.1194574282711413,0.22365515197867913,0.05615149793449944,0.04956941173143875,0.07882305862966615,0.03492474384920659,0.4929699391086552,0.19385243791334217,0.1928630298484349,0.1856039234233385,0.14776282674707933,0.03021706652669605,0.03237590166148326,0.5096733358693519,0.5101199541078686,0.38966307490580526,0.3815366907464624,0.3062930291752103,0.3366723633070484
1036,Front,0.999884792569131,0.628875163283711,0.780843865602295,0.11627041713492389,0.9999999999416671,0.6645648682015011,0.8904723538417625,0.12480296744548626,0.9999999997859589,0.6450083992893563,0.8119818155758506,0.05200459996588014,0.9999999998074701,0.8777034486667724,0.9398715527802504,0.019876223373934562,0.9972862944405871,0.49809836059041335,0.595733827347198,0.42258763246476533,0.9999999981583794,0.5108100316358015,0.71857441822814,0.6004358314481247,0.9999999996618194,0.771045576324821,0.8057286155307005,0.11198043121137037,0.9993887524453618,0.6236218752730466,0.6131212406415474,0.16420395676527783,0.032948612768924995,0.05651152618439299,0.04031109984585787,0.0,0.026791613381586515,0.0064696603494152185,0.005224761208086985,0.06838921027077176,0.19837459661999837,0.021139712364837762,0.014523186005108955,0.0,0.006691617101693891,0.17425828168949264,0.026187416980518685,0.006955612239599078,0.0,0.0,0.006952763186787539,0.0,0.3726072110040482,0.297564026555274,0.11181223036749856,0.09930633815606689,0.04499865151046685,0.06343996000478151
1037,Front,0.999884792569131,0.4990497683514046,0.5737479166576305,0.07433657605671443,0.9999999999416671,0.828743084835599,0.8681541800485584,0.03748587799367473,0.9989297943067357,0.7423206143063162,0.6112617093765763,0.025633150544198645,0.9999999998074701,0.5705007468616938,0.9335904402195874,0.08935979529802757,0.9972862944405871,0.4441967212532199,0.430848267814603,0.20484731123650396,0.9963167569128586,0.394349956703034,0.4444265605263366,0.3146179871074332,0.9993236384851794,0.6109383377360924,0.5977780471193845,0.08353764702173092,0.9999999993887531,0.48291671209661424,0.7591814730271246,0.3538609071804041,0.1719730405982806,0.17424954023217393,0.1546993949300033,0.3808595525576695,0.26847553125107304,0.32535508909611266,0.11200937745422901,0.22118579325895465,0.35373108577003576,0.26966108268682354,0.28840740911152507,0.6131252298344564,0.41089381124979435,0.2736144994203241,0.11750833390220933,0.1360673516288535,0.503380926180963,0.4735214414730491,0.39275072461262334,0.37657180877106855,0.30930041076482523,0.45241676528327907,0.20396619094070015,0.16295450830112843,0.22552743516708879,0.18127764113280212
1038,Side,0.8394009216106336,0.046501959849952375,0.4301607903952438,0.41475373331426546,0.8663594469540711,0.09154720123183943,0.46858809422109504,0.6479444199757651,0.9586900682879514,0.7290616750222544,0.7231839487154896,0.05988096409656832,0.9778590679672969,0.7145547833529547,0.7360834158183653,0.0814387716757186,0.3527815463327242,0.8306885244812213,0.8392444201806395,0.016819628999986753,0.1473296498207576,0.7193715767196064,0.7146532770660537,0.07301096738160116,0.9983090967202197,0.9235388738955992,0.9575675046191869,0.010336830331411428,0.9859413196907455,0.9863552012895584,0.9827679179125605,0.0017159004907758323,0.11072382473343963,0.08276615708999611,0.09258729770723902,0.30643104103309465,0.366561325177104,0.39468851962075374,0.1740748271901505,0.0690516578476359,0.11295140255395043,0.1555380372632865,0.37503906516662544,0.34572091292494406,0.30542044478132746,0.6096987989481841,0.23153438127169235,0.23954250909861366,0.7537339716110196,0.749410083005348,0.7081526884013696,0.7030934733043374,0.7073939725776436,0.7524617170660868,0.4361788438556765,0.40473150748316455,0.18380729933847362,0.20277073102257817
1039,Front,0.9999999999423963,0.8290770874908494,0.9122262819011904,0.02137741407718468,0.9999999999416671,0.6850276604196639,0.846046440064011,0.093933688251422,0.9999999997859589,0.5843532517048025,0.7009739253993249,0.06217941937463259,0.9999999998074701,0.7826199908564901,0.8889904457315749,0.05717118083942347,0.9999999986431479,0.6242622950000968,0.789482618547056,0.24895221039590576,0.9999999981583794,0.5540501584672746,0.6478607704406991,0.20560148380146548,0.9996618190734998,0.3939946380274536,0.4936052296113681,0.2646804700211969,0.9999999993887531,0.4906669577021432,0.6694516297560978,0.42851070099804905,0.11478956396983049,0.10280762310793295,0.07464516470865089,0.41055229147044214,0.2835739816337395,0.44767650677055937,0.14743010900760697,0.38641836409112784,0.08203590469042006,0.3835173230444117,0.14467189671598052,0.45999633610427315,0.22181655845285445,0.5747117126326361,0.19436593729320825,0.1513637632388933,0.6563382902871402,0.5895368156997389,0.6051627214377867,0.5986750428090553,0.3386109906475323,0.2631248564675089,0.1718158470202704,0.3767204419071637,0.07426602861306636,0.11420400020393885
1040,Side,0.8282834100905366,0.05119372846827451,0.39136003009945025,0.4014310951541219,0.8511929066761248,0.07292843970775513,0.42736853789315365,0.6918193827253459,0.9828767121183909,0.08507319413936446,0.3785180044039184,0.4469336176348889,0.9999999998074701,0.07982074429565365,0.43848040738330374,0.573725383167332,0.9674355482124336,0.8742295080820683,0.9054406164903678,0.02908367121389112,0.9244935526252428,0.8016719514555102,0.8215259258197237,0.04852582742111511,0.9999999996618194,0.9000536192064287,0.9330664487487277,0.017161237227412942,0.968826405275779,0.9303569478298924,0.9628134832911721,0.010667191230672191,0.06538150000006424,0.06889263573423252,0.07528502736498227,0.27079216744920415,0.26424757703298357,0.6155984427784588,0.08995336856258894,0.18826310085246398,0.2569540415691561,0.15298531441258176,0.1795610650811643,0.4420511132727542,0.24088236625079593,0.4605344908819666,0.19381294667315252,0.15183263819461262,0.6128640948218733,0.6192837560726073,0.5219500383383737,0.5372880719589908,0.6155496227212451,0.604354497828611,0.3227318208374816,0.2886261321842078,0.4270124686449128,0.3323726115895193
1041,Front,0.9999999999423963,0.7218790829836157,0.9123501017599055,0.056368475104788957,0.9999999999416671,0.8249360537252431,0.8880849159407234,0.028939726077449615,0.9995719175942694,0.7282817374173096,0.6898549189811023,0.029518037355554597,0.999614940123293,0.8324348898595547,0.6979584733246006,0.020829064788314557,0.9999999986431479,0.5864918032017716,0.7561091068474342,0.34752035457730424,0.9999999981583794,0.26506197747692967,0.43623713255398405,0.48612124696483044,0.9993236384851794,0.2505093833511518,0.3199396202243307,0.4777902713450996,0.9987775055019691,0.4297565767460151,0.3978185235731828,0.3767422433699287,0.23889424166757134,0.15086165148524427,0.11816447128010081,0.38349331775173623,0.36438384032501464,0.46455388765198863,0.19699149605688646,0.1329065781948058,0.22960670442903888,0.38340167676812575,0.39402195852245914,0.5938321917587908,0.3866943096145114,0.588745207768545,0.2842233370798277,0.3026335875771674,0.7189929384372419,0.6749449725182362,0.6918654001346627,0.6533019268012836,0.7035265354660257,0.4648695067484042,0.4880527704257222,0.48662513924093265,0.22022415800063055,0.366545377015766
1042,Front,0.999884792569131,0.7690343270715623,0.8606132059470535,0.03402504033823832,0.9999999999416671,0.8499196953869537,0.9104180402335663,0.03700130539601957,0.9995719175942694,0.7495800335523409,0.7117750492407958,0.02556781903272944,0.9999999998074701,0.7399493407326134,0.7018514773036183,0.043477211827880835,0.9972862944405871,0.39186885240762387,0.5074046790037676,0.33616648271867483,0.9999999981583794,0.5795618332978434,0.8670720240041444,0.2776855450758061,0.9999999996618194,0.4233780160403883,0.6261775074043067,0.18985281691116065,0.9999999993887531,0.695884728665442,0.6863496645358007,0.12772052877360557,0.2581773800066023,0.1148811245193063,0.12198660913933994,0.4350325368380108,0.4421932985551314,0.4434645012205716,0.19451979025824412,0.11215688581594295,0.12833378230497555,0.33926829153620425,0.30887670575877,0.6991755904941757,0.3490278150931007,0.3970674830487949,0.130380765219453,0.11192117901957885,0.4265089554928025,0.3798612767081698,0.43345480196560554,0.38545289433286406,0.11029199867326508,0.17231580626969437,0.07907369082012974,0.21024777012994236,0.14480541805343267,0.1761958994433652
1043,Front,0.9999999999423963,0.8772419526738781,0.927976790304692,0.02158554038383547,0.9999999999416671,0.9038724644040286,0.9698991724441408,0.01907991219527671,0.9999999997859589,0.8254739620335089,0.805184914076544,0.024822570557311633,0.9994224102812047,0.8188608169890977,0.7225755229292324,0.022416494903638225,0.9972862944405871,0.0,0.16992382414866888,0.947569593015785,0.9999999981583794,0.05131161717334803,0.3520154547030753,0.9999999999742037,0.9999999996618194,0.17329758711278306,0.2993054130133013,0.5759331495619168,0.9987775055019691,0.06953389367213914,0.10592549722101859,0.9999999999848476,0.1328961653677799,0.10408851136955329,0.08326840981268473,0.26732374806284276,0.36666313952846713,0.3304112428210927,0.16873312975564736,0.052909752577823044,0.288916719445777,0.4516547150363352,0.487618593042323,0.6364640605965788,0.35558351876305055,0.7133527766547172,0.29662362054109537,0.2520509730577215,0.6248929765216773,0.5615482924144143,0.533858624935759,0.49913968581882,0.5750908519439789,0.6732003155685027,0.23958969666985164,0.3710128579079408,0.1147911025322168,0.11537514391400455
1044,Front,0.9999999999423963,0.7368452309813015,0.8411025827396167,0.05031512510490466,0.9999999999416671,0.6079352804349571,0.8570795529615822,0.08828681440230082,0.9999999997859589,0.6299496039938834,0.7808843931989297,0.06116382517374702,0.9999999998074701,0.8608170422250556,0.794780866026097,0.03297340370409231,0.9972862944405871,0.4848524589528064,0.6350299819383031,0.19541261312629282,0.9963167569128586,0.5005765349523528,0.537263418864344,0.1763437351123365,0.9993236384851794,0.30648793562396914,0.4015469716955797,0.3290098809115698,0.9999999993887531,0.5977513371250136,0.7355843457600675,0.2273062929709305,0.35023066019123855,0.19141929016687953,0.1158002778820104,0.7428374001800221,0.32381705039444486,0.34144680709731084,0.18643455892057412,0.3145432086761225,0.3403927268486654,0.28006412259300006,0.6253133306410552,0.4486130236812426,0.4843324593654212,0.4601807688489774,0.11533427816883944,0.16132366507709558,0.5036360517554802,0.5625224365507553,0.5664682003830198,0.6179831619499283,0.3541700114205797,0.21494511850042344,0.1548416869440874,0.18777561482587324,0.13660290585332371,0.18369909206654675
1045,Front,0.9999423962557636,0.7163558616987554,0.8192643535266672,0.04004966012615303,0.9999999999416671,0.7179822734686822,0.8652996902640663,0.06561793629904286,0.9999999997859589,0.7309815214344263,0.7731044217142979,0.029017267628849635,0.9999999998074701,0.757030590325581,0.902857738833874,0.04626967966162828,0.9999999986431479,0.2953442622563484,0.6814575961644594,0.5909788450294765,0.9999999981583794,0.2598731622571529,0.6221823637973365,0.6028023690291338,0.9999999996618194,0.3363002680604504,0.7161136233045526,0.5557720814917247,0.9999999993887531,0.31623185238333895,0.5684175727995102,0.6081904792031088,0.28973567632378383,0.13285896715367013,0.22144824106140135,0.25082377430051567,0.32982362505994844,0.33723778581083425,0.15462165745626943,0.39061944889293526,0.45512279572245745,0.3071188145434268,0.3068192388333219,0.7674364834101911,0.29608228743599707,0.6139835664934435,0.24110135546702108,0.23388919507987235,0.48304326212936993,0.5550449218624187,0.5096598771174252,0.5413101105999664,0.5041625338364215,0.4744306457014356,0.34598925521654345,0.320815139539736,0.2617692576328577,0.14087033764866472
1046,Front,0.9999999999423963,0.6873737973222844,0.8415517117979776,0.08107413260134905,0.9999999999416671,0.7518886442952895,0.914935181011498,0.07000667615268047,0.9999999997859589,0.7146028317305854,0.7428250592096748,0.04802137039941083,0.9999999998074701,0.9612911605532706,0.9148692855629139,0.019403501152902295,0.9999999986431479,0.28445901635613646,0.7084046392452775,0.5097273758813056,0.9999999981583794,0.2404151051829901,0.6739143891802208,0.7124561440580781,,,,,,,,,0.10400562769677386,0.3132473115849,0.26764283499539765,0.4619039226468062,0.4394497750738346,0.6841432435387894,0.28707213682837657,0.2716165298651699,0.2380292166464915,0.9999999995942427,0.8969611156262312,,,0.3800039954477446,0.207801558003865,0.20678332339164018,0.766527939152947,0.6775203121740334,0.7288136685095418,0.716708423844878,0.4300246412509599,0.3978967754830634,0.24567187100249469,0.2812822206854112,,
1047,Front,0.9999999999423963,0.7086352297951873,0.8894826779835592,0.04579092333698196,0.9999999999416671,0.8266016298360239,0.9168122910067523,0.03060267367905085,0.9999999997859589,0.6975641948225603,0.7030959987629637,0.04776645372284617,0.9999999998074701,0.8921867895763989,0.9012663603862135,0.017718779298673697,0.9999999986431479,0.6403934425389647,0.7447210871468076,0.1794034521079018,0.9999999981583794,0.6725281059855106,0.7087238940282218,0.1932094273118365,0.9993236384851794,0.37587131363261433,0.46429660983528537,0.32258375646939436,0.9987775055019691,0.36742713673535343,0.37589131073284887,0.30145529370901525,0.17945495145393106,0.20065965919650103,0.13969063125791695,0.31788174731436614,0.24880741929077665,0.36795838375826245,0.13935289720915267,0.27560204465612215,0.12386846954880068,0.263114750074679,0.37242285916207024,0.5943933682526464,0.39360841579574873,0.438812700913213,0.1706003365595521,0.16124114463842038,0.5203846881857167,0.4644410153330449,0.45257260612082306,0.4526547344134817,0.4806615837859796,0.5448106478947171,0.3469093820188439,0.3372211969544384,0.20142303766538489,0.1850207374135679
1048,Front,0.9999999999423963,0.8781921842927787,0.937868522970085,0.0254414389760529,0.9999999999416671,0.8700255784385207,0.8979979055598344,0.026235529503615223,0.9999999997859589,0.6882049435632226,0.6535862051358765,0.03517613454702394,0.9999999998074701,0.6862375787045374,0.730912735015448,0.06953110375316689,0.9999999986431479,0.6545573769633368,0.7954417810539482,0.2361856567552655,0.9999999981583794,0.6274142403246739,0.6386952629185957,0.21013862606887834,0.9999999996618194,0.524825737209134,0.669663862300195,0.2996956511527283,0.9987775055019691,0.4428555834032468,0.5042127662792009,0.27849910921814724,0.13621241168604853,0.12194169418406087,0.10171912988652629,0.37698318638544015,0.32758475986784147,0.3589298761109653,0.11396092027482824,0.12918157419888102,0.10672346251726852,0.3139999905334963,0.39604260261856766,0.6769160934392127,0.4347605240642072,0.3906115766255452,0.15728839270475262,0.13277764185878363,0.6212860109830565,0.5268192622559638,0.5437621646746557,0.521572788689512,0.4535246025826549,0.425447076758773,0.28253051747049274,0.23747994804092884,0.21382764123076112,0.16074957217315908
1049,Side,0.9800115206808748,0.0648533079899719,0.4633063476833824,0.7394793335545872,0.7970016916060781,0.150020819692462,0.3835316477624514,0.4819875047568196,0.9203767121317686,0.1418886488995747,0.4944215466801066,0.3971721081158068,0.8864073929752776,0.3422744690301828,0.6265444976017598,0.1230901631082767,0.9199457246676445,0.9365245900411115,0.9489256868118277,0.005922628793219908,0.9539594825893933,0.5565004323210578,0.7234962022897503,0.4454743607515808,0.5539398036679269,0.5786595173642186,0.6302054380371768,0.07021847193600869,0.9792176033134364,0.6331186550995394,0.7947490609942978,0.14303123600929996,0.13974123640063418,0.06655045062788724,0.9999999994041819,0.22824882805331284,0.9201616385720089,0.7832610410388884,0.10492622549190117,0.061805620043031285,0.13169266013355058,0.16182798777482937,0.16431937916582776,0.22205656590780465,0.24067825435088439,0.26447782678816123,0.1723939095498186,0.16737616489460685,0.832266768298068,0.610382824408985,0.6190785862444443,0.5464032844338954,0.35370488224894797,0.26688125542924535,0.22380095580708936,0.24793731055974158,0.2734544021281754,0.3549587998590123
1050,Front,0.9999999999423963,0.8882290057674173,0.9255598697140752,0.0235253997413069,0.9999999999416671,0.8072690499787478,0.9567648802525113,0.04572123770515788,0.9999999997859589,0.9999999999400048,0.999999999907315,0.0,0.9999999998074701,0.8710787815242529,0.9483625188234713,0.028087992766903092,0.9972862944405871,0.32262295077736103,0.46075955666334245,0.3785052458791852,0.9999999981583794,0.3744594983605565,0.6435726971368435,0.5566538498400024,0.9989854578968598,0.22262734582062968,0.380828823100027,0.5813616994258827,0.998166258558578,0.12968016590659528,0.29081966575878593,0.6891200492771774,0.11754576922766771,0.09430052004478892,0.06735264934878114,0.16286580347391125,0.20833136858965787,0.20265240542264457,0.09929481290187496,0.08149473998541604,0.13475586306169865,0.2325426471932174,0.20789101680127534,0.31045744053761964,0.2025882564755904,0.3115827443380606,0.0918817815985468,0.07987747807822763,0.3411314577039325,0.3315995513448376,0.34089765691997914,0.33377317147143454,0.2642408100907769,0.2670557051738969,0.12039479300772292,0.12477402159773528,0.04989155906072455,0.019856322064077763
1051,Front,0.9999999999423963,0.696400997701841,0.7719660709184009,0.0639883784165238,0.9999999999416671,0.8443876033047177,0.948833761501791,0.041216427495296304,0.9993578764984251,0.6132709382881406,0.5823764856632496,0.03905027965777392,0.9994224102812047,0.8360719620162321,0.707859356558093,0.020531125072019565,0.9972862944405871,0.39816393437401126,0.4814360650788948,0.30395303734573587,0.9963167569128586,0.2196598443038831,0.3540301850404722,0.45718542206219376,0.9993236384851794,0.0654155495908401,0.28981305811933833,0.8585518441472718,0.9987775055019691,0.12891605718492352,0.12020424794572093,0.5992093510676662,0.09429722677231214,0.1580513633669912,0.07318341675177656,0.2932526601937695,0.21687098394917154,0.2875554593207803,0.11476396129709487,0.1914539392433559,0.1694497338563984,0.356467436713909,0.3766996780656129,0.5414458016653034,0.26331165473528595,0.5662195782147444,0.204546603666545,0.17020193009350618,0.4782492695159384,0.4510591116140127,0.45572500021648943,0.4372623424947866,0.481856581277951,0.4660350998733688,0.24488178359845453,0.2176458713149406,0.10915514629820659,0.20175936312034906
1052,Front,0.9999999999423963,0.8367383299182362,0.9438408002453492,0.030216407840391653,0.9999999999416671,0.8125632026165864,0.9139608234171913,0.05502238605099487,0.9999999997859589,0.6766258698898112,0.8448309315719305,0.08646100475274551,0.9999999998074701,0.6918880300908041,0.8922697416722805,0.06638736417552353,0.9999999986431479,0.4591475409233905,0.7699069470679415,0.4001374208379608,0.9999999981583794,0.3828192562146414,0.5837343894339233,0.6238397218968232,0.9999999996618194,0.4616621983419129,0.6715363401798431,0.35458131781349334,0.9999999993887531,0.34384892475233614,0.5400120217100634,0.471966329603375,0.07665098672023535,0.03985198629293057,0.058011337544421074,0.2629933396660036,0.22165782774871404,0.219630532650701,0.09735215836993724,0.1664761550602798,0.09071283730811046,0.3463682891520467,0.44170233463607433,0.6497610748370107,0.4094513896541601,0.23815149662164295,0.09452982359527763,0.07958874336352124,0.40621015916822195,0.34142034415137784,0.4480234638468551,0.43928767232440247,0.23732166360531423,0.15705455131545504,0.08796829714501934,0.1672741885264269,0.06518678094766309,0.044461615269504144
1053,Front,0.9999999999423963,0.6837510392752256,0.8623561810855442,0.03244649393159488,0.9999999999416671,0.8397477841389714,0.9422060794890508,0.040738310399015994,0.9999999997859589,0.6912047035822411,0.7860005191629027,0.09618155322982029,0.9999999998074701,0.8250308501120328,0.9351349378785418,0.028457313066313602,0.9999999986431479,0.511213114687054,0.69144504380907,0.2408896318535987,0.9999999981583794,0.6122801959336581,0.6273054803312721,0.2139973199029683,0.9999999996618194,0.4898659516900949,0.6670321496246164,0.38627089554106225,0.9987775055019691,0.4192773714202295,0.505930599732262,0.4755140880688895,0.15790714150388402,0.052933856255270854,0.11022976087619264,0.3139693942892083,0.2596643506080927,0.35630683146013203,0.1345245935337764,0.2586756458744337,0.21512108556208948,0.39977584591943977,0.3537314882423591,0.7029610450512758,0.3515718104806453,0.32505987543878373,0.10001294624907077,0.08768689821852932,0.4644451701320756,0.4362496730833465,0.46163346404750555,0.486577207223341,0.417549198310609,0.512452427076818,0.20441570481641352,0.2530639308214898,0.1667591102312382,0.1497802269718878
1054,Front,0.9999999999423963,0.7228293146025163,0.9203598490048415,0.054450797437643875,0.9999999999416671,0.8733567306600821,0.9841888722195926,0.01729959560510268,0.9999999997859589,0.8783297335686147,0.9472453045798518,0.01347682611655863,0.9999999998074701,0.8995908293239208,0.9765226613599357,0.017886495744512603,0.9999999986431479,0.5732459015641643,0.7835116323050307,0.2962371577137123,0.9999999981583794,0.5389161140762588,0.736497722627773,0.36254352077771546,0.9999999996618194,0.30895442355936137,0.6635456282843943,0.5601685774051351,0.9999999993887531,0.33107739326153507,0.44804202659901265,0.4583002470812425,0.0991549381414737,0.061000144816722245,0.12194961627764991,0.43675522501031677,0.31406897885201535,0.3931698020839105,0.15823399362740437,0.10417939770956326,0.19146003669933645,0.4899490337166991,0.4416170144760726,0.6706854543556591,0.36582336250281583,0.6385392776949671,0.21565275188239816,0.21352895849307163,0.5302049229235937,0.49285716878240293,0.4957817829798039,0.42986969115513607,0.5660769536593221,0.640940142783359,0.3532968642165204,0.42060306806960734,0.21689275476759481,0.21636471452846118
1055,Front,0.9999999999423963,0.8000950231143784,0.910303143301942,0.03464364448327722,0.9999999999416671,0.7565284634610356,0.827926207162101,0.05770141344860911,0.9993578764984251,0.6084713222577111,0.5637095408102746,0.04282910787314597,0.9994224102812047,0.6172631031618325,0.5577835279523491,0.07516876502438355,0.9972862944405871,0.4862950819034366,0.6642101448158544,0.23466633137333007,0.9963167569128586,0.3009512827470524,0.4549905223398768,0.3854381777247226,0.9993236384851794,0.3826273458034715,0.5955739447820412,0.2861161640556258,0.9987775055019691,0.40519593926370534,0.509768261054253,0.31107243382082095,0.14347492933112194,0.06238982947656451,0.05964089649368173,0.32161160707063996,0.2792180356705949,0.2925550760271486,0.10739576741140595,0.09797321291120638,0.07084622211187094,0.1859392644910745,0.17994634972797696,0.411638661919499,0.2337661606511139,0.17515437608944198,0.11029313996830913,0.09912289887614831,0.41022152308670407,0.40174645182570445,0.43535267344997186,0.4196481800456022,0.20064597489615568,0.17823219092868295,0.10980417248106077,0.10370564079021177,0.015925509167533755,0.034064735759706775
1056,Front,0.9999999999423963,0.7344696519340498,0.9389362563337558,0.04116327184550202,0.9999999999416671,0.6255427993203531,0.892363599773828,0.11196987617628341,0.9999999997859589,0.727681785413506,0.7956538044741077,0.06599771851009804,0.9999999998074701,0.7715788789522907,0.8759463660360728,0.06223590329344536,0.9999999986431479,0.45298360649796937,0.7910610871872745,0.39188943165936246,0.9999999981583794,0.5582300373943169,0.6841708621984793,0.24426975182483193,0.9999999996618194,0.622412868565961,0.617449899479223,0.18616074297535626,0.9987775055019691,0.5949132190159465,0.5887963772960878,0.21160266103629272,0.02586705972644274,0.050685327637613346,0.04832343249057701,0.3854261917887838,0.31616275951214806,0.328126063467528,0.11599266820526179,0.11781860801113869,0.07991372442034674,0.14635084707504029,0.22017464604609593,0.36957410496732457,0.19322056213704375,0.3503412985752418,0.13737805669919043,0.11007037299144037,0.44410412202318417,0.30448255640415073,0.4335601034664423,0.370144996026278,0.24738983053758187,0.19067713558825145,0.20415638827281404,0.2069867722144079,0.06410874766812555,0.0917299010902386
1057,Front,0.999884792569131,0.5966860671934502,0.7317226008614289,0.04537731852238696,0.9998833342472213,0.5370888108656778,0.7151523518316706,0.090966076361498,0.9995719175942694,0.36609071272101684,0.49775352860500166,0.11213787588842032,0.999614940123293,0.3880626095740688,0.5018861661249974,0.10316306891804748,0.9972862944405871,0.3636721310998463,0.41135402662672677,0.21013993440765458,0.9963167569128586,0.43196886704641574,0.4759273037731819,0.14111877976691622,0.9999999996618194,0.5278284181739594,0.6116077270682204,0.24432477159195173,0.9999999993887531,0.6169632135556202,0.7368688269113345,0.2482110843192287,0.1198738955773166,0.2270278488059736,0.2860656617608705,0.3760894445678973,0.33667795563852954,0.3941247236558887,0.16530931536844892,0.13126924471878573,0.2593087642532743,0.4451458657501475,0.3754115373924381,0.8654476778254042,0.4646864133545593,0.5562231457198973,0.1903648794626805,0.18678363626262273,0.7373634872810634,0.688583326557021,0.6789977157440912,0.6546651771094043,0.4372765448738335,0.4175305992537014,0.22486371533172783,0.29291957104000577,0.14577008196838956,0.1801989831383585
1058,Side,,,,,0.6403779968126712,0.02831479388327197,0.26193398764171655,0.492073193988436,0.8120719176344023,0.00851931845401252,0.4601610635938517,0.40732951979861776,0.7656911819858124,0.0060401376887679326,0.4309017880517771,0.3452746113160125,,,,,0.8416206246010647,0.7435860477452314,0.7999184193491176,0.06658170141866018,,,,,0.4333740828646856,0.652985481863008,0.728131554841211,0.08595269078838759,0.2008123317022522,0.28667561614640036,0.2789668301813991,0.3605456859955034,0.042484790042352824,0.22625541057672421,0.007348947129015874,,0.1501587128896301,0.22203120161660955,0.12024728512649187,0.23350059616081226,0.06295819509055994,0.19059778783128167,0.08918638026596408,0.07451783505741819,0.33497725508857257,0.30296159760527874,0.30582218215882073,0.31434558956579395,,0.19672623030887892,0.18749168187233528,0.19732236293274513,0.15590234015944374,0.14531766649388117
1059,Front,0.9999999999423963,0.861622520438198,0.9183574531393282,0.01841133534786864,0.9999999999416671,0.9227886502336095,0.9692172143469358,0.019011037305471348,0.9999999997859589,0.7078233740876035,0.8175979485334453,0.05658978607613833,0.9999999998074701,0.7142300447675372,0.8111952601705823,0.06884238548214013,0.9972862944405871,0.5683934425484076,0.5818097956924612,0.11742543042128929,0.9999999981583794,0.3622081290916392,0.5089062133185631,0.24342337263488528,0.9999999996618194,0.29093833777040873,0.3546753848268506,0.6026617527991481,0.9987775055019691,0.2500818687643181,0.2901651401730067,0.681308123011378,0.07081902366137648,0.046819687587145664,0.025521342317111777,0.2664773709526843,0.25025754883431683,0.40173769443504054,0.13904548296914226,0.131578969249223,0.2558010754347258,0.3486368613689594,0.38405293805685264,0.6658707420974422,0.3775450831124732,0.536082995031462,0.16941233129506625,0.13823200310997696,0.471933574471758,0.36336628013481226,0.46036815383276636,0.43469941480242,0.5076112735854,0.5244364934867434,0.3495563160957229,0.3419390654147824,0.0964824173767386,0.06815120793523158
1060,Front,0.9999999999423963,0.6675377122777326,0.7509492313009489,0.06355029079047003,0.9998833342472213,0.7013859972219745,0.8169804367044501,0.0915487358257082,0.9993578764984251,0.6784257259012223,0.640852166041202,0.028059601901190438,0.9999999998074701,0.7306618171896693,0.7380231837158449,0.054746424458110565,0.9986431465418695,0.39816393437401126,0.5688897258333693,0.30791591983860794,0.9999999981583794,0.5654367251995623,0.7593316135949977,0.28341125976363496,0.9999999996618194,0.3253619302600147,0.5248806058702686,0.5360325238157321,0.9999999993887531,0.48695557248259413,0.745481495642371,0.28517500040860116,0.044500014274852596,0.0483346625022128,0.010961941286536403,0.1940613521845573,0.18464680468420006,0.24111156100912629,0.09544764698195084,0.061848367707453535,0.06055214210288856,0.17469706661457263,0.12805994281494226,0.3417971063775921,0.17962617375680792,0.1554424870993225,0.09674091304924261,0.03867366633580052,0.4285498922720166,0.40631048450134155,0.38123090499879586,0.33798942159467377,0.12613103535196538,0.03926522526764236,0.05853616786528175,0.061998222152539785,0.11619830484097529,0.0036174780760218892
1061,Front,0.9999999999423963,0.7714099061188139,0.8915301697459351,0.02515584599678068,0.9998833342472213,0.6710487180613259,0.753573580730185,0.07169716059961949,0.9999999997859589,0.8317734580734477,0.9044844558194176,0.029769425977947968,0.9999999998074701,0.6766253165761754,0.6684168296115515,0.06815438249810539,0.9999999986431479,0.47685245895385536,0.6391934097398767,0.32580848728993067,0.9963167569128586,0.39550302675187343,0.5131294939241725,0.35683278052053946,0.9993236384851794,0.4700268096010695,0.46266926365031513,0.12499485007311519,0.9987775055019691,0.5848706472454022,0.5196472067911926,0.083407321185306,0.24894390262777288,0.14124610390539752,0.10036142076107425,0.3161326500550076,0.36097996348166406,0.20803584243744982,0.09576625910224418,0.041896978008454544,0.17477690327343057,0.25517777814810644,0.36052141048711084,0.5406195358500936,0.3458770317107597,0.4388124690412661,0.16555432557921146,0.15166294741787595,0.42079171882782485,0.3945118854380086,0.39472505446290845,0.3974230309116844,0.272338678955206,0.2779950913595378,0.22942933289642492,0.1709539194585604,0.14208010213932926,0.16634624901015277
1062,Front,0.999884792569131,0.6654590806113874,0.790478300039737,0.04850934401095824,0.9999999999416671,0.713937302913929,0.8181633970101699,0.059949998970773126,0.9993578764984251,0.6309095271999694,0.698081855986742,0.04844051877551067,0.999614940123293,0.6701305448678229,0.6200876526651801,0.0428284812857621,0.9999999986431479,0.4444590163351529,0.6818845174580018,0.41598742164055835,0.9999999981583794,0.35601037757912796,0.3933271525627436,0.56165462610512,0.9999999996618194,0.5431635388157466,0.7618934585947,0.2798056293290356,0.9999999993887531,0.4854273550392504,0.7225716679178079,0.3757393768069568,0.2675781954335274,0.24412172312498348,0.21978948396422668,0.3317139767305937,0.35399894100560014,0.3876594571468641,0.16404937977656034,0.1637712073025655,0.19576893842496176,0.2257428487656476,0.22831038363271772,0.4257135661187688,0.23227420562462167,0.48190824415180966,0.18545621692660846,0.1651658539305795,0.6518458593094829,0.5820559231297853,0.602338358484965,0.5721630874634798,0.34643857476088763,0.33991141317114776,0.21402947069979616,0.21117140731268072,0.18832455139417115,0.15939180120448115
1063,Front,0.9999999999423963,0.8522389832015537,0.9493172084673785,0.02302549774936343,0.9999999999416671,0.8372494199728004,0.9062276175240336,0.04160715372882526,0.9999999997859589,0.6127309814847173,0.5771523015533473,0.058499394057165845,0.9994224102812047,0.6345391959060506,0.552947819537605,0.047658053247615795,0.9999999986431479,0.5214426228824338,0.7538406258636364,0.4393069969957606,0.9999999981583794,0.3232920149433132,0.5088762724277653,0.3457450581338726,0.9999999996618194,0.615013404759784,0.7239147815559595,0.23243670221299567,0.9999999993887531,0.5021285885272209,0.6346406457504647,0.202020005584014,0.021219617731126298,0.04810366484909388,0.02826758598344607,0.3105342488508595,0.27759117914989395,0.23783104694521393,0.0965958165847046,0.1632252723206199,0.11494343588973654,0.26621671890945875,0.27082038788373525,0.476766578884699,0.2521467470899011,0.24326360229868488,0.11706564185459208,0.0985660936562247,0.35768002842308355,0.3287038268754035,0.3803033686638112,0.3518783650090137,0.30842523192404037,0.27343770341675777,0.11468623892116823,0.17165237670830874,0.16431414471157227,0.1314257115715704
1064,Side,0.9505760368116026,0.08290770874908494,0.3862756551032691,0.4581238228708099,0.8237764684813756,0.10148117303542434,0.41445685061586907,0.4821237175287333,0.9026113011766669,0.00863930885477326,0.14586526806243816,0.7498324643615306,0.39892183280729265,0.004221601610429201,0.0,0.34128526517792906,0.9891451818329086,0.9329836064350184,0.9309240500722564,0.011221950968034855,0.9300184144935214,0.8245892186761905,0.8801369752331403,0.0450601027956065,0.4988163677717903,0.29243967825282147,0.4723131065518406,0.4029151003289823,0.6638141805233412,0.7033074991045402,0.7307088939345824,0.09995884547225534,0.16939465385226818,0.08871561327932509,0.054097638066429164,0.9999999996616203,0.999999999673645,0.701558976427416,0.1146987019193589,0.2453188983171339,0.2563557550100422,0.12868247165517785,0.24896560743697843,0.7447710546768577,0.35403582442317305,0.1268231063619028,0.17634468098915665,0.08699039679627601,0.7323371764142617,0.6244693383775757,0.4548086009106227,0.4362651304621982,0.2901909948045975,0.3119565778860422,0.3160146304657916,0.17344679457581086,0.5836217518859118,0.4575119631261997
1065,Front,0.9999999999423963,0.844399572345623,0.9117280543744561,0.03990767581144131,0.9999999999416671,0.9250490749553832,0.9708730030738207,0.018451490830578576,0.9999999997859589,0.7397408206899603,0.8094561487687219,0.045994515577816905,0.9999999998074701,0.8471780216375152,0.7982475991424933,0.03167688739574044,0.9999999986431479,0.6836721310578792,0.9164251948657552,0.16437694514091167,0.9999999981583794,0.6388008070569616,0.7115846576700557,0.31449993206767307,0.9999999996618194,0.48536193024285657,0.47338154610827693,0.26217277958412255,0.9987775055019691,0.38849470577573475,0.43766828142863146,0.4534452414544808,0.09203510006701825,0.07527594535116014,0.06485616098081377,0.32670436669425174,0.33114886491777934,0.3409391450017533,0.16157888409238247,0.049131174986690104,0.08716094586179661,0.24698360255828586,0.3225191371287546,0.48365136619135296,0.33743818457440056,0.37487259283635144,0.11369264641435768,0.11007483347496522,0.30965969170362323,0.28346664759718365,0.28070375079914117,0.265093533388568,0.3126158365303616,0.3306018944468535,0.27830917071854183,0.2730056242977629,0.13570625707019615,0.1343881652400288
1066,Front,0.9999999999423963,0.662548996278504,0.8420616952960124,0.055336473758189966,0.9999999999416671,0.6401760751507836,0.7441285012327096,0.07445570664455593,0.9993578764984251,0.4961603071456587,0.43524597178325714,0.0810155103895094,0.9999999998074701,0.507826199876091,0.4458441082075633,0.10061872187755637,0.9999999986431479,0.596983606479084,0.7638638462344816,0.40752627979530437,0.9999999981583794,0.3201210723090052,0.5863982993742677,0.6602267602283126,0.9993236384851794,0.3514209114904642,0.4312712009599286,0.47810888912150173,0.9987775055019691,0.286213295460516,0.3641603120572784,0.4976267377971422,0.12444786087991619,0.10767880428919978,0.145196259849959,0.2627689092032066,0.2555223646880013,0.3213581696430017,0.12051095641579036,0.2244795452186148,0.13425823452769506,0.3281708401155432,0.31354841787156434,0.5605456358778568,0.31101594087010037,0.41595797475503643,0.144250704977885,0.09298391997331806,0.4015086528471323,0.3363461650713879,0.3787515558211047,0.372661556212764,0.3795275805652277,0.3827872367085771,0.2895789264415272,0.21402372466643915,0.16383935792001897,0.1494641316657569
1067,Front,0.999884792569131,0.7723007482615333,0.8539300989956022,0.02566917673436156,0.9998833342472213,0.5735530307195554,0.6290193249325905,0.07069220628426084,0.9999999997859589,0.55801535873782,0.6456122038769175,0.11204809293487265,0.9999999998074701,0.5505617977170512,0.6048738547701864,0.11622017943057096,0.9999999986431479,0.5860983605788724,0.6439453712735361,0.18837491163873554,0.9963167569128586,0.24978379932980938,0.06511226780883203,0.2834498743715171,,,,,,,,,0.13344950731202646,0.060046845463037284,0.05583735059219569,0.36028622305596975,0.3216964465883813,0.4132192176523557,0.17129774571038747,0.15027705910509712,0.08651236567928267,0.270383942357084,0.3805951353256079,,,0.5950666472635742,0.2577367157216058,0.22839652742434058,0.5375347767233235,0.5036469367214308,0.5969327553746429,0.6176404318965109,0.6187204075516985,0.8971152538903449,0.37135028924230085,0.38676000759104345,,
1068,Front,0.9999999999423963,0.8527734884871854,0.9385204537122145,0.027835903970741198,0.9999999999416671,0.7531973112394742,0.8681859508037952,0.08224653395474478,0.9999999997859589,0.7636789056417279,0.9017512300920806,0.040766554062000804,0.9999999998074701,0.6064817821259673,0.72834518192709,0.1149088496289625,0.9972862944405871,0.45599999994019663,0.5297371160463753,0.3220826135084189,0.9963167569128586,0.3075814355278782,0.3671704537895877,0.26259334283435226,0.9993236384851794,0.1461662198234674,0.18189639440966918,0.6080594354776665,0.9987775055019691,0.2148237091786023,0.19446318753160213,0.5778753094678026,0.03166240739816016,0.10248409320620072,0.10105521847828952,0.22683968993203113,0.18151449741628733,0.26206226451184944,0.08809377725907996,0.08591333995514393,0.011602554945177378,0.2030663030616599,0.2933332353834425,0.3889208731085993,0.2107090551766563,0.42011344513219795,0.14340923249251789,0.15177019206767917,0.5097226934411209,0.42562464839130265,0.43885089850045134,0.40561885804566733,0.4363184373693697,0.33787049760078797,0.20472691804584653,0.17114374631495843,0.10102743169428867,0.09815875968032475
1069,Front,0.999884792569131,0.6963416082256597,0.8077970061398592,0.04946028497523284,0.9999999999416671,0.6700374754226376,0.8418427887252351,0.11913730323527483,0.9999999997859589,0.8324334052776318,0.8848705940679429,0.02751947438195848,0.9999999998074701,0.7723582515572931,0.7765826866202528,0.056570728433507675,0.9999999986431479,0.01022950819537975,0.19753547342736366,0.9999999999787325,0.9999999981583794,0.14038627844618257,0.284284589881775,0.8539433910655859,0.9999999996618194,0.4890080428430018,0.605005378349883,0.48480995719919345,0.9999999993887531,0.19190044752844662,0.5068467909832064,0.7595464741687995,0.1525916722382791,0.06124857759518164,0.08394565906038358,0.36236258028547563,0.2934926750922072,0.36912791890744157,0.17857704980754804,0.34801790643794517,0.13767339336429887,0.32037214953950427,0.3366851402945747,0.5529925183608695,0.3678037920884432,0.4961566109416756,0.19961460201079617,0.21937406998948764,0.494530407294084,0.508683841354565,0.5002020658326152,0.5103596906013639,0.4221748236844781,0.3299544297124078,0.17075784375204964,0.24277968054412266,0.0800629629343228,0.09390204183665422
1070,Side,0.7129032257653857,0.013600190045516084,0.29659801554460424,0.3731739172218887,0.7580353496612008,0.011421093331067686,0.3226148206949833,0.574003709416155,0.8732876710459575,0.4418046556010436,0.4731055197527987,0.16537961067671614,0.7949557179832583,0.5317919074799121,0.5213368678322623,0.11591256934810788,0.9810040692252338,0.7235409835116667,0.9085898589590524,0.10097781500149351,0.9999999981583794,0.915681752534494,0.9565367649417714,0.011564571099614403,,,,,,,,,0.2291984735030417,0.11458697680145948,0.1597670492055499,0.567484977069249,0.5533589549702526,0.39776254668359584,0.2084673372245256,0.10784311597299213,0.14814311645984288,0.6838117991917391,0.2980169014167077,,,0.6883432334802957,0.33309336306751414,0.329841590817049,0.9957446023754128,0.9999999997941129,0.999999999893304,0.9999999998967846,0.9129480179886994,0.9999999993601463,0.6859176591231158,0.6558385362083677,,
1071,Front,0.9999999999423963,0.8823494476254692,0.8940179929776306,0.013040472416673417,0.9999999999416671,0.9017904942655527,0.9707164945797652,0.022789805919474826,0.9999999997859589,0.7695584352790041,0.8780482130658898,0.032884683968829265,0.9999999998074701,0.8154185879836708,0.9035065994157757,0.03081515320029025,0.9972862944405871,0.22439344259352215,0.3560934603697003,0.7192578593499527,0.9999999981583794,0.39968290567891573,0.45586224401294495,0.4379120886061252,0.9993236384851794,0.644075066955059,0.5833853473746979,0.11393375322465735,0.9999999993887531,0.3938434668274377,0.5452899199784698,0.31363560117692796,0.09577873302012233,0.13394756287845397,0.05078321501599131,0.20746900638369825,0.24370665406543413,0.37132639312927934,0.14384642470229259,0.06173522742673592,0.22035956295003695,0.29466363752727504,0.3901758853020376,0.7550955612546435,0.44398201444028024,0.3920456952518913,0.15498654806573262,0.1885202948304292,0.552297516329851,0.45184089272887046,0.5559689791827426,0.4789792023029954,0.2476546289283101,0.4186594600385041,0.13047264668056127,0.17369019194409321,0.1461236993861444,0.11372717848916294
1072,Front,0.9999999999423963,0.690105713226624,0.8709827222559149,0.07206348278509875,0.9999999999416671,0.8518232109421315,0.9279861186913219,0.04102055147119161,0.9999999997859589,0.5863930885177349,0.7100051218311424,0.08318798884620611,0.9999999998074701,0.6144703513272409,0.7523418841031069,0.08994610477943085,0.9972862944405871,0.38452459011350504,0.4987406665506232,0.30653671359060947,0.9999999981583794,0.6452868260816824,0.610745245025007,0.19376932286993637,0.9999999996618194,0.18981233241932297,0.5547705666505959,0.6923482918431672,0.9987775055019691,0.1822945093131433,0.33468863445116825,0.4560346021868509,0.05879036535817411,0.10316460852692089,0.09715869922089315,0.25842357996384124,0.2703377192227599,0.2550409600847608,0.09734434325906142,0.6198496849390078,0.375842329313636,0.27888835378472615,0.31712447214751965,0.5848845208238048,0.2941143997917417,0.32880587933753813,0.09803440965501238,0.08360036376213002,0.4894118420056413,0.4525877321108816,0.4692591052047125,0.46686123833260246,0.451098506257658,0.2946189779151529,0.2176298556039389,0.23441881044195262,0.12299226323885848,0.1127133428724702
1073,Front,0.999884792569131,0.5932414775749352,0.7418480453299564,0.0729660888734582,0.9999999999416671,0.8145262030328637,0.8786673675606843,0.03065656979155671,0.9993578764984251,0.545356371457562,0.5779212439451881,0.09326597998347515,0.9999999998074701,0.7522894069784835,0.7953992411183292,0.0740448678823055,0.9999999986431479,0.3380983606113969,0.5792500391454983,0.6283679826025396,0.9963167569128586,0.4391755548516612,0.4938920836690846,0.2321672253544753,,,,,,,,,0.08919969439333263,0.16438217419205456,0.14297997462355697,0.3424320598043918,0.28584810255282295,0.4141851074870873,0.16736883715936968,0.04316983124396423,0.19389522534096684,0.32160899393962755,0.3746284227756439,,,0.34782648089499973,0.21486343117184295,0.16213508260997922,0.6424446852980553,0.6054843732603278,0.5975973366907774,0.5725042401010795,0.271948627049695,0.21533280336139304,0.20326770654074863,0.32901489896790814,,
1074,Front,0.9999999999423963,0.7996792967811095,0.9383263943947197,0.03348361709741675,0.9999999999416671,0.7696746177639833,0.9076388287936675,0.07155945020237041,0.9999999997859589,0.8898488120416458,0.9361205275425399,0.01664024424049714,0.9999999998074701,0.8896538286101412,0.9635254769594173,0.029006192744934444,0.9972862944405871,0.34780327864291116,0.3150207604524034,0.32837882164467097,0.9963167569128586,0.2075526087910706,0.15098347886874033,0.340844942850569,0.9999999996618194,0.2938337801293475,0.4155665887363626,0.42246056322709435,0.9999999993887531,0.23250736816586534,0.3656096771135623,0.7409439063466446,0.21410202686685784,0.13518528285241388,0.05679243624139614,0.28583577979590025,0.17789292680038993,0.33749343739158344,0.10978442246342605,0.03579513680445309,0.28849554065192995,0.24759298606547012,0.28823347816614087,0.5409024784514018,0.3072157761694401,0.3829157608105539,0.12633070289863196,0.10722540751194834,0.5231482355571306,0.4213727820505635,0.4677725862835474,0.4595261117266931,0.3171817800009352,0.24475809249676686,0.17455234449413054,0.12944426117573374,0.17868352867185075,0.10376457968653789
1075,Side,0.7394009216163938,0.047333412516490474,0.3450132368490397,0.38187587825994657,0.84926792271777,0.053536374989379784,0.3952457378572049,0.6342050324381076,0.9578339039045732,0.7985961122631032,0.8263479937448391,0.024060282672541004,0.9976896417024085,0.7489121256901401,0.7902357615141823,0.07303781597161749,0.9796472171239514,0.7826885244875161,0.8982981420785261,0.07092553361672949,0.8821362783017774,0.8960795617042261,0.9017667278233655,0.02434284807838449,0.9742982749495105,0.4189812331990368,0.6480605334384192,0.3250256516733899,0.5177261610527358,0.47975111882111665,0.6647591559148949,0.22335090310537387,0.06922297098242755,0.08915916942550457,0.021404259069161557,0.16568132905774632,0.2118272205764197,0.1430703156509011,0.0997330382694422,0.09058886313057488,0.178407459092197,0.1953318458170379,0.3225162982520811,0.4037737428357418,0.20270521841490402,0.47110164877839583,0.2357548158147608,0.2517111273147374,0.5204185821098095,0.4990121475681979,0.45178292419214044,0.4967207863592009,0.54737978186091,0.6194458480772935,0.33017552204351813,0.3588563157302376,0.30645285659111793,0.16511569316090752
1076,Front,0.999884792569131,0.7757453378800484,0.8405921092927898,0.024140868977331795,0.9999999999416671,0.7992385937303409,0.8854292155043321,0.06467077328906001,0.9993578764984251,0.6027717782215759,0.5817344007478583,0.07627895367962595,0.9999999998074701,0.8151587971153368,0.8251210767660504,0.03898064736183252,0.9972862944405871,0.3244590163508907,0.3203008919140777,0.2487403774406857,0.9963167569128586,0.3149322570892287,0.22193093042056372,0.3988132308182525,0.9993236384851794,0.08321715816801951,0.0,0.5571776531500534,0.9987775055019691,0.14114179673167312,0.002508030907099727,0.7229463594690795,0.10903304844796605,0.025067731828405528,0.048396743937027205,0.23316528883394141,0.17529487537072644,0.24351917115225125,0.09240314191199697,0.13674931421828135,0.1264177734767682,0.17529078245435312,0.15136502900657056,0.27758506485400636,0.17883767130135877,0.3246312327937586,0.11400978964908058,0.0762583267073503,0.5349295288908232,0.4514817338446408,0.48130687161445457,0.44091423592351914,0.3357195541314402,0.31914242561473655,0.08992648161374875,0.1261381809037504,0.06201302568592082,0.11442454498779202
1077,Front,0.9999999999423963,0.7780021379749374,0.8614767842634051,0.034462519114190175,0.9999999999416671,0.6417821664004649,0.9049989336268864,0.11105297390039952,0.9999999997859589,0.8411327093327854,0.8480768382254346,0.02347977724596426,0.9999999998074701,0.7156588945433747,0.7794035700956492,0.07145694298797967,0.9999999986431479,0.2729180327510927,0.5005363963239059,0.5423856109068261,0.9999999981583794,0.1818968002043966,0.4573737681639658,0.6535179774064452,0.9999999996618194,0.4235924932521617,0.6103286838263149,0.239043250759831,0.9999999993887531,0.2783538914661769,0.4326483423079389,0.44832403305146534,0.11624123809448487,0.19123385089760833,0.16377526636244732,0.3264496318415096,0.28253422548965135,0.3432589460924649,0.1336532726651394,0.278629398119643,0.24811627239597275,0.24562759134179232,0.19658730585369757,0.34701998650942123,0.15715140734770588,0.3441337334318186,0.2007736014005178,0.1633220431373321,0.5612319282059589,0.5028321227895466,0.5048703127556515,0.46910392460810835,0.2454917387759714,0.24508220619657298,0.16929492907522226,0.21305549760340134,0.17107949358938845,0.15841900707916484
1078,Front,0.9999999999423963,0.7860791067355934,0.8876930928374641,0.041154133186021305,0.9999999999416671,0.8074475045620458,0.933097543826733,0.048212443699862044,0.9999999997859589,0.7024838012537507,0.8551017389336885,0.041897094177884585,0.9999999998074701,0.7932064687411049,0.8253322573036328,0.03696010396292612,0.9999999986431479,0.5862295081198388,0.7419716674704698,0.3068687090642572,0.9999999981583794,0.5358893051980556,0.6743680710765991,0.4193657674569951,0.9989854578968598,0.3582841822672081,0.37417053722340393,0.2288338991494654,0.9987775055019691,0.30051304439466076,0.2578728242374158,0.2712323336308296,0.09584822279135484,0.03301443937266967,0.09424718576624966,0.24577733494536994,0.2204096923258534,0.2745506625831286,0.12454129353171764,0.026154857521832317,0.0819874488809317,0.11703622597141895,0.13222751562092364,0.20081576500761608,0.11414753068505389,0.38587587555518255,0.11625834041658725,0.10864163294014181,0.45122496801106127,0.42983542478371467,0.44804965404512415,0.46109118394384946,0.30910749565658885,0.16920623950218683,0.1909415630087556,0.2349671159605483,0.1616779300745667,0.12710531186902696
1079,Front,0.9999999999423963,0.6326167002831323,0.7953929709978816,0.0746999613445678,0.9999999999416671,0.8112545356724016,0.9582882973472485,0.03106018816408607,0.9993578764984251,0.6733861290692712,0.6590978743516777,0.05598167316008906,0.9999999998074701,0.6651295706523913,0.8636742836989709,0.06793350702434296,0.9999999986431479,0.37888524585194944,0.7113683734092751,0.43424752839116926,0.9981583775356216,0.20942634762043438,0.4171258484174016,0.5018735875059178,0.9993236384851794,0.38026809647396587,0.36577250898637786,0.20744533912453267,0.9987775055019691,0.33249645231606845,0.5534362412188357,0.2902238903453996,0.04518995987327336,0.08059274390971868,0.11304729909427502,0.29270989927255325,0.29930946640918576,0.25170530793119267,0.10755304039659623,0.1955084570903619,0.24352239751560567,0.3124269908603331,0.31537815927961627,0.45941704235957864,0.24564174032515507,0.3533413352111288,0.13905960874652418,0.13797557703763416,0.4296436367018608,0.45055613212584655,0.42410349024140387,0.44121291362758724,0.37169104940506426,0.2691551380634437,0.28411279292871056,0.22819910983066202,0.2104619974645796,0.10980652926021334
1080,Front,0.9999999999423963,0.7752108325944167,0.9246871456086146,0.04159817789548648,0.9999999999416671,0.629171375847411,0.8220296310815103,0.10825852107540265,0.9999999997859589,0.6825053995270874,0.8285786132368845,0.059307209736819536,0.9994224102812047,0.4064428135087067,0.5700903084250009,0.13849666250496775,0.9999999986431479,0.5020327868194057,0.5659371702602267,0.3110698942134067,0.9999999981583794,0.46800230607264326,0.5513558192907538,0.32120197418586033,0.9999999996618194,0.286005361899624,0.4435027803468776,0.5109473439478708,0.9999999993887531,0.5395699158891419,0.6663113029495306,0.269678440536671,0.08206470690875116,0.04345360613668161,0.01684588084994694,0.8760171397867017,0.21852482723563488,0.10895625933294965,0.03111776424140733,0.10839454841428824,0.2645185518567902,0.09654171206769593,0.19480714841590996,0.21037671485568324,0.19846322281822482,0.35111351048445216,0.10498493072052281,0.10094891479719036,0.264877718376688,0.2641565454320818,0.23638450613430842,0.2610916550439228,0.23635303909647737,0.11072003018452616,0.12175958258593114,0.1123387075034701,0.06769426484934761,0.11229447547722393
1081,Front,0.9999999999423963,0.7224729777454286,0.8749861447030286,0.06559375563180024,0.9999999999416671,0.6850276604196639,0.8336435098767729,0.07326110715822987,0.9999999997859589,0.6079313654542877,0.6021128692815401,0.061816381587678576,0.9994224102812047,0.5810872247463085,0.5719705001193355,0.05756012510272151,0.9972862944405871,0.2828852458645397,0.33967418025532414,0.2692087293436488,0.9963167569128586,0.11300086478624956,0.14221277446783648,0.4503685632682082,0.9993236384851794,0.10402144771002439,0.21994940337655372,0.7054248311227439,0.9987775055019691,0.11155987336409126,0.22472237489883576,0.7195471332495512,0.09947067620222746,0.0522777058902106,0.13277399503567866,0.18678209026917267,0.23482936394370116,0.33534518197935126,0.1408603481366839,0.13280908963044757,0.057895923022437026,0.3020111706023669,0.23825475422498865,0.5819809873503916,0.24402861540925136,0.40050381532354845,0.2094704088401402,0.21719357823668495,0.5950793047264579,0.5767763193134966,0.5501802959125581,0.5238941181996404,0.5264593996519207,0.49898926855710923,0.24144356056540867,0.20435804979842243,0.10383629694539773,0.0749788616658466
1082,Side,0.9862903225238312,0.09555766717570034,0.5523483829535254,0.6384460161556517,0.9111590736212356,0.07869847123438828,0.4749734683174184,0.71223965848307,0.9586900682879514,0.7542596591820098,0.8083670997784923,0.029620324107073735,0.9919137464397549,0.7408586087717828,0.7409210499815582,0.044726938809267536,0.8317503380844624,0.7453114753120902,0.7962280594402752,0.12610198114563922,0.9852670331763015,0.8316517727253313,0.8957942563605894,0.053676317692659965,0.9107203243453774,0.704128686251568,0.7608353073782622,0.07844553564100812,0.9999999993887531,0.7625805042285143,0.8799438710365586,0.09831324175690019,0.21988139379620336,0.12218260820482922,0.042877702127447175,0.29571748992274505,0.33226398463980056,0.31695300877533394,0.133521596952456,0.1693319798819083,0.09153729743486393,0.19583440029741658,0.22383849584109616,0.3965230065079551,0.2710866435594992,0.41390341267398184,0.14959029235455443,0.134602239026119,0.5655866109573365,0.47283923773910297,0.5176999708738763,0.468926179239415,0.4124518342009855,0.3860368975327815,0.3011714997608408,0.2514610244101606,0.2336593169943077,0.29963405124821535
1083,Front,0.9999999999423963,0.7321534623629794,0.825415710285074,0.02724078316083744,0.9999999999416671,0.9999999999405151,0.9999999999430877,0.0025185763200251507,0.9993578764984251,0.486801055886321,0.566794288413806,0.09040977566342778,0.9999999998074701,0.7088393842496045,0.7488356272400603,0.04552881505366359,0.9999999986431479,0.4907540982962945,0.6260831466032579,0.4372981933899225,0.9963167569128586,0.44897665026679523,0.41015756860109437,0.24118578128351725,0.9999999996618194,0.34863270773741195,0.4780618303348298,0.6925707345272323,0.9999999993887531,0.4826983953189938,0.5296610207192699,0.20481245400539297,0.04120298624572708,0.028755603561571502,0.10321125664580867,0.1605183239454475,0.24248559745605713,0.2002051280495023,0.09737847354940415,0.13419305311712043,0.10799858493227184,0.22347720514367334,0.2793001415511375,0.4709654887500636,0.27008893203215567,0.24755432553540552,0.04400790035660443,0.09643165950976142,0.34265080605855647,0.3124562781495696,0.35474207339640174,0.35994135384314224,0.3418540555840312,0.2347514472169629,0.08721762898920672,0.07250799116247768,0.0604740056596951,0.06721220745354896
1084,Front,0.9999999999423963,0.9262382705234448,0.9846018063856881,0.009841608611312315,0.9999999999416671,0.9571708999490112,0.9990758337026635,0.005299247786776921,0.9999999997859589,0.7826373889619248,0.7531855281061683,0.03072204798739438,0.9999999998074701,0.8296421380249632,0.8012729279469615,0.03621656381199745,0.9999999986431479,0.5581639343530278,0.8659467136503763,0.3154744686710931,0.9999999981583794,0.5511674833451761,0.942704662394253,0.23136220494548893,0.9999999996618194,0.3948525468745466,0.41475278812396865,0.419132739746461,0.9999999993887531,0.24658880032238967,0.4824345851254125,0.35987645245781286,0.05293630847315579,0.22299345818909458,0.2690577557504122,0.37635361832523545,0.3351996991266134,0.4333581638436338,0.17344514729007537,0.14391330130628782,0.24710461732872263,0.2915303006622069,0.49917214074375543,0.28873018718329396,0.3029507513491474,0.46822895200955195,0.26908232168102725,0.23208067178115357,0.6780223962209626,0.6651698056220281,0.6312628218098222,0.6436719471310954,0.538348867792293,0.5877781029231642,0.3053511302870162,0.23000891009702298,0.19313127427417134,0.18086635894912836
1085,Front,0.999884792569131,0.6291127211884361,0.8056107899657321,0.051088416034946904,0.9998833342472213,0.6300636487639008,0.7427143696763473,0.05543558264753649,0.9993578764984251,0.5917326613515879,0.5631733629500653,0.05925721051668853,0.9999999998074701,0.5999870104176146,0.6357029206574271,0.09363572663197824,0.9999999986431479,0.4664918032175093,0.6339070559031171,0.22648007376177123,0.9963167569128586,0.3998270394350205,0.4025264816472979,0.21632496910510246,0.9993236384851794,0.30638069701808246,0.31973446918334636,0.4381328727005326,0.9999999993887531,0.5940399519054645,0.7123396870869078,0.2345495540672424,0.16631884683222015,0.01580345336624065,0.07543041226346947,0.38656435031349234,0.24467590334932807,0.35192300101386315,0.13933053066350315,0.16683960673479958,0.029777986642257365,0.5250714766886371,0.41100901724527356,0.771768206944196,0.3753879525645506,0.3885598488245767,0.13076167424234283,0.13761351201213365,0.4409626215119813,0.4027078283473497,0.42067770857482867,0.40298432594072725,0.38051476042974675,0.35569013290107515,0.20703241742197961,0.22700541819801,0.04547567720404999,0.1541220023474296
1086,Front,0.9999999999423963,0.7442095260277818,0.854379574620682,0.02962667437336748,0.9998833342472213,0.5822973053011541,0.631211908501053,0.06372744125096316,0.9999999997859589,0.49760019195478755,0.564510084957452,0.08138188527706325,0.9994224102812047,0.47593687078807967,0.4975900008835086,0.09340691109329637,0.9999999986431479,0.6201967212301381,0.9395206010275777,0.14668342674761706,0.9963167569128586,0.5438166617838258,0.42551898459961307,0.14909317305914724,,,,,,,,,0.05276316303483486,0.0869173843928763,0.02498990294927217,0.17986530662541095,0.198375200885228,0.24721807007703697,0.10981599799293613,0.04237627814215551,0.1452188445701251,0.29164212443255233,0.2607881394020308,,,0.3359966488387994,0.14793799147643566,0.1282069950686804,0.39509556945482815,0.3426723851444446,0.37124297009622975,0.37056430384308725,0.3459487416142502,0.3486324134252568,0.2964258201371023,0.2081858143796552,,
1087,Front,0.9999999999423963,0.8512293621064718,0.9223891470892601,0.02724761671262243,0.9998833342472213,0.6533817143148306,0.7678493584401831,0.07063823093696,0.9993578764984251,0.6067914566470607,0.5664382675412277,0.04130826060106377,0.9994224102812047,0.6784438526545142,0.6596405752061542,0.04204829723373526,0.9999999986431479,0.3724590163445954,0.7255085832628094,0.4286347285708337,0.9963167569128586,0.38253098870243146,0.5772409369712446,0.29220512680503624,0.9999999996618194,0.6483646111905237,0.7192463068221362,0.12307713148943657,0.9999999993887531,0.5722082741434115,0.7897757881536767,0.17278643416255843,0.07397586494906057,0.09419096810747576,0.023315670214836184,0.18829642861093965,0.1466155159872993,0.23792811576977918,0.10101812820946734,0.0674998661160335,0.24629031084222236,0.20951982297911487,0.2887074572163915,0.43623915426855114,0.24028235423723698,0.24210365686350702,0.08970012994659483,0.049366706959724706,0.4637183603553554,0.4048046436336908,0.4184982723467234,0.41174864478985457,0.17854840145683337,0.14492870106199876,0.059413615436046834,0.04929103337416011,0.061689483920382225,0.0553661614686005
1088,Front,0.9999999999423963,0.6602328067074336,0.8079193966206958,0.09384307103666649,0.9999999999416671,0.7761584676238081,0.9310900960352083,0.07514009576187468,0.9993578764984251,0.5725341972298694,0.5871742984862893,0.07296273109454113,0.9999999998074701,0.5261414560936454,0.7036564309589243,0.11612202591478042,0.9999999986431479,0.545704917961219,0.7384282676864636,0.45343180264580535,0.9999999981583794,0.6807437300834904,0.9011749423239337,0.22193548482574652,0.9999999996618194,0.6466487934963377,0.7580574721328313,0.20048967433467857,0.9987775055019691,0.3402466979215974,0.39372457677320166,0.45301313508655383,0.0,0.08572617103405636,0.032006405111105016,0.2026660385730579,0.1422042586661499,0.24493488576529487,0.06507104775316769,0.13385602869552202,0.09035419948030263,0.23742046395508576,0.17480781338917656,0.41155494935660114,0.17835770234127282,0.1095511995647342,0.064160558054407,0.03578966680421604,0.355516430517468,0.3827203122820471,0.3949839128550605,0.3440731336186268,0.17954191691844743,0.2111337588360743,0.021883333160375232,0.10558931487303409,0.05478070899680382,0.0
1089,Front,0.9999999999423963,0.8226630240632699,0.9613078351425848,0.025946743513676363,0.9999999999416671,0.8103027778948126,0.9056729872546948,0.04573554001757736,0.9999999997859589,0.8924286056580015,0.976500623272771,0.006685657109808872,0.9999999998074701,0.9779827238437367,0.9795679629268867,0.01132494481757556,0.9999999986431479,0.4064262294548948,0.609582641044059,0.46504331091740075,0.9999999981583794,0.2125972902547424,0.533012557085109,0.7116012075341716,0.9993236384851794,0.12375335119316311,0.24087160617359485,0.634963644998326,0.9987775055019691,0.21449623401217166,0.3710011983501782,0.49801222707171755,0.15836649308164824,0.06379689750938898,0.07860702893081761,0.23448792718344405,0.21380121021886664,0.3336995650831732,0.14006339120103767,0.07753662945708173,0.09634278371997708,0.29451016947416453,0.2553312867779784,0.49902396256073445,0.25187301256632516,0.4791819031588726,0.19155243232373861,0.18722326862308514,0.47193990118851437,0.41344440228411206,0.4611311342347707,0.4514134417341329,0.49894633318718395,0.4908663514223766,0.1957885376264438,0.18686327029923983,0.09481487276929405,0.09639164547130082
1090,Front,0.999884792569131,0.5608148235799493,0.6087211219217781,0.03967639633083816,0.9999999999416671,0.9564570816158194,0.9885779756494293,0.008526257037458329,0.9995719175942694,0.5156587472692788,0.4154408722470268,0.07343368251533236,0.9999999998074701,0.6600636487198763,0.769462635967334,0.09138634343371195,0.9972862944405871,0.08944262293908958,0.0,0.42704675875514075,0.9963167569128586,0.4579129431452993,0.3800261607488546,0.2109634271728534,0.9999999996618194,0.34563002677258653,0.46657458006159275,0.30739444642953884,0.9987775055019691,0.13251828401566224,0.0924889606005663,0.4107711380910463,0.05833367915543187,0.08611092572261499,0.027937484192755404,0.45178676096848586,0.3109387503385972,0.42714085143376135,0.13791885161399808,0.31049958684538154,0.04907815547589315,0.4795614321851319,0.27661981502715444,0.7558972594984747,0.3443732516327037,0.45040723525856297,0.18937543604813695,0.19655977947685574,0.42295680563339844,0.37713110015915413,0.43292484755179544,0.4486928014654357,0.3851700771738562,0.41709561889686025,0.19369109754039637,0.1932197376794662,0.024393081916879916,0.06338899055416498
1091,Front,0.9999999999423963,0.7704596744999133,0.8503090437325758,0.03534527314446391,0.9998833342472213,0.7553387662390494,0.8293573113463831,0.0429294726066213,0.9999999997859589,0.5284377249502976,0.5746849919813137,0.10736438356122117,0.9999999998074701,0.541274274174107,0.6642477028709116,0.09331936145359905,0.9972862944405871,0.23567213111663313,0.3771409405450239,0.45237404286044236,0.9999999981583794,0.27255693279438514,0.5693708606164548,0.558431962487859,0.9993236384851794,0.1390884718349503,0.02401422607435314,0.47882004009664836,0.9999999993887531,0.419059054642609,0.6249284811867644,0.47371905092524835,0.0561200552406633,0.024945041969350774,0.019445254956553297,0.28262142283153974,0.1692044451819501,0.2983903492771386,0.1339975390743702,0.06674917601972566,0.1297702110320553,0.2901332776795033,0.3731463095359285,0.3696538046775011,0.3089215321522426,0.40311440537865567,0.1895609678457049,0.16406843621796965,0.5979670570006486,0.5102410305602453,0.5181700340130867,0.4704573690900443,0.42024477296744284,0.20468762835772342,0.13144612626519722,0.13403980276108976,0.06253427393198692,0.16709940265963563
1092,Front,0.9999999999423963,0.6864829551795651,0.8326304025562136,0.04359999439839406,0.9999999999416671,0.9260008327329722,0.9934897358806017,0.007708607538908916,0.9999999997859589,0.6814854811206211,0.672403626845574,0.04780475767983773,0.9999999998074701,0.8750405922663479,0.8753012992109807,0.03674608869213516,0.9999999986431479,0.36393442618177924,0.6142235657576891,0.500301952576552,0.9999999981583794,0.5232055346608235,0.7039529848715663,0.2372719384918532,0.9993236384851794,0.13683646111133113,0.183332327472429,0.49226438875925344,0.9987775055019691,0.08787250299226365,0.19004816855649032,0.5800456863759655,0.2616963859797179,0.13610573418667218,0.2678562848913507,0.3479990952687117,0.2138763253610694,0.3129841437181779,0.16069871403141076,0.29535956818569387,0.4008273990670506,0.2648623896306214,0.2840131815858174,0.30307214123695253,0.1964587198273924,0.39729645406563774,0.20834755313237852,0.14755405658582907,0.6040221586830055,0.5852358793972796,0.5623242219295582,0.552885424622432,0.3553918032144709,0.42435393144933464,0.2567562774452081,0.24627546007038068,0.0,0.063986356390481
1093,Front,0.9998271888824983,0.7818030644505402,0.8609727219715032,0.02343486300292922,0.9999999999416671,0.8387365415002832,0.9325379073934429,0.043153584560317905,0.9999999997859589,0.7913966882174589,0.8662427160450866,0.038964014027862925,0.9999999998074701,0.6911086574858019,0.8097652012982722,0.054644484031836596,0.9999999986431479,0.4337049179759076,0.6098741700134256,0.28026321532026144,0.9999999981583794,0.42879792441210773,0.49324261175590633,0.4476130573622459,0.9999999996618194,0.3562466487553623,0.6137933202570203,0.48061019362028484,0.9987775055019691,0.1509660517245971,0.20033415313603614,0.6842420576073021,0.2069397381795394,0.08217921319641464,0.11837715591797332,0.29340676796422754,0.17685494048075717,0.2620435676092455,0.10749684514140859,0.22460222421685547,0.28528543070600704,0.18454193271047095,0.06178931663202995,0.4106462390596396,0.05008710081768512,0.3380033115741862,0.1431992800337939,0.13501414299804182,0.44373979180022544,0.38457386935388654,0.4208997503169751,0.3918031912588892,0.37268441262793484,0.3761136186487609,0.20065534311473462,0.20674996068944632,0.15494853110319864,0.08830131388998344
1094,Front,0.9999999999423963,0.5402660648212219,0.7329135071414311,0.13365776001008844,0.9999999999416671,0.7059068466655221,0.9533867358743214,0.07901136095277084,0.9999999997859589,0.42788576911279774,0.5777667689111128,0.13061686913832302,0.9999999998074701,0.5751769824917077,0.7591418443147031,0.12062144019158642,0.9972862944405871,0.06032786884454727,0.1907042085256823,0.7764962803036038,0.9999999981583794,0.34909195728609244,0.3558372596243521,0.5554722221981213,0.9999999996618194,0.3928150133627008,0.5272149790409923,0.613021252008818,0.9999999993887531,0.5216679401242587,0.5717515492293236,0.4365009079111744,0.06209615789873456,0.04416622234860518,0.054702038387570096,0.47277141615649065,0.5842418658332574,0.6285212979391086,0.14413129611557268,0.21253846833062276,0.1436474335248943,0.19027916276686171,0.2090781389136171,0.3744879570229022,0.22654926302380207,0.3987668047859413,0.0764851902500591,0.0,0.4602389768749291,0.4153949229086427,0.3843230375826497,0.3815675495044152,0.2198123577820572,0.21855544485340211,0.06264110296549658,0.058914263137996414,0.07874297652640504,0.09403507159404008
1095,Front,0.9999999999423963,0.9026606484794715,0.995194785286901,0.006714188340252015,0.9999999999416671,0.6849681755585647,0.8886252283994497,0.10485131089707149,0.9993578764984251,0.631329493602632,0.5182963523927266,0.03186546224179914,0.9999999998074701,0.9138143793652129,0.868864590959779,0.02854291940408255,0.9999999986431479,0.4199344261744347,0.6133964607094639,0.351524381117928,0.9963167569128586,0.10939752088362681,0.1390404207468058,0.43006300940471465,0.9999999996618194,0.19281501338414841,0.27232074211881513,0.7445083369272698,0.9987775055019691,0.1506385765581663,0.2059741299298042,0.5204481729122374,0.34571702692965584,0.11577664004817424,0.1399232611609949,0.40034211423452887,0.2051782088569236,0.4097323801365745,0.1710171300539579,0.4425294857320517,0.28591770472828076,0.5001404273297806,0.5153555534297437,0.5829904259418444,0.28753137001857854,0.5005896781713558,0.1273428651119568,0.09205251232941138,0.5604888771350554,0.508425474604585,0.5398318121396223,0.6064930004135592,0.5990443846036511,0.612069941626053,0.2110274156055308,0.26508192181400636,0.11720894881392124,0.16123819471614198
1096,Front,0.9999999999423963,0.8303836559668378,0.9026757978894986,0.027093354529912465,0.9999999999416671,0.7733031942910413,0.9089606819187874,0.04726843761353505,0.9999999997859589,0.7608591312238504,0.8929752827276511,0.03791659031616853,0.9999999998074701,0.804572319230722,0.9412180801127397,0.042408632218522625,0.9999999986431479,0.5373114753393691,0.6959463167408481,0.2646665409337479,0.9963167569128586,0.38166618616580195,0.48826824478018915,0.32631860984001987,0.9999999996618194,0.7134584449637043,0.7328653170028171,0.10515273209040651,0.9999999993887531,0.3282392751524681,0.6509720112782527,0.375354437706096,0.06927386431460292,0.044669236710339025,0.08179103031443967,0.2482288762062848,0.16920634884416208,0.20599282648642386,0.09044136991570263,0.16086505763942532,0.04872587309516977,0.3250627607771559,0.1372168180526707,0.5763319308315623,0.23362612245593806,0.20594966594193648,0.07586557339538302,0.05716782145753126,0.45794018520718466,0.3933553077407765,0.399597032433788,0.37947882432121705,0.1344214907108474,0.20134292242563812,0.15133088659264984,0.13859454491392328,0.1309861315698217,0.13234650207814105
1097,Front,0.999884792569131,0.5194797481577693,0.6835979530700136,0.06956818474633038,0.9999999999416671,0.822437689559072,0.8931975161955281,0.03317797360767005,0.9993578764984251,0.6111111110744473,0.6115250452287093,0.045587426151739836,0.9999999998074701,0.9213483145469019,0.9649290643071878,0.019921746507411114,0.9972862944405871,0.36209836060824935,0.5184768881428808,0.3129505193599779,0.9963167569128586,0.21591236664515537,0.18813311016885687,0.44305940803189453,0.9993236384851794,0.33061662194845937,0.5089386571023006,0.2982853581354377,0.9987775055019691,0.655059491250403,0.6800819754898325,0.14563683489504592,0.12142836308469475,0.1496159588116147,0.10226113043904818,0.26238090107812423,0.24520993862691462,0.32346586508350283,0.13776619513324967,0.261679059253161,0.2973750310099092,0.2891633336735045,0.2966944018797403,0.5309951110905144,0.27903340400514487,0.3647633864340766,0.13092580420053543,0.132512699867332,0.5399335918597127,0.48981669684789364,0.5086840731685718,0.49625341380781757,0.3553603335687906,0.3530821277122737,0.20548006377966302,0.1856705563607119,0.2249573467562726,0.21950274596455704
1098,Front,0.9998271888824983,0.6101080888104223,0.7354095582615592,0.06733709855225437,0.9998250013999985,0.6542145023702209,0.7757448524394287,0.07177925686409922,0.9993578764984251,0.40556755457130017,0.3637222998207375,0.13154390881008077,0.9999999998074701,0.4963304539523069,0.6023458477515446,0.11427747912122273,0.9959294423393086,0.36065573765761905,0.4853022525888379,0.49014696159840865,0.9944751362901009,0.1745459786430461,0.2400257247647168,0.5593054449656691,0.9999999996618194,0.7607506701597051,0.9266890689496821,0.13431290230636142,0.998166258558578,0.3437397663635258,0.488193264502439,0.48650250840804315,8.434002365514049e-05,0.056870335356801374,0.0035900460813307754,0.13899660143118978,0.11216509436379403,0.23785477789683768,0.08121838183266894,0.02815332138161545,0.0,0.10217219197049598,0.05235739983016597,0.2329409171163715,0.1048207702790758,0.0726111034603868,0.022486265305024712,0.0338037414960793,0.2042339083802556,0.1858448187138397,0.20123642397216648,0.23162838412903314,0.0,0.0,0.0,0.0,0.053812904848038516,0.04435914160074647
1099,Front,0.9999999999423963,0.7281149779826513,0.8878322956883944,0.07506248922764325,0.9999999999416671,0.6245315566816648,0.8089044967822819,0.09580630309711267,0.9999999997859589,0.5904127669432198,0.5754467469930968,0.07759968029847315,0.9999999998074701,0.7506007663343117,0.723904664879833,0.039264642506642085,0.9999999986431479,0.4136393442080473,0.6285708206837667,0.4839019438272604,0.9963167569128586,0.3016719515275769,0.33843235238345554,0.37308031876996267,0.9993236384851794,0.2826809651171388,0.4095188948471732,0.5406251584084574,0.9999999993887531,0.3630608011829429,0.5733269443595413,0.511507355756871,0.1278077445556267,0.1018555552288632,0.022945210825289775,0.25232369258928444,0.26042178652903086,0.287447244764354,0.11804690693196392,0.022128989594576105,0.14519240783848866,0.2757362460652979,0.30294526912343356,0.32312504855408525,0.2163272242347567,0.3575849345650192,0.14481635312393282,0.11486660007504015,0.5275128686622955,0.4630773528856587,0.4688401366477891,0.45624206830152997,0.5378914787533685,0.4927616100503853,0.2376573716636399,0.22649845953121356,0.14182034475817634,0.1326880785899808
1100,Front,0.999884792569131,0.5985271409550702,0.7048853723409022,0.05501960073733856,0.9998833342472213,0.6436261970945436,0.7659507837039743,0.09369496120710481,0.9993578764984251,0.7208423325701439,0.6885113251580773,0.021852457703050016,0.9999999998074701,0.743586412889291,0.8078478953306988,0.031894009625189304,0.9999999986431479,0.45836065567759204,0.6015819695878446,0.5210543071047814,0.9999999981583794,0.3153646583575434,0.32864977985807187,0.5118378794443427,0.9999999996618194,0.30970509380056777,0.4825134893819942,0.3435435981949553,0.9999999993887531,0.4781137429889626,0.5719898997523468,0.3702154371310595,0.10567386440412516,0.17354464019695945,0.12015287079000408,0.32783825826464424,0.3168074626221254,0.49297582381922095,0.18326520286929135,0.2383754421728459,0.26851553214879703,0.2669947856196346,0.36909260683960216,0.6100084352826544,0.39913590936604193,0.39017767461448905,0.2382935763619511,0.2200155737972097,0.6839209180957759,0.6225990616203811,0.6098144178187042,0.5758564127131631,0.36540541965292955,0.31972946664577584,0.3064059258056195,0.30769848964055907,0.12059990869548977,0.10406427285869156
1101,Front,0.9999999999423963,0.8435681196790848,0.9140744079405293,0.028520388683461437,0.9999999999416671,0.7974540478973615,0.9241528462573662,0.03913489079779132,0.9999999997859589,0.7155027597362908,0.868744770239864,0.04225984283049859,0.9999999998074701,0.6881210624999596,0.7101688060159383,0.03500635028643606,0.9986431465418695,0.2489180327542403,0.42588587216563,0.49875203475323815,0.9999999981583794,0.34159700196863696,0.4380929213374154,0.36435148144766333,0.9999999996618194,0.13865951741140373,0.28896456909725293,0.8687037936810611,0.9987775055019691,0.10981333914312706,0.3044181389793086,0.8527849124897061,0.22637647937755206,0.24946451865994085,0.17973340272969335,0.3017895422069268,0.35819906421282216,0.34921291178932756,0.17032746859310657,0.3186873693441833,0.26168846644545163,0.27653290912959927,0.44449012586314823,0.4615715993986075,0.34829443488030576,0.677514705067765,0.3375477024874954,0.2986702437713482,0.7023026090124873,0.6901618935947396,0.5883821926777886,0.621911522635976,0.5751339178750343,0.6227397547201102,0.4153005817655193,0.4345697625619376,0.30131473582913476,0.15752342453699836
1102,Front,0.999884792569131,0.656669438136556,0.804806080224932,0.04675561684576822,0.9999999999416671,0.6824698113923936,0.8085167825583711,0.08484682010882515,0.9999999997859589,0.7684785216721575,0.7800272917624,0.040705612311536195,0.9999999998074701,0.8647788529671508,0.8303314389315374,0.02521152247478035,0.9999999986431479,0.2469508196397441,0.5143773389155774,0.7325563971952929,0.9963167569128586,0.06298645141784577,0.33096143605946754,0.7571494742506701,0.9993236384851794,0.1916353887193956,0.21933926806284287,0.5122694359483251,0.9999999993887531,0.12618709746466686,0.3754666989485363,0.9234366120252454,0.02040705854167335,0.03912684911841105,0.014521620618187774,0.29518191386492193,0.2626839596774797,0.29970852732068193,0.12413448567167179,0.05609947059270653,0.10631727149008388,0.22984762671386313,0.2548524906471548,0.40677119561654385,0.22997324784026815,0.4630326539592496,0.22371829547595498,0.18336685335592592,0.5343325747625615,0.4802999146830014,0.49837579330540843,0.4802592438571455,0.4014380424422798,0.40019742480376497,0.2612698752085839,0.2075739422773158,0.10408673661827422,0.07365991015450875
1103,Front,0.999884792569131,0.7206912934599897,0.7924102231208573,0.029983550127914666,0.9998833342472213,0.5514246623906117,0.679626504574899,0.09393690752174906,0.9995719175942694,0.3434725221776174,0.4330820192177954,0.11107586744613406,0.999614940123293,0.30902123788341745,0.3897488036775463,0.13709771496649295,0.9999999986431479,0.5887213113982004,0.832626114298015,0.3431513550308828,0.9999999981583794,0.5892187949568726,0.542614257180016,0.26228115519163075,,,,,,,,,0.033836870875680124,0.09831432709214767,0.11866535635755816,0.2785487089817573,0.2865696695460689,0.37145569335232825,0.12658238136717373,0.212866264821529,0.15162447687201389,0.38804031114909515,0.3849876794860444,,,0.3447808275765332,0.2119672067783521,0.19186912127775388,0.6914840375304246,0.6072897925847096,0.6474347586890434,0.6032270438988127,0.4671709117691094,0.6021440178749884,0.21617670811107445,0.2197653438398474,,
1104,Front,0.9999999999423963,0.8973749850993362,0.9419500111050313,0.013733910654913042,0.9999999999416671,0.8330259948347494,0.9298120849982696,0.03676043044065803,0.9999999997859589,0.9600431964866785,0.9900879990065734,0.0031389590507007537,0.9999999998074701,0.9234915892106584,0.9859397825565495,0.010130657325019382,0.9999999986431479,0.282360655700674,0.5488054226054202,0.6171529781474728,0.9999999981583794,0.4593542807063487,0.7159223985667738,0.3615141189265945,0.9999999996618194,0.28836461122912965,0.5531062569423028,0.747647259710204,0.9999999993887531,0.39056871516312974,0.6962084658115586,0.5148715481094555,0.10230770524794232,0.13079262394140884,0.047383132163753894,0.22244045724644104,0.29837405405238543,0.33500703284917527,0.15306331406362336,0.04480236725246672,0.16318499200694683,0.18606293114629374,0.3613752785627177,0.44585626854013444,0.34458152325192726,0.4805320799091559,0.22478344736476072,0.21632921758642631,0.5680114606307977,0.5541393300633674,0.5218926144144018,0.5529713876877046,0.4506462830945276,0.5458707068898329,0.21486272187094413,0.31240761191880023,0.2420777880236341,0.19166065323976222
1105,Front,0.9999999999423963,0.9243971967618246,0.9603537924108515,0.014771592931350087,0.9998833342472213,0.7435607637413859,0.8025711843957581,0.032368557998634535,0.9999999997859589,0.6547276217509762,0.6533640419505068,0.034752602461025565,0.9999999998074701,0.6268104175731108,0.7496909084172688,0.09913947990917249,0.9999999986431479,0.3307540983172781,0.6446257398960163,0.593615326528239,0.9963167569128586,0.25944076098883817,0.30888504374241854,0.3763888240448042,0.9993236384851794,0.3249329758364683,0.26970178378438453,0.31859270295737796,0.9987775055019691,0.36742713673535343,0.39526304391494976,0.24254586967911784,0.252652944744931,0.06036950353468959,0.14472608620678107,0.25137958155857404,0.21459932210554578,0.2585967468625028,0.12214539355893352,0.10521466627598153,0.17411362947233724,0.10580931942100684,0.2588633299092042,0.17554914747028194,0.16681740714292703,0.2551942283287256,0.1179980832977884,0.12299068874503918,0.440009246776893,0.4892722920675323,0.4601988371777051,0.48124829913837264,0.2525408259437635,0.1852384978585808,0.11410930335169502,0.12977952047066735,0.1370540065603929,0.05729229778828666
1106,Front,0.9999999999423963,0.9355624182839076,0.9925205121860067,0.00487956319098738,0.9999999999416671,0.8389744809446804,0.9056582849416167,0.0587482492398283,0.9999999997859589,0.7756779457178019,0.918053642473891,0.03864091469188013,0.9999999998074701,0.9093979346035334,0.8794787124947001,0.028097808196016424,0.9972862944405871,0.37888524585194944,0.4262752108725007,0.3496825709447277,0.9963167569128586,0.2582876909399989,0.28682127557794257,0.296739485172559,0.9999999996618194,0.24461126002738742,0.3953541382321612,0.450207313317196,0.9987775055019691,0.5032201724153238,0.5129764389801731,0.14048243255578963,0.13490710261542338,0.049431088191872245,0.015006409636992731,0.3363218283368743,0.2230948222110954,0.2639489182472359,0.10013793524988096,0.32880328192488056,0.13463358526164299,0.3288628702257828,0.2449285958407125,0.5392180193056634,0.3637333880694986,0.26846370568455263,0.09420992638957786,0.08750366853423132,0.4295840320649983,0.35864676465375334,0.4073063525637159,0.40292366699160337,0.37218774708412933,0.22929852557497168,0.1330209350551761,0.07410070822554643,0.10345034012737665,0.060494789159947465
1107,Side,0.6767281105600962,0.06271528684744535,0.35597688349277073,0.27964909843129454,0.7344688793831611,0.0684075902642075,0.4003710861508533,0.4717444361026833,0.9837328765017697,0.5658147347872681,0.7288702607909293,0.11213485833218975,0.9919137464397549,0.6772747937470107,0.8084413339726727,0.06717784461097309,0.9742198087188337,0.9152786884045536,0.9412993776512211,0.014929298272492475,0.839779003978307,0.89002594394782,0.890226257674105,0.0165821666344228,0.9820764284808668,0.804611259967334,0.9083542783499005,0.039946145484235765,0.8856968209745127,0.9167121492286092,0.8930635939267307,0.012808029304967784,0.08163695070087952,0.06519071298971199,0.1868827107178765,0.3033815255255094,0.27176078616871596,0.3427548793800803,0.15322315141766304,0.05586476371680782,0.026849596062724464,0.2620544825607483,0.24666581175049618,0.5318885870022315,0.2712981583799653,0.4590512220700796,0.16706528957476646,0.15012374753962773,0.47824667372236057,0.4815175621692189,0.46444878597366096,0.47666988653213616,0.3646312353622528,0.32891407633735253,0.1973330711361731,0.2388477647450932,0.1487882582817497,0.11172571566854773
1108,Front,0.9999999999423963,0.6034564674781175,0.7104624630146034,0.09945757377613115,0.9999999999416671,0.763309737626357,0.8308176964346918,0.06371284681845665,0.9999999997859589,0.5992920565995145,0.6847575207727253,0.07727743390832752,0.999614940123293,0.667922322486983,0.6622456386856781,0.06864440340076795,0.9999999986431479,0.4292459015830497,0.5322469792258532,0.5522043799263011,0.9999999981583794,0.454021331730467,0.5364155751381531,0.6419260936694599,,,,,,,,,0.0697077021338216,0.18438474060674973,0.12187742670921009,0.43294208445780746,0.356967599641452,0.48321561202221575,0.18401723337040823,0.07511844167870735,0.14493948198846496,0.30493649540398376,0.32820681369928406,,,0.2806229088263959,0.14798144303737107,0.12135920013775169,0.737551056426807,0.6267271309294394,0.7073092085493989,0.635525832241009,0.5681768512092973,0.4211555817458511,0.08372014103763499,0.12729942713759418,,
1109,Front,0.9999999999423963,0.7973037177338577,0.8871979943655085,0.03263286740456473,0.9999999999416671,0.8881684610738106,0.9700982213553135,0.02590631160925927,0.9999999997859589,0.7390208782853958,0.7905687672160521,0.05364381286012523,0.9999999998074701,0.7090342274008551,0.9271013315897657,0.06399177768082227,0.9999999986431479,0.47068852452843424,0.6251971933029287,0.2607157469523323,0.9999999981583794,0.452291726657208,0.615354111938842,0.680575740973545,0.9999999996618194,0.412654155451726,0.571015561328335,0.346912698343865,0.9987775055019691,0.12138412835701522,0.33571245638396713,0.6427993328266246,0.013212456791781447,0.021708114364310114,0.06066219447036551,0.22692875300898976,0.19437929818826363,0.24172150188051691,0.10211931391422759,0.32140219633949924,0.09786377389507796,0.1505199712375542,0.17442978615423346,0.3095665626602185,0.22208508693270793,0.26025114623562445,0.12287062875052147,0.11783989163577371,0.4366202195943663,0.36751085422497615,0.45019333299658976,0.4542436946217546,0.3123673662713195,0.33212762529334205,0.16994488565688493,0.21950977081556583,0.1392540460230713,0.12761337395542938
1110,Front,0.9999999999423963,0.9999999999406105,0.9999999999430035,0.0010595943804502497,0.9999999999416671,0.8577716970520627,0.9718469774211261,0.02642394591769138,0.9999999997859589,0.8660907126910192,0.9341659502553255,0.02563923014000947,0.9999999998074701,0.9999999999350523,0.9999999999084885,0.004365609521009091,0.9999999986431479,0.8237377048100017,0.9805514910793318,0.03972571460211634,0.9999999981583794,0.6230902276415263,0.714058921379871,0.25251659573242546,0.9999999996618194,0.5981769436355843,0.6930253964575374,0.3565685293738312,0.998166258558578,0.5486300621603941,0.6841375922036627,0.15824312839187954,0.05285187711504541,0.12038636431817668,0.02381672341467718,0.20662765252604465,0.17568750843702974,0.2182415255417942,0.09982640559391781,0.016498866735356905,0.11969023585133838,0.14386965627139173,0.1674433943562772,0.3271381358463724,0.17671237650468977,0.08999683318992587,0.034699044803140434,0.04056986237793505,0.33191291294877895,0.31629012741014534,0.30766821220823076,0.320629059938186,0.11064196635585864,0.027545056446377305,0.08844990221474179,0.08165768304071173,0.07398276288090541,0.05074215473991057
1111,Front,0.999884792569131,0.687076849941378,0.7970756383054772,0.04126379833246379,0.9999999999416671,0.7012670274997759,0.835907801595969,0.0676645642992963,0.9999999997859589,0.5757139428500291,0.6192896580705124,0.0852277847011497,0.9994224102812047,0.5734233941304524,0.5481399519432918,0.10718158935543104,0.9972862944405871,0.24839344259037457,0.2538990877538038,0.2876099528685455,0.9963167569128586,0.26909772264786713,0.3681776457226591,0.41504993860734196,0.9993236384851794,0.30927613937702125,0.4220777827117351,0.44835777273657274,0.9987775055019691,0.2786813666326077,0.39664370620092637,0.3449337238549894,0.11016891653461829,0.031741381186633055,0.0600657765348613,0.20276568553867766,0.23489908370153453,0.27933371565589904,0.12771510523410765,0.1513977853867664,0.07774426442315661,0.21158532113120174,0.16396448207893186,0.41004086945741136,0.2227691384518135,0.45538088718726566,0.17140847729019706,0.13155498775541521,0.5083144265741679,0.4436466045397983,0.5039315406260273,0.47890349280103234,0.3488810687278486,0.3618680471317101,0.2520881035358743,0.2561641669174486,0.09090981040371765,0.1423115130595438
1112,Front,0.9999999999423963,0.7265708516019378,0.9099611646445386,0.06126825881344299,0.9999999999416671,0.7969186841474677,0.8655712426641422,0.05474756698143245,0.9999999997859589,0.5853731701112687,0.8316773824204319,0.09782877908031168,0.9999999998074701,0.7608625056335089,0.7749382959014418,0.0393563656078946,0.9999999986431479,0.4991475409181447,0.7504832950405333,0.20999528306996673,0.9999999981583794,0.4868838281223865,0.9108269114980049,0.23785271237220176,,,,,,,,,0.14821572765922172,0.1588996010392331,0.14293581658730864,0.8308320181299422,0.4166276129637178,0.28467942741500435,0.20705021541541724,0.2769180343527511,0.23127291518014287,0.21051138461671545,0.3432943514021998,,,0.7411653154847477,0.2619656959140335,0.27395490265750955,0.823592317114034,0.8168227392531971,0.6624484170980982,0.7256577725306516,0.5755432060590046,0.6495255815329307,0.41031512462703884,0.4547862721597908,,
1113,Front,0.9999999999423963,0.6030407411448485,0.8415676253347418,0.0824045682383858,0.9999999999416671,0.7377907322147527,0.9020300605241737,0.06204665662822083,0.9999999997859589,0.7327813774458374,0.7859551488731741,0.058039341335622954,0.9999999998074701,0.968370461715375,0.963444328882476,0.010233371390294413,0.9999999986431479,0.47685245895385536,0.6640100508366853,0.45272609209302017,0.9999999981583794,0.46079561826739773,0.5824811762594392,0.43948346294144186,0.9999999996618194,0.541018766698014,0.8286766213254977,0.33502660388313776,0.9999999993887531,0.5818142123587148,0.8453395590568862,0.2520805374091762,0.06592297220146585,0.012722825805713236,0.10226038339968163,0.21693478835117938,0.19315837456588697,0.2337600289876638,0.09909152190962246,0.15313643469269395,0.2347789062164036,0.14214277275384213,0.20096657205510265,0.3101268560991535,0.15318951437197537,0.33753250160944437,0.10123947512133201,0.04230069553880269,0.3745723067906662,0.34242183415713273,0.3575141559606484,0.3349006965931014,0.222419608739246,0.15015345091068036,0.07606888662336797,0.042641062707010347,0.08210684160386712,0.10455100374071086
1114,Front,0.999884792569131,0.5344458961554551,0.700277584151461,0.0895560890333602,0.9999999999416671,0.6406519540395781,0.9339796826114108,0.11861803405162374,0.9993578764984251,0.3804895608123056,0.4352326549699749,0.17756088280986293,0.9999999998074701,0.5145158147356942,0.6967362153932908,0.18962140833190244,0.9972862944405871,0.33718032782463214,0.3774155960590443,0.34838643863513385,0.9963167569128586,0.2719803977699654,0.3294508213954859,0.5507011220283776,0.9993236384851794,0.45801608574176766,0.5794866532644191,0.24053746107994337,0.9987775055019691,0.2523741949293337,0.26215930641065915,0.6947039843327127,0.15958535663724366,0.13034132036267118,0.11464321749003953,0.3684583523777471,0.36001264641043357,0.197822419869566,0.3303284482790487,0.1281956254312592,0.16596544921172376,0.17807792392065652,0.3841379489222653,0.4734953899843299,0.42919264836218274,0.34223310804549184,0.10539953857319903,0.139014758323697,0.39143561351176054,0.38281894340969885,0.3794992460791247,0.3969695319131461,0.13160614926343056,0.3255906455444696,0.02463564511331664,0.06452373412269982,0.07771591283371143,0.19087815141313466
1115,Front,0.999884792569131,0.7544839054071455,0.8218492604075963,0.013610398442572768,0.9999999999416671,0.8991731603771831,0.9478662544476284,0.028421445364240756,0.9995719175942694,0.6952243820077258,0.6646784095342829,0.024924181738848663,0.9999999998074701,0.7287783333942469,0.696192065972259,0.04659973772680323,0.9972862944405871,0.44931147535091,0.4784058683672715,0.21164888197420592,0.9999999981583794,0.5079273565137031,0.5839373098233818,0.2736068679667391,0.9993236384851794,0.0,0.02448912746350531,0.6970478239835898,0.9987775055019691,0.11843685185913794,0.28100016494693264,0.6993952406815971,0.30513498835668423,0.13449455837053026,0.35470471137568543,0.45438360044736104,0.3111990071644082,0.44348953851660394,0.15340576630120642,0.4237100513080423,0.4166331090733328,0.4774461140397678,0.27260637237735513,0.6647484280258265,0.3335618567007854,0.557915703151894,0.24041686710888,0.23541597931253347,0.7243086127491198,0.7089960765035255,0.7011969416688272,0.6931368058697016,0.5899846367624094,0.5698758888049208,0.3491343465205106,0.2642636498216694,0.4574166123852392,0.32167893296384803
1116,Front,0.999884792569131,0.6485330798997189,0.8057408889431399,0.0403421079286895,0.9998833342472213,0.6441020759833381,0.7753927557546197,0.06960076537446741,0.9993578764984251,0.5275977921449725,0.7239310461530168,0.04460646119266403,0.9994224102812047,0.6850035720799503,0.708774256899617,0.03324682576809484,0.9999999986431479,0.5143606556702479,0.7111338200635796,0.41435370718642117,0.9999999981583794,0.1850677428387046,0.27682427719101826,0.7738421380609053,0.9999999996618194,0.31989276135979705,0.6678941221449175,0.5120018013084192,0.9999999993887531,0.5615107520400056,0.5920013470440822,0.278783741613952,0.02997018043803582,0.11320789369265412,0.07618941459299816,0.2508341698563622,0.2664575502611387,0.24898282532767305,0.08786775911231481,0.061754767940720205,0.09298242358583186,0.08615913063748035,0.19611612637546566,0.21119188601569333,0.22647015885467645,0.0904298749679594,0.142147898514807,0.08507109359823321,0.4828482507800007,0.4451075918357024,0.3611046906453071,0.35370993704114567,0.1400812967126543,0.08228762921118891,0.056282946320298205,0.03462212267364903,0.07808798795930136,0.032646608599158654
1117,Front,0.9999999999423963,0.7995011283525656,0.855991866155804,0.023543817902874003,0.9998833342472213,0.6866932365304447,0.854701016349726,0.08620437751979898,0.9999999997859589,0.47690184782355993,0.8004991713762648,0.16662643653445292,0.9999999998074701,0.4703513671188964,0.7874038416787769,0.17942154295844792,0.9999999986431479,0.2973114753708444,0.5494115297897232,0.4082955754417874,0.9963167569128586,0.2503603343542289,0.2438689571409117,0.6075750296795576,0.9999999996618194,0.5973190347884911,0.6932622388817528,0.2618122875237925,0.9999999993887531,0.4748389913246547,0.543703654226209,0.34898018062060904,0.1491744433159612,0.06815054270080934,0.1504738422069299,0.33448495380771803,0.2650773413894762,0.29213339312310066,0.11030164197608934,0.11261495276802867,0.25309819959349217,0.08385438718513537,0.11446001783109308,0.2786119030629017,0.20345087561823058,0.2318536257004831,0.10113299368573227,0.07355794146696715,0.4661295785214241,0.42835818653965924,0.4996080674125079,0.5683986188615885,0.09372401964068548,0.03641783749027127,0.07778844284238183,0.017777939468021673,0.04621834428922597,0.07668839607351208
1118,Front,0.9999999999423963,0.7632141584057955,0.8610886802518872,0.047084667783035494,0.9999999999416671,0.7502230681845087,0.8712428357402683,0.10850932376563815,0.9999999997859589,0.6105711542710239,0.6261004090556324,0.0763216014653868,0.9994224102812047,0.5565369876887356,0.5180625118632178,0.08817475305303867,0.9999999986431479,0.43449180322170605,0.7658025310812439,0.3140911711653154,0.9999999981583794,0.47088498119474126,0.6147312847873562,0.3263022621653936,0.9993236384851794,0.3719034852148092,0.40312403576266176,0.2250757442257646,0.9999999993887531,0.3288942254853297,0.5101766584166617,0.6213114727300012,0.06410579976394845,0.025268695565254035,0.01363153703872944,0.1576600803701379,0.18469086220299386,0.22469690914310306,0.12011805707752271,0.0817983315300899,0.026977152552140282,0.1834400944505306,0.2499416615205924,0.2614137398939382,0.2546695696074447,0.31848139234319,0.12088819029049468,0.10441640549354574,0.4922773829831736,0.4993200911765717,0.4533859209436868,0.5040938074996607,0.3681288851403031,0.38805549339918005,0.0971706970814951,0.1427655037905341,0.1318020834281964,0.1783211062530758
1119,Front,0.9999999999423963,0.9492813872817863,0.9917147004070674,0.004574099921080043,0.9999999999416671,0.938373683841629,0.9969382907343186,0.0068404322409555554,0.9999999997859589,0.7230621549842174,0.836597678591991,0.05430390103026498,0.9999999998074701,0.8519841527016961,0.7707417242342255,0.04337891064372081,0.9999999986431479,0.5944918032007223,0.7056299121307977,0.3973692198492257,0.9999999981583794,0.6633035455947962,0.869326007905742,0.2825758362829286,0.9989854578968598,0.2890080428644494,0.4914167675182796,0.44269428081869994,0.9999999993887531,0.5389149655562804,0.5691407561585747,0.2036057807365488,0.0835262704692321,0.059786921542275995,0.06336946244867583,0.25823609799678005,0.20838005629778256,0.2944989707838927,0.10223700081367189,0.10542158419672369,0.08795137715395503,0.27964264587731213,0.344137401742163,0.4139052103991072,0.25214261092696627,0.3855886706804014,0.14136745259486286,0.0995616087594935,0.4502734871497748,0.41461424149847553,0.4469784862930731,0.44180534672562566,0.38490078849046955,0.3435217628550409,0.14298200522759663,0.13327624909731076,0.13508177301153254,0.15882593473569848
1120,Front,0.9999999999423963,0.6519182800420525,0.8637156757860929,0.05957160915976539,0.9998250013999985,0.6325025280689724,0.7853392973932088,0.043851720302142,0.9993578764984251,0.5086393088247756,0.5866239811773968,0.07867986618215021,0.9998074699653818,0.6950055205108133,0.7413033014198971,0.029662855904566195,0.9999999986431479,0.2687213114401678,0.5649776002558612,0.4721726109700556,0.9963167569128586,0.08201210722369401,0.12244269284131001,0.47581966216535476,0.9999999996618194,0.27528150131096163,0.5355590264584144,0.7622480115389358,0.998166258558578,0.37452243200802077,0.446042485148656,0.2919781924386214,0.04986974339116641,0.0556311736361277,0.07892866441376828,0.24695247155232455,0.15831721413521296,0.2305415263658593,0.09450723971959818,0.16535572635705423,0.04370478013385904,0.1725627807291187,0.13570536052894666,0.3412615413386675,0.20332859604071388,0.20580713327363753,0.10631815353288447,0.10269356405729675,0.3505878628297164,0.3438981173628037,0.3336961459729065,0.3512778357228449,0.2942455395254438,0.27408650171384447,0.15923734772492895,0.19101291059776127,0.059022763345168976,0.09741971289078202
1121,Front,0.999884792569131,0.772835253547165,0.8644652281450999,0.0164518974836617,0.9999999999416671,0.7745523763741269,0.9312714478553366,0.040326015665002865,0.9993578764984251,0.6492080633159821,0.5830210507597929,0.04191440794021721,0.9994224102812047,0.6587646943782057,0.5685737408816597,0.03664543113245829,0.9999999986431479,0.40563934420909636,0.667577870753658,0.3183366157561568,0.9999999981583794,0.46857884109706277,0.719442687135961,0.4347862334629132,0.9993236384851794,0.26091152812215423,0.36687441822074857,0.5241521624851024,0.9999999993887531,0.34679620125021327,0.5751311987340431,0.6791956374216972,0.05499956925493112,0.1383637640223694,0.13901956057087494,0.2942428748550511,0.21834357152458583,0.3029624523496149,0.12664201363262875,0.16782467349806576,0.10256244982418337,0.29901996823231247,0.2191993366862107,0.4434589871306458,0.26198371660959274,0.3910182101543381,0.12328616327006348,0.11494802655728703,0.4257905376621552,0.3878852508151772,0.40972999943176897,0.41996733854942675,0.2952151943076885,0.31039463467196377,0.11821062924790811,0.12104347774713313,0.03045211821763495,0.0722044164934038
1122,Front,0.999884792569131,0.6694975649917153,0.77681925516766,0.046392939764350646,0.9998833342472213,0.6717030515334184,0.7861556314701587,0.06432366121806196,0.9999999997859589,0.5091792656281989,0.6180123426325036,0.10927179120803641,0.9994224102812047,0.812106254412411,0.7303562303029733,0.014685819454892222,0.9999999986431479,0.5230163933740307,0.7246756178094321,0.3177712036917494,0.9999999981583794,0.45056212158394904,0.7061369231072481,0.47695708882979254,0.9993236384851794,0.46337801603609885,0.49240296824772894,0.11411267488671477,0.9999999993887531,0.6163082632227586,0.7849463807980547,0.22826388675895182,0.166641501378839,0.046903153180711254,0.05990457476084908,0.32752872102292824,0.33413754436035076,0.3474912022623136,0.14453177741401943,0.0981048223757628,0.32991748915359415,0.37167330350940186,0.34531917257732214,0.6057408914126575,0.34110306991966227,0.35232237024443436,0.13005137174862685,0.128726900522847,0.4385412488625956,0.40456624702367056,0.49679026317629743,0.46436103565878367,0.34125268080093174,0.20483202745651222,0.11149015435082105,0.09997101243009804,0.13719245308260875,0.055809474526139095
1123,Front,0.999884792569131,0.733697588743693,0.7648631486595082,0.02313757045629135,0.9998833342472213,0.7487954315181252,0.8346137270347289,0.04776744791464886,0.9993578764984251,0.6823854091263267,0.5910383811243691,0.031870798380018085,0.9994224102812047,0.6239527180214357,0.6077390383336545,0.07616741878383491,0.9972862944405871,0.6108852458215231,0.7180250307199343,0.18368574010522748,0.9963167569128586,0.468434707340958,0.5395996932990207,0.21281486634712365,0.9993236384851794,0.6438605897432856,0.7439064660677009,0.14910689921935816,0.9999999993887531,0.3574937233536193,0.6204618572768075,0.41335472175600846,0.14918015391441564,0.12755796742485884,0.04458506965248427,0.2631245339521561,0.23615955125240742,0.28431282027031646,0.0947768291714582,0.1596452488000769,0.21707806067855304,0.22567585245728042,0.4138242141674923,0.44906290760547574,0.3035343633058989,0.23003866991080693,0.13812938165749705,0.09952097859842393,0.39806369803006186,0.31562590843631977,0.389894399948449,0.3587131701265043,0.3158506837333952,0.3043914075472199,0.2028085068283361,0.16020025426658263,0.09774936939466225,0.13831243815952676
1124,Front,0.9999999999423963,0.7580472739780231,0.8233920403227957,0.028990123253711298,0.9999999999416671,0.818571173587617,0.9235739827363542,0.04696812593676031,0.9993578764984251,0.7537197023785864,0.6664813634803779,0.016804349546120943,0.9994224102812047,0.7109177111962772,0.6982638814502943,0.019404219273825702,0.9999999986431479,0.38806557371959816,0.45879032270728454,0.28260718340141655,0.9963167569128586,0.10810031707868256,0.22677678109319355,0.6816542160219917,0.9999999996618194,0.15517426271794377,0.48405790736742543,0.4000939313872264,0.9987775055019691,0.0,0.1447346955296086,0.9378471454310309,0.08737250618782254,0.17609626251552932,0.10376140119628774,0.23150025814081812,0.3241799163128328,0.3534616028885763,0.16465676036033014,0.03524467116496076,0.2155829160541932,0.42580417195890347,0.5397476884697513,0.6305677125015801,0.36405335414966083,0.6907176768794789,0.3135839545848356,0.287291027701566,0.5308858094622018,0.49919557871263437,0.4979870916108125,0.46395560863675417,0.5882052819540384,0.7501082526023886,0.3120245804170291,0.2980280633626764,0.1913755455760235,0.13949548507355622
1125,Front,0.9999999999423963,0.7796056538318324,0.8735276625662899,0.04468882154754834,0.9999999999416671,0.6501100469543685,0.7912831858116577,0.06553942781354949,0.9999999997859589,0.7681185504698752,0.758592047764292,0.028205844555007433,0.999614940123293,0.578684159214218,0.48047334711856365,0.04078017465299353,0.9999999986431479,0.2557377048844934,0.525173212530145,0.587640834123572,0.9963167569128586,0.3008071489909474,0.42560586525317573,0.41806784641835765,0.9993236384851794,0.42509383373457427,0.46228679427920794,0.19385854913692108,0.9999999993887531,0.2215915292848388,0.4080072541586053,0.7805274733116861,0.29577019035870905,0.11149538661970902,0.0344048013883598,0.3249485319312491,0.4367906951873224,0.37669137526137286,0.16689954179233293,0.2182672445128095,0.23386153996883297,0.295217773292376,0.4970710008178845,0.573070811957913,0.449879390207039,0.529569174590801,0.289295110583552,0.24671925140524306,0.6495872509397742,0.6613184184864387,0.5779438414994017,0.5785574770485407,0.58604464701362,0.6820374571126245,0.30531185548030104,0.31881271358962726,0.28966991444566964,0.2822439684237775
1126,Front,0.9999999999423963,0.9124599120493846,0.9837522529539812,0.010705542773384475,0.9999999999416671,0.9299268335655269,0.9750427381720503,0.017769145129498252,0.9999999997859589,0.8425725941419143,0.9462405524496145,0.015818418076611416,0.9999999998074701,0.8243164252241139,0.8825657026640703,0.03947919809961318,0.9999999986431479,0.6299016392616524,0.6665806130045604,0.1581985222846013,0.9963167569128586,0.47189391748747556,0.4967203024305284,0.19375432275891763,0.9999999996618194,0.5262198390856601,0.5984519730388698,0.2013820529774684,0.9987775055019691,0.2341447439980194,0.42688429440736675,0.4361028144730724,0.10039456699132525,0.06810814523346449,0.057765314104327,0.2951305576851699,0.26643486634440666,0.2812586434130395,0.13112838610856326,0.13744746484586395,0.14395900024807026,0.20401142551981852,0.2165723950965153,0.42468104691906217,0.20932391750492177,0.35797536834874616,0.14105834292888686,0.1594132581360543,0.4623380555955321,0.4632925467013057,0.455970239517946,0.46686775780880135,0.30834928992517724,0.3329291937833167,0.31845627990680253,0.2916004125283106,0.20395328066698074,0.20096836062403958
1127,Front,0.999884792569131,0.5384843805357831,0.6640665591044426,0.08470643266180536,0.9998833342472213,0.622865980570884,0.7284808171319006,0.09152035290524238,0.9999999997859589,0.6814854811206211,0.6391571406788226,0.0512013782165339,0.9999999998074701,0.5805676430096404,0.5220455553306175,0.07815506218588397,0.9972862944405871,0.47265573764293045,0.48213606609624043,0.19936092069551795,0.9963167569128586,0.43571634470514325,0.4576501474444114,0.3048902870243793,0.9999999996618194,0.6343163538193763,0.7040387716591399,0.11675401854388177,0.9999999993887531,0.615653312889897,0.7157237973507011,0.197246992492736,0.09557099240210887,0.12591171366526394,0.20092998204895401,0.29504695572944184,0.2777122005839541,0.2790509381587433,0.12794577723096823,0.15941124865626982,0.2119385324119904,0.2602562425463806,0.2008412419485646,0.5206893275915524,0.18089437037790906,0.49742101960097895,0.2368312196279632,0.2204537190863716,0.5669982548794238,0.5701855429306825,0.495468871803824,0.5195405639315717,0.2376901402610521,0.18034285687728288,0.281558427285336,0.30299882301556696,0.2462407055279997,0.14087572436297102
1128,Front,0.9999999999423963,0.7769331274036742,0.8399376818092595,0.05298744174666512,0.9999999999416671,0.8461126642765978,0.9376170404465242,0.047963729454638095,0.9993578764984251,0.5208183345019907,0.4638459746640472,0.08239977319448756,0.9994224102812047,0.6375267908918927,0.627224209077135,0.06310679305012395,0.9999999986431479,0.45154098354733874,0.7547051881956448,0.4152745673942589,0.9999999981583794,0.48947823573227456,0.605821931825847,0.44483602662905897,0.9999999996618194,0.13941018765261018,0.4638043655202296,0.999999999986121,0.9999999993887531,0.16744896843494722,0.4647578392808397,0.8733515051220806,0.1295212551595643,0.12066068603152111,0.12384296852565604,0.23405838198566742,0.20072621841585103,0.32755145663786184,0.149394930194994,0.17947184741350886,0.27202251616515044,0.14904617438112963,0.22116518043409675,0.29952297441791254,0.19258338124874427,0.5257000360786529,0.2581324752756915,0.21625123583151573,0.543411279303005,0.5265253710882933,0.4823264051250599,0.4906498355351323,0.5443456479925397,0.6547340329146519,0.3788983191194112,0.4040184095247365,0.16328887393900973,0.2828727800535434
1129,Front,0.9999999999423963,0.7434374628374251,0.9241931764368096,0.050043494523007326,0.9999999999416671,0.8651478198283773,0.9568811437052385,0.03557004978355535,0.9999999997859589,0.8495920325864176,0.884291579026427,0.027531934791043114,0.9999999998074701,0.9342729102465237,0.946211997015758,0.02055815164129734,0.9999999986431479,0.4857704917395711,0.6597644204059512,0.4545607845304415,0.9999999981583794,0.4971173248058348,0.5882861901700508,0.38414761101282086,0.9999999996618194,0.3356568364251306,0.4105272849442328,0.48926345376414976,0.9987775055019691,0.35225412069072654,0.5081053554959839,0.4132158196976817,0.18061527060215565,0.09763563518814586,0.05522731651528355,0.2692167061539035,0.26239165898701317,0.19953773647065753,0.0783767312460455,0.17697049071070953,0.28078700946299767,0.29235191396369703,0.5166971101824429,0.5835500936502928,0.40060764438940105,0.41671327724249224,0.13001306216547254,0.10673190193647916,0.4114394765966701,0.3877038848847775,0.3975656985433732,0.40601399134305083,0.44248451342288025,0.45482911392010933,0.1403183130449721,0.15270338485269658,0.13005521964707997,0.1403727923127658
1130,Front,0.9999999999423963,0.7339351466484181,0.9110708141422591,0.04969993571019638,0.9999999999416671,0.6740229611162915,0.7976696768169405,0.09904025373473252,0.9999999997859589,0.509839212832383,0.6993608265144018,0.14639889589289773,0.9999999998074701,0.7032538805804213,0.746339297302056,0.048918615485128505,0.9999999986431479,0.5375737704213017,0.787271210585514,0.366084583919807,0.9999999981583794,0.556068031052743,0.7170437515403795,0.27765338582291327,0.9993236384851794,0.3471313672549992,0.3730687516092308,0.2306636261194713,0.9987775055019691,0.4354328129641488,0.362133594051814,0.18964717247513396,0.125953783099164,0.08632835849144554,0.02459498675469086,0.3022652435852887,0.24040716268505746,0.29033181127264057,0.122749054883776,0.11840024938595159,0.16597721149638064,0.2538902546198066,0.27061163622535633,0.5514685011145213,0.2761166052056792,0.3262144062598342,0.09166212404121563,0.10421588704053618,0.6018840476433381,0.5592632024405841,0.6541256000268789,0.5940127125412413,0.43359040964904094,0.25872554834274775,0.2197976509888694,0.19811116140462307,0.07133892013275858,0.09787857875192349
1131,Front,0.999884792569131,0.6338044898067582,0.6954035711301595,0.05901348169216798,0.9999999999416671,0.8393313901112763,0.9200306909652471,0.0512260574988859,0.9995719175942694,0.43802495797708035,0.3167029647109915,0.07249451527967062,0.9999999998074701,0.41352211467081107,0.37645655734212524,0.2627282041434178,0.9972862944405871,0.15186885243909912,0.18560823129186624,0.47895802127596976,0.9963167569128586,0.2623234361109364,0.27364695429288305,0.24991868107831747,0.9993236384851794,0.38155495974460535,0.45655417745472043,0.19379345115247074,0.9987775055019691,0.5203580394585353,0.48098866278385427,0.13495597092119024,0.060720427312143783,0.21662606514325836,0.1679752236594215,0.5322125302399764,0.40293097897127644,0.675754652389307,0.9999999999227526,0.21888534951389851,0.36203708702272464,0.5877051246580057,0.9999999996015793,0.9999999996381385,0.9025222994898632,0.5623924901159875,0.21205673205834785,0.16749697791319496,0.7459245072029839,0.6617481669069252,0.6816862901914694,0.6655963772969554,0.5185923025308871,0.39630653565931667,0.19178104760424028,0.18789664422629526,0.14553740046951355,0.15915806702792681
1132,Front,0.9999999999423963,0.8220691293014568,0.910219840808472,0.04360030314503741,0.9999999999416671,0.6049610373799915,0.7998989652003653,0.15960625811092405,0.9999999997859589,0.5941924645671831,0.8205587447755,0.06727298842619701,0.9999999998074701,0.831850360405803,0.8576956746881248,0.056757322540441815,0.9999999986431479,0.502426229442305,0.7597550198691285,0.5697928522928726,0.9981583775356216,0.46223695582844676,0.4256854507109609,0.3479379817552406,0.9993236384851794,0.30873994634758817,0.2187128093800873,0.32980661138786754,0.9999999993887531,0.6395590000393451,0.7893136672390371,0.20859432194150662,0.08899260258211661,0.10961873902418583,0.029018787663166856,0.4690488616431257,0.3711682007467204,0.2256895440917125,0.1363122600082329,0.3813328306305726,0.16413487299401328,0.18005022116901265,0.38314473066117366,0.321059482179219,0.2905790612895135,0.20210302092003712,0.11299093089495953,0.002347959260229428,0.653818889999201,0.6324357095171598,0.5391223742994087,0.5375890530547502,0.5290321185830194,0.5116412522991083,0.20429401658951907,0.20835192123816687,0.10884389458436093,0.10524936154678942
1133,Side,0.8519009216099135,0.04561111770723297,0.4157882152346503,0.5707498618912642,0.8457679518843978,0.04062816013082932,0.36229500208380516,0.6712901508788108,0.9970034244441348,0.6781257498993205,0.6959312004604926,0.05369687314577813,0.9713130533362891,0.7394297589959452,0.6561867515753722,0.08035658628389677,0.9335142456804408,0.8268852457931952,0.8805120296906483,0.05511208016313076,0.9668508269487082,0.808446237992441,0.8670591332101732,0.08793480909446474,0.9793709837743076,0.9515281500320076,0.9745190833578344,0.006088862902898445,0.9944987768982279,0.9167121492286092,0.9599799760847957,0.010421313958552652,0.07577638096409262,0.165769343499165,0.14411410029088537,0.22392330786373693,0.20963557769925617,0.376692474608451,0.17166691931911074,0.20302633219358027,0.13215543462567714,0.40344765195584475,0.30749463145361333,0.6374376209864754,0.34009686166811326,0.5692046133616482,0.21640541127558546,0.21952903144281827,0.660745566594627,0.5720435833139005,0.6226307684183411,0.6272712849867984,0.43822754252213286,0.34979645528416525,0.3211247251422881,0.2502382563217923,0.18702289739096814,0.146726666341043
1134,Front,0.9999999999423963,0.8579997623911391,0.9311940667899353,0.025629953880471873,0.9999999999416671,0.8227945987256678,0.9179718386243552,0.04735530428997994,0.9999999997859589,0.5995320374010359,0.7446166575341708,0.08503745807215733,0.9999999998074701,0.6347989867743846,0.6797233832974539,0.09498589882981269,0.9999999986431479,0.447737704859313,0.6459854694362803,0.4382535448768611,0.9963167569128586,0.0,0.0,0.47421456103333687,0.9993236384851794,0.17705093831881483,0.1471144883275895,0.3923894567233973,0.9987775055019691,0.4705818141610543,0.40318627121684375,0.1546918697717224,0.12086515423945852,0.08503225376002073,0.14213770980545493,0.3727177874673451,0.3649739510243386,0.4266147309739757,0.15782620484411466,0.039133204880778955,0.2158658986058825,0.2639553215990042,0.39009044456865527,0.7616917968850742,0.40152363659529106,0.7458240844772461,0.2386949611582157,0.20648458769960162,0.675502313871434,0.6006730675040772,0.6979815959503348,0.6444312782592722,0.5569752672336615,0.6109046034907413,0.19182364152122022,0.16455407887754517,0.1968623372711915,0.2857743806977065
1135,Side,0.9962557603112755,0.0,0.32674328152566945,0.9999999999981799,,,,,0.9903681504729522,0.03593712502784154,0.02535246143083189,0.9999999999984073,0.9913361569134895,0.03598103526427349,0.06444086112434107,0.999999999998403,0.9945725902380301,0.8237377048100017,0.9272217430088229,0.03905874522651837,,,,,0.8315860666785305,0.6024664878710493,0.7227912794850221,0.13870740585596952,,,,,0.1390717028565096,0.07240713192291706,0.06231638291854164,0.4629677730363074,0.4357604007843149,0.07134284962037424,0.02943781092947003,0.1853120403605533,,0.13961330114146028,0.15411189302206466,0.13004946276769994,0.07466558505824927,0.5427194609245926,0.27474733280370184,0.2593516965982742,0.9999999997865058,0.9444163618018213,0.5754577386944938,0.5659566579607818,0.6787729923850037,,0.36986271487894967,0.36661660354465725,0.24037066322028894,0.2248712540692062
1136,Side,0.8552419354346059,0.0589143603718426,0.36373738257677385,0.47050210461121394,0.8499679168844445,0.06323240734856746,0.3898748541598949,0.6981555249577104,0.9931506847189319,0.0,0.30944363472258274,0.8095720438765696,0.9828648438615973,0.0009742157562528918,0.3336479526884306,0.8641077841448128,0.9837177734277908,0.8839344261135822,0.9012777233319724,0.014886527353037379,0.8821362783017774,0.8869991350696168,0.8977137269017114,0.020076918449432782,0.9715928302429512,0.8135120642559235,0.8519783457122639,0.047962254846956216,0.9999999993887531,0.9489138739276374,0.9524135549755486,0.011339089792813417,0.103278923654184,0.0929960609907899,0.12137417704509336,0.3599341234233091,0.272755440600007,0.8783472965782105,0.15641006541478544,0.21660046960434176,0.15411048166164268,0.3278716355599836,0.2034501100240478,0.6003625653511142,0.243557606710651,0.7134008612963165,0.3908634657517752,0.3339090146096372,0.7568100221793278,0.7434897743552712,0.5729434620881747,0.5457305142493498,0.6147420319328732,0.7037658492034813,0.09009006040353379,0.10535159531157022,0.20102178704883222,0.26925569160095925
1137,Front,0.9999999999423963,0.7670744743575796,0.936344082625237,0.05082178374565863,0.9999999999416671,0.7885908035935641,0.9173558185213857,0.06596182728752538,0.9999999997859589,0.5663546915906914,0.8117067503538845,0.072077749913027,0.9999999998074701,0.8506851983600255,0.8642840533089996,0.03795341380528718,0.9972862944405871,0.41259016388031594,0.33239608885651617,0.1748587661960739,0.9963167569128586,0.3485154222616725,0.280726367880178,0.23913336962674203,0.9993236384851794,0.25404825734541037,0.22769814565558755,0.5093279789477027,0.9987775055019691,0.014954699267006415,0.0,0.636596846132382,0.13222753456736247,0.08478883179668273,0.10482512547886998,0.47305201852618456,0.3630853312566916,0.3757650111770937,0.1875738029639647,0.2405180723561946,0.21999888554219338,0.3750725588643769,0.3621867411663509,0.6963183169528049,0.36303120884908663,0.4648164168428199,0.20972246974434913,0.19484160011890175,0.6215400756520788,0.6046893786534814,0.5595029623229939,0.5412642372532489,0.5042317054641601,0.57250194276986,0.1809526987135015,0.3168677943420537,0.12720704277580921,0.24512440198488025
1138,Front,0.9999999999423963,0.8185651502067607,0.8455796112138578,0.029964551946608877,0.9998250013999985,0.6882398429190267,0.8107526181877387,0.051662264961895646,0.9999999997859589,0.761279097626513,0.8844118488743855,0.040036916030015926,0.9999999998074701,0.7389101772592771,0.7780039333720118,0.07332047672334872,0.9999999986431479,0.5146229507521805,0.5398540105574391,0.3613325389120604,0.9963167569128586,0.4597866819746635,0.4267007980443005,0.25482330333398434,0.9999999996618194,0.4862198390899497,0.5494169310568022,0.3061464590522412,0.9987775055019691,0.5796310445825096,0.63163701038543,0.12785550978376528,0.14042056584450627,0.0,0.010888983695253108,0.1425019034909602,0.10173772020788953,0.15969440380409405,0.0532506237667681,0.09512380322230429,0.11743957040087775,0.13949798052330298,0.12949459728228324,0.24735408518803012,0.19262804957507007,0.4213986479624894,0.07502417058565955,0.10971134520847937,0.3495934722202927,0.33493798110771644,0.3993711307647964,0.37924423105021304,0.43116059210901925,0.178077293419307,0.19327540020157036,0.13355738485189275,0.05182853007283893,0.04038866563688217
1139,Front,0.9999999999423963,0.6999643662727185,0.9560602043094204,0.05018994513439389,0.9999999999416671,0.768663375125295,0.960469140453813,0.0535413551902061,0.9999999997859589,0.6382289416463744,0.8634297256745783,0.08185326090089112,0.9999999998074701,0.7392349158446947,0.9021339259214906,0.05597524509231728,0.9972862944405871,0.29586885242021393,0.3779230313584907,0.2984701301697672,0.9981583775356216,0.33266070909013246,0.3609388218294123,0.41838153423665425,0.9993236384851794,0.1282573726404013,0.10848574000770993,0.6642826990324144,0.9999999993887531,0.14812793361553012,0.1446375108604562,0.9963928791499781,0.08697041669394577,0.09624113598143262,0.12311279281179398,0.3389526557835612,0.3176935542802866,0.4137882354425101,0.17723616765089803,0.2553137837704378,0.2917937459660886,0.2536710981279766,0.2535221074462621,0.42775378605906694,0.24941332769909885,0.4678031598192704,0.20848668800831838,0.1766002392710475,0.6567139741320179,0.6455220319810075,0.6495211480593385,0.6296023119775255,0.5257988501531988,0.5967377969150729,0.23198641534384057,0.20051891019438522,0.08443091119647468,0.010392595350180842
1140,Side,0.7563940091730188,0.0605178762287375,0.3549435250447228,0.3186710343711564,0.7432188064665916,0.07048956040268338,0.36766344571633774,0.4556756069014716,0.9955051367732222,0.799856011471091,0.8083911292282372,0.03664320567688833,0.9817096648090665,0.8352276416941463,0.818619453734002,0.04023281945187544,0.9321573935791624,0.7181639343320441,0.777054559174216,0.142305128490403,0.39779005451603927,0.7647737098926531,0.7756937845222064,0.09345057944133146,0.9999999996618194,0.830991957015443,0.959499625502718,0.02231024553971224,0.9999999993887531,0.8386639012292694,0.9326387875768221,0.04136825281774749,0.10174323854200897,0.1593961508418121,0.03816961887073036,0.33743066407981437,0.2959241822881395,0.3268858937415488,0.13881464685084433,0.056629408828469334,0.14986401547499031,0.39071565295656036,0.2619428527536267,0.7127476073625114,0.37901710545767475,0.6845768783036214,0.21167620028993112,0.1924587751204688,0.34222823926659535,0.4622128560337984,0.5841254956437836,0.6118891841989407,0.39403262693215485,0.39251740177323685,0.2723336073767579,0.3668587478299678,0.02405700728944621,0.1715771774705643
1141,Side,0.990322580588115,0.023458843091610712,0.49111033601785425,0.6640866222575474,0.9676836025801969,0.08226756290034694,0.5462512306557087,0.999999999997506,0.9591181504796409,0.7254019677990519,0.799680775518654,0.04165039765098551,0.986137851177101,0.7546275247934904,0.8739292985958597,0.031097642950286282,0.9999999986431479,0.8460327867742907,0.8931749282024235,0.04528662355948179,0.5893185992830252,0.8339579128230098,0.8109776518247536,0.04044710017828051,0.9834291508341461,0.7990348524612295,0.905487330568678,0.030310632868276555,0.9914425421812706,0.840956227394285,0.8724193570594735,0.06291819743322984,0.3989107369041629,0.10686637442742013,0.09594137355830197,0.6127777798234723,0.17742275424021178,0.43141669900491836,0.06930555851653007,0.41006654634154444,0.47608030232293186,0.0966757144552452,0.27800719353913145,0.21807275377939175,0.2438155018439659,0.38202443962612204,0.12890146856819484,0.139252817871967,0.6277105456037602,0.5932416140019756,0.5170318553831825,0.5646957782337327,0.11775083662220001,0.4661733270590946,0.3727107639837068,0.28842093557036413,0.26064836261576807,0.17853910543593166
1142,Side,0.9376728110058944,0.03789048580366489,0.4550994688420569,0.6198129130656352,0.9917750684832424,0.06811016595871094,0.4700347558383265,0.917337885410634,0.9826626710225465,0.23128149746632576,0.7311012623180049,0.10721623711591972,0.9911436270714008,0.0787166331052337,0.811280734515481,0.14139240402064482,0.978290365022673,0.8594098359528644,0.9312147168942696,0.021098116314595385,0.9134438288886857,0.872153358190811,0.9188524726154973,0.04262125737080971,0.9959418326019809,0.854369973098727,0.9519615364968933,0.02049215460217339,0.9902200482944867,0.9605938215303357,0.9686179089089942,0.006521906686631946,0.16805716211241625,0.17482461092419135,0.08724630149271008,0.2558745464104282,0.24494630746447524,0.56586566868434,0.19465468639000427,0.23731629488797976,0.21950477709989,0.29267482294244745,0.2580592606734464,0.503753723985285,0.23179147453656865,0.5234427360864523,0.19349044951138936,0.14919469466819724,0.6050364013123244,0.6421175500893522,0.5782385567433409,0.5677715609045207,0.4924735601086097,0.5475072442631422,0.30061223785461155,0.26599180890583585,0.18692954173900747,0.2234436556556009
1143,Side,0.9322004607757948,0.004216652808871798,0.4145043856799396,0.5892007345314286,0.9410254913993451,0.07453453095743652,0.47484257030420807,0.8915837683533753,0.9265839039112619,0.41654667624090785,0.7282841526132544,0.08323516716131006,0.923950712182528,0.7044229394879247,0.7748413372181152,0.0445026665730618,0.9606512877060374,0.9293114752879591,0.934991414957913,0.010854867858504449,0.8526703483376218,0.8748918995568042,0.8903872259830464,0.01770984359473309,0.9945891102487018,0.9479892760377493,0.9577327084868202,0.007274522501887521,0.9541564786343787,0.7785176289948131,0.8539308950205559,0.07146403679664265,0.09329112450104889,0.05150170668279638,0.13752951922917664,0.5398219812516112,0.1756059843723166,0.2203695242235038,0.0960637415283709,0.07453551709545378,0.08912480041620807,0.24318979059411294,0.24459258076433746,0.429222452999928,0.2627749838341488,0.3247698041871127,0.0997160554211668,0.12741383234401615,0.6585445179243088,0.6149842277578823,0.5897830864673637,0.6527082747378876,0.40698825186098764,0.1959197680883597,0.18532170810772303,0.2440135140951334,0.1378010196353628,0.1746107937530374
1144,Side,0.6636520736944901,0.04103812804127342,0.3189696446959137,0.24850143573278108,0.7383771801470934,0.0541907084614722,0.35326983191632155,0.4083500432426066,0.9672517121217354,0.9475041996071811,0.9070437583194498,0.0032885658313675475,0.9705429339679355,0.9465480287753103,0.9114567897362609,0.005008439553044153,0.9145183162625267,0.7476721310494856,0.8861988648786778,0.05756746215334005,0.745856352217577,0.6938599018890371,0.7887478229097439,0.13331034157220412,0.9949272908370214,0.8421447720276521,0.8883412689824988,0.046607721441126515,0.9999999993887531,0.8690099333185232,0.9221390000005142,0.028222355608638523,0.35915970764558686,0.23446322755294222,0.24045895819962718,0.44583695580715144,0.36443572395157264,0.4356698791196096,0.16417350281339335,0.9999999988285989,0.5288972354840885,0.43032946069105105,0.38577612973337017,0.7481090261245397,0.4217213001549557,0.7005876388393724,0.24836503186739908,0.20732659036184303,0.4788498593232162,0.4955438779952029,0.47841993774715,0.49772760458471194,0.6927458933750091,0.8910716874773095,0.5165590599279092,0.42699094669649884,0.30355212100334494,0.30343873353876516
1145,Side,0.8014400921197327,0.05036227580173641,0.3038821346816546,0.412719509503126,,,,,0.973886986092918,0.8444924405540861,0.8958826879542399,0.012412834265295707,0.9765113590726778,0.9112814183989555,0.9239495945272604,0.009749820863401242,0.8900949784394909,0.8535081966093758,0.8972807559845253,0.021410860084711093,,,,,0.7341900572424107,0.6839678283448829,0.7432041882283048,0.046087463714537605,,,,,0.24142842399014736,0.10274980221485157,0.09299636422200094,0.14562417907849784,0.12969390241105266,0.188894112735055,0.07929067250263593,0.15315707562642447,,0.1061070759683096,0.1212114974982053,0.06293543572717798,0.03720366841306789,0.5692714634766836,0.16326982458209013,0.14831099521276805,0.5888496611940062,0.5479158274458802,0.5975868446704846,0.5873638661963915,0.4068547342185533,,0.4216482430264675,0.419154502278272,0.39332451114781214,0.36549607749106594
1146,Front,0.9999999999423963,0.8145266658264327,0.8887888859884087,0.03608047276820078,0.9999999999416671,0.6563559573697961,0.8590130624950433,0.09964911597004186,0.9999999997859589,0.6492080633159821,0.8031489331274336,0.09179354703204176,0.9999999998074701,0.7668376956051933,0.8780541824461865,0.056827991625279434,0.9999999986431479,0.46636065567654306,0.5660494957439872,0.404947959444561,0.9999999981583794,0.500432401196248,0.5552432267517325,0.46578847501612686,0.9993236384851794,0.2628418230281134,0.35147518756572743,0.5952109201503513,0.9999999993887531,0.32987665098462216,0.6618947113381801,0.6275518857249801,0.296999038262609,0.12601652814490025,0.1355425302342183,0.27401088514289007,0.29386026365488443,0.3492216555420914,0.16196524275267826,0.28768100196687296,0.21939455584786638,0.41973727664782423,0.3929796498232548,0.556711894178241,0.999999999798015,0.7318454828415566,0.34335613056036607,0.29822542250441936,0.7981433203975945,0.7392916440677809,0.6957118782032378,0.7216414232531705,0.9728022573833174,0.9048746415042641,0.49254701302228243,0.5191868453568551,0.5908455194448732,0.5431543471711943
1147,Side,0.8928571428057109,0.0647345290376093,0.3869368686451877,0.49908638176588904,0.9462754476494034,0.04568437332427074,0.41844248169744735,0.788729525421199,0.9755993148596751,0.6844252459392592,0.7275428655434865,0.05656707490619485,0.984597612440393,0.8102877183340723,0.8145554504951346,0.04081067119043794,0.9959294423393086,0.7731147539969685,0.8581803671267924,0.06226451435937588,0.9999999981583794,0.7261458632565372,0.7882959545424872,0.1336287115429437,0.32330064243378415,0.3332975870956249,0.2704242368681454,0.2295535213153159,0.9144254273139205,0.6881344830599134,0.7743944830885825,0.14542853432130937,0.21651846338903677,0.14714879196920744,0.13234100851061203,0.30544287835129935,0.31669831639863294,0.46851361451346946,0.1726463801887954,0.19301129779367515,0.22366972881060168,0.4003822522539553,0.454055557133465,0.12753498982910746,0.07326204872186998,0.5613300304746894,0.3341964162870788,0.29884921435317524,0.7703116674603102,0.7325585809179169,0.823710946026031,0.7761673570259373,0.6743155157366296,0.651616164798512,0.4998998491341203,0.3975904704504252,0.6083248317188332,0.5631660447760313
1148,Front,0.9999999999423963,0.7948093597342435,0.8927254403114079,0.01800729332943602,0.9999999999416671,0.8067931710899533,0.9126641742573478,0.038114326899660586,0.9999999997859589,0.6374490040414297,0.7375433861557189,0.08687113007993826,0.9999999998074701,0.5928427615384267,0.7301806424851627,0.08253400446592978,0.9972862944405871,0.31422950815551093,0.25225938905664796,0.2860627728874836,0.9963167569128586,0.21850677425504386,0.24383361707308404,0.5570118528128967,0.9993236384851794,0.37898123320332633,0.3668913697548031,0.308765809479057,0.9987775055019691,0.3930793581057659,0.46436184947606185,0.30260244415191484,0.06915790030365644,0.07154919238018413,0.10436120859818818,0.2908980000238295,0.25653752012581094,0.26084345462616954,0.11402104021358571,0.037016134453045774,0.09583217000318722,0.2527004527167543,0.18634438683716018,0.43053043438163596,0.22126611186192793,0.36886393679687995,0.10766921197164735,0.09578054767532844,0.5025582462835463,0.3897479277989722,0.5306627339863772,0.4755496896856531,0.30631652225456196,0.18676531956405562,0.15431426568225962,0.10225303687374167,0.1360627128879456,0.04699650828160228
