Sequence_ID,Pose,L_Shoulder_Angle_max,L_Shoulder_Angle_min,L_Shoulder_Angle_avg,L_Shoulder_Angle_var,R_Shoulder_Angle_max,R_Shoulder_Angle_min,R_Shoulder_Angle_avg,R_Shoulder_Angle_var,L_Elbow_Angle_max,L_Elbow_Angle_min,L_Elbow_Angle_avg,L_Elbow_Angle_var,R_Elbow_Angle_max,R_Elbow_Angle_min,R_Elbow_Angle_avg,R_Elbow_Angle_var,L_Hip_Angle_max,L_Hip_Angle_min,L_Hip_Angle_avg,L_Hip_Angle_var,R_Hip_Angle_max,R_Hip_Angle_min,R_Hip_Angle_avg,R_Hip_Angle_var,L_Knee_Angle_max,L_Knee_Angle_min,L_Knee_Angle_avg,L_Knee_Angle_var,R_Knee_Angle_max,R_Knee_Angle_min,R_Knee_Angle_avg,R_Knee_Angle_var,Head_x_std,Head_y_std,L_Sho_x_std,L_Sho_y_std,R_Sho_x_std,R_Sho_y_std,L_Elb_x_std,L_Elb_y_std,R_Elb_x_std,R_Elb_y_std,L_Wri_x_std,L_Wri_y_std,R_Wri_x_std,R_Wri_y_std,L_Hip_x_std,L_Hip_y_std,R_Hip_x_std,R_Hip_y_std,L_Kne_x_std,L_Kne_y_std,R_Kne_x_std,R_Kne_y_std,L_Ank_x_std,L_Ank_y_std,R_Ank_x_std,R_Ank_y_std
1149,Front,0.9998746159488511,0.8012449155182272,0.8190221154735551,0.020109507833019073,0.9998802896390805,0.7315102547753257,0.830041896641748,0.026751197944398317,0.9999999999274889,0.8259055450912557,0.8661710448790357,0.027169968661520383,0.9999999999300992,0.8255302120376418,0.8793739486712567,0.021437919076493294,0.9996248356781794,0.48730703254825847,0.40039579613164294,0.1459812497594219,0.9994158875585815,0.5645122632767825,0.5581699290740758,0.13982834287757567,0.9999999998968541,0.5459365240361728,0.7066568774925216,0.1086857882176385,0.9999999999184872,0.8159861668442666,0.8739802553283629,0.08200386126360097,0.023789944751598138,0.06783305005081341,0.04450821395326396,0.21032184797288983,0.03741390378860011,0.2104747817680048,0.14775094062258795,0.024994329905530226,0.1935672102933699,0.028352703119323478,0.015743894837392206,0.01265796414233838,0.0,0.0,0.03750478360225946,0.1536541983017753,0.05968754262190404,0.1763618619682176,0.040245068856821074,0.13846380846728296,0.03967188240293253,0.14895399644570248,0.0705841847895105,0.11011706567287456,0.05480139521586734,0.15020232122900176
1150,Side,0.8665287442250311,0.1668310119458381,0.4757256060507825,0.32780104393008774,0.915424672238258,0.14435843832169284,0.557368709604157,0.46550102880665006,0.876586179328795,0.23801173125488226,0.5612618553059584,0.26805695180538075,0.921990773037747,0.3250443034170786,0.6780321595635521,0.28825342994300324,0.9986869253425837,0.6473413378518578,0.7617694591622038,0.1111004010230903,0.9938668221396414,0.7490612766038939,0.8264837544603074,0.05227773192784389,0.9999999998968541,0.7443532572631016,0.8646581068220381,0.07261033436283965,0.999266384007233,0.8328313252547506,0.9243245771715247,0.04468347064657998,0.7742203688996232,0.2879062747159528,0.39382001556107665,0.24673009717298244,0.6784346115031901,0.26905888752577306,0.06761738012312055,0.006309208318041946,0.3006390601528775,0.025899684698739347,0.012375306685455728,0.0,0.0,0.0,0.6890241931735165,0.2711960813296477,0.6108023770399232,0.2581705905271353,0.46685355379744076,0.2364141695022548,0.5089685696347053,0.28678714890464496,0.6279198311785273,0.2601189330490766,0.6006157876676348,0.29272599471007177
1151,Side,0.8400100306664151,0.17009737457351795,0.4939459824076489,0.370902726489346,0.8919015980791344,0.16452906942965542,0.5338142022210101,0.48023089668920754,0.8900007250460445,0.08308641228257323,0.47656870261440415,0.48771432223369277,0.909129036704241,0.06974218258333377,0.4289791604353683,0.6125223347550645,0.8469330330431565,0.8582332760841995,0.8014356846452135,0.008731375941058703,0.8901869156278662,0.8820004792776224,0.8656268501353419,0.003453122851662804,0.9470861267718323,0.832594959631593,0.8668339166019088,0.017503596778097583,0.9964949461202727,0.7955153948686124,0.909879188927971,0.048647199312408886,0.0034930584214850034,0.24852642343718176,0.0672343893681301,0.28075715709889343,0.050479412171873746,0.2713981865500475,0.17438115395001447,0.0385300284720101,0.21517224891192221,0.029858074133764956,0.0732691646308139,0.025663831524530938,0.050512602988921636,0.015772919344623857,0.030113044843086495,0.2863552274846046,0.05143432696229135,0.27974351628399896,0.10330169172544496,0.26467185111177116,0.09604141772432302,0.2776073275295324,0.00263023546432614,0.2151481455089596,0.07204111429322582,0.24813263151100345
1152,Front,0.9999999999373079,0.4911253543392626,0.6547450058571773,0.13779820058744946,0.9998802896390805,0.49477371600119935,0.646119720376689,0.14129729849102457,0.9998549778116267,0.5315353449518332,0.6503393334631116,0.10143470938512306,0.9998601984482132,0.5770308122919435,0.6749454035128959,0.08394982603636503,0.9996248356781794,0.5933104630708997,0.5525041270515847,0.13435024428957873,0.9994158875585815,0.5998242389869918,0.6220778154908102,0.09869743419546133,0.9999999998968541,0.7853148376218089,0.9551993112893592,0.04490767972641658,0.9999999999184872,0.7783355644367281,0.9344635750755083,0.1115614112710114,0.031630097121717,0.18556887360359633,0.09906904845663943,0.20192502878452995,0.05524227659814672,0.2132437400687069,0.20909654345776654,0.02167079054509054,0.2674867696390174,0.02413523199097395,0.02555118206007989,0.06474106050478995,0.02737770703092971,0.009289688420173995,0.08318098845026467,0.2477161773634407,0.1554561064861295,0.27128166638790324,0.06706090380640466,0.19057669181817388,0.20203897328212214,0.19842134465718714,0.27280742550095977,0.1815144224085709,0.013603648780499094,0.18584516231888915
1153,Side,0.756943138313777,0.4025021570071181,0.5267283717207477,0.06330913526324723,0.7244268868902599,0.3264026215985987,0.5224279016951957,0.10932527817688864,0.7436008990831989,0.44234141619142886,0.5773517845082651,0.05999770037534642,0.7524814762510498,0.45875493051742094,0.5866221104835879,0.06622381707934026,0.9594822733146723,0.9139794167312196,0.9094357796826539,0.01098661377849491,0.9991238314839007,0.9320124629757919,0.9561143319680094,0.0044815771955056035,0.3464672511246553,0.0,0.033334513521793,0.40673189597628395,0.5563253993677596,0.32457608208809813,0.3999720287461921,0.2257012092964014,0.0635251141631748,0.06347544930824615,0.05379503114442415,0.09029967079797456,0.05492098940571884,0.09020665579443878,0.012046425632752022,0.01448117591104598,0.10861764716640666,0.007190027662024891,0.0,0.00252412449971248,0.02685247185231523,0.0,0.011810283412986755,0.07788447767541568,0.05643154004767948,0.08674522315479134,0.030090714191472433,0.09387868252213753,0.013394878765983869,0.11891960169937864,0.034103145325208875,0.022804429034197857,0.04788457988082009,0.06430235847092897
1154,Front,0.9999999999373079,0.32922470107671487,0.5545738182702721,0.30580694099676015,0.9998802896390805,0.2776428046625435,0.47554340465266853,0.17805842038877737,0.9997824667536956,0.42867509219152955,0.5976470659716244,0.14002184794765085,0.9997902977072702,0.3321900188456988,0.5232853965593105,0.13076054676493246,0.9999999998124179,0.20385934818148724,0.28970308766922864,0.509109556425552,0.999999999707944,0.37980346725415004,0.4678081301793316,0.3265216155114026,0.9999999998968541,0.4692425012368914,0.5855470356394681,0.1670756956800915,0.9999999999184872,0.48984828198963365,0.6970217274610263,0.3090222989524494,0.03458053803152159,0.0988783733211374,0.06002504458339734,0.14039002471606177,0.021783622719317313,0.13719346613142,0.1035068982923322,0.02469461357319976,0.0905069771465355,0.044429285604808175,0.02002813689974675,0.009860694241248913,0.028101524998677106,0.0665524983147749,0.14299049956479892,0.1833985854998608,0.08598082628340387,0.17352171674139996,0.3083711832297709,0.1997947979702983,0.07343833889976818,0.1570872683207482,0.20057930934361648,0.22355546060220913,0.15476989971815075,0.21814042077787585
1155,Front,0.9998746159488511,0.8032170589915433,0.8180226552368365,0.013414508902645596,0.9999999999401448,0.746369851361864,0.8664702043753747,0.051533936197739764,0.9997824667536956,0.7041180382956933,0.7978467806087916,0.02174071535687591,0.9997902977072702,0.6150460183722034,0.6743160658264689,0.04855551245589127,0.9998124177452989,0.6834476843324659,0.6325690449621969,0.08295182230590266,0.999999999707944,0.6023807621153326,0.7907077336986265,0.15144900143667575,0.9997937079938325,0.6970005083377878,0.7763567254189015,0.09227331276267199,0.9999999999184872,0.7304216867062459,0.8968859722158361,0.11348424922604336,0.027305408843984316,0.11781458021305088,0.04243259451647391,0.11297203100075803,0.08081988774088271,0.11111733250218772,0.08192861480845577,0.0074075049595673705,0.13238718022641324,0.02435713554570576,0.0032536567399634076,0.00591643719856774,0.03834744581610343,0.006118994786576757,0.0754749186681332,0.04741780251936338,0.0647900806916994,0.08498190299210444,0.018554036242377357,0.05402168801027308,0.11054729681818089,0.05191706998385206,0.020616034566138558,0.078629183876441,0.0706621440516832,0.15110852521570753
1156,Side,0.7979437025391548,0.03722420805884234,0.381848422571759,0.3221030766192685,0.6354222780489961,0.0036160235039484705,0.08483495872873115,0.29872752342097547,0.8017547675439232,0.1052186007071888,0.40269349788863074,0.3311109279309181,0.3239899342706564,0.03378494254651661,0.0,0.13644875830465034,0.9964359405371533,0.9104631217057922,0.9059873580496257,0.008611513497055153,0.931950934307257,0.7790205320141392,0.8117580209678278,0.02897846024103013,0.9999999998968541,0.7933764252455968,0.8970815673346604,0.03414785942959255,0.8830290185129582,0.7676818384221507,0.7795389152669251,0.0299642370677258,0.03282100541429288,0.18147010705787384,0.0403418293010246,0.2102922571355021,0.12731278247825667,0.1806772918539973,0.09446204543836306,0.012811297267744153,0.6794337264794797,0.21074174989805808,0.0,0.0034280861092565555,0.06344026929140499,0.49050729117597813,0.06938042798421544,0.15155213516979035,0.1684175063523016,0.16828530438172112,0.09203486716868568,0.15448315506827773,0.0697392602396464,0.14092433680568908,0.024780598285662172,0.14511408011725616,0.019185976281032167,0.18147010705787403
1157,Front,0.9999373079430796,0.5247750523527194,0.7384062817151417,0.11372490154216305,0.9999999999401448,0.40058760379679154,0.7246817305471697,0.2378589436358248,0.9999999999274889,0.7165749530920617,0.9016127558191133,0.03917582276012632,0.9999999999300992,0.6620362430308102,0.8820971247559573,0.0776246501308336,0.9998124177452989,0.12907375642117727,0.4034864962588574,0.6197873460760853,0.999999999707944,0.18015498920027526,0.437508258214698,0.49639848819923915,0.9999999998968541,0.4939356525169631,0.8525592174397554,0.24114040269731538,0.9999999999184872,0.44572735383502193,0.8269954747217315,0.3361188686606794,0.0543307180193232,0.17987205147539195,0.09735270722611081,0.19934935993112884,0.0901590846295192,0.19939156367729352,0.14797693960163577,0.011157630269341927,0.2599219975167869,0.013012605805333382,0.02731264838315266,0.014065733036190532,0.06225800246302728,0.028672708739833817,0.18194593680464882,0.3102953334895126,0.2058576417747721,0.3312424362718642,0.16276377550055313,0.28352363620874316,0.21133325149505333,0.29234989777919285,0.24350967448716337,0.20058778504868302,0.22195140535154537,0.2223782363332249
1158,Front,0.9998746159488511,0.48557870082056087,0.6103618896099015,0.11694168360688191,0.9999999999401448,0.4138086897331031,0.6584060510794759,0.21291124327372168,0.9999999999274889,0.714942250667295,0.7538802618957593,0.03410355548616468,0.9997902977072702,0.44806494023620497,0.6298197868731277,0.11858194914352162,0.9999999998124179,0.16114922811653953,0.3098806549059971,0.6140045649148638,0.9997079436332631,0.21123272347916974,0.3918425304990651,0.5351298946657133,0.9999999998968541,0.5486237199107689,0.7448177264590786,0.25252807771397245,0.9999999999184872,0.6970102632364452,0.8391291878524108,0.19997831716821526,0.04426382522597914,0.1384033191316391,0.04049503723689011,0.19715360529527232,0.020911345057841882,0.17806490820963905,0.1903834299318628,0.012814532265491355,0.2690252410558701,0.01810934723341338,0.06587307126150382,0.014755054201872357,0.07941940900786743,0.04621484995403488,0.13949683752771574,0.19584029067067515,0.15189724936121107,0.1967501327474212,0.06692156618135134,0.23097018468187935,0.1729509015298863,0.22683730952372394,0.31831040844457226,0.1993601045263504,0.21009884589219435,0.21245157704364923
1159,Front,0.9999999999373079,0.964131640517433,0.9999999999364227,0.005617311760376801,0.9999999999401448,0.8261483699177271,0.983296372955,0.011978425844625055,0.9999999999274889,0.7751708290031343,0.8751428585019192,0.035498418789589065,0.9997902977072702,0.7157720230540345,0.7850829878756757,0.014988889291480125,0.9996248356781794,0.5915094339115344,0.3696531004662589,0.04254771827346227,0.999999999707944,0.5161779978815869,0.5514602440579677,0.1487469385119095,0.9997937079938325,0.5693223908367112,0.5730718028057117,0.0741656475931069,0.9998369741604306,0.4854975457114292,0.5978357951655353,0.2762767371925587,0.026184874652251725,0.07745863972826911,0.03613964785614227,0.12201559288849247,0.027648712214730628,0.10422734086233656,0.02741779670895267,0.021365533573503962,0.0941261415151311,0.013429020446797965,0.021663242768232047,0.04851858601462343,0.0364219078559133,0.05912578071626186,0.09357905561426491,0.0928731993765218,0.08038277899582531,0.0917416106885704,0.02932145511874534,0.08489074048578525,0.05301669628598382,0.08590629033670627,0.019764547805283736,0.03648193137742515,0.04111118450317433,0.17443354931395036
1160,Front,0.9998746159488511,0.30592875629816785,0.4758404990540548,0.1556615781564475,0.9998204344885484,0.3679303915267569,0.5627260700452656,0.1856691894234314,0.9997824667536956,0.5191389006156413,0.6053121625643055,0.05739121612181301,0.9999999999300992,0.48762362084904676,0.6643145403687285,0.10867397577023037,0.9999999998124179,0.541080617449307,0.4422850199093945,0.19027016759675933,0.9997079436332631,0.4835823279952398,0.530855494718072,0.1434288825950595,0.9999999998968541,0.8379693513807852,0.9786915912571167,0.01616376166602646,0.9999999999184872,0.6987394020136803,0.9452357544351626,0.08577721538486763,0.054522585975269086,0.17568238709734385,0.051664660217616565,0.16739546231470484,0.04590259435894099,0.17443456449748926,0.09068322630497919,0.01055415426718192,0.08746876757126437,0.018285278345517533,0.019447441035751772,0.0,0.02523892489843469,0.007446461116178578,0.04183920657921039,0.21405439476780774,0.08733391738383647,0.22293177343308185,0.0624431492577582,0.16630090738569242,0.09415077566137788,0.18365282563173357,0.1019012237309384,0.12985495898149652,0.03509700077240098,0.17568238709734393
1161,Side,0.793367186960481,0.3042647602425574,0.5629501085681199,0.152441580268117,0.7830250792612063,0.31199502795005396,0.5860156640992503,0.1582520610744145,0.9082735116446758,0.29334220231642116,0.6084512227514186,0.22279164230034593,0.9191947434000283,0.31132452979412767,0.6149063896967619,0.28601313928694877,0.9994372536110603,0.9310463120985382,0.9438245330306768,0.007620756510118752,0.9912383174675118,0.8826396100597077,0.9290278706876631,0.011023423061159363,0.9183084063003294,0.8018737743625628,0.8311286228275353,0.017955895768807174,0.8295565698704307,0.7551874162898712,0.7745014426055469,0.015027408269826695,0.04663514450334553,0.13390614197766593,0.07209773724328807,0.15496304792141596,0.18209808040085393,0.1556676754031158,0.120394879853896,0.013510333500767632,0.235275154517365,0.008891792606123716,0.015008225905087397,0.04435043014965487,0.024945252587663152,0.026794336519324252,0.13831279656778178,0.18442456753070227,0.12293565761609063,0.17922531290786461,0.08296585089718833,0.0955742486800889,0.13964039505825643,0.10202361878427842,0.22134360210622128,0.03910350345522734,0.21155048320477013,0.09922612663146292
1162,Front,0.9999999999373079,0.6754591396107815,0.8391350788071291,0.07848928644857388,0.9999999999401448,0.7419063223491774,0.9376751552980581,0.0316670304772366,0.9997824667536956,0.6938985305258573,0.7921091799132226,0.03488252345905308,0.9999300991891563,0.6937060538104551,0.8375742307725454,0.03779272187641884,0.9999999998124179,0.34262435674591557,0.3410747635875022,0.6766306995502308,0.999999999707944,0.4967644003757478,0.6133873245009915,0.3586622020971278,0.9998968539453434,0.40939792284048243,0.5185465599208738,0.3058989597132183,0.9997554612814025,0.5754685407978877,0.6214036360889859,0.0972521327223155,0.014782032781342531,0.13178058767443337,0.07078372812630608,0.15043277427799248,0.04855500635417907,0.1598715122674094,0.09308422835289822,0.011808101204641732,0.13221953784901674,0.013823384927075601,0.0,0.0,0.0,0.0,0.13149722863245572,0.15513429066773518,0.07792244971682552,0.14991183797681393,0.03542449130763878,0.18015841583139683,0.029335346607769316,0.18628634759116636,0.09346225459182543,0.19909946423400804,0.03789804047780885,0.13535950481198278
1163,Front,0.9999999999373079,0.6256625169095487,0.7528328110302994,0.09234203063544126,0.9998802896390805,0.384767500967017,0.5638680036067283,0.140213012589037,0.9997824667536956,0.5603192839958686,0.7269022048278531,0.061152594644122496,0.9999999999300992,0.6718687474605917,0.7470300071807143,0.045167914007484884,0.9999999998124179,0.6583190393946555,0.6014806464378022,0.11033107495030844,0.9994158875585815,0.5783334664393757,0.572632372770981,0.08260798855141407,0.9999999998968541,0.7324424431162436,0.9204665465358566,0.10795245442548873,0.9999999999184872,0.7399598393161557,0.8863416471211809,0.20265791710932934,0.02035484236330707,0.17429007314953482,0.10509341067180103,0.19221631801468722,0.08244485202442724,0.19710443872660305,0.1195266352249112,0.01132434872990412,0.1386616324486741,0.015281552579902356,0.03398855504999492,0.002412792736385343,0.0,0.0,0.07277486293059626,0.21032259122488126,0.06194802751071815,0.23048826216568732,0.042086383173062215,0.16405424662905213,0.049203243432315955,0.18413806933549925,0.14466510160918425,0.1287076639543808,0.010053910716078687,0.17429002816740286
1164,Side,0.8937997617143878,0.3432145938405513,0.611473699078571,0.22129805227748492,0.911474232303138,0.05311034521424316,0.46583095243484296,0.6351462423855808,0.927053875648825,0.1201548043707955,0.538888877992421,0.45525631759372004,0.9737872220764863,0.1741267935646186,0.4945955029829275,0.49546538175507165,0.9999999998124179,0.7240994853581391,0.8071111558386573,0.09523971786886032,0.9994158875585815,0.7788607493186178,0.8804486975045129,0.03881875875201692,0.9937080968546974,0.6228484275820432,0.7600938093108517,0.0995640732830023,0.9829638082015844,0.71485943771113,0.7792952663376687,0.07731437764247134,0.19090695457073037,0.218666919597413,0.09865850839835237,0.23492172293711347,0.11449302862221997,0.24426336167789858,0.1308659302195642,0.026985671186938277,0.19334398070464595,0.04256756125243344,0.013696913412325842,0.009417710180652501,0.059892944886224576,0.00912485134285153,0.3555906641620556,0.2528184556767694,0.309078001330133,0.292465740313411,0.551456840057656,0.3191749120568775,0.5974986305586318,0.3578526936826789,0.8863234134128207,0.2530333321224355,0.8459381762319107,0.30916031192022697
1165,Side,0.9946084884336649,0.17854061381865274,0.5950924341739604,0.6243631633423864,0.9183575746143319,0.01141307418433736,0.461950262729455,0.5796917968415018,0.9301718511398613,0.0,0.3489649024131763,0.4678187512158436,0.9804277924660681,0.24432630193538407,0.5066184265135153,0.4075283712360389,0.9999999998124179,0.9099485419459736,0.9293137652811889,0.01127792292832547,0.9985397193345382,0.865462970291167,0.9071697128732426,0.018062688598884175,0.9985559565757035,0.590166315593713,0.8037099514511487,0.0938194963049169,0.9910335832253805,0.7918340026332086,0.8212912885055471,0.046878742010448816,0.20947508291130054,0.232243600753151,0.1766929926554788,0.24062446923116934,0.08075203662711715,0.2670901324871866,0.1643293952922814,0.03562339749754476,0.28093693038252854,0.04269161352065607,0.9999999996153255,0.6893918425037435,0.032314836601434194,0.016662529490978083,0.25029857520656584,0.2193869067386891,0.25339072309179833,0.2680276745446312,0.35036450128119473,0.2675994669779833,0.38231199297010243,0.27366027750499916,0.49806049904588506,0.23500755165820647,0.40556535696610885,0.2811461224825
1166,Side,0.8750548554400943,0.01232589670822594,0.42498203781005245,0.42843294353088357,0.0,0.07260297191521538,0.0,0.0,0.9535204117936683,0.1725222228836837,0.5523412129354166,0.399309033327463,0.0,0.21117018234658602,0.05532413083922913,0.0,0.824235602921734,0.47452830184609546,0.4117884015370087,0.11439963340932859,0.0,0.7285292002294056,0.5819789772244314,0.0,0.8445590509701333,0.5108577238353651,0.5976791487506145,0.11617598201052964,0.5513531137470367,0.6930499776498744,0.5699136593729165,0.0,0.665017382498399,0.35548353917213565,0.2567726826008521,0.4001529074319732,0.7065951966362669,0.4400315644837401,0.4522672174921631,0.07030782214328678,0.7645052214118724,0.39283404172516023,0.05848408734944608,0.055620219189571336,0.9999999992782717,0.9999999997416813,0.42150127797095255,0.3864111462113845,0.8093936853418303,0.35236351697330215,0.36675863161521577,0.4647255394867357,0.43059987730580324,0.31714089752467295,0.6036004608873443,0.36783024071312204,0.4827689625465534,0.35548486127065826
1167,Front,0.9999999999373079,0.43023542460062647,0.6862712477950988,0.1909935613967267,0.9998204344885484,0.23995705970733053,0.545824702456491,0.2743046093865476,0.9997824667536956,0.5699945576241159,0.7026577112888842,0.08598310631792215,0.9998601984482132,0.5841193619971349,0.7671817563045814,0.10101023908985313,0.9999999998124179,0.0,0.0480310566281436,0.999999999992993,0.9994158875585815,0.037628824795268134,0.0,0.7671967417506337,0.9999999998968541,0.4047498002465866,0.5445224494410874,0.3738745482751863,0.9999999999184872,0.6308567603396443,0.6698998108676641,0.19092420610463856,0.07438489805465161,0.17705815829912522,0.03621266950880485,0.20222845407162066,0.05467366431156838,0.1801878881114124,0.08226978697437566,0.0020029506014533926,0.03387614597817215,0.00388576688035251,0.0,0.0,0.0,0.0,0.059305018725790054,0.1916001947540098,0.16316326918334004,0.2325171373135841,0.06841791380749625,0.26275339732215436,0.1206922821968801,0.2708181276659154,0.16706837342403652,0.23602420101816865,0.161646522493008,0.25671483771532744
1168,Side,0.8116105572809471,0.9233945518967462,0.8230698610697319,0.0,0.8201352725911213,0.1735691281895266,0.47492880961414363,0.3312273850324489,0.7586106880749321,0.00012094092035309052,0.3706680565300582,0.5487774082901911,0.950440374601535,0.3426513462331989,0.5895095187566108,0.28995743019588266,0.7745263551351478,0.7527444253213772,0.6899030063812303,0.027362658713030945,0.699766354935816,0.767276503893323,0.7800118766230918,0.02302570085017115,0.9966993294485097,0.850098046274232,0.912117121383665,0.01658083272991602,0.9002282359879175,0.8062248995534234,0.7860968296279942,0.011152106515302743,0.14949153122908826,0.1537493668559052,0.1210118938116345,0.20750719156425987,0.13444009022227,0.2021498941442682,0.10932043951059528,0.20087208492244238,0.12294746035172938,0.02340981362102561,0.06721125180057116,0.24712367098362503,0.03556897163811181,0.012253131124338842,0.18106783114390015,0.14042519746101792,0.08438525143429033,0.14798357250064856,0.09156773069078741,0.11180104383996256,0.2900454376930205,0.16667526175538067,0.49966321530459185,0.13752527542289544,0.510150332462688,0.18201791674866488
1169,Side,0.9816312456283849,0.0,0.39416621250125544,0.5235793701563529,0.9824624408342333,0.9999999999434996,0.9999999999390764,0.0,0.9686752229012635,0.11634516537967313,0.5575095666604197,0.41569793960280677,0.9645603242720145,0.9999999999428343,0.9999999999315402,0.0,0.995122866067319,0.8765866208510648,0.8435689304941824,0.020787606421593066,0.9924065417662367,0.9999999999201087,0.9999999998769804,0.0,0.5705002578060342,0.5432493281615768,0.49322240221190417,0.015096424108079093,0.9933159438381712,0.6972891565876121,0.8009061731813822,0.12516401847248756,0.34664556376373395,0.21324705697391474,0.3381104565529398,0.26631234313382657,0.3604683264835807,0.27570990213643626,0.08266900064133939,0.02924738207044582,0.3962194161673784,0.25883955478025444,0.037694978324316036,0.05734670537629376,0.5377842228756513,0.6589010314387418,0.29932049117113835,0.20985114139041067,0.42790450274124636,0.2094371229638837,0.21519391388641407,0.19970191572405843,0.22226421974097862,0.16644111377242043,0.5506518381034547,0.19113012533962603,0.4593308745505287,0.21662762206602476
1170,Front,0.9998746159488511,0.47799827434500197,0.6189364896653193,0.13142700673406268,0.9998802896390805,0.31871857165270817,0.5768331448720297,0.22730807399071337,0.9998549778116267,0.5547560016596265,0.6633063778293001,0.09360938033601153,0.9998601984482132,0.4950551648948118,0.6820158011531744,0.10938335483316848,0.9999999998124179,0.614922812983283,0.5401081567873333,0.1202524681484054,0.9994158875585815,0.6313014300046895,0.6058790623663666,0.06554647545874911,0.9999999998968541,0.6610501851506245,0.8320124576220161,0.20154537151239363,0.9999999999184872,0.7445336902752937,0.8561762119703648,0.1614604455471518,0.18331863821250222,0.45362438547698886,0.17360812901486933,0.5084161294972332,0.17633787686457958,0.5373220277258466,0.259595815648638,0.03746072694480669,0.4499328370198278,0.028360399992524335,0.032145703192919095,0.03148125913987402,0.01086200892798866,0.014827597458683516,0.1778298728145367,0.5500110351346325,0.249224246563433,0.5428846093401821,0.09431215668271903,0.2877993949983388,0.1028281867474393,0.3095875795875271,0.1383906653785227,0.429356099349872,0.1295436117887119,0.45362443405489855
1171,Side,0.10720331013057471,0.06569702945484426,0.042576767325512646,0.010871495748317436,0.7089842580529727,0.12345330243949076,0.45082919747230205,0.2812565825557463,0.0,6.0470460176545173e-05,0.0,0.024078771361425725,0.6439955263075635,0.1923626593384575,0.4155071398639443,0.21183267945712395,0.9992496715439413,0.8392795882642129,0.8601124592515594,0.03401988021712603,0.9906542053181502,0.8660222097254915,0.9162731428453804,0.012208104751481768,0.9979370808666389,0.7453700340805164,0.8641242066092321,0.080297861088642,0.997880665063753,0.8444890673335291,0.8992980118793704,0.06484988909928015,0.22679833200022437,0.2846481776536953,0.1971822602929875,0.34158161032659357,0.333345988349737,0.36905638451293404,0.1578379971415432,0.31647103399439125,0.3959286273653244,0.04504784945568983,0.6045295697923485,0.23232840537432006,0.11164597555979539,0.06980010826159677,0.5160619273905583,0.2324572298490342,0.33081447849451845,0.23998720163639756,0.2797795300086068,0.2390745603961814,0.3346200007221479,0.2575033275058381,0.17121049940906577,0.2528743233394185,0.16142613468708447,0.2846481776536948
1172,Side,0.8823271267705893,0.006779243189524268,0.2832110571247419,0.5264492956633363,0.8780750583062144,0.09333860669566992,0.4206214949344152,0.5215707926810157,0.9422086867564202,0.0006651750619419981,0.43930585628704705,0.5368516430614063,0.9096882426317847,0.14577259474385337,0.3690997649422549,0.48009499512248427,0.9977490150069875,0.667495711778088,0.8031696231732021,0.14182186658479118,0.9991238314839007,0.8461292641330885,0.9423243566168519,0.016826921644889584,0.6929345022493105,0.4953155639120259,0.48451836724462466,0.053873106309431075,0.7163351809002009,0.6290160642219425,0.5850384151794746,0.03725822177977913,0.27169429324323263,0.32102396693022794,0.9999999996131845,0.4245290092461907,0.20530987804016929,0.4630635328863367,0.260777347334187,0.05774941112029921,0.24588702825734313,0.032398479872230386,0.823781161770069,0.28091806643874423,0.029817728011918676,0.058541094282435736,0.07982471950803395,0.3679060034529817,0.12981811275628885,0.41121787203646953,0.1599097137413256,0.3548143712790216,0.1205837957272596,0.38344552721691794,0.18673145852977988,0.37663822288303306,0.17638753230283927,0.3629099652142891
1173,Front,0.9999999999373079,0.5597805990040811,0.7757076257361003,0.1502433857167468,0.9999999999401448,0.5270919260677388,0.8398195041643031,0.13336393032519353,0.9999999999274889,0.4547378605276206,0.758709935322639,0.18594353673560024,0.9999999999300992,0.18687474988927713,0.7023746043784358,0.35037834547197155,0.9999999998124179,0.7660377357833587,0.6805839680546861,0.036083225466650146,0.9994158875585815,0.7365982263532318,0.7735468447395472,0.025618501599752007,0.9999999998968541,0.7515433219005343,0.7813707714247695,0.03773291402466765,0.9999999999184872,0.8481146808986993,0.8674934530084596,0.026079615984018648,0.11801756181027154,0.4304359161357131,0.09411547990515529,0.5380286849354551,0.20079849575224734,0.5552536362718026,0.1397322636152693,0.01994941657931423,0.2445130770561959,0.04373534334580609,0.04974568043426345,0.18564734961586637,0.17465548850238238,0.8915018128572099,0.09607217209774113,0.423213419869247,0.09287392460178044,0.4305714619329804,0.06833026586037164,0.42893459023395825,0.1151481055030459,0.4231906115128234,0.08908462188663024,0.4051376009764173,0.08165761937513669,0.43043619884356366
1174,Side,0.9997492319603943,0.1421175890458451,0.5592062264567939,0.6133830216084141,0.9136888728728264,0.1261088197002029,0.5405903496685396,0.5855582218003034,0.9725908200295416,0.09832496824706263,0.5375093387228511,0.6408242907198453,0.9658884383499309,0.13199565539747352,0.48429350851088016,0.6422536274589367,0.9823672855032138,0.9125214407450669,0.9094274147211249,0.007923230657995535,0.9991238314839007,0.8781656945851111,0.9264083706948198,0.011735615877486892,0.9994842701393002,0.9015905293847345,0.9426784448888719,0.009927799004149068,0.999266384007233,0.9551539490765754,0.9680760734228406,0.002252779442601091,0.1327264322869143,0.2850207029854162,0.08493620160059673,0.35731006550273486,0.18794930012197947,0.362183006261562,0.11431475660802494,0.008580246788837606,0.18240556745895886,0.03485389187873301,0.020823395354526434,0.023048347456253802,0.0,0.0,0.12394408721132513,0.25203752232342985,0.09994593598339337,0.25335371726198813,0.06838908997513823,0.2511077201320371,0.0330918745369661,0.2623894516869827,0.0669393961191566,0.24729099890390746,0.1009593711773466,0.284238721389053
1175,Side,0.9999999999373079,0.07796129667952907,0.47617812769672035,0.973988584375598,0.9575028430623389,0.07209446860997264,0.47972967148794327,0.9999999999979695,0.9981147124212809,0.003567757150416172,0.46257593934510166,0.9999999999984099,0.957080944991117,0.0,0.37686912862306476,0.9999999999980786,0.9999999998124179,0.9298456259922948,0.9375091750576656,0.007596710068627259,0.9973714950358142,0.933610289931005,0.9696712886925021,0.001837920466491888,0.9991748322847679,0.9113951629812335,0.9498836462942731,0.007745002431815748,0.999918487039459,0.931503792897618,0.9701385177227805,0.006278280200501015,0.09441651519733363,0.28595001534174735,0.061631385526416844,0.37311048760098586,0.12747967599553484,0.3662187457434853,0.1538200283512039,0.02989256362177058,0.2325717601875025,0.024732713844238773,0.20306127814844002,0.8565321696662561,0.17168416362649375,0.946375265583064,0.07465178990138023,0.27523058627580826,0.04938030507011356,0.2751598572022987,0.015851991195447813,0.22953025742821445,0.01788490197378915,0.2528945859802409,0.06373941022528441,0.2906700741613279,0.049473088771097254,0.3207882756051705
1176,Front,0.9998746159488511,0.6205472697756349,0.6509298739133106,0.04666960764553764,0.9998802896390805,0.5996383976157049,0.7323195733842177,0.07982010575385597,0.9998549778116267,0.6059140109689838,0.6923947086548637,0.06672275608241901,0.9998601984482132,0.5942376950440611,0.6814866228572749,0.05609264289100405,0.9996248356781794,0.7195540308130743,0.6328553503737013,0.024387856190624432,0.9994158875585815,0.5344731165187766,0.6342757316961836,0.08936855158744522,0.9999999998968541,0.8287457331085231,0.8788026544231595,0.07725065873575562,0.9999999999184872,0.830488621104948,0.9015256924095568,0.06747585060151806,0.05916182585082213,0.24590839031609452,0.07312367810610033,0.30312693245883104,0.163127210359317,0.28638137176295353,0.12235450236022188,0.02540715835304364,0.1613803107949723,0.02510092942618699,0.0,0.0,0.015088375109411052,0.0,0.09376927718519809,0.22837324114685173,0.06526096561512824,0.2393931821107094,0.10844212877321138,0.19097246017517897,0.010529693676269023,0.2234685114177015,0.07471322279848278,0.20477001899190014,0.05264227176108442,0.24627308067939896
1177,Front,0.9998119239546227,0.5579933439813882,0.6917089440964529,0.09613048922887006,0.9998204344885484,0.5617831515587445,0.7552104070483754,0.08466560310152675,0.9999999999274889,0.6031323698008627,0.8434909081924499,0.11067298218000717,0.9997902977072702,0.5653690047124353,0.7524129462798729,0.08120201512075909,0.9996248356781794,0.41680960545310386,0.27007429977345404,0.16549571802355578,0.999999999707944,0.4321323000373785,0.4721601412714513,0.16182933796676202,0.9999999998968541,0.3857941752933551,0.6965324587616313,0.25462509253083343,0.9999999999184872,0.5265506470032044,0.6438124892430626,0.23422657962010038,0.04215705468292333,0.15825490489960417,0.02300780940410978,0.21242960324028307,0.05460416832953721,0.19760537169127018,0.021555424846126936,0.004108916037191927,0.09569417710055456,0.008003045187184392,0.011941793169247282,0.02468926022972629,0.01488951548257789,0.01021273880376276,0.032114576981040886,0.1353353653204851,0.026011192790621532,0.14297826319778437,0.06029019797663712,0.13924609689246537,0.02379316849459497,0.1330159515868613,0.06509112548511564,0.16523490001891536,0.0858317339342895,0.1941725705263325
1178,Front,0.9998746159488511,0.6659681991454476,0.6842109947355438,0.03862404868798458,0.9998802896390805,0.6090739589463205,0.7331708703505235,0.08440575175550159,0.9999274888695578,0.7294551611096658,0.7791800704993401,0.042695112736404764,0.9997902977072702,0.7593894700303326,0.832431109086026,0.044969531617928195,0.9996248356781794,0.5750428815973379,0.5541305853344395,0.07199874897845746,0.9994158875585815,0.6641367739343182,0.6591984580716957,0.04433209016766784,0.9999999998968541,0.7838622993112162,0.9031522918454156,0.05833068618730742,0.9999999999184872,0.8443775099930623,0.8839139418028783,0.038920431144160356,0.10626620522394717,0.18572158189405502,0.0784590238253055,0.23585914400558425,0.20963402227827682,0.19187343760277342,0.07888996914294963,0.025434659904005258,0.004436177884436713,0.0,0.0,0.0,0.0,0.0,0.1770112948962265,0.18231332889066088,0.112183724678378,0.205912380722002,0.09740796695152092,0.17699876890522478,0.22344195717507873,0.14296469891750313,0.08022056382090215,0.14955363978698008,0.073044078939746,0.18572195164081035
1179,Side,0.7804526361494293,0.24177246393185184,0.4426163748418704,0.20725351964514027,0.9895253485970237,0.7882931238607664,0.8811181594070085,0.00886202112449578,0.9318396054722761,0.4055753764040892,0.6400623871577524,0.1934245069352965,0.7593317488634606,0.5715429028427632,0.5384556505855436,0.027181221337564083,0.9900581502551007,0.9311320753918412,0.9339263541379313,0.00796594386069708,0.999999999707944,0.8585124230359901,0.9075092521711278,0.01495531893944186,0.8602372355997692,0.7555378022546636,0.7594250518382475,0.013400045689701521,0.9999999999184872,0.7341588576118832,0.7895480304813234,0.10884992977506186,0.3323425409101922,0.19907728504567085,0.21971763392786559,0.24535501524384062,0.5037007615870017,0.2326571126776014,0.04347533388388936,0.026756328801497194,0.36101819664242984,0.24322368898342975,0.0,0.0,0.44697165347723683,0.5739167825375561,0.12729304754655815,0.2303674320910487,0.16841546746391695,0.1922237893482712,0.16307480261698487,0.2124167698419665,0.1999213729448257,0.1551122269010524,0.40161863119490665,0.19798496457496564,0.2388177745683996,0.19907618405787653
1180,Side,0.8591937809003075,0.2254406507934525,0.4202912388331164,0.19813467495195283,0.9909020170592624,0.2142493926089469,0.6038470484916296,0.5761013065454429,0.9166122833067498,0.2823970490244665,0.5234930050629536,0.21882273443074676,0.9320564797335343,0.021608643456147675,0.42383942125313095,0.8434252302681117,0.8761958355137507,0.8230703258299255,0.7873132714891673,0.022377735361953928,0.9906542053181502,0.8687385155493538,0.9197762282512213,0.012513187319997088,0.9611139761772961,0.7843706877199238,0.8824409039890133,0.020218651530035783,0.9596511247995069,0.856760374784875,0.9044244681343405,0.014790233181274417,0.3004795985934474,0.1397681790360471,0.09786829895889498,0.16628176275735274,0.2350500015488891,0.1526367170968067,0.1161648464763826,0.012799903819941203,0.21675443949973705,0.031619393026068296,0.023900976837618725,0.020720343681371954,0.059617863816039174,0.057835654831482695,0.20071605521453542,0.14711165532768233,0.20753112767476264,0.13297168785120772,0.34693262101672667,0.13980824608688072,0.35855298548058684,0.13067311000881107,0.5707871871983691,0.15425442870607994,0.5455857859818936,0.19112561856011942
1181,Side,0.8645852924039505,0.24947614937449306,0.4869139628622853,0.24674337022833095,0.8910636259716848,0.1692185999113386,0.489325247648062,0.3435389686618848,0.8902182582198378,0.18836548344993856,0.4934338676691292,0.33184319669255247,0.9013700544595714,0.16966786713715953,0.43504710420012843,0.4084759567120971,0.9956856122686767,0.8820754716224636,0.9232271041516271,0.022066098969463977,0.9964953268117711,0.7877286889200503,0.8737874407352654,0.04027942849400887,0.9981433727696603,0.8740649283990076,0.9321406393304816,0.01547505829492771,0.9974731006686116,0.8699799196301885,0.935221622821037,0.02209036017304323,0.10229111455514214,0.2053603233843895,0.11704307633705803,0.2530724558659667,0.15410787571000126,0.23952955382729868,0.19129696487514877,0.036833112971834184,0.23445374055211265,0.027829879602052993,0.08540680085671755,0.06161633793603376,0.1465532620709528,0.08776740037090235,0.21342832152485292,0.192863694178967,0.21322944021195328,0.1941460045127672,0.08974694367289107,0.1959621298512954,0.055204341500922585,0.22809345192177993,0.10157773975866459,0.2604475662625287,0.05725677469885873,0.3441176195388286
1182,Side,0.756316218371493,0.23776654750167842,0.42799051498771573,0.16729451354362027,0.8238462919241127,0.23187750719069566,0.5363740012554212,0.26789350623909636,0.8877528822501811,0.32103767307727893,0.5339500383226491,0.19141078487159197,0.8996225359359972,0.2267764248426927,0.4943251089291718,0.34404664797415946,0.9932470453961267,0.972298456177333,0.9631644867061826,0.0024509842901142,0.9997079436332631,0.9122793000789102,0.9590361891605578,0.004485345703963425,0.031150077356250597,0.16762292104236887,0.03862023069726471,0.012581041833639364,0.9556569937271229,0.019299419900753043,0.17997883352719046,0.973288837080689,0.2250592706341853,0.1655618168697144,0.09423572499272649,0.20225126186497436,0.1817244637811305,0.20989206635148192,0.093670104619647,0.005541785193669309,0.20497594086055929,0.008268540153241393,0.015331626539478631,0.007949023960294732,0.0353161169877888,0.02693543176562345,0.14090991832347532,0.16765029590902147,0.11914504070990072,0.16409286678612717,0.049362709961199853,0.13652269219363944,0.054322181793619036,0.1411473171553226,0.24632738037459534,0.0985942271552553,0.16015088775729233,0.16556181686971447
1183,Side,0.9642655632271164,0.16566005175855664,0.6366961925945438,0.5110142340348652,0.9999999999401448,0.1879767218380713,0.696293196115684,0.6593594610049714,0.9549706329522898,0.06258692628272437,0.5797047930428616,0.5946257051545509,0.9770725569008057,0.006974218258333377,0.5151651874251542,0.8970473014451755,0.8201087974451118,0.8222984561901975,0.7229096500042916,0.014400354939579413,0.7397780371671211,0.7551330190337036,0.7661635733494135,0.031056921779114004,0.9217122227001844,0.68312876747163,0.7491734625927503,0.05306927618697915,0.964052820267032,0.7993083444444828,0.8400067530888469,0.057321273226280826,0.08679780056849969,0.24299633448253197,0.024785287410669567,0.27411899947692353,0.04117776242624913,0.26316313893635407,0.0867881180633892,0.013903896781027878,0.2396875190328413,0.03608268976309739,0.0,0.0,0.0,0.0,0.03793600911989761,0.24713610328209096,0.1523443406831201,0.2073489148565863,0.055417979925248106,0.19877410292060654,0.12403467392589293,0.1865935375715579,0.08225835735038252,0.17580748102942279,0.06758344688178877,0.20476899468831522
1184,Front,0.9998119239546227,0.6525329717334812,0.7362441286028384,0.04510275419868336,0.9999401447896127,0.48714616642255804,0.6455541001190718,0.13515638089418078,0.9997824667536956,0.6230876216591227,0.7213466961971794,0.0781544518326913,0.9997902977072702,0.5640541930735692,0.6614135591416261,0.05889404849200385,0.9996248356781794,0.47315608915324564,0.545644370235143,0.21388718606653592,0.999999999707944,0.4378844770761456,0.6750310965694546,0.27898236322892417,0.9999999998968541,0.6694022804365312,0.8585580754632457,0.1317198162381055,0.9999999999184872,0.8212851405164386,0.9326109490153734,0.06614146389025932,0.017743873403116294,0.12346243549036758,0.04760031448012995,0.15054379328197626,0.04962940431918634,0.14309345384653815,0.13092302657022384,0.012806399449728643,0.1699940449973019,0.010272230808103475,0.06982023731029328,0.025414366650079862,0.04239438362520853,0.009993482977785524,0.08322935595874867,0.11776778190238779,0.056846701050648325,0.14180821211883915,0.04074705843875862,0.11361502110050241,0.005690351044132433,0.12071236652521668,0.02417450957722722,0.07136520645883103,0.0200531901192833,0.13677680023108832
1185,Side,0.0,0.1255392579732812,0.0,0.0,0.8409648649762994,0.0,0.31654500406075003,0.5499175938317051,0.06910303820831676,0.066759388034906,0.09571230166846471,0.038979836877202856,0.8752271773469015,0.26873606583955084,0.3995815789104075,0.2930890685188006,0.8004126803975968,0.5057461406084266,0.4677656947000744,0.1387932417872777,0.9997079436332631,0.5922345609497295,0.791070010551966,0.12047533813893875,0.922331098409249,0.1675502941268393,0.47554130942139894,0.6845226739921692,0.9998369741604306,0.6374386434271844,0.8458160397846607,0.13728600634616175,0.37199385696640824,0.18624811881445003,0.29414051226577204,0.24498973488393486,0.16802239838906086,0.24227638610093893,0.2713289918119606,0.23156116404744984,0.2585169296582501,0.04164834026074384,0.4160194034664322,0.48441771252973154,0.03284970715333046,0.024638354177496276,0.4617675605422755,0.17343564047095886,0.1911118242615948,0.23097873457822046,0.35616923768730296,0.20317482747655297,0.4166409064833196,0.2968455399257653,0.19882042472188138,0.18491071414868493,0.6356382669433721,0.3094125632511972
1186,Side,0.9320418781937155,0.2581042770702512,0.37863858096986003,0.2008406529990291,0.9771951875874068,0.07955251708686635,0.4272417957241256,0.7453405051983689,0.9432238415674552,0.24006772690088482,0.39829220016378303,0.21104909350464404,0.9630924087122121,0.0012004801920082043,0.36276726374358736,0.8819559217054519,0.9999999998124179,0.6059176671864566,0.6954968128825705,0.16493346402806797,0.990946261392831,0.4336502356448309,0.5826477996487512,0.2603152555647632,0.9975244970605956,0.6715810879024199,0.780120785392307,0.078401796290545,0.8982719268912398,0.7048750557393533,0.7621761641787866,0.08676231413020431,0.31832843494999913,0.16660083441880713,0.14333094592068796,0.19006192024788543,0.36048282322995767,0.19911870693780517,0.12337212758162548,0.046539677694850255,0.1143157436999046,0.03490321302396473,0.07053941433068137,0.09770806444312755,0.18104230981060512,0.09119223572758697,0.2648914546133848,0.19034542581217628,0.21897783224835143,0.15518382251913157,0.21305450648038537,0.3059329434678036,0.2817330994929199,0.3175646483122088,0.5386231134125614,0.31571535749199847,0.6209983670276119,0.3250070020760712
1187,Side,0.2175412199725697,0.3393935658610013,0.22061273118430175,0.0,0.7782366672186366,0.09537261991664092,0.4149091719581614,0.349983409489995,0.27459937638499016,0.4826752131291845,0.4037975101244276,0.0,0.7640849992475824,0.24975704566113544,0.46909476297155234,0.21624659505075705,0.8396173324255077,0.9678387649255713,0.8889569724910519,0.0,0.9669976632689844,0.7981944554766961,0.8653536030772832,0.04102984961752704,0.6436307374271654,0.7491466336880567,0.668066036717314,0.0,0.8927290511173192,0.7857541275777692,0.7837969778739465,0.0343341143814123,0.35668366167641774,0.30755915548924084,0.28222767966936874,0.3849042212346013,0.4261704413825841,0.3605084597138488,0.2601813214846365,0.3461170709326827,0.19162055888877963,0.03153828838086149,0.29440121274573444,0.7980825699354708,0.0,0.0,0.44245285153554736,0.2966567127059229,0.2912693722246322,0.29698685709670974,0.21624819945641455,0.25748816686258585,0.24799584947476946,0.22929348615731804,0.2692611859535781,0.2768029403969585,0.2566705413131932,0.3075591554892411
1188,Front,0.9999999999373079,0.7123752002519181,0.8285756427759454,0.05337279224036049,0.9999999999401448,0.6522402395247053,0.8327111002295168,0.059277945889446244,0.9997824667536956,0.6159521073582903,0.7083683168018993,0.04570447150610329,0.9997902977072702,0.6490024580890068,0.7596059260767671,0.04165917018073395,0.9999999998124179,0.39768439104651077,0.3657939625574153,0.3911616064534443,0.9994158875585815,0.37924422781982553,0.4235426946266093,0.2956657111968241,0.9997937079938325,0.5945239305254902,0.6286260545251386,0.06063550769174237,0.9997554612814025,0.6747545738133225,0.7120711455715824,0.0862535971170174,0.02678785362024134,0.17423033943195157,0.060178233148456946,0.2008941294340327,0.04568491144387584,0.20545852258723488,0.08471314256390267,0.03830138079256351,0.17274074142705168,0.03581508610528367,0.025136386641137855,0.09371609964489905,0.10439719562880258,0.12623474096887727,0.09367741608469639,0.19260473218355137,0.15775947585008823,0.1781655918835324,0.07668271350128825,0.1840138802289594,0.08883320528138273,0.19109395570638538,0.045543326714417645,0.166569636230484,0.19847180752664625,0.20262857610080937
1189,Side,0.901698952987167,0.3228152347884374,0.5986070156035195,0.3118168034662672,0.8203746931932498,0.3746539352294111,0.5737416442222169,0.14947715432080025,0.9395257776129703,0.2534921690600779,0.5748866001078174,0.41680339854931525,0.8745281699374718,0.35831475445273453,0.558328045988161,0.19979570250588222,0.9889326578523855,0.9313893652717505,0.9082244040399227,0.009952465398292821,0.999999999707944,0.8780858032373502,0.9137688950973529,0.010947069853898305,0.9999999998968541,0.9300602802723466,0.9737352853473432,0.0035706696140798398,0.9673133354281618,0.8988174921408512,0.9154073318134212,0.008122279122049155,0.2372011849763901,0.12476518020532895,0.2721105546812712,0.1678622187228052,0.23639788207697146,0.1275201192345128,0.23692447227244284,0.020524610466986608,0.17641896259957854,0.027771567722221897,0.17333453384239744,0.036970222781641374,0.26941401293560646,0.07635617689340796,0.4743736699392509,0.10246010825933616,0.45610768453689404,0.09728023266174848,0.28339337665147357,0.04935765322521483,0.27047858547931175,0.06662284007924628,0.4685880054234829,0.07068547520789727,0.4179269592199316,0.11331483328236831
1190,Front,0.9998119239546227,0.5727227905477182,0.6338585683983297,0.04030834556977001,0.9999999999401448,0.6691338493322146,0.8374144893221648,0.051290217813397425,0.9997824667536956,0.4734232327221731,0.5582135548548965,0.08327985918066458,0.9999999999300992,0.6544903675381871,0.7900877856275759,0.056395972872994624,0.9999999998124179,0.8617495711096272,0.9171610354376588,0.04155480375888709,0.999999999707944,0.5765758567886412,0.7466738297074269,0.22784866564083076,0.9999999998968541,0.5959038419205531,0.6613578212833641,0.11864869587253764,0.9997554612814025,0.5976126728805436,0.6846701540056369,0.135229522275659,0.24557858289183201,0.14352905833395635,0.20461402283811161,0.16506823034457885,0.17980632413247016,0.14599009940249633,0.12420913165183453,0.02986407182026618,0.13836047444222901,0.01924236121238837,0.07170254175655749,0.02581790635688186,0.10850422848106031,0.036975023227776474,0.08234977548400985,0.10840858494290027,0.13549386981205178,0.13670013976726839,0.2678769665642993,0.07917293508895167,0.2687053936633694,0.12653413257978918,0.26774551664070473,0.12320912789410876,0.4633164765257813,0.1809011907097693
1191,Front,0.9998746159488511,0.5660051768417351,0.6449954021278058,0.07842034652041076,0.9998802896390805,0.5067517938580286,0.6274390022636984,0.09232192002836424,0.9998549778116267,0.5912196891460832,0.6615959709152368,0.05896757379538646,0.9999999999300992,0.5509060766849079,0.664625014513611,0.10545279853419276,0.9999999998124179,0.6625214407665077,0.653668836286211,0.12613524636849885,0.9994158875585815,0.5721818326618054,0.6425844780827316,0.10093912219908888,0.9999999998968541,0.7468951993066384,0.9400717355131878,0.07721623909471784,0.9999999999184872,0.863621151223582,0.9598727464266608,0.05044006098516999,0.08812524073591599,0.37333401107650316,0.06834313772581985,0.3771618681622304,0.10841878369996058,0.3502721316759752,0.24009989015838912,0.049992934535168114,0.30802003728028327,0.04250155043831953,0.028067457454542893,0.019317661951320352,0.1248804223631379,0.03406790914999205,0.06649726205071037,0.3603998282745038,0.16250067867371393,0.32923200380932566,0.07420511430915377,0.30155058229716464,0.07706611822495682,0.30005256267231617,0.1095989452896658,0.2845733891321157,0.1586438864800744,0.3179901164531861
1192,Front,0.9998746159488511,0.5030814741462417,0.555988008619468,0.07561096648331576,0.9999401447896127,0.5955703711737629,0.7767149993434436,0.06346772170971635,0.9997824667536956,0.6662635302251759,0.7264943391072286,0.033754898841577466,0.9997902977072702,0.7353227004667396,0.7896211628953667,0.02167138806426595,0.9996248356781794,0.42598627783653636,0.3441442607481215,0.1522525968214497,0.9994158875585815,0.4675241670953484,0.4617029657126526,0.1267319062955807,0.9999999998968541,0.7149393564736046,0.8060413244102586,0.12475787757922517,0.9999999999184872,0.7038152610049189,0.8253261968676121,0.13710378763558265,0.040817629937214474,0.18908133302677324,0.044442361302316644,0.18224963080369164,0.06925881024918164,0.18081532229057967,0.10268960270471177,0.015700172410834604,0.22778793411953757,0.027896578375022532,0.0,0.0,0.0,0.0,0.05365000237690241,0.140393394294746,0.1766899470897456,0.14973132283068066,0.036175050279084284,0.11993486099451928,0.05959807912551297,0.12817913980347967,0.034799463867542194,0.16306856159942956,0.0041035817089725545,0.18068239005000392
1193,Side,0.8895367061068561,0.9999999999383705,0.9020962659291231,0.0,0.9206320703345525,0.005932538561165459,0.4658301201873102,0.5993941274430302,0.997317090784039,0.15244603010507068,0.5488534906650785,0.4564244835360669,0.9680553613191629,0.16269364887882617,0.559129756156208,0.44604324808698936,0.6799849933070746,0.8948542023246266,0.7648715936336391,0.0,0.9967873828864519,0.7933210832632963,0.8448971486880701,0.04209109072524994,0.9920577616305252,0.45297407215825597,0.636049637257118,0.3024798866912286,0.9728562112020821,0.8634538152128818,0.8860316301405928,0.017716546256867565,0.49552655539056906,0.18811266566229726,0.390261263016913,0.2471407568879775,0.47980920797303234,0.23259401741822533,0.3612753948657426,0.23332217766087496,0.08335368993598638,0.03205072099737149,0.23921107576844167,0.18730162713855433,0.06268139141167778,0.028020505329228604,0.6176092466049327,0.17532987191471006,0.33001708456625484,0.20579310457931801,0.2995811421775841,0.12940515227460103,0.4538146377229798,0.24446156163651006,0.9690228979214777,0.19160205766220023,0.9999999996354569,0.26757800728394643
1194,Side,0.862202996623271,0.027240231725179326,0.2689324119630394,0.46767426800673223,0.9460106541601716,0.0746369851361864,0.5435114366253176,0.4990853387969427,0.864331810538443,0.0017536433451198132,0.3535493685234827,0.38885182194755397,0.9360408219672836,0.014405762304098452,0.523165607612229,0.6063686453225383,0.9984993432754642,0.8138078901531899,0.8668235409345374,0.03365888314470107,0.9871495324219774,0.7286090915771664,0.7994133145796124,0.0780240860947409,0.9990716863332572,0.7320066816230658,0.9148116927314676,0.03274909511015547,0.996902510515414,0.6251115573056051,0.8887952056036504,0.10711556138065227,0.3225964969751096,0.11084477852125373,0.2246172854134607,0.16624970602212688,0.31077387397176265,0.16362104281812054,0.12426634077695144,0.04019535551318736,0.13827116092880518,0.024099288163401997,0.0,0.0,0.014429460730922683,0.007202106988532018,0.20314950883845956,0.11022658284879722,0.2011977800364348,0.10931280097934716,0.14844772960899055,0.09375596835740281,0.17664737745435952,0.09654474473067463,0.23816398736416272,0.09875644125165053,0.3706947621433873,0.13504905861313535
1195,Side,0.996301172277832,0.1842721557879778,0.5422653303251421,0.5023635158566779,0.989764769199152,0.5015537600711026,0.809676130083485,0.08428832563680679,0.9770139945633374,0.05212553667218203,0.44340750645640514,0.5664746947281201,0.9999999999300992,0.41662379235027586,0.86030982963235,0.06667453036974677,0.24235603071799766,0.4921097769732325,0.13997820895273197,0.04257425278062749,0.999999999707944,0.7498601900815004,0.8718488769960409,0.04478971097570755,0.425167612127368,0.35376570554479153,0.19938758166696163,0.07704172138460347,0.9999999999184872,0.5211958946607991,0.5740008473186455,0.45525897525702574,0.1351213145026282,0.09062699531034284,0.10824811060604402,0.13479790235284694,0.07084719144383533,0.0852875292982809,0.021610842879969196,0.006901363870707631,0.06028163185110953,0.015864625899845386,0.007194941710781097,0.002200843066898713,0.01841536483475528,0.001732854421757655,0.16293896020672424,0.07630896766809998,0.21258143565968834,0.11444068108385268,0.16885565732088015,0.02360155612246396,0.22962989465130917,0.07765809215096342,0.10200334161532339,0.05023528249751551,0.2900009524809034,0.08097444013790744
1196,Front,0.9999999999373079,0.6460618759616626,0.78875345536828,0.11191923108215912,0.9999999999401448,0.6253460647140887,0.8133642012420272,0.11515511897067751,0.9999999999274889,0.47777710585488437,0.708398166021608,0.14457730119699114,0.9999999999300992,0.49722746238511245,0.7225984194839129,0.12909804846201223,0.9999999998124179,0.5097770153936727,0.6235017484897898,0.3650495954254964,0.999999999707944,0.5623551968872448,0.7267190638671869,0.29432215311005683,0.9999999998968541,0.4354709855156169,0.6461011187596055,0.2247497216705814,0.9999999999184872,0.7554105309708047,0.8423209532592475,0.18757474594973583,0.1269510695995002,0.3649383886734794,0.1520193758259273,0.425874087738096,0.07484668688480933,0.42174104417522323,0.24210012904201336,0.03576649021804116,0.25656328925411265,0.03857797345845096,0.024440408036405348,0.03004416604467301,0.03020085912476952,0.018968115637521578,0.2655098464555407,0.2232603208603904,0.09168400189116256,0.22554647114442006,0.09822627127599942,0.22966306522671648,0.2138049040818619,0.2640120892868596,0.37956008927849855,0.27001274485565036,0.3277930599880732,0.31383274847492
1197,Side,0.9994984639834806,0.4132256871432746,0.7789207011396788,0.2441581781294733,0.8986053749387319,0.4247132606121977,0.6340149219933315,0.20712731675502039,0.9860053657467909,0.2941283182987163,0.7608399168473319,0.3660706320039138,0.9579197538824324,0.4630995254980221,0.7193039460347157,0.21082906756331984,0.9885574937181469,0.7819897083377368,0.9018833098835715,0.03289928154004684,0.9924065417662367,0.7207797394966221,0.8857547290775755,0.06536159753282447,0.9887570911821808,0.4034425157670533,0.7587722743783388,0.35066651779532804,0.9659276164846815,0.618529674218065,0.6717040376279156,0.23538980562627118,0.40366670331459203,0.15092426302078274,0.28094284220280036,0.1804236129438463,0.3655631532222512,0.17495407268311416,0.18099703087706126,0.057950341648373656,0.3806766664991674,0.01914312326867712,0.06624750141489441,0.08016122901340458,0.1990484101967133,0.015472940650567216,0.3203889890182669,0.17160221334179948,0.30585313180965434,0.18481521900548614,0.12239611432578956,0.17085076270716773,0.2116178018600335,0.21062224624492915,0.3047287749419344,0.11321139430793774,0.19562293543682324,0.20700193264429004
1198,Front,0.9998746159488511,0.7145938616593988,0.7534455394668655,0.03683893241914977,0.9998802896390805,0.551782586555637,0.6741430860674101,0.0638186974849359,0.9997824667536956,0.7160911894106493,0.7750090430751508,0.037464502074194175,0.9997902977072702,0.5814325729959736,0.7454588098201531,0.034610548344467466,0.9996248356781794,0.42212692963789644,0.29426389551320387,0.2508374473721014,0.999999999707944,0.42454262200011633,0.5020003847691761,0.3449822436069494,0.9999999998968541,0.7086208148225274,0.7581622573458763,0.09989401237604731,0.9999999999184872,0.6743641231216887,0.7725762940331878,0.1892322171527956,0.10352698935470328,0.2125651541134677,0.08557800682627427,0.27305728548819713,0.17313827739270704,0.2509944552578881,0.19154610686341525,0.016540059101871375,0.2902584190011973,0.018618362259576842,0.02206095602869092,0.02143731125275801,0.11457495426107601,0.011230318883149872,0.11474822819528148,0.24248143812369288,0.1720566812782163,0.25471586660420925,0.08379748678299584,0.2430036185661537,0.05800335483414523,0.2573041015110532,0.11218447110455484,0.21368420308297176,0.1879630441796398,0.2678018426946897
1199,Side,0.9208827032210593,0.30944163686001225,0.48530004689131795,0.24353904861078984,0.9991620278326951,0.5586756313600387,0.7991423666515415,0.09911155372184906,0.9921688056709325,0.37951260806799825,0.5855823786521356,0.24312370662413627,0.998392282888411,0.05493626021523258,0.49072683785903026,0.8942067590316408,0.9947477019330805,0.8745283018117901,0.9241358565706105,0.013681810485730573,0.986565420272615,0.8549173123867607,0.8994119512195863,0.015042511991355256,0.9980402268181496,0.5136901735410204,0.8431634868120994,0.18132082156750953,0.9990218453701483,0.6857987505195338,0.8743495661720451,0.09925099512887331,0.6081152943795636,0.19306267075211522,0.3395179134303635,0.22316657730439993,0.5960506948378878,0.23043785244912715,0.30197511848132375,0.06922700840613023,0.3457060093968555,0.2085855254636549,0.3047783304596373,0.09658644795833216,0.5124341353488195,0.2625243045935615,0.4616038128261337,0.19726270463818105,0.37338784507668177,0.15152016642448904,0.4688658221010202,0.20693278223858133,0.46724763138542347,0.15748252536364357,0.7487369525836188,0.5448781969642549,0.6813254994526337,0.5408022844069922
1200,Side,0.7955614067584752,0.2873166522687467,0.4620391640823584,0.22590407568234197,0.8216316513544243,0.24368608394577743,0.4739656470496878,0.26503647679689557,0.818504821926002,0.16139565821119936,0.4204150057719843,0.31841869612204315,0.8438417446635088,0.1759560967143454,0.38543135660304084,0.3580077381384213,0.9984993432754642,0.9835334476000401,0.9734342773821124,0.001963927364473729,0.9947429903636846,0.8597906846001605,0.9073137129575363,0.01927424365752829,0.9996905620423218,0.7660687050064588,0.8799458183388306,0.06720652667380674,0.9994294097652895,0.7876506023657043,0.8559631065109452,0.10097594223380116,0.06566406651946845,0.2162263654845697,0.07638842978853902,0.2725132254243916,0.07911981180434631,0.26810229658858653,0.13698438245589828,0.023649879211785265,0.2629968106045678,0.03511181043126844,0.054927067257816105,0.03421663021022708,0.09916276566212825,0.025747233915205985,0.06914114855438304,0.2161573926643957,0.06483688258929016,0.23255548757143704,0.11900472640105324,0.24711987892901774,0.17810184530793635,0.2837428445894547,0.10465293142299482,0.1526458313557717,0.5253459234478393,0.21956135755417547
1201,Front,0.9998746159488511,0.5865277948609313,0.6365662740584499,0.07277690477745992,0.9999401447896127,0.4317193061510978,0.5518218990258906,0.1531063779481405,0.9997824667536956,0.6328233657475465,0.7412708007374906,0.06844800856353399,0.9997902977072702,0.5700565940336102,0.7029317210507503,0.06612817539052133,0.9999999998124179,0.37675814748055253,0.40356656057901374,0.22482289515555814,0.9997079436332631,0.5518894303305993,0.5314593539952404,0.09170742965036162,0.9999999998968541,0.6928607741525992,0.9176076439779306,0.13070812359556216,0.9999999999184872,0.7366131191021523,0.8634543253845789,0.16917788934815206,0.13621165658032108,0.1389723885145966,0.1205292309772835,0.18322016204461306,0.1987990334038949,0.17049771630998276,0.1383601102313384,0.006246836511379882,0.2715802457486114,0.011388274479650273,0.09510114205102685,0.022149957089047864,0.16845275250972813,0.04050958050484912,0.13435416569243724,0.15285789092040644,0.1242534776932533,0.17142029231665798,0.12347031238293714,0.11984288628036331,0.10482675015459152,0.13272533094891903,0.0392844680762282,0.11796800313846469,0.07882709353826178,0.14357450704308114
1202,Front,0.9998746159488511,0.5980525082831226,0.6646822778890934,0.05387857308930624,0.9999999999401448,0.6528617435644465,0.783059621312108,0.061929935678325,0.9997824667536956,0.5508858922083275,0.6578957013014466,0.11136315921249078,0.9999999999300992,0.8586291659030109,0.9213900407137924,0.019841847673347086,0.9996248356781794,0.39090909087556536,0.4151205131049069,0.2549900230940451,0.999999999707944,0.3933051050257006,0.4004710629778395,0.21882757200976263,0.9999999998968541,0.6593071391779137,0.7326251023533702,0.18194063313426262,0.9999999999184872,0.6764837125905575,0.8190677741053844,0.16687925853526794,0.12323944551256828,0.12762393001371955,0.1682310882874245,0.1828443744811128,0.13677557218748454,0.13769573927467108,0.17742494559067923,0.010066176952325027,0.14011135792087845,0.010486139343495427,0.012093578189576407,0.011443452129816454,0.006017409128614659,0.0021505030565993864,0.14984346047846256,0.08868724357117164,0.1467631956301442,0.09632083920696423,0.18942184942911042,0.11217127623975905,0.1511866189145875,0.12743592706009688,0.27543591661306965,0.12154455960352967,0.11257461387149495,0.18055970710855365
1203,Front,0.9998746159488511,0.7838037716760875,0.7717405365733047,0.026660018143202648,0.9999401447896127,0.7534888976352625,0.8478010509787437,0.032598156167723144,0.9998549778116267,0.737013968631734,0.7751215394970274,0.02948662012158241,0.9998601984482132,0.7406391127456331,0.836014644902731,0.03558116583914289,0.9999999998124179,0.7963121783193557,0.776353054146544,0.05668414303987981,0.9994158875585815,0.6801150434864491,0.664390287268532,0.058751933339406925,0.9999999998968541,0.7927227830058302,0.8437144514039036,0.05304012109024574,0.9998369741604306,0.6464190093347602,0.6848870608278026,0.09505128840907566,0.06626059775018968,0.18188934866610273,0.03959720130406343,0.17192182434647066,0.014645207687869304,0.17929404375865773,0.04881490076701619,0.014204004938282904,0.09863454635819098,0.014029072243278953,0.0,0.033007675342305635,0.10661707095350804,0.04940620571721418,0.04829454046423759,0.09428953115625074,0.063531643583107,0.0726875914465103,0.03103052569410867,0.05601647284353652,0.00402864997913451,0.05106719975429901,0.18610088838392452,0.025552781620978585,0.12545020034370277,0.10943266725531754
1204,Side,0.6760704657591331,0.790151608480824,0.6856160498822796,0.0,0.8671814209093685,0.3461212497685677,0.5933833843792792,0.16265524951344631,0.3508810093284837,0.5094636269873941,0.4340257425806304,0.0002880984370690227,0.9181462322858837,0.43091522320751635,0.668193223142743,0.1659217431892056,0.4837741511003986,0.5532590050983482,0.42528465590608033,0.0273280202567824,0.9439252333691811,0.8416553486584919,0.8643628681248212,0.011609543593422054,0.9914388859214606,0.7255428861409293,0.8059591118581488,0.03757435967488419,0.9218291489304019,0.7493306559153653,0.8184441945520382,0.03724790433955779,0.29394995529929124,0.15006698148164246,0.23341470713261628,0.20326010018405552,0.19178054809572367,0.20154888614687064,0.21450361040014312,0.19739475089239497,0.19224029175254917,0.031532712873271085,0.17884837566717038,0.4151581283486588,0.19056440821725035,0.08473929249428892,0.3633106028158395,0.1366848331327879,0.08102815126885247,0.18442977673026253,0.07205015411644333,0.09918461568707848,0.059025330590891927,0.13625217081704222,0.15320291662670915,0.13636729786720853,0.19222056479137786,0.2251291423113133
1205,Side,0.728857124899451,0.27794897077049496,0.44681116964231066,0.17764308150722316,0.7436403902110706,0.2132323859984614,0.44985465366543387,0.2681327540049111,0.8346022767867013,0.2925560863341261,0.48619362332274435,0.22809438956463907,0.8529987417270376,0.2749671296933078,0.44990126155541155,0.2945765655798303,0.9994372536110603,0.9592624355952606,0.9677061601609775,0.003096805450007546,0.9915303735421934,0.8988575536551205,0.9395844275400277,0.003981371884178153,0.9999999998968541,0.9790834482548417,0.9909554927094524,0.0003702865568173954,0.9999999999184872,0.9561021864705431,0.97826400948077,0.001769516051190745,0.09682311228305043,0.46982165075126164,0.1187087012430243,0.4539300586591132,0.24936668305296963,0.4505578014880841,0.23093346305242385,0.03294538459533374,0.3559320097414243,0.025009747131331063,0.04198494160577646,0.03409997296012979,0.16586608268450687,0.010001203419338103,0.16878723204700802,0.37251991467262924,0.234811505174046,0.36006453050760284,0.060278843790432565,0.43148400168596357,0.05878830102404613,0.4382798661712071,0.07309195469878815,0.44627266533824,0.06611581204385682,0.4698216507512634
1206,Front,0.9999999999373079,0.8354492788835542,0.8680146000184256,0.0328256666251857,0.9999999999401448,0.8279563816697013,0.9344462044026778,0.027542138547712185,0.9999999999274889,0.6873072503666138,0.8115215995628369,0.05490389938671028,0.9999999999300992,0.6877036528504141,0.8059642278317534,0.036345510643574004,0.9999999998124179,0.6059176671864566,0.46934554131074835,0.06709132289863477,0.9997079436332631,0.6136454421495849,0.545398332471205,0.042477640599952855,0.9998968539453434,0.6557484203169621,0.6648303540999106,0.054242568890405525,0.999918487039459,0.728859883939711,0.7274964298125877,0.04783396885598023,0.05152887046208438,0.43177344976507565,0.1938795067455244,0.4429342454878584,0.098286713900516,0.45734689941588963,0.265977672497236,0.05279403425055345,0.35177998956955386,0.04897002462592722,0.06100251056123808,0.03480040273155875,0.08401097562451586,0.02503007115049897,0.1727079694793865,0.38088600942964673,0.24452323308262613,0.36802926003743436,0.02576458184368793,0.39458308948020504,0.020058736423749193,0.39895609259130954,0.0388992439582395,0.4065344735569073,0.03290172084069886,0.43177344976507553
1207,Side,0.9423860572414027,0.0788241094491049,0.3878347796183328,0.5264571758101472,0.9913808582635194,0.023391152041166666,0.6379174958657159,0.5683806576808454,0.9970270465523148,0.1124145854681977,0.5882408135737304,0.5482631406309408,0.9993708932616124,0.0011433144685792423,0.7018863833686327,0.9448590994984114,0.9921215529934121,0.7715265865547577,0.8464732429299017,0.06388930286558789,0.9962032707370903,0.7623232403321625,0.8833431292397369,0.04150824405230316,0.8125838060017966,0.5500036313058316,0.6697825130919602,0.08687316837382418,0.811216172089076,0.6077643908630207,0.7073034369772482,0.09534412827764044,0.5927125013530358,0.21060437654382325,0.43577961670535126,0.28097452717170424,0.5930253334031445,0.31722157058281786,0.2611066802504438,0.015446408986456094,0.34444588445859353,0.03728239302369697,0.07964762018071712,0.02343299818760066,0.09692601709923264,0.03274787041606589,0.38003272735339444,0.2740233734512891,0.4273214194644029,0.2680924135734265,0.1748250027655559,0.2313939258356407,0.10999574188173893,0.24118185236623152,0.5459413596065752,0.21387119053585066,0.5418833572151264,0.2675308009479204
1208,Front,0.9998746159488511,0.6016886478120492,0.7218996443280317,0.06858681101163427,0.9998802896390805,0.5290129385542114,0.6612220205283791,0.10605579012045013,0.9998549778116267,0.6111144705441667,0.6794196525712699,0.05558643664053226,0.9998601984482132,0.5464471502574488,0.6248574724314455,0.07030572313035827,0.9999999998124179,0.23276157802463449,0.11040672439292402,0.47340753747393827,0.9994158875585815,0.19813054244642245,0.12984911737146104,0.5509513594574927,0.9999999998968541,0.46452175172746596,0.4708509518636263,0.29824007754831683,0.9999999999184872,0.6332552431596801,0.6754241273204813,0.22836528872780446,0.0368176025399097,0.2283544659344242,0.015374929804545585,0.25174996147744055,0.051700570928079,0.2275058610676759,0.20240864184058185,0.05443763779456272,0.29997804164232994,0.0461280928727637,0.0222452612303301,0.021364664311415045,0.1186144230266411,0.04284179475436052,0.10271464292835256,0.20734053366225863,0.10499375133666541,0.23877235235139693,0.05884095440846184,0.3906230759133894,0.08736926535106349,0.4823417448806442,0.2945358972038645,0.36819913665969456,0.027449475939863136,0.40944334102612884
1209,Side,0.8332392952897474,0.17983483297301647,0.4887217442076496,0.3114083440338198,0.7673430298217906,0.19407876150098433,0.4667734595315351,0.23104742791194183,0.8927561452474254,0.10806071233548643,0.48001168814152534,0.4192610096417198,0.8146931356902913,0.20385296974767886,0.4367884656842231,0.27881015911946827,0.7904708308402796,0.7244425385313514,0.702269432755274,0.033624112639376307,0.999999999707944,0.8363026283585282,0.8477483823646269,0.021075203755664747,0.9976276430121066,0.6712905802403013,0.7727778273057712,0.10256820741357513,0.9271274860672378,0.8306001784454149,0.8435305190595762,0.016399744629956473,0.10023253997496466,0.21840843568460983,0.1471875804802354,0.27488084051816947,0.21972076717192898,0.2766562997623148,0.13086745068478922,0.014956162668572285,0.22605654188129962,0.02820298934810098,0.048884946758335206,0.02471824636992237,0.14645016176503123,0.0517753145069186,0.05418812652727164,0.19157467803640352,0.12460971044019985,0.2187653904716125,0.11785520975256493,0.2505816134973248,0.11766118374233367,0.2578014682801932,0.12025932565527152,0.22789195762311013,0.06861637888470196,0.21840843568460971
1210,Front,0.9998746159488511,0.590656970258187,0.7296330580402448,0.05917611103199565,0.9998802896390805,0.5828577885426941,0.7675971730981116,0.07485297215881309,0.9997824667536956,0.6665054120658822,0.7837224675095138,0.054671737911409904,0.9999999999300992,0.6046990224315613,0.7306191619161801,0.0646420395910845,0.9996248356781794,0.21174957116537316,0.15342375649115697,0.33028724518711944,0.9994158875585815,0.23959415193420194,0.27731570958466023,0.34396217732726303,0.9998968539453434,0.25666351948168614,0.4183755841546667,0.4959425827449212,0.9998369741604306,0.4214636322834971,0.46367459592356525,0.30854139512067424,0.09430510244497292,0.20437361747018962,0.06355495910812926,0.2658229528992894,0.14413029334407615,0.2359871035772358,0.17973734801055447,0.04881047278886338,0.41722087032346555,0.027512330382207618,0.06738136480210295,0.08106628273186826,0.1613322807424164,0.06801563414278224,0.137583815904258,0.2118446618438307,0.13079749448392317,0.21698088596367326,0.08640179411181892,0.24920202014025805,0.14613087818264883,0.26006449762810063,0.121654797685853,0.33198442723708144,0.2614356616536414,0.32292382251865154
1211,Side,0.8334273712724326,0.33920867741037786,0.6495988156992629,0.16627361770885227,0.8901657987137028,0.3489462681310274,0.6516076400771561,0.26119826609290736,0.9266188093012385,0.27205660033427725,0.6912879809418165,0.2711932074726393,0.99601565769635,0.3200137197553299,0.6770236725433987,0.35795698915710833,0.9999999998124179,0.8712692966662721,0.9460403010296533,0.019294276412734443,0.9959112146624095,0.8643444914225177,0.904209641501303,0.01858088848526059,0.996905621351531,0.9344178952041241,0.9444253090742212,0.004016976712783,0.8771600912229248,0.5027889334837802,0.6987872548197082,0.2336472686020634,0.050216641699148176,0.1369438755131488,0.06740779362622533,0.1800052231646985,0.05553809315222121,0.18773160082964566,0.15717795984155006,0.030499259314077348,0.22664148931082667,0.015642598562067334,0.02775674744127207,0.018312297731663874,0.037852992361783654,0.0173549395782179,0.02540812317562253,0.12408098256143493,0.03303336222502526,0.13393497929820533,0.046622394132176566,0.10844372869576623,0.1192834190205281,0.10086491175024886,0.09589487524552066,0.1574169581105226,0.10542077807249552,0.1817067704191585
1212,Side,0.9031408688544204,0.4156292370013787,0.5921965972637416,0.1719137944340068,0.9999401447896127,0.868467144987374,0.9582575063189449,0.012384178780804896,0.9100137770350218,0.37364697343087333,0.63667484379829,0.2120515970246019,0.9993009925206696,0.003544274852595651,0.6544454440092862,0.9185459002194586,0.9984993432754642,0.8272727272017778,0.8633051664755341,0.02784504385989498,0.9141355137517129,0.7798993368395063,0.7980571701218784,0.02238719533328773,0.9991748322847679,0.3414191299047557,0.646944413019268,0.526275749547248,0.9999999999184872,0.6844600624339324,0.8487534869928397,0.17977523217915897,0.26681330545748366,0.09433328750247355,0.15142432653718316,0.13656503604458822,0.2964890785631768,0.11358624178828418,0.07231707750453086,0.013808096589785697,0.18788215124610086,0.10735539848787652,0.016964014189676708,0.04229522613714834,0.043125119724497035,0.010852060061887136,0.1502155266664467,0.07413498542266374,0.1924087743888375,0.06141896627946542,0.10123024288510107,0.03481456635402472,0.09033003810221531,0.035988555915734875,0.5459700047199406,0.10889843276532542,0.17164759985748906,0.13327558063635425
1213,Front,0.9998119239546227,0.5760507826589393,0.6312165380552849,0.05596758959207072,0.9998204344885484,0.4283292841161462,0.7357612287919348,0.09454758889550424,0.9999999999274889,0.6526576766854533,0.7312108941299427,0.09927322677538829,0.9999999999300992,0.41370834045539884,0.6943983472131623,0.3151754930240903,0.9996248356781794,0.5539451114447732,0.5449051625385777,0.046157691876618424,0.9994158875585815,0.6502356794239647,0.6861906984824832,0.05102354543285363,0.9999999998968541,0.40787275761436026,0.5596223864192512,0.6710499935752242,0.9999999999184872,0.5578424810041364,0.7432592190813916,0.33310458448932473,0.120177930597483,0.12586419140622465,0.061405969163228304,0.1340201597115844,0.08980138566590833,0.12585005742969438,0.07348616293088452,0.016799590781740044,0.9999999994249414,0.09329937674175119,0.0028867264858026664,0.0017479877965376049,0.029973927248977045,0.05055939251015565,0.1149363907929663,0.09354285116967496,0.17785013610195902,0.10208809330618204,0.1248034505225961,0.06041409525241932,0.11020071234731844,0.052849956300014565,0.14259841047032648,0.06742294487884179,0.09142567280166841,0.1211950558804992
1214,Side,0.9168077235962128,0.10594108220720194,0.4876901910310632,0.5123265182201066,0.944693840848465,0.09475111587689979,0.5002534421530247,0.6674957575818491,0.8451888912446386,0.07667654350385943,0.48577164531261746,0.5152915470813044,0.9790996783881517,0.07128565711591575,0.4189452694470301,0.6609797567213511,0.9998124177452989,0.9748713549764264,0.9656478606976852,0.0033381910819278338,0.9982476632598575,0.9603738914308242,0.9812985414121066,0.0013500903730526807,0.9993811241877895,0.9798097174101381,0.9856847471082203,0.0004723502961070794,0.9986957938540353,0.9454484604559655,0.9687943168300087,0.004427205115878699,0.13470694510753214,0.350988052120382,0.17422482520328852,0.40762571110358436,0.19815911593645835,0.39755737202442887,0.16234829776031662,0.031906781937515755,0.22997165466843145,0.02578870745373068,0.14850296270022534,0.03259631069136521,0.25965335677392953,0.05674580621123754,0.16422599853686418,0.37728652816404123,0.2968603700558924,0.37712983270030037,0.10489684425539954,0.29762628763186544,0.14600809682544846,0.30185748970976223,0.1016898320247235,0.322161108521188,0.09389587917757992,0.350988052120382
1215,Side,0.822832424247832,0.17687661776304223,0.4746383341400514,0.3340195948866634,0.836296163234794,0.16187355216894325,0.5013078921307528,0.4443329692437531,0.869987673057067,0.08441676240645722,0.4669626402927742,0.44272975421285043,0.8272053683190825,0.096552906871517,0.417897923852385,0.5001734980361655,0.9919339709262925,0.9560891937430458,0.9288575171575708,0.00441309692526335,0.999999999707944,0.9129184308609956,0.9628440748062953,0.005159164585875033,0.9999999998968541,0.7353475197374285,0.8558201178237966,0.13157392377829447,0.9930714052010865,0.7774431057129939,0.8700044729391782,0.10343353381546931,0.16559146494996319,0.27825273843000126,0.16689288178737874,0.29151873444376547,0.13879032750366893,0.2911067625089948,0.1834941285975548,0.01937476552256561,0.19171885562246765,0.03223548032157531,0.08082344811812339,0.043796256133595994,0.14387640366807244,0.0749645675538832,0.17324377523454562,0.2631802288090265,0.1646314783219505,0.2819760502114281,0.25067763315029906,0.21570507905225392,0.057292180240109,0.2560601702298162,0.13691031164687267,0.2354083797773938,0.21940348914074853,0.26805458374680513
1216,Side,0.9462102688893353,0.31800813507222925,0.48839212078938243,0.30948233796745717,0.9623511102554407,0.26103169669128024,0.5156105362963307,0.41519670112402784,0.997244579726108,0.15921872164484374,0.43763557669490916,0.4585989463976346,0.987487767301308,0.1728691476491814,0.40156434434263877,0.5173131922154668,0.9983117612083451,0.9795883361080971,0.9746678755711922,0.0019041236423498174,0.9839369156004854,0.916273867466943,0.934654492971331,0.0032147009541607274,0.9995874160908111,0.9168421816459552,0.9648656437680084,0.004219911681957783,0.999918487039459,0.9484605086485686,0.9744013583576879,0.002526533641945715,0.05588606968279601,0.16899069118344412,0.04690691384121816,0.28888061561912853,0.06906085831682598,0.2952445845468698,0.19879617777911748,0.029042362552248846,0.23775595452613668,0.013725780286151252,0.011867913315296453,0.0,0.058822446148550304,0.0014884328853311591,0.02794433395745088,0.15856115916430566,0.042817189492054875,0.18835297090762393,0.03556964553542147,0.16200202278700934,0.045713257584305896,0.16308196488125676,0.06373299938792067,0.18590069409244891,0.036097848892007865,0.16899069118344387
1217,Front,0.9998119239546227,0.47781338589437855,0.6062112095707403,0.08162182955659725,0.9999999999401448,0.3723374201721941,0.6428397360746064,0.2393857458024474,0.9997824667536956,0.5396383866154901,0.6250964707232087,0.044540869589198714,0.9997902977072702,0.49979991993941575,0.6402750677835044,0.12255850764043104,0.9996248356781794,0.2572041166160203,0.34784445807574815,0.5215445993680478,0.9994158875585815,0.4025725013659364,0.46653082419428643,0.28099450954345334,0.9997937079938325,0.5195003267833902,0.5509551362856837,0.11909257321709303,0.9998369741604306,0.5802655064379593,0.5858591170547169,0.1081835982758173,0.1374147153687461,0.13169904076835437,0.08437072813493318,0.13854047228874747,0.04470906038585132,0.14943619842955003,0.03930796922536037,0.012299619414413016,0.1576105381619404,0.01958472066220005,0.046687159775188676,0.015917598704381888,0.12266480956375521,0.01668518591058194,0.10253116576214899,0.16995659498269905,0.11941533315383693,0.17482265973135727,0.04372217230483045,0.14973945806659122,0.0718256793153131,0.1302137499574322,0.06448365252454709,0.1770487770460877,0.05665295855278158,0.19039714333645916
1218,Front,0.9998746159488511,0.6080364846167856,0.7266347802100982,0.07494804478556456,0.9998802896390805,0.5385615006193254,0.7722402773118111,0.07472887032214856,0.9998549778116267,0.6587651931632844,0.7373412578004863,0.030566570832860258,0.9999999999300992,0.7055965242836794,0.8555103069765435,0.0595203250130074,0.9998124177452989,0.6338765008032696,0.5515608810626855,0.04406890102287441,0.9994158875585815,0.6159622912346439,0.7155770531705473,0.04483686520875865,0.9998968539453434,0.6904640859401218,0.8149130565561816,0.0765667300987098,0.9999999999184872,0.8158746095037998,0.954164080816207,0.05310228505768405,0.05874709804752812,0.3949686826175637,0.08138072845004918,0.5121674533073126,0.11756561981913692,0.5183902322918909,0.30434429074408786,0.020713083918294586,0.5188253333368177,0.03590360344620062,0.06548348241328535,0.06353497908369239,0.09826071945972359,0.08859265150394002,0.14061074838770354,0.4633581560053666,0.20554753035869633,0.46289727115063595,0.058970345990113505,0.38679119512969684,0.07367225080267105,0.3898967986256211,0.15024937710090042,0.36959866992113033,0.12349833858725173,0.4186167369358949
1219,Front,0.9999999999373079,0.5305682238055855,0.6896333965650872,0.06432672873391568,0.9999999999401448,0.6535397479714369,0.7888532779413416,0.048495886811536694,0.9999999999274889,0.7065973271629317,0.7865524188739399,0.03745201313779451,0.9998601984482132,0.4257703080989098,0.5197336425878161,0.073170506720133,0.9999999998124179,0.7490566037093435,0.7367144839603348,0.05923053331516275,0.999999999707944,0.6631780777611906,0.8117566296885238,0.12082209171610447,0.9998968539453434,0.5969206187379679,0.6994722635492341,0.15767271430223537,0.9999999999184872,0.6548415885400022,0.7738344924354719,0.17964279161165736,0.07657966526532195,0.4127069828391905,0.19652266122636486,0.44638904635507554,0.209604826038173,0.4468206925142337,0.09060476780682546,0.01924884915501575,0.26169766678135026,0.061145211446400886,0.014341990363268844,0.012953460052501843,0.0,0.0,0.1772697744676636,0.3802115532319781,0.16421419293544703,0.40126907241935567,0.18717912748411655,0.31661845107078157,0.11956841343979344,0.337438971824467,0.1676659775838415,0.4250194097215521,0.1454867023242711,0.42482618169940833
1220,Front,0.9999999999373079,0.6649204979252483,0.7657956737095168,0.05436700500632071,0.9999999999401448,0.7988021921691169,0.9060930370540403,0.03489895126087115,0.9999999999274889,0.5425409687039643,0.8150045860619185,0.10285040879427358,0.9997902977072702,0.4847081689541698,0.6845071192358962,0.08561265721550693,0.9996248356781794,0.25814751284235443,0.11486526594157147,0.30825626530575523,0.9994158875585815,0.43836382516270955,0.4655510599626843,0.21304873955711526,0.9997937079938325,0.07771079961669616,0.41932378385649294,0.9999999999934435,0.9998369741604306,0.3096831771357829,0.47562413071823795,0.7007238250235843,0.03903781147815332,0.25655718352849227,0.06491283478962168,0.25586257815520214,0.033577497155060705,0.2508175271009928,0.2301175858379324,0.04895316059123982,0.3484318006747221,0.04655771648199589,0.05187052225295607,0.058265857624081506,0.14331089710700798,0.04147425176860643,0.08099453484984429,0.1954073426525839,0.1370399456174589,0.21332635618405166,0.07298573221244024,0.2327195083857154,0.015556062449080092,0.2365731637077684,0.07923836540700818,0.34494618098961405,0.08386869482797989,0.33772630239740725
1221,Front,0.9998746159488511,0.5569456427611891,0.6154698272392641,0.10076419531716115,0.9998802896390805,0.5357929826241148,0.6181143980206906,0.07442905067568728,0.9998549778116267,0.6103888250220482,0.642597345938556,0.0601167152539323,0.9998601984482132,0.5644543531375719,0.6030889649873586,0.06822325265940637,0.9998124177452989,0.6144082332234643,0.5643574715628157,0.12418921780673191,0.9994158875585815,0.6539106814209545,0.6495866277869002,0.05463202863922549,0.9997937079938325,0.7031011692422762,0.741666662038667,0.054095382292873924,0.9999999999184872,0.795738509549546,0.9106478416810808,0.0805085810710457,0.04303142047540293,0.09884094270398176,0.07099059333896415,0.09828798602255032,0.03075254373029452,0.11336224402155326,0.039505396319810406,0.016145404806888773,0.1321371083639222,0.0282457660350102,0.0,0.0,0.059785336645919424,0.0,0.15781214764712664,0.12094791634045869,0.14042417352151162,0.11906023378521645,0.06017868343205934,0.05713214584440214,0.05530019047454655,0.06394041470632644,0.10454495076839562,0.11268694706072234,0.09561588738020696,0.14506126423069493
1222,Side,0.8451507741931445,0.273203500537828,0.5622015706640738,0.2576246096970676,0.8731669359625805,0.25069212948467756,0.5996447317443242,0.3542116736699318,0.8889130591770783,0.18407208077740386,0.550395422454693,0.34031199577427396,0.8390185935384441,0.1769850797360667,0.5111491748467991,0.4233045450989933,0.9999999998124179,0.9671526585791466,0.9682411281808961,0.0041120966361567375,0.9792640184055885,0.934728768799654,0.9552256445902686,0.002836109625843992,0.7914388859420899,0.7917060061884156,0.7651528674748468,0.003754029861266846,0.8941147700607992,0.87477688527026,0.8643644930302561,0.003941970293872383,0.0183747496693769,0.1593189548524908,0.034732877458370094,0.19180428498287258,0.06096300815291628,0.19615683828723282,0.11395918235903113,0.01502444293258013,0.17387736043713675,0.017007450560102135,0.006855920419582199,0.027081745938036143,0.08650118613912026,0.025205058698284627,0.02065791839780316,0.12200936610835798,0.07960124357945689,0.12442802569783912,0.03411147346355584,0.07115352047724789,0.01761565551200132,0.08355833078480628,0.08579128059737078,0.07920270460415249,0.01962214270740781,0.11755528688616991
1223,Side,0.731929032616643,0.2559472451463117,0.47193938132571145,0.15049214032292163,0.9305680253228845,0.4517204361573129,0.7391899911898283,0.21699949763894644,0.8725255600846546,0.3282941282984644,0.5666373363879346,0.19597988286766774,0.8375506779786417,0.2603898702189224,0.5628713482433599,0.3271991738662638,0.7694616393229299,0.866466552241298,0.7800830001468444,0.004269721125126568,0.6632593456006837,0.7819765118812833,0.7372735212585143,0.01157334273411652,0.9307890664331316,0.8900428498155245,0.8980426982691079,0.003256021717777358,0.9988588196120919,0.890060240914209,0.9316598544688676,0.013593946507221151,0.07254698903383525,0.10633622052370881,0.04451451485319748,0.11129616563475014,0.096669214895691,0.09936945853356925,0.08004965619475005,0.024957104220302534,0.18384961330461225,0.03552790146501464,0.026005649909874605,0.01650552962767764,0.09903423085544763,0.0532440930475386,0.09673586081492465,0.08509109277694227,0.03067280098567673,0.10587119267970263,0.024490870040711155,0.051141938349044784,0.02119964486204441,0.06284671183620631,0.01613228410982042,0.06269385505036085,0.03781900439531344,0.10585642356901834
1224,Front,0.9999999999373079,0.6322568716484496,0.7349938838308674,0.07046780409961986,0.9998802896390805,0.5476580597464458,0.7358608504486499,0.10610325768725704,0.9998549778116267,0.6906935961365003,0.7476347608818336,0.037082013357777215,0.9998601984482132,0.6071571485390065,0.7084149317994037,0.05880024546257298,0.9999999998124179,0.6497427100643448,0.5707034926915885,0.08880672862093761,0.999999999707944,0.6857873291774557,0.7724774804610193,0.160364042254185,0.9999999998968541,0.6272060425138204,0.749561879062852,0.16816902305954945,0.9999999999184872,0.8439870593014286,0.992525266574562,0.009924026407333635,0.11017401914055482,0.29952702079435023,0.10940573805198361,0.31917570868327166,0.07706101679965144,0.318109433734377,0.2584848465018402,0.03989636231988332,0.2499722082307954,0.04284945787306647,0.11481203973656806,0.08636359638793381,0.09533639176018359,0.10116010494637721,0.2522155514932452,0.33467790527394986,0.1657429493882515,0.34985949265193245,0.09980054743426059,0.2635956710048564,0.09858628936532658,0.2813758750082338,0.09492805716754295,0.24787424692492213,0.062107142679366074,0.27538064766518733
1225,Side,0.6935615321488583,0.2887957598737338,0.42162511424090576,0.12264181486410429,0.9954510084997037,0.012599581896570452,0.7072227272722447,0.7535728016668148,0.7300413312500876,0.3169861522454504,0.4880072229100963,0.12680841321750896,0.9989514888159546,0.0018864688731557498,0.6641544499138996,0.7735002466338335,0.7947852183840208,0.7298456260094472,0.6962730058100889,0.0303193492380933,0.9018691586151079,0.7462650794322708,0.8048793617125072,0.06586174873061126,0.876121712132427,0.7083303071604089,0.8118897954401532,0.030241901753006964,0.9996739484023742,0.8342257920105853,0.9055672541075849,0.032785513389602006,0.16340515893766355,0.1248782929315055,0.12089199497961521,0.15500667359699935,0.17826627667312342,0.13849250748165107,0.03392062700934663,0.013289505635483697,0.05944559266876528,0.02207064124707192,0.028864451363283347,0.014444599410850197,0.0,0.0,0.23599871312525808,0.07488388590383373,0.2698365672354849,0.09854407910952669,0.07255992407903868,0.05978594738482752,0.14693329625580817,0.057962504817836956,0.12335487047456534,0.08600792347266649,0.11494016766107909,0.1248782929315062
1226,Side,0.8309823834975246,0.28195488720066836,0.5114435412566853,0.2242887044150589,0.8341413778156376,0.2173569128076526,0.545236169913565,0.3005061062620867,0.9089261111660556,0.18806313114905585,0.5108795280861153,0.34042720688546146,0.9314273730650476,0.2324929971855889,0.5209845740606625,0.34984602515692026,0.9939973736646038,0.8193825042178917,0.8308161543998969,0.037795443635842293,0.9839369156004854,0.8270352320182923,0.8631205860286617,0.01951628431400933,0.9998968539453434,0.8060861354632808,0.8754826413766154,0.02951035811739607,0.9534561459933603,0.562360553293041,0.7192798275051508,0.28547882174912576,0.060190412067056366,0.21433122683194453,0.1338964802186543,0.32019657091614834,0.10648159520428235,0.316199232084537,0.2239491804450526,0.014485286286942864,0.23461284932286297,0.007802956329082133,0.0,0.0,0.0,0.0,0.24007289044511118,0.30798939200221664,0.1817205827318252,0.32688645729920734,0.2784249123544487,0.40867576387216203,0.05491765665853367,0.4249707754061141,0.44697216519049826,0.3836657102610667,0.3606581812382462,0.4063881472773816
1227,Side,0.8737383235612979,0.3224454578871906,0.6425621409477407,0.21926107942943315,0.9036930627339622,0.22345895247056566,0.6212353750571022,0.3790979791231483,0.938438111744004,0.22368023219304103,0.640737327624096,0.3101915275281627,0.9626031035256114,0.1606928485588125,0.594339661389881,0.48874183676151634,0.875633089312393,0.8367066894651196,0.8063192187438984,0.009977023369734191,0.9991238314839007,0.7747862905828246,0.8546901486905571,0.04089746808897696,0.9850438369277935,0.8485728810481099,0.8882627893539519,0.01832727886105332,0.5432833387232407,0.3080655956990146,0.33958455730304465,0.15658485753109647,0.09549189775309355,0.18938252562377306,0.12880334630482726,0.19630962127133642,0.055545061860216564,0.20588519256508478,0.13135638882573009,0.0372355839998725,0.16099889833042044,0.038166399544800396,0.05005443270630562,0.04084889867519108,0.013482008912702036,0.017047534064781194,0.09396447652280435,0.1485455449633704,0.12724091861715672,0.15739393674796218,0.05057908442584507,0.09649548374702731,0.07037817799880716,0.10035718065291979,0.07146734248407974,0.13292254126645495,0.03422989327525102,0.12721413408682253
1228,Front,0.9998746159488511,0.363983729793912,0.5667968900986001,0.14383845502789763,0.9998802896390805,0.4386123509554996,0.6651862828313414,0.09063585036369796,0.9999999999274889,0.3339783515550596,0.6515165693268473,0.3003185651950843,0.9999999999300992,0.5122048819235004,0.8039564908529427,0.13619224916048395,0.9998124177452989,0.388336192076472,0.28171313117307906,0.3295909788126924,0.9994158875585815,0.0,0.05898775671601239,0.9999999999933135,0.9997937079938325,0.2597864768494599,0.40865041310715083,0.46721956783581275,0.9999999999184872,0.3507920570977916,0.48237443978170663,0.6233278994471182,0.07293970482676666,0.21382926962371387,0.060078438360875244,0.24182843474114032,0.10401071174155072,0.2225339414553778,0.06302653780017614,0.02800226394780405,0.09982367664552921,0.01996110241848763,0.07886361246834521,0.5457837873424891,0.06931954741234202,0.24815333945464613,0.0700764195891065,0.209965247916105,0.20558462599488886,0.21997944294385682,0.150748213801199,0.25219713455997483,0.217273439275693,0.42235940538137134,0.1949702598370139,0.2770720381292727,0.37539459683662957,0.4287753492591169
1229,Front,0.9998119239546227,0.5979292493160403,0.6999995144572142,0.09521798868834115,0.9998204344885484,0.6117294762070327,0.7259833622739688,0.06503206779472824,0.9997824667536956,0.5416339118013161,0.7126577574731976,0.058310691396692496,0.9997902977072702,0.6403132681278046,0.7468035409163527,0.03969663887963881,0.9996248356781794,0.4578044596519894,0.32078883235498284,0.161731058711559,0.9994158875585815,0.5021171206757117,0.5206905506542431,0.15984161959379956,0.9996905620423218,0.5335899483961369,0.6010257550963062,0.08672046001223296,0.9999999999184872,0.7788375724688287,0.7887246056768705,0.08515414389945972,0.02582336556944054,0.1269613213767331,0.03916546212898184,0.16085284476506362,0.021965604616688703,0.1695017447484858,0.09211188883423102,0.010023462922028333,0.19442159766399977,0.013706691730374617,0.022315497643609197,0.028263279775847437,0.023603174042786085,0.00869165228866383,0.051864944138839866,0.1021360538933396,0.10312353848027353,0.11058019095659197,0.06411900426465196,0.08854251507290925,0.06444233622433307,0.0931806212063397,0.08705832142897582,0.10535516256993309,0.16089194289143074,0.1385594073524023
1230,Front,0.9998746159488511,0.44385554046321607,0.5922039665130929,0.14408545396571842,0.9998204344885484,0.28165433073723634,0.5522765807272996,0.25565017397458406,0.9999999999274889,0.6545322609509262,0.8222774023855052,0.04498514129804397,0.9999999999300992,0.3951294803409861,0.6603016396234412,0.16710754260034635,0.9996248356781794,0.2296740994657226,0.06274343981845813,0.31793878900344036,0.9994158875585815,0.26819525443251613,0.2739021415983803,0.32559440267388345,0.9996905620423218,0.6081051637295297,0.6978444155803233,0.08753729830873476,0.9997554612814025,0.7588688085252749,0.7930485097209404,0.05531602340305536,0.12870598072380726,0.1429753913381805,0.08367515731053554,0.13911635179041745,0.21336348114814324,0.17174847426038434,0.09016988919109922,0.024485171641428143,0.12112977843665551,0.013082529135838662,0.022458169126129236,0.054267832691151444,0.0,0.0,0.26818092524444226,0.1596506085093835,0.20708363597284324,0.15910000995186147,0.1143374847953406,0.12733712040165368,0.10523906805424252,0.17186105328811246,0.2516351197613362,0.10908991522593497,0.22138910195336492,0.1937873045492239
1231,Side,0.9353018618935928,0.0543572044832764,0.357441607827366,0.42559569816296344,0.949601963192099,0.23781004575186115,0.6424553041911728,0.5370516914324824,0.9495323036074589,0.19779887523747966,0.45533202067671974,0.32916719931996513,0.9999999999300992,0.07271480020163981,0.5394254703558905,0.7864527224302894,0.9874320013154322,0.8431389364628527,0.8671962994788953,0.026164711980643282,0.9967873828864519,0.804905328688591,0.8857020945814351,0.0295598066843109,0.9999999998968541,0.8731934054126521,0.9248913571376602,0.021055791076540903,0.9643788717831449,0.8524654171769038,0.8893753105400729,0.019312250291108998,0.1459534595713252,0.16735259906137015,0.12022168913441103,0.17251825473423502,0.1521732531444474,0.1794648592467668,0.07331807983833573,0.012898464792504836,0.14687176867939739,0.021648975170854866,0.0,0.0,0.02685719091169123,0.009674715083751938,0.15553663073870036,0.20086957456391502,0.15520279161632797,0.20529402802728242,0.19362564941650537,0.20358276989190555,0.17729637294899814,0.2239491050960676,0.40572236702032516,0.21725821177995217,0.35331101555402533,0.2516541952834812
1232,Front,0.9998746159488511,0.5588561567509641,0.7169329263830168,0.06608767750514094,0.9998204344885484,0.6500367252019867,0.8173268033215736,0.03939875758970595,0.9999999999274889,0.6563463747562226,0.7934795350738767,0.06341997135193496,0.9999999999300992,0.7306351111455648,0.8907706540623183,0.05341902447762425,0.9996248356781794,0.4724699828068208,0.37831497893246363,0.10358576696292628,0.9994158875585815,0.4521850283253028,0.41164295702605824,0.19543501468252117,0.9999999998968541,0.62727866942935,0.8358806437104158,0.14462621151454022,0.9999999999184872,0.7425256581468916,0.8225279005004077,0.10138147469790425,0.01668194117013479,0.21964918173191214,0.07326969961886094,0.23900027628183437,0.054932067500891406,0.2331961614086978,0.10065148002557811,0.037603199494376696,0.18674000842951077,0.031688722970247815,0.01672697878010908,0.030399674895861366,0.039911758538508355,0.022425821601237784,0.04943191409000568,0.18936369547531615,0.1051273185851489,0.19969079461427816,0.03436728606669736,0.18043662254855647,0.06213664196650256,0.19913074977895848,0.04747717970464042,0.19561533951598664,0.06459648413575776,0.22909547295406135
1233,Front,0.9998746159488511,0.580179958056195,0.6110214379920648,0.06877146826375928,0.9999999999401448,0.5869258149846361,0.7319651278801104,0.09081434879897111,0.9997824667536956,0.5132732659785164,0.6285709606441585,0.09392580689765728,0.9997902977072702,0.4599554107094291,0.5741804546199831,0.09838947858837448,0.9999999998124179,0.5248713550150196,0.5414620766483638,0.18877262360322447,0.999999999707944,0.5021171206757117,0.5383609838115193,0.23297054774064999,0.9999999998968541,0.8265669256426345,0.9389346421291132,0.04211922071359301,0.9999999999184872,0.8037148593929209,0.8599207093423905,0.0604614791259348,0.01647778649954416,0.11599909842707178,0.02887618950445268,0.17795773106276824,0.04192891486935452,0.17407912100108883,0.09547205658776906,0.039787399735866626,0.1855417036340802,0.04593676464239274,0.027337417240163572,0.015441339298378553,0.024497079711332255,0.007555360310465905,0.02882156235787503,0.17898418473124994,0.06732492052552294,0.17904109268628512,0.021225651484739955,0.1394944465544169,0.04513392495759545,0.14714816135401373,0.045441167090273814,0.13812222621322962,0.0704474125397124,0.17995770452897472
1234,Front,0.9998119239546227,0.5720448662287658,0.6626495970058561,0.07883931397435477,0.9999999999401448,0.6194700265201724,0.7331881320377004,0.047243061590094663,0.9998549778116267,0.5132732659785164,0.6812580185599642,0.09516082145935727,0.9997902977072702,0.5551935059420801,0.6503932534653353,0.0797343596051965,0.9998124177452989,0.6385077186416376,0.6147990036753304,0.05631506940002882,0.999999999707944,0.5327155068680423,0.6285419428141873,0.14768218094388957,0.9999999998968541,0.6961289853514323,0.8098515233810103,0.1338959819549321,0.9999999999184872,0.7744310575203909,0.870385005299982,0.1154891732958303,0.16047789101434287,0.1810533292168358,0.13405626228400622,0.23881557852117427,0.14691798374852802,0.2588279886958887,0.13584025476119715,0.01670602683751023,0.17338223988488133,0.021751284974426167,0.07340071782012966,0.34246760287736633,0.0,0.0,0.126838637416422,0.14846257589008222,0.08309938085447781,0.18268621670860266,0.2810869085908488,0.16316536286134778,0.2716612085113816,0.21270663783781382,0.616653096048218,0.1319592725812284,0.11279515102114926,0.18105316860189477
1235,Side,0.8701021878960502,0.14291877233187977,0.43674251600245617,0.4527780750365953,0.8503022684593103,0.1494434713741204,0.4563808769239268,0.4583593021990867,0.8386628960308415,0.09330592005240938,0.4341790214467013,0.48283595203945917,0.8244792394223066,0.111644657856763,0.38432694237008425,0.4861125648939659,0.9994372536110603,0.9879073755584986,0.980021309408946,0.0016946504533063992,0.999999999707944,0.9360070303638245,0.9681247106380977,0.0020912009944498533,0.9965961834969987,0.8747185706387742,0.9503705319198016,0.005947529407667407,0.9995109226443177,0.9394801427409927,0.9655504424398555,0.00583117670659187,0.010304378597762082,0.15464044557111367,0.03536298224004827,0.19551470250766306,0.006766769475840857,0.19002125471302725,0.012085911389334554,0.0009232614579056755,0.028062302723293377,0.005302267464957596,0.0,0.048496672283266776,0.0,0.0,0.038844509515626124,0.12319674530402841,0.07627178023673636,0.1394616719576703,0.08614180089646196,0.0955578193431339,0.06579908872026682,0.11241123188554265,0.09366602778899247,0.12311900731704274,0.021343520292928006,0.1657547969767054
1236,Side,0.9930411885779548,0.3234315296238487,0.6719533190662834,0.3861360655786996,0.735859220641895,0.307079495999374,0.47302709066611665,0.13092166370083475,0.8744108475908628,0.14609663178653343,0.5386301155888955,0.42009677002363455,0.647420662613769,0.2873720916773925,0.3982571942386405,0.11707287761506871,0.6874882759918425,0.842624356703034,0.7194416666387222,0.002679021705508423,0.9926985978409174,0.92689941671911,0.9513292963468342,0.005459183636474574,0.7104693140061404,0.7346212505821321,0.6944939000283479,0.004265575274170665,0.9073198564633747,0.8961958946398819,0.8812514653352482,0.002552641504443101,0.01759962806567633,0.12605712450630224,0.026671446611794734,0.13510173236638842,0.0,0.14902919571071013,0.09909660704304202,0.0056784233681514175,0.2033963535903854,0.02230888861963822,0.09317285395628998,0.010587245852598145,0.22556599904435737,0.03883549062321164,0.04571921406976872,0.11341132456323402,0.13378052539210766,0.12315826400479231,0.0728223247665998,0.07698755868331582,0.03422167020044687,0.09126441875566059,0.013277907904049112,0.08723886630052961,0.008021539473214054,0.12605899596959838
1237,Side,0.9847658453398052,0.0004930358683290378,0.12188676705075371,0.5942471557319305,0.9343987549569401,0.06746143849553865,0.3906087349981198,0.5425779632685536,0.9959393806833485,0.036826510247516084,0.3016959927437898,0.5161283816837633,0.9647001257539003,0.11415994968763733,0.34392639098659866,0.5313802507143518,0.9988745074097027,0.1679245282874851,0.868770625359411,0.04983763282459853,0.9795560744802702,0.16529519851679358,0.8635673790039881,0.05298222895650047,0.9389375966024821,0.10966664244973008,0.6680748175486866,0.0919274048782961,0.997880665063753,0.3279228023021016,0.9196297992525618,0.0479184258431337,0.1794195396875931,0.2507052020232292,0.17145735406599738,0.40250611215536825,0.2328985343327505,0.4039678824726621,0.15563176856417774,0.2702957610325143,0.23112158507496208,0.02634868920375413,0.7827725757374023,0.2691944713953568,0.05255629340654197,0.04096573873477773,0.09134947094524012,0.3233632475088405,0.11214151624928041,0.3403362700471702,0.18854374754698291,0.31662282823907845,0.1607785774736382,0.3312367814763228,0.1958330192308944,0.298127484471803,0.140902486315545,0.32566181039080794
1238,Front,0.9998746159488511,0.5523850609791455,0.7050996839601212,0.04757977701640761,0.9998802896390805,0.6508277303434755,0.729234322723517,0.03024353523753125,0.9998549778116267,0.6686823486322379,0.7958925223905561,0.02928511122993416,0.9999999999300992,0.7592179728600458,0.8811955728969709,0.03496218997303244,0.9996248356781794,0.5694682675326358,0.48698069817377915,0.11759685967732784,0.9994158875585815,0.5415035551217141,0.5201428454476047,0.13578913482085173,0.9999999998968541,0.866293848437338,0.9817616404805527,0.01669015329801929,0.9999999999184872,0.783746095449367,0.944158333499492,0.09736179797943041,0.16632263508452985,0.3550211153518411,0.11951545421231359,0.4093493471668343,0.13994835494858532,0.38588469655743274,0.21424604069412267,0.03901792122329417,0.30833296307395713,0.03855931730085945,0.06505230455975836,0.006786165285716659,0.15806652742398017,0.09567329267720784,0.1764517601493137,0.47718466329756587,0.19591967737027263,0.48268292023660736,0.07382135324455814,0.3370286683234297,0.0915774131138545,0.3261276293914667,0.12555727869608074,0.3263723513273956,0.11708239115921013,0.3550206941951478
1239,Front,0.9998746159488511,0.6358313816938351,0.6984977597900485,0.036254132326063,0.9998802896390805,0.5434770325700052,0.6587700305466377,0.07154609799689952,0.9998549778116267,0.6779343290392492,0.7615816122072949,0.036147588744981946,0.9998601984482132,0.6267078259517116,0.7435524695356766,0.039174220484705126,0.9996248356781794,0.6650085762722977,0.5831870299054164,0.037842790979439815,0.9994158875585815,0.625629144313683,0.6380901660191587,0.03012825000646822,0.9999999998968541,0.7900355871312343,0.9752366607575832,0.033593547411932295,0.9999999999184872,0.8078424809901916,0.9464508768375686,0.0540413519308122,0.12640631538697136,0.3269245731018615,0.09250106059201729,0.43474344691112743,0.3528508687647775,0.4481035630304961,0.2346612073814224,0.012474802262747695,0.3982248403662968,0.021166487590840687,0.0,0.0,0.0,0.0,0.17276880461186875,0.38373031530195445,0.22829581697662618,0.39985616187295214,0.1323867695795088,0.3468854166293462,0.06699196349162576,0.34855012536105645,0.09542059093055535,0.297029325942691,0.08780257152637484,0.3269245731018616
1240,Front,0.9998746159488511,0.5429557499973526,0.6343351868261186,0.06636284850042237,0.9998802896390805,0.5476580597464458,0.6974387266091033,0.11726560481954884,0.9998549778116267,0.6189756303671176,0.6881419948552568,0.036196720394467245,0.9998601984482132,0.6209340878853865,0.686879122240773,0.05532903042363908,0.9999999998124179,0.5652658661607834,0.5618915244455501,0.1642376331393436,0.999999999707944,0.4157545737464444,0.5925472827859013,0.21231412649009085,0.9999999998968541,0.692933401068129,0.8779157289855878,0.12769608685276768,0.9999999999184872,0.7256247210661744,0.8887884910217176,0.11212048132961198,0.04757852809382551,0.2299941632223346,0.10533842822539467,0.25855926694478515,0.058819408997083045,0.26891667761358523,0.214521040793507,0.015036970805606741,0.2705785619301862,0.018298366867824652,0.0,0.0,0.0,0.0,0.188057036270353,0.25683552732147324,0.11894824972051711,0.2796877893792741,0.07096468298260108,0.23477286730833116,0.05040792770632405,0.26985069219906854,0.06625257381378051,0.23650591846737007,0.030004950160185666,0.22999416322233493
1241,Side,0.8254027960111966,0.3686675705430379,0.45569338609129684,0.15402198911743545,0.8145687435916341,0.14221142436622344,0.45511002348427054,0.3544891266103967,0.9224131679412361,0.24079337242300336,0.48115900949929385,0.24365891076328192,0.7613588703508067,0.1045561081515717,0.36885893636596223,0.35774747061793427,0.9990620894768217,0.9075471697334866,0.9595323206042999,0.010854264584336519,0.9883177567207014,0.8268754493227709,0.9001421560149634,0.024692370131693883,0.9954615780303805,0.8761711089493666,0.9282746009123435,0.010524948796762468,0.9993478968862611,0.877621597452163,0.9260126503548362,0.027513402407715968,0.23845518396945364,0.22578759262992706,0.22116626123863953,0.2432267881982553,0.2823559355388358,0.25157528367301357,0.6051987602199804,0.3073807596576995,0.12002087681350858,0.033291611425324476,0.468995906728319,0.30951708973488484,0.14995507213750012,0.08726398195761563,0.1990199933876241,0.17522243954726563,0.24422358087814383,0.20316118091817711,0.20518056703873233,0.16762862129664388,0.20721662303191454,0.19426248974227364,0.3000408198346063,0.22657723170274383,0.269742578909552,0.25456748910385846
1242,Side,0.936743777760846,0.1826081597323673,0.4960030963829565,0.53405967298451,0.9254803375276542,0.14594044860467031,0.5126841521814256,0.5164580372502335,0.9433688636833174,0.10697224405230861,0.4797482743693903,0.6456989531430284,0.9334544945523937,0.1407420110821047,0.4839863471974988,0.530002627419947,0.9026449069775568,0.8279588335482025,0.8122534699152947,0.019937737982717262,0.9030373829138327,0.804905328688591,0.8612809562818047,0.015707498791218043,0.7400722020897297,0.40249836586516824,0.48876108571681265,0.17698715390402434,0.682181284587367,0.5017849174195792,0.5362234506139948,0.07978783423800338,0.3096977065611373,0.22205123417569614,0.20183782529655883,0.2827017283806317,0.2863047868954662,0.2728995203104166,0.257796068624167,0.02488319615415425,0.1947135685455477,0.02889923370099002,0.16654611254647414,0.02846147166592692,0.3009379958427039,0.08500623972784975,0.272308915324333,0.23620833497531135,0.306487669442185,0.2379397638953042,0.1617217796758888,0.2913985409111209,0.18006013517557842,0.2640879107606022,0.2442954784486065,0.13245829134904907,0.22221379223964402,0.22205123417569678
1243,Front,0.9999999999373079,0.8260199679017614,0.8766284877767883,0.029676732122226695,0.9999999999401448,0.7131476354193375,0.8998455291354445,0.037708068714903994,0.9997824667536956,0.5940618007743809,0.7375584135064828,0.06222681289572069,0.9999300991891563,0.6591207911359331,0.74475781951683,0.039620575771479545,0.9998124177452989,0.3247855917388692,0.2781959534002268,0.37773606141602883,0.999999999707944,0.25413437722664095,0.3238955010979766,0.5576650442164657,0.9996905620423218,0.28193768608599484,0.426523116161008,0.38107052453892215,0.9998369741604306,0.3454930834256195,0.44402882730894505,0.7089820557874996,0.05341474022118384,0.12499655974402145,0.04938577205960816,0.15696272482353765,0.06894679382674006,0.15240132895969297,0.14732960446956436,0.026089361002042854,0.08587124882111814,0.02701800444174383,0.019626783291673035,0.013391589664413067,0.05828474360695801,0.020067873556403958,0.12165501626338408,0.12166096356333274,0.10538262623260533,0.13649265098544233,0.06969530480532987,0.18561429420603476,0.07526631574281466,0.20262333718359615,0.12238685307389083,0.2295957287642146,0.06937276438073474,0.29727324261751253
1244,Front,0.9998746159488511,0.6008258350424734,0.6480181092759059,0.06366271270600046,0.9999999999401448,0.6070964460925987,0.7525981377227204,0.08925912648372711,0.9999999999274889,0.6792646791631333,0.7812904716667501,0.09185045707374173,0.9999999999300992,0.6168181557985012,0.7682338492995958,0.08067251919421879,0.9996248356781794,0.61097770149134,0.5275212462079365,0.07518467561768861,0.999999999707944,0.664696013368643,0.7068491230557874,0.0939412372849078,0.9999999998968541,0.7837896723956866,0.8627593048853575,0.08010302285311204,0.9999999999184872,0.7972445336458475,0.8155316725468136,0.049187408518509446,0.024223936554024456,0.24489056887086058,0.05947315094166802,0.23041881962964397,0.0732857317610398,0.23517702949750174,0.17252156134864322,0.018526635005795798,0.2588185728699393,0.018641740880798396,0.0,0.0,0.0,0.0,0.0,0.15973343836541454,0.0733758356764702,0.16464427391493286,0.024090025209470352,0.09466861988976502,0.08441448622843936,0.11756185176780165,0.03307460593145965,0.10030574169829658,0.0985907829496246,0.15168644754358754
1245,Side,0.9275280546092703,0.0019721434733161506,0.6080407001118783,0.4744713099279927,0.6288980666409949,0.36346686251407045,0.4801156114645247,0.06920703441284039,0.8599811470625783,0.0009070569026481791,0.5270554252147904,0.5198937797300781,0.6136586047383155,0.4637283484557407,0.5238041580238519,0.039766760684795247,0.9924967171276501,0.811406517940703,0.802683883167952,0.06095250832273945,0.9818925230777181,0.8293520811033512,0.8778595049346085,0.02540889555667764,0.9932955130486544,0.8615004720123828,0.8957724641184043,0.017124882181179957,0.9906260188302392,0.8837014725076023,0.9110436483440802,0.014752929792304952,0.30226191748018705,0.15505524644992508,0.27447090169363425,0.17914579486169815,0.34256949530272435,0.17734097637535343,0.17071775218506752,0.0832420021306489,0.24606974136230944,0.04901672566626598,0.06143198540700459,0.11262957282942618,0.011497226469240696,0.01272509222372276,0.5817106841778958,0.101460921884757,0.5313286724412762,0.10818468839380868,0.10479656250199987,0.09135010226876691,0.13579345868228748,0.12149025283507592,0.15181594878251764,0.3955579842842806,0.12445532002336038,0.4322740552336855
1246,Side,0.8095417214714098,0.22827560703634442,0.4991576361133906,0.22645619182248627,0.8767582449945077,0.18034917225942998,0.5084924294098705,0.32117244682345913,0.8889130591770783,0.22954586683016592,0.503089207068177,0.2738204811801533,0.97434642800403,0.2225461613089495,0.4948176072259034,0.3485705425754603,0.9994372536110603,0.9503430530917374,0.9298340069696227,0.004455270518300219,0.9576518688791907,0.9215466964191461,0.9203544405750843,0.0034660360955929624,0.9988653944302356,0.9352894181904795,0.9727148116490906,0.0032916737385363013,0.9998369741604306,0.9643016509948514,0.9792395940116675,0.0015853606167843832,0.025549011305500656,0.13882486085641957,0.05678004113056933,0.14947737096778366,0.009889212079012385,0.15260494999622684,0.11534697132569417,0.010844541936490381,0.10011173401890323,0.022293594572819354,0.03963002803635088,0.04483909468846059,0.03206883848875691,0.015765967465738884,0.09779456756246958,0.14638647805665758,0.022674721502302455,0.1458069654438389,0.03294269201606734,0.08809748179224614,0.03649835128308576,0.10242696084324092,0.028986209345932833,0.1040194777306852,0.02975573134320029,0.15154224429594823
1247,Side,0.8020186821640011,0.28010600269443453,0.4847630987706236,0.19331993536334036,0.8456335667178049,0.32261709699290264,0.5698580479730804,0.21327379275895808,0.9025451380681209,0.23184374431687463,0.504537093290577,0.30197094218858667,0.9292604500958156,0.20985537070771992,0.48466592946369275,0.37093118153056337,0.9598574374489108,0.9522298455444058,0.9210500299370176,0.0022579913552227913,0.999999999707944,0.9240233281997264,0.9699155263367564,0.0026743523009306715,0.7370809694959174,0.6113007480128331,0.6293732422969323,0.06143777837332341,0.9327518747201866,0.8486724676010334,0.858121526668075,0.01649570566240074,0.05685040913827481,0.2663649047706521,0.07095721952692094,0.26848893514611877,0.09488731034156041,0.263876085652943,0.2790408731530329,0.013616235426142225,0.4551391561257031,0.022431083811961412,0.014443774235686909,0.01936077886781943,0.01644575832430902,0.0,0.024765063827576563,0.3259054488003204,0.0,0.3243109194124862,0.039621476204571904,0.2803206225993024,0.05673363535964268,0.2687736712174273,0.05329465721406245,0.20679597913748063,0.036803984435943835,0.2663649047706527
1248,Front,0.9998746159488511,0.6792801675903316,0.7267412222026564,0.04265120569728446,0.9998802896390805,0.36945590144248514,0.6266911837627878,0.14251775686729737,0.9999999999274889,0.6663844711455291,0.7406851711320727,0.04659908451907113,0.9997902977072702,0.5219230549064241,0.6422941557557301,0.08485615427336958,0.9999999998124179,0.6232418524336845,0.5715762393366017,0.17552439354371507,0.9994158875585815,0.5388671406456125,0.5470324286775674,0.10422054162610787,0.9998968539453434,0.6245188466392244,0.6411174789754249,0.0703908843758946,0.9999999999184872,0.7425814368171251,0.7354371830459591,0.060781881112712564,0.18798962116492332,0.29232503608848237,0.12816865932029653,0.3708126211459052,0.21392679307502027,0.30962357947974006,0.14530849162300297,0.03267282052014757,0.24223399509923538,0.04849548177004993,0.07026104295758505,0.18170595835624395,0.19864060921236618,0.5826259894004381,0.15638983037915505,0.24990509450614642,0.1597025157278708,0.2565602456457806,0.09822696728730713,0.37113046686455825,0.11452090258847289,0.37583326830947045,0.1419130107487293,0.260892938197044,0.1329661043426789,0.2923250360884823
1249,Side,0.9957369443297763,0.1139529150675488,0.646530933636054,0.6169352422494998,0.9982043454241811,0.12876433696091508,0.6966938791663604,0.7183590502401045,0.9846276556461004,0.01711314022996232,0.5871218085791757,0.6622955329406388,0.9341535019618235,0.006459726747472718,0.5306275128619783,0.7507035449554333,0.9999999998124179,0.9660377357662062,0.9636342072523021,0.003479818166071917,0.9979556071851767,0.8544379643001968,0.90027201016823,0.011600552629656301,0.9999999998968541,0.9499600551274632,0.9770830381915185,0.001996159374593457,0.9809259862258782,0.9144355198062005,0.9319648686200972,0.0065507674413279714,0.012422177155057163,0.10334923937984243,0.049383715658341966,0.11799164867435125,0.013044593042453138,0.1204514381452604,0.03780300928181842,0.030253094551561055,0.05354587291818463,0.03016870843539547,0.02839872681327949,0.03714914162479946,0.04644732104781086,0.023792388605012434,0.01530751715778066,0.07379851426045862,0.04955801729558572,0.0764524893352807,0.026387771041722526,0.03279365685867267,2.3441346484680297e-05,0.04812549161661146,0.056631271143644246,0.0610031447828197,0.03089049756434683,0.09308598771017189
1250,Side,0.7983198545045253,0.2568716873994286,0.4960994211689047,0.224132257749708,0.9997605793380163,0.5126843324191941,0.777862668274642,0.22062116485222816,0.883039663484661,0.4709439438549347,0.6853670451814968,0.14098592957795245,0.9978330769608672,0.3286457439931032,0.7090017242327055,0.35735606871194364,0.9934346274632463,0.6506003429973758,0.7560519830679169,0.06482547467247092,0.9994158875585815,0.5772149875707265,0.840087657915119,0.11671045699657634,0.8758122742778947,0.3510058827546658,0.5036133002650864,0.34774102147167446,0.9514998368966826,0.2506135653586226,0.5801646232731182,0.999999999994339,0.9999999995028706,0.3391412048547922,0.6095961623486043,0.4035720940289039,0.9999999994595381,0.34995470415605173,0.29303794290343055,0.09249756362013643,0.8723363742599849,0.3388153359655876,0.037237104663575465,0.030000901843192092,0.6517245430833866,0.7604997886746393,0.49410763710550515,0.32877420430958465,0.40590931292295984,0.2866010575649371,0.5127112720501078,0.42344169862369146,0.622151307695919,0.3609197984337539,0.5429557240455468,0.3337503081098661,0.3749198667172796,0.25350967408014047
1251,Front,0.9998746159488511,0.5879452729823773,0.6340840402407195,0.05451770803389289,0.9998204344885484,0.5267529238642437,0.7381973576113824,0.09710207668134908,0.9997824667536956,0.6600955432871684,0.6901905508927912,0.0409917935796974,0.9997902977072702,0.5302120848036236,0.6408719714640018,0.06564904295295856,0.9996248356781794,0.5130360205391908,0.48027301813371315,0.1749920044855683,0.9994158875585815,0.4265399056941327,0.5406724687050272,0.17724537519465589,0.9996905620423218,0.4598736291335701,0.5820910490814607,0.18650495872339243,0.9999999999184872,0.7289156626099443,0.7821890301660048,0.07746151697494226,0.03852529414613652,0.128321914382924,0.04730193953300379,0.14875247179631063,0.03411199272038422,0.15410712951643046,0.13314452173012561,0.0190005199249379,0.17628073861829413,0.025206621883871898,0.01206690963713046,0.027148311254093175,0.039222890226904346,0.017886710221095208,0.02085547622925323,0.11861033250629871,0.0855841468828278,0.12226977654990741,0.02994952979074767,0.06691777128201469,0.028669598492851583,0.07816023990850016,0.06894825897366781,0.09122255630598608,0.02336390212194248,0.12832235062911362
1252,Front,0.9998746159488511,0.7414026869997903,0.7926843153265132,0.04120878488618402,0.9998204344885484,0.6539352505421812,0.798730573630127,0.06854560079493414,0.9997824667536956,0.5800326540134224,0.6863451870624002,0.056099039934358434,0.9997902977072702,0.5750300119719299,0.7185993752419457,0.0803295524553991,0.9999999998124179,0.27066895366460814,0.19322850615567572,0.4024772823342983,0.9994158875585815,0.19813054244642245,0.12144345626770216,0.318969504872132,0.9997937079938325,0.14873992300466704,0.2312593227255562,0.43105865408816635,0.9999999999184872,0.46647701916184314,0.5210206728616342,0.41971075454032214,0.02643683342631093,0.14534679882608698,0.05770516615871095,0.1830900654460594,0.12556188415041616,0.17886872899671566,0.04285693643214241,0.022379543486951887,0.11074497413704479,0.023496654181832385,0.021841242656829775,0.0023422087750022643,0.0,0.0094405056769282,0.03472456399214728,0.12178395708106303,0.05581053135308133,0.13095375861528302,0.024275421915826264,0.16952365423201385,0.04926138625354665,0.17072887968327044,0.0346616646090694,0.20133983646832204,0.09205495950892073,0.24879152644107982
1253,Front,0.9999999999373079,0.8575742634748198,0.920677059393322,0.03283173268957689,0.9999999999401448,0.7419628227164268,0.9213873011983252,0.05647281376735536,0.9999999999274889,0.7226824695698928,0.8760865274619194,0.05316573051167387,0.9999999999300992,0.6122448979241841,0.8919116325093205,0.08901751287418051,0.9999999998124179,0.7354202400741493,0.9551281550402705,0.061825799599703954,0.9991238314839007,0.6301829511360403,0.6174429888646645,0.0772088466293991,0.9999999998968541,0.6035296680511636,0.6714608717591289,0.12877171190976142,0.9999999999184872,0.5635876840381756,0.6437609393618571,0.3145970193762741,0.021005108840996177,0.09337440562755844,0.03262552755713614,0.08437776402132222,0.06680337324281464,0.09292117233681947,0.039626507324872294,0.012894158741918908,0.022827287969845036,0.009884806882327403,0.02735197590543514,0.056308106919570465,0.06416114982463039,0.03984252161326881,0.04006958757881829,0.06490894238497144,0.0568261955416674,0.08010332372372692,0.013320867820546438,0.019748625807351778,0.01513411408414164,0.007425555330630358,0.0396685571706489,0.025944744928931267,0.07934818688973747,0.048631005271642026
1254,Front,0.9999999999373079,0.2892271662585217,0.5060850603897371,0.2892255371698251,0.9998204344885484,0.2776428046625435,0.5591446325966162,0.2655941379149029,0.9997099556957646,0.412529479324392,0.5860550348513321,0.1633557798263908,0.9997203969663274,0.46184187958258494,0.6495203918571808,0.14605684037893038,0.9999999998124179,0.3261578044317189,0.24217990122654479,0.3000914818623642,0.9991238314839007,0.33666213946339674,0.36165943839975817,0.25751286256831235,0.9999999998968541,0.5717190790491888,0.7857901551028282,0.08741347680164632,0.9999999999184872,0.7525658187889018,0.8861350292447029,0.14591930348139548,0.03162671861231925,0.09483725092778375,0.0404431913602271,0.10099187006761598,0.020178263205770573,0.11277224187243123,0.0051731283627486704,0.005470859106239295,0.01927377113706795,0.004502281193386441,0.0,0.0,0.005753743635671313,0.0020562742221669965,0.02573109909978615,0.0981677506575758,0.033582491400130234,0.09995921899475518,0.05175725314951207,0.056983485526598744,0.024441703596817247,0.06703642492248041,0.042632585952934475,0.07480565551630851,0.03788563972340164,0.12328648756722302
1255,Front,0.9999999999373079,0.5296437815524686,0.726456932707201,0.15322283424274355,0.9998204344885484,0.5168088592283853,0.7419068827663078,0.10398990476665751,0.9997099556957646,0.5834794702434855,0.6522368025908136,0.05866521622258984,0.9997203969663274,0.5678271308198807,0.6684611610213691,0.07457029698976075,0.9994372536110603,0.32349914233932253,0.31316383437624057,0.3014890571542693,0.9991238314839007,0.4332507789060277,0.44461567672973645,0.21578201704239064,0.9996905620423218,0.6808773330902116,0.7190201840063636,0.06929774364163946,0.9997554612814025,0.5611334225479064,0.6991751902061193,0.1426998083846095,0.02005013822558682,0.026353289178878605,0.04219170151875213,0.05324947046818004,0.007265194049491013,0.05180589718591822,0.06012594002604306,0.008784156215204897,0.1482056619944048,0.01936354560702159,0.0,0.0,0.0,0.0,0.02741569210811951,0.05474558526501346,0.04406924586714747,0.05832311608334394,0.04641674518765202,0.010164635461829344,0.015999301903097098,0.014016592292091798,0.09755118316547433,0.0,0.0397551789935306,0.03399718324932429
1256,Side,0.8387561907818472,0.1789103907198995,0.43783720824955,0.30751579280672187,0.9181181540122033,0.1645855697969046,0.48004109266070455,0.4422861024610883,0.7449786091838896,0.07262502267203089,0.38225464139482085,0.3440662468190561,0.8100796867880554,0.09209398044405796,0.34902392643449875,0.4684873102316473,0.9395985742000378,0.8351629501856636,0.8464830900203297,0.016854604493059908,0.9900700931687878,0.9030119037386743,0.9172923721250267,0.005853330573457817,0.9979370808666389,0.6014961144163341,0.8742060155338678,0.14357091184480594,0.9980436908218092,0.8005354751896174,0.8963680544238636,0.05396277827202271,0.10775725197344146,0.1613547455512455,0.0649043179308233,0.1353105451367258,0.1080286358469028,0.14674770758363903,0.02734218325068555,0.018926974328513677,0.1579872678746835,0.021336192626760238,0.06607832922918112,0.053016735610823235,0.10450299628843823,0.036161884816961,0.14072332704271984,0.17989030969276643,0.08472176382301479,0.1876588301844535,0.16317835899832822,0.2565057070745828,0.15844994372307739,0.2593918040787366,0.27129161366386867,0.21328861806974833,0.08306676041857254,0.22130757444269464
1257,Side,0.8094163374829529,0.39769505729091,0.6175559651568873,0.14129026194566646,0.8174417908171758,0.26300920954500207,0.5402549156516545,0.23218739124351362,0.8797041548198314,0.46326419541251346,0.683530532893588,0.1522468084291414,0.9151405004253362,0.18184416622752847,0.582174322626449,0.37659333073092977,0.9583567809119571,0.8048027443563636,0.7942373024004852,0.034146237408388104,0.8601051399357172,0.7350802907457794,0.7813624799052249,0.034611369705018526,0.9990716863332572,0.8710145979467633,0.9128942094136202,0.013795114525254996,0.9785621127340592,0.8985943774599177,0.9225921287072505,0.012232593587844627,0.4256344531280465,0.1608516740981437,0.1297911126365024,0.1992184819503546,0.31400634824756274,0.18176989984410719,0.07663177225836676,0.03396981163619007,0.4284177156997892,0.02200309211653276,0.04785633186694673,0.030747652431731793,0.08331493226665253,0.03557157965776884,0.21418105373584695,0.2453764496848205,0.38948696634399604,0.23383967634664982,0.21129673295532767,0.09688122328384742,0.19125201260606464,0.09770738649670066,0.3213146530824412,0.12357929607990487,0.30723111123956454,0.1608523663748559
1258,Front,0.9999999999373079,0.8507950202852954,0.9045340525029987,0.022478187136510567,0.9998802896390805,0.5689586981993922,0.7291812629018412,0.08451153397656891,0.9997824667536956,0.7954284331622768,0.7989150558893754,0.02460489862233735,0.9997902977072702,0.647230320662709,0.7496834007596214,0.04417430050986244,0.9996248356781794,0.5085763292874292,0.4538151751663475,0.19099900233406275,0.9994158875585815,0.5141807141875705,0.5815330307243974,0.1269234720644668,0.9999999998968541,0.6150773476203735,0.748310639861726,0.1751702299452993,0.9999999999184872,0.6932173136605746,0.8426278088824677,0.20252721040634777,0.06652788917667735,0.11496116199654209,0.08139652110050265,0.14853699762760034,0.12052437127191695,0.15314342488987362,0.16372855133192457,0.035715378945998334,0.15792299657674122,0.02660688376645122,0.0,0.0,0.0,0.0,0.14005814161344626,0.09624856772634714,0.08742628124951679,0.1348864310322093,0.030045648856400434,0.11642963961266606,0.007538832147921817,0.12842728246412158,0.02834416163302686,0.13403513083231783,0.035674835467234434,0.15342906537629286
1259,Side,0.8280358597687896,0.22377665473784195,0.4596007741831104,0.22741348096289782,0.9989824623810988,0.2414825696230588,0.5639538256777229,0.4192588091817987,0.7966064824308166,0.1327326600875169,0.4531378029959535,0.29073809257733196,0.9668670487231323,0.07677356656509611,0.4428681648852601,0.5597303692756389,0.9943725377988419,0.943739279507398,0.9233128817623002,0.007357907254062772,0.9938668221396414,0.895262443005891,0.9551915298768493,0.005955254012380966,0.9997937079938325,0.7707168276003545,0.8457322100949627,0.049524390819674566,0.9518258884127955,0.8716532797371901,0.874375323985524,0.01249029404057861,0.03469498103448127,0.09721620668378232,0.06468695598084179,0.1269517632398315,0.10791593542699172,0.12375626584882012,0.03830174431847137,0.021192672965992376,0.120899029776451,0.020443114336383187,0.003959082368737829,0.01924267852124913,0.026444270407865567,0.01865969488684818,0.10524007149570326,0.07742063823698946,0.14144893586148716,0.10213737190896649,0.034840627415021724,0.05836838865198289,0.027586375727386835,0.06826452510391419,0.07169812903409123,0.05026682685549184,0.1271571650731811,0.07679442717848561
1260,Front,0.9999999999373079,0.6407001108935844,0.7978737451073841,0.09525357143210379,0.9999999999401448,0.6735973783449011,0.7974562904624161,0.05612685522243248,0.9999999999274889,0.6010159036946836,0.7701429969146395,0.0760814491621664,0.9997902977072702,0.5473046361088832,0.6948558160383032,0.05455200455838866,0.9996248356781794,0.5256432246547477,0.44423366134512116,0.05674734025275511,0.9997079436332631,0.5941519532959852,0.5664311767033526,0.10921103591345509,0.9997937079938325,0.6214685161869803,0.6574888430580041,0.078439245796524,0.999918487039459,0.7152498884027637,0.734154787061742,0.12055793826612984,0.181069163080124,0.25479642816695247,0.17671770781608914,0.289194484684841,0.22557264920902648,0.2993936879329919,0.24023194661748581,0.023451679368791736,0.2869451882861979,0.02651848781143841,0.18412404162880797,0.06767873099996444,0.34432578666099506,0.08052488937057371,0.163713959161663,0.2050934441055127,0.26462552367644177,0.22169785259956276,0.10374165729356186,0.2122736189191078,0.10493590669401343,0.217712815229665,0.3306968070678157,0.24925095573804387,0.2567267291764169,0.2711152592837741
1261,Front,0.9998746159488511,0.5852952051901088,0.6984877185534686,0.08102103337825199,0.9999999999401448,0.6050059325043785,0.7600627642260201,0.07722440072850444,0.9997824667536956,0.693656648685151,0.7788302056288705,0.04193760659155744,0.9997902977072702,0.6276796432500039,0.6987138087820188,0.038922142410232334,0.9996248356781794,0.4897941680540485,0.4218568186240311,0.1443441626552036,0.9994158875585815,0.45793720536406984,0.48438245692058857,0.1339144564005011,0.9999999998968541,0.5856634468308763,0.7382424929415301,0.18909606367852783,0.9999999999184872,0.602800089212249,0.7932462362288447,0.23649181135949476,0.3186886573013815,0.15003999956348052,0.1751735881997759,0.2015284062836065,0.28871199118516006,0.17877814870760575,0.08362475185938487,0.005419686556152255,0.30773896288467395,0.011757691651445119,0.0,0.0,0.0,0.0,0.24938223858605946,0.1153942155128767,0.25921166206052515,0.12899524340227433,0.16466616629036895,0.14370253282609338,0.12536521226262234,0.145017377873955,0.24057629366055314,0.11228830787627327,0.11899145152356481,0.19902700852996802
1262,Side,0.9984953920758262,0.017626032292763095,0.6396430737903469,0.5074505396611857,0.9214101872914701,0.1395559071055113,0.4488594460167882,0.41420364813114824,0.9993474004061091,0.013303501238839962,0.6672862783306783,0.7365129833791055,0.9572207464730028,0.20688275308941387,0.5119709742539952,0.40548172342712807,0.9953104481344381,0.8510291594467387,0.8892409207264237,0.023779676930658668,0.9985397193345382,0.8638651433359538,0.8996698609921404,0.016201163993968436,0.9946364104182943,0.7413755537263871,0.8487989020029851,0.0828300041292775,0.9963319203622163,0.7879294957168713,0.8906133238302957,0.09087565421039302,0.3169851468221366,0.10663526136032295,0.1679912619675752,0.11008127396679,0.15368183115557835,0.11064409294320648,0.08597010631249219,0.00876175349326953,0.007520310814107377,0.008294064442938015,0.032276311043465795,0.03704604931229522,0.07031373016629598,0.021969886515354895,0.21814072958958625,0.09553256681379672,0.2686528272221996,0.09621831780203567,0.06269372788585852,0.05000592152635014,0.09202229886303745,0.0775601272268144,0.31074885976982597,0.08814583170058057,0.29191139533944793,0.11684051111803144
1263,Front,0.9998746159488511,0.5613213360926093,0.5992909875185778,0.07821696588393484,0.9998802896390805,0.5703147070133728,0.6912493399522005,0.05894793793228849,0.9998549778116267,0.72903186788843,0.7875705634913973,0.035089383416289734,0.9998601984482132,0.6716400845668759,0.7406905015800496,0.04712382458038292,0.9996248356781794,0.4692967409546058,0.41580430714086475,0.20832420615656005,0.9994158875585815,0.4561795957133355,0.5347188998645079,0.273194260488741,0.9999999998968541,0.6868327401636406,0.9044496596806847,0.10762349464008437,0.9999999999184872,0.8180499776429021,0.9246274273568102,0.08708059787220529,0.1413981825054065,0.27654701112068353,0.03131321718484696,0.2707499653505506,0.1525338225027899,0.28584898909424394,0.13465381665931406,0.005023398818346107,0.30908299882862156,0.014580054960169259,0.0,0.0,0.07565593683557162,0.0729374772482386,0.06319584176750422,0.3289841692864722,0.16590379964634847,0.30621254987713714,0.05502347048025047,0.30386027038886265,0.07285801721399356,0.33818989538915495,0.040643122862392286,0.19742210114261396,0.09880253751338865,0.27654701112068353
1264,Side,0.6457275405525843,0.3167139159178655,0.423224204122062,0.08335993955398852,0.7398695157275471,0.3053844849818982,0.4864535836676353,0.12930134597436682,0.9062432020226057,0.5452621394119089,0.6632091805125157,0.08713781315465556,0.9326855864020211,0.508431944177189,0.6326774957278959,0.12128337756514708,0.9999999998124179,0.9693825042050274,0.9444726896445262,0.00427011402990872,0.999999999707944,0.9509467123950669,0.9790801720496145,0.0017134656989830094,0.9999999998968541,0.9874355435407481,0.9941175874578255,9.699014023214693e-05,0.9999999999184872,0.9892904952594103,0.9930743800650121,0.00017167648190140154,0.06946224281080922,0.27323501268849043,0.1452643734120515,0.32943286220689993,0.226660710241206,0.3075949814982212,0.18393249175431434,0.057149517591135617,0.3308958124545349,0.05406467013639818,0.0908153028879025,0.06883277655465547,0.06398393491471488,0.04486022090760894,0.1278453173177353,0.3134710796058907,0.1754494604999789,0.3227139350513056,0.043856738965330475,0.22068201599223572,0.040884212550978946,0.2299977422443305,0.052437181423806364,0.24095421867050323,0.04605219297190526,0.2732350126884903
1265,Front,0.9999999999373079,0.5858498705419789,0.708220306278646,0.08037189273890993,0.9999999999401448,0.5065257923890318,0.6843432929283825,0.10727653027705421,0.9998549778116267,0.6176452802432336,0.7319079573920625,0.05025949498624544,0.9999999999300992,0.7279483221444035,0.8808005015062058,0.04446921144128895,0.9996248356781794,0.5771012006366122,0.46999000301644395,0.09486797255269606,0.999999999707944,0.5956698889034377,0.5640446963582,0.13924585408658519,0.9999999998968541,0.6906093397711809,0.9104569446068087,0.12214083261877204,0.9998369741604306,0.7278000892052766,0.7293073819999955,0.05460603003999556,0.04303420470812161,0.2933589781944467,0.14150246156801538,0.2872458927484779,0.15301250557427892,0.3093124047817636,0.2592086178569679,0.04820271600257525,0.41902737955670705,0.030912675650268163,0.05604347278384396,0.03283583725748433,0.08815111500842808,0.0267354756691215,0.04521030950975908,0.34106598630094226,0.06589068336493388,0.34086870776483164,0.05182614454799452,0.19777801840976042,0.09724818435743716,0.12214072147301516,0.03248664636233615,0.261972372860311,0.026672615511865158,0.29335930418552203
1266,Side,0.7123064384231519,0.11999260445457952,0.3077341343898764,0.21587069525330205,0.9998204344885484,0.0416972710299058,0.5864194207083345,0.9155242444194395,0.7151765643742167,0.20390639171531072,0.49165349158654764,0.20063756634434404,0.9972039702923804,0.13754073057008284,0.6558672460312049,0.6618006208226074,0.9919339709262925,0.6459691251590078,0.7545732498085915,0.10068016432630965,0.9310747660832137,0.775824878103713,0.8086099183419447,0.03606179566910912,0.8799381123383253,0.35253104798078794,0.3985509990625574,0.2456305109141759,0.9849201172982622,0.582942882609162,0.7518091612053848,0.14751656969363713,0.7164903409960034,0.21405456316439656,0.5621973762186784,0.27706102589198817,0.697976206881462,0.25645834797691347,0.1646111288134408,0.025514244561183244,0.5153736183468334,0.052679020564425645,0.024074588451597996,0.008984864631213384,0.08282887182587946,0.03787003724275494,0.999999999372842,0.1482710578426953,0.9768103244212776,0.16936313034027675,0.3556775940175129,0.19942753083069706,0.35790880734754654,0.21529408555161084,0.999999999624716,0.1616383963929403,0.8433902420036758,0.17720425400852408
1267,Front,0.9998119239546227,0.6418710710808658,0.7656163411761625,0.05648747010984737,0.9998802896390805,0.5079948019375109,0.696624001641266,0.1119727358283034,0.9999999999274889,0.5695712644028801,0.7854846494640657,0.10518693803433106,0.9997902977072702,0.6020122334304,0.7739210639042438,0.06818129238401854,0.9996248356781794,0.3465694682378586,0.4022323721731467,0.2988380685446869,0.9991238314839007,0.3280338739052461,0.544083310381418,0.32918100391795313,0.9999999998968541,0.6035296680511636,0.7437654841964152,0.23495071254396946,0.9999999999184872,0.7312583667597468,0.9258825237845103,0.16340234600379444,0.060854159872349545,0.21028296714509212,0.04782481518738581,0.23371864066225106,0.08389158877785703,0.2447798978541189,0.028471681119446545,0.04728961921805248,0.0949513493940997,0.03618609877737848,0.011221743155059617,0.010778618852584632,0.024286275770764174,0.013362473870228665,0.20344988575821454,0.1864903658336151,0.16051890970217395,0.21127289048347253,0.09391850146225023,0.2102573348883282,0.0742812345892143,0.22473373887670342,0.04594053106118398,0.1752060257470356,0.03968205380208084,0.19524497657414921
1268,Side,0.9132342799251937,0.24208061134955747,0.5593772490063286,0.30405630794934063,0.9679176392549279,0.11113622237916629,0.5937400998785343,0.5727327232640995,0.9819447465026505,0.38416883350159226,0.6757249239031955,0.25944574101732465,0.9899342932343118,0.08569141942001421,0.5141606648503587,0.5861110858651619,0.9953104481344381,0.869725557386816,0.8904150850510688,0.021692872068050775,0.9973714950358142,0.8732124310239504,0.9393922824470737,0.010162919182006482,0.9981433727696603,0.8392040089447886,0.9129049742515298,0.015478469179276444,0.9999999999184872,0.8462739847809976,0.8918727144140416,0.025278571816556423,0.2787356261379404,0.09437085813586259,0.12546855706353305,0.15095345983312913,0.19218201434978385,0.1277607026292689,0.06787587189599763,0.01525070453783722,0.2064949169875993,0.035319101753094405,0.027038452347272816,0.008912051761750304,0.3255622228355509,0.2397198394501911,0.1777680224068208,0.12054207688351237,0.082682110995571,0.10504922959758213,0.044788053935932784,0.06408439797483381,0.04772954607272483,0.08290480565810279,0.1792812602183159,0.08854579689857993,0.14120241978292314,0.1405578536301885
1269,Side,0.7292332768648215,0.38506101316497837,0.5031395737762046,0.08738406275924335,0.7847010234761057,0.3890050285107066,0.6049104422684958,0.16650668358951248,0.8125589151756537,0.5092822156068644,0.6540822489491334,0.07011746952498484,0.965678736127102,0.4364602983801257,0.6647526826661551,0.22424261511544077,0.9956856122686767,0.9999999999142367,0.9796208766175579,0.0013653208708347732,0.984228971675167,0.9028521210431533,0.9311089543544883,0.007994853531215998,0.8862300153804817,0.8053598663079846,0.8100936734204393,0.015159543629152087,0.9998369741604306,0.9750669343498958,0.9784950658821367,0.000888029483788802,0.12426239398025617,0.15490659073568727,0.07119009857985949,0.2116946731027414,0.22237965748990826,0.1925314299005225,0.08553687169112698,0.032672081487786636,0.20089531127527951,0.0052056363089824555,0.009096640202944869,0.027670560878942527,0.0411864631681143,0.04327066262072718,0.07587811787876235,0.10001772088717792,0.1681843557353309,0.08625739032055996,0.13037332136191343,0.07053801997340235,0.08506423130825229,0.06636486472620781,0.2755872461210942,0.06079749915046505,0.23957751988390244,0.13303256257476773
1270,Front,0.9998746159488511,0.5995316158881098,0.7057504461200487,0.05267005466290251,0.9999999999401448,0.6109384710655439,0.7781181167571982,0.08657120635553364,0.9997824667536956,0.7196589465610655,0.8194703837046208,0.03159139046683,0.9998601984482132,0.5814325729959736,0.6990257319463514,0.06557949927943503,0.9996248356781794,0.5944253858838401,0.4815962152238906,0.0719961928610572,0.9997079436332631,0.4365263241642145,0.5220608011201301,0.32067589021104653,0.9999999998968541,0.7436996150233349,0.9386341316752124,0.07086210121645085,0.9999999999184872,0.796742525613747,0.8425251178705091,0.07194147308531669,0.06931474980008509,0.2701425100872574,0.04730763599907755,0.2929079135207484,0.10054621580941935,0.27978246423596564,0.05963654639450422,0.022970337015575253,0.1629374193895839,0.019612073038991203,0.027515886576493495,0.00846185569834154,0.05243764706543733,0.008193262851085818,0.16028800077130848,0.29310269747037637,0.11303703726341101,0.28720205717044284,0.15319107527590498,0.26804801196687733,0.1594648496263431,0.29433863955219913,0.2278485249631964,0.2615589166225074,0.21672594278817023,0.2763454554060861
1271,Side,0.8344931351743154,0.35899174162708053,0.5786196699723427,0.1741940866697144,0.8756209971343974,0.32651562233309706,0.6385212318363274,0.25625971706719347,0.8889130591770783,0.367176634191983,0.6363377540408098,0.20938306980161472,0.941493079760835,0.23666609499590313,0.603793568296644,0.4031203592587076,0.9999999998124179,0.9566037735028642,0.9258472202594719,0.005532348106707336,0.833528037139741,0.8736917791105144,0.8772801363072824,0.003946335567274655,0.994430118515273,0.9387755101359011,0.9641151659603141,0.0024988273103407114,0.9758721877261272,0.9112561356028973,0.9323374069125349,0.004559168204749992,0.042075272350825546,0.15476549365595507,0.06128483419861574,0.19035801318123186,0.018323650995338017,0.1902726764852837,0.08684400446767088,0.028413233224685787,0.2899989702642061,0.018383800979582136,0.0,0.0,0.04347795492069792,0.01658549564978865,0.045017290763543626,0.07870144856400246,0.06741989886136192,0.10343958058479065,0.038969171526507355,0.09276472746642984,0.028163236830197343,0.08954347749395238,0.07304078930951224,0.12042123432418968,0.03801187110508459,0.15955209330701167
1272,Side,0.9989342360354251,0.226180204595946,0.6872977431905622,0.5040372064665491,0.8957921828637222,0.07966551782136475,0.47721680180873877,0.5530140260499548,0.997317090784039,0.0009675273628247245,0.6347208174210712,0.8755027625110162,0.9551936249856567,0.17189733035088905,0.5004451467571265,0.5346420854009024,0.9983117612083451,0.844253859275793,0.8444098555964957,0.03402534000699156,0.9889018688700638,0.8592314451658359,0.8912280601226853,0.011529354821555048,0.9986591025272142,0.8715956132710004,0.9214043547940157,0.014988442339794543,0.9641343331460601,0.8849286032527371,0.9050646873944951,0.01084554461439462,0.15673383524755163,0.19186786147983534,0.12074496948543917,0.20478111881115885,0.1243827382357917,0.20629149019041695,0.10845654447927941,0.018606132888937945,0.13555632596882525,0.00917647905170558,0.0,0.0,0.0,0.0,0.14681423074805036,0.2118241805847549,0.11457670438517982,0.2177322111171886,0.29026823105773775,0.21066513058434896,0.2673862128294899,0.22013233273750446,0.7319495175239841,0.19448437731746396,0.5663098341596366,0.2324107225946768
1273,Front,0.9998746159488511,0.3202267964797099,0.6090675646764643,0.19332144189383088,0.9998802896390805,0.4926267020457299,0.7575530034874159,0.0804772899729036,0.9999274888695578,0.3937231662094864,0.6236646135840567,0.15070750728345889,0.9999999999300992,0.7326930771890073,0.8324448010328205,0.05200940180936047,0.9996248356781794,0.49931389361069345,0.3940990865912175,0.14955911411080913,0.999999999707944,0.5400655108620224,0.6644114188824384,0.2083547290222918,0.9999999998968541,0.4043140387534088,0.6324749124364364,0.3528969356088536,0.9999999999184872,0.5501450245119286,0.7655177554963665,0.24432821980571293,0.06915145495292467,0.2091137350859689,0.0932129605549117,0.2902103309378982,0.11100492133984793,0.24240238542800802,0.1555790402405537,0.03379825035755404,0.15020826452885763,0.014257794888952085,0.0321888742784436,0.03582900246909001,0.09071108020598109,0.026730838388621146,0.16761736452646495,0.2637648991925016,0.12082087829745666,0.24089797463605858,0.29237311580278436,0.25095449137460074,0.2991620905671442,0.23759951792492098,0.5868018566618204,0.17403146443304232,0.41557570385829345,0.1665240801206896
1274,Side,0.7435897435431265,0.2545913965084068,0.4026664749726719,0.1170881462719824,0.663554198799093,0.1888242273468092,0.3694791993772323,0.19126299560475202,0.90450293663226,0.44451835275778445,0.6218496110121944,0.10863037340371237,0.8720117432635249,0.3020065168752068,0.3491437006672825,0.21584881151102148,0.9977490150069875,0.8541166380056505,0.857428485995956,0.02340869253962018,0.5265771026499482,0.6146840296704734,0.6594727704741367,0.036972141483819734,0.04559051056775757,0.17125426681884998,0.0,0.018768758456840413,0.0,0.25658188307359536,0.0,0.0039482807494678925,0.18433720852154045,0.27896032552297595,0.10668333925757731,0.2720088997139989,0.18401392022556123,0.3516260592380229,0.1452041625398943,0.03839255813847388,0.2643992236440369,0.3328907926351422,0.0,0.0,0.3237999455765226,0.7267363485471753,0.13205928144140713,0.21236195501305044,0.1441114901437912,0.15918578384567258,0.4737040252936506,0.24919146117285812,0.11605275583289096,0.2360650760558274,0.7855552027485464,0.14626542995801095,0.13028947298114932,0.2789618433085801
1275,Side,0.9820073975937553,0.9604338715049653,0.9145891770754387,0.005432704164844799,0.9450529717516577,0.07305497485320894,0.42412490596274083,0.6383150121465979,0.9999999999274889,0.1678659974500897,0.5197098062777453,0.7217106367107988,0.9270236263856407,0.11970502486024667,0.4101869323982168,0.629696371818239,0.30444569493445006,0.4771869639384917,0.2777626960947824,0.04794269765482045,0.9205607473946961,0.7230166972339205,0.7909173735399989,0.0358731893976287,0.9004641566889671,0.11271697290197424,0.59502571881907,0.6293542319104288,0.9944571241445666,0.6191432395906323,0.8231597466797916,0.1534545644461633,0.5948838489981094,0.5021857913766118,0.46757077309486017,0.6093774970119772,0.5319477524548191,0.5365695291270258,0.42640951149290146,0.449618605681449,0.1949525112571591,0.029877715065561243,0.2663819163192785,0.39118239806294164,0.23466507152538627,0.06625426531134344,0.742956353700182,0.494347734206437,0.7802079128870631,0.4174087158575857,0.4890951185564542,0.42491775953386024,0.4794276665111801,0.463234040813503,0.6299731958491639,0.33507188073215943,0.5128244394112086,0.4171282608625104
1276,Side,0.9127327439713665,0.07315419696332096,0.45949918528840045,0.49964364270365674,0.9987430417789702,0.02175264139094002,0.5943909670244268,0.7914732024545585,0.959901384891603,0.1543206143705436,0.5925483921789362,0.4428194487332844,0.998392282888411,0.0022294632137295225,0.5961319415411146,0.9828434554642215,0.9986869253425837,0.845797598555249,0.829641493591265,0.029381798372225133,0.9801401866296318,0.8353439321854003,0.8684440737596743,0.02436309586954631,0.9390407425539928,0.821047280062383,0.8682628851742037,0.015737094727376107,0.9787251384921156,0.8583221775514099,0.9009473651272611,0.02031356643740561,0.16628668185074205,0.11791252980181365,0.13644968550106207,0.13572300384001412,0.2748306552026546,0.15881476205950906,0.0621817423785431,0.01816155276859545,0.22349310363203698,0.023038258871192572,0.028902269141217816,0.0041070701904537404,0.09697012337608216,0.011399410179049345,0.18560166032981287,0.1485669953991951,0.209006539643502,0.1464256116294752,0.18491753772586345,0.1417995993823097,0.18281492405977134,0.12099365460330232,0.4606117394368492,0.13799801798161085,0.4742615858467633,0.1573087660978108
1277,Front,0.9999999999373079,0.654751633140962,0.7883212489908268,0.09702876659811108,0.9999999999401448,0.5791852646714964,0.8430636353591352,0.08848902630078101,0.9997824667536956,0.5596541089339266,0.6928818303327161,0.09200907813598068,0.9997902977072702,0.5148916709246617,0.7130948073720557,0.06890761711383206,0.9998124177452989,0.35728987990074706,0.4201500477296211,0.3803945196522086,0.999999999707944,0.4364464328164539,0.5197538841964333,0.40752166720566513,0.9998968539453434,0.4004648122303388,0.5340315127128633,0.38680609710867364,0.9998369741604306,0.5310687192921091,0.6210487658264939,0.3359070808018584,0.03545157647246348,0.18167278919137525,0.039168495161182475,0.19399688355273473,0.10691365191214026,0.18026821608129773,0.16458574826203898,0.017477439132545833,0.25147847058912637,0.03605730129698311,0.024954063263930834,0.011392239548791068,0.0,0.0,0.15447016719896717,0.16526596374663574,0.10654594341763635,0.16542955999598183,0.09124304454664504,0.18772313939314048,0.07242441190144738,0.1812779951149409,0.040703622701136054,0.228886693565996,0.03838106261593424,0.24886365258944854
1278,Side,0.9579336718100473,0.014359669665083221,0.33110354901905525,0.5150562124907911,0.9598371939330916,0.9786428611233039,0.9769708784588174,0.0,0.9837575229509274,0.07728124810562488,0.470930994907368,0.5409666807135002,0.963651614639756,0.9992568455382578,0.9991100233898923,0.0,0.9769274055567574,0.750257289815587,0.7775409716551169,0.04119954083606869,0.7540887848264932,0.9348086601474149,0.899615904972778,0.0,0.14357916450298308,0.25913283460969333,0.11574445614781628,0.010836884616006345,0.9942125855074818,0.0,0.5084723400622945,0.8237321074642733,0.46932251537236186,0.18520564482464708,0.30532169186980734,0.22261624908047709,0.49384007658048534,0.24331468985424132,0.220577342797942,0.012404668922144056,0.538125028787401,0.23242298482101253,0.03254906137499363,0.013692383689705928,0.7158852159286984,0.5916547719472056,0.2890872503025416,0.1612546325367535,0.5749015173994315,0.1812599173221562,0.38191987957871715,0.18342559212749937,0.3025401407030447,0.1367312624504844,0.6716044834134743,0.09709885631660722,0.7384829285440302,0.14810401690613378
1279,Side,0.8601341608137336,0.24473067914182606,0.5425088387796169,0.244821943667571,0.995211587897575,0.210802870206746,0.728191254372597,0.5083954214202383,0.9192951924501997,0.2870532744580605,0.6203870772590342,0.2566726822449259,0.9869285613737642,0.11015834904760999,0.6580917644872588,0.6041192214103541,0.9979365970741065,0.8311320754004176,0.8498772775817321,0.03503100296574891,0.7859228969667278,0.7094351681146094,0.7847347044510914,0.046400199199738056,0.7305827745507393,0.36269881615493504,0.4397323008762675,0.187476056241607,0.7734757090989995,0.36802766619990923,0.5426009688725152,0.31752569995708596,0.16337635077474283,0.23278355297686854,0.05941090525882325,0.23631151765506062,0.1320124873556516,0.26258230261076837,0.14342026096419375,0.03978415598220821,0.2558412071848884,0.05814094658193237,0.04684720433160396,0.09743002384930019,0.22047989813091382,0.04648191352120314,0.27452997843317306,0.1837697142715038,0.2475287989555302,0.17252938024821463,0.22672563175594126,0.2622188036943218,0.254738541892971,0.22039065743591188,0.7065664596170581,0.12414074146917173,0.4211562382860505,0.13612000678279526
1280,Front,0.9998746159488511,0.5650807345886182,0.6311222763063626,0.06300203245952303,0.9998802896390805,0.40996666476015786,0.5966732588764592,0.16042596976258255,0.9997824667536956,0.5481042510402065,0.6786336501577801,0.057901867453330286,0.9997902977072702,0.48830960953019437,0.642211876411123,0.09418703939249583,0.9999999998124179,0.585506003380317,0.5680450917821673,0.1703097196070706,0.999999999707944,0.3899496684197531,0.5255129238408178,0.2951509200701271,0.9999999998968541,0.7441353765165127,0.8507866819611164,0.10929911112051809,0.9999999999184872,0.7188197232977008,0.8440489377606082,0.13243520811776982,0.1494807439350404,0.17557995351627473,0.0987434832801599,0.1535456581767029,0.10879046048653734,0.18159713855775156,0.039993474422220635,0.01636824178666496,0.12336551469216751,0.030595500107635794,0.0,0.03337195206332317,0.0365461296095756,0.0,0.10009240937242514,0.13850947011834283,0.11550486917186033,0.14609605908276135,0.07406749476533793,0.127295109574442,0.0901036002318614,0.2021834901598833,0.13188153031500643,0.044933538922184935,0.14069400707142538,0.14728368355574642
1281,Front,0.9998746159488511,0.7176753358364553,0.7425891287677355,0.02210055509000835,0.9998802896390805,0.5012712582348567,0.7003449212721575,0.04876129684964893,0.9999999999274889,0.7272782245433101,0.8366528715744888,0.034149357611593205,0.9997902977072702,0.49151089004221626,0.6469406447664127,0.052546464701105584,0.9999999998124179,0.41217838761473596,0.5219668655105656,0.08456762941189484,0.999999999707944,0.6523927458135022,0.6372739774647198,0.07841023603929333,0.9999999998968541,0.4674268283486508,0.9148274318980273,0.09078577829000913,0.9999999999184872,0.625390450656772,0.8319970534641116,0.09012681997129042,0.009517191277464336,0.15889653042579566,0.025070633409643196,0.1551331677443194,0.028895737812178864,0.14168205267479236,0.12112138865589861,0.01623808577032727,0.1936863336939128,0.02053304596284132,0.022170513134511176,0.050305830278741755,0.05376537204367962,0.05167038329795293,0.09054861216302806,0.15271277224188035,0.09373965143414016,0.16402969474784862,0.03773074967847007,0.11042695852113976,0.03493827410357914,0.11525900478150324,0.0724207593173897,0.13853425803525168,0.041341937514794966,0.18016023438746917
1282,Front,0.9999999999373079,0.6525329717334812,0.8389751537984872,0.09907522085413019,0.9998204344885484,0.588620826002112,0.7729892867718511,0.07220563422062579,0.9997099556957646,0.5745298421373568,0.6719049943873278,0.0533807150854373,0.9997203969663274,0.5955525066829273,0.7117884695055876,0.04184466501476085,0.9999999998124179,0.6302744424845392,0.7479154269982151,0.14871933680941274,0.999999999707944,0.516337780577108,0.6561149213706653,0.2583828058497152,0.9999999998968541,0.5344614713824924,0.7296540468459993,0.14875993573884616,0.9999999999184872,0.5932061579321058,0.7188813820259697,0.17419157570229837,0.010080083185300332,0.039224592908631215,0.030560953119113516,0.07863674852148603,0.05875940907605062,0.06502100797956743,0.06555817654831907,0.01446720322271013,0.11639620036702089,0.008682027921354304,0.0,0.0,0.03708712014990843,0.01760324154489754,0.056970763855344164,0.04328689911138139,0.05327333730634429,0.04008897504293238,0.0,0.0006266051112268271,0.029260767011003753,0.022937556194578382,0.07124465323537518,0.04352426784008722,0.08155458738798081,0.08183018940145423
1283,Side,0.7294213528475068,0.12042401083936743,0.3517222757894259,0.2627092931041742,0.9987430417789702,0.3262331204968511,0.7734180951999023,0.3862910691754323,0.9229932564046847,0.2983007800508979,0.5444470176646136,0.2553716520049174,0.9396756604963179,0.21237066253859424,0.6510791673384103,0.44461530300883173,0.7516413429466062,0.7648370496771153,0.7081061500471468,0.024342765113299268,0.175233644808635,0.7067987536385076,0.6075883717224044,0.0038701321597255857,0.9999999998968541,0.9661558572905692,0.9877563219713392,0.000664664443377854,0.930224975470311,0.8934627397984457,0.8981837215009624,0.0085101728018419,0.30030543632175877,0.2730723522264233,0.5239788014931056,0.3159747125303755,0.37397961883642555,0.32023989521515916,0.1218038843812973,0.025819565071737906,0.22439477254016163,0.05850233996106706,0.02413552989003009,0.0,0.16902948077745528,0.036090677645406875,0.45458032053540626,0.3214642288814664,0.44242792929887653,0.3494089983554985,0.19267717300009582,0.2177004645639182,0.21641662826212527,0.22725489659658893,0.22670115460926252,0.24078433330222498,0.21532860813317772,0.27307235222642323
1284,Front,0.9998746159488511,0.2813385923652571,0.5257654946257947,0.27934145897614754,0.9998802896390805,0.4444318887821667,0.6347980058151765,0.20215063806539602,0.9998549778116267,0.3199492047941011,0.5701497084202001,0.24637311527672603,0.9999999999300992,0.6144171954144848,0.8010866013980125,0.10565412570843206,0.9998124177452989,0.590308747805291,0.5857036860462375,0.18585815837001904,0.9994158875585815,0.5793720539602644,0.5439240034078847,0.12272300394430075,0.9998968539453434,0.6622122157990985,0.8349367796710301,0.2768224025263108,0.9999999999184872,0.756135653683839,0.8671366928287726,0.20796735595967378,0.4476064787730513,0.2898172633804729,0.3841393172036845,0.32424226105520215,0.20160241584012698,0.3401264100129973,0.20341032302562384,0.06314348772185938,0.3375906122011638,0.03909413772417807,0.04880922587719676,0.05372868145868889,0.03349826243128225,0.02624672206056082,0.6701862030993198,0.3916669316905918,0.7050324637399111,0.3633872498349762,0.259663030228385,0.48506730311221924,0.28600213943114483,0.44732059463062224,0.3378989964061627,0.2582730048702338,0.32334388914032813,0.2898172633804735
1285,Front,0.9998746159488511,0.5313077776080791,0.6445103545942383,0.04250337701271209,0.9998802896390805,0.49454771453220253,0.7077828799843608,0.049346752770505584,0.9997824667536956,0.48956884558931063,0.6049483177974385,0.04267160812300599,0.9997902977072702,0.5725147201410555,0.70895622559479,0.03815218148773987,0.9999999998124179,0.6440823327063394,0.6067463135483205,0.10420076832360708,0.999999999707944,0.576895422179684,0.6231720577468894,0.06138127257544215,0.9999999998968541,0.6638100079407502,0.7588001569555403,0.1269992694781571,0.9999999999184872,0.7580321284717741,0.7967106654431942,0.08486667422667592,0.05032326012777816,0.1798681731548285,0.06868755228563285,0.22524951269539162,0.03861254393897126,0.23890995071947854,0.07027071476383659,0.013691926856147108,0.12344029388301345,0.03243235761470501,0.0,0.0,0.0,0.0,0.0469674338498176,0.18649817998243237,0.07325362166569847,0.16361284765716813,0.04499327262028741,0.15443304216361492,0.03049410691815987,0.14494993969342454,0.039677827277629814,0.11915661450412528,0.08431369622903015,0.17456128844186394
1286,Front,0.9998746159488511,0.708923949173615,0.7496485003148934,0.04552472933301578,0.9999999999401448,0.6450646928840577,0.7893900564339822,0.04586260847318046,0.9999999999274889,0.7933724375162743,0.8689081703346038,0.028176124609365617,0.9999999999300992,0.6854170239132558,0.8663003478609445,0.049299461465885736,0.9996248356781794,0.17341337905888388,0.08375664352201292,0.47778877106712797,0.9994158875585815,0.1771191179853703,0.18676620826661336,0.5822166638435086,0.9997937079938325,0.59844578396409,0.6393208915499757,0.09946464921898893,0.9998369741604306,0.5745203034039201,0.6332203780211253,0.2009889529526739,0.10016885476894447,0.10946907620570918,0.08835058384274407,0.1343547366962027,0.138296966826504,0.1419841738939076,0.10439520094697395,0.015721583337885103,0.19666636358362363,0.015421068841719537,0.07467987492394829,0.053280548843464254,0.10984173778771422,0.047330221758438706,0.26342305141287886,0.1600274317151951,0.33293291233649436,0.13887391027939586,0.2618811818735429,0.23214514686390259,0.2760975236512453,0.2518210853695387,0.38586951899791483,0.2530272246126131,0.42075689641909947,0.3017537878543647
1287,Front,0.9999999999373079,0.7985948477259586,0.7639046137343966,0.01538128126585791,0.9999999999401448,0.6726933724689139,0.7529460912699035,0.023360639017656306,0.9999999999274889,0.9999999999395295,0.999999999938666,0.002586537153821894,0.9999999999300992,0.7625907505423546,0.8622799722394471,0.018261002231149546,0.9996248356781794,0.6097770153850963,0.4417478988541231,0.0651613997164444,0.9994158875585815,0.5995046735959493,0.5142796329753122,0.05731319134488827,0.9999999998968541,0.7391967462604986,0.7937731022615431,0.11390327704086381,0.9999999999184872,0.7935073627402104,0.854694115894402,0.11682548685780797,0.0,0.19553518106619702,0.09817988479911038,0.19559627595723472,0.10801622004668034,0.20191171075291592,0.13103018433887073,0.009946928814822389,0.1373689843816902,0.016021394484361663,0.021475682122316153,0.013303538613330987,0.01232117867045034,0.008552124298083413,0.07729922785316425,0.23179081022998094,0.10673517623457042,0.2408730136388286,0.02609009044669639,0.14981298673673338,0.013046613256212503,0.16062582631053293,0.0,0.15980318576083016,0.054309993425219555,0.1893969661833786
1288,Side,0.820387436472924,0.16695427091292037,0.4243786513453231,0.31659539786379864,0.8633506912753126,0.17588564324674358,0.49360519762349875,0.44392892133170986,0.870930316810171,0.11567999031773113,0.41627021978837236,0.38128838964385786,0.9700125820655661,0.09666723831837493,0.40695471819100837,0.5351412037032821,0.9913712247249349,0.8597770153636556,0.8510356308409059,0.029148047077525698,0.903913551137876,0.8658624270299702,0.8668432307818563,0.008349539741456254,0.9568849921653548,0.7785605344775539,0.8767328946031481,0.03908755753526171,0.9994294097652895,0.9101963408684628,0.9583329782315382,0.01310424286301196,0.04257229550825671,0.2851640209185214,0.08520300233615212,0.2949535309457584,0.17071886206686904,0.29379944976258204,0.11998342772669032,0.007679629127848902,0.19476596475606459,0.02368941726078267,0.023510883713053786,0.02420001770732267,0.03929327755769146,0.02836847094808145,0.12614338192750926,0.33733362752676926,0.09408498258236654,0.33862415028280757,0.08084149286157721,0.2599468147495751,0.03682410080705044,0.26944207919661983,0.03213790820539081,0.25341307886676195,0.04653086742981596,0.2729092701826313
1289,Front,0.9999999999373079,0.6676938246845991,0.7477477605032389,0.06459137243185453,0.9999999999401448,0.528617435983467,0.7241433066022893,0.16918870988341292,0.9999274888695578,0.7728729515164253,0.8575104602057624,0.034015192818732554,0.9999999999300992,0.654719030431903,0.7989619505553008,0.079141550063671,0.9996248356781794,0.4178387649727411,0.4217948625271445,0.2611617239086901,0.999999999707944,0.41982903248223785,0.47418475305394425,0.227005936657189,0.9999999998968541,0.7224925556886853,0.8246433539342156,0.07420542148617573,0.9999999999184872,0.5765841142025555,0.7094500145713731,0.24003403531881992,0.1705033000685144,0.15713814329226194,0.09770253890605923,0.15020038554367432,0.12233056052119533,0.160634887358156,0.05730341165053273,0.02807164155989738,0.2275895305702877,0.02359891189249625,0.0730663094879008,0.04372130201943021,0.09123624650619178,0.068253268999604,0.11198918056633304,0.147179618435154,0.09527217569850836,0.18700266956676484,0.059884824831322105,0.12760817704293484,0.07929323724698653,0.15149670385191358,0.09784244687519018,0.13902187671528637,0.048341121021615585,0.1710860402376701
1290,Side,0.9657074790943697,0.2251325033757468,0.5808487458903266,0.46855482078532984,0.9085413299270639,0.14966947284311719,0.4933856523865021,0.43553347194380543,0.9448190848419389,0.10044143435324172,0.5176834143002449,0.5814566487949824,0.8999021388997692,0.11753272736994609,0.40412309470364843,0.48397318109342796,0.9881823295839088,0.8909948541259869,0.9042203507581885,0.011846287053636119,0.9856892520485718,0.9200287608116937,0.9403779590022789,0.004726497099485314,0.9975244970605956,0.8465393274132806,0.9200270906179931,0.01832996917242022,0.9977991521847245,0.9201249441700062,0.9523149055148245,0.010896208666115976,0.07551423169884844,0.17716833814252753,0.05577206182517267,0.2178197428593135,0.12494747611933928,0.22338118870553408,0.11258783438197212,0.012453842978291774,0.1642362796549889,0.022462554837240165,0.011926024506965598,0.010928138689655953,0.08337647570084904,0.031131543180317047,0.10511500008273007,0.19249749517833276,0.10630495881501147,0.2010899920062483,0.04601056492653827,0.25145879564187434,0.0772981958528723,0.3153847894549778,0.04360676309804057,0.1582553343892691,0.11797384145698088,0.24302705708480413
1291,Front,0.9998746159488511,0.6214100825452108,0.6836250810508727,0.05322980995715351,0.9999999999401448,0.6085654556410778,0.7692053637953002,0.07916773677373311,0.9999999999274889,0.7374977323131463,0.8478041152719819,0.04265587099513691,0.9999999999300992,0.743726061810797,0.8689950926865727,0.03816927903000603,0.9996248356781794,0.6771869639213391,0.6091681950537612,0.0796830232930917,0.999999999707944,0.6698090596253248,0.6995469851753157,0.0995722195526211,0.9999999998968541,0.7657781973443404,0.8776276123542046,0.13476459692616,0.9999999999184872,0.8196675590796704,0.8869798071760475,0.08068412132944743,0.037995990681366755,0.21377516228810706,0.10828561686949488,0.19899936221720604,0.05747105297644462,0.20198504921930946,0.05190311603799449,0.020847367957679098,0.022602949489519304,0.009620719889567373,0.013049095472329988,0.021215741829054825,0.18362528173569156,0.045079026610474186,0.04603786465973087,0.22382846636485992,0.11418278559292518,0.2342063314589907,0.06652583912543446,0.1509364355737098,0.04485156723831763,0.14226382903669463,0.0286797091270225,0.17885400869895007,0.022978112779107874,0.21377580822131437
1292,Front,0.9999999999373079,0.7605078268975405,0.8092346515822422,0.05934239139661351,0.9999401447896127,0.6557997626614047,0.7996517527822645,0.0605206644536613,0.9998549778116267,0.6820463203312543,0.7545884947244444,0.049278485398339865,0.9998601984482132,0.5803464242508233,0.78379090977397,0.09663403396436458,0.9998124177452989,0.7700686105686048,0.7821290613197711,0.06633687887632046,0.9997079436332631,0.741631381262153,0.8092479966410854,0.053314358705010965,0.9998968539453434,0.999999999927373,0.9999999999038988,0.0,0.999918487039459,0.9999999999442213,0.9999999999218452,0.0,0.09155892194040173,0.2898659507292302,0.1370783345280838,0.33296476792085294,0.16907292318221961,0.29977132095429637,0.4328349669482084,0.11383837352100226,0.7125840189524532,0.10603941381305196,0.0,0.022985758272229696,0.013517845533282214,0.03349639035815669,0.10798244789323613,0.27868492941594997,0.12225004742310425,0.2864270517839129,0.05711925539672404,0.23851555136109354,0.05534358119416176,0.24761810104468548,0.06911800722924338,0.25832385476988956,0.06225560175834778,0.2898659507292305
1293,Front,0.9999373079430796,0.7585973129077654,0.8046858906520801,0.05037388494931219,0.9999999999401448,0.6046669303008833,0.8037139027169663,0.09433153229319227,0.9999999999274889,0.7513454676935752,0.8083125000414989,0.037710021267383154,0.9997203969663274,0.5893214428291704,0.7440701304471793,0.07070278086190925,0.9999999998124179,0.1747855917517337,0.16152211364948946,0.9275776382813855,0.9991238314839007,0.20388271948518955,0.3508888858081985,0.7648752222050532,0.9996905620423218,0.3459946255831219,0.5048706172254409,0.4134750024411499,0.9999999999184872,0.6522757697092663,0.756128618203645,0.28792384607088944,0.0066606098503702625,0.0,0.0,0.0,0.009133103322082298,0.0,0.04308662885318441,0.007849151014668517,0.0,0.019343860145293348,0.010794900156977613,0.008005657734553426,0.0,0.0,0.04617550529560369,0.0,0.11449969832488145,0.0,0.06912402197394507,0.003745632999190261,0.021487736730189572,0.01619044766911881,0.00784325938790776,0.04344958944861357,0.0,0.0
1294,Side,0.92871920249961,0.37316652284154034,0.7121782116594708,0.1908438696544347,0.9215298975925341,0.3327306627305085,0.7161211017417912,0.26067417564153417,0.9762163729260955,0.30767370137826244,0.7285556976633619,0.2907303618061534,0.9994407940025554,0.27165151773442797,0.7153826829823039,0.39522594457966365,0.9984993432754642,0.9319039450315691,0.950763790770344,0.007208892671299849,0.989778037094107,0.8898298313581664,0.953961677228441,0.006902849183296228,0.8414646724248103,0.7290289780863514,0.7627343175597155,0.01849778198065459,0.8146397130082621,0.6111668897472575,0.6560334483044384,0.13380456784951775,0.0026506026972676513,0.10334740745949433,0.04733773907422492,0.11244170003954615,0.04195703647497172,0.11164438122968444,0.12565495381027575,0.010475837889032856,0.24003568200361766,0.014625242249749247,0.0,0.0,0.0,0.0,0.032647999568039474,0.14451461393384082,0.060360939524504637,0.16748636207599363,0.027593776333600342,0.09403535320993953,0.052951862227060956,0.11602548582081879,0.05730687496823138,0.09516520634139657,0.07815668141827234,0.12393783941090825
1295,Side,0.767287317361464,0.23265130036776463,0.4714246114500281,0.22089609010339023,0.7866163882931335,0.21131137351198875,0.44900843120475786,0.2757166482367349,0.7842070915246026,0.2441797181928899,0.475483507874282,0.2093017800762353,0.8094505801195687,0.20848339334542482,0.406220341441058,0.27578991500217553,0.9958731943357957,0.9534305316506494,0.9447386688419311,0.005990746138348639,0.9824766352270806,0.9007749460013761,0.9343644763227769,0.007870401081713973,0.9988653944302356,0.9374682256563679,0.9699577893444734,0.0030308244558889847,0.9999999999184872,0.942659526944296,0.9708310712971937,0.005291731163421038,0.022306992803892513,0.0739679996016749,0.020752771610967932,0.11110442443018338,0.02711470338476768,0.1387794498328713,0.03744348585491741,0.009509342396209033,0.05248481919498994,0.017107140611790216,0.026156379754714718,0.03452161533578905,0.04380414154766972,0.027037256256771378,0.034877676170881465,0.10476094819320952,0.07276687366521097,0.11882115652552308,0.02293624922805923,0.031704277689078,0.01067033369239302,0.0442293876256038,0.06759392623100151,0.0741233198037235,0.00980014931916999,0.11720960333400372
1296,Front,0.9998746159488511,0.6336743497698956,0.672985388231382,0.07264494411352014,0.9998802896390805,0.6403186620351252,0.7083505949773556,0.04595760521474107,0.9999999999274889,0.7006107516054537,0.8200857683027225,0.04620528874167121,0.9997902977072702,0.6886183044252775,0.7440199266422659,0.029754818986747707,0.9996248356781794,0.4664665522756032,0.27914027726570856,0.1761731303051514,0.999999999707944,0.7210194135399042,0.7076026188661897,0.08022739760573874,0.9999999998968541,0.560897668635275,0.7600606280586801,0.15467799838192053,0.9999999999184872,0.7475457384678967,0.8157759065672054,0.1514404286686883,0.11680203792682449,0.11076288288943738,0.055728861051765645,0.14240188520854036,0.06572065850879862,0.14140132124455027,0.11468161267942639,0.007560507750687816,0.10542735705977659,0.00959852000418731,0.039520471515091464,0.00746950549810557,0.13436531963587925,0.016586876389800866,0.04105627864399848,0.11346252448306371,0.13197116039051096,0.12992801861255063,0.07068924444792654,0.08770722657581052,0.13732618184852707,0.08183176939630915,0.02979252831080538,0.052655854910963126,0.07211606937315783,0.09988070710462103
1297,Side,0.8630806845424687,0.08769875507902757,0.33970117018719537,0.5641706376264369,0.8579637277274218,0.07424148256544204,0.3626943499377525,0.6593416851121106,0.7816692044970146,0.06391727640660837,0.3402510387689205,0.5164813612317348,0.8095903816014545,0.05356428285293749,0.2655425286521927,0.6062232137652509,0.9996248356781794,0.9542024012903774,0.9735327712583766,0.004083779228710109,0.999999999707944,0.9572581288681585,0.9763979988249114,0.001645272992478074,0.9999999998968541,0.9163337932372478,0.9557239213490714,0.005924196499094254,0.9985327680959787,0.929663096779916,0.9487322776115019,0.004079086985511483,0.016761975221048542,0.21792039978664604,0.02377419583193258,0.2614898233343745,0.017580009946839215,0.2583154493463325,0.030078410072308916,0.012811334399053395,0.06018637566733816,0.008427914137466729,0.032127716802550055,0.010208441888613482,0.01690725194192348,0.017119137810060036,0.07444968737458331,0.23076531595203917,0.08080773762458054,0.24533743358243476,0.07804609860442147,0.23389495296611562,0.03301860014382854,0.242988091600392,0.05169295994422652,0.28522007388271475,0.07784633294166413,0.318129765008634
1298,Front,0.9998119239546227,0.650992234644953,0.6893520747561998,0.05987030882519235,0.9998802896390805,0.5522345894936305,0.6999988922555025,0.09397484229374028,0.9997824667536956,0.6772086835171307,0.7416665153416699,0.03716112452434155,0.9999300991891563,0.754244554921726,0.832556203690831,0.03859477371853058,0.9996248356781794,0.4536878215734402,0.30673527839016806,0.15344452092309555,0.9994158875585815,0.42534153547772297,0.4186244406126087,0.14287629935117377,0.9999999998968541,0.3618999200841092,0.5113544859973143,0.3924567543233232,0.9998369741604306,0.5516510486082301,0.6575892320749763,0.3318300952258665,0.03685867800875273,0.13681289053844256,0.062275500040247914,0.13711115574038715,0.14160166111614736,0.1507493231698253,0.04204125232863498,0.01610809737396181,0.0558605690278968,0.018398310241991594,0.03733385808881757,0.0060384902504384864,0.04311378145539915,0.021291143058755038,0.04816004741168905,0.08970058145309805,0.0783797893957183,0.10371158723145758,0.07455348602019655,0.07090327571844907,0.011036047467372547,0.07896082866276886,0.06480773967967811,0.1361413419010696,0.10421829330403186,0.1761309670695641
1299,Front,0.9998746159488511,0.6506840872272474,0.688338308105696,0.05632633862224694,0.9998802896390805,0.6280015819748008,0.7502173864425468,0.07007305341145682,0.9999274888695578,0.6713430488800057,0.7674663891611463,0.05661231907150585,0.9999999999300992,0.8256445434844998,0.9229423457328402,0.03946340890590273,0.9996248356781794,0.3503430531431953,0.255917404559844,0.2867260935476219,0.9994158875585815,0.3314692018589543,0.41840468265083636,0.335604291753885,0.9999999998968541,0.5953228265963161,0.6848750314315057,0.11772974457680556,0.9999999999184872,0.646809460026394,0.7519061938842686,0.2299436422342921,0.03409910759553502,0.12320768223931945,0.08161072958959088,0.16095337284709527,0.014584561055638334,0.15648048621592223,0.05199409699373771,0.016571493053423626,0.20746736252451178,0.020268254587179464,0.03336538562391263,0.03680549029007819,0.039998810587886735,0.007303996365134811,0.07916966932949171,0.1200127458638952,0.13342730091665342,0.12908319744913221,0.04937773983063704,0.138106992101066,0.06445613144191108,0.1609019988218411,0.025745264410244374,0.08426321543384967,0.04018384068638934,0.21229637473205265
1300,Front,0.9999999999373079,0.483729816314327,0.6385784910446122,0.16364916699830082,0.9998802896390805,0.4892931803780275,0.6498964298373403,0.1513806590562253,0.9999999999274889,0.7206869443840668,0.804862155134568,0.0691734614872249,0.9998601984482132,0.6407134281918073,0.7746921694532661,0.0459844475727498,0.9996248356781794,0.3941680960210834,0.37597474747021126,0.28407087226660394,0.9997079436332631,0.3861148837272418,0.4757053130266768,0.3691944671273737,0.9999999998968541,0.7444985110941609,0.854822136604277,0.08380763493761903,0.9999999999184872,0.7057675144630875,0.8025455868599077,0.10787638896983022,0.1064613433055579,0.14485522843134924,0.18972246552291724,0.1367188915880841,0.07357288243244736,0.13122904462047139,0.19123311710766014,0.035553706130578205,0.15085073709528438,0.029347501634058252,0.09349799169835656,0.030847633711309056,0.18799067619586454,0.08989199041829656,0.1429877425354888,0.16898788620258087,0.13665814960773903,0.15875505008296328,0.10038978417902888,0.13925082695200602,0.06270679939192668,0.1361983549453122,0.10694880702963654,0.12870876870112036,0.0731834893323745,0.14485522843134951
1301,Side,0.8914801579279368,0.21416245530542571,0.5729713025208857,0.3871023087498074,0.9024959597233199,0.18724221706383173,0.5338393785735178,0.42456508366295864,0.9005873395039816,0.03870109451298899,0.4721963927331896,0.4965292713480025,0.9363903256719984,0.0819184816737027,0.4320949098258808,0.5503514621774864,0.8446820482377261,0.866552315534601,0.8142198910219814,0.007044778637692775,0.999999999707944,0.922745066635556,0.9434447233967321,0.005003783347985841,0.9998968539453434,0.9453845594490969,0.965474280214483,0.002590705238416596,0.9982067165798658,0.9505243194472041,0.9659983300587892,0.0025247570426617646,0.08107942956171964,0.271244817118903,0.13741854139616733,0.3065588605867262,0.13445157044790026,0.30127644818966376,0.1981298334870074,0.034424312716708996,0.2847763172826692,0.01597298549073253,0.0,0.0,0.0,0.009275681551315347,0.04002104360158585,0.24577373655663184,0.06372358817464784,0.24493382129696648,0.045223808250500735,0.22844638509405144,0.05224707254882303,0.2326978049703129,0.11681993336559499,0.21775472702247178,0.10573519201070115,0.25954389615138296
1302,Side,0.936743777760846,0.19271539503311258,0.4708969210555526,0.4316929475095299,0.9062668342068434,0.16407706649166187,0.4832597172850457,0.5051159288052119,0.9198027698557172,0.05944246235354402,0.4126510749153886,0.5449636133801372,0.919963651550401,0.029040187501912753,0.348996707409535,0.7085879665137407,0.9977490150069875,0.9374785590962712,0.9532943665610843,0.007726458856476906,0.9372079436515162,0.8931053766163535,0.916740250574083,0.005750666392851692,0.36472408454206046,0.09180042122944292,0.07981903867564,0.17879988175039158,0.769970655300785,0.40127175365900986,0.5091111115283677,0.2799742313285873,0.06140679588506144,0.33447935104778603,0.033235827996780834,0.36621519752412246,0.09601291790091798,0.37371578734962535,0.18242558614431906,0.043209878522551134,0.39155714975752476,0.06407319403539995,0.04132653347442017,0.05223765044299747,0.11488302519331912,0.03142328288568949,0.06932304164083934,0.3732852760326367,0.08159690127280961,0.3575414300307433,0.15483906564472963,0.35360693926752007,0.1205006883867256,0.34895986964883186,0.04622031247747815,0.29484816893659616,0.05757622100028592,0.21230022253107753
1303,Side,0.7855306876819302,0.2916923456001669,0.40107692988732646,0.1712016769461344,0.8901657987137028,0.31894457312170493,0.525024369408735,0.1926607959054409,0.7572329779742417,0.2811876398209356,0.436663170671715,0.14804584787955014,0.8874598070119208,0.22614760188497413,0.40201705987821157,0.2209685741208105,0.9979365970741065,0.8803602057564015,0.8936411590901054,0.019319573134945162,0.999999999707944,0.8343053446645118,0.8801232588209088,0.0207992847879178,0.932851985463347,0.7261965283806959,0.8033553410206669,0.025288771040653753,0.9999999999184872,0.9160531012429688,0.9528823727078825,0.008559060981426055,0.02746644148255625,0.048408932736617095,0.04935288986542256,0.08980313566295008,0.012468301188129024,0.06993043131469617,0.01527092152534112,0.00776306203114397,0.07491198419211434,0.021140068322497426,0.0,0.0,0.0,0.0,0.1329025140192264,0.027422678443247344,0.14252208599616834,0.029717825691667324,0.10530284888569502,0.0,0.08155643461712334,0.0,0.18556376797550986,0.039353814150145196,0.18199036255825168,0.05573601478316154
1304,Side,0.711428750503954,0.824910637198021,0.7214735658442237,0.0,0.8019393068293565,0.0037855246056960556,0.3949677104669815,0.42045660904666593,0.8501921542418829,0.9626897260106011,0.8906669061109078,0.0,0.9052844959523776,0.1481735551278698,0.5368195615650562,0.3991319354784455,0.6445319826215474,0.8786449398903394,0.7373132662493255,0.0,0.994158878214323,0.8402173043988003,0.8796432909347446,0.02148923740213556,0.6960288807946335,0.786041106777105,0.7168855078518784,0.0,0.9559830452432359,0.43579875053347844,0.7225823341807628,0.5746300691895991,0.23033359668820205,0.10238700232928652,0.18391828986827183,0.1482677403722469,0.18610063801381055,0.1449272331852178,0.16818466094913206,0.1523698017881379,0.015042065357801981,0.022051444832129757,0.19663595225245872,0.3544199363650632,0.035982461181080755,0.008729341248705579,0.2830573298112718,0.0882536080915507,0.16397718122630603,0.08977730996924423,0.14041356421331352,0.03747937734693419,0.23001669070072642,0.06934411242551881,0.1738825230585526,0.06251718417912074,0.23985879632189702,0.1576144747716848
1305,Side,0.8480346059276511,0.3625662516724661,0.41994740570339373,0.16716813032964412,0.9121924941095234,0.28148482963548876,0.43294482652283284,0.2842102667195639,0.9376404901067623,0.2959424321040126,0.3886007033999418,0.2224494290367797,0.9719698028119691,0.2287200594392774,0.32858625705743166,0.34933685818484456,0.9994372536110603,0.9674099484590559,0.9596296717364097,0.003609897903825238,0.999999999707944,0.9179515857699168,0.9574750912963363,0.003482210722655824,0.9999999998968541,0.8943278378317723,0.9571699924911019,0.01405496608566011,0.9999999999184872,0.9272088352896469,0.9634189401356906,0.005462245837889864,0.02320573662834127,0.09027181481277063,0.01769141594082475,0.10822996401518631,0.008876983853958405,0.10798068792867947,0.07621499828204671,0.014512804166572343,0.10787553186991038,0.013265032199964867,0.022388284320604704,0.016378194178395915,0.046549943412846045,0.012206724992300069,0.06486741937791521,0.06425131369240412,0.05988890582091336,0.06660788214710313,0.02317214729457523,0.016898091622329876,0.027165983594410723,0.03703217723586226,0.044883114749596,0.05705658501175138,0.0682566118529024,0.11821342244999049
1306,Front,0.9999999999373079,0.6836558609217517,0.7144264744197739,0.032074303962511395,0.9999999999401448,0.2945364144700528,0.5757961280908387,0.19762897150431774,0.9999999999274889,0.7231662332513051,0.8209157016839028,0.04376588037470014,0.9999999999300992,0.41039272849651903,0.6466121955110564,0.19866948237914855,0.9996248356781794,0.2614922812811757,0.29151107576754337,0.5879491047619562,0.9994158875585815,0.4423583925507423,0.47404243611816616,0.25662408657162755,0.9998968539453434,0.6134795554787218,0.7411802987017293,0.16995772103492982,0.9999999999184872,0.7808456045972307,0.8382944748034123,0.10418947677735665,0.27442314939122575,0.2910144822005681,0.20065979882616564,0.28508862695773735,0.5351607598430216,0.31784439844780715,0.1424941218563669,0.04412619924098894,0.5037704784641129,0.029959519068104814,0.0,0.0,0.05225676705857037,0.02986498428258361,0.218120538480362,0.3105121344739657,0.27581167764223913,0.31377023412317234,0.20485894365226534,0.3679669953729044,0.14170609616314675,0.34851441131996785,0.2989572556679892,0.2696424845976506,0.2904452417251437,0.28163632092733937
1307,Front,0.9998746159488511,0.8054973498825652,0.9149423192780941,0.05212060242093052,0.9998802896390805,0.7242217074001795,0.8952546052159032,0.05679473896306981,0.9999999999274889,0.6240551490219474,0.7809448173308035,0.10191042121804676,0.9999300991891563,0.6413422511495259,0.7611489669897689,0.09191538715408205,0.9998124177452989,0.6192967409417414,0.7885301326983452,0.22588400866064925,0.9997079436332631,0.5887193416482608,0.7556112526081977,0.18717531606614496,0.9998968539453434,0.999999999927373,0.9999999999038988,0.0,0.999918487039459,0.9999999999442213,0.9999999999218452,0.0,0.2125235574072238,0.9999999998922813,0.22956814018582025,0.9999999998757622,0.5676894375565126,0.9999999998755568,0.15521860410800303,0.9999999998982795,0.24107357460314585,0.9999999998985235,0.05588923886320726,0.06406066292555673,0.08356267700076642,0.03322387638807976,0.2605920426707623,0.9999999998905852,0.2672059931273284,0.9999999998917596,0.1297253915626474,0.999999999884492,0.1345050396978123,0.9999999998858727,0.1604378043472891,0.9999999998874967,0.15096524765774919,0.9999999998922813
1308,Front,0.9999999999373079,0.5960187353262653,0.6795256178398216,0.10268395341591315,0.9998802896390805,0.5835357929496845,0.7159032980369181,0.08846778373479582,0.9998549778116267,0.7018806312691611,0.7435178466825353,0.02707252449263702,0.9999999999300992,0.6687817983954277,0.7895268349502265,0.07436034438799442,0.9999999998124179,0.5752144081839439,0.6376587121219864,0.11266219640588761,0.9994158875585815,0.5632340017126121,0.5884588528983947,0.14619497968704023,0.9999999998968541,0.7368726849635504,0.897536379063702,0.04686242685562057,0.9999999999184872,0.8292614903598136,0.9359209679594899,0.02663005823605317,0.06157724000532879,0.302852488860998,0.03388414806821032,0.3241834834958349,0.19287781990381297,0.3051306359413813,0.15807317620793415,0.01215411535249992,0.34211971447205564,0.0287581561909609,0.014185383843173098,0.04296097775900268,0.0,0.0,0.2495022369255834,0.3208180797693529,0.2691618645809695,0.31888190447068976,0.11993594185682124,0.2570589401935089,0.12499839616545866,0.27131649842597494,0.046484777557948775,0.27188721728059273,0.04026810521850462,0.3028526153256823
1309,Side,0.781643784039769,0.2866387279497943,0.4988330580013797,0.20051677900549789,0.7824265277558852,0.26651223231445215,0.5163387480205909,0.25683851987456735,0.757523022205966,0.24508677509553806,0.507920067626277,0.23326915314662913,0.7382217250986844,0.22220316696837572,0.4288224236760093,0.29101192307501306,0.9251547550318597,0.9192967409160123,0.8800855087048457,0.003353456041651663,0.9485981305640779,0.9159543020759005,0.9189915115259787,0.004443662402410737,0.9361526559116914,0.7423197036282722,0.784252533964732,0.06038993667054813,0.6305021192834608,0.5894132083562353,0.5649302570031564,0.03357055304621277,0.05060132922495068,0.2245120073267645,0.026487206560293672,0.2280737394640411,0.0757434228448681,0.25464784158132764,0.07734366374202886,0.030625433582031077,0.10951482487041346,0.017313328505355403,0.004680182773066389,0.013414422364899387,0.036520127379594515,0.030145271576744723,0.03369956172368355,0.18735411361259977,0.16624077740054125,0.21350041249776644,0.02744300521238558,0.14753612398634228,0.04079857568843724,0.15663094668729546,0.23785793686894002,0.14484194967620398,0.2053221790916475,0.1932704536746127
1310,Side,0.8202620524844674,0.27067669171264164,0.5447232925314877,0.26094517916834437,0.8024780031841456,0.25978868861179794,0.5703099903282487,0.29548951618747216,0.7806540496859796,0.18443490353846315,0.5250213991065626,0.31257371942587725,0.8011323919473555,0.19379180242418154,0.5260065845456758,0.36121775099544373,0.900956668373484,0.8722126928926064,0.8125850132680007,0.01862744321257505,0.9991238314839007,0.8417352400062528,0.9096420124907835,0.024787067269359832,0.9767921608069323,0.9172779431391329,0.9286928196246729,0.006272781792607725,0.9999999999184872,0.9262048192254458,0.9540768990985254,0.009969379924501429,0.09318387487236929,0.3736333021475776,0.09245780311229033,0.41065567816827897,0.13351116034761815,0.40595675206553616,0.12905136894169802,0.0372732954681864,0.24534356968340795,0.048563542825225674,0.014348845934047665,0.052390861973755566,0.0,0.0,0.2561202788260263,0.28425020631352377,0.3137680558543587,0.2898403254355058,0.05303940479603924,0.33796580408449756,0.05640689904990799,0.3369604439859217,0.07034468733991596,0.3458119091166624,0.06344717341764723,0.3736333021475765
1311,Front,0.9998746159488511,0.4794157524664479,0.5203294313582669,0.07125212400537975,0.9998802896390805,0.3636363636158181,0.5024003898804436,0.10434250635920962,0.9998549778116267,0.6112958819246963,0.7388087963967676,0.058656018434129584,0.9998601984482132,0.4566969644739783,0.5800625149629365,0.10140687203623361,0.9999999998124179,0.521097770109683,0.36400145618363466,0.10926006215558683,0.9994158875585815,0.5450986657709435,0.4323131808268179,0.06414996322571172,0.9997937079938325,0.6467426827912889,0.7007462519811327,0.05147666790864222,0.9999999999184872,0.7124609548910943,0.8657799239986925,0.07281595381220503,0.14688689508857605,0.3019139420666476,0.06083510270529547,0.2935403583168245,0.27061625973796133,0.334339695997398,0.1799602969895169,0.04314359287601658,0.5134576593021177,0.049554367761573785,0.03877240626832629,0.09504994226707882,0.20848441125826828,0.09483483445103826,0.26732682776975275,0.24588164013894886,0.31850089260376163,0.2611302184280603,0.12797429787573886,0.2650435524162291,0.09000624533696568,0.2691981686028213,0.15545317565172145,0.28605500964202835,0.08237434863585973,0.3162635827122146
1312,Side,0.8593191648887644,0.24682608158222447,0.5177959958060693,0.25091041845938206,0.8896869575094458,0.36962540254423276,0.6986703032944858,0.22904957588720162,0.9662823579895379,0.3259357803515791,0.605281315824384,0.2632935168235136,0.9128337759742182,0.30194935115177785,0.6055859187356113,0.2927027365570696,0.9945601198659615,0.8993138935763884,0.8831039591251394,0.011704124728286636,0.7023948596079456,0.7865303187036407,0.7598434178781289,0.007900153537250655,0.3059308921809251,0.31149684070655115,0.22674905699210116,0.03867841052588422,0.9923377892898323,0.5099286032736541,0.6325157234797114,0.33658051430190367,0.11206872503248447,0.16949467819399658,0.09079391591539925,0.19071701258816356,0.05891667330223754,0.17317132186149303,0.14832958798053006,0.02163223033469159,0.12721459273099225,0.025411252979093944,0.022572898951874868,0.008327411265977254,0.023536208620127227,0.07727159337025663,0.40733284581150087,0.17022613146618865,0.3695304121524122,0.16748227469252097,0.2506031011611456,0.12210115262514587,0.3210643605499173,0.1476799846501478,0.0920125415333537,0.11925029465654693,0.077295200493886,0.1694950291135124
1313,Side,0.7615196538924507,0.11980771600395612,0.3777082505833299,0.3043427302482086,0.9895852037475557,0.250240126546684,0.7321572176615337,0.4325218940116034,0.8187948661577263,0.16671705870673537,0.5009418248726929,0.32366167708116955,0.9955962532506922,0.05510775738551948,0.6913483113184347,0.8201320805938829,0.9943725377988419,0.8213550599638634,0.8296784478725485,0.05311062237605085,0.9500584109374827,0.7146281057190519,0.731592050883125,0.09489947938248025,0.941206807535719,0.7644709128648071,0.7997742702034097,0.04885669205936804,0.9611183566220151,0.9046742525153573,0.9239151013910507,0.006181506096598631,0.22760583197668588,0.06916394016081853,0.12165072133143133,0.07846359326628713,0.14219780577041516,0.08539615175637208,0.006710103658687659,0.0,0.14245847199174305,0.015863553104541277,0.0,0.0,0.0,0.0,0.2094831141307595,0.05371076403530884,0.21287896146128116,0.056707768253636714,0.03646618330605368,0.016215541471736115,0.02168298979913702,0.02002965593699107,0.23808966653552535,0.036409087985764914,0.13012543702099666,0.07115245171717209
1314,Front,0.9998746159488511,0.34309133487346904,0.4326318452084241,0.11898486237391677,0.9998802896390805,0.29939544605348356,0.5024797715239765,0.25731633272142473,0.9999999999274889,0.5284513514828293,0.627756533522373,0.07677686986685948,0.9998601984482132,0.36185902930533015,0.4632146818605119,0.12026757360872695,0.9996248356781794,0.5393653515832448,0.39637767620140374,0.08928898453594573,0.9997079436332631,0.572261724009566,0.5719242463052631,0.13922277875113326,0.9999999998968541,0.9692788146583425,0.9994376644505479,0.0001541355376696042,0.9999999999184872,0.844321731322829,0.9528609961857019,0.04563806704046528,0.09905356199169209,0.23083680774709825,0.10331159287834692,0.25087482710192704,0.12195915020683432,0.26907012208473247,0.13154680616814154,0.03528614225205155,0.1924229880005935,0.05235283772427676,0.032171223596340184,0.05143004470547489,0.06434724159599137,0.07457682833001181,0.11170249726889932,0.304365168560262,0.26287846632242157,0.3226939488870861,0.08808707475238382,0.18600098294057898,0.0503527306817979,0.2510516038268862,0.17216491840221682,0.17068142231856995,0.06775161713672455,0.23083692736461345
1315,Side,0.6787662215109543,0.1135215086827609,0.29145575222169484,0.22108958690464395,0.99958101388642,0.003559523136699276,0.5482136558316197,0.9618542449911117,0.6528170545534902,0.2095301445117294,0.3679448741722175,0.18343349166199605,0.9991611910387835,0.007260046875478188,0.4603967736130982,0.9199638898549255,0.9949352840001995,0.8809605488095232,0.8941371092174266,0.02058841167624421,0.9935747660649606,0.8126547894213745,0.8547162955479403,0.02934770039699798,0.9956678699334022,0.5184109230504459,0.6953972524469797,0.34461437065938383,0.9979621779427811,0.7037037036644521,0.8503556046672586,0.11715029154342166,0.13078470355660815,0.16911652152400947,0.07549980729997108,0.20117740954396857,0.16010801683535295,0.18296010298675727,0.09436671726164413,0.0136481091101069,0.21700212197982538,0.06327229239695709,0.011826185037979053,0.004793311745352989,0.14479861040162548,0.33130014167350724,0.11610634079567894,0.14117477005084503,0.10614356618849796,0.1216366058930753,0.12691107209341804,0.12613013904262838,0.19949939432147243,0.09802138126233356,0.7152754649100821,0.12630688897309833,0.5016899869318809,0.10803739737679742
1316,Front,0.9998746159488511,0.688524590121501,0.7212169025109001,0.03136761947154229,0.9999999999401448,0.6733148765086551,0.8490301864647527,0.057789722879189216,0.9998549778116267,0.47372558502305584,0.5767605628810162,0.11290433225373074,0.9999999999300992,0.6312810838260287,0.7469525388020095,0.05977333304588419,0.9999999998124179,0.6301029158979329,0.624806381201822,0.10413493693499748,0.9994158875585815,0.4934089637698003,0.45891369021632955,0.09700293213317547,0.9997937079938325,0.3914590747046656,0.582003744336285,0.33046060645965525,0.9998369741604306,0.7170905845204657,0.736885785183445,0.12293629763045764,0.23099778280785585,0.2504187265446144,0.2205868850968756,0.26626988267166996,0.23864876201115778,0.24755589409851098,0.2744505039779227,0.026425068641948896,0.32338579602800094,0.020767616250295384,0.12636274671843267,0.03823989618179783,0.21567300446704457,0.014831516764713663,0.2951485686569351,0.20440019822500707,0.34921920147349444,0.21806152981616547,0.1814963150227993,0.15480910050271476,0.153754101388645,0.2199642221074488,0.29423175994053813,0.1565160697032442,0.10905352941849902,0.25110644063277293
1317,Front,0.9999999999373079,0.5731541969325062,0.7278418776329733,0.08282259678211704,0.9998802896390805,0.6818464319632835,0.7925565863732944,0.030257496863530266,0.9998549778116267,0.5245207715713538,0.6651636449474977,0.09278684740087313,0.9998601984482132,0.7521294231548544,0.795091866182263,0.020477129658949104,0.9996248356781794,0.5843053172740733,0.5632493435490579,0.0905764632093905,0.999999999707944,0.7442677957382544,0.8008076341540811,0.06047758932525674,0.9997937079938325,0.441789527166694,0.7167070339697778,0.14073503120677083,0.9998369741604306,0.7130187415934282,0.7592755061012815,0.08058636129145522,0.13187487604073642,0.28555986566186686,0.19113411908391742,0.2990691944641533,0.04603257347040218,0.3172265666917813,0.06432897941556551,0.06488040105116813,0.16081072759972925,0.059744482935318116,0.03974413646463934,0.1263854454929844,0.054741885756130725,0.17334237831497787,0.16543074430876145,0.2317138202631884,0.18707056778826386,0.2500510983271102,0.11076747291881295,0.22231846992352508,0.09263206297737163,0.21373077778888097,0.09955173597458082,0.2538267516419266,0.07491799143331265,0.27620924830489924
1318,Front,0.9999999999373079,0.6491433501387192,0.7005630392486856,0.0573602031519505,0.9998802896390805,0.6146674953039908,0.7519058932972723,0.06813019477912359,0.9999999999274889,0.6774505653578369,0.8031514472858584,0.0527585106397027,0.9999999999300992,0.6482021379610013,0.799423248350983,0.09156215287338126,0.9996248356781794,0.2958833618957218,0.15010946664223923,0.3136893602201906,0.9994158875585815,0.3172485419575578,0.28780806185718405,0.31508427225734215,0.9997937079938325,0.6670055922240535,0.7179362156295779,0.05746914506375113,0.9997554612814025,0.7332663988881487,0.7900238714571068,0.07567060350230631,0.11080794215963707,0.12551904386113058,0.056609377499801564,0.12224587639893791,0.054494926339086175,0.13283219541662222,0.11057488834270901,0.02762144319676645,0.2273656730938615,0.040010091602396713,0.12913049847343946,0.1338781511970078,0.2394636838758101,0.14553751102060666,0.13944526153609746,0.13818389406446252,0.15101460418883558,0.13615400430130992,0.15372244414699515,0.15106558400493952,0.14710631622673556,0.1612675957889022,0.0836426192893083,0.08667713470120081,0.04480463835967553,0.12806969411230545
1319,Side,0.7768165004841818,0.22334524835305405,0.40648019731094226,0.1720286466520585,0.9994014484348236,0.18684671449308737,0.5820426679094863,0.49383556675705576,0.8604162134101648,0.20366450987460455,0.466404709496191,0.2287691893913329,0.9999999999300992,0.270050877478417,0.6040424401180169,0.37552834336723134,0.9983117612083451,0.8768439107309741,0.8947926273741076,0.01783664634463078,0.9845210277498477,0.559079651629058,0.5954584241417151,0.20598749706294375,0.5887570912234392,0.4192025564369814,0.4372475602961587,0.09998916470841132,0.7165797195372856,0.5853413654291979,0.549625166137883,0.07273258766544552,0.35599057167362913,0.12080539364703984,0.3344608098529553,0.16494189388249128,0.21877001740632554,0.18855641904892897,0.10673055748219756,0.05739713472547951,0.379214838554317,0.05560447720737863,0.19899669666687386,0.1544424304335312,0.40143796816028576,0.17465406244504197,0.6209796031864508,0.14742974804748796,0.6481501205754416,0.15633687614864317,0.21606249278927364,0.2215288114383161,0.16179776073372124,0.2219897066114239,0.6242222798391099,0.07160129076286816,0.2843646139567585,0.1306700467514796
1320,Front,0.9999999999373079,0.8607789966189584,0.9298023788736131,0.03442488419223925,0.9999999999401448,0.6061359398493624,0.8385628251448394,0.12479220633921813,0.9999999999274889,0.7494708834281023,0.8379209598240529,0.02928726442832917,0.9999999999300992,0.47098839533121883,0.74438737576759,0.24322230955241456,0.9999999998124179,0.9811320753875531,0.9999999998541889,0.0032772130300532014,0.999999999707944,0.85116241904201,0.9760975292192523,0.01626406334878065,0.9999999998968541,0.7633815091318628,0.8829485907663017,0.11232450167515286,0.9998369741604306,0.7943440427937112,0.7980627389697095,0.015269097689500764,0.011323805663199706,0.11695347426098966,0.03774314445321838,0.15732731901033412,0.1530304535920075,0.1602922287384353,0.0194102471314751,0.015226426062520573,0.08292155725122655,0.015350282280544261,0.0,0.0,0.04304011324262553,0.07274772549869092,0.012503994037434669,0.09753291042752318,0.06093926235634852,0.09579679085892852,0.057570406105805105,0.04782656940206132,0.03465871562249582,0.04353174554578062,0.06407093997616062,0.04602653507880554,0.11800668765564264,0.11326335509024636
1321,Front,0.9998746159488511,0.6536423024372217,0.7251266466908289,0.08652966131319656,0.9999401447896127,0.6304875981337654,0.7425138875397319,0.05721761620176147,0.9998549778116267,0.6906331256763237,0.735797517558203,0.03783972626429215,0.9998601984482132,0.6783284742080644,0.7497751830976371,0.03776009356772755,0.9998124177452989,0.6960548884480228,0.6264489047188828,0.08905179840542185,0.9997079436332631,0.6499161140329218,0.7090785194364925,0.09933472600124892,0.9998968539453434,0.8152371268200134,0.9448346907116982,0.04721945468483473,0.999918487039459,0.8298192770621474,0.9246727828155481,0.0932053034826246,0.08214876577605626,0.286157684994381,0.2311286256919974,0.3535384896718994,0.19970647211293135,0.40086609422097663,0.18229486780680007,0.013512914594814532,0.258678068341318,0.03941376754922025,0.0,0.0,0.01923127399703408,0.0,0.3053484710017471,0.45089587199653397,0.14337142742999484,0.4351220676002682,0.05146612149771658,0.23453930183696686,0.04918029027890848,0.24368911004234814,0.06200782249831703,0.2544510384243957,0.055348915537528555,0.28615758095862287
1322,Front,0.9998119239546227,0.6111179587938421,0.6753313360017219,0.0583470229416273,0.9998204344885484,0.4834736425513604,0.672194184730414,0.0916496144667492,0.9999999999274889,0.8016568905604611,0.8553128398622455,0.02856836374393618,0.9997902977072702,0.6071571485390065,0.7709337300581528,0.06414440640119963,0.9996248356781794,0.31552315606213355,0.2682621924080777,0.32107718892103027,0.9994158875585815,0.37381161617210096,0.42881942066103446,0.2662432077337293,0.9999999998968541,0.7033916769043945,0.8190702661019492,0.11586468475670726,0.9999999999184872,0.7675145024114505,0.8599391730464393,0.10557292451853799,0.03359733529893467,0.09775965880473436,0.07760084929929457,0.10472756147962253,0.048896979984221475,0.10861685296125309,0.032938032477938306,0.0037575987169135992,0.04157735702610602,0.0101231221080837,0.01564796103576519,0.01092501855721674,0.10519706792336932,0.014186328504986927,0.08417788713232155,0.09795418567865022,0.1480270460148779,0.10595215862431225,0.07623473993632553,0.0791044595428032,0.03070471627108904,0.09878797685879401,0.09882166371807151,0.04589552851122284,0.04228247024140346,0.09644939283300565
1323,Front,0.9999999999373079,0.8328608405748267,0.8795692531798165,0.027359853067123397,0.9999999999401448,0.5782812587955094,0.7593149353038806,0.1503888109629672,0.9997099556957646,0.4770514603327658,0.6836047042582668,0.11754308453595687,0.9997203969663274,0.49145372431878726,0.5968326661308366,0.08007629647320495,0.9999999998124179,0.6304459690711455,0.6241705135109206,0.12004570480434117,0.999999999707944,0.4223855556105787,0.5432220422703951,0.33548904713711597,0.9999999998968541,0.24489795916588727,0.5065085413238248,0.4265228327074892,0.9999999999184872,0.6405622489602543,0.7253291951173003,0.17222693815137904,0.2603357202098545,0.08105590354948679,0.2103630379331792,0.10940385734934867,0.17838017594802494,0.08468537532369359,0.0857119889230712,0.11704603687453967,0.0943337984636484,0.01492712365221583,0.13695769088675758,0.17767144363024978,0.0,0.0,0.14039165360562547,0.0659273623110267,0.1373496161341476,0.07463420811330657,0.1109514855078909,0.04123386801796539,0.11770897214857498,0.06593575119115377,0.2991528182627294,0.056458220659406665,0.3339439892523083,0.06805936808523788
1324,Front,0.9999999999373079,0.39831135212632124,0.6047041282261053,0.2511529854451051,0.9998204344885484,0.4874851686260532,0.6616720917280396,0.1264155966441952,0.9997824667536956,0.3963233959970779,0.5929410921220691,0.16523332030353843,0.9997902977072702,0.6795289544000727,0.7531381112099922,0.04019223336764,0.9999999998124179,0.48241852482998127,0.5361978838641784,0.18848375025942551,0.999999999707944,0.4266996883896541,0.5197591155999851,0.252255293895969,0.9999999998968541,0.6017866220784526,0.7211249489897729,0.130364469618528,0.9999999999184872,0.8039937527440877,0.8723440412681179,0.07675296412255009,0.26250505306039174,0.1353458496002309,0.19926933274608286,0.13346658575309372,0.223801137441617,0.15119020752835824,0.06768182911956823,0.005432528428182382,0.05739557162005786,0.009827074258626537,0.04821827159886939,0.01390591478353855,0.07744620087397779,0.023628178215811726,0.10712273270608286,0.11261380760198177,0.19028511725196973,0.16083894916194896,0.23453200911016817,0.07254992399004924,0.2934534076701507,0.1345877300162196,0.6453785067438966,0.08993154091302506,0.5754094402766898,0.13668531752701038
1325,Side,0.983825465426379,0.18772340686628106,0.5595248445810531,0.5416083319143579,0.9522954449660445,0.16882309734059422,0.5601763236660786,0.6326543022541896,0.9294467405605507,0.06954102920302709,0.5026562935426697,0.5956207944348997,0.9969243673286087,0.10158349053326567,0.48223643215761974,0.7123197515132814,0.9999999998124179,0.9804459690411281,0.9731085243250227,0.0028264461431227895,0.9994158875585815,0.9048494047371696,0.9569477680605168,0.006582249376342584,0.9999999998968541,0.7146488488114859,0.9687938329295396,0.013377341031095799,0.9999999999184872,0.7226126728735712,0.965872036371661,0.023158246463973537,0.15778464704730652,0.22594815179269614,0.14050454164949827,0.2557466649414524,0.17623110729669325,0.25940470496239476,0.12040835176510278,0.022251623649230383,0.26587672096316173,0.02577702191745722,0.12629591192070608,0.032991407770742644,0.22025475010117757,0.05588623310900659,0.1482503853909344,0.28723732242285294,0.09272565611689829,0.2891751151316851,0.0772666508155741,0.20008379997743933,0.09884860061712981,0.21612593653386475,0.25989399333480057,0.20377145790981813,0.22959334759661607,0.23667002182709967
1326,Side,0.9564290639485656,0.1803278688413455,0.5098953115403135,0.43903748428018435,0.9044113245403477,0.15854003050124077,0.5381889443642711,0.5191108526463558,0.9680951344378148,0.09167321762764266,0.5022582594871928,0.5065092730943803,0.9389067523459451,0.09163665465662627,0.4763119987723128,0.6428135147599249,0.9986869253425837,0.9447684390270353,0.9584883784779976,0.006228679346643424,0.9985397193345382,0.901493968131222,0.9407723114038546,0.005325901146085672,0.9394533263600358,0.439683346616335,0.7818167350945261,0.1816824256283115,0.8900391261093871,0.6888665773823702,0.7488512760441246,0.07182395121377382,0.03586096627797786,0.2203223297721266,0.06818920264980204,0.2233006156540353,0.027498469136647604,0.22945842433586314,0.13793738067268277,0.020298684972197244,0.18959215566402624,0.013876146551361586,0.045498139567187804,0.034309221187442056,0.06095849986639023,0.033673707879671964,0.08444806939163164,0.2209811835050805,0.10930903487150152,0.2041552033787023,0.10101125547849697,0.25852631891714617,0.0948871204390747,0.23729922527240366,0.041729759748415245,0.11139152154078737,0.021412507695455954,0.22032232977212682
1327,Side,0.7855933796761587,0.34832984097446507,0.5204650832998146,0.12921485920046635,0.7272400789652697,0.32990564436804876,0.5224481183204398,0.1025803098924376,0.8751359581701735,0.36524157946633357,0.5791761367772462,0.14977436879394146,0.7786243533637198,0.3935288400849752,0.5456628010462397,0.10921545129707626,0.9999999998124179,0.9503430530917374,0.9171821196436659,0.003302496487621676,0.999999999707944,0.9410401852727459,0.955600381143571,0.004520766949641672,0.9937080968546974,0.9364514488389533,0.9546987746965949,0.003467864667170614,0.988180632459392,0.9379741186446913,0.9629841300683755,0.0030504801317530767,0.0515856411896311,0.15750284017372165,0.05268513883902278,0.17088963092796766,0.09073587063351453,0.16012744877880716,0.06137627453653012,0.0256676892089221,0.08658769611098978,0.031244249721170132,0.0,0.036126649682952684,0.09594579271534917,0.04255937257239162,0.05484568933396231,0.07093661908715974,0.07947773433924885,0.06379612677691505,0.02625469965380007,0.06996577369836258,0.01979951373457921,0.0908530199694263,0.04189672607231962,0.09297292418922387,0.059535135232100495,0.1290848660061915
1328,Front,0.9998746159488511,0.7877480586227198,0.8032006177198666,0.02441118985261424,0.9999999999401448,0.5991298943104623,0.8532072302551275,0.09627624701550415,0.9997824667536956,0.535405454403132,0.6243732881049818,0.050849896295289986,0.9997902977072702,0.5008860686845661,0.7188388490149341,0.08472815872374584,0.9996248356781794,0.6011149227614825,0.4118118258950106,0.07033294288627277,0.9994158875585815,0.5338339857366913,0.500342018543547,0.09320024484002268,0.9997937079938325,0.6257535042032281,0.5885004102982848,0.045164197602242225,0.9998369741604306,0.6210954930488011,0.7338027573972757,0.17489213431136,0.057661586201678876,0.16353432204118168,0.05600365037971828,0.19147241803346893,0.09518735272608572,0.1926738400553922,0.12892095552191,0.022030281297273562,0.18108872639286372,0.02160751471238285,0.018981190335384715,0.00795299747914344,0.0,0.0,0.0025799264184209253,0.12876418938744907,0.11182172539125586,0.13633121905741116,0.06720924388015333,0.12268721287393129,0.029299126381784175,0.12136691642837408,0.04352884292949107,0.12638094134078393,0.09352375552441212,0.18236556895985226
1329,Front,0.9998746159488511,0.578331073549961,0.6961889309185761,0.07932478899782743,0.9998802896390805,0.6314481043770017,0.7790158807047429,0.04723366466569153,0.9998549778116267,0.6626957730747599,0.7405185160863772,0.04970077842684713,0.9999999999300992,0.7361230205947451,0.8777544956309418,0.032504729431022,0.9996248356781794,0.45711835330556455,0.4913977226273256,0.10337989335273964,0.9994158875585815,0.4560997043655748,0.5157342226569308,0.1187482965488758,0.9999999998968541,0.6694022804365312,0.9567426596779072,0.06209415421012819,0.9999999999184872,0.8116912092362956,0.9518635369232621,0.05445120874015368,0.07103715202724353,0.3485735741680637,0.10787098134160865,0.33819662248859134,0.04085031591222346,0.3578257916015262,0.2304381837314437,0.019201408399141445,0.3179082982246713,0.024733877458641508,0.0,0.0,0.0,0.0,0.03642932909458791,0.3697073203357042,0.18238750278958413,0.37251933633193246,0.05717293484527079,0.321757646349453,0.09909402052771328,0.3203800158381597,0.04770565942377537,0.31882165705764437,0.07276690957214663,0.34882155882175664
1330,Side,0.8152466929461948,0.38160976208667513,0.3929434024760003,0.144470601328355,0.8225294786124061,0.06248940617760951,0.4323046981013883,0.34107160222295196,0.9633094046143637,0.25337122813972474,0.4138520873129991,0.21270397785124334,0.9366000278948273,0.2329503229730206,0.5377833212607646,0.35543155214498523,0.0,0.5839622641008609,0.23630579062762053,0.0,0.699766354935816,0.549173124506737,0.5262527273874018,0.15308302955848438,0.2122743682091517,0.4454208729431752,0.2661703117473383,0.0,0.6582164981530635,0.574074074042053,0.5923184170484744,0.060109081923209955,0.6840061820658903,0.46773765155779734,0.5369166837333412,0.5696466207405442,0.6407815851256442,0.5542238941231131,0.9999999996380298,0.38719002851463835,0.5248889654646297,0.03284996481550227,0.9282948820707042,0.9999999997670697,0.13564543679914595,0.036041960755936804,0.8553894021754233,0.45935721033222826,0.9764812304161381,0.47930476462331406,0.4127085037207226,0.42924930673163886,0.5121813063277565,0.4415337340407043,0.5163575895711329,0.44409610094161855,0.49669487129394346,0.46773765155779895
1331,Side,0.9727916744421796,0.002588438308727448,0.422164236297078,0.5815304283072619,0.8778356377040859,0.26956325214590865,0.5075407235891592,0.27662432697710976,0.9967370023205905,0.1201548043707955,0.5957135538017169,0.49518328282214474,0.9992310917797265,0.07368661749993216,0.49251334040700734,0.4572886010156938,0.9979365970741065,0.556861063417079,0.7405006091734868,0.11625747334075903,0.994158878214323,0.7691938962395786,0.8416534319759035,0.04546560352767373,0.9571944300198871,0.4467281574227084,0.7009146695464149,0.3038391203726603,0.8876752526175681,0.7167559124990653,0.7398303202846616,0.13335758553236163,0.8240903244242795,0.3444202370659986,0.454129618562109,0.42323925216758446,0.9857977645533821,0.41903356182198176,0.10767398918440246,0.028667276558171997,0.47325863421347414,0.1627539006341562,0.010641349164145856,0.005391732535127409,0.03507780911963824,0.019279386240475916,0.91246457081414,0.4342342149149582,0.9999999994043185,0.34124552299949185,0.9999999997016209,0.26369349499497824,0.9999999996746942,0.2819641613165095,0.622107379531878,0.31530128436586946,0.5994180275573544,0.34442023706599795
1332,Side,0.868221428069198,0.27690126955029576,0.5304615177856485,0.30223372697963075,0.6397917040378408,0.12560031639496017,0.3318261874613432,0.22119943338272113,0.7472989630376841,0.11719175182214477,0.4223244372219395,0.37901190418180625,0.6597231930197313,0.25244383466229664,0.39263768734816035,0.17500915410187634,0.943537797609541,0.6594339622075959,0.6383074234241979,0.1021270276306325,0.7251752334330681,0.5922345609497295,0.6005885064045333,0.09072627406940585,0.9999999998968541,0.8781320356686665,0.9218950410497929,0.016329522422966466,0.9999999999184872,0.9043953591641902,0.9256294892655328,0.014423333226823841,0.22733785808768717,0.395969771424005,0.27317787875671684,0.49711156675852913,0.24468071719318074,0.3764757307920426,0.18914029978038135,0.05324954522112591,0.3427982244942395,0.05655256231810261,0.1535880393099294,0.12395470490425126,0.3425050016805358,0.16273755257779576,0.8174572461194065,0.4922297524618753,0.8408595751554407,0.506420076140202,0.13861432355286463,0.35229182991471436,0.14419302686058466,0.3600343331387894,0.17161778869582575,0.3691404996102527,0.16182176706672208,0.3959697714240058
1333,Side,0.9948592564105787,0.014729446566329997,0.5393782414026486,0.9999999999983636,0.7300532710402793,0.2999039493587263,0.5066605081569812,0.1500794775916238,0.9216880573619252,0.008163512123833615,0.5187688308662648,0.7601238034046284,0.7205368376401134,0.4075344423250709,0.5090895763932664,0.10608637937591245,0.9932470453961267,0.94048027436188,0.9505164501992879,0.009891886676079032,0.9786799062562269,0.8065830469915648,0.8922890790764695,0.022383105968900894,0.9950489942243376,0.8691262981429932,0.9161728289042997,0.014781998004407477,0.9995109226443177,0.7835229807684335,0.8756228594610236,0.05937471873690077,0.09884897665024939,0.09352394657860812,0.10238813713423861,0.11623679898451626,0.13933054909140508,0.12024574338225653,0.0,0.006220388710606276,0.10244341167366208,0.014486821024918883,0.0,0.0,0.0,0.0,0.12806664470108362,0.04689828007063317,0.14110639898494645,0.07131493352178346,0.08638324086957186,0.022557359958736447,0.10927384102358795,0.05871526189083269,0.17865436381991054,0.060020038123560195,0.14185222933202865,0.11656070628312837
1334,Front,0.9998746159488511,0.7092937260748616,0.8250153977292257,0.011903627666732239,0.9998802896390805,0.5807107745872248,0.7660352370041639,0.06464241208507715,0.9999999999274889,0.8381205780469179,0.9314770250772096,0.020092725394550925,0.9999999999300992,0.7895729720008247,0.8842264398150038,0.02736107386203167,0.9998124177452989,0.5645797598143587,0.49821318375160295,0.0821943023331694,0.9997079436332631,0.6025405448108541,0.6494853185900031,0.05993118869968563,0.9998968539453434,0.8110247657192952,0.9292076481307319,0.04203195058357856,0.999918487039459,0.8787371708568307,0.9809162513799263,0.018005170261629302,0.16239301376426793,0.2709547590716692,0.2389824632155655,0.25665313632094133,0.19396223021871184,0.2874303431837742,0.23888500848429997,0.027529265759711777,0.5918325317520255,0.03855962286785306,0.0926946100398561,0.08431739637896828,0.2248223086599511,0.10791443870206852,0.2372725331576686,0.2368447829529946,0.28778974267713675,0.24036308380511534,0.09963278389112648,0.2182369115470821,0.10169517276951677,0.22758186582180212,0.12258906355992304,0.2385727181122083,0.11419796554556633,0.2709547928840933
1335,Side,0.8114224812982619,0.3132010353560211,0.5011950023943017,0.16605803883965314,0.7742862272835166,0.2662297304782062,0.5076340244633328,0.21330103667967928,0.9034877818212248,0.32007014571445425,0.5541152086198078,0.23189381217208896,0.9182161330268268,0.2843994740590865,0.5421797033616661,0.30189942813746823,0.9983117612083451,0.9278730702463232,0.929204435519608,0.00878826749787136,0.9789719623309078,0.916273867466943,0.9441355429492574,0.0046192847092526,0.9976276430121066,0.8137119615938913,0.8824165175980886,0.019306826695431194,0.5306488424738629,0.5474676483407258,0.4613936932157418,0.017264898948513137,0.05601110856853602,0.16804116252556672,0.09186623368380639,0.15525394593279673,0.12448097334685611,0.15834801870369486,0.13972430347070733,0.004228660244543035,0.25004272442334535,0.009081112912686791,0.056395897546949,0.025698491407110582,0.07476797997113432,0.019630602718227173,0.11426032045185111,0.14035588247126385,0.14035053258906713,0.15342162416034472,0.06612420491821239,0.05072331103378314,0.050385150823367524,0.07351110959661215,0.043909323238903245,0.13480996946184137,0.03618784688671203,0.1680429343759405
1336,Side,0.8487242178641637,0.19598175766079245,0.5253493423103702,0.31073670407975357,0.9369126712792893,0.23125600315095454,0.6433044961226206,0.4080940575748868,0.8955115654488063,0.21727036341432723,0.554899984797178,0.34400466497479454,0.957080944991117,0.16509460926284256,0.553364131509951,0.5038610143083596,0.9990620894768217,0.9527444253042244,0.9516525723216326,0.004544673785879284,0.9310747660832137,0.8792042821059995,0.8944080699838751,0.014678946154057187,0.9988653944302356,0.9564238506095994,0.9801860430715938,0.001792150426522114,0.9999999999184872,0.9742860329666283,0.9897964452921483,0.0007377399059573416,0.022521732689663107,0.18937296125137992,0.023741817326435814,0.19008507970977936,0.02132252932049452,0.18903381692708504,0.06481735643380067,0.015250040763134198,0.15988172592180927,0.009194748854115576,0.0,0.0,0.02918813484022027,0.0,0.05404734290006828,0.2214245187949623,0.09040824004217435,0.21971608814244614,0.06534012198690828,0.17743726297705137,0.07668599233092954,0.1891309630823223,0.16285906956433224,0.2133198775922063,0.15575465308948303,0.21733013717824728
1337,Front,0.9999999999373079,0.5273634906614468,0.6809712845167936,0.14154592831272336,0.9999999999401448,0.5061867901855367,0.6505718114801478,0.125188655847385,0.9997824667536956,0.6628771844552895,0.7428957445496654,0.04588363816554006,0.9997902977072702,0.6474018178329959,0.7402852851546765,0.04904284221349545,0.9999999998124179,0.5363636363176361,0.6277840167767639,0.2064816853485712,0.999999999707944,0.5574019333260845,0.6306350355493218,0.14672681637770285,0.9999999998968541,0.7020843924248613,0.9016499078584005,0.1222383753889058,0.9999999999184872,0.7231146809056718,0.9794340997818921,0.04928964754431163,0.03565357931147231,0.1695057530474715,0.09228625339385246,0.1809899954499023,0.026811684420382904,0.18094798525777622,0.12495583849208954,0.01398711776619551,0.2871653808174313,0.019165131538482746,0.04264496922247852,0.0029529313410821285,0.04902147619695751,0.009497878753905087,0.04956813920595878,0.1788271504629206,0.17961573056186184,0.19978225502970684,0.01032580836282615,0.11747386339809389,0.033963026684428424,0.12492580934997544,0.023200211078514353,0.09881860158238191,0.06764596898492643,0.13678574479085573
1338,Front,0.9998119239546227,0.5590410452015875,0.6960006778821971,0.10126897310995368,0.9999999999401448,0.5066952934907795,0.7229700565219694,0.11722093307589887,0.9997824667536956,0.5412710890402569,0.7777000495764547,0.11248213665498139,0.9999999999300992,0.6378551420203592,0.8154673671747739,0.10014808646379446,0.9998124177452989,0.3078044596648538,0.23918247371212814,0.378033155492376,0.9994158875585815,0.3611088918781569,0.3574492149349638,0.2528539200783766,0.9996905620423218,0.5442661049789914,0.63130809580267,0.08417687645289086,0.999918487039459,0.6455823292812594,0.7524609550915116,0.13420882474974344,0.0713729606652328,0.1760768182756334,0.04161885601634502,0.19387360505426604,0.0614864298583276,0.1934126879063188,0.05653657644895575,0.011294483684633531,0.0907173528729517,0.01315225928408325,0.03763014044172931,0.04642910842914954,0.013900561802138205,0.03188656261949493,0.07375478760437884,0.17331945160066178,0.14717677566102402,0.18911856567591848,0.033736931224891,0.16140286480542526,0.054343624327498403,0.15725383181124683,0.053879586027052555,0.1394807684446797,0.06743643808587317,0.16784858084574297
1339,Front,0.9999999999373079,0.9537778872825232,0.9420620771595879,0.019667875826259947,0.9999999999401448,0.8518560370161107,0.9551529762048129,0.02337168476139532,0.9998549778116267,0.8455584446486328,0.8306778602983348,0.01056668177930567,0.9999999999300992,0.8395358142777376,0.918198767802232,0.0257941737110261,0.9998124177452989,0.8256432246290187,0.8482652169768744,0.08419178608573444,0.9997079436332631,0.769114004891818,0.8765028420383397,0.0769563459242536,0.9998968539453434,0.999999999927373,0.9999999999038988,0.0,0.999918487039459,0.9999999999442213,0.9999999999218452,0.0,0.12177866620927669,0.26653866101760165,0.08733578864599857,0.44136426311622007,0.11435970573030686,0.39098667927927255,0.2214461166894998,0.0450327227695449,0.34524009166833747,0.060088241358125294,0.04355576398900543,0.023778522985107523,0.10835107474972437,0.0935491543535259,0.14610500099507828,0.25498971021754985,0.15846061667781614,0.2629861615106262,0.07525658998266589,0.21350076702827483,0.07511842700351795,0.22290233571037793,0.09193009725515063,0.23395977372937815,0.08441562258947424,0.266538028377499
1340,Side,0.9313522662572032,0.17434980893785593,0.39825087001320525,0.3758755402754,0.9124319147116519,0.16645008191612803,0.44441945498568414,0.4807273769010642,0.9768689724474752,0.09409203603470447,0.37642820990500936,0.48786752760488944,0.9335243952933368,0.07683073228852508,0.30843064411727505,0.6052848532761261,0.8932658036215971,0.8787307031836424,0.8428356457679103,0.008971675679352913,0.9918224296168743,0.9133977789475596,0.9584078359447094,0.004190923952095297,0.723259411993475,0.42828092087818426,0.5427867378331622,0.16531131542975264,0.9232148678738822,0.7957942882197794,0.8146268349567494,0.030254189766588658,0.029746576755208424,0.2648150724276529,0.09023757057051499,0.2835807270760692,0.0756751841704342,0.2789382759965428,0.15942292856984322,0.020173128800640757,0.24546855236175213,0.022307896675034074,0.03335194694878442,0.033632575763013955,0.05092127966379571,0.03128494936213655,0.07379898395372604,0.24193198279015457,0.08402460753717046,0.1713081344225178,0.093777235086137,0.20953645256564432,0.10996734878910885,0.19101794319739923,0.06597611510062312,0.13120565666961853,0.016928849660873446,0.2527663095143271
1341,Front,0.9999999999373079,0.49260446194424967,0.5921054973518777,0.14358018670678976,0.9999999999401448,0.47658059774695866,0.6277665407196438,0.1541300162631475,0.9999274888695578,0.7578158069324655,0.8010407394483827,0.03483739799623738,0.9999999999300992,0.7299491224644171,0.8193197008355326,0.046086993352681196,0.9999999998124179,0.27349914234361067,0.26138532665990627,0.5149408320342478,0.9994158875585815,0.24662459053713948,0.22136879943694787,0.41760678159750647,0.9999999998968541,0.6197980971297989,0.7140063122707927,0.09298678630682812,0.9997554612814025,0.7303659080360125,0.7651086146654065,0.07421079250175369,0.0411429111942724,0.15868101644915386,0.11934804761629526,0.20053548857995235,0.07088373687630076,0.21285842254894913,0.011787083781742716,0.01568847966562761,0.06928057733317931,0.0026676391977432518,0.0,0.0,0.0,0.0,0.09689404616227011,0.26024606700268077,0.08496050257297283,0.26453041028747293,0.07549944335533144,0.28100779396631004,0.0751927603515039,0.2986247423344556,0.08997626801794019,0.18813204102943007,0.08018608505238758,0.2611837113563587
1342,Side,0.7731176728247059,0.237088623182726,0.4399515201114248,0.19738171919186304,0.9143472795286797,0.11735126277657773,0.49165576552683077,0.6921715182918843,0.84932202154671,0.328475539678994,0.5185453479155053,0.1674912031065039,0.8929819655464153,0.002572457554303295,0.32946790630104916,0.8153833405862299,0.9999999998124179,0.8643224699087203,0.8959779220253208,0.016630404347152006,0.9848130838245286,0.8858352639701337,0.9296025430154018,0.007564773174998133,0.9541000514745643,0.7342581160044842,0.8145063177962651,0.0485932373341946,0.9984512552169506,0.7768295403404266,0.8839724350827305,0.08233379979416698,0.1537946224041223,0.0877870554450482,0.12727621878005485,0.11090529556284244,0.17491667539396374,0.11491456500662629,0.04955532028493436,0.04119268225393071,0.15558926311840277,0.031506306767567056,0.01222638660239403,0.06002720375251288,0.0902030806000856,0.2116513566370239,0.3489107013193999,0.08779921978667617,0.3702136159075657,0.09967795042057084,0.21506686975664743,0.04436457613625832,0.21408303421058983,0.05629444322526613,0.41055475151435805,0.0686356964889323,0.3677138898467984,0.1448853939355114
1343,Front,0.9998119239546227,0.7005423394120213,0.7818689741363474,0.044769706912271355,0.9998204344885484,0.5792982654059948,0.7291272047438049,0.0998005390045029,0.9997824667536956,0.6687428190924144,0.7817191127810273,0.03251263093711846,0.9997902977072702,0.597324644109225,0.730856779429188,0.0707434760261788,0.9996248356781794,0.5150943395784653,0.40407931474916775,0.18775689057591174,0.9994158875585815,0.39202684346153016,0.3448137244853531,0.22697773310957678,0.9999999998968541,0.36422398138105716,0.48819348517248606,0.5499712636956491,0.9996739484023742,0.4928603301822367,0.7278196867726229,0.16887417160587587,0.044501463443744074,0.14116394676975058,0.05545458297475148,0.16095442936030854,0.022262952286906487,0.15309519927223408,0.0922821147873844,0.009415692377986663,0.09992153790453288,0.014002230885754405,0.04122213613670107,0.012442115249840513,0.05219753220452365,0.021119321015797776,0.051764990969618535,0.12310621859085065,0.06672462434772225,0.1364203514647422,0.03177711719392154,0.09460983054004284,0.03843900358608853,0.11812786098446625,0.09254336170136063,0.10775208175387815,0.0696889303100493,0.15175114772024786
1344,Side,0.688107328650987,0.33520276098020446,0.4334175002960007,0.09222176685590903,0.7990064044532825,0.3873100174932307,0.5846887462225169,0.12885340773145193,0.8875353490763879,0.5081332768635101,0.6253309924129379,0.09558254564440304,0.980847196911726,0.4292574172280765,0.6339772568507075,0.2090236088853151,0.9983117612083451,0.9668096054059343,0.9436086075783768,0.004752777867047006,0.3051985980417064,0.6996884236878096,0.6075870289915278,0.0068296163206972875,0.0,0.21744498509568994,0.007247379290302686,0.0043442594010498275,0.47204108245255616,0.2660084783430383,0.3014136028622371,0.1573577091726754,0.20065926056734343,0.1347111602166435,0.11751169067310127,0.12115803693008771,0.2266297917693181,0.13490119723254013,0.09209323102665795,0.031444150374488715,0.3157626684599259,0.022480954297341763,0.06662153838355261,0.03180447068375318,0.07063124306490251,0.043033650094751394,0.18297686757430875,0.15042746448414301,0.18530824290545184,0.17071208638857127,0.06536544805788996,0.08872949486543795,0.09762044549606545,0.09521718956734859,0.15147353299471233,0.09627753821947221,0.1379215580229293,0.14224499817883002
1345,Front,0.9999999999373079,0.4959324540554707,0.6164115763495912,0.14815871738997982,0.9998204344885484,0.43488332671705276,0.6357717886498788,0.1937417188721674,0.9997824667536956,0.7981496038702214,0.829073293234698,0.027397029764079,0.9997902977072702,0.623106385375687,0.7338699485025816,0.06409778787992323,0.9996248356781794,0.1795025728834046,0.0,0.4675957982038696,0.9994158875585815,0.1551489973511904,0.129129068019108,0.5567536431019041,0.9995874160908111,0.6488488633416479,0.6954459735818787,0.10032563621228842,0.9999999999184872,0.7083333332938234,0.7520454434204614,0.11739810689538344,0.01735477818795172,0.10110056601353443,0.0209217707956223,0.12022004807261134,0.027440324018420705,0.09222155397127973,0.11605271015533938,0.0060298316597501575,0.21498297089289822,0.011936532565203384,0.0,0.0,0.0,0.0,0.014341464229031533,0.11681725085008485,0.02698783354569394,0.1228327282592707,0.02926525165158015,0.13812796056579046,0.0,0.149868517532203,0.01562847566895307,0.08992316866294048,0.006843646891287976,0.12976621057871857
1346,Side,0.9921008086645289,0.2573030937842165,0.6671142325023403,0.38487442493505,0.6388938767798592,0.20939036102551614,0.42452643294283987,0.10199414031389958,0.995504314335762,0.13690512183969855,0.6769212083634621,0.5620374269781441,0.6987977072068504,0.3037214885780757,0.4709995269984179,0.08571914388339509,0.9992496715439413,0.8843053172483445,0.8948648081423846,0.018885347341946575,0.9991238314839007,0.9330510504966805,0.9645234546657379,0.0024535119236331134,0.9298607528695346,0.8787856779084331,0.8976056766149939,0.0029851609221403915,0.8999021844718046,0.8826974564434015,0.880430466860606,0.00200312213266579,0.1343972490251575,0.10995852075848782,0.10207626222834228,0.18390742150434425,0.11658931926281411,0.11493070290881645,0.16101181409130397,0.04073576840186985,0.17384633572235889,0.014654531080415199,0.06391090126540282,0.07847481911274697,0.16495624587558577,0.03356335621749407,0.30284842690735186,0.1415651420483414,0.3510311114774388,0.1541035260362298,0.111798725575072,0.05150349909826322,0.11069639155661316,0.06999087597256759,0.10145674318618458,0.07042545826858451,0.09366878024598042,0.10995852075848798
1347,Side,0.8120494012405461,0.48502403546869066,0.5747413598003217,0.07489950212268819,0.8097803315490644,0.37459743486216185,0.5683997223656551,0.12440211015611173,0.8032049887025449,0.40424502628020526,0.557691482402087,0.11187606172119981,0.8238501327538201,0.3539129937487044,0.5134453598473476,0.15321625854083987,0.7848433688267036,0.8325900513865705,0.7659822950271822,0.00333365504057317,0.9979556071851767,0.9292961571519296,0.9512574456963541,0.003906827290981611,0.23249097470526145,0.2588423269475748,0.16609624556711564,0.01692626449526139,0.5518421910212061,0.5917001338358043,0.491547414850107,0.009793506635905745,0.16082252438194503,0.08320441734351813,0.11292708790918522,0.10321576360383804,0.10981819915116577,0.10220947379337855,0.10698453542152755,0.01840036496028392,0.29833409484940204,0.02665553882899599,0.1065918429892937,0.05826203335076512,0.3007997456934418,0.06593391093009611,0.17577336256420725,0.08061100140818823,0.25734892135818943,0.06799929323489841,0.11029996540639714,0.04540975670687642,0.1276364611434863,0.06140291614778428,0.13599345941845517,0.06053864408279848,0.10657082360537722,0.09599466013648962
