Sequence_ID,Pose,L_Shoulder_Angle_max,L_Shoulder_Angle_min,L_Shoulder_Angle_avg,L_Shoulder_Angle_var,R_Shoulder_Angle_max,R_Shoulder_Angle_min,R_Shoulder_Angle_avg,R_Shoulder_Angle_var,L_Elbow_Angle_max,L_Elbow_Angle_min,L_Elbow_Angle_avg,L_Elbow_Angle_var,R_Elbow_Angle_max,R_Elbow_Angle_min,R_Elbow_Angle_avg,R_Elbow_Angle_var,L_Hip_Angle_max,L_Hip_Angle_min,L_Hip_Angle_avg,L_Hip_Angle_var,R_Hip_Angle_max,R_Hip_Angle_min,R_Hip_Angle_avg,R_Hip_Angle_var,L_Knee_Angle_max,L_Knee_Angle_min,L_Knee_Angle_avg,L_Knee_Angle_var,R_Knee_Angle_max,R_Knee_Angle_min,R_Knee_Angle_avg,R_Knee_Angle_var,Head_x_std,Head_y_std,L_Sho_x_std,L_Sho_y_std,R_Sho_x_std,R_Sho_y_std,L_Elb_x_std,L_Elb_y_std,R_Elb_x_std,R_Elb_y_std,L_Wri_x_std,L_Wri_y_std,R_Wri_x_std,R_Wri_y_std,L_Hip_x_std,L_Hip_y_std,R_Hip_x_std,R_Hip_y_std,L_Kne_x_std,L_Kne_y_std,R_Kne_x_std,R_Kne_y_std,L_Ank_x_std,L_Ank_y_std,R_Ank_x_std,R_Ank_y_std,Mid_Hip_x_std,Mid_Hip_y_std
1348,Side,0.9727290562440175,0.09017702648142041,0.2920207681232103,0.9999999999968563,0.0,0.08099448929379761,0.030505849664860096,0.001881797987353107,0.5731396914847824,0.1884850025299641,0.14167656820088242,0.3179993254709402,0.6664997495688115,0.23627140138007155,0.2780516764701192,0.3161975085561348,0.8594327987486334,0.16777226765197575,0.41058052227658987,0.5189523705619667,0.9888579384682559,0.8336077784965414,0.8905688166697301,0.03971266391737564,0.9769302323763849,0.5218225102154594,0.5756930119206642,0.19595077176080244,0.99708636826253,0.7361672115960654,0.8449572853896872,0.04984620802584382,0.23479064491354987,0.8010125915155595,0.9999999998069402,0.6132825303307236,0.15021309019134937,0.9231543129285451,0.8001107047794931,0.401352368775296,0.08742105314392332,0.08272384963892335,0.9999999998673537,0.515552804020239,0.01584899279277342,0.03932093257693904,0.501927776452633,0.8140047011884687,0.16273349234914233,0.24595726464483322,0.8728297294870235,0.0791330063788527,0.10442660838466719,0.1016281811579935,0.25921156129642897,0.09061256508373945,0.03043779250061932,0.06661740770653221,0.748749805280037,0.5297969206807507
1349,Front,0.999999999934602,0.9999999999334487,0.9733899353211412,0.04035065695914533,0.9999999999339759,0.879469434776402,0.917353716765361,0.0627446244126226,0.9999999998502771,0.854982206351361,0.9429718599284245,0.05954701233954374,0.9999999999165415,0.8112872542288341,0.9423452912151816,0.09785993583267148,0.9993834768805843,0.5335222515274346,0.49882142997362805,0.11054271142032192,0.9994935424159295,0.5288167489587692,0.6180569291451418,0.33886055720157154,0.9994418602791736,0.22609443193849393,0.1607508881302128,0.24672875617362772,0.9995837668054545,0.6021029684809833,0.7305737487556634,0.15625248651736848,0.21792600216389646,0.7571026215529784,0.14945478704855766,0.6387941477960087,0.13530269085903368,0.6160195966738182,0.23525251754453178,0.29087757876342524,0.21948049056467434,0.27342510897183114,0.023688402110615337,0.029625245486504383,0.010913913649957304,0.057162338164216946,0.4921603370107386,0.48887271752918765,0.3418357178350914,0.7698977851611977,0.27124785479520497,0.9999999998400999,0.10948577557478666,0.9999999998350173,0.24786630458232692,0.9893018590786258,0.2024906576002325,0.9999999998315023,0.10267789262661384,0.6595981687234814
1350,Side,,,,,0.37726132309670796,0.2174163783021007,0.2715333242496592,0.053658239911384,0.49977541540653175,0.41783172341015307,0.37708591697899385,0.08699227212950884,0.9692872641487825,0.5116043119523396,0.6125876039887087,0.28519628778304446,,,,,0.984806279821523,0.7406100524785846,0.8577712713160895,0.0663246695874548,,,,,0.9999999998959418,0.931012374114829,0.9726734746323178,0.0038956455139163575,0.3159922476777112,0.5688094908328657,0.05369722925446758,0.3802022116476011,0.050280796846845735,0.39669761703325385,0.4109720086648039,0.44345807658186626,0.10361161963291081,0.2454913938975153,0.4624345205317625,0.5883615795073502,0.008392207851688543,0.03105933674583505,,,0.3016026645165291,0.3321719590153001,0.19094071873443907,0.13103394087444445,0.15184681823537147,0.12059825658048763,0.06515151598737566,0.05224122406630073,0.0547659502895647,0.05195742470351628,0.2530361359811949,0.7796811233707686
1351,Side,0.4348309462798488,0.2755224277734911,0.3278095361570097,0.07085142943543726,0.9395880099736175,0.2347814942820209,0.2953146344282866,0.3023188126303593,0.7474172779237286,0.39133197760604144,0.44389320608439525,0.29691145089013543,0.4744616924992104,0.1885859226259616,0.28843423970001136,0.07724680938109213,0.9294081378146093,0.8225027371145421,0.825665453384459,0.01332946677497436,0.9944289691075135,0.5133694032374053,0.7826461550923409,0.28202021728761756,0.9888372091183559,0.7350879512805788,0.7971994173904327,0.055239652375159855,0.9993756502602107,0.45880618064635464,0.748193330834419,0.2840415475091263,0.2794731657484959,0.5933618161529888,0.14338404603693275,0.5106080648350139,0.6986315871372828,0.3036349881955667,0.10996520746291981,0.17881765119304296,0.17572201646696878,0.2453250173980336,0.0029995806668488647,0.0024095987212810893,0.35794192838045685,0.6804832327817645,0.3241335502761734,0.20025209704411234,0.3241219859080158,0.28575466203995226,0.09012553439455974,0.04797564927430463,0.6473843145331742,0.1071362385168046,0.0,0.0,0.05059675715943764,0.01585998227921084,0.19646687511966887,0.6733908103425208
1352,Side,0.2869007912963899,0.012910954344941371,0.12195700990403381,0.12479900083412078,,,,,0.694714777557312,0.2900355871701808,0.36901459676111475,0.39188989880412084,0.829828075377247,0.27964489535322484,0.4332146055771146,0.472894304305732,0.993218248769045,0.889289624467747,0.9613229290006637,0.011986727869452974,,,,,0.961674418425735,0.9155534981539774,0.9248199546448873,0.005940399706376438,,,,,0.6176120798007408,0.2958435540924357,0.25672674244256455,0.2335617515375645,0.2249199334563432,0.24369503234490023,0.014109377587486621,0.02038953427297197,0.013690140969670597,0.019822945872202985,0.013250218863832585,0.0,0.00782203713574682,0.0,0.9999999991168105,0.16223169648053043,,,0.3457630935394432,0.10746811306420312,0.2762409129155452,0.09628337131218784,0.12840043805928567,0.015000598781105512,0.10793259222511026,0.014919108340336742,0.5008107874424724,0.5844765324107905
1353,Side,0.5143548492240955,0.4393052042832887,0.4246862990202726,0.04386827695276011,0.33071438001249737,0.31071382799495617,0.2965584665205841,0.01939331280278337,0.32624644402960834,0.5641204880170233,0.4165232542467671,0.004853876132221175,0.6244366549303592,0.5531388712394966,0.47677187938524124,0.004871251081190645,0.0,0.6070071487984151,0.5578837603815353,0.01852988263096558,0.9939225117766717,0.9139026110786559,0.9611081513352245,0.012383861201266135,0.7149767440530277,0.7254331437160804,0.6239105425773774,0.01635760092852304,0.9957336107184461,0.8801692632634373,0.8813663055005192,0.009512312630799477,0.4495173898895611,0.19346716984646364,0.07588051385559452,0.1435188989974805,0.06936210975091814,0.14974559191756345,0.016275770323179502,0.2097717806467562,0.015302830199051291,0.175709931339805,0.13247628449471788,0.43776093128310045,0.078205079295099,0.4458497899673103,0.5533061585172367,0.17767780427824195,0.16773234673868148,0.2029759592734195,0.23664065565171435,0.12133708786125944,0.18856503991957835,0.11059318184355454,0.05448830986390157,0.009093657188226762,0.045802526988735874,0.009044256084758673,0.1756293124288351,0.5181758700983653
1354,Side,,,,,0.33421365374790607,0.16442393949990874,0.27499391277047,0.06121635707289332,0.9893696659695509,0.6326258260909617,0.7432220353480614,0.10361188826442093,0.9940744449178706,0.6214965123258404,0.7762985133573291,0.12429431162581898,,,,,0.8495821724868113,0.8288245902274896,0.8453853079296956,0.015779251793147868,,,,,,,,,0.20571104273340443,0.16520248519732705,0.06823723154702604,0.13144656161313462,0.0627876162092112,0.13714948562023782,0.005585333602861037,0.07885072841320112,0.007344738449487038,0.06794434846328612,0.045812466824346,0.3028696996030395,0.027044596052547984,0.3084660651641173,,,0.36506543424477844,0.19043612068087745,0.06527446091746847,0.08823307819000038,0.05087859324414679,0.07643693647170535,,,,,0.30164727694335675,0.45596133828358726
1355,Front,0.999999999934602,0.8752162917027009,0.8976073147127658,0.09086355297883063,0.9999999999339759,0.5662565679503873,0.9093429045169309,0.16672195754370914,0.9995508308130633,0.7176537874480393,0.7130224226569805,0.06929727945398151,0.9999999999165415,0.8126823081285554,0.9186595831462219,0.049443116550762514,,,,,,,,,,,,,,,,,0.04052816443893734,0.20647211108430646,0.00476204316122356,0.12439445920144404,0.018133311957438288,0.16134435673029732,0.044258757558566404,0.02931314928088073,0.03525842229806976,0.029485473933254954,0.011398756492692744,0.06593971552503541,0.012066910787437286,0.03689918418547816,0.055712985079418846,0.1605558182962155,0.048965828847294834,0.24331914804656843,,,,,,,,,0.15647536893557723,0.0646232970237117
1356,Side,,,,,0.15812755842082876,0.037229270790899056,0.12683953435934697,0.022058728520651764,0.8673454108598074,0.1757117437610758,0.20551145459511053,0.2891517152107185,0.9769654480907224,0.1655675332805601,0.41626480980677383,0.6446020328341735,,,,,0.4479615091294094,0.13651689797408317,0.1363835390561336,0.2911849906517984,,,,,0.9901144639968665,0.008655510674574872,0.1880895328691328,0.9999999999973866,0.22829002091078304,0.301545847465538,0.11791593943033786,0.25898642132618804,0.04596567224344458,0.27720329826934165,0.3120970178206823,0.15340319553346932,0.03449653499397099,0.06268750499469036,0.2539479467316721,0.08371470225015205,0.009772677953622631,0.02466612058376202,,,0.21296364544734697,0.27875339610810046,0.2065824250365129,0.4318036540385993,0.16441435504747798,0.43092815997508316,0.48765617332889905,0.031881322264390624,0.037958446392396684,0.015538445846337762,0.09747322505587577,0.28455635445074756
1357,Side,0.8924857758882685,0.10455210966960256,0.49210646941502306,0.5155092784433595,0.14096130990750289,0.01095732410541091,0.06752104332322251,0.023313099215852368,0.42296751004297556,0.00012709710217799345,0.018123421530279592,0.679302992397012,0.982139876399421,0.2928979074005772,0.4509252663098989,0.5310023352367703,0.5934032057356957,0.0,0.0,0.999999999997688,0.9146619394999589,0.40727671917138897,0.6257429579644782,0.35850671043029225,0.0,0.22483798437873045,0.0569090925119531,0.1431165347845422,0.9913631632683284,0.5864589343728628,0.6591831893009044,0.054956423377675256,0.10297619484489855,0.32742379841814245,0.5169375166156689,0.2538163325408226,0.06186967204997909,0.35667805195385005,0.488930766520004,0.15495307556477714,0.048412755194559225,0.058482877321330375,0.0,0.0,0.004883083852325808,0.008551569536776348,0.16997195609477875,0.35127331853050314,0.10674629060424128,0.29622580357590833,0.020928487311211618,0.06089901288331719,0.015248231376819962,0.04823403746047772,0.26312684096264105,0.07001010910354795,0.023998445399770595,0.004964692313709109,0.7946842186599474,0.32845228098338247
1358,Front,0.999999999934602,0.9495541061526984,0.9999999999390702,0.01001449772296279,0.9999999999339759,0.8604382929091093,0.928039299650698,0.06445295022361106,0.9999999998502771,0.9633960345091894,0.9505373002085696,0.014791824709676724,0.9999999999165415,0.8010145846036135,0.903326755120915,0.0949423192758265,0.9993834768805843,0.5731306755604346,0.6645786379122716,0.10741918434519351,0.9999999997467713,0.582215949142773,0.9196224243765564,0.2022236296666504,0.9994418602791736,0.20883481019647965,0.4950679593370174,0.46019032021384226,0.9999999998959418,0.5264473936958103,0.9256853778394359,0.12775130276386332,0.06361809342143586,0.4672138734931223,0.039958612885028263,0.2723522444764929,0.06731404662026817,0.2667606245013938,0.08916930554875649,0.12249813903079793,0.06654782045212883,0.03706782117529636,0.021724633880377115,0.015190648723170866,0.011126020108488717,0.010680559333209426,0.13001412067641563,0.3024248255003973,0.07071484848057079,0.4559174286163171,0.10003780243787067,0.5444069834792491,0.7323695547918537,0.529610220637141,0.06469345610392617,0.012328380065426563,0.020112345242423606,0.02046106439938929,0.45663016311312643,0.18296101117419694
1359,Side,0.3102478581969624,0.20358046052152398,0.2551355895903932,0.045457428950714,,,,,0.7806557866775482,0.7262328418450539,0.7299759970526837,0.03558406307968411,0.8777332664932621,0.7149017120662713,0.7641541727794263,0.042031709226723286,0.9953760786080836,0.9016551812390251,0.9553901527669412,0.006796853366594024,,,,,0.7786046510179339,0.8395714851977534,0.7874894014732851,0.004009722604830347,,,,,0.37934378983786887,0.2611191747493534,0.0802592741434606,0.13825768826895304,0.073128571602129,0.14425611896139054,0.014629575998661886,0.07363658912298589,0.014077383024641295,0.06365241259641727,0.0,0.0,0.0,0.0,0.22896039911963909,0.1544521139078429,,,0.15659494466877014,0.12522529714991631,0.12425124959505249,0.11460498077182064,0.07707065049364147,0.014135142196350512,0.040003552523039,0.011038821495052193,0.1294222333592761,0.5624891634098993
1360,Side,0.39062193444571164,0.015240250231915331,0.16151765644232452,0.23987924716341746,,,,,0.8493786493712564,0.3471021860480998,0.4618246350078722,0.45142871063292966,0.9993323317476771,0.3365884590782125,0.46706465387661594,0.5394408708561315,0.9062885323963354,0.8221163134654398,0.8491681572515817,0.016583120810876303,,,,,0.9585116277286492,0.8729004099409535,0.875075736796779,0.009540187411071379,,,,,0.6448755440436124,0.2950431693707794,0.2037027917900927,0.2622132352950796,0.17931052024264316,0.2735895857769251,0.012113964898720039,0.046849911187121875,0.06381788371885203,0.0467023378420371,0.005732397142035586,0.01632723956735487,0.10832644421494461,0.07598309383573315,0.7464941775091964,0.22328030898727524,,,0.2892763997742487,0.1820815949099637,0.23085592808213548,0.17326849846989406,0.08929583884546093,0.03880758345298169,0.07506151464262313,0.03859676206332238,0.37870401038605417,0.7570177141048758
1361,Side,,,,,0.592961838069922,0.38011021399589195,0.3884431027452373,0.037474948641553915,0.8429405598378589,0.21199796643289287,0.0,0.18750296728303223,0.9124520112742069,0.20177552313241753,0.09489164128006128,0.22573954318214864,,,,,0.0,0.0,0.0,0.48676008879562815,,,,,0.0,0.1379111367482265,0.0,0.04128557721349904,0.7786095538594834,0.03288587693493476,0.19472496929233413,0.06529186882865273,0.17158810026033586,0.06812461364633346,0.1824517146368116,0.09707185794657637,0.13900623409319723,0.08294278157494318,0.220838764485933,0.16120950336592607,0.13036833840809225,0.16418830023447378,,,0.13529198909552795,0.0,0.23486166941398862,0.014150899172566,0.18713568978353312,0.0,0.01781529236413244,0.006229942068295837,0.014975421541951434,0.006196098037632955,0.12564567191823212,0.021011781530035772
1362,Side,0.39500359686122527,0.0027951550643687505,0.23878763788889162,0.2559785307425956,,,,,0.9860757596966498,0.38199034059595893,0.7124568678132002,0.3480770035627329,0.7674011015884326,0.3714013950303487,0.595204264830393,0.1674404162039149,0.9442046852823043,0.9173697429691909,0.9214298327061902,0.00635826348365448,,,,,0.9927441858618152,0.9230921835125584,0.9758548049809104,0.006482253218174039,,,,,0.10285491574693206,0.21407435827468008,0.12021863632016346,0.18583758339868697,0.10750026663515794,0.19390030944324954,0.012202164587199502,0.06130983860921988,0.012270388302934412,0.05350584387101749,0.008024023929612217,0.012385836306250016,0.1461703270998392,0.043410157479965586,0.1551624651048383,0.12085492654906847,,,0.03761161886277888,0.09405814100301146,0.028652515146534982,0.08244715326185992,0.11444964901500682,0.03949320439241978,0.0962056476142247,0.039278658381272334,0.09387579967651256,0.4675337144578028
1363,Side,0.29167484139090477,0.0035272194859891377,0.13179220228051766,0.16444385617877202,0.7016373959658235,0.003716519287215396,0.28322498245247935,0.5917962884091386,0.9693067823073354,0.36648449413024375,0.47763350150560707,0.3220510300474565,0.9159572691607448,0.3023462269941442,0.48433020343747535,0.523098958595237,0.6334771884607041,0.8632060281533325,0.8149376061222525,0.003233784641346114,0.9954418837691966,0.47800517521539987,0.7595980016441416,0.31979935597340664,0.8664186044899685,0.9186615526439186,0.8899524070305621,0.0012255888334498305,0.9812695108240094,0.7062896710453106,0.9079728226690763,0.050226116895609595,0.3085213283126883,0.28290613899342865,0.10693776337981127,0.2424995817218556,0.2353662432508925,0.1963353120121337,0.04624793258520586,0.03143974080977093,0.17220932119793675,0.09271243805179477,0.0030225662954558065,0.0025272084594191147,0.104348273761068,0.12971814311644406,0.4247777366482447,0.12954061415997903,0.3704438518782771,0.37796584077979994,0.2565971030522203,0.08085961192769077,0.2045993128116268,0.06882909907081323,0.0581176934095813,0.005572103662414356,0.5497309298894945,0.015411213073827713,0.30424612718616095,0.5119534943679948
1364,Side,,,,,0.34807870062405394,0.19287453542273006,0.22391362911192467,0.059704025393303155,0.9880221588579094,0.1884850025299641,0.40503762078423106,0.7167070744185589,0.9933233182278982,0.5963855421308569,0.632963019470114,0.21342590926483196,,,,,0.7156242084792042,0.8348623852556369,0.8214188091617326,0.008211780012037916,,,,,0.9202913630676076,0.898442008020873,0.8955777190000681,0.0032572652324859186,0.23731682160505568,0.2583496516880244,0.08383851620024715,0.22691912034981496,0.07620731484836092,0.23676420479502414,0.06399604591009794,0.6669318471723185,0.056817875672147564,0.13437737143968945,0.042080035277677695,0.043578552683052656,0.024841219756299562,0.044383788438747906,,,0.2669627855353052,0.2259359189186912,0.13182722140573772,0.10060193976825131,0.10435129316773115,0.0891989515639124,0.06209970179537264,0.019430480712231798,0.1173003744114904,0.03499116662759105,0.2265027204482931,0.5370416577795517
1365,Side,,,,,0.36247193976215025,0.13007817505253888,0.21512573923490338,0.06402947460723336,0.9896691119943601,0.17475851549474083,0.50279373079993,0.45591405428085224,0.9942413619600867,0.5635383639465099,0.6588750319734228,0.18209021435287995,,,,,0.9794884778476858,0.935701403517941,0.960549952312097,0.004177481273691062,,,,,0.9991675337149669,0.9857664934932509,0.9914612569470743,0.0006410051869040533,0.21434524304590458,0.23339576718464455,0.12067731810580654,0.19495368631957083,0.10668093482164387,0.2514562176389855,0.05320925992773916,0.7801359237124397,0.0436010791454866,0.08889369497959249,0.007800701440726385,0.007534679878098246,0.004605008942213534,0.00767390418161491,,,0.3706398310101366,0.2643591826013909,0.13941172480876193,0.11224578797108563,0.20690556645633315,0.10574719324716043,0.09120308291475053,0.010513793885745951,0.046318050643971764,0.03569083380488014,0.3059171471066065,0.624799071909093
1366,Side,0.132496239609411,0.004259283907609525,0.05075102508015662,0.062206829679021185,,,,,0.8546189548054172,0.34411540414691694,0.42185359891452273,0.3729715880923882,0.8423468535434531,0.26810399491007586,0.42938141665801444,0.4909733084946049,0.9901356347132753,0.9627745217387277,0.9616892807661803,0.002397962630419687,,,,,0.7674418603223364,0.8596085173350343,0.8063788227394468,0.004620862428976257,,,,,0.2558697954844001,0.3797166675279871,0.10488203628743975,0.3650258876635839,0.09430824077555458,0.3808628549636308,0.09382790963412851,0.05060072795074368,0.05117612732897202,0.13566261446136446,0.019830180972711175,0.037030383652512176,0.026382845630388563,0.09346655857842774,0.28047760861395116,0.1726860545889066,,,0.22201290450359143,0.13471734501847527,0.1768121788517296,0.12439874047946475,0.06411951417047929,0.017710548717263328,0.03744795577581442,0.015966008650878223,0.1542366552703736,0.6140235970827858
1367,Side,0.2263422928372021,0.0019299880206355656,0.10441508920095716,0.13073133770790726,,,,,0.7796077255907161,0.4328927300182453,0.4939434446042174,0.2281679293396689,0.7539642796900381,0.24032973999744262,0.4768184128744763,0.28219954965633154,0.8930332919565249,0.9514394280317227,0.9351679029552782,0.0005299583368131761,,,,,0.9985116277212069,0.9693162279480678,0.9781422975029895,0.0015580613748653652,,,,,0.2860124895042252,0.267548319179714,0.11066695862789752,0.2932817779389251,0.09928423577759436,0.3060060643084415,0.023175874057715054,0.10777458713393673,0.06463718635822954,0.13723266762295588,0.006300917307379569,0.020852097707876237,0.046893688685534014,0.10759408837273744,0.5420046791268246,0.16744179803826584,,,0.253566837743485,0.1513561256367773,0.17802995488601567,0.12691022598851542,0.2289311173504813,0.026468462292676576,0.1374653490822633,0.03457590240114169,0.2802070471565316,0.5992017987617423
1368,Side,0.9111241906408263,0.12278716889905582,0.4138997262761717,0.7531314565338441,0.22798098506351636,0.00147379213113714,0.07560523804516762,0.09794760214988532,0.6918700403216244,0.054461108283270145,0.19795490789803877,0.7672906456611056,0.8232348522097116,0.28325935318432094,0.3747439109196947,0.4469761293956506,0.009864364978463302,0.6987183615187273,0.581855700342034,0.007873257331873374,0.74879716364933,0.8419979611979928,0.8463978101386496,0.0051382536303748285,0.6857674417328807,0.5546224044071801,0.5111641049504015,0.1818830080517014,0.8848074921035581,0.8287491183670738,0.8384207690867898,0.008041324329652991,0.36737439898372326,0.3363554453844194,0.17327664316827623,0.36249448698476877,0.15313897383922204,0.37822162725301167,0.3654970778073299,0.25767225748941724,0.05148597051984354,0.07494848159649185,0.34895999131152117,0.18158936605749634,0.009378605797682921,0.02411642731593291,0.5997260585133558,0.1960674415302235,0.40545408844945086,0.26348100377561184,0.5568462887051576,0.07153318935371385,0.08283082177177292,0.08327928273202789,0.666241750979742,0.08829612843914102,0.0846315067099038,0.023437470251332602,0.4926893780966108,0.5283566113272888
1369,Side,0.237590739635237,0.004392386529722322,0.06529850600722842,0.10776399656290013,0.7841014128625313,0.11944124054085344,0.3840552494239702,0.43951814663909305,0.7402305733283082,0.3333121504617875,0.3159743334904412,0.3280828487830868,0.7599732932098171,0.11889663918079287,0.25192035851073247,0.6235571431815016,0.8187422932124716,0.8944419397891129,0.8825608256159949,0.004137114310917047,0.47505697632943644,0.718340782504639,0.693699222754373,0.01399304592000992,0.990325581211102,0.923356698788298,0.9447702028334756,0.005803710618845812,0.9643080123866484,0.8797204590062371,0.91291209334701,0.008800216090120076,0.17630643927553666,0.19225208839066746,0.09125562650927044,0.17908698549198276,0.08258726286756923,0.1868568309439152,0.03394270594467129,0.04530611661121614,0.1574702211231346,0.1627172747953355,0.0,0.0,0.10345302911780557,0.13721583920623132,0.15367079191917288,0.09813393487287302,0.34293959112299227,0.17912658034400344,0.0489678819538492,0.06435234188690163,0.16319430041440638,0.039045291149602736,0.0766290536405399,0.008370767892331831,0.07886730400613871,0.05426140088864521,0.1797224849157683,0.4146344389858809
1370,Side,0.47119220453396166,0.12491681085286059,0.2809261321736125,0.21852673659484015,0.32523438529478177,0.002242727156078256,0.16831066275151774,0.14829190478787987,0.8297649347462547,0.2384341636859155,0.5355744165159976,0.3997060313709456,0.9051076614166994,0.45814838297665517,0.6297071799526637,0.26634521049247284,0.5752157828066535,0.6559541443513908,0.7011647486338537,0.03592252406053605,0.9989870850850883,0.9634595780629296,0.9941388396803915,0.002440373615112274,0.8517209300740984,0.818344134319644,0.8475364498710704,0.015763845234377672,0.997814776170883,0.979034429635248,0.987126819918749,0.0012354090590102067,0.2747241922256573,0.1827635598155402,0.13564011064926518,0.16883498765114147,0.12076529850067173,0.17616004121281986,0.008529268306355994,0.18138864505416732,0.007200296415766862,0.047828530347871996,0.00967852300129078,0.025837570780026593,0.005713548365749679,0.026314992230520872,0.53032310715464,0.16708694681158962,0.2752016681699954,0.2018471764953325,0.15505641796077338,0.07799323103552487,0.13026153322033987,0.07708610399022865,0.18439823063859961,0.012979364312590468,0.13540896212751277,0.01658439855309124,0.15276757578693853,0.3726619012052356
1371,Side,0.45981296184292636,0.14847597496682577,0.2617885190764498,0.17086476046752838,0.40670804170033614,0.08605664487465996,0.2412324258508859,0.13161331787038413,0.8477316962348062,0.31297661411330857,0.37546899760659547,0.4706720211133041,0.9951594056922751,0.5597336714927246,0.6959630187329248,0.23036676467102013,0.4324907520245097,0.6940812777294981,0.5906111769280054,0.02334511153381528,0.8184350466400523,0.8310201520559067,0.8571776458897489,0.011824845068371335,0.9393488370345399,0.7980425869066232,0.6948598029403347,0.029015148084788073,0.9777315295548669,0.8997884207924737,0.9164584276114769,0.0031651411040721483,0.39496060859019794,0.35774559797141664,0.2405191399922435,0.19832324672612042,0.15363412357076722,0.3218565180959843,0.11932622121402982,0.4696644320072174,0.024832566700529968,0.07790058880689425,0.10644986575594545,0.43067963517802726,0.01374653736966112,0.042933323653239513,0.42286722575434577,0.20212688779187707,0.3009168709886725,0.29775993939828466,0.35852096211108875,0.1375967291916143,0.13118715304475734,0.1585654352251129,0.2932515006274935,0.05171239716255443,0.17667442659946853,0.03317476081316058,0.23225761711461532,0.6985078921814899
1372,Side,0.3045582368514447,0.016571276453043307,0.1668136367411795,0.15719265574760516,0.5827941370274136,0.115019864147442,0.2868022767944614,0.2365501792975868,0.7927833506823202,0.3374428062825723,0.4528626515771493,0.3363336307700573,0.9148723083863403,0.17603043752846986,0.3195811548883581,0.4971545928363945,0.02712700369077452,0.7428350614579226,0.615094042672581,0.0025329608559290897,0.9685996452345909,0.6538853602561056,0.6163692721245988,0.07707204533514986,0.3373023255186413,0.7065203015006931,0.5310681366000635,0.003102173182598881,0.7805411029364682,0.7344361094611506,0.7184622824728585,0.015992967219637066,0.3003270620473345,0.2558557182539162,0.06385992625716828,0.23095489638737385,0.13657068910943923,0.1564615741197345,0.04776148430582967,0.03390422358783212,0.09567543115228846,0.2534833781865888,0.0058593398726199805,0.012880762182382717,0.0614421243215545,0.3056193696206541,0.35839702416789126,0.11301136753842743,0.4196276326208691,0.21775406168272057,0.06221496389301239,0.06458605647681621,0.07122959622092283,0.029040666430755303,0.04208138003851066,0.008140783594432646,0.03562655316799485,0.0,0.26570553300220057,0.4791219240687657
1373,Side,0.1445294617654483,0.003993078663383929,0.034031458221648256,0.057922956644548065,,,,,0.9348704894542792,0.3699161158890496,0.389258602630399,0.2820414151795982,0.741612418566048,0.19017121114837215,0.22327439788771106,0.5756631116357412,0.9491368677715359,0.8450441166455178,0.8640127811058809,0.019653306149189885,,,,,0.9726511626097393,0.9070228805113726,0.9213298080877543,0.010324088446289426,,,,,0.043330858235336084,0.1012023325847976,0.0313067215945333,0.05241869319485661,0.13355194546932672,0.011840113376926989,0.04026302004244221,0.013243925751498773,0.12498039182198828,0.06328584297340999,0.004940824975504796,0.013184028597400851,0.00532632491857214,0.004557638137545116,0.04853396605078916,0.05015944060178971,,,0.0316662164139472,0.03792311969012397,0.023875602532559232,0.02452783832214656,0.006103771495518436,0.0,0.00967471328724356,0.007444075228464852,0.04251578640626023,0.2677276552384644
1374,Side,0.12157478254387713,0.0011979235990151786,0.03126771241274904,0.056756674034363915,,,,,0.6818385984905169,0.34729283170136677,0.3320207675444327,0.22154828200413473,0.9922383574534938,0.21509194672066634,0.37253605970812725,0.6242725294171536,0.9963008628248146,0.971919881434152,0.9787390299297017,0.0010351011006616766,,,,,0.8701395347218347,0.8721729929326693,0.8290648875481007,0.009861228354471105,,,,,0.08004577998489691,0.08103959318114926,0.04956314386790799,0.07326812504737006,0.05225420660781201,0.09181780378060826,0.024579971514551442,0.021960083842992934,0.11180701515715682,0.08453135115522344,0.004456981962085559,0.0,0.09851759635420985,0.1101350995115171,0.05263278445329933,0.03758148655393251,,,0.11470182378626925,0.039287141826262216,0.2891065257754,0.045775611559117226,0.024485143761606345,0.008740324805699454,0.06701664163149301,0.01865729179466116,0.04449007441943547,0.23217868916701745
1375,Side,0.3882022104252042,0.12471715691969139,0.23758610262630034,0.1332784232520342,0.24026145515381875,0.05946430859544634,0.15113068770006374,0.06675282979822449,0.9553825421537085,0.5864260294492613,0.6795942932928225,0.2178118299513933,0.9866466365392551,0.5753963220941409,0.673697430767851,0.18922744266230682,0.8865598024394079,0.7262188445465176,0.7953287264643104,0.052275934989200155,0.9944289691075135,0.9578138476469997,0.9819287556998885,0.002940560364662958,0.8368372091466347,0.7586959396403454,0.7445540781804068,0.0322247530280172,0.9514047865815397,0.9111367570102494,0.9083578882247998,0.0030662188413125738,0.06918939405869683,0.11461655154826943,0.009637419907845607,0.06873724911015555,0.012382035515804746,0.0717194747638494,0.016775118415235418,0.0351405927415227,0.015674551021643883,0.031965045151035015,0.04801533446174058,0.052553951101276065,0.0009531045879820105,0.0026418580529588573,0.11997503929192278,0.0940543992755169,0.0669896461088501,0.10783384629986628,0.04244992786412084,0.048775080485686295,0.030018080277066754,0.03435901645373177,0.01452693488969171,0.002062090442586478,0.0,0.0,0.055526809180495434,0.23157968165828857
1376,Side,,,,,0.19516704078996652,0.06138664615779914,0.13389153548308536,0.05914697503538594,0.9931127412796656,0.25781647176805944,0.6757344878566132,0.45616613075948126,0.9626940409812474,0.6015852884843635,0.7052138532588622,0.17950426208487777,,,,,0.9769561911934779,0.9363287068974886,0.9519454427206042,0.007774138414570177,,,,,0.9937565035386311,0.9486439699334075,0.9625953779385418,0.0035072585442486575,0.011419097376180316,0.06764197931206925,0.003674259519113529,0.06981325479116329,0.0072527261587591145,0.0728421638921432,0.07173740221029215,0.07877342674819261,0.017008116798905546,0.05493303692586994,0.06434319832688655,0.10588183945118082,0.0,0.0,,,0.24509949889909755,0.11181205809206482,0.010622591320942877,0.0533240446802438,0.01933767581108162,0.015452985210220432,0.07571402413915551,0.010742375311296695,0.09467387914176434,0.005727818967348799,0.20975590474642886,0.2763866806456391
1377,Side,,,,,0.15561864517657342,6.407791874509304e-05,0.07515065598065236,0.03777268556774335,0.8231771222004527,0.266395526165074,0.3509694372532806,0.4529934633113886,0.9014354864879457,0.25605580213975554,0.4166702956514674,0.5467837490818771,,,,,0.9929095971149886,0.8379204892309324,0.9022446999243551,0.03091415353268792,,,,,0.8939646200942806,0.8496505737738251,0.8343297901279854,0.004486859894727969,0.6327040516029149,0.3933230183914785,0.20798802882232298,0.41248547075077896,0.18299653654502382,0.43038151355978943,0.04287055586410975,0.11186872369476353,0.03510031358833633,0.09512258638780348,0.04943743670707374,0.021458537429058722,0.029184534217347378,0.021855043979619834,,,0.35957789970070897,0.2431875458368664,0.3624179020817298,0.15401745640836018,0.2896224401870311,0.1443123203413407,0.09750566329566576,0.039730611093479265,0.08196264090057687,0.03951477537536791,0.29744394140665154,0.5764437809403782
1378,Side,0.3551762474426018,0.0009982696658459823,0.1665609665075167,0.20297509313706744,,,,,0.9544842040792809,0.591192170780936,0.713331544333883,0.18149719150503962,0.9690368885854584,0.2824350031526674,0.609545895111046,0.5736470682706218,0.9895191119021209,0.9496361176692446,0.9616900808818262,0.0028137529275345306,,,,,0.8213953486843917,0.8872503636498312,0.8112306812156569,0.0025397940908754276,,,,,0.24305074845777322,0.30727508181938273,0.12420302315565075,0.20366237613965213,0.11092750174960704,0.21249844640255391,0.027353561318666123,0.04953981982524312,0.053349639549045036,0.19019911188023567,0.02298619148817276,0.040049009199822364,0.04695628321821174,0.24787035954004744,0.25877627269506615,0.12330372365416652,,,0.19277434076701047,0.08887839369571054,0.15332006622691413,0.07710276381329266,0.09069338547999017,0.025886021017319058,0.29860453388902,0.13953147983046113,0.14378371904165335,0.4744547291851398
1379,Side,0.11418481458935419,0.0024623985090867564,0.04439943400869417,0.06050749449074435,0.36418856461348287,0.13693451235826384,0.2112092457830169,0.06068623521118027,0.695014223582121,0.5035587188292096,0.5131184148623718,0.16147778001684515,0.9909030211157651,0.2701331642187614,0.29728330623375004,0.3627292724980644,0.656596793878978,0.8898048559998837,0.8213753760104169,0.003260097778721208,0.9873385664757309,0.7571551791141571,0.8760245613049336,0.049720611424351815,0.8978604649492351,0.9300357095007249,0.9196057803135653,0.002728466899440497,0.8973985430908014,0.5556196704138219,0.8021712438320593,0.11079820398496845,0.12958664679612286,0.2420966760546626,0.020159832716556005,0.2592846580597957,0.02143305996592708,0.27053394965765976,0.06514895079200918,0.07005392928903344,0.12553963882355704,0.2301245818338562,0.025527207163911093,0.02507693044125247,0.11422295735680471,0.41527351427355946,0.026032686416151477,0.1613199786666883,0.12096453463268167,0.2782882280812136,0.015492562500598066,0.08489820584034614,0.3109477191808388,0.1004168028875265,0.12753197614747974,0.031976949590809475,0.0322367111305546,0.0401558136459378,0.1514277699833361,0.3545805045219028
1380,Side,0.2806879863788707,0.18594436309157833,0.23925828658990214,0.05948853891291439,0.38604251945160156,0.014866077148861585,0.306871912123897,0.24773684977010307,0.7366372210305978,0.6582358921798275,0.6706923546922028,0.09197178035180682,0.9401602402820766,0.35846544068747843,0.6362119240296784,0.4950897558965282,0.9472872993380739,0.9697945513640885,0.9557441709743852,0.0,0.878956697675625,0.79291147174838,0.84541629799056,0.045609163770997815,0.9097674416912062,0.9398889035220281,0.8978669751112177,0.0009488787682237622,0.9396462017752709,0.7942553054565458,0.8247722077472966,0.04217605469550595,0.22356414042367265,0.2427854942331531,0.07862301950555169,0.1573966359963597,0.10680922233959483,0.13798605211185241,0.015609561342450628,0.057128946302685,0.1478212220561419,0.19128791077681628,0.009363518820502079,0.009993300513779902,0.12630898291896922,0.24969793362773993,0.2958961045129009,0.0917709953356495,0.20671881376882695,0.15031866382797532,0.08267864266934398,0.07703655780906252,0.049612247874828666,0.06768262725152019,0.14608745059634942,0.014323316297909346,0.09043950411419313,0.015357171022391054,0.1700967292172635,0.3741919998262445
1381,Side,,,,,0.1597781592394178,0.01179033704909712,0.04267337842061526,0.05261350105792116,0.797724210091672,0.2879384849842439,0.3174036196884563,0.33694703843011325,0.8872475378995789,0.3214965123448639,0.42945658767360123,0.4223976718761933,,,,,0.9627753859299125,0.8581510232213478,0.9006137066504418,0.020950923022787286,,,,,0.985015608638396,0.9235109315301974,0.9465134137666391,0.005295969182175861,0.15250342486199958,0.1994601807919487,0.0370274905603031,0.221016714876813,0.03594205009352155,0.23060571829975313,0.05232869823015355,0.10185108278829537,0.04886815755521557,0.06364103933021734,0.041436964539096094,0.09071008794320326,0.0013290070899358306,0.007013749042068841,,,0.0726578118935008,0.21336174790315415,0.050955588656823404,0.11342987629378386,0.039373905023549725,0.1024346336438691,0.12899748920232873,0.07549950169586413,0.02098975099324273,0.03939593371462195,0.07766921532715676,0.5083226831953338
1382,Side,,,,,0.19615740128111991,0.0006407791874509305,0.05608759804663607,0.06847384154267468,0.9630184157863426,0.3258134214332859,0.39337024439992646,0.3508236411059534,0.8913370054338727,0.4424857323752387,0.49496112424660293,0.2685146255076242,,,,,0.9906305391262012,0.914921979070421,0.9636162860200652,0.006024986088074217,,,,,0.9827263266407154,0.8452907609895948,0.8870999180034853,0.008962419281478043,0.1191465360541122,0.10392719560568454,0.055822492917879774,0.09324252628042741,0.052108876939329564,0.09728793481056934,0.061665027559560374,0.055745839929959094,0.01648046738152146,0.028590480286384414,0.06270523064933527,0.10795866423567514,0.002193483001944309,0.0314583669136698,,,0.1205369602337485,0.14603667051957447,0.05537326541780422,0.08726712464676072,0.04292334612961709,0.0754402793728118,0.13374966992034365,0.004101646434340547,0.1124291225321997,0.004079364325426796,0.11434363150978376,0.3545545195628818
1383,Side,0.3213655091019969,0.0008651670437331847,0.10700882848354634,0.2003403821749794,0.6958272810843902,0.0193515314610181,0.25598621508144537,0.4040236521819252,0.9742476417166871,0.3122775800513296,0.48385376847306794,0.4324661226712016,0.8486897011476641,0.21395053898453073,0.42759345452217046,0.4293443912793083,0.976572132867888,0.9829973593750886,0.9849410157753661,0.0006778603937196495,0.8749050390288922,0.5157217909107095,0.7312178330032878,0.20865064815008758,0.6448372091823558,0.8229070228261536,0.7256224938555734,0.005102845787632085,0.7998959416441317,0.6319163941378524,0.7284914801250943,0.046770822787033664,0.26538118960895096,0.17158922008552033,0.06503868134364728,0.166945675791674,0.06998608979110894,0.12018916747934649,0.05010705177422621,0.07815044014336615,0.06381009559030884,0.14206673976222967,0.03349999429647533,0.0316092081287008,0.042267675551116116,0.22817613132849482,0.20317219852756324,0.09240141450559221,0.26118447217535185,0.29318024069423604,0.05430561813589458,0.09365382908937941,0.09439966412873718,0.04809728930911925,0.10041858201424261,0.022048267938109774,0.15515537046405883,0.010198089851448868,0.09173833338376094,0.3232306879607591
1384,Side,0.22680007846270359,0.006522028483527085,0.10018905551758941,0.08376480449763025,,,,,0.946698607434242,0.3211743772037891,0.4876908216287088,0.40616226135571354,0.9486730094350966,0.21743817373383398,0.4855313450702971,0.42160079377113135,0.912145499102298,0.8816899593687325,0.8807707017747045,0.006571087814566521,,,,,0.8333023254263622,0.8777939425421375,0.837823284050147,0.003320206166738151,,,,,0.2373275846150738,0.2003717539036995,0.08068120252323083,0.19659679488687762,0.06853659154626106,0.16628211126375625,0.046577862142747,0.05436333760860343,0.0631786553178646,0.14434693157556538,0.029716806017719474,0.023120701457586292,0.04601746427046985,0.18729874859578294,0.4903319391486111,0.15242598510207314,,,0.07647134635115958,0.10572284728151438,0.10113241740512717,0.039898569964395725,0.12068742214717901,0.010341171508920692,0.16196093655332247,0.06367123235401756,0.2553177104919867,0.5567627325532878
1385,Side,0.7955006212284675,0.11020897110939644,0.33716950079515146,0.7387878001292787,0.33236498083108634,0.0011534025374116746,0.13834427858705742,0.171792840250636,0.7581973348168592,0.19401372647470683,0.4062623232884879,0.30935912801885007,0.9759639458374259,0.29023462268292743,0.5040707343655266,0.5565108480069577,0.9984586926638533,0.4896631673543077,0.6347971685126815,0.2395084267823779,0.9911369964570432,0.9133537206215514,0.9438248548487603,0.008140697938476098,0.8409302324016872,0.7888506810746693,0.8089455010664424,0.01978989377839954,0.9986472423518579,0.8976726292942442,0.9403037452462996,0.005433080203110609,0.3186867152520121,0.3771588117296653,0.20983529502239665,0.21196872177321452,0.12410162483981478,0.3469923606426894,0.09641321179852938,0.31126274843264684,0.020943979848311773,0.0735141167574062,0.08100082555479593,0.2437145649335638,0.017921743540885493,0.052013981857265565,0.5178449413930148,0.39909872097947957,0.4133130364306726,0.39666269542034227,0.2392343411988707,0.10587260222819045,0.06918157091418697,0.18340281625829946,0.30561407490737225,0.05250048661581979,0.07433199159697104,0.0274581034107318,0.3880796679744803,0.7650265888118909
1386,Side,,,,,0.2487125313449945,0.005959246443293653,0.09111479735463003,0.09425348010740925,0.9387632877767985,0.1769827147828557,0.3196469285806563,0.5046897152124803,0.9254715405670613,0.28896639186499895,0.4484157122037443,0.5154807494037984,,,,,0.9972144844271421,0.8586999136784521,0.9526058809866027,0.011611720998078825,,,,,0.9913631632683284,0.8822850547616665,0.9194806978649346,0.007124816799338499,0.16685245600707221,0.13579547203946074,0.03195093071409178,0.11648621385150577,0.03157536460741969,0.12154007009025222,0.06347127915083045,0.07171225289188049,0.022194290978264336,0.04179656339051814,0.06198071843936848,0.054347362880414925,0.005673962302946371,0.013977803883725085,,,0.12662188287947376,0.15100059984569955,0.06602951373806366,0.08961187589801636,0.05148525046776803,0.07785956029585268,0.06216346230814657,0.018638581944490345,0.05225421135641507,0.018537328235880092,0.11900455371254627,0.36589196359626497
1387,Side,,,,,0.1807738016518702,0.002434960912313536,0.05082541971462206,0.05804012358791156,0.9859260366842454,0.2131418403524948,0.2490974589290462,0.7608491559984149,0.8925054247293853,0.36284083700933156,0.4317231732298931,0.34333713615560296,,,,,0.9989870850850883,0.907943228972952,0.9527391809129836,0.006310714399583661,,,,,0.8720083245710709,0.8559338333746276,0.8553924409143695,0.003193404032163868,0.14289607108226107,0.12452519723209643,0.040295812898658884,0.10117135029701442,0.03875335068903246,0.10556075778975661,0.0680974924457631,0.1031457410609834,0.01224486601131662,0.022625683919536028,0.0804526871283888,0.06425898963984479,0.007318653948390773,0.02570067224057789,,,0.07402622641166136,0.12405311852763314,0.012661871932737085,0.0406014872043188,0.015421808402094051,0.055816802442222764,0.0889042133735608,0.012469956836040061,0.04685908590807363,0.006696402543165555,0.0787173919403398,0.3043448421100073
1388,Side,,,,,0.3144724679575814,0.012174804561567677,0.10542750118986081,0.14028159024976358,0.9204970802634381,0.2184163700928815,0.2885274031381008,0.6165888509282133,0.955683525208172,0.3462270132944688,0.4392875077732812,0.4590163492364283,,,,,0.9161813114924838,0.8402728769042365,0.8974377398217764,0.013126626881949701,,,,,0.8600416232195588,0.8375969737233059,0.8292729299355971,0.0034771110891614857,0.19789873110530393,0.12463941032449383,0.09084442233813825,0.14617472690243452,0.08223355891443894,0.1525166452383216,0.0672006669200584,0.06951588850041499,0.02060527349004516,0.05578266002678434,0.004138819353939727,0.0066495253373823155,0.002443280297281076,0.006772393932835787,,,0.2015333628326967,0.1779557376313699,0.07918245167952942,0.09619502510308045,0.06205315326394874,0.08465195982088314,0.10410755184628277,0.008018000119983474,0.08751214646005451,0.007974442501157983,0.1763851648532749,0.4274565721914741
1389,Side,,,,,0.19628944934660705,0.00147379213113714,0.04467561541793887,0.08411115572906257,0.6742027248578827,0.06907727503373938,0.21270360299328617,0.37736751608799823,0.982640627526069,0.4299936588186433,0.49405764045956757,0.39827608880729093,,,,,0.9939225117766717,0.9188426251925945,0.9621116690851779,0.010895131099908261,,,,,0.8525494275907859,0.8329165864696468,0.8222123085319906,0.007703867371234931,0.15899930272759025,0.16024275537463678,0.07470718847698622,0.1219230450035563,0.06835285485065973,0.12721278291557808,0.17875358865015697,0.13329153365887034,0.029122368808384147,0.018252728800151927,0.2510663185160807,0.11490151650339168,0.011312767414426819,0.01743014012171983,,,0.11663312496980172,0.10200389215602537,0.2670151890569279,0.055517485803974,0.03906038563585789,0.02768243883696284,0.05457919270982093,0.016061612952713,0.023167436668229888,0.02035752266180261,0.11135337616603845,0.25398516663037274
1390,Side,0.11398862074985362,0.008185811259937056,0.0,0.05406246601793965,,,,,0.5500823475744748,0.32072953734616616,0.26808138170943774,0.21443934905748352,0.7492071439868797,0.24971464805011323,0.30649653272916455,0.16232956208923383,0.7817509245432329,0.8647517227497422,0.8693494615431434,0.005595190140562497,,,,,0.9853023253980834,0.9201825154794216,0.9051570131750035,0.0031899611235718934,,,,,0.09311777042472398,0.06921488260097061,0.04005557075690678,0.03947967491648783,0.09126970318855981,0.0051470499975034886,0.024559818765618132,0.030677590804455535,0.02146957710448525,0.02829139605547874,0.012625289652369205,0.013480401775853476,0.056925715763195835,0.10652809627632176,0.03724044738284037,0.02014647993814224,,,0.04145708667310331,0.02450761502762987,0.030285806950375495,0.016643968502042708,0.04163854291627617,0.005228353533560849,0.07705567171180855,0.01111266451970091,0.03707600929414242,0.18290227614452179
1391,Side,,,,,0.330912452110728,0.2845059592282131,0.2925453339299976,0.01925565963773952,,,,,,,,,,,,,0.9964547984308804,0.9927860110567879,0.9945894351653575,0.00044031258833042897,,,,,0.9966701351720428,0.9293453868737996,0.9372765074217481,0.0020757621173689645,0.31450249805521396,0.2241935786171715,0.0689558196079238,0.22987685126979288,0.06340572141255084,0.23985025945708469,0.013122340053628528,0.14992610161047654,0.01295537816622244,0.12644891201588007,,,,,,,0.20767965988145537,0.21821315364056915,0.09738491600479551,0.11433721153217197,0.07667816514315194,0.10337080921126016,0.0464598862845886,0.004235450441326514,0.03905388515001919,0.004212441444928802,0.18109309855222802,0.5194031272181161
1392,Side,0.08894120724027588,0.0,0.02890030031598635,0.04309672666711531,,,,,0.422069171968548,0.4233604473548958,0.31068445715096177,0.17978411335801608,0.9790519111184235,0.23176918197642557,0.3681452280857349,0.49676769246563185,0.9978421698526999,0.9567849551776398,0.9931135318156616,0.0022320051588226937,,,,,0.8037209300830285,0.8485650045729026,0.8106561127111424,0.007901525168274576,,,,,0.1899648309755482,0.1850245382400627,0.07513554419955704,0.12860682720698316,0.06872131198960876,0.13418654685392745,0.007986062269711628,0.02114821011201211,0.0774564602175591,0.023041615436763817,0.01903614628461875,0.020428837004632952,0.06395046933249166,0.08573759586129191,0.2688194827536449,0.09370966394583506,,,0.06813107282406906,0.08723713768703015,0.05317377604586868,0.07540933925514373,0.08034056625293177,0.011469654015422886,0.06753376941368655,0.011407345358627172,0.14862125690873962,0.3908132863491263
1393,Side,0.4057288600872585,0.0041261812854967266,0.2354650002016116,0.2443057472269808,0.1781988643748713,0.001666025887372419,0.06167792658388578,0.057479048832684704,0.9582272793893958,0.28660396541137495,0.2783752447210518,0.4440445161568233,0.8853279919140937,0.26220672160670855,0.37779494036110767,0.4923255311683376,0.10357583227386644,0.46235589615106865,0.2565075327237698,0.089441891800693,0.9959483411000385,0.9462871480478094,0.9436909164868053,0.0053692675251762155,0.997209302140054,0.8766697526202439,0.8475993602288742,0.021557642976204917,0.8569198750409033,0.8699108802417189,0.8545060593363139,0.001507664431608931,0.13357642063540198,0.1853676251393266,0.045573315985849565,0.11599654071791368,0.04329288077078499,0.12102915205960901,0.07697713351528292,0.0619134784911667,0.03202752770291185,0.04041797051103815,0.062363518510511674,0.05700384701521603,0.00522265722875747,0.019926082322925854,0.22501952499316244,0.22089109091942974,0.14127364075966023,0.14945025746269583,0.00964368423430713,0.06888441514819854,0.006181306365731699,0.056473261707352285,0.0615731928482338,0.008201914511472529,0.05175803459967936,0.008157357781541884,0.12250753057906938,0.3227409079041498
1394,Side,,,,,0.20619305425814122,0.005831090605803467,0.05917085711353639,0.08618532822601521,0.8363527472920568,0.39673360444860617,0.4092060219226274,0.31969495404831455,0.9087798363454532,0.3861128725183188,0.47006323492488195,0.38559261533443623,,,,,0.9691061025654327,0.9395436367176708,0.9516186167710285,0.004874032729323672,,,,,0.930905306875036,0.8868372122275541,0.8771577801054543,0.0037630267412016105,0.05799617439983641,0.1206771322237339,0.00980798723057989,0.11436636676118991,0.01252875177152719,0.11932825158041509,0.03741061932886484,0.061013234973699,0.031035870101973076,0.053261699303586256,0.008276178678111012,0.00799173485381007,0.004885698691284523,0.008139404527493989,,,0.022516277316360512,0.14106840807616963,0.05400007522119313,0.08074377687260012,0.041820038215975616,0.06870958211188204,0.0,0.0,0.0,0.0,0.039261859079931766,0.34320717883850604
1395,Side,0.23464783204272785,0.005191002262399109,0.06549029728478749,0.1295815229566226,,,,,0.9986524927386357,0.3940010167517793,0.4376705227118674,0.36813363165214164,0.9992488732265692,0.3833861762597726,0.4961602900787346,0.44416705403860995,0.983045622385004,0.9203967282204935,0.9325285825516784,0.0033420144748239383,,,,,0.6455813952287288,0.841687607403671,0.7522979018513013,0.0012034975975197255,,,,,0.13332901502511255,0.12964326820122354,0.035599939022377576,0.10688249362251862,0.034714118429133904,0.11151968406202882,0.033826237721995105,0.03291249260012206,0.02836761262670034,0.03013101994004795,0.008122902845094454,0.009825565658480535,0.004795214958888176,0.010007120489951952,0.04573566712766665,0.056563461203312376,,,0.021749960686265203,0.06188034664065163,0.015908255077673017,0.04924656364507145,0.020380776624305073,0.011611657736931305,0.017131951306945694,0.011548577647873093,0.041167922832255927,0.28582728497301263
1396,Side,0.2202602838126833,0.0009982696658459823,0.0806521242342633,0.09611995668380711,,,,,0.9727504115926412,0.438548551065166,0.35990252962357605,0.19651505093731228,0.70447337667297,0.3611287254051282,0.38428944206417026,0.12515189615163105,0.9516029590161522,0.5398338377961077,0.6075723353599147,0.10197737719993151,,,,,0.9880930230719829,0.5583917470864707,0.6559865593069988,0.22434308729870495,,,,,0.09308683203322897,0.136435125454103,0.016505189343254376,0.12499178541914911,0.2634298032846619,0.12554023154313537,0.04681892330372513,0.04677566372112429,0.03456491294240382,0.01868467144864442,0.02603427925707948,0.027903032305980843,0.011215307750933204,0.07449836918633514,0.11533002030156646,0.1436241698012826,,,0.06135076421362176,0.021265815076891178,0.04772604698015022,0.007341068826450725,0.02422359215506132,0.011952892683853626,0.020362197620326084,0.011887958843046154,0.05850688340993608,0.08514559063661294
1397,Side,0.1910927996735928,0.006921336349865478,0.07856152715792453,0.06072724048469565,,,,,0.6282377600496724,0.35485510928095737,0.32699488610277266,0.28207576164472187,0.8149724586200158,0.2662016486831832,0.43758289167635933,0.3689893652131216,0.9969173856359689,0.5322341726970932,0.6662343998559532,0.13370201221699318,,,,,0.9936744184197814,0.6698849358107469,0.8074346913733951,0.06047193580431856,,,,,0.1396886732333037,0.19000351890642714,0.05408688378233092,0.17327533914766932,0.3418964785137026,0.12049840034106835,0.04008853431040259,0.04448743933523913,0.025978553000174827,0.05490964600136656,0.007713209734166222,0.01598509466914246,0.00321639053864482,0.045803162873599326,0.26454282268052215,0.17688683331733182,,,0.03105645849474619,0.07552464443521724,0.023385684428482816,0.0633245556474233,0.02101933974483849,0.01349796249983288,0.3016589219005595,0.04786761328594951,0.12110092507307013,0.1980865215489885
1398,Side,0.21443986657416525,0.021429522160160423,0.13551856607875865,0.041778342868353927,0.6004225537699442,0.08663334614336579,0.2349589975159524,0.17163716684807054,0.9670609371212667,0.30382562275649305,0.3610590737573918,0.596041153645647,0.6596561508379523,0.13164235890097387,0.09617111460785921,0.30080039885943866,0.9999999996917386,0.9127326591799617,0.9514225241154459,0.008638145073458335,0.9751835905355324,0.7181055437373086,0.7673851841381027,0.06734273184605667,0.8026046510134687,0.7558524004261438,0.7442189248874974,0.018079240792980886,0.8444328823262819,0.7497595690998422,0.7886715770402893,0.01708586376790565,0.09363210698396615,0.15139617013119078,0.018178285273226305,0.13283062043008906,0.14163157668067394,0.09708330092185062,0.020813965110729808,0.02289430854693183,0.13206087779330739,0.09086479788946077,0.019449361319712633,0.014789592503610432,0.09733426994209184,0.10840515207632166,0.002484865053526408,0.04455887894254925,0.06276821693421364,0.12898953736510102,0.03368436456935967,0.05024703102300763,0.06335706841517566,0.06267675825772327,0.13209210142029085,0.06946459068005922,0.10423904801134404,0.0551281784121787,0.038136137735022724,0.28062031599011855
1399,Front,0.999999999934602,0.41062158921798075,0.5682867997085536,0.6139866510355705,0.9998019278357452,0.35024990386067856,0.6146944147708626,0.3622889653835076,0.9995508308130633,0.7477758006642238,0.6089017016515139,0.0246061289702027,0.9997496243532173,0.36537729864518853,0.4536445131135425,0.32443611415488977,0.9990752154750075,0.5259225864284199,0.4884326550725244,0.1391018849837598,0.9992403137505088,0.30902532734971966,0.4577656553479302,0.39543562445281866,0.9999999998139535,0.6452188863480215,0.530056974171515,0.11595425545932751,0.9996878250780763,0.5279220362551823,0.5717514364590505,0.06339133217060647,0.11397851682923253,0.026343004849611374,0.027824041101374573,0.12199150715852483,0.0028676950530032034,0.11530116245732318,0.36864900993815414,0.06031025732404595,0.02454637552277809,0.059922745925040745,0.008307501880823059,0.00902834571234677,0.00490418980130633,0.009195169673556176,0.25377472529451806,0.044948869310715615,0.21392835286486347,0.12007664857016413,0.043305992709573374,0.05232999569481637,0.10088589854214255,0.05769468809312075,0.09683469798075463,0.05540471309367712,0.03495663646958125,0.03686913979511463,0.1485124963695423,0.2731769615443647
1400,Side,,,,,0.19688366564129908,0.027040881710429263,0.0633290167042685,0.06516074031578639,0.5283725107758089,0.1694839857543541,0.14049908874722655,0.24136804904790862,0.8538641294563627,0.4619530754304405,0.4560962067257351,0.253783508106133,,,,,0.8812357556644124,0.8085156433146308,0.7874883412666899,0.02626385754545633,,,,,0.9981269509887485,0.7442456882256687,0.7860938084742147,0.031864979176735746,0.1756794887295768,0.278263535441037,0.276946628174283,0.1264538500725254,0.0633099901594728,0.21114728630388005,0.32275563021915793,0.20993241857899342,0.03459963997220473,0.016376900551868866,0.45175820672294054,0.18651972117666188,0.00963884228960992,0.04401015041996604,,,0.034498171619607755,0.15224364023138912,0.1316489474158971,0.125133331329493,0.10420805656127051,0.11451009174902865,0.08691678009944237,0.019803776107131372,0.07306169298005961,0.019696192505476155,0.048439736998953736,0.36873102512959904
1401,Side,,,,,0.056978740257693214,0.00025631167498037217,0.0,0.02465250350039522,0.5138493785725634,0.21447635992536374,0.24145974601264045,0.2586582709932087,0.7858454347533096,0.4911857957836914,0.4989868356167349,0.1161217505779937,,,,,0.9987338564196669,0.877832666754659,0.9171746516433682,0.024563138478970493,,,,,0.8082206034538792,0.7447586073767546,0.7558625219767873,0.014118537970965657,0.2736983665199207,0.19408698002395572,0.22023841181802511,0.15707655603667914,0.07004045560466035,0.1891319921840821,0.2985155582227298,0.24552493236024595,0.023529790569129003,0.050047682656274226,0.3457023192022429,0.20800228759205286,0.0,0.0,,,0.05634897896531317,0.11269353724870303,0.1180528402708302,0.07786977227510646,0.09328408357858392,0.0657442251292491,0.7194279534026058,0.07497428496982507,0.10483616432076047,0.027120870705799827,0.065176993827918,0.2783999487541077
1402,Side,0.23333987311272386,0.005191002262399109,0.08778159484577756,0.143558396188963,,,,,0.8549184008302264,0.3933019826898004,0.454663644314275,0.30408262498006833,0.9866466365392551,0.1455294863572905,0.28337902949650645,0.44937526229638386,0.9901356347132753,0.9071295162679763,0.9404451920331883,0.004358434788823128,,,,,0.810790697523574,0.7848168231196391,0.7689960456747349,0.014729065022031203,,,,,0.14338056397894933,0.18113196352588457,0.055133275845512614,0.1463730193340687,0.051516035669286156,0.15272354076048106,0.03586100078553594,0.03429317876171564,0.10203455744204117,0.1579625907059091,0.012280674772605056,0.01971607917459061,0.09824000904134852,0.18253555104612454,0.5289428932697411,0.12389175148214028,,,0.050011676751887724,0.08656484161660635,0.17529498835935906,0.021982346979570442,0.01697145366555968,0.006156656371429179,0.2524073305874335,0.03786996526513795,0.2739155444072249,0.4761166673052959
1403,Side,0.2572755215317981,0.08844669239395403,0.2026126858309918,0.10834655126370893,0.18202825827399785,0.21869793667700257,0.16530495667520548,0.0,,,,,,,,,0.6858816274087911,0.414310555779332,0.3287894051389545,0.22709436214549794,0.7677893135558906,0.3582686426442195,0.4001152677139586,0.21804287700086153,0.9949767440009344,0.7370718158486264,0.7577308752809941,0.0740682900443625,0.997814776170883,0.4858626658661369,0.6991555930614725,0.2927265440895282,0.21389648061565267,0.13788842792049033,0.055029237418804285,0.1721923466868128,0.09324620969944401,0.1829074993399758,0.030412392296184827,0.3924149296332787,0.025826304368844706,0.32604973592541786,,,,,0.20206322609969193,0.07354251816515506,0.18874253997222976,0.26309782380699825,0.11224171254382206,0.019469173398232106,0.2679424877352847,0.02019506747457036,0.0,0.0,0.0,0.0,0.0748567221190157,0.36520150074278535
1404,Side,,,,,0.25135349265473694,0.010188389080469795,0.09712072066715162,0.1203636863619878,0.6909717022471973,0.20329181493370033,0.33846313958128754,0.5152105627848168,0.827741612349546,0.38161065311467274,0.4912342287665545,0.3043194830549649,,,,,0.9802481638439483,0.9335842546119671,0.9674673118245626,0.00496951425919038,,,,,0.8812695108344153,0.8523433993170261,0.8508399485890502,0.003972282712766096,0.1171537491633087,0.10235176226948423,0.03529920380921802,0.07150648825544789,0.034455436146200974,0.07460885977077011,0.04127456085556133,0.14553252730010383,0.01695671697001179,0.016717901756464495,0.004590855006052928,0.016077046326183703,0.002710131712631076,0.0163741147635402,,,0.06651918369365263,0.11232209300545255,0.05364847247346124,0.05677509386308892,0.03966686647939811,0.05579065896402996,0.06562203478810519,0.0055219115549786455,0.03566437999142867,0.0054919138853480815,0.0729671558044648,0.27755158286436565
1405,Side,0.19985612450461995,0.0011313722879587801,0.1141456565183001,0.06963822815551053,0.4041331044233373,0.001666025887372419,0.16910105595452915,0.15238541919475412,0.8097020510840391,0.36324351802470495,0.4918279080860923,0.4166786822637136,0.9641962943611923,0.2383005706887571,0.4817256691145596,0.850010267733292,0.9608508011834612,0.8419527274526982,0.8643537899901501,0.01633181458093121,0.8402127118662414,0.6863483101477027,0.8087300868534328,0.04392638245127519,0.9425116277316257,0.8773310408095931,0.8678084935280599,0.009801541804169017,0.7602497397752083,0.7745720330336237,0.7343496890277879,0.003959590147038651,0.298868948366153,0.1768733277232843,0.13509977402416037,0.18830839332502422,0.12030051916782976,0.19647831761861642,0.02679389215583395,0.06410982884020824,0.05039631909450463,0.04705735208034383,0.008563277783205736,0.02123442876410942,0.047347275408847415,0.09744614935782234,0.3154264368982046,0.07878641907552837,0.3647596247026116,0.2538123835270482,0.2224343004013257,0.10003336880272688,0.1771507549862619,0.08861230814510558,0.20348302461038256,0.006246557425395176,0.17104653731682667,0.006212623132150558,0.17510317667752492,0.2732974695143159
1406,Side,,,,,0.24765614682109754,0.001666025887372419,0.16823617036885932,0.10378096120371635,0.889354693683283,0.5324733095747031,0.7218439305537693,0.2080360097133746,0.9383241528176997,0.521559923873078,0.7566984654228023,0.2505691110965143,,,,,0.9992403137505088,0.9123343526297863,0.9246417687887237,0.008725998077663166,,,,,0.7866805410211571,0.7228313136678316,0.7503384479396031,0.009336510449142124,0.108479719319561,0.12508502465090027,0.025830278159389014,0.09961306943208044,0.026310585803316883,0.10393486954700018,0.0180873992815542,0.041971773050948964,0.01665142893679153,0.03758802262654939,0.007706062260828332,0.039055420728139695,0.004549140342059326,0.039777078958800706,,,0.0988149473715027,0.09446342655687301,0.054964231826187857,0.0559588713065584,0.04259470265423453,0.04313686978976063,0.03747114219728931,0.014509564196579824,0.0314980039952961,0.01443074129097479,0.09770502853436881,0.23676300227236888
1407,Side,0.9120397618918292,0.01357646745550536,0.41694086205691666,0.6637095410094456,0.10867555789590151,0.004229142637176141,0.042034481340283966,0.021480723747035226,0.9125617606059947,0.07358922216105813,0.09687013700192651,0.3714145808113809,0.1267734935631136,0.07793278376170369,0.0026885187929819054,0.07395548917474501,0.993218248769045,0.3701294518986198,0.6430561868264009,0.36039369513363817,0.9513800959859765,0.5090566925030144,0.7303204305330663,0.1695230707321994,0.7800930231106805,0.3619230260308211,0.5179268434599448,0.38829161429183995,0.9962539020815552,0.7331538115834356,0.8349207203234218,0.053227744024084075,0.23824640429083954,0.21355023157006126,0.3346250931303185,0.12108218243803559,0.05538870925032323,0.21521069922473685,0.3403929827294981,0.12575922733382705,0.019882288575292385,0.027248565985617135,0.30469596342608396,0.1536783134804646,0.1798719829101456,0.15651795053287956,0.40627931884375806,0.18762404823277698,0.2077685593803521,0.23509876327515686,0.3057064954888654,0.02771955006541464,0.01105997483486676,0.03885072948756566,0.04028619988516125,0.012411049008583225,0.03984887319229298,0.018209195379446746,0.4377880507994862,0.3639713050552149
1408,Side,0.11542737557285808,0.0017968853985227684,0.05925056472208788,0.040412984478422245,0.5515647695397091,0.0021145713185880704,0.2203504555871529,0.32651588010762284,0.9983530467138264,0.27897813928069537,0.3437894308423066,0.5004901709308295,0.9966616590722198,0.3009511730944229,0.4153196226183398,0.708165549827879,0.7962392106053512,0.8778257228777081,0.8749675315458832,0.005612342151371217,0.9369460620569898,0.49125695910834655,0.6812173534079046,0.297676089853487,0.8359069765886686,0.8260150773160948,0.7948366184801982,0.013434744442407533,0.9234131112462629,0.599217798256125,0.7304641158968025,0.09118097555967099,0.46168679109756344,0.3179641845611442,0.17228123640691181,0.3152572685233548,0.13513594873749923,0.3033138841429007,0.051064452373981994,0.04534288007840381,0.09461703497599329,0.0880224778730464,0.021294791198712554,0.03177853861485027,0.07193279314136472,0.14645304253290162,0.14722687093654355,0.1562744158295494,0.48400870656141115,0.4331008078151986,0.0,0.0990720632124735,0.07266149347463978,0.06909029711396314,0.0616686596159917,0.015141827607430058,0.16053647277651878,0.0486868309184544,0.08337173499390817,0.4562724302866293
1409,Side,0.6121901771883991,0.022494343137062802,0.24218128327350322,0.5636789137318541,0.3159249966779397,0.005254389337097629,0.10906750819130395,0.1511969698727589,0.9751459797911147,0.35377478391244443,0.48898182559552433,0.44520391531926773,0.9512602235894458,0.35852885222837483,0.5137668415043766,0.4539757885589463,0.9250924781365311,0.7251239775407274,0.8066730762999975,0.06270746468211676,0.995695112434618,0.9088841840422737,0.9393755374904289,0.010680811674167677,0.9181395347129041,0.7910329320995217,0.8370944001830105,0.03698576252300391,0.9515088448541615,0.9128678591451646,0.923181788219789,0.0029242799063293125,0.2253454306610045,0.24311117867919604,0.1110989362356052,0.14167150109373175,0.0864607442974378,0.26210345362570475,0.1163576803315491,0.21170689627515188,0.048076797975503495,0.07529876199176423,0.11478454781755687,0.27932806777493807,0.009117182014711766,0.04715843949139841,0.30781399239464424,0.25325652259329146,0.18962757044870088,0.32829932474713214,0.07387529453255617,0.07528255493983749,0.04048394878240482,0.1465397883040051,0.17278686610726232,0.04999762110970999,0.049374357997646896,0.018014662360074894,0.25492337383903513,0.6025898566559892
1410,Side,0.23301288338022277,0.0044589378407787214,0.0435900203204181,0.11631776009681445,,,,,0.8397963765773627,0.46860701573026137,0.5014961289973909,0.18974089579695433,0.743281588988209,0.029993658844008016,0.3273442136266872,0.6767024367330515,0.9987669540694308,0.9089328266304544,0.9720758716865203,0.004024720829820335,,,,,0.7624186045093173,0.8114667371504121,0.7500796004788691,0.008061134309238997,,,,,0.12714916547233798,0.06064159077234513,0.06244704230567816,0.056274204801528664,0.05780709079674185,0.05871571038071463,0.008436227656945757,0.015295393249806239,0.09623196918276178,0.05480625220896481,0.008688346634840935,0.011809173291908675,0.09321125339286547,0.057823427229592377,0.1385369915519908,0.054227158918828545,,,0.03758393711460365,0.057341947196262975,0.07270921063133433,0.013962269206336189,0.021713278621920327,0.008190881723849474,0.01825204401785488,0.008146384929308038,0.08586776664712846,0.27922421341401704
1411,Side,0.2666928258278273,0.012511646478602978,0.08546475176746299,0.16937317045824474,,,,,0.7776613264294565,0.3926029486278214,0.43050651814304736,0.345517222242885,0.9362376897899987,0.385542168650251,0.49246070229905314,0.3160680016173205,0.991368680335583,0.8988214078122739,0.9383675745694311,0.004880596748347333,,,,,0.9899534881879157,0.8187409072332535,0.7663504146865274,0.02448595762365536,,,,,0.17032154772261274,0.1416328550272115,0.11216046843191217,0.14681526170893996,0.13132063489902793,0.10220434663806732,0.02266259388884506,0.008850585665654694,0.07231500525863348,0.060248477573123245,0.011737183646578003,0.00806405972033421,0.09744992584016295,0.14512977624453147,0.1566626782622332,0.10364108083329877,,,0.04706965078652456,0.11037816998300813,0.036251696596195176,0.09928592656612277,0.06406878901195796,0.007923802215052227,0.18724517564733714,0.03935872296611113,0.09459841106423314,0.4188823666328144
1412,Side,0.4455562095058821,0.015240250231915331,0.19509339706569734,0.29531139166424525,0.3369866631231357,0.013968986286430285,0.13720639915449578,0.15137045388007692,0.9842790835477946,0.22197508895386533,0.3894735609707813,0.6284978649179378,0.9982473709732727,0.38097653770570855,0.5419802443205177,0.4914713100261701,0.4562268802539378,0.4986797191666979,0.5823700485921599,0.10131509534425018,0.9989870850850883,0.9443268249867227,0.9623608987778715,0.004771160867085776,0.9841860463285236,0.7141251156782088,0.7694904318920226,0.07877262599772161,0.9735691986499929,0.9418477911815191,0.9507796332417575,0.0013418507764680102,0.2009896444216446,0.14841250866069364,0.05472610698274801,0.12922493711050984,0.051165802752254026,0.13483147399606873,0.0363095435073032,0.0829698511617514,0.018643900703574474,0.054119592880249,0.05474819981399093,0.05849433412816191,0.004200788559871682,0.0090131388140493,0.40756504210778416,0.17085125468808243,0.13385030161055933,0.14764023590569084,0.05541378401582225,0.03849701490640122,0.04123967768987127,0.0614736323588269,0.03835345936565128,0.003695049702205478,0.0322396741997393,0.0036749764215792064,0.14475408931448644,0.29649389486870326
1413,Side,,,,,0.21609665916967538,0.008266051518117002,0.050574774756501004,0.06424494902131571,0.9869740977710774,0.2935943060311646,0.30406380746075734,0.5374003420284179,0.935069270494486,0.36918199109897387,0.44375188149641565,0.3286637120924856,,,,,0.9992403137505088,0.8884968242069712,0.9026660968286873,0.015305018446217677,,,,,0.975546305829808,0.7952170288648318,0.8027343083087913,0.0205619552386534,0.1518110548962235,0.1534704141092543,0.0639793140777614,0.1167038705528893,0.05912509927307509,0.12176717001793542,0.07921125278410168,0.1014576091800642,0.015646535757006273,0.026274770748287265,0.07128659806114977,0.11607276008027148,0.011652022525574091,0.029976484699719367,,,0.10226494629121809,0.16058261759552586,0.055387624372858935,0.10395627237455113,0.04293488302289129,0.09265990414027184,0.16787761245673066,0.0773160883741306,0.0791129803249421,0.03085582317148319,0.1003476548257161,0.3877769629240743
1414,Side,,,,,0.4067740657330797,0.025310777904311754,0.19007213481029492,0.20550972764924877,0.7829016318636172,0.16827656328366317,0.28707642376810527,0.7317382738994063,0.9416624936620211,0.3211794546403818,0.5558463997895285,0.6415301979690168,,,,,0.9972144844271421,0.8448992393284013,0.9411053794867543,0.014125524594877576,,,,,0.991675338086194,0.8701673398172618,0.9093416625783015,0.010643726471680154,0.21247467749453225,0.11708516915016606,0.07053151727093648,0.09913105925879637,0.06476108337498236,0.10343194694089812,0.07054243489286871,0.12335528437302117,0.005110685820466648,0.025828759700934557,0.08754667456761454,0.15383022730376422,0.0021300799199795942,0.00956670308684545,,,0.22719488524217246,0.1505474827714409,0.15796946955498806,0.06549495359276525,0.12738260129607734,0.06747246777222612,0.16504993344405972,0.008915889415423848,0.1283348557474699,0.014040877750818888,0.19604134891981156,0.3648570597665628
1415,Side,,,,,0.48719133761473704,0.013584518773959726,0.262580525248302,0.19306999499982094,0.9883216048827188,0.2003685815836065,0.6275242747386289,0.7818545477233676,0.9934902352701144,0.3785668991516445,0.7701271662859498,0.4552951517367234,,,,,0.9999999997467713,0.6967772288326844,0.8114869281145358,0.08949533847550054,,,,,0.9999999998959418,0.8119510161690099,0.8787186661460475,0.022885085224107288,0.18858134297833867,0.14548916125542352,0.05284742562774179,0.13099157818928225,0.04954982444126489,0.13667476234272266,0.09690414551583018,0.07607312679972787,0.012930894979874612,0.024996884239205784,0.04397959896647687,0.0531669723317452,0.007763093199424698,0.029539616341896946,,,0.27438323205548976,0.29847454636048293,0.18916194709844478,0.13991751153210286,0.1504176405239395,0.12976419817410004,0.14817272028256084,0.02506089160810373,0.12455304700563993,0.02492474883587152,0.23218662572597762,0.7027173906211653
1416,Side,,,,,0.9982173510498997,0.0038446751247055823,0.43143980343536503,0.3345696924260562,0.998951938763445,0.0628495170270177,0.4891152321644239,0.9999999999975007,0.9994157902687854,0.01769181991010198,0.7714134317279678,0.6754066365065676,,,,,0.9921499111187262,0.8061632556413265,0.8883543856057124,0.03997697373331429,,,,,0.9859521330919926,0.8351606077556477,0.8699875471693211,0.017269144652724267,0.2271086890639219,0.21671626994632204,0.045806400272021555,0.18356995883000607,0.043493372009005146,0.19153430199993787,0.10518148142800758,0.10021294700731496,0.03084639967052755,0.08122144600030508,0.1230279169479664,0.14087126786232254,0.007985523653938472,0.0362502793403131,,,0.14222943957169365,0.2802698175200441,0.14278947606993822,0.1677649457059527,0.11497940586928629,0.16266618227183255,0.05728475245067128,0.0535846189333412,0.03134197426041525,0.012409138443346962,0.13095961242947948,0.6611384154159506
1417,Side,0.23687136222373478,0.004791694396060715,0.0717826311583971,0.10777202629108937,,,,,0.9026800417872916,0.21390442296556278,0.38811812615911745,0.44431385083501135,0.9883158069614159,0.3467343056216402,0.47447304087367237,0.47437165920620433,0.9990752154750075,0.9197526888053227,0.9243432040984024,0.008617233699920093,,,,,0.8749767440232602,0.8659568839527868,0.8573167715124517,0.008544901110818617,,,,,0.14487294531393413,0.23663428759767258,0.10556733945968295,0.2465114803034984,0.09046373110722218,0.1846369273404096,0.06593810227039235,0.0857553940138808,0.07268439723243622,0.13576482349656344,0.0462666343895773,0.06595633113828955,0.055369429125505014,0.17264889096949312,0.2690102556220177,0.17246941745170824,,,0.0037825158978071535,0.11504458408503375,0.1450660989567981,0.04742496350270909,0.10899392987370272,0.012235581170867125,0.09161960477610591,0.012169111630735703,0.14871314694881477,0.6134113173582155
1418,Side,0.2211104571171859,0.010980966324305804,0.10321021170832569,0.09981575270502581,,,,,0.9850276986098178,0.3698525673379606,0.5293864262259335,0.4022761051137552,0.9982473709732727,0.22396956244616553,0.49794830748521335,0.789454054257695,0.9926017259578906,0.9541443935754399,0.9784085915968339,0.0025640939662321827,,,,,0.6662325580155847,0.8144425340024837,0.712060487005332,0.006173929810239426,,,,,0.14716862136480305,0.2896764744326878,0.058225923866860256,0.2529916271925775,0.05417622714492078,0.26396789014389754,0.042594338348400096,0.0923861379109069,0.0658674284701508,0.14058365132568132,0.011591206537441114,0.014052982273210411,0.049254139929917264,0.1400565049380376,0.19215444276339416,0.13508252766556178,,,0.1298184278758083,0.12251995520967933,0.10273730130854616,0.1118136475151211,0.08467038928578134,0.008367395264673665,0.07117339113830765,0.008321939563994326,0.11169381718863432,0.5077450642086366
1419,Side,0.23765613758173723,0.0,0.07469019396474424,0.14462193645665467,0.6836128350268313,0.0,0.238272554137292,0.6547642602065121,0.975445425815924,0.610129639005457,0.6516627542557544,0.19248206199867066,0.8660490735381364,0.2194039315016231,0.38194664364904096,0.6818256478882937,0.9827373609794273,0.8220519095239225,0.9256386883131549,0.01438058223727094,0.690048113271702,0.378812828324409,0.5563039951438496,0.2946824084917163,,,,,,,,,0.19368123281609964,0.2618078497333598,0.04322815905067125,0.16159050492814972,0.13070636713539582,0.20286177544794762,0.03617048553041985,0.05839055353195049,0.09657328674320902,0.07509754010141749,0.010705343887728433,0.016015722552548815,0.009559233092962166,0.02231934804858995,0.33750152738105393,0.1281973683794544,0.2203089996833366,0.4157796263488664,0.18258792529747034,0.12089568415587516,0.14513565533691528,0.11013774779133946,,,,,0.2102652684954757,0.40491324475801305
1420,Side,,,,,0.2182754522502129,0.0026912725872939077,0.09256951687841211,0.08777430373328181,0.977990717026802,0.23188866292374885,0.31699010338288736,0.7218294434180239,0.9460857952807473,0.3354470513420769,0.5147607106330888,0.49253261043213303,,,,,0.9972144844271421,0.9256645494451766,0.9525129899275696,0.005663458240929335,,,,,0.892195629459709,0.8500352631371395,0.8411477818765751,0.003897311622109514,0.29773438252255624,0.2128894999927948,0.09880847255849025,0.20996650005629225,0.08908396619049054,0.21907608024738653,0.10594373395710277,0.16578397690597477,0.027701342169587875,0.051870303064738256,0.11341731714099444,0.1560191390643056,0.011612857088616159,0.022904413467659573,,,0.2369037102218227,0.201586939951061,0.06598432865073106,0.12158144198578325,0.05144894590882516,0.11084530294663968,0.11715626982147895,0.02264653078965118,0.09848081586309057,0.022523503982330877,0.20347810375549993,0.4814294263840203
1421,Side,,,,,0.17628416742530806,0.0011534025374116746,0.06198602275652001,0.05773773990159964,0.8165893096546506,0.286222674104841,0.37656808894698496,0.35527667326819123,0.9966616590722198,0.4058972732780027,0.5133823277484678,0.41137248402354304,,,,,0.9989870850850883,0.9833764603635712,0.9843906061349424,0.0009734139412969118,,,,,0.9041623308112213,0.8743989228137206,0.8969245677062813,0.0024653721831576917,0.14990988603739744,0.16156225704084062,0.031075452670724715,0.11722229667187545,0.030822307934951845,0.12230808850738446,0.13372399536551502,0.05447590084365432,0.02415493278126374,0.024607732664480547,0.15539742240615306,0.07216158687829499,0.004611400414145033,0.019059033885083298,,,0.11136028071622957,0.12888031187775323,0.0395690857253496,0.06116354514225466,0.030225267912681375,0.04850697807506684,0.22838221703387224,0.04571507422026033,0.03841350335008178,0.007494101642766029,0.10731448885652627,0.3153699858720817
1422,Side,0.2355634032937307,0.006255823239301489,0.06117349917046971,0.08656004061469345,0.5369074342706385,0.001666025887372419,0.22007803153137287,0.33808126177498243,0.9877227128331005,0.45653279102335204,0.47689077737461605,0.3156230210152293,0.9920714404112778,0.024540266326915645,0.5287493479552066,0.6051400743549007,0.9916769417411596,0.8747987376264055,0.9306137710317194,0.005999271428562914,0.9794884778476858,0.8281188739254985,0.8984144375641782,0.022401261301030633,0.9940465114429682,0.891680994518471,0.8784651640990042,0.0041273171493872605,0.9821019770049843,0.8378534332988489,0.879836162296937,0.01627717218658235,0.26966996739315874,0.13482124263547218,0.07545100127203565,0.10208768132354033,0.1029986120442081,0.043732806147989384,0.02610847388343044,0.0,0.08871476620716033,0.04430730129957082,0.010006727865960935,0.00718987369255227,0.09676202228685235,0.03814893923812503,0.1880493185268031,0.06486809358322422,0.09172491623622839,0.14559735778219032,0.06887015595624951,0.06126247388509898,0.07408530883386201,0.042760678398155144,0.04133188982084771,0.01040343770857583,0.11185267128557563,0.024254354317380652,0.10942928724541663,0.3435495172635815
1423,Side,,,,,,,,,0.807905374935184,0.3796390442056661,0.4007353124590054,0.29750241687083373,0.978467701470667,0.33487634747400913,0.5298949361125527,0.516697712840385,,,,,,,,,,,,,,,,,0.11531942351559654,0.2660668443887413,0.07524591754103335,0.2854450706425458,0.014093460243645446,0.16829565817758213,0.05295783075108811,0.0235444687227009,0.03671347962565582,0.029282088526599585,0.02568687420276041,0.020666130056460272,0.010149094648651253,0.051346624557948334,,,,,,,,,0.1299501614949937,0.41535073583804166,0.10923527989639951,0.41309435160758623,,
1424,Side,0.241449218478749,0.0037268734191583342,0.03906858240141192,0.08785689854761444,,,,,0.7366372210305978,0.3491992882340367,0.3489568497908381,0.1958426759433986,0.9833082956949334,0.2577679137439589,0.3890891959963285,0.7095638827686114,0.9993834768805843,0.90506859013943,0.9760531239871358,0.004681545123669109,,,,,0.9518139533112904,0.9285808754841567,0.903600349563306,0.0023315793492523934,,,,,0.17481722481058037,0.12000838032139113,0.1664881152102879,0.17227880898459857,0.14729971114870782,0.17975327574596603,0.026637012580124245,0.04444864060073826,0.04472952633389009,0.08794339024243965,0.014130966739353828,0.0443371398097178,0.037421712111175065,0.14969395437017124,0.17685956188588312,0.14491638107865956,,,0.04273067750870074,0.11696261112195824,0.04510855354604873,0.0696058452507555,0.05880129524030949,0.01848166502474005,0.04942799508635843,0.018381263764031455,0.10432669402920854,0.5355384016627
1425,Side,0.30141913541943505,0.0044589378407787214,0.12601546307955605,0.14149174786120475,,,,,0.8618056594008379,0.20665988814141717,0.37467971590051735,0.4779942399970076,0.9870639291447951,0.13246670893262735,0.37388758672796846,0.9999999999969776,0.9768803942734647,0.8955368067949032,0.956308710190714,0.00861502029554309,,,,,0.8738604649537003,0.8846713397113694,0.851537347758722,0.007760705622477773,,,,,0.09433408322808128,0.08249820417916746,0.037612838694701035,0.16862762145974683,0.03644554680787622,0.17594367825789903,0.031212807705758024,0.03516112946709232,0.049844804040732466,0.09208979911941442,0.018550151760975173,0.03863730076730047,0.03657694081847426,0.15983785566315017,0.11607489786248729,0.14774731920382378,,,0.030204004371042897,0.1376449578571879,0.029635916587037455,0.11278513516370704,0.05374002216488032,0.004869366664488653,0.04517352110443948,0.004842913931398175,0.07504839433855105,0.5435394583511661
1426,Side,0.23739454579573638,0.0021296419538047624,0.058107898653095784,0.1321336189702081,0.4253268189340203,0.04581571190274153,0.13696718304820124,0.18005280772693333,0.9751459797911147,0.3915226232593084,0.4666799255503492,0.3436857668906938,0.9861458854126068,0.2944831959229878,0.4617289682972031,0.589429206038468,0.9895191119021209,0.9402975461492691,0.9723365999320579,0.002472220924113749,0.9746771332046905,0.6437700932608978,0.8405099515545364,0.12153479790557581,0.8569302323987107,0.8443988889800027,0.8230541169843567,0.007406059829291878,0.9602497397543966,0.8495864588799392,0.924024036897782,0.010624369785576054,0.08111525061976783,0.11407866673530702,0.02416113811835821,0.07727325831841342,0.026396421658566555,0.027593751447932878,0.03329438713456826,0.028949140512194972,0.04785717407682963,0.10922213268349391,0.014604538141340802,0.025806069351397273,0.008621536056571658,0.02628290872481175,0.17658370549461957,0.031996408094773235,0.04899164787198151,0.15262940448841128,0.036233370881886016,0.04655787722841957,0.029137687589181047,0.021140629498295184,0.03292828354629872,0.005298914802245936,0.027679305883944735,0.005270128557834474,0.07444392815742046,0.16951152229302185
1427,Side,,,,,0.21537039480949616,0.0020504933998429773,0.10595845476345894,0.08972332925083706,0.8272196435353768,0.3393492628152422,0.4682297845801646,0.4379226317543075,0.9036888665578628,0.32885225108884897,0.5241778811246118,0.5285593560362787,,,,,0.9992403137505088,0.8427820904224275,0.9561720102523168,0.013325780490792817,,,,,0.9988553588971013,0.894530999493843,0.8894238779457787,0.004231321582515903,0.13280452388994535,0.06765938545275875,0.048086497921538476,0.08539754443550465,0.045454635071917944,0.08910259156897214,0.012906319489786303,0.033826833759507624,0.01279456981836686,0.0308836453299921,0.01017547440916057,0.008976175071852027,0.006006915019309605,0.009142035034430512,,,0.05696644884879585,0.09556479877562453,0.046694113857293953,0.04997017396332268,0.03594996645938873,0.03695781722348216,0.06876455146361003,0.007848560697464809,0.05780304494940694,0.0078059235547767135,0.0656499627146274,0.23927849857976005
1428,Side,0.0885488195612747,0.032011180618127834,0.03318422644556599,0.0445668141613211,0.9209692327399334,0.05773420478932883,0.33791561330870845,0.54839339276844,0.6830363825897537,0.361527707145302,0.2740029380205867,0.2383519879847812,0.8238190618574679,0.0,0.0946583959018995,0.5573302546356291,0.6513563499841687,0.7841179879703665,0.7876807527584966,0.009959615864272704,0.9817675358364731,0.9091194228096041,0.9287463645574329,0.010408178124407367,0.9536744184272232,0.787528104695971,0.7298076269859569,0.028344065695667716,0.8082206034538792,0.664294415550151,0.6842193367681098,0.03320318171041741,0.16443409218415184,0.3785473754571581,0.12506956336265063,0.3189968748363931,0.09044585431075271,0.3425675984638871,0.07368698327347636,0.10666450821829222,0.45162709867922196,0.308674621705338,0.007451245593636436,0.020062977815343812,0.33415701468687103,0.449675038347382,0.1156461100113866,0.12078090135834056,0.4694969571204049,0.28986570055187433,0.07214397194219441,0.06887246991224047,0.0944077653784237,0.08001164183774065,0.03328258867586884,0.02544367487474668,0.1330667629070863,0.028326754166754124,0.2139770781130106,0.5666224476428796
1429,Side,0.3506637891340877,0.011114068946418603,0.1706698935709902,0.2880609506230424,,,,,0.8490792033464472,0.36089222163441204,0.46451217107650394,0.45009669242175787,0.8906693372650085,0.16746987950745276,0.40434008256604637,0.9534557740970392,0.9556103572886528,0.9207187479280788,0.9566695230589705,0.003325677038798264,,,,,0.8537674417016244,0.9044438565729106,0.8738781710482588,0.0019544283350240725,,,,,0.2517594170874796,0.23020156229440755,0.1354916820246835,0.2533031088157233,0.12063762520609479,0.2642928856696104,0.012809666589836068,0.06660169450915195,0.07967169174413173,0.1416122953622047,0.0,0.0,0.07687374925465454,0.16675990960517645,0.40793430080558535,0.16328079015636673,,,0.18546687812760954,0.12873932976683455,0.1474487882505729,0.11823070954305004,0.23832730530118243,0.015928362900740862,0.20033641822393788,0.01584183240069567,0.21562903592300378,0.5874415770711682
1430,Side,,,,,0.2530701175060696,0.0010252466999214887,0.06652708912741698,0.09928320918980435,0.8746818384676326,0.36527707165955287,0.37857953931613775,0.22886858623119383,0.9717910197820239,0.385986049436526,0.49928926189651857,0.4029591875549323,,,,,0.9999999997467713,0.8492903629852356,0.8914498141161308,0.024479743254692564,,,,,0.8966701351824484,0.7767519394257388,0.8278002965239599,0.015882476982857097,0.08014019719160463,0.10871099001672672,0.06298771943794931,0.0944461192622063,0.058272163022358894,0.09854374672623537,0.024594335669763927,0.03300343778494161,0.01494209340153907,0.015884721895170907,0.05841283387072176,0.07648651045419047,0.010509955537797846,0.023759951730422318,,,0.014048583391916412,0.09747839716166008,0.04835167462959581,0.04861515502089594,0.03728175569145258,0.03555972799076864,0.04481382724912474,0.009414998494843337,0.03767021838580497,0.009363851711413034,0.032775784413663835,0.2436490915472845
1431,Side,,,,,0.18361283505984333,0.003716519287215396,0.06791612084335005,0.06398213867124422,0.9458002693598143,0.26112099642468733,0.2928300308769315,0.5349640865696087,0.9403271573242925,0.2884590995378276,0.44620691450230926,0.47889355997579963,,,,,0.9926563684495681,0.993648553203666,0.9999999998884358,0.0,,,,,0.9683662850189007,0.9050458420911043,0.9056331298378827,0.004134419927697532,0.10037974046031722,0.144867861788063,0.04898480098348338,0.12299799875829165,0.046227325055203196,0.1283343744788584,0.08008729762606807,0.11889488391346911,0.026191140574698655,0.039499233950918686,0.05967307011498956,0.07903249983427243,0.010774184405259098,0.027911322185177216,,,0.0729956997746236,0.1339945272869085,0.048824133397500594,0.08341053698205342,0.037661358967666675,0.07146110718545726,0.0359820373267075,0.011226585681570846,0.030246271904610225,0.011165597488441387,0.07792803030622242,0.32705067815567346
1432,Front,0.999999999934602,0.8345534406472412,0.9093300072610494,0.1041996123186184,0.9999999999339759,0.7704088170722537,0.8987325530626474,0.08470347559719862,0.9999999998502771,0.9782663954640146,0.9926223352599609,0.008840766245086383,0.9999999999165415,0.8936588458532874,0.992528499540891,0.015542969681295178,0.9987669540694308,0.533908675176537,0.5766631531310961,0.2157901014233234,0.9989870850850883,0.4629498941062535,0.5630015318636474,0.39166515707692123,0.9996279067907667,0.0,0.49993201515622926,0.9999999999964285,0.9998959416233201,0.04590626402218976,0.5816714061428364,0.3715910262771671,0.06882659537546279,0.2395046845952261,0.030493508667594413,0.26375408675501916,0.01460437608468245,0.2915038076497272,0.06643198274265996,0.040177892276334455,0.04897273342995025,0.023689355405595247,0.020787449641638287,0.029949760160535494,0.0048350099562438605,0.023768121122486222,0.09407776836870578,0.27267655695855614,0.05540376837839977,0.38337447714953204,0.06229010651798438,0.33126487011681655,0.0484807740387756,0.32782073678309565,0.2698202937832188,0.3445145462705703,0.22680922419841804,0.34264297816608874,0.02256066773659571,0.0
1433,Side,0.4006932182067429,0.0011979235990151786,0.14008570960105268,0.22618715947354587,,,,,0.9992513847882539,0.4456659887871336,0.63996602208208,0.28778806980695637,0.9928225671012499,0.24172479389716398,0.5155815599327289,0.9161006197531182,0.9747225644344261,0.8139370128927713,0.8399247448709698,0.012384026730064945,,,,,0.8833488370449581,0.8594762596971646,0.8141701839795603,0.006913227019376137,,,,,0.24054703587930343,0.11234347053765353,0.11589126851784814,0.14485277898147156,0.06893730460873783,0.11545802602198971,0.036363152286854286,0.042987209623806824,0.06027405598407565,0.19710599737363219,0.02286609692535888,0.015151223928347977,0.035504712026195054,0.17433166947221668,0.5060648555898246,0.2102944370786615,,,0.14389507956838046,0.13305653591885733,0.1891169375140556,0.11352583919185953,0.20233459624756953,0.028339766425030413,0.18766685584694948,0.02394332576311816,0.26289582332644484,0.7203158532035705
1434,Side,,,,,0.2870724943690035,0.011918492886587306,0.10847296337249325,0.15485737452085369,0.9748465337663054,0.4145271987535253,0.46541109183074675,0.41875232370621523,0.9859789683703907,0.4038681039693172,0.5215936243098522,0.5053776737680907,,,,,0.9984806277542464,0.951697639696409,0.9714863447910804,0.005840758058257023,,,,,0.9136316336198094,0.8781817015529793,0.8724791846128852,0.0038255260640922438,0.15793080863069614,0.11377217194735735,0.05122308875641577,0.08098079121246343,0.04815262467302952,0.08449421364552023,0.028248329755076313,0.029074440619762457,0.024215349764791477,0.026971788466442197,0.002378142443724468,0.008092580923186165,0.001403895188454867,0.008242114010312782,,,0.13051594416036041,0.11201264396140094,0.04982768421900655,0.05057326887400997,0.03846767521274435,0.037580081956863784,0.04726483351475733,0.007194924966419584,0.03973051867611681,0.007155838686240537,0.12198732239174269,0.27684481187960275
1435,Side,,,,,0.2574937276998882,0.024541842879370637,0.12150004590079669,0.06363069764561181,0.9480461145458833,0.33045246566278264,0.4284402142418595,0.4467036620077821,0.9710398930920515,0.31997463536334975,0.4876976835846861,0.5391778110351617,,,,,0.9992403137505088,0.8745393240120334,0.9686972393133005,0.009425446918018705,,,,,0.8448491154167692,0.7427069307724109,0.7669112866148832,0.009505929602007124,0.15274275290083836,0.08900044554887172,0.07092394214203973,0.10994810730222927,0.06509863400788012,0.11471830207168142,0.0027586558152137785,0.025879520828136816,0.005240524957647384,0.024341941030034116,0.00825067564370776,0.002496198592271474,0.004870643416784795,0.0025423228491836323,,,0.08312151018016278,0.13186214740491364,0.07570356443073321,0.07227767125602176,0.059257995068284525,0.05997437499783569,0.1529206019144591,0.055889982187990864,0.05329890074864073,0.025313147775923524,0.08568418716933338,0.3221803957681317
1436,Side,,,,,0.3581803776338188,0.002499038831058629,0.11288514321379803,0.18709750307742581,0.9988022157510401,0.46079054394631486,0.5624783901096831,0.36041129594462734,0.9993323317476771,0.45003170574191304,0.6105876542974936,0.43482882471591044,,,,,0.9417574066999852,0.8262369637868552,0.8959179928460558,0.025062040934692935,,,,,0.8602497397648023,0.8184266204514697,0.7878442999179909,0.003991817187508969,0.10163866152192708,0.12813821405036807,0.07761351745841134,0.11835116769261654,0.07085278097494202,0.12348593658439923,0.015950336844962852,0.012924891263131651,0.01506057354052717,0.013678543645084326,0.011595133141950376,0.04312111261378686,0.006844985955502213,0.04391789588363341,,,0.17297741807743755,0.19502992173759545,0.04619946135188718,0.11468346886157123,0.03555253132981619,0.10372807258878479,0.11564816086591363,0.0747875775911237,0.08904619190493406,0.017156708421113675,0.1545119144144794,0.4664534220662734
1437,Side,,,,,0.24930674763968655,0.006023324362038745,0.09102732794992248,0.11449551719899768,0.720766581715711,0.26099389932250927,0.33910294819472653,0.27770600018868596,0.9445835419008027,0.4128091312357128,0.5085901595306981,0.3702848629798033,,,,,0.9946821977729341,0.9754567551967807,0.9744805844781936,0.002560701079590432,,,,,0.9460978146778254,0.8688209270456612,0.8698308514507684,0.006541936883483889,0.21972614917900962,0.3413640667482544,0.04938978833521176,0.3188792058107382,0.04657568151005066,0.3327140589698211,0.07247051668661018,0.22661802069255294,0.060801725149397336,0.08370508147550927,0.10787599333436264,0.28244109986592203,0.0,0.0,,,0.1045975397171666,0.3076042721492446,0.29153420227371,0.12996009198858352,0.09833487435052063,0.18013700216994138,0.2626783845071735,0.08471379065173941,0.04644015523771005,0.013363811066929033,0.10213437211400554,0.7235693706494588
1438,Side,0.29415996335791245,0.00339411686387634,0.09161607465278042,0.16548766173529933,,,,,0.9407096869380581,0.36273512961599297,0.35448466546067114,0.3604767083798943,0.9669504255577575,0.24648065946439568,0.42080204168639956,0.32473607080717437,0.9999999996917386,0.8330649835233421,0.8723779521638444,0.023961342040960988,,,,,0.8785116277435326,0.8277344266084027,0.7724263528443877,0.01131010426133794,,,,,0.15907298446592535,0.12225074168431431,0.05773212670636581,0.14850779726541416,0.165482332280694,0.0850384943780715,0.024035009687624814,0.041804398302541554,0.11479715039054159,0.09826791367392404,0.003714315873028226,0.016863365855348318,0.09249014698968536,0.08973129752183025,0.10564406231497929,0.1331613375865071,,,0.0463423827162387,0.07981032214281013,0.03566736339947895,0.06774645682552431,0.06010214739070988,0.0058241818869219815,0.05052148313683918,0.005792542140001973,0.07002414794201992,0.50231522079553
1439,Side,0.268850958062334,0.0005989617995075893,0.12415617759571775,0.1351181120392955,,,,,0.8731846083435868,0.3526309099928425,0.44323667603302824,0.39508100318337064,0.8378400934036188,0.3421052631362013,0.5198540235669008,0.3510990797801249,0.9966091242303913,0.999999999935596,0.9999999998905297,7.440647664793807e-05,,,,,0.8249302324046642,0.9068244940545678,0.830287093268949,0.001105312059196883,,,,,0.5574898409345452,0.5186143944884426,0.22790114482072624,0.46839796415485213,0.20012512701720842,0.48871981937780423,0.0376762417748128,0.046564983425574503,0.06598742578480304,0.049445029719980035,0.004859062892323193,0.030639025568945853,0.06897482672506595,0.1278611430903596,0.7502704402643281,0.23025859750402014,,,0.26726795185686353,0.18956169981188364,0.21317294810300141,0.18098636409929453,0.1785876447706309,0.009181959444184677,0.1501196392380796,0.009132078640548354,0.3805229322215497,0.7767403924335342
1440,Side,,,,,0.2747260002459576,0.009803921567999236,0.168802671809521,0.09851347477604874,0.9730498576174501,0.5238307066265996,0.6540151408839759,0.2221623280277838,0.9939075278756546,0.5129359543111645,0.7071714692016812,0.30278979975776454,,,,,0.9769561911934779,0.8837136359379194,0.8652020731108815,0.012061332902459126,,,,,0.9177939645246832,0.8161825991654689,0.8305076989114533,0.011079298195744472,0.281892985053948,0.2002818935054612,0.03999216696482049,0.15794088439975157,0.03849216470238532,0.16479328776650842,0.04101913959324346,0.04315169394054466,0.04132977088140203,0.034473108557125307,0.007708246209365995,0.026583333091854306,0.004550429598239901,0.027074534588765024,,,0.1891164266759443,0.17457549279187065,0.13287424514091883,0.10376711424589782,0.10519253830307122,0.09246473347905819,0.1055580604304416,0.10555013290703774,0.05326865316854135,0.011346335981934574,0.166874054064718,0.41973620911433274
1441,Side,,,,,0.20665522248734616,0.00032038959372546525,0.055892474900002126,0.09497978903511767,0.9163048359161096,0.40461362478364177,0.38415483526553335,0.3262671641129178,0.9533466866171468,0.39397590358947526,0.4470956021987611,0.39354005598772196,,,,,0.9979741704234045,0.9360150552077148,0.9553946243735166,0.007233023606820037,,,,,0.9933402704481438,0.9075463229526483,0.9448878503364447,0.00811709318048648,0.37224828774972574,0.2725592670193326,0.142810833170929,0.2414059978548643,0.12693331205882602,0.25187960814736543,0.0934423657912105,0.09854354514662489,0.07274658696989778,0.08415417749805426,0.016117823503774515,0.020285315802566643,0.009514877851419173,0.02066014379923274,,,0.301146538060668,0.2558361025583401,0.1697205105809286,0.07509525732022423,0.17654513878400585,0.136678947752303,0.22345031501966123,0.09350143514872553,0.12048706987028618,0.022118992333815746,0.2526867527516671,0.6053326499212595
1442,Front,0.999999999934602,0.737388526504899,0.8962038287447113,0.18883874885126783,0.9999999999339759,0.6376393694324209,0.710010395742356,0.19546175129992088,0.9999999998502771,0.4430604981924847,0.8050798153448866,0.3472506519842876,0.9999999999165415,0.4686746987654613,0.5788762383661153,0.40990097502487693,0.9999999996917386,0.6540220261058786,0.9607286378427556,0.04986227210157614,0.9992403137505088,0.5326589821584994,0.8012278053012807,0.06972721254981565,0.9994418602791736,0.633976987129085,0.9572384962967075,0.07719501617643826,0.9994797085328324,0.6049881387058416,0.8418675372098717,0.03610094332162233,0.06766685600519666,0.3894554132011122,0.024394090843743516,0.3136369941872246,0.012074358769414982,0.34488413088479664,0.47298263318799433,0.1312715276108415,0.02867480552197525,0.08074339330954824,0.0,0.0,0.0,0.0,0.18459308740774358,0.41933342824084074,0.06849705116421932,0.5700981551852967,0.062296337306696946,0.5736898837323174,0.04798199595142238,0.5745285108924105,0.08898022451511801,0.6137418148073004,0.07479621124232184,0.6104076751681633,0.07055507611961463,0.06711290113833167
1443,Side,,,,,0.24323253662727892,0.009163142380548304,0.10436693356602904,0.10097784308886248,0.9678095521832895,0.3699161158890496,0.5373901883703217,0.4429472986083176,0.9875646802714434,0.35935320226002837,0.5690510020395982,0.5037359294739812,,,,,0.9964547984308804,0.9335058416895237,0.9211549442263436,0.007000299278114505,,,,,0.9580645160293377,0.8894659228768694,0.8905976317945415,0.0064660863118754,0.16270275334926157,0.22605679810744178,0.03570541325570278,0.20951466440026648,0.03480484380572187,0.2186046413063574,0.05350957587458503,0.038538004445368056,0.04302013011069541,0.034761570585945666,0.08149934210473693,0.10716362897486174,0.0032813217231644873,0.008267592012382164,,,0.14294027746284085,0.14701727258904285,0.13351044746081228,0.07492387913546468,0.10570370351233925,0.06270469457340191,0.023454392250467433,0.010497474110879652,0.035599199404590554,0.007731921778241962,0.1315040992376627,0.35679418099865323
1444,Side,0.06572493623270388,0.0023958471980303573,0.0019476470936345169,0.036217315907720746,0.7197940049703028,0.09233628091167907,0.18174102767716185,0.31265792001255577,0.7507111841966295,0.43645144887922915,0.3007379121313536,0.16021999372624157,0.9446670004219107,0.12422320861609237,0.24658628948120756,0.637198342946667,0.9901356347132753,0.8842661170294154,0.9061254515113768,0.011189525248323813,0.843757913182133,0.6222065395889432,0.8070820725476221,0.054503363272306066,0.9341395347099276,0.7166380107977359,0.7876493406330212,0.03486313039098295,0.8501560873204832,0.1881772135546466,0.6416275955275609,0.4395481711675864,0.3272832026821382,0.3935130005575123,0.10408043553718521,0.4120443380511652,0.3412065518101442,0.34037992357582647,0.07048564867761084,0.05393004382963475,0.4459014658695286,0.16438699814858457,0.02963013284219494,0.02133069330521903,0.3386587933054123,0.291231754785308,0.38540499493523406,0.20042098698936614,0.6133300647106558,0.2983348396499663,0.1314365822877683,0.09384501357529704,0.5610325120634438,0.027463298963722606,0.07438442059556438,0.021796461772184864,0.3783964052398897,0.04874916957458887,0.4160324253094573,0.5893620516200304
1445,Front,0.999999999934602,0.9239318513959849,0.9688531368336144,0.04153606445195984,0.9999999999339759,0.8818403177699705,0.9541450835960004,0.041047484278006946,0.9999999998502771,0.8235256735623075,0.8992029124780728,0.05405790900224335,0.9999999999165415,0.6766645529057282,0.8301979313090397,0.08248934579576368,,,,,,,,,,,,,,,,,0.1376953164999995,0.7541709212958299,0.31427991249431136,0.5661537657391447,0.2182868655312153,0.6017610870126322,0.09418412986658346,0.10638650524539314,0.07509664960185694,0.08354187648178682,0.026655131401218276,0.04843730360899509,0.005290444025254209,0.0060389576868608436,0.5970621645177298,0.7678837484975419,0.10650182316660614,0.9999999998356119,,,,,0.1055297643107335,0.999999999830582,0.8770915276829859,0.9913682487396674,0.1164635540971682,0.21814514785858188
1446,Side,0.32175789678099814,0.0038599760412711312,0.1317160400554548,0.1805001841449536,,,,,0.7382841741670486,0.34748347735463375,0.3825122001730937,0.3520152885440685,0.9935736937912223,0.23284717817166473,0.4565720576211555,0.5564021434742595,0.9981504312582766,0.8695820183635228,0.9273426921800639,0.01838823482610373,,,,,0.9892093021415422,0.9297711942249853,0.9361543922563607,0.004766121585664511,,,,,0.339864833404075,0.31298229978431036,0.1492237075452033,0.33659720792552833,0.13244945021195684,0.3512007720982605,0.029975652600485972,0.055253493638705506,0.06510444814628724,0.07028968152814165,0.0,0.0,0.0907485303177761,0.18898544281338614,0.6194420078560666,0.29122268603862556,,,0.21647578351655672,0.18519752565760794,0.17236330540443692,0.17648347140625797,0.14828481114923847,0.016507919775002888,0.12464726987581183,0.016418240844296807,0.3175064771065937,0.949042684733814
1447,Side,0.3376495977805474,0.006388925861414286,0.14524668246134015,0.2112801250250168,,,,,0.7989219941909085,0.3597483477148101,0.40823238708677817,0.3580820580468526,0.9992488732265692,0.34920735571660066,0.46562367378242187,0.4430395679231988,0.9966091242303913,0.8772460874040544,0.888594743193272,0.013590079290193728,,,,,0.9346976742447075,0.8965083983007202,0.8914288208378488,0.006091845059645263,,,,,0.39164876619561817,0.331880977476639,0.16500290109105745,0.33516091350802407,0.1460221800775362,0.34970216279161553,0.029304017880306548,0.04914599514746872,0.04855478994303191,0.06631292425532258,0.0,0.0,0.07335696692476608,0.14144983074359938,0.7479843879750384,0.2551733639389079,,,0.22084268341887248,0.1673005780796139,0.1758719491685678,0.1580176559672354,0.2093227626617818,0.014770649926772843,0.17595538401026325,0.01469040867837081,0.3794218037525567,0.8471567879221741
1448,Side,,,,,0.2813944275530572,0.0005126233499607443,0.17499036662532425,0.14741489614715575,0.9805360082376798,0.3150101677481565,0.6327342019726646,0.3648513735283042,0.951844433237202,0.5414711477145548,0.69111718765912,0.23464504334441888,,,,,0.9916434537878843,0.9790637496291804,0.9738427987849901,0.001058626593113584,,,,,0.99708636826253,0.9234468166363117,0.9240016872419449,0.003753110895853335,0.2848937668117421,0.32668280467533883,0.1363972294137508,0.25530228233412944,0.12141654651513216,0.26637879507910844,0.08401115775413585,0.12079100660062149,0.013939136285515045,0.059129982515668325,0.10434497474537502,0.16135887817030925,0.005896035687557936,0.023222562338003787,,,0.21510786424158426,0.32263949660010105,0.13532171082423597,0.17892514570497167,0.10715898713400071,0.17001171916671834,0.14030905030193117,0.030390996113170237,0.0622364346991389,0.02472606266746816,0.1867829461714257,0.7579093067246576
1449,Side,0.930678176644387,0.13356848129019244,0.4416566917041639,0.7859683728881393,0.42394031424640566,0.15570934255057609,0.25873290283962863,0.11796332368819352,0.5852672554895545,0.09284443314102413,0.2029457151429007,0.3752086490939276,0.9126189283164231,0.4241597970561725,0.5387802672969505,0.35721149203609315,0.9614673239946154,0.41817479227035637,0.6079948225611983,0.30666425034290307,0.7125854644941543,0.6785854308257989,0.6670750056297485,0.0616582167556946,0.8096744184540142,0.5860335934012675,0.6868525218865279,0.13784616389704815,0.9357960456882628,0.8595883823261147,0.8753561534118498,0.008331411079507037,0.3019548879362179,0.554423505815589,0.7506931203910863,0.2713684948490512,0.08500363758020311,0.4181332760777854,0.7375173441718187,0.5017538310272102,0.08504119667320838,0.09794226393050258,0.6895562284743765,0.38326648901866867,0.01068877074841766,0.04901559996935367,0.3819103438860712,0.34959855910030374,0.3971740318714465,0.4345205686405429,0.7664358039036308,0.11581119429709594,0.1303556447490497,0.1740626350016021,0.730060965567274,0.10150590558503708,0.03366791402509543,0.03806275565908455,0.5911997230127977,0.8994768343259765
1450,Side,,,,,0.15660900566772684,0.002242727156078256,0.026170841531512574,0.018939557617992476,0.7501122921470114,0.07257244534363419,0.3400147255360413,0.20084018965421413,0.8962610581792471,0.32016486998603905,0.2938461230613625,0.30627793024195715,,,,,0.9782223345205815,0.8503881438994442,0.9350678716810875,0.0187560855873222,,,,,0.8008324660977283,0.7780983521973392,0.7390274574075342,0.00532138603616954,0.45447609805079936,0.29906755464174567,0.30532728503743145,0.2031950008038693,0.13999069968398895,0.2726095985694384,0.19773857478440832,0.062082740466204614,0.04316147520238175,0.04259967833828619,0.22498641795456,0.14094176062701466,0.0,0.0,,,0.18757579728652424,0.14271501965248037,0.4892066931242488,0.06660776830796548,0.0790490516001741,0.07220166370777156,0.6175544008431276,0.023776162353245537,0.14847228911777643,0.016374017115325396,0.16569396449818571,0.3469679831055798
1451,Side,0.12824537308689785,0.0010648209769023812,0.06037793032809906,0.037914255528808644,,,,,0.841443329713813,0.4501779359144524,0.465965640367687,0.25785303614254285,0.8096311132691011,0.2883322764560347,0.33991919262982584,0.2646471703955993,0.9808877925459654,0.48489727568204427,0.6776286195259259,0.20239838927075024,,,,,0.9992558137675804,0.6964687210225851,0.7246549367614927,0.06429645620410927,,,,,0.2723206082644272,0.3515963248266798,0.10824219189094383,0.29235291271385666,0.38493687386000414,0.2748856807855006,0.06440462621737654,0.04871017017555876,0.2945560249201832,0.19528829960272376,0.0,0.0,0.30693008260509236,0.368118420472037,0.335515725701289,0.28024300621120624,,,0.024872619464910633,0.07421885240989891,0.018417196774594594,0.06197725804618742,0.04868059989783856,0.007313751222946233,0.424252185699649,0.07578989843358076,0.06620134281463981,0.23978919229928464
1452,Side,0.13543914720192013,0.008651670437331846,0.07920929434896873,0.05430921917724165,,,,,0.8673454108598074,0.4910396542646772,0.5478168162780677,0.22261849394718317,0.98047070597726,0.03138871274372931,0.27207390118534197,0.9727692251575161,0.844327989875361,0.42770657561488323,0.4972701066513247,0.20152554239250184,,,,,0.9737674416792992,0.4831371511385308,0.6555317442470855,0.29929850425427634,,,,,0.17388407561748767,0.13167178072003358,0.03843192353921161,0.11510634113945896,0.18542908935153515,0.11331950206279456,0.045965208022280414,0.044097908761785036,0.3004328638630233,0.09884242254248704,0.011286331170697524,0.037707568171425135,0.005800997726384183,0.03918422379823899,0.3446290973459244,0.16629679506276365,,,0.04794695670812945,0.051567862460081576,0.0369565796986088,0.038606289443765984,0.03693580880743419,0.005724545306181086,0.031048006149922393,0.005693446832912867,0.056166340551716175,0.06331905482706295
1453,Side,,,,,0.2349135085015903,0.07304882736940607,0.09111956684036361,0.0473867828616708,0.6432100612901317,0.3262582612909089,0.3387376760103688,0.20253491651140723,0.9935736937912223,0.4892200380159023,0.6131453704509107,0.33057342941932993,,,,,0.9964547984308804,0.7874225671773368,0.8934216461167308,0.046029488598504906,,,,,0.9792924036441943,0.7562992882761878,0.8170674091714606,0.03212302067136431,0.1083536720212801,0.18430838511093073,0.02048869018032972,0.11664637598953982,0.02171593205993552,0.12170718100268414,0.22727088614968244,0.025673380549339025,0.04004212143054716,0.016450405569907782,0.4053363193131759,0.07568668055715734,0.0,0.0,,,0.07418814299022905,0.11146187072123111,0.025137631464287054,0.06618785087887585,0.01863012418759502,0.05369098512640044,0.23661753975916056,0.020848634193125166,0.020176892687041224,0.00960519661969318,0.07884141661903833,0.27558686472216704
1454,Side,0.2989994113989275,0.00019965393316919645,0.1472329733792861,0.18897202669788082,,,,,0.9456505463474099,0.5213523131341287,0.6426235607919175,0.2501048354387018,0.9938240693545465,0.460684844612512,0.6454780921330239,0.36852298040946896,0.9941430329857759,0.882076383017835,0.8975710450549423,0.006925807924182682,,,,,0.9637209300532614,0.8125909270723058,0.7810639472486864,0.020758863116026312,,,,,0.22437780155241022,0.24836817431129218,0.09106901037371395,0.2340668944861749,0.08656062575044547,0.2987469828316352,0.028045553090842355,0.01353691115350365,0.11062392332944875,0.2238479000938417,0.0,0.0,0.12035129816211065,0.35519094220806136,0.2200958226745714,0.1900775900200044,,,0.09894567963351802,0.1239114371229796,0.13418874765346045,0.10616507679551689,0.08853071364828907,0.012515569510794742,0.08220140954100641,0.04693356823777615,0.1251524108644189,0.6631771478604491
1455,Side,0.4461447910243839,0.2497005190836084,0.29423996611215236,0.09401470252072573,0.9950481974782088,0.25919518132390135,0.598221101549445,0.48604036381274984,0.9970055396021854,0.5648195220790023,0.5538731071700458,0.18989325792299538,0.7323485227230556,0.041027266959985584,0.3239221105374801,0.6424339164697619,0.6174475953707006,0.7649900173397958,0.7271968021309011,0.0205709694408258,0.9878450238065728,0.554928252132445,0.6549588215336642,0.2045632650958382,0.8742325579768871,0.8630472159196503,0.830432259465678,0.010359716588473674,0.9975026013530174,0.10155799191501196,0.887962151308922,0.11089273634948285,0.4064056901254327,0.4481895206888393,0.14730677960723879,0.3826008029342947,0.3808417857682662,0.24696391942637466,0.08614692430807462,0.1500741961882269,0.4884764033457602,0.5348771022995896,0.015579862922515625,0.04377253453031741,0.3771140553480871,0.6721144990778859,0.6315648604096281,0.28385418269001506,0.4653390926469126,0.38951403728894146,0.1611958253603717,0.18584455405682965,0.7153063755432293,0.11538260621166671,0.12422712088884104,0.047462134726787286,0.999999999592756,0.1480507150369801,0.3482697959975688,0.9183598448786581
1456,Side,,,,,0.30311633432568885,0.08881199538069895,0.1885048704867204,0.08161633217722015,0.8918999848941609,0.42399593286578574,0.4110043458464907,0.2156245479468566,0.9100317141620738,0.47190868735117886,0.5692429014770333,0.2641956337525564,,,,,0.6318055202249165,0.7858543087284675,0.7504239106263031,0.014667797231201698,,,,,0.9002081164515913,0.8578572801911998,0.8654245484774931,0.006767785510874948,0.03649031398149762,0.05831500462890145,0.02952308119494428,0.0898214729362226,0.02948701037170378,0.09371845607579656,0.05146447434497034,0.027878514024008462,0.023099890624303343,0.011850229883702011,0.11023558506044666,0.16070209919594788,0.002126077383079966,0.01297542232979953,,,0.04811566352347489,0.07967996910500046,0.0350852207449198,0.028411960364831516,0.02662264700203331,0.014714359685826276,0.03607566089854046,0.007552281052387347,0.030324971284098626,0.0075112534427066,0.058870448128085597,0.20299809337280095
1457,Front,0.9998692040416015,0.72055104480763,0.7481572397374805,0.08149927726897574,0.9999999999339759,0.7604126617480191,0.8736735433045121,0.07791113645255496,0.9997005538254677,0.6896924249688808,0.6806064463889228,0.10382649245494585,0.9999999999165415,0.8722891565711929,0.8948352329232003,0.06911200890693918,0.9996917382861619,0.5291427835042736,0.6225347803845511,0.06804098511909894,0.9999999997467713,0.5949188425786154,0.8133078812109782,0.15579621369026797,0.9999999998139535,0.612220605699496,0.6017733513309802,0.11634163984132595,0.9999999998959418,0.7239853817577747,0.87482318280179,0.07701619682270086,0.031014653686438423,0.2785454658147676,0.010539198891285993,0.23665279930818087,0.014198287769448158,0.22999971097238722,0.057283748451548766,0.031252937452946515,0.05137565421506278,0.017818498757357217,0.0,0.0,0.0,0.0,0.12354944137847085,0.26477073312402255,0.04757927064680691,0.3527141730081342,0.007010599488177702,0.2878847827580474,0.005010245218618846,0.2890410243677106,0.053454814820182696,0.46322048943955935,0.044933777623029844,0.4607040537686645,0.0520293458348609,0.19793846052521114
1458,Side,0.2704859067248391,0.0016637827764099705,0.12639254230840402,0.1623278991668241,,,,,0.8797724208893889,0.4581850533516659,0.5569290707542021,0.23724038651908255,0.8987648138124884,0.4474318325651596,0.5645633890315844,0.2481270371359826,0.9975339084471223,0.9722419011417375,0.9830127183417318,0.0007583916947980997,,,,,0.9936744184197814,0.950866287465225,0.9630619837215079,0.002902518036521134,,,,,0.30952810019210514,0.24552912116072598,0.09610538819945827,0.19285171113702923,0.08675886423249768,0.20121875124638725,0.017647946547510434,0.02643431159489312,0.016324294950724308,0.024798608230106316,0.008093658833866533,0.013433511080697036,0.01804255872014026,0.12376262362817962,0.2204705034126642,0.11636389346352917,,,0.1524199472802561,0.06123759901039117,0.12089679245608664,0.048583385800775106,0.11069851590301873,0.018312394988148607,0.0631491582834537,0.005660989194007925,0.12533288426366274,0.45484074530112334
1459,Side,0.12268654763438058,0.0005324104884511906,0.02042018057113289,0.07678281084589189,,,,,0.8591106451775551,0.5034316217270316,0.5423089593081184,0.253300453702593,0.988900016609172,0.22396956244616553,0.46208366820510705,0.8208112169193249,,,,,,,,,,,,,,,,,0.06279566103369762,0.11144806219738135,0.06681546883367205,0.07306132115936892,0.04400012742755647,0.10846603413583934,0.05187475791544032,0.0656957583576363,0.14654715004075056,0.061939266621189905,0.01748429218809524,0.024954574509625106,0.11304487683371575,0.09593456277365521,0.2014763840145088,0.018041630559294464,,,,,,,0.032556955701767476,0.009229895342868864,0.4300034399261647,0.05994577498131573,0.1161839397225647,0.17695335799221598
1460,Side,0.3260741612500115,0.20737388525173872,0.24369155672914697,0.06947250154952633,0.3927769707914448,0.037934127897095084,0.2958904772564514,0.1579618894784018,0.7616409641021651,0.6893111336623468,0.6423905572049677,0.05737612785098057,0.8733934233956442,0.3032339885666941,0.6208462927346715,0.5401881181392271,0.6670776816685946,0.8481355058383373,0.8388645705081129,0.005374364628252429,0.8153963026550024,0.7214772994023777,0.8007771518053631,0.05804583434704745,0.6498604649953749,0.8350085966912439,0.7200600778156494,0.0013991729468178103,0.9767950051012702,0.8764505994180642,0.8856436395441076,0.008031849200742831,0.16277118624712134,0.22535878750428948,0.0843568547033739,0.18091825291473693,0.044681163689021086,0.14895061783384367,0.02522964007067087,0.0562471035841836,0.06897441084007902,0.3524428845843339,0.012167366570528634,0.026253706713491705,0.02622614580462588,0.19212142761829007,0.33557376731997673,0.11578419460089186,0.1394952704150063,0.2466016625034194,0.03798730315446768,0.08601383537713073,0.02240357273233042,0.0783688576609016,0.052420025973086495,0.013078674451059417,0.18480116900757473,0.10466799244385519,0.20025257917530773,0.403729628126239
1461,Side,,,,,0.2714908226415231,0.09361783928658093,0.1313528038265433,0.05580506344120348,0.5300194639122597,0.07600406710244001,0.22031218029107463,0.418707760740493,0.9424136203519935,0.3246670893896851,0.4233973387123708,0.43529205346817434,,,,,0.9139022535036965,0.7698580725499995,0.8059479285980884,0.03588572285919199,,,,,0.9999999998959418,0.9053664165605331,0.9434958550424982,0.00588138254679249,0.23019043377927428,0.31054709479143083,0.31345789186762346,0.24076950416500228,0.08852243638836886,0.34206563971553683,0.4028052265803838,0.2186806989953864,0.05612344129162656,0.05469076871805855,0.38556980231988,0.14191410050094608,0.006747877843327326,0.007966048799689464,,,0.35533116576788126,0.19867743958317288,0.12201325986400866,0.10593877737904614,0.09646613533607404,0.09470542454873283,0.6889474225544998,0.0760471505048662,0.06845060761031094,0.010853635272968242,0.2941910329262705,0.4747842275065035
1462,Side,0.22065267149168444,0.06289098894829688,0.08402376246927414,0.07302512498026976,,,,,0.825722413411331,0.48226995421439567,0.41303000801704987,0.17947246762134086,0.5803705557853137,0.1922003804570577,0.23221315376988239,0.27121740572868513,0.8054870527726611,0.9328266889332886,0.9159066877421963,0.0019190997822818607,,,,,0.9151627905274116,0.9269937838297185,0.8888907537853589,0.0033324220090591447,,,,,0.08397976229839575,0.20508790685232886,0.04006288542571353,0.16293042454296366,0.03855299433625867,0.16999930347148437,0.048846467051787315,0.05738961703670627,0.08041803068779771,0.46952610066229306,0.01950743975456877,0.06847455316306882,0.04454823854239074,0.4241334176252545,0.10043268401645726,0.031176410040589908,,,0.06412340831171676,0.03254099202761742,0.049953764730166966,0.018974635707455594,0.03690065629224255,0.027766041612265667,0.06573096172866062,0.04072535506748266,0.06751397044779556,0.21407607511774537
1463,Side,0.3181610097234869,0.0016637827764099705,0.18834109208762065,0.23009525327222732,,,,,0.9916155111556199,0.39031520078861753,0.6172002562034997,0.4699313775407151,0.9935736937912223,0.37970830688778007,0.614391846734677,0.5036089392581155,0.7167077679664896,0.8961164422685567,0.8485099925979349,0.0033862492500234377,,,,,0.7131162789370948,0.8759423356119598,0.7860590544179934,0.0008465908289248411,,,,,0.29019294239673515,0.33337918677898215,0.12311801960464495,0.29680282262638746,0.10999421830529152,0.3096798725983274,0.08442872550180852,0.09684603190521555,0.1221700528861924,0.0864988372214924,0.0015930323120828703,0.007678210487041765,0.047581368052688214,0.03876054419197342,0.217651373994625,0.19245783656877416,,,0.04673932315203565,0.13052770851818662,0.035986290468096156,0.12007593325025603,0.03952942504236713,0.01232333186878206,0.03322818347411649,0.012256385624809999,0.12397498721357242,0.6699044187251658
1464,Side,0.2549211954577907,0.26494076931552374,0.23862357060842898,0.016008385696658713,0.2670672124477045,0.0690119184884652,0.18231738542963072,0.07861032526250634,0.8311124418578961,0.7548932383861914,0.7312174641743532,0.05750990199737692,0.951427140631662,0.633291058932575,0.7669412694097003,0.16187043049208807,0.9987669540694308,0.9670895858203715,0.9776111534114922,0.0017002400233749673,0.9997467710813507,0.9558535245859129,0.9722182736831284,0.003314783122795549,0.9996279067907667,0.9999999999338711,0.9999999998795858,0.0,0.9955254941732024,0.9606334550900408,0.9720016622297311,0.00123176095069711,0.19763533568618424,0.19928272846860265,0.06283514570874965,0.2133229631219924,0.049139405944091705,0.2156960119142885,0.035110793344772226,0.16515504951273488,0.0,0.0,0.0037342762058178943,0.0,0.0,0.011648335167851543,0.2595986691728635,0.1456709208149094,0.13736603865077354,0.15515280571618797,0.06600893939286111,0.07951449445780154,0.09801353076554437,0.08452549504035006,0.0,0.0,0.0,0.0,0.13251521744918987,0.4547367324713786
1465,Side,,,,,0.4343721114198882,0.18287838009849552,0.29032838883593637,0.09696141138971294,0.6143135198960455,0.2894636502103798,0.42475844811129543,0.21186925660516412,0.8495242863587444,0.6687381102936755,0.6986599835502763,0.07576957224153595,,,,,0.9913902251224638,0.6301262447557339,0.7876525745666181,0.15856253902592096,,,,,0.9960457855363117,0.8939539654488713,0.94487911702983,0.012336637140064662,0.37871972858372704,0.295396683243665,0.25283459717913914,0.23659682085205253,0.14138194776937946,0.15385222062086934,0.18665190627807343,0.3045249702588274,0.010706837782702426,0.08345323306867944,0.2790689180176,0.5032598130825655,0.0,0.0,,,0.5457098035865992,0.3904781436342351,0.5250586838513849,0.08057266560839181,0.15768671945239715,0.131836784206284,0.6649967079919961,0.14303059126166454,0.1076993060974171,0.020678621383686552,0.44001704775068423,0.9128504457940805
1466,Side,0.3032502779214406,0.23226407558683188,0.2642241962657441,0.04341516006016487,0.26508649146539764,0.09662950146760031,0.19407405645495512,0.06491683637892641,0.727504117273918,0.7459964412337319,0.7285689721750279,0.03881430040259272,0.9621932898545992,0.27793278374902136,0.5518367169088155,0.7396309265494955,0.7028360047155257,0.8300379982720397,0.8462047150649881,0.004511032366562436,0.9989870850850883,0.9551478082839217,0.9877390202311996,0.0032492574742614536,0.6891162789415596,0.7995635497421265,0.7814056879152287,0.0031179883692376426,0.9290322579678427,0.9314611783720291,0.9287581322693197,0.0008787795344986666,0.29737171399365514,0.2673374733903554,0.10772291052482981,0.2320554581420224,0.11061655819203775,0.29297826447215974,0.019335152729201277,0.10411390746986277,0.07390652946708641,0.475204748114019,0.0,0.0,0.02496928843918491,0.2319944219762848,0.47906661022181957,0.14688821644800806,0.34298896609331253,0.2535500085390085,0.07706765104123586,0.09055661480185455,0.12324226660100397,0.06285117031438449,0.14040591755949322,0.016020408559075203,0.10350156857314063,0.028830548081430915,0.262300627772804,0.5678746113539609
1467,Side,0.3521679419035924,0.03853320910165492,0.12210005542285207,0.1530575898904967,0.5684669219220607,0.012367038317802956,0.21939276610648528,0.15380407760841763,0.8543195087806082,0.35682511436471626,0.3098184440171198,0.266929351379203,0.8927558002927095,0.25091946732714526,0.3781738988465908,0.2112946804596926,0.9143033289413368,0.8983705802216545,0.9185410429140601,0.003755951579695662,0.9440364646887726,0.39096683130314697,0.8101373307601054,0.20439630334211056,0.9964651160936809,0.9511969315598997,0.9477336820883902,0.001963909055543422,0.9991675337149669,0.8206706417374706,0.9223711390592965,0.018811412296759818,0.18462039921975246,0.25762127768672655,0.08004727804413349,0.23795693484750088,0.0873210406764253,0.22313947213658653,0.03968254780664806,0.1019960421100135,0.050385985166846475,0.3708464867709019,0.0,0.0,0.03222483589628699,0.336360967299025,0.3754458325808949,0.1283937664101664,0.27224999468139427,0.3636639166805,0.14109800597625152,0.08906966023551113,0.12843698895569652,0.06493346755932321,0.13220843795837428,0.005687088993545507,0.09098752240961122,0.01047397184940903,0.24929911253731776,0.3535284287343903
1468,Side,0.38728663917420136,0.007653400771485864,0.184985620056581,0.19129745091179,0.394097451446316,0.0007689350249411164,0.19159794276255532,0.12653711987912897,0.8835154961995036,0.2051982714663702,0.43695438715320567,0.5383266465363827,0.935069270494486,0.09245402662698453,0.4747944359155354,0.7586841824492786,0.975647348651157,0.9041025310166739,0.9175715790155275,0.005535396392505746,0.9873385664757309,0.8169058260160821,0.8891495518564992,0.026295530683752285,0.9196279068056508,0.864898822849828,0.856903133091327,0.010160928806920665,0.9957336107184461,0.8795281143245799,0.9126801803430217,0.009203628975299362,0.3197473439262135,0.1656243540713385,0.13999619762923673,0.19067768539578941,0.11057296280478279,0.1369549839664787,0.03200347631656891,0.10014562585400881,0.035241247426643904,0.09596241306360166,0.08052257063174344,0.031676037121877984,0.047535104455256605,0.03226134058238474,0.4189458671000705,0.20993433627180114,0.4437811823315992,0.19001930703150546,0.12842864163046264,0.17490537589019273,0.13030163127506064,0.08781084552494231,0.15624122054896503,0.03242108219894487,0.16547964096193113,0.058427133135278475,0.28212662481128054,0.5974691320161809
1469,Side,,,,,0.21715304369357233,0.0017301038061175123,0.1085976622199527,0.11257691512278738,0.7469681088865148,0.4123029994654103,0.4072222591911144,0.18136402578086885,0.8038724753126463,0.37013316421242026,0.45719266382195783,0.32497237161943704,,,,,0.8447708278438161,0.8688935935961034,0.840190647065356,0.009396232870362512,,,,,0.8510926117740799,0.8197730332230702,0.8201319600134139,0.007149279931751819,0.13738463026499304,0.16880409490512774,0.06085838312016512,0.1738237684243017,0.04470388924284815,0.18823667293060475,0.04283797486969692,0.31546958548228266,0.03771686411146264,0.038381154291371705,0.06718061902684776,0.2845300441586696,0.013417023223626411,0.03884664592551996,,,0.20361714347705853,0.20566633818929717,0.1627158274904247,0.1049196344372406,0.14307359208487094,0.0966693442375767,0.19528111703740833,0.01731583804988637,0.11618680942063474,0.027005173997921624,0.17798129680703376,0.4907466318028147
1470,Side,0.21627100907617083,0.03347530946136861,0.10068632114187062,0.09938480254284769,0.5124125181227775,0.05209534793976065,0.27552770202860977,0.21589193344186902,0.9717023505058092,0.37805033042844116,0.5056586858224038,0.38857105614890014,0.9910699381579813,0.1777425491326733,0.5187686893147714,0.7040079332874373,0.7829839701655416,0.9145359695424398,0.8727758336126115,0.0021968081974052863,0.9587237272831797,0.6363208656287681,0.7699941673847047,0.13440660326812373,0.897674418437642,0.9254728209942155,0.8975604579923919,0.0035733680211149626,0.7979188344643167,0.7773289734707105,0.7763170980979951,0.009163759168757649,0.20772062252877924,0.1723539223183187,0.06035839796164574,0.16035351534403702,0.035678896466859004,0.10110688704104585,0.04598496671310865,0.06988601739778974,0.051445590265756645,0.12801582872463985,0.010919456111055133,0.03378857977921955,0.02030806227726093,0.1821368442572612,0.11496636359484289,0.1258795322795106,0.21745015995218397,0.2831254906767787,0.04026100527836385,0.07944911693932268,0.03078119987340167,0.06737377044455646,0.08117135191369698,0.020400210591887957,0.13926400964131197,0.021025032461117157,0.08186717264179127,0.37963974408650764
1471,Side,0.1987443594141165,0.0,0.10365222559657566,0.1280704152876532,,,,,0.9985027697262312,0.40715556682720166,0.5878864491821497,0.43929252272704555,0.9991654147054612,0.139759036135716,0.5647460974070599,0.9046605246850089,0.9842786680073127,0.8507116634990203,0.9071989673776648,0.014726217275226603,,,,,0.8459534882147063,0.8378521359054455,0.8453317018426146,0.007370027916446526,,,,,0.07590365615281412,0.09414873374465099,0.04207233940896618,0.1297435932004138,0.040281458849526934,0.13537263243392492,0.011056720194327225,0.05660967153199093,0.011040902002280448,0.07753844441992089,0.008766696859660899,0.019600344232394082,0.005175267601147226,0.019962515461774924,0.08365242257482403,0.03777606850339967,,,0.00737202095719345,0.03630552650996234,0.004356108314541365,0.02285882873321452,0.0,0.0,0.0,0.0,0.05943138035259288,0.23272863449941453
1472,Side,0.0,0.0168374816972689,0.016330573734158867,0.01092056855510968,,,,,0.6246444077519624,0.42031011690262393,0.40839832832836637,0.20256079976109434,0.8683859121291615,0.16544071019876724,0.3568480866421937,0.9881949914224296,0.9716399503786564,0.9179493784428446,0.9522523095044607,0.0044931494886499045,,,,,0.7125581394023149,0.7989683903717122,0.73188086851536,0.009882925552844037,,,,,0.3406093460779157,0.3610256941001059,0.03515853150608109,0.387018648170157,0.03433443457761649,0.40380979061435524,0.058211718302331496,0.01796038176441574,0.3807201659726675,0.19447497727415838,0.0,0.0,0.003968746559536385,0.03417257688346105,0.09422746529759143,0.17334035777155074,,,0.02517236718172771,0.08608399159867103,0.01865803306142246,0.07421953955611278,0.0,0.0,0.46263432800081133,0.04610458948976568,0.06452508737644874,0.6158728486821918
1473,Side,0.3116212150734666,0.01969918807269405,0.12668864081744344,0.19772091568691505,,,,,0.936367719578325,0.33648957801623736,0.43105123198467604,0.4684140387643497,0.9645301284456244,0.3253646163395457,0.5143908288777873,0.5040345647452655,0.9996917382861619,0.9511174083241374,0.991381198785278,0.0019339214931316585,,,,,0.9518139533112904,0.8653617245823725,0.8401572391552269,0.01007946011797633,,,,,0.23790414751403838,0.14113682721969878,0.07859587213417649,0.14794502462252845,0.053533489603303626,0.09990909040912177,0.01575363432394489,0.025601315240514823,0.020681907063493286,0.08494933951685514,0.009937961668682408,0.01777536081103255,0.005866703488064316,0.01810381036280011,0.2600887852304706,0.09767909260271773,,,0.08181496959273123,0.10167681310316158,0.09042188832682044,0.07544551128595858,0.05342985290800815,0.009577772680926265,0.26380994722600004,0.06756549342331461,0.14441592020582403,0.4020320492822435
1474,Side,,,,,,,,,0.9892199429571464,0.2971530248921484,0.6056460219775817,0.4811948078719231,0.9999999999165415,0.2854787571156957,0.6142931271623681,0.6019062328950862,,,,,,,,,,,,,,,,,0.013872675791217022,0.21371915999456442,0.0,0.14968886591693606,0.002809208071226579,0.17227622484018382,0.02278350889403646,0.02678426534647756,0.01908804054796851,0.0353819257099697,0.0,0.0,0.0007782066373538977,0.009047070858901572,,,,,,,,,,,,,,
1475,Side,0.374926427285663,0.00033275655528199413,0.17168445252392978,0.2517313849337936,,,,,0.9152567748292775,0.4994916115595137,0.5937352224856925,0.24598980684943042,0.7513770655356888,0.318960050709007,0.5507845473865729,0.253967235209418,0.9963008628248146,0.9428092998684349,0.9526814333468006,0.0040804870509687004,,,,,0.9994418602791736,0.9741436317303171,0.981130157949419,0.001201740811295713,,,,,0.30499662008516276,0.17946754666853118,0.10656532642540349,0.10640618856425534,0.0957561501545468,0.11102271409235105,0.013756524254203411,0.04417335204643812,0.021318206425979633,0.08033824606076695,0.0,0.0,0.0,0.0,0.5527453080156397,0.11689084388958487,,,0.12874775210375308,0.09942787047027926,0.10128204485767357,0.08523451745358127,0.1530724495169804,0.011576986166356735,0.1286717282614459,0.011514094429884277,0.2853805124791634,0.45633006087231354
1476,Front,0.999999999934602,0.8149873551966599,0.9448836447561645,0.05607182082046249,0.9999999999339759,0.6902473407221422,0.7227563644534236,0.1876318142051676,0.9999999998502771,0.7124428062587416,0.767465247421526,0.11942814483859218,0.9999999999165415,0.5440076093504117,0.6163513802557278,0.3767946916719558,0.9999999996917386,0.4182391962118735,0.891914177518918,0.11198362791730614,0.9999999997467713,0.6000940954598845,0.8504391670554328,0.23939725676038823,0.9999999998139535,0.754066922314901,0.8824123680486161,0.04656345936041337,0.9999999998959418,0.4297621337161145,0.8116349987114474,0.3077905437202694,0.06642765799060563,0.19598484774008898,0.0008024476311495586,0.1280807103535585,0.3598690432349066,0.08247708066857751,0.07549209263274267,0.0732400893476414,0.047259865959369166,0.024632136813228775,0.01870442898914717,0.027755624782958198,0.0025927829890823534,0.015635121288875033,0.062309752640197266,0.1214593713887214,0.11305906373985071,0.22322635249216521,0.0879171361912927,0.06566777191210538,0.39969805049785295,0.042805945715271604,0.0401034995671864,0.019252034668512916,0.6840684503853245,0.04444254892740751,0.07075403863374713,0.4951759289051526
1477,Side,,,,,0.7782912979810978,0.6787773932667707,0.6806034851949285,0.021864806495872358,0.9821829613741305,0.46797153021937143,0.5382257404188922,0.3264228771458275,0.9961609079455715,0.9733671527600909,0.9606709340782774,0.005160345466812552,,,,,0.2051152189908551,0.6546694894805404,0.5706148551971034,0.017709958170045143,,,,,0.9141519249829186,0.85484388017857,0.8572865217927376,0.007050371558539612,0.21551619413164932,0.17734437746989995,0.027974309613139285,0.04910852219435096,0.028154809315785536,0.05123913836824364,0.0686766142734897,0.0357116490534697,0.020680146811117343,0.030356419044422142,0.32712157439706413,0.0909189092940538,0.01040920648483079,0.05476501780190955,,,0.23390447042953685,0.09629132210922522,0.16838122814867676,0.0,0.13265594954196794,0.01289693159443558,0.09497302517789935,0.08630410004387544,0.06047263351048807,0.06395079082119004,0.20118074943348657,0.2409378529122833
1478,Side,0.34412399448406744,0.21868760813132654,0.2677904006690658,0.07904634308330068,,,,,0.9088186852958798,0.5990086425648826,0.6325656683955643,0.1777561670760878,0.8011183441160808,0.13887127456316609,0.37252690426392104,0.6990981385923224,0.7364364979234163,0.8094931409280933,0.8054993657260473,0.01155558325093125,,,,,0.8567441858871175,0.8338844067693504,0.7535564407426846,0.008338022807802643,,,,,0.12566399970717643,0.23667640930697276,0.09708569629618882,0.1964784590678011,0.17628397362874682,0.17353557047881793,0.06453709734491944,0.11154252075009972,0.20737430885695696,0.356499948479134,0.0,0.0,0.16788382368885993,0.4412781940443531,0.15543683884382098,0.15815487877544324,,,0.1158269754914718,0.13632271687767464,0.1776924272750295,0.11108107924242802,0.043211698993159776,0.015551534372182688,0.03632347955564965,0.015467050985278417,0.09400795795502322,0.5729542567110865
1479,Side,,,,,0.3878251683356777,0.2602845059425679,0.3031960516414463,0.05096267964204583,0.6912711482720062,0.5180477884775008,0.5057416807195848,0.16830366498277238,0.9875646802714434,0.6833227646998526,0.7682030882506083,0.15781123194979346,,,,,0.613826284980039,0.8396455735246888,0.8161187076503369,0.0019800974900285656,,,,,0.9998959416233201,0.9763416040920471,0.9972417310813922,0.0008608234910639845,0.18739105540290404,0.29663033621402624,0.09595299653162079,0.14222249875378673,0.08662778206183333,0.14839294621577748,0.03851815679277039,0.11717135976928975,0.037435774431171236,0.08823288288772287,0.06043607785962229,0.08147202930739667,0.0016560087098781635,0.03082642419310706,,,0.2558522611792709,0.16320712911181626,0.15354322345673138,0.058177272482804056,0.12179930362880592,0.04542578450618035,0.1263757620719793,0.0056492400996182345,0.10623066245735502,0.005618550720317832,0.21799229350116442,0.39377125705600535
1480,Front,0.999999999934602,0.9604685211659477,0.9844674084678298,0.027098065037660508,0.9999999999339759,0.7973215429451928,0.8006009909504594,0.08098168793434549,0.9997005538254677,0.6308464666604698,0.6165577874639909,0.10309114927567921,0.9998330828743254,0.5696892834134629,0.5659486996735118,0.13448652080171325,,,,,,,,,,,,,,,,,0.20955147903873036,0.42351737530129735,0.5715006098159966,0.26568291753287504,0.053149863935094,0.3297708642052042,0.45249734063942276,0.17111278333422658,0.06572128921853398,0.048872700279703585,0.44793253761846674,0.1675068452552993,0.0,0.0,0.35567617515589806,0.16406136537736915,0.23573069863120164,0.2388855352812425,,,,,0.2168228261376553,0.6560509748519179,0.18225988970385076,0.6524869915811431,0.193341807296095,0.5772559855712026
1481,Side,0.13713949381092544,0.014308531877125746,0.08359189957370572,0.0483755417797396,0.9729301465091159,0.04517493271529059,0.46138770607102386,0.9999999999976474,0.8884563556088554,0.30693950175985385,0.44345064479537305,0.45990251594039616,0.6740944749896431,0.17577679136488417,0.3452554867103639,0.45230269607082263,0.9975339084471223,0.7903651702975226,0.8952363601756834,0.02608455669112077,0.5603950365762481,0.06437700932608979,0.19610234421609626,0.9968034034056218,0.9858604649328633,0.8805713529374043,0.8900963569206577,0.007990172083232872,0.8148803329016775,0.718984420034687,0.7494439254220565,0.022033524523312593,0.3868694845528653,0.31492280190593375,0.08105107149539661,0.26593977706115346,0.4048875454717158,0.18576958766468696,0.06401684273786191,0.05057206863754468,0.25030169386011564,0.12401410729958127,0.004303113555384295,0.010308314094136906,0.15655012099721807,0.08181170276743524,0.23591400384976915,0.08173822867100525,0.4210166998486818,0.449745876776851,0.03983793433273332,0.06392287475629385,0.030441277899375122,0.051354015044149146,0.0,0.0,0.0,0.0,0.4736697983082985,0.2650361158790507
1482,Side,,,,,0.3809586689303473,0.08688965781834616,0.229866040382619,0.11136056466157328,0.9649648149476022,0.6051093034694263,0.7162275559675402,0.1647295087831393,0.98047070597726,0.5940393151176893,0.7515492151890893,0.19820075362447032,,,,,0.8766776396868377,0.8111816826777086,0.8631973323980773,0.023893487561080257,,,,,0.9786680540084632,0.8638199653225734,0.9061356778421512,0.007790383081889796,0.2228066968340226,0.13110951216697211,0.08206099550065772,0.10716800734339055,0.07467835151979195,0.11181758504532235,0.013954011497035367,0.0411646145869686,0.013574484553106041,0.03692362296843034,0.0,0.024016936889898498,0.0,0.024460717032545216,,,0.21878939130478883,0.16457601024097854,0.1579617884991057,0.07560322427645182,0.12534945843636447,0.06340563320766883,0.11039697117350163,0.024966047416705526,0.0927989923761409,0.024830419883569717,0.18960291812965854,0.3968977345238759
1483,Side,0.2589104701943032,0.22880340741189917,0.260263767221469,0.023366808999047885,,,,,0.9591256174638233,0.800775292272447,0.8742918825524454,0.046052415721762684,0.8804039391687194,0.7892834495377753,0.8100391214846564,0.018902068658637434,0.8486436495534392,0.9229084819396594,0.8902513798065206,0.0024289261493652178,,,,,,,,,,,,,0.12300610197720117,0.08963980336009413,0.054663250974286114,0.06133360752540858,0.05111173613466658,0.06399461971550567,0.0,0.01676227783188307,0.029692210997509957,0.04873087533558562,0.0,0.0,0.038917786309430345,0.13869522762797823,0.13229527722013662,0.02632419652316231,,,0.001950356561475079,0.02390008511121746,0.0,0.010059071103566904,,,,,0.08286130464346977,0.20036230473456956
1484,Side,0.24517690142926052,0.008385465193106251,0.12015436860631935,0.15999880126680013,,,,,0.7679293306231578,0.38529486525258677,0.518180749559764,0.26994014878000216,0.8706392921990788,0.3746987951569627,0.5699743311559272,0.32542665012657107,0.9774969170846189,0.9173697429691909,0.9520959434434103,0.004432429455479455,,,,,0.9049302323897802,0.8846713397113694,0.8575634698863192,0.005530462729526863,,,,,0.07489604046107617,0.0,0.03636932218299961,0.0,0.03537591586332484,0.0,0.001051580100753632,0.00808441946523502,0.003969756932492084,0.00969418623427529,0.004492297531386647,0.017079560850777987,0.002651950015048,0.017395153550440263,0.17673249666603066,0.0,,,0.029821569167068063,0.01809995952312046,0.022393496186052082,0.004074584186666859,0.011006460665952646,0.0,0.009251960887792874,0.0,0.10426549021000725,0.12596244880415103
1485,Side,0.27113988618984103,0.002662052442255953,0.15792222663646746,0.17571566839707017,,,,,0.8123970653073219,0.43721403149229704,0.6014079455170155,0.24413745449780314,0.8954264729681667,0.4265060240693401,0.6462793659527409,0.2942247592121133,0.9969173856359689,0.9122818315893423,0.958460877042517,0.004928646263878563,,,,,0.8956279068101155,0.8964422694817853,0.88819354381173,0.005077561044347333,,,,,0.13843027308506808,0.017166937985529224,0.04205086712353371,0.002289596378358951,0.04026298911411715,0.002388932519163832,0.005746021621758236,0.014739717291824961,0.007464356574629593,0.015172388840070364,0.0,0.0,0.0,0.0,0.16398822564586565,0.0052949996793016435,,,0.047334588571108595,0.028418610566712882,0.036464564380334324,0.014721221269347062,0.04310052024447407,0.005855415764543347,0.03623002340606508,0.005823606340233028,0.09812692561871929,0.1409276620042966
1486,Side,0.4243672748398164,0.0960335418543835,0.18930991464797123,0.22949483096413684,0.9057837052089142,0.00012815583749018608,0.2386249115723095,0.6748831607568401,0.8965413982787034,0.28870106759731184,0.18437310149970884,0.4487383453831467,0.9559339007714961,0.14508560557101552,0.22763683732608156,0.723841182554027,0.8245992599184343,0.7330456623473274,0.7264862330134213,0.05233609435047478,0.7566472522773744,0.8261585508644118,0.8429573916112881,0.01724870643258532,0.9296744184316884,0.8018119295859139,0.7748844477357133,0.04507026328377515,0.9795005201894381,0.898954927171959,0.8951449589150724,0.00724698495687318,0.06540973855496507,0.12866903021633128,0.027865517293202535,0.1437583037983973,0.03517534529373457,0.1362859292173429,0.17799541764388388,0.17272533760460557,0.13568891214828335,0.145215740681934,0.02721389987247846,0.27924214800930663,0.016065254287388482,0.2844019284111391,0.12860669822801468,0.168828028874372,0.09928879372161194,0.18377778702179537,0.20633044215343546,0.0692435244424447,0.11029966044083557,0.10475669353443327,0.06526028377774436,0.01595450731536322,0.054857379802910056,0.01586783478632957,0.16858223062266617,0.35808306827921826
1487,Side,,,,,0.2748580483114447,0.001858259643607698,0.05438987546571634,0.12993846656987143,0.6876777959742958,0.228139298409498,0.1559054977080624,0.4835625684097617,0.9012685694457295,0.46233354467581905,0.4324325890914616,0.2314949517329757,,,,,0.9926563684495681,0.8528973574176354,0.9036523376895499,0.019388163904248357,,,,,0.9200832465223638,0.8638199653225734,0.8582708040689601,0.0036882313963577224,0.27006785635372993,0.1976877153902483,0.09630078764861472,0.15976098234696173,0.08692694024548124,0.1666923522545778,0.0705198887205085,0.3342598611100607,0.013693473838844466,0.036925189643970915,0.04282566875305236,0.15038842753138967,0.0027055681703178134,0.0,,,0.3543439126581336,0.22363532540309952,0.26290935983939107,0.1355392912599854,0.13452478748203156,0.12404852958941864,0.18762865161058198,0.01692765649689214,0.1437523178723836,0.03326760612457791,0.293434817899905,0.5317871812322505
1488,Side,0.07586161794023531,0.005523758817681102,0.03891174708393993,0.031914679059410866,,,,,0.7427758645391861,0.4963141840050639,0.5019605065286217,0.17425300934675023,0.8023702219327015,0.23728598603441434,0.31199662318637456,0.4458759341626623,0.9747225644344261,0.6108713852894395,0.7114529773635607,0.13083672688975154,,,,,0.9949767440009344,0.7529427323930074,0.7994852236882276,0.06925448900114708,,,,,0.16399415059819827,0.23715351448385943,0.09186438931908149,0.19414365298243405,0.0831109000956548,0.20256674511837627,0.11238072141122833,0.06730792921919876,0.4175083931825649,0.04252809874675206,0.020992259693159432,0.023200797098013926,0.4830071234016969,0.1259972938037345,0.2482089757679702,0.25411043748958384,,,0.13270961774029982,0.06682052502279903,0.10506026623008859,0.05434376929106393,0.07687337274156024,0.01933683171099068,0.8408510798191174,0.04469567098197846,0.031181002299608903,0.22022826815684982
1489,Side,0.24308416714125405,0.08392120324211891,0.17664234456766723,0.07307341219135118,,,,,0.8120976192825127,0.6586807320374505,0.6694454159373847,0.06262980197772283,0.8952595559259505,0.6474952440933738,0.7086580330242599,0.07473675101686271,0.9821208381682731,0.9645778321012057,0.9930463777244022,0.0012477308464143235,,,,,0.7908837207830912,0.7406427720711122,0.7184225100230927,0.05440583562260173,,,,,0.2798759722049134,0.06885335874607394,0.09024462189683703,0.054567556711843386,0.08171763081333674,0.05693501787143481,0.01478002079576019,0.023523838687632335,0.014189375970287504,0.02240289872467288,0.003849595524621327,0.0,0.002272542020674447,0.0,0.24854966895344538,0.027507741715336896,,,0.06304916649010264,0.02636551440148085,0.06197578416352169,0.02765538530793847,0.25076481551093716,0.1392531191814596,0.21079131026367748,0.13849662950887287,0.13885784548496924,0.2037073485883278
1490,Side,0.361389052360121,0.004059629974440328,0.24862048579340398,0.26164913314420807,0.2508913244255321,0.0023708829935684427,0.16448649470722898,0.11395492547238066,0.7309477465592233,0.1751398068012748,0.4769089196386381,0.3804388490996239,0.9410782840142649,0.5017121115724976,0.721885320063923,0.2632083308861276,0.720098643427836,0.8863270431579617,0.8117967188153303,0.001119210978047583,0.997720941757984,0.9613424291569558,0.9756960346588761,0.0031225779764224837,0.891534883555063,0.9305647400522044,0.9136680145892903,0.002551364438092443,0.9546305930328167,0.9380650124422604,0.9286958163167903,0.001074886848014241,0.05131260170248259,0.12431290489255889,0.09411582059642086,0.08805097377440979,0.0038185098065909888,0.10151937883719152,0.17826461375322003,0.07003761112824726,0.012814359448688651,0.032781049681507954,0.23144867036814215,0.1359064945893458,0.00487719038345788,0.0,0.09688719849017796,0.0601293807829877,0.055340324068715224,0.16415323335000098,0.09235948771163084,0.06901641265522847,0.06037870012435022,0.06043653817571177,0.13443359919843473,0.016712040630553524,0.08090942503323972,0.016818870427373397,0.06348028858178081,0.3456383446335529
1491,Side,0.18782290234858265,0.1404232663290015,0.13786124358623905,0.03127703354590632,0.9577446189780968,0.22350378058288456,0.6745547279089082,0.42589071537360257,0.996706093577376,0.5847737671209473,0.6267725876408867,0.20926031615244975,0.7818394257401237,0.20507292325903154,0.38301543232589336,0.5426700501487804,0.973797780217695,0.9098988857532105,0.929485835276298,0.006934801720789026,0.4345403898621066,0.12616639221154505,0.20830938956076128,0.6729535685429927,0.8427906975176205,0.6778203940829374,0.629211029420591,0.05966407650753395,0.6810613943099831,0.6795537602949571,0.6484267754048534,0.011899540213282288,0.11835759131259006,0.3096887458986989,0.04924713130029459,0.2028991883202722,0.4245164713839403,0.1672450418660864,0.12958190748713458,0.06283039140631382,0.4948943478569453,0.2535207173281732,0.012159127226903328,0.014105681232507005,0.3938723720437746,0.29676415678224743,0.05946828752634125,0.0869557741321021,0.12892647607221783,0.4316416418263148,0.11971042961672174,0.12122758868645002,0.09461589576847816,0.1104802021555969,0.0,0.0,0.0,0.0,0.4264808637093059,0.3050358540633237
1492,Front,0.999999999934602,0.6440170370927714,0.7451236713951856,0.22073584762881704,0.9999999999339759,0.6020120466101492,0.7380768514176707,0.13822869002948399,0.9999999998502771,0.7824733095588159,0.815257336724951,0.08453626630465125,0.9997496243532173,0.5369689283109087,0.5751816666082368,0.14779016225479416,,,,,,,,,,,,,,,,,0.0,0.13643482805827162,0.053508266687951486,0.13411279433966933,0.01849697488231244,0.11355842379307575,0.013736154898569363,0.02444564844711971,0.02325153917787208,0.029128451457490264,0.0,0.0,0.00680344762585578,0.008513432310711052,0.0,0.1476979251922586,0.027878245191025584,0.21878462733230508,,,,,0.022943386749392093,0.25569972656518025,0.025109849062991803,0.256287684764894,0.02134903544141132,0.10371624726179231
1493,Side,0.23719835195623576,0.0002662052442255953,0.07590580243636941,0.09824680495931333,,,,,0.8766282376288923,0.3506609049090836,0.4158990463523784,0.30012765739107194,0.947588048660692,0.3459733671308831,0.4530083691008181,0.4593993139812121,0.9984586926638533,0.9021060088296446,0.9453007636205105,0.009309068500281788,,,,,0.9181395347129041,0.8268086231433138,0.7759966533144642,0.016539488954486557,,,,,0.5212727324508013,0.29073115134578165,0.188941664069428,0.2882610977965374,0.18437621900772583,0.2653672774493965,0.12914870347916066,0.05706737361526582,0.16469081168893368,0.08717189103857302,0.15781521128052725,0.04732637514337001,0.11600964593593735,0.1257697258007163,0.7936408163631702,0.19165727924534232,,,0.3094124369949158,0.1507379185506511,0.26279017384624076,0.061957483087258715,0.3323285361083807,0.03921735069459616,0.3196946812648752,0.11258320762647385,0.40141324871042067,0.6676418102738513
1494,Side,0.24641946241276436,0.0013310262211279765,0.12460516420465573,0.14636947916438842,0.4433513798730126,0.02607971292925287,0.250847673653079,0.20541241633317167,0.7704746218340357,0.4337188611824022,0.47671175191042264,0.2363968443333009,0.8720580870579153,0.2318960050582184,0.4976705301843406,0.41369048453742485,0.9969173856359689,0.9799059701822691,0.9919262643888115,2.4602224587280647e-05,0.7396809316941806,0.6236963851153693,0.6228843430585751,0.08808849840520014,0.9544186044735967,0.9490808093539821,0.95929659424202,0.001577873219996105,0.8577523412218782,0.8583701993422856,0.8486531043948062,0.0016110752966984538,0.1525480593411155,0.34051126506824725,0.09926061835877124,0.32921523042009143,0.07081597599355738,0.25940682335684817,0.060909178885423756,0.14823396220509433,0.06032881405646878,0.2960401201672902,0.0,0.0,0.0,0.0,0.27270085630377194,0.23505522023671208,0.23406457378106676,0.42105706420908556,0.11073391027549531,0.16670933497115892,0.08982081918158827,0.15146488436761543,0.08214619768613177,0.013564526318757581,0.0638337933256714,0.016373401779787432,0.1695186245736296,0.5198563791299848
1495,Side,0.6681708193925726,0.11979235990151788,0.1781170125031035,0.23464770759128997,0.3338175095514447,0.0008970908624313027,0.044372809857757434,0.11843080656519676,0.6408144930916582,0.19064565326698998,0.28474613974951896,0.17630524409001735,0.9914037722424134,0.43842739375786766,0.40337951724371324,0.2819317873727588,0.7170160293720663,0.6686417208302542,0.7733412381615614,0.04812302908803267,0.6090149403370437,0.7816200109165201,0.7190938681343609,0.006171231994437499,0.9955348835357143,0.915884142248652,0.8833476795637116,0.0076058689731353085,0.819875129987526,0.8308007949714176,0.7822527399865997,0.0016947772146124287,0.3673322844108756,0.3904331032012169,0.23792016248589665,0.2789724954492171,0.0994575854050596,0.4477467313531549,0.19620132827722075,0.6640259721552004,0.031162399917512174,0.11345095363615727,0.15851961591930214,0.3005661357485472,0.05257774751981561,0.1819758539486931,0.5109409280584032,0.23581462703442452,0.3768886080717417,0.3082585810964668,0.44809233107627894,0.11256283381343503,0.18392576621859444,0.1251217070309117,0.2348949661350608,0.2570373113416548,0.2717026395585422,0.12957039323464586,0.37265231360482637,0.5699024607746828
1496,Side,,,,,0.2618513138609632,0.0,0.09653179879006982,0.12745706845016935,0.7192693515916652,0.3978774783682081,0.4114202056751835,0.25047505239889545,0.8435152728389655,0.3872542802544544,0.4720932608838499,0.3018884952625768,,,,,0.9989870850850883,0.7160668077537782,0.9379360482038409,0.033094906481840235,,,,,0.9996878250780763,0.9169712123538519,0.9813888429193867,0.004063427754064553,0.4483493259317164,0.3636411957356371,0.19563553906384631,0.33007552429100984,0.1723713416532868,0.344396139516964,0.03995875981426749,0.07796220199471425,0.03293273702183165,0.06721297206693233,0.0,0.0,0.0,0.0,,,0.3991966388015462,0.3381954070115252,0.23063366061034257,0.13107698574054522,0.18373863991853934,0.12064266965984377,0.20634659334532277,0.0098716446199021,0.17345363499693092,0.00981801711589861,0.3277910586128617,0.7934384716444001
1497,Side,0.20822706165664592,0.05730067881955938,0.09827320703036364,0.0623955310365022,,,,,0.6707590955725768,0.419102694431933,0.4381792175658187,0.23098068997181842,0.5813720580386103,0.4103994926816487,0.38607873875493415,0.11746926083087138,0.7281134399728382,0.6412700456854981,0.6584117914833382,0.05615967345817619,,,,,0.9925581393502216,0.5503901599953451,0.6487375075188037,0.165001649657882,,,,,0.05598931189093842,0.13507510500213585,0.07542072490033268,0.09661906996460132,0.0689666148058304,0.10081097279479334,0.03168284782871249,0.012044071289892346,0.013912122643953176,0.014310511144082353,0.006746364568082158,0.025271919513734305,0.0,0.0,0.0301179431644936,0.033153515891230306,,,0.011493052098579263,0.021777050931346426,0.007667205555021894,0.007868554694811285,0.0321267788377316,0.013911986511919225,0.027005566119627598,0.013836409934652624,0.033645295044040374,0.21966395280728493
1498,Side,0.30462363479794496,0.003593770797045537,0.15778351361102363,0.17415990098953107,,,,,0.7490642310601793,0.35135993897106255,0.426238017182898,0.3777941712102883,0.6831914537904197,0.22149651235120504,0.37098692993769755,0.5014431696142978,0.8893341550896009,0.8618535453814739,0.8904574499228165,0.012118732476658697,,,,,0.9871627905140162,0.9058325617705439,0.8909657691014503,0.007349026372362805,,,,,0.5077180710379808,0.4784393760453323,0.2097603982553241,0.46496300915738586,0.18452106892788792,0.4851358358543882,0.050526093973386775,0.13716188734635212,0.03565701827044642,0.21517813685342282,0.0,1.0792069093359663e-16,0.0,1.099148278144404e-16,0.7944597562529094,0.3092524302458019,,,0.285028961624889,0.215120427753816,0.24880589188328622,0.10986718412621706,0.1407924201790635,0.0418905309216589,0.23721750553067808,0.10498692941855184,0.40180770951571837,0.9999999996245432
1499,Front,0.999999999934602,0.689338479922179,0.7773431010206932,0.18697857303339138,0.9999999999339759,0.6650006407365756,0.7280309471097786,0.07619664942733549,0.9999999998502771,0.6959837315266915,0.6793261909467191,0.135316650703549,0.9999999999165415,0.7873811033108825,0.8135361217532099,0.04913653394164144,,,,,,,,,,,,,,,,,0.08200488405565658,0.6037574928180169,0.005645398730920447,0.5200995511543764,0.006900995788478798,0.5594540666709273,0.15732952529169256,0.2646327873603559,0.12555070059388818,0.22120937618332592,0.02067037058560768,0.003880834097703419,0.002461305926106985,0.07025504707009517,0.19463456491627082,0.10728504532087565,0.037940223846409625,0.19602697890338194,,,,,,,,,0.04450371882883883,0.44744006998490005
1500,Side,,,,,0.720058101101277,0.5289632192407431,0.5498242310688767,0.05705509942241566,0.7846983080124723,0.5193187594992807,0.5832214838189702,0.16023686807932655,0.9963278249877877,0.5861128725056365,0.7529926541751015,0.17319321979528624,,,,,0.9982273990888259,0.8678742256043384,0.9298602611510068,0.017965470491991008,,,,,0.9799167532799254,0.8781175866590936,0.8766504046108632,0.005829987631950928,0.347167245393228,0.36376226922460053,0.15138454942024113,0.32229504813118753,0.13936721233657093,0.35488130592453904,0.23219707207456255,0.29581953142696193,0.06475230927279661,0.13946021628459676,0.1768391338524867,0.22088694531888983,0.0035413179147235642,0.03316468397876395,,,0.30263816077395833,0.3564154758813459,0.1352768851642573,0.15530202488192718,0.10712297136174227,0.14563771978436316,0.09700096839797884,0.07763687113439961,1.112048646185835e-15,0.0,0.253829304239549,0.8350524829496803
1501,Front,0.999999999934602,0.5962997470653334,0.9073369076503618,0.22378596990684058,0.9999999999339759,0.4858387799252954,0.8111367533713966,0.2959514576274985,0.9999999998502771,0.7198779867361542,0.9153903066907794,0.10165016193120595,0.9999999999165415,0.6138871274182697,0.8938655958932934,0.17885279913437346,0.9999999996917386,0.457396792654254,0.8132639258301331,0.1530859094075421,0.9999999997467713,0.3617188112317322,0.760400644220525,0.29813710187798054,0.9999999998139535,0.6103689987693183,0.8217958742132684,0.15936115661962302,0.9999999998959418,0.5663268576927404,0.7733615469106272,0.1637896951663584,0.15366886929359108,0.8806306429253524,0.002627682694782141,0.6984206819513195,0.04123216291353312,0.7353761142445245,0.11788725724939629,0.060280531634093956,0.06567105213570787,0.0846044460850147,0.010622595186930333,0.020605761282274652,0.003530836558557213,0.0,0.33163562639122396,0.19668147434956604,0.19767024246834128,0.2816601710848747,0.5087848046677017,0.1744821001489613,0.06613685522166769,0.16573447703604569,0.2563008830581447,0.09283230833910268,0.2657820343561638,0.1135443737686907,0.19055685841285427,0.7290083528962856
1502,Side,0.3210385193694959,0.01297750565599777,0.1879828238018292,0.1731764230142231,0.5420573088246363,0.16173266691261484,0.33414425061860137,0.16229471166144868,0.9201976342386288,0.4469369598089135,0.5778413326669763,0.2930174352367083,0.9555166081659558,0.20634115407695997,0.5011480146480779,0.8157959978446642,0.9038224411517192,0.9428092998684349,0.9205665452536279,0.0016325662413566185,0.9721448465504826,0.4106484748364583,0.6027644956433116,0.3637549785394542,0.9998139533023603,0.9313582858794235,0.9431254557905764,0.00921901812056877,0.8869927158286167,0.7724562415353942,0.8230135402012803,0.021610064677394177,0.6282317861147756,0.47783216822586927,0.2769786161131485,0.45605043015354907,0.18590901617466943,0.31922457048390873,0.09392769066524395,0.11724858178067264,0.03484691005030117,0.38266299389697334,0.009932909230627987,0.03995603338598451,0.005863720868796373,0.04069433295669651,0.6426573130025302,0.25294732357342514,0.6771307221661711,0.6513138377001096,0.24810243241692276,0.21275427734695182,0.2693000883048481,0.12987183400263086,0.17377777601129463,0.013776296134012989,0.2842094156148023,0.09921436027078195,0.4469892845096815,0.7382930795895285
1503,Side,,,,,0.40783045025697673,0.0958605664426592,0.2024089160351207,0.15964801301856948,0.9553825421537085,0.32689374680179883,0.34039984777577664,0.234083374686782,0.9914872307635213,0.41312618894019487,0.5107526537031759,0.45398202225319784,,,,,0.8718662950438424,0.7738571315946164,0.7831647808040992,0.01453355505976538,,,,,0.9961498438089335,0.9188305442765384,0.9629282544492976,0.004666696696501158,0.4524564433127971,0.4639569458737584,0.23592735635778095,0.31022179595357885,0.1967985648623536,0.46370533421921656,0.067887290203659,0.4771499291431725,0.05555887137576938,0.11597560457749712,0.05007597014912727,0.4819165737211611,0.017622178902853163,0.07774744159581419,,,0.4387186271543581,0.3557509418601865,0.3747421760303228,0.07409122932023493,0.21249133697340986,0.18345926893252654,0.26394597862178254,0.012703564537823911,0.1229593565145895,0.02599464240774547,0.358064066789942,0.833534710076984
1504,Side,0.2443267281247579,0.05956342339547694,0.16042412142247303,0.10952352755691527,,,,,0.7408294653779265,0.6494661921295459,0.662954309522167,0.08714408078222359,0.8555332998785233,0.6383005706633925,0.7027068040397173,0.1043806263710859,0.9987669540694308,0.9066142847358398,0.9481785522120434,0.010748995361093987,,,,,,,,,,,,,0.1294310718417429,0.3315003724976015,0.06133954226651082,0.3035321178548948,0.05685445663238772,0.31670112418414514,0.029103533340605017,0.0661270481838402,0.024851973765872604,0.05747105335253932,0.0,0.0,0.0,0.0,0.2001418946149246,0.2888512156302747,,,0.09788600951472562,0.12158973906713007,0.07708077538341193,0.11085386375692116,,,,,0.11554115290778535,0.9423402178011838
1505,Side,0.2428225753552532,0.0005324104884511906,0.10005765975535436,0.14871265671519165,,,,,0.854768677817822,0.34182765630771306,0.4371796012160613,0.39408152540556257,0.9190452344417424,0.33132530118380943,0.4957101994396215,0.47554452731715546,0.9275585693811473,0.9555612802888155,0.9471142569681448,0.0010715221477166574,,,,,0.8619534882117298,0.8998148392474662,0.8469201067562325,0.0025434572809248587,,,,,0.4438149838345393,0.4646291283572599,0.1672692253161878,0.4686883891915468,0.14797159570553545,0.48902284475865176,0.09479013501168698,0.14944808461907028,0.07374988284960726,0.12605543992850424,0.0,0.04100441199418688,0.0,0.041762083294542375,0.493548981248656,0.2923776065985209,,,0.25473867931750677,0.24244656865244865,0.2031061375628748,0.2355522180400839,0.13069534444791558,0.01400315604281346,0.10986167595085601,0.013927084188967194,0.25686727112929353,0.9523068270293515
1506,Side,0.3178994179374861,0.23505923065120063,0.2645923004412768,0.061393024581139946,,,,,0.9592753404762278,0.6779994915685054,0.6973853686581615,0.1178119613426003,0.9138708061330437,0.22663284716381532,0.4247909046244171,0.9691469611155755,0.98859432768539,0.8637856636269861,0.9231606068191945,0.015519208638922637,,,,,0.9866046509792363,0.9051712735811948,0.9060693451387042,0.01362372742388828,,,,,0.2496321090393875,0.22146401046033903,0.10096245481411051,0.21303955191607193,0.09093674904696716,0.22228245914905412,0.05429977398289696,0.1343032109371731,0.1588291849351896,0.3641234959564087,0.0,0.0,0.006975252973734967,0.012476829599436221,0.33338523235381057,0.20683940586104926,,,0.1187437921431175,0.15760206652188563,0.09383923804336335,0.14801086996768062,0.15467842526321082,0.02779335677013773,0.1602660353040738,0.08044166435245538,0.17972080145533775,0.7105509274403371
1507,Front,0.999999999934602,0.9385065885173363,0.963248981836718,0.03630392689756771,0.9999999999339759,0.7996924259387611,0.8469758236087295,0.044291934618154914,0.9999999998502771,0.9642857142244352,0.9589344891715473,0.009740873146539904,0.9999999999165415,0.9317057703911411,0.9309135562328523,0.013318378401532225,,,,,,,,,,,,,,,,,0.021035346264058855,0.24700603817711977,0.02608986161229717,0.24563006195184547,0.029467166623506895,0.29180319252859477,0.04758598226619926,0.03792517539016781,0.04186920512930573,0.028408911076217836,0.006765507017395107,0.01840239135242742,0.009302565996031263,0.020344208853029812,0.03479287579646202,0.2967508049776962,0.19633670647414345,0.42185446655026126,,,,,0.03426977845287739,0.3310380984594889,0.03419173336312178,0.31527142729768454,0.08305328512303439,0.21076851668078025
1508,Side,,,,,,,,,0.8360533012672479,0.4227885103950948,0.506564425673627,0.26840227551273305,0.9202136537372547,0.39454660745754305,0.5849006881146062,0.37029271630765526,,,,,,,,,,,,,,,,,0.018445767887334315,0.22803561971839756,0.01162425288609312,0.2301291977192461,0.025870557376749946,0.25718011051074907,0.12210114103948462,0.19834843274890612,0.08636308123109203,0.1807237130809973,0.022330672522301004,0.015218165379912963,0.007142738691148484,0.013937752653892915,,,,,,,,,0.043775149588082464,0.2714184056594597,0.03679711254491333,0.26994393081797496,,
1509,Side,0.2910862598724029,0.04931452149279153,0.14971172312875408,0.12861660515478635,,,,,0.9925138492300474,0.5052109811575235,0.599498213442648,0.24508996654524629,0.699966616533136,0.040012682305642824,0.32273067069157463,0.6998017946802214,0.98859432768539,0.751078765972108,0.8405639676485748,0.03582257640987248,,,,,0.9999999998139535,0.8079619097468613,0.9040073427690446,0.03778023728195947,,,,,0.18306142597032557,0.16439338709735404,0.05193356127890701,0.14662275025161617,0.0487637491640669,0.15298410647224084,0.045015791258206206,0.02520729760812525,0.037185913430290735,0.026317897042761832,0.018969774429304944,0.014661846940818683,0.2577336824404429,0.14287128446841132,0.06797481483191256,0.09654980954655189,,,0.06278679041237328,0.07381999197729006,0.04887984131482369,0.06156571953648423,0.04264524105648802,0.019268676194712106,0.03584731861402389,0.019163999512197563,0.05187990819585181,0.3988403660485511
1510,Side,,,,,0.2755182886388803,0.0034602076122350247,0.08282559847015218,0.1303102073705573,0.9453511003226005,0.23436705641621972,0.27775041346699725,0.8146232935011523,0.9695376397121067,0.5091312618573791,0.5609260849340896,0.35643971280517966,,,,,0.9999999997467713,0.9438563474520618,0.9742345957660873,0.004173285974035135,,,,,0.9244536939724816,0.8981855484453302,0.9081609876998004,0.0021382694405929934,0.21733154579659764,0.21335814088916333,0.10792809327785695,0.20654853553585592,0.0969283562184604,0.2155098243477022,0.035118950086478064,0.22551916332746294,0.006053603658977962,0.06354189011846263,0.0008348581980727374,0.0,0.0004928440726539637,0.0,,,0.21471118366086994,0.21835672884015678,0.08290745230189771,0.08713485724726483,0.0395934397301532,0.07493649870664085,0.107405272782597,0.025047713854632985,0.07005984019101184,0.02666655713384096,0.1864790972264675,0.51973104804111
1511,Front,0.999999999934602,0.6490083854220012,0.8430404819671651,0.2778009886185171,0.9999999999339759,0.5586312956197211,0.7587219486349323,0.1957071343359189,0.9999999998502771,0.6063802744912061,0.7385001359047614,0.19269484115942098,0.9999999999165415,0.7044388078183614,0.8323846998185431,0.15214962886696815,,,,,,,,,,,,,,,,,0.022012946138585288,0.3210850774189034,0.00673992814846795,0.3367443323455812,0.019177572512458916,0.3348556297043927,0.03829529677171275,0.03419872836375188,0.028903366076881043,0.01786012454538617,0.0,0.0,0.0045281486640007034,0.015728969197201785,0.06836557761562735,0.32950164763342715,0.11031268920529184,0.45659356794355277,,,,,0.029182069846746338,0.26383144226335903,0.5185370713216414,0.2592012702787682,0.03652924411295335,0.04498876494293361
1512,Front,0.999999999934602,0.9181418873340782,0.9300955793971485,0.06469764129560858,0.9999999999339759,0.8721004741207162,0.9316348679780864,0.0607438983035421,0.9999999998502771,0.9213904422393625,0.9736610989362225,0.01750896750785542,0.9999999999165415,0.9999999999365884,0.9994738715977521,0.0,,,,,,,,,,,,,,,,,0.0861745296823732,0.44596348002900943,0.034298192209937656,0.32054176741530077,0.0256928315032322,0.352645058397594,0.1309280476376625,0.04884200115542426,0.07229532874744792,0.023905481805825978,0.01316396857709274,0.006632793812822587,0.00733913549851473,0.012998578644123607,0.07953732164513003,0.3688475272000911,0.06718973251257604,0.495768231282793,,,,,0.09374549542482737,0.6452531781979232,0.07204090342442114,0.6403289180450262,0.04432702269862081,0.2970807768726639
1513,Side,,,,,0.23768651787681988,0.05331282839591741,0.16748003765711086,0.07103204042556303,0.7933822427319385,0.2151753939873427,0.43704730711626,0.6670578915638377,0.9090302119087773,0.6040583385793241,0.6827736124363352,0.16914848131885432,,,,,0.9972144844271421,0.963537990985373,0.9547901823447842,0.0037185768063740994,,,,,0.9927159208124127,0.9362697954134597,0.9620365740351118,0.006448769552900349,0.06574749389978667,0.20448480344884643,0.04925077387362021,0.21732204072172936,0.04645610596082452,0.2267507474759787,0.08729619226739371,0.3661095251226895,0.028188413225763344,0.05569650507537345,0.03856509309484697,0.12291478491619892,0.019517468859208055,0.027717103509343585,,,0.13998806414009837,0.22764974066879945,0.02497502127982506,0.07703670040126082,0.032346398438657484,0.054235451134145345,0.04593980384177442,0.010552050428900912,0.13779129022191747,0.012590548143423985,0.1292427661978864,0.5409559677744152
1514,Side,0.2256229154256999,0.006588579794583483,0.15061358058743468,0.04475245269277873,,,,,0.4895942505630193,0.08687086933865844,0.32764082184809046,0.5749769156745423,0.9861458854126068,0.07691819910736092,0.4737209675728028,0.9836332893779517,0.9984586926638533,0.9167257035540203,0.9404815690081693,0.006914426404417811,,,,,0.9739534881908922,0.9071551381492423,0.9029805714605141,0.007148414723420283,,,,,0.5169744754976271,0.27415128783465026,0.43656201755933066,0.35176269012652017,0.3796081690983559,0.36702422200462204,0.22037054647942586,0.04643420945719707,0.16723347594818047,0.041261206214402275,0.33911675172670186,0.07068269057119975,0.22097025198134138,0.09982457260669644,0.5282626992177566,0.17719773856823576,,,0.27183650103612195,0.14578118770939938,0.2168436096586807,0.13581425568319663,0.2920870878454875,0.015267833657924685,0.24552654977774105,0.01518489146924781,0.27358791365328766,0.6267749316874457
1515,Side,0.1069910404743319,0.0036603221081019355,0.05544554894357402,0.05173966952298878,,,,,0.30992663567750767,0.42272496184400576,0.37780911166565684,0.10332949596573511,0.9183775662728779,0.25979708305264443,0.5403334736681088,0.4240691348400916,0.8372379775470906,0.8464610033588934,0.850449689555673,0.010047309277247042,,,,,0.9681860463315001,0.8713133182865154,0.8422741900585656,0.008483994709484077,,,,,0.284469323308172,0.415562973971584,0.3072769857883662,0.33990165693096214,0.46054091585066004,0.25568547936895536,0.15581502424056462,0.09066433438599045,0.20086660519631414,0.0682034880190228,0.09700325181596353,0.10230686670710294,0.18012176445335723,0.21594448560623541,0.8440774815205101,0.2036097512869575,,,0.1463993016205197,0.1487423010952105,0.11605942468430111,0.1388694902721184,0.046162910788177074,0.021616451028072824,0.03880424943506754,0.021499020107624965,0.4257072021540979,0.7014229817951197
1516,Side,,,,,,,,,,,,,,,,,,,,,,,,,,,,,,,,,,,,,,,,,,,,,,,,,,,,,,,,,,,,
1517,Side,0.6034922503038721,0.4271263143599677,0.4163038102252471,0.09651981247558677,0.45503763366862277,0.4970524157056867,0.4390881035024808,0.005069422857472821,0.0,0.3538383324635334,0.2248186333900013,0.04680863495003075,0.793273243131925,0.46341154087105824,0.47841538841756454,0.16835096781307798,,,,,,,,,,,,,,,,,0.38666067599842247,0.4990131339203862,0.5267167283860421,0.41753204587154963,0.16009861170550593,0.44357600428237626,0.04637151935068669,0.5410598030296536,0.03770647359535461,0.44840440043414903,0.26882855691704316,0.999999999786887,0.2146701554471015,0.790418688501992,0.7768420490396455,0.465688056416723,0.35575694760171855,0.47240867670333897,,,,,,,,,0.7267918978588417,0.7746225197199934
1518,Side,,,,,0.2642942030724749,0.058182750220544484,0.17505391639079607,0.08126036708313314,0.7715226829208682,0.6333884087040298,0.6741340145394896,0.10778602009679672,0.8726422967056717,0.6222574508165974,0.7129566721333519,0.12934187777034392,,,,,0.9989870850850883,0.9265270915920547,0.9335416374987613,0.007893238364220229,,,,,0.9984391258066141,0.9415272167120903,0.9726991092112981,0.0042069776051116125,0.15178510886339786,0.14140508380081493,0.06710936195277072,0.11531212011960845,0.061817460840881217,0.12031503727521682,0.002218341685406448,0.032711547266413656,0.004838308515879361,0.029965614983060815,0.0,0.0,0.0,0.0,,,0.130004709679803,0.17438292703235572,0.16863195093475386,0.08726117846181046,0.04203922128026562,0.06949172302891564,0.09182959223099292,0.012114421516323292,0.0771913716360498,0.012048610173494274,0.12159572757945336,0.419296395535651
1519,Front,0.999999999934602,0.8190469851711003,0.8813000150857709,0.12463925103862702,0.9999999999339759,0.8414712289605618,0.9504506194367061,0.04608302096513395,0.9999999998502771,0.9999999999364514,0.9999999999153362,0.0,0.9999999999165415,0.7885859225879147,0.9253849075758265,0.06143633250129028,0.9999999996917386,0.6276164100838786,0.7218970716511651,0.16150821638133114,0.9999999997467713,0.5282678585016649,0.922202170729081,0.1484969786686376,0.9999999998139535,0.397897103531418,0.5502287039983932,0.43805011480218475,0.9999999998959418,0.6169135089685892,0.6510733009502664,0.13467533774271073,0.05732569941367197,0.1254448003622747,0.03050413053853061,0.15705303264020798,0.0,0.11374144870481966,0.05002905261512435,0.03527344627032085,0.02843775207219511,0.036973680161505006,0.007709542081398677,0.0,0.003141756237280798,0.008708460876751272,0.10004764125279048,0.1595665600846713,0.06581679818241706,0.23105107890021867,0.05223220475393687,0.2329800871145068,0.040399619193446513,0.2257848373079925,0.3324042121843508,0.1921697716712762,0.09887831127656665,0.17722073182163234,0.023408181840807563,0.1131399915494316
1520,Side,0.12222876200887917,0.0004658591773947918,0.05996046711344537,0.05586275349092182,,,,,0.6734541097958596,0.4745170309815381,0.44860135597325423,0.19780444696905025,0.8575363043851164,0.46372859857554033,0.49084399010584306,0.22668438874328983,0.9146115903469134,0.8754427770415764,0.8723644915150401,0.007680682114676075,,,,,0.9999999998139535,0.8268086231433138,0.9577563037144932,0.006458465020960031,,,,,0.8539328916164937,0.5131599930981033,0.2704776237902829,0.4955209690395533,0.23674797760852692,0.5170195795446784,0.07371973155327963,0.04945046274811539,0.21813109950957485,0.11107463641416733,0.00993565511840885,0.02853908528601109,0.1545604406840924,0.04155232231717592,0.5762721164665768,0.3048957653171781,,,0.4114851618157037,0.19330000059846714,0.42629218723289175,0.13037116585755826,0.216804567822286,0.04465741791913285,0.5845566764509603,0.05337068486334195,0.29671272858429976,0.9876867940632066
1521,Side,0.4130534300952813,0.023825369358190778,0.2230356359375815,0.2237171498867707,,,,,0.9928132952548567,0.6134341636620848,0.7480581581942021,0.17949636002335395,0.9682023033743781,0.6023462269751207,0.7487603588383065,0.15887650153695312,0.984895190818466,0.840857860446908,0.9076719096354866,0.02072419508202002,,,,,0.8879999998347905,0.8502182250462756,0.8337885707422594,0.010228521870969162,,,,,0.511535840232067,0.4146114476252855,0.19277673547748078,0.28014443778237386,0.1699122952702298,0.29229874916244336,0.004543274131734245,0.07802629666654363,0.0813873804726809,0.1496289438486878,0.0,0.0,0.07563984750550971,0.27790283411421207,0.9642888951711208,0.24571018154220126,,,0.37719888239667254,0.22014221453564664,0.30149841526543003,0.21253890334982362,0.2709292366318521,0.02030341877820097,0.4333778430987138,0.1635468130487023,0.4836097315444964,0.8204110748540182
1522,Front,0.999999999934602,0.5151736988875832,0.8874814155764805,0.33992488953491257,0.9999999999339759,0.7028066127961805,0.8664668170952419,0.11783689132248722,0.9999999998502771,0.9628876461004773,0.9853164617877128,0.005576755725774411,0.9999999999165415,0.9415345592300866,0.9981410613204161,0.013684376509589053,,,,,,,,,,,,,,,,,0.07387618299874432,0.5238833674908664,0.006780067914946765,0.4416537495135645,0.01225890420545267,0.41489191051227153,0.08644601686056695,0.03326091117521148,0.056135384546928256,0.02362392586478927,0.015641884884639898,0.00797362404051043,0.005428706811073235,0.0,0.2727644153609366,0.41650584266766527,0.09086087837183089,0.5659102911378047,,,,,,,,,0.05993803708157048,0.1988089393238639
1523,Side,0.25119351250727917,0.0008651670437331847,0.12929020133604777,0.1171137985000199,0.2114749768776261,0.006792259386979863,0.05399015467070587,0.06266825943359208,0.7367869440430023,0.2818378240797002,0.37071509790752366,0.6603343390364161,0.9272241695103302,0.4211160430931442,0.5196352899405888,0.2953337138108405,0.98859432768539,0.5510401236200785,0.6298938016617392,0.17175440997577976,0.9967080270963009,0.9514624009290785,0.9658365643364683,0.0036683004368883725,0.9962790695820878,0.709892871266374,0.704162028867791,0.08316496473886689,0.8579604577671217,0.8766429440997214,0.8548559049086228,0.001238874889391066,0.3404731185649771,0.3029269574655178,0.08720961864090371,0.09021290388842218,0.09345215508285652,0.31154209975994523,0.2799412787017989,0.04592204392322705,0.04404729349932451,0.0440650230287552,0.006708617003943232,0.010726112218210435,0.0034242156222074544,0.011528308900220536,0.4791956871865531,0.3532245894546814,0.30679752420838385,0.23289741958718266,0.1339215660583194,0.08262465770324773,0.10507424750339686,0.08779337509555883,0.06037876355066427,0.017084954844275302,0.09558025481942933,0.01691293936376198,0.21115092791227455,0.4826928232265326
1524,Side,,,,,0.2607949293370663,0.004485454312156512,0.11290187412327209,0.1198846063131945,0.6192543793053968,0.4682892729748164,0.4755086837624773,0.134867583275461,0.8926723417716013,0.45751426756769087,0.589670990219018,0.2896821221935056,,,,,0.9972144844271421,0.9999999999215872,0.9958125335907682,0.0003101296931101164,,,,,0.9356919874156407,0.9299865358126572,0.9321380275822716,0.0007394961084866069,0.21106987575821623,0.20040716537527217,0.06262775100212453,0.1755827460840419,0.05796253031994056,0.18320055704529667,0.03799007386375363,0.04114405268622681,0.016998219497078765,0.035864788211365226,0.0,0.0,0.0,0.0,,,0.1293629327218013,0.18431873069640606,0.0789787061327197,0.08381668463131622,0.06188945119651545,0.07188016454144468,0.0903981791195345,0.011883395244001114,0.0759881348714417,0.011818838946589645,0.12110413998714883,0.44198942973639943
1525,Side,,,,,,,,,0.995658032490544,0.3517412302775965,0.39808713011082447,0.35758940378365695,0.9971624101988681,0.29556119211822696,0.4561828912506649,0.5220345152484236,,,,,,,,,,,,,,,,,0.07148978942749698,0.549984034218858,0.1148517991703849,0.4902826622928824,0.11015735265156248,0.551346339512286,0.13541436215855518,0.07490428219172954,0.10643272580884891,0.0553851832334087,0.00954131303188436,0.004999866304847726,0.006300570398710115,0.036250327813391936,,,,,,,,,,,,,,
1526,Side,,,,,0.2024957084245018,0.0010252466999214887,0.07191667308725148,0.07310750952033268,0.9953585864657347,0.20068632433905145,0.4175207223142822,0.8969245522997219,0.9309798029601919,0.4597970830399621,0.553093162304121,0.24005229268059872,,,,,0.9982273990888259,0.24511879555829075,0.9080620862263658,0.1210102378238774,,,,,0.968782518109388,0.818106045982041,0.8950576945357935,0.009601060157373019,0.9999999995001617,0.3373698981050569,0.35700819283117674,0.277301170049291,0.292578992130781,0.3193448041735913,0.22836551653374051,0.10681117846188153,0.11615341195026208,0.09808579432066548,0.0037074308713873354,0.002315559635068217,0.13947736780930023,0.04534412384862292,,,0.32239884924848305,0.23440445790265216,0.8370409541331392,0.14706128771714588,0.6709646392628185,0.1371350446268712,0.9564194332003665,0.1185904873647998,0.8039600973333357,0.11794624700964054,0.2689655741669065,0.5563835098623109
1527,Side,,,,,0.19259210351296763,0.0001922337562352791,0.06014095109679186,0.06107382873519517,0.7583470578292641,0.17158108794029098,0.2449016157106165,0.6153681237533103,0.9447504589430187,0.4183259352937016,0.5272368692831907,0.30295285266620203,,,,,0.9409977207037227,0.9524033559984002,0.9497452675917862,0.0033031221676036292,,,,,0.9394380852300274,0.8442649226874229,0.8361184141983854,0.004902409432304116,0.3386532170325408,0.31897038790407384,0.12740697592215677,0.21337482547232745,0.06930069043452966,0.31303058319343935,0.23859700959205568,0.039659694214647864,0.041339493196167164,0.03303951195829945,0.006001663913945934,0.016324634279848052,0.005230114174529325,0.04604464564321356,,,0.1424367585291131,0.23678250627118344,0.18488687691512834,0.13243911458131488,0.14698277856798747,0.12204809478433541,0.0642734841194911,0.013910671471203008,0.07664920224598736,0.023494250292286935,0.13111841437125385,0.5618148906325822
1528,Front,0.999999999934602,0.9076933314982234,0.8156593493104397,0.025064214933090467,0.9999999999339759,0.837498397998366,0.8488005132027182,0.04736071820313087,0.9999999998502771,0.7552109811416363,0.6958704238794805,0.05600874816062138,0.9999999999165415,0.6957514267155516,0.7474019695620802,0.09215916168448295,0.9999999996917386,0.7097958394596641,0.7318957307936466,0.017593942222611177,0.9999999997467713,0.8213753625953599,0.9658164917983937,0.04305882878158419,0.9999999998139535,0.3381827800331846,0.4202039599762136,0.4229985081647244,0.9999999998959418,0.7772007436829389,0.9915277440931917,0.01836420851377747,0.0664789572915786,0.44866886483827384,0.01683399198365392,0.3088073997087488,0.02146315788656143,0.34490006941706597,0.13128727027615184,0.031516890992796136,0.11368419759809484,0.04600801500461512,0.006232720902103196,0.004616058679779686,0.004162741917497354,0.011538474786290779,0.058394855165156946,0.48690242879201506,0.03324047741867411,0.6587771547965718,0.04590187579975578,0.6089144674151495,0.4211547554407439,0.6192701596377314,0.029591073183985336,0.5053635350629039,0.042053285204805314,0.503225146688612,0.01644277561988327,0.21329151861099618
1529,Side,,,,,0.18400897925630466,0.004549532230901605,0.04574009819278081,0.06301645286379544,0.9932624642920705,0.25870615148330545,0.39628570622826753,0.8973464162809027,0.9364880653533226,0.42980342419595413,0.5491422824738454,0.2911947598559892,,,,,0.977969105855161,0.9046498862303263,0.9494922558805876,0.008157182894426442,,,,,,,,,0.5318094529255197,0.5427840156130221,0.3544785060278696,0.4706350766192676,0.20083857566636173,0.561931921395938,0.4016346032822981,0.04723399932646071,0.06738660887811636,0.059269237132760715,0.00503784832685825,0.008155634692891833,0.008559993917953326,0.049162089665464745,,,0.6550887518777777,0.42327343691116864,0.09754467321204459,0.16586064513110182,0.07680652419454494,0.15653195367325956,,,,,0.5237990115137425,0.9877537688790341
1530,Side,,,,,0.353624719374513,0.2555427399554311,0.2946708890732071,0.034594370654992115,0.9985027697262312,0.03793848500013101,0.6234670239402053,0.31202284404783837,0.9991654147054612,0.3103994926879899,0.7102858637405278,0.27361344601313575,,,,,0.8171689033129479,0.891946992794484,0.8496149579264888,0.003984325635613894,,,,,0.9214360040664478,0.9286401230410566,0.9202653461697894,0.0008267680946899758,0.3656425539127597,0.3432538023767223,0.15630650877126503,0.3670229010000092,0.13854183683828025,0.382946510469764,0.09118904549384468,0.23157890072928425,0.017906846681206345,0.12838215799773053,0.07495509786112693,0.5637964551378216,0.04424844336599025,0.5742141729522032,,,0.336389467777707,0.26285166646608205,0.1818270501581445,0.141850799359651,0.1445243200939292,0.13175893700084326,0.0815940551555273,0.020987067501637466,0.06858744421906436,0.020873055694101715,0.27968209240876923,0.6213559568503161
1531,Side,,,,,0.30806813678145595,0.174932718174104,0.2799373509469226,0.03747809797023899,0.8860607874103815,0.24930096592213394,0.3148978007715576,0.5090009400636484,0.9161241862029607,0.7356372859394015,0.8371371410432995,0.04521603169694085,,,,,0.9997467710813507,0.9306829764815586,0.9562602541915135,0.010549439960164287,,,,,0.9943808531743622,0.9547989997464383,0.9889401084882115,0.0007567505274207635,0.17816813184571897,0.2520625133507824,0.0429120497608285,0.08766802518500942,0.059046499433400595,0.21976860491568928,0.14400501243618863,0.5702514333391838,0.010094949625275731,0.0656736175763047,0.23379811364209863,0.7437292103007133,0.012383451162803434,0.009107346498665583,,,0.25602993754316783,0.28724731291266864,0.18330688146107388,0.12784507071288267,0.08039970134999888,0.12437603639735335,0.0,0.0,1.982373792436039e-15,0.0,0.21812838984249996,0.6770747751644126
1532,Front,0.999999999934602,0.9958072673368955,0.9696519939498289,0.022808134682946766,0.9998679518684888,0.7202998846135908,0.7746786575905681,0.07807726176935585,0.9999999998502771,0.834392475798526,0.8869753776287601,0.042561981762842684,0.9999999999165415,0.6592897907001084,0.8005226908820063,0.22849374789115057,0.9993834768805843,0.745797642767708,0.6824250434250952,0.029928079301892868,0.9999999997467713,0.7306516113282638,0.8347705922824826,0.0904352265039818,,,,,,,,,0.07439085598496205,0.46232906997731466,0.04569191618521008,0.49217006312826445,0.029556260866503647,0.5011117769868652,0.13575618400654535,0.1173776881889024,0.07828254898114544,0.10855710307361477,0.0230706489457176,0.044324141152738146,0.025529600604433964,0.0232150149669704,0.09318985109812238,0.46331362789309777,0.12208853433699915,0.6586834444246265,0.03589757678700716,0.6324990324252415,0.03618080839269105,0.6388949912802933,,,,,0.52472705145819,0.2445839970394765
1533,Side,,,,,0.24475108938038087,0.011726259130352027,0.13375572037195807,0.10108758204544259,0.9937116333292844,0.3718861209728085,0.6243766748984767,0.44212168927612394,0.93915873802878,0.3613189600278175,0.5988846265187173,0.41865229320915825,,,,,0.9827804504981562,0.967693875874877,0.9635478533249495,0.0020816411665737057,,,,,0.964099895841405,0.8627941270204017,0.8988348642999514,0.0073724866100569955,0.31676404674262415,0.36543753428304765,0.14357088451977354,0.2961666994928383,0.12758708258340057,0.30901615070642907,0.012231449580011216,0.04382429184596449,0.012292188409494883,0.03911289402292659,0.24821014784201148,0.09640969314134824,0.0,0.0,,,0.26492472995169886,0.2795192262793702,0.11847718355217295,0.17794822617194797,0.09362502782764823,0.16900374751585576,0.037982942834609006,0.014067982214026295,0.03192822035844334,0.013991558193353718,0.224941612925132,0.6594240908105818
1534,Front,0.999999999934602,0.9707839743796897,0.9481187326825079,0.04245872132212814,0.9999999999339759,0.9227861078480848,0.9630394191770185,0.029519897786729143,0.9999999998502771,0.8547280121470051,0.8545106136831007,0.025719126299388613,0.9999999999165415,0.9599873176309456,0.9999999999223776,0.004574419039503406,0.9999999996917386,0.5129773941834882,0.6642461711291455,0.15193392954475643,0.9999999997467713,0.5477926761900892,0.8690257659593583,0.14962727352319305,0.9999999998139535,0.33652955955981156,0.6921928986076733,0.22465070274340224,0.9999999998959418,0.7604667563787607,0.9637661762048579,0.03179145109139748,0.01998630548262238,0.4179098441257271,0.042480060082649755,0.36037034662329964,0.02587210687926422,0.3532262724062498,0.1268691054698695,0.052054480326236066,0.08749827623805934,0.051498568075558665,0.018017539663489793,0.06771688465848717,0.012113026823469224,0.01907535223893237,0.10534384401589438,0.2755141198945562,0.0,0.3993732308125756,0.03209390866202725,0.3740329478958178,0.03521971537691098,0.366164652281611,0.04264023475527391,0.04198753161100951,0.014019991515680914,0.038645880430205844,0.03431961649136981,0.468673114630299
1535,Side,0.3803544568451798,0.2981498735326667,0.3066753721054402,0.03787470890557856,0.2993529644593058,0.28437780339072294,0.2460767730173181,0.004514385688956373,0.9037281028741236,0.5394636501944927,0.5473745513226348,0.14180385527657874,0.8888332498006316,0.15472415978727178,0.3090286683349102,0.5475233681100201,0.6559802710678236,0.829329554915352,0.7965578495722938,0.008233102825720972,0.977969105855161,0.9353093389057234,0.9492928487381231,0.007237410379689452,0.9051162789013738,0.8775955560853328,0.8668649143605641,0.01014566259975065,0.945889698132582,0.8894659228768694,0.9101497111160874,0.005294752318287519,0.3018673793129449,0.3770098406807398,0.18956520373843672,0.3301929731329846,0.117337462754695,0.3417259252399416,0.08187113822390991,0.17102053261111713,0.345156642892523,0.9999999998018368,0.02913518900970839,0.024959917701536112,0.24430586647473027,0.9999999997829492,0.9871953113247527,0.16244515627580622,0.3501322196784675,0.16169425315802613,0.27583766643708507,0.09530449102115543,0.24318524625774143,0.09510506977864601,0.2765135861871288,0.044095756079552684,0.2800138402079888,0.06441590107024459,0.30097282839707007,0.46982577307806417
1536,Front,0.9998692040416015,0.9123519232721715,0.8401349528127015,0.020487227111325654,0.9999999999339759,0.9148404459236934,0.9247069551357114,0.029276168669495662,0.9997005538254677,0.8514234874903772,0.7972022995146478,0.007688542970738171,0.9999999999165415,0.8901077995630877,0.9486226785114057,0.03420553583209578,0.9999999996917386,0.7758742834561811,0.9901855683086355,0.01703840402949866,0.9994935424159295,0.29718497606075556,0.3782551870862599,0.3042225192953116,0.9999999998139535,0.656526914385893,0.9605014746641675,0.07806692292857433,0.9999999998959418,0.0,0.022478721762007454,0.5568264301683307,0.3209912411925501,0.44064419364351826,0.0597233227501704,0.3130958599130531,0.10829628609104543,0.28872099613470137,0.0972547787713642,0.05427567818922936,0.10321949464793884,0.05695563541313196,0.047565490755488736,0.04659114462454486,0.03313400455574791,0.05671068508280884,0.2924157619599302,0.25690423144997426,0.28035763094505767,0.3522149683608468,0.2117832215029814,0.07034783671542659,0.9999999996335069,0.05996046033821027,0.16965859392882052,0.026728093265797743,0.18176341890865885,0.02711494510011101,0.37927935495766124,0.6916012038251353
1537,Side,,,,,0.0650996962851512,0.11924900678461815,0.0758148256115895,0.004090581402095009,0.5265758346269538,0.25629130654192356,0.32086226726732375,0.3221309292075609,0.8443498580500459,0.40025364613822106,0.5232178389705191,0.2675419780708716,,,,,0.8657888070737427,0.5862934211098335,0.7291768297543565,0.15754821355773252,,,,,0.6688865764132274,0.7157786753404001,0.6735919852440719,0.006537407094710043,0.6206629055622643,0.5607843061269004,0.1799143669805668,0.46470965031861033,0.1588485198920502,0.48487148482086573,0.6189353346001746,0.3764844827853838,0.07204002332164357,0.13347996712172217,0.6709128436326258,0.47584806467159296,0.012143069711258177,0.06584328187547082,,,0.10192912304259459,0.13130794712167354,0.9999999995438583,0.09839574739374124,0.06454911955855495,0.06295909419924776,0.10765199827996712,0.02887452615183285,0.09049158560662471,0.028717665889290124,0.10009042131152958,0.32091462136206766
1538,Side,0.2877509646008926,0.1979901503927865,0.2483680080173207,0.03221932656940746,0.31268981907350524,0.0030757400997644658,0.21282187183771523,0.12105534660851801,0.6063782002386021,0.18912048804085407,0.4077535069093632,0.5670563940972994,0.9324820563401367,0.3365884590782125,0.6611316022542174,0.43011506474946665,0.9938347715801992,0.7676949828835128,0.840821190432776,0.0533924427350675,0.9964547984308804,0.9578138476469997,0.973984337384617,0.0030558707182828477,0.93879069749976,0.7790636158723011,0.7348993554027854,0.02872003971040073,0.999271591987589,0.9999999999358851,0.9999999999118171,0.0,0.17824094514946126,0.38554323921258243,0.13694166755407458,0.3039331353860656,0.15969003891733846,0.4182211131813509,0.13241226063498152,0.4025496841356967,0.02857533651732161,0.0516626449004378,0.2745315975166362,0.6370996317584018,0.0,0.0,0.29783335176310344,0.3879799628980955,0.2507803775612831,0.40947957467258284,0.3816958577768132,0.13345947543699804,0.1943394316052382,0.1086675236577189,0.14619394265349955,0.04185432466132355,0.0761867877738185,0.02301010764072728,0.21937754376532984,0.9153590114398408
1539,Side,0.9530442743474563,0.4602023159549979,0.5127045145508515,0.20813043337957193,0.3655090452683541,0.24234268869394188,0.29409903219687195,0.04479476979434283,0.7634376402510199,0.022241992881148837,0.24775499067986007,0.8516094222471458,0.8831580703652848,0.49422954974671973,0.589717924599326,0.22779025000339403,0.34926017251872327,0.7293746376808543,0.6575555768197772,0.018221378035151482,0.9911369964570432,0.8755586920037984,0.9397861688179135,0.017932619369119687,0.9730232556329261,0.8301811929089947,0.8626278091800117,0.015242466539337644,0.9999999998959418,0.9411425273487758,0.9753839651512186,0.0037088332578940958,0.15933770764402383,0.645940077812429,0.03497453211761077,0.46628678729998263,0.03417616451217354,0.48651704726915923,0.5797416661928759,0.9999999997592577,0.07947242916498592,0.22307304083481908,0.46647853839893566,0.6680753139940748,0.006665982718531482,0.018909717476940546,0.11859095515390343,0.2844749667033702,0.15098216542313597,0.3733508585760323,0.641360612531528,0.08827554412732178,0.0426813512021669,0.16239884981535704,0.060177120011146334,0.02170586176251097,0.050584504645113784,0.021587945120108604,0.06267190712700463,0.8954989955514343
1540,Front,0.9998692040416015,0.7507653400272352,0.8046704908940214,0.05422549934789887,0.9999339759012325,0.5594002306446623,0.6876129415169289,0.09976315703772816,,,,,,,,,,,,,,,,,,,,,,,,,0.07896650176559798,0.6789985331100572,0.1466837671472117,0.5026145205227142,0.058971304237043456,0.5445148964187024,0.13252730575002533,0.02175148676076368,0.09015513163207228,0.04513299410051828,,,,,0.09447212880672481,0.6979697505691694,0.9999999994446217,0.9115684425237732,,,,,,,,,0.5795428194024056,0.2922893827618734
1541,Side,,,,,0.17674633565451298,0.005574778930823095,0.06720558889641574,0.07435144632758528,0.8540200627557989,0.2631545500595352,0.325558888654387,0.42077015904297843,0.9667000499944333,0.3228915662445852,0.47433758436171897,0.49182503787978243,,,,,0.997720941757984,0.925899788212507,0.9606667205225609,0.007925977945463849,,,,,0.78740894892951,0.8256716034605583,0.8038578737327031,0.0014813101208483541,0.3485234686775412,0.349766205726645,0.14712427998807912,0.30632613856005164,0.1306435934663384,0.319616365920573,0.10055425803009749,0.10447253004263243,0.050553090555113256,0.06848965999874791,0.10818741294147535,0.10428987815407735,0.0,0.0,,,0.0859177658420806,0.18886104422748382,0.11984852174772742,0.06363895613473614,0.017593380272285585,0.0633412413867955,0.0557182616279369,0.028875785650673436,0.04683641662502268,0.028718918545929468,0.08782605993552033,0.45236391777949847
1542,Front,0.999999999934602,0.5696792226427739,0.9278653968402529,0.2518789124061988,0.9999999999339759,0.4308599256420056,0.827428037375934,0.331997311198455,0.9999999998502771,0.703291814901926,0.9626423831017482,0.07408070368681068,0.9999999999165415,0.8246670893579792,0.9152285704472322,0.08753127274849241,0.9999999996917386,0.5764796805193224,0.6847994815068941,0.11596089943376965,0.9999999997467713,0.4156669018728404,0.5502350667298103,0.43649564135603003,,,,,,,,,0.1332689397632825,0.6845858466407558,0.023175819399809443,0.5764244805941142,0.05011064001298968,0.6031726730897945,0.10256979140295505,0.09850808753627263,0.05946321371333269,0.09684205929342965,0.004275075571257686,0.009144899420072109,0.0050973740773085936,0.02487354745942425,0.4083939830660669,0.09848551034833909,0.32301320559622865,0.16829763406833828,0.11812252013750787,0.9236267983916624,0.09334006879353572,0.9383842707272017,,,,,0.30349539444210205,0.3946505871619417
1543,Front,0.999999999934602,0.9651271129398958,0.9337499673021533,0.04272753969273431,0.9999999999339759,0.9634755862512191,0.9999999999390516,0.007071963313156158,0.9999999998502771,0.761629384801625,0.7250552792695959,0.037566184112327504,0.9998330828743254,0.7360811667256766,0.7740203004854869,0.02232866937574264,0.9999999996917386,0.4895343594712735,0.5101994693585596,0.07306305959117489,0.9992403137505088,0.5303850074076386,0.3837214128256553,0.09568046952272215,0.9999999998139535,0.232707313831986,0.0,0.3603990124398978,0.9999999998959418,0.603385266358698,0.5122628498183917,0.06099315709866577,0.15029502894379965,0.5439902769356652,0.03942656976136934,0.4356690273374223,0.05669172287976028,0.5050133684572373,0.14071569398820868,0.06952076301121748,0.09808415849187961,0.06311356151185704,0.007234749502690279,0.007900426143424467,0.01169524027250725,0.009716961579636642,0.2802725225074595,0.5207883123047043,0.17233635862692723,0.7161691806419961,0.11305454280612698,0.6549368159795214,0.09155189894933308,0.6541320569606066,0.7016502022195457,0.6921668278035462,0.11234603926385948,0.6923800049118884,0.08102620840746019,0.2374000494937383
1544,Front,0.999999999934602,0.41681086114622584,0.5543283456220208,0.3707545885485744,0.9999999999339759,0.4571959502462388,0.65505540350038,0.3342576323788164,0.9997005538254677,0.6195983731177175,0.6308882811827125,0.1177493267043544,0.9999999999165415,0.7527584019814357,0.8273149572377259,0.10080774158268802,0.9990752154750075,0.6204031686339664,0.5978704555819111,0.06279077778418068,0.9999999997467713,0.5096839958825622,0.5053085613818011,0.1525526701377433,,,,,,,,,0.1992182108967162,0.6116912356853696,0.1216589346431573,0.4764288232291728,0.03463183140599229,0.5619047465255773,0.1368027359874201,0.058138523935907224,0.10258298184708375,0.04920233365440986,0.0,6.05703375626159e-16,0.006269259353985391,0.015253349629800112,0.0867726851741183,0.07140378073076568,0.2119701608047288,0.18383910488619806,0.16976560883395392,0.7836462156622387,0.13542669791522222,0.7950219367388955,,,,,0.4648092077639952,0.36002923877165044
1545,Side,0.43038388591783505,0.03593770797045537,0.1611959672510603,0.22663349856661594,0.7345173642721168,0.22401640393284528,0.3469055095770505,0.3127710613632994,0.8640515045869064,0.2970894763410594,0.2916616395485771,0.3962543159600868,0.634284760421108,0.14870006340211162,0.23387238169044966,0.2210227099921138,0.9796547469236577,0.8228891607636446,0.8956248858427474,0.018208918245464008,0.6725753353576663,0.11644318982855462,0.46438777069154713,0.6839644168826753,0.9843720928401167,0.8869197195551567,0.9149222765645665,0.013641965789063121,0.8787721122914909,0.23613515418118,0.6941089065693468,0.21260009935875362,0.24398408376551528,0.5283187810077528,0.2062764602861581,0.517827932788153,0.4749166292225038,0.3676155925993082,0.09734500667007995,0.125924203311503,0.4539057958252896,0.4951910392713598,0.014225677916876225,0.009365939050307599,0.29487006795224097,0.473025229106477,0.39565976663862074,0.3181693542534616,0.2950026725669259,0.6516153588903346,0.26222992153052677,0.12183140763732282,0.7323007487505186,0.05564845684050054,0.08835978779032214,0.014584314442054692,0.6195156353028064,0.09827080052984602,0.6294522597434518,0.7120847531448106
1546,Side,0.2947485448764143,0.11513376812756997,0.165945661979456,0.09303017077784313,0.7133896737941774,0.22779700113880574,0.4189140793753067,0.317706852537192,0.8228776761756433,0.2701448906793248,0.298495090644736,0.3398371801789293,0.6245201134514671,0.029993658844008016,0.17208662580387155,0.43753894861057174,0.9318742290592247,0.8820119790763177,0.9044578324350485,0.007198606054304536,0.7270194984231402,0.04273504273169178,0.3873239669793024,0.9999999999948911,0.9780465114459447,0.8951858219220218,0.9264612546812377,0.012314748822505023,0.7993756502810223,0.13944989420148426,0.4284262632830478,0.5132553129862039,0.2517995844246126,0.4611679032224616,0.12226008517193633,0.42433632155229617,0.557718498993401,0.32859868337304304,0.0987616774643343,0.06204925198486619,0.5288268730849334,0.26766145909616124,0.05339365943061078,0.042832314910204075,0.40134422985567464,0.33486410232389063,0.4901138696971095,0.2092339859280684,0.387926899421355,0.48435511352199057,0.24011122708199595,0.10637661113183249,0.5513058004949869,0.08536069501579076,0.22648777518681903,0.03705355434432524,0.8387136137966933,0.06000346492433127,0.7018464461408109,0.540584440727915
1547,Side,0.8938591327647728,0.13157194195850047,0.3022563183525835,0.3153399612829408,0.27254720716542,0.123285915665559,0.12428832504266472,0.035274749229839496,0.4889953585134011,0.0,0.20917697809233596,0.5118945103009246,0.8744783841700486,0.32587190866671706,0.4308501404101466,0.3383412176015907,0.9762638714623104,0.3770206736409466,0.37910987664259843,0.19474497742573132,0.48265383629206027,0.5461460048187764,0.6296954140165425,0.05275481153542196,0.9940465114429682,0.04351276285917784,0.33367979389384533,0.8988260093206973,0.9669094692021947,0.7370648201104658,0.7560918606390101,0.036665489540033736,0.8756816631942159,0.6367156510083729,0.8632093979000051,0.5866445813293858,0.30931640360007884,0.7437078558322283,0.9999999998881652,0.5273771382023419,0.0825568084612008,0.12861277727736917,0.9984974313207389,0.4869397942296986,0.002625127119549436,0.044320273969615374,0.4930900639939053,0.15089035036505558,0.5231982844537827,0.479775408917468,0.16359028434708095,0.20377848803269635,0.1298717482300834,0.1956550435641657,0.9999999995155281,0.11930799035740623,0.0626808023288866,0.05499390344786231,0.7011556220636852,0.6946008021888088
1548,Side,0.09194951277928522,0.07174231331879792,0.057580034828190726,0.021280990529896255,,,,,0.34136846828247214,0.4694331468944184,0.38926767376241006,0.09724551102590946,0.0,0.16778693721193488,0.0,0.023229038078303395,0.9999999996917386,0.94731757577463,0.9837710178428537,0.0028339465769612712,,,,,0.9782325579575384,0.8836132786084107,0.9192215247218545,0.006311255558432977,,,,,0.11356958447638751,0.26740365199663907,0.07269515434157084,0.2964890645437007,0.0390761143350247,0.29452470909413014,0.0910880240258909,0.08348676391400053,0.07099398618581247,0.07176042738609083,0.005509220751629917,0.0,0.0,0.0,0.31052144265209797,0.14930496213557126,,,0.03714688296672348,0.08545448111606743,0.02827911691434792,0.07357001961210952,0.035601264310310056,0.03088105227870342,0.02992619652690649,0.03071329160472521,0.16870794323351299,0.5479418115098306
1549,Side,0.09947027662680855,0.07240782642936193,0.07136650332723898,0.03251946333651997,,,,,0.8432400058626682,0.47051347226293133,0.49865656667255925,0.22239040876916366,0.5138541144622055,0.17025998730689537,0.18597013292961367,0.16620056322682333,0.9966091242303913,0.9223932504075227,0.9628151458519432,0.00520684938178043,,,,,0.9166511626201581,0.8270731384190535,0.8360426765312767,0.017070287768830232,,,,,0.12339321039292038,0.27814253805393496,0.11273335770638325,0.25455217402615965,0.5331812826643075,0.08960861733107979,0.08531730424719519,0.07436288539881543,0.16648358411941266,0.11981318817711172,0.009073916027232192,0.011572479378447145,0.30494979061279814,0.2871154257921987,0.21216359630950493,0.09122398705528958,,,0.06493088448975023,0.08195383302486314,0.05060254219704661,0.069958100803752,0.06206206544507587,0.034315259194106065,0.05216897779771287,0.03412884226251367,0.12133167574213274,0.3837880385933807
1550,Side,0.11156889672934608,0.21702382535491654,0.1471231237139117,0.0,,,,,0.8471328041851874,0.6407600406303533,0.627504458241998,0.12428807216411429,0.6376231012654296,0.6100190234235878,0.5759147830416024,0.018937760648803762,0.6424167692224364,0.8187029045650348,0.7847239286097076,0.010371857722614416,,,,,0.8688372091406812,0.7200105805634168,0.7000601283542266,0.05829084705988535,,,,,0.1437111898018028,0.3374978294702858,0.0900170825013574,0.23265809636931792,0.9999999998339365,0.20969557496773145,0.16494660376547066,0.13570494837941843,0.0935467447211985,0.045966537818099035,0.02925081850766604,0.007840075247365838,0.0,0.0,0.22784854686836756,0.10308311428854491,,,0.14680281064741366,0.09546676931109209,0.11638362937473407,0.08390055587400051,0.3473078726956707,0.051768482166976125,0.29194479058493705,0.05148725096472366,0.128886684731222,0.4173053904653879
1551,Side,,,,,0.3363264227957001,0.23048827372609967,0.2672893929789979,0.03665669521634797,0.755352597581172,0.5836298932013454,0.5459775266740854,0.1153079049614426,0.8636287764260033,0.5726062142946984,0.5954591984586416,0.13843771204450753,,,,,0.7452519623334384,0.7303379596384898,0.6821405580897968,0.02223277181999044,,,,,0.9828303849133371,0.8298390715631314,0.8460951604056322,0.012531784540123344,0.2936351596599164,0.22179994178878026,0.07902160426535536,0.27027612631398523,0.07206396973451958,0.28200229237254926,0.02427784334061339,0.09296459227752973,0.021259671151901933,0.07956195113322083,0.0126196461888484,0.023581026527973004,0.007449789482239998,0.024016752006384926,,,0.5082611014316599,0.22818962897465803,0.19616173643145088,0.08795001731287873,0.1191188091137022,0.07608077340559614,0.020910024057739778,0.015862298549561626,0.08485421296433801,0.02891453205675342,0.41133213300304716,0.5421890541158615
1552,Side,0.19998692039762037,0.0007320644216203871,0.08751706985882289,0.08823832765187693,,,,,0.8457852970735461,0.47890188100667885,0.5015616358953372,0.2198324226139617,0.7987815055250557,0.06601141407317619,0.4032356573508406,0.7324554743655329,0.9512946976105746,0.4942358472020199,0.5232109348417523,0.14072031832760762,,,,,,,,,,,,,0.4268751543317479,0.9999999998721492,0.22475908262766137,0.9999999998422271,0.7705896524129907,0.999999999835382,0.1182155169818843,0.05577371263093591,0.9999999999167488,0.2578958072152551,0.027533921504840728,0.04165554212228987,0.9999999999216945,0.22383007106551506,0.5316811858855919,0.9999999998671558,,,0.10776854893033719,0.2984028381187485,0.08502103301926367,0.2932870993721059,,,,,0.0,0.0
1553,Side,0.3041658491724435,0.03454013043827099,0.1799397208997994,0.13055548449750662,,,,,0.9600239555382509,0.5439755973218114,0.6232089667505586,0.18999901601975602,0.9777165747806948,0.3813570069510871,0.550703614781796,0.3851287028748937,0.9993834768805843,0.850454047732952,0.9473103019408023,0.00807381169485974,,,,,0.9880930230719829,0.9066261075977631,0.9484033065885276,0.006719867321146532,,,,,0.42665337843348644,0.3632541746504384,0.16358572576161698,0.36207417274038234,0.1598905107825229,0.2541381989390142,0.031553987775468514,0.1530433679896603,0.1911159031310311,0.45232810849041377,0.05688141445169249,0.5485687825439532,0.033578957506083806,0.5587051264784408,0.8957608757755937,0.2670738824286587,,,0.15653982248770204,0.16067744031341258,0.1224320375199959,0.13150604440085578,0.034508305379555564,0.0,0.17726353942873863,0.020034719086686095,0.4506016706905747,0.8807911235553887
1554,Side,0.2811457720043721,0.12717955542877815,0.1927683720496882,0.10370133320916074,,,,,0.34301542141892283,0.45894763596473387,0.4043814624791109,0.09830743199359475,0.6191787681005526,0.27121116041400056,0.5187806020150293,0.06540340704770047,0.7000616520653327,0.8092999291035421,0.7910587186577248,0.008645192936034178,,,,,0.9944186044661545,0.9026583784616679,0.8877665215638532,0.006226053981118043,,,,,0.20370735072611257,0.14235842625189765,0.09590590547037103,0.17462776982680522,0.14297269820284472,0.06075017868946417,0.006756515616214757,0.01591961594127816,0.008216580654024275,0.01614360365636064,0.0,0.0,0.024536238343538436,0.1643590614784674,0.15552542199807098,0.10816921615198229,,,0.05137463293845755,0.10595281711869176,0.039710591720872615,0.09471991055200114,0.05167713996606128,0.022692113205862945,0.043439475438093934,0.022568838773014983,0.09405062602236135,0.4316801975199629
1555,Front,0.999999999934602,0.9592040462558762,0.8833455441272061,0.025293944311735223,0.9999999999339759,0.999999999935922,0.9613192055818687,0.01747408907983533,0.9999999998502771,0.8274656837298254,0.9152085712529034,0.09156560086483927,0.9999999999165415,0.9051363347555398,0.956426819968985,0.040051488493260706,0.9999999996917386,0.6445546467028688,0.6806317146771823,0.17532825571941965,0.9999999997467713,0.6007213988394322,0.9803383885212483,0.08539202757563667,0.9999999998139535,0.4268615262249133,0.3381239289305175,0.3673333741171515,0.9999999998959418,0.5500416746457625,0.6175088225643416,0.1269203607370875,0.18137082417085826,0.5133415895047523,0.06966079234862536,0.40213057562786114,0.003945555071577864,0.4828314441821175,0.12938794126648448,0.08599027543916968,0.13304741872479434,0.06474905587985147,0.01755364894041537,0.009907642893406158,0.012943274103339272,0.022301655247804912,0.1535749577911824,0.49889132536331166,0.19779920395668216,0.5698641406456659,0.35132170761893955,0.24682149612187004,0.22265707462120438,0.2345145274382659,0.32349385600032615,0.3647831239698594,0.2485647815546075,0.3645444718883355,0.999999999574592,0.45434320850351667
1556,Front,0.999999999934602,0.7090376679948731,0.795123424668214,0.2275819628615825,0.9999999999339759,0.85742663072809,0.8693734211295635,0.0690617885401574,0.9999999998502771,0.5008896796834718,0.6117906747317239,0.41729819393124234,0.9999999999165415,0.8332910589198927,0.8654294599219625,0.07843563668993328,,,,,,,,,,,,,,,,,0.22142814175532063,0.45580573931877794,0.11639192731662791,0.4207730431524747,0.07357538658694253,0.5157652010138737,0.12448174314323833,0.1359782718208542,0.12033950102248803,0.02925596655397354,0.0050592777343213035,0.013508497428718791,0.005674273933361642,0.008813189187752073,0.36317772153804495,0.49815409025788193,0.2020810481830521,0.6431418782423052,,,,,0.23475410908341093,0.685255085222501,0.19733281219157398,0.6815324512297726,0.07154099636591973,0.17478661657330558
1557,Side,0.2855274344198857,0.009649940103177828,0.06876694554468687,0.20299460608972156,,,,,0.9955083094781392,0.4857651245242905,0.49355243107174246,0.31278709894601064,0.9974962442833002,0.40215599236511373,0.4864389410758076,0.5048239225400009,0.9990752154750075,0.9847362657960497,0.99656810385549,0.0006238034157555995,,,,,0.9873488370256094,0.937508266040371,0.9345338157053176,0.002591551042233115,,,,,0.6594650248718094,0.40192086411338235,0.11492406863198144,0.25174672205446075,0.10294605815942755,0.2626689737078693,0.05587639423894951,0.06950146187468345,0.04478201862759456,0.06024864833864977,0.0,0.0,0.03107591768642913,0.0779475948511938,0.7323441851000574,0.1439152862148853,,,0.14822494252161086,0.0964522173279363,0.11752626012968397,0.08491732709291891,0.04728887539633751,0.0032807658045888193,0.03975072812898269,0.0032629431126165627,0.3718883484912078,0.5327090156424295
1558,Side,0.3509907788665888,0.011047517635362204,0.11663541174484626,0.15951686167453985,,,,,0.9785896090764201,0.4901499745494312,0.5326869072129646,0.2776916226521897,0.9880654313980917,0.4793278376360603,0.5832739846137233,0.33480011475553895,0.9833538837905816,0.9337283441145275,0.9669837369186646,0.0019650605442747934,,,,,0.8814883719290253,0.9119825419314916,0.8986683995521461,0.002328927647927815,,,,,0.7338829190703403,0.4843383601630038,0.16054763301352695,0.31012849275319854,0.14218990880718674,0.3235836885750132,0.06340954352110569,0.09068330663607096,0.05038978702087466,0.07768414712335794,0.0,0.0,0.0,0.0,0.8832323039246265,0.13455862954333478,,,0.25727772402243776,0.09278833634699452,0.20514616677583697,0.08113698691536785,0.06948041855116849,0.016453798494318595,0.05840479827374644,0.01636441357634376,0.4445670024524256,0.5062643753381668
