Sequence_ID,Pose,L_Shoulder_Angle_max,L_Shoulder_Angle_min,L_Shoulder_Angle_avg,L_Shoulder_Angle_var,R_Shoulder_Angle_max,R_Shoulder_Angle_min,R_Shoulder_Angle_avg,R_Shoulder_Angle_var,L_Elbow_Angle_max,L_Elbow_Angle_min,L_Elbow_Angle_avg,L_Elbow_Angle_var,R_Elbow_Angle_max,R_Elbow_Angle_min,R_Elbow_Angle_avg,R_Elbow_Angle_var,L_Hip_Angle_max,L_Hip_Angle_min,L_Hip_Angle_avg,L_Hip_Angle_var,R_Hip_Angle_max,R_Hip_Angle_min,R_Hip_Angle_avg,R_Hip_Angle_var,L_Knee_Angle_max,L_Knee_Angle_min,L_Knee_Angle_avg,L_Knee_Angle_var,R_Knee_Angle_max,R_Knee_Angle_min,R_Knee_Angle_avg,R_Knee_Angle_var,Head_x_std,L_Sho_x_std,R_Sho_x_std,L_Elb_x_std,R_Elb_x_std,L_Wri_x_std,R_Wri_x_std,L_Hip_x_std,R_Hip_x_std,L_Kne_x_std,R_Kne_x_std,L_Ank_x_std,R_Ank_x_std,Head_y_std,L_Sho_y_std,R_Sho_y_std,L_Elb_y_std,R_Elb_y_std,L_Wri_y_std,R_Wri_y_std,L_Hip_y_std,R_Hip_y_std,L_Kne_y_std,R_Kne_y_std,L_Ank_y_std,R_Ank_y_std
1659,Side,,,,,,,,,,,,,,,,,,,,,0.9096545612903293,0.46229212321372354,0.29189674509770397,0.5527583028965039,,,,,0.8842277306226566,0.3867390137507161,0.32594793726501947,0.26303520073417425,0.21873190456047964,0.13692847669554956,0.15719410923328184,,,,,,0.5607549316369212,0.10947063747739631,0.08231253361423042,0.026606021671900137,0.009705259436142748,0.3963473952658671,0.3750986623888653,0.38043885777984615,,,,,,0.22298566383018462,0.4033299849570787,0.4136766806783139,0.01580555920746255,0.028207990647436818
1660,Side,0.14315017403386682,0.12344004339911556,0.062682072551748,0.01535390246940655,0.1062560153926047,0.10377358489871713,0.11326269341334196,0.05506118119526675,0.09934206626167139,0.0751406618624756,0.09960980745435327,0.003846115454991192,0.24424200754874287,0.10141142475542278,0.15638538531685162,0.0361486658797338,0.9930863837425888,0.0,0.732630502718976,0.9999999999968426,0.8609388837139239,0.0,0.5712083833399235,0.731287989662029,0.9999999996450124,0.0,0.6753706832576672,0.9999999999977773,0.9999999997275947,0.0,0.8343214740059323,0.5785993372454356,0.036788023149045716,0.19983430335263755,0.22809655284324337,0.042194676105947036,0.019938193004864584,0.010153238973439964,0.022969707490210083,0.042398760726120505,0.07743885490823645,0.012025765258119795,0.011036175459502987,0.02832562709245641,0.0,0.6266249242999039,0.5700254527854349,0.57814077710123,0.5485192610349431,0.4788256938062449,0.5898811156500304,0.5844852606562826,0.42181844446591493,0.3947748598371546,0.13275478896211718,0.26095690377294634,0.003555473239764086,0.0
1661,Side,,,,,0.2992621109849688,0.41997858956108797,0.35732613643294997,0.0,,,,,,,,,,,,,0.6601712427929819,0.394160113420513,0.22878177177624115,0.4406502907360795,,,,,0.9703078177689163,0.25472541886263633,0.19702473690813505,0.455954006253025,0.6858310584317336,0.41953862727800373,0.4757297891553484,0.4991044303822828,0.23364521141121686,,,,0.6731976546606836,0.3922572616075178,0.36918358850163346,0.10070616954646934,0.012285784196253754,0.805115500805708,0.7619521430084023,0.7727998844968088,0.6882920885155974,0.5991743268623081,,,,0.8899258651384441,0.4394664281960241,0.5241515026817989,0.32605245533812954,0.012741589881690584
1662,Front,0.9999999999378418,0.71608790011421,0.7689480448115019,0.43664766678235706,0.99987167141483,0.8016860697978263,0.7938226080853866,0.061581738667573806,,,,,,,,,0.999999999927225,0.6495211304902871,0.7518299184449995,0.17251518809774638,0.9994095066432209,0.5738687636603151,0.6063756934352749,0.10662443942414569,0.9999999996450124,0.8657967196895846,0.8964884614932601,0.0347352154653894,0.9999999997275947,0.5906028262721005,0.904303529399777,0.12242962287781754,0.04983743666729227,0.06856280272448416,0.05506722134683905,0.10556472042031863,0.047153135053049716,,,0.3277883369342737,0.3856879655911735,0.3272186283158407,0.9999999998218807,0.030654973607858724,0.02055853116057587,0.4975624954602151,0.6974682481708968,0.6382339969638431,0.5260763667639019,0.4598359692208136,,,0.6034363484485397,0.6408674271997763,0.059143573197161,0.13775949857343348,0.0027748230279115733,0.0027748230279115733
1663,Side,0.37400546989221745,0.37845903415772797,0.33353487746944444,0.018998213426919184,0.4152069297134933,0.28743476513532484,0.29385683879686747,0.1702678891795437,,,,,,,,,0.9970162287317504,0.45335208623311546,0.6464208056827722,0.33152835748613735,0.5795689398938383,0.5166301404849406,0.48998995359139147,0.3263743783807587,0.8555200564943133,0.42888782470795594,0.43261213273747484,0.2199136072941893,0.7769000270289023,0.2517440820313789,0.34946139564319384,0.5947901764916391,0.23861666459187225,0.04320837535292484,0.05156026649263342,0.32791543185045446,0.0670931223976042,,,0.5303181926418112,0.24072114501389386,0.1195695362289049,0.24252296837930937,0.10965339138936808,0.032985041600122715,0.24099200934756526,0.23948565267977004,0.242895156116817,0.28418500770322874,0.22955528582666168,,,0.20576299615813673,0.26055321453578184,0.12376778098074703,0.22038103833959588,0.04546776766359057,0.0668061175321579
1664,Side,,,,,,,,,,,,,,,,,0.9911942361552146,0.46172393004743656,0.6386334201659251,0.3035371883280508,,,,,0.844515441659739,0.3034239195316997,0.267052548421598,0.3087012373273544,,,,,0.670380393178225,0.34668717068361177,0.3936174226611483,,,,,0.7636459662007898,,0.3766994173016457,0.33369367297392705,0.4200009989068151,0.22928859850139668,0.8132051822502402,0.8530236791209048,0.8651679856098373,,,,,0.7026618811040506,,0.7729042379838927,0.9999999992831021,0.23385738814948978,0.4483179354467927
1665,Front,0.9999999999378418,0.6669153553535733,0.7772911045138229,0.3994374710195655,0.9999999999358357,0.9094741067235732,0.8586898651867377,0.07531653094164366,0.9999999999407266,0.6648315082179908,0.8133518133658558,0.11749801128760096,0.9999999999427065,0.8566903755914262,0.9406106874976456,0.04014982590980018,0.999999999927225,0.6323755943585576,0.8314261714356826,0.07402293721188892,0.9999999997047534,0.36895707100883346,0.20268508951301129,0.447104431555078,0.9999999996450124,0.7311145695719433,0.9357593204950087,0.03747058299129444,0.9999999997275947,0.26897620891604695,0.28018274673373345,0.4960590202577163,0.3345457159213973,0.2101152171154284,0.39594608736188563,0.2533229229268463,0.11717334721170623,0.15113401172884813,0.16549540970695162,0.536973327003505,0.4389823022346231,0.2769138373613915,0.03369385190290661,0.0,0.0,0.4210267197021028,0.524495443579179,0.4684496580377057,0.5099461705335149,0.4459806226063991,0.5110069402850022,0.4365746620296189,0.47354446144199164,0.4617427146526404,0.3113146155901307,0.6137725801179141,0.0,0.0
1666,Side,0.5834783689343934,0.6169289201968985,0.5300469606030667,0.02024476222388559,0.36483798521881056,0.37575270972997765,0.3402592866067457,0.034699467273468815,0.28439333766318575,0.20981305582855508,0.2574736403513071,0.007462173042613329,0.9382949466633267,0.16198044008879858,0.37854734751999886,0.6517021303340277,0.9835528708985115,0.3277074542677846,0.6295168033923298,0.4425540491274016,0.9917330968433028,0.43973185507027635,0.6178563438826158,0.5766934407238821,0.6982605606324952,0.416796360564061,0.5520562678636092,0.24488533931617323,0.9324434756381251,0.21078051396990152,0.45786946115290805,0.5828580521553237,0.1294371715875534,0.06578838278476776,0.07701065461607383,0.05165087851499897,0.3903442838821166,0.030462704420218367,0.04435250200534244,0.44648604648828144,0.13770674928922824,0.04578220965401003,0.054584312900518704,0.0,0.008314230726377199,0.4710895795863619,0.5041368844896098,0.5113141680603625,0.5034095504876415,0.4300233533766322,0.47354818739552423,0.42702197067937375,0.3829340949371228,0.46563614945597226,0.06240652542689732,0.08716845615952001,0.0,0.0
1667,Side,0.31420934856326393,0.19947097122901036,0.23103658647550976,0.06288119059733607,,,,,,,,,,,,,0.8454988719274071,0.36762440557446757,0.5412576102231059,0.21539614486105646,,,,,0.9400070994178179,0.42840895484087094,0.4789158760478831,0.24337246646811603,,,,,0.7168713168188068,0.43831899119899453,0.4968975213773773,0.16685077099424533,0.15942955560637415,,,0.9607201622905666,,0.3027325478039627,0.32303640153662266,0.25285536843054995,0.16957558135576756,0.5504100781465653,0.5209018314341055,0.5283177937882823,0.7026012532236359,0.5713676715600409,,,0.6197805547699674,,0.4581853425463554,0.3871832275372432,0.999999999669083,0.999999999669083
1668,Front,0.9998135255470031,0.5680276722349411,0.6554058789128405,0.18440152950127695,0.9998075071543273,0.7221999196626387,0.7980652724023743,0.09783763788058775,0.9999999999407266,0.5036602334984778,0.8222608446077438,0.3038884918518683,0.9999999999427065,0.5742942875875586,0.9504560778887831,0.0894682701441639,0.999999999927225,0.2616033755099053,0.439797070177845,0.4201864389341684,0.9997047531739877,0.44108547115888314,0.19196235792677016,0.45889603067635176,0.9996450120697039,0.3783071949971084,0.4151853381253603,0.281383250201622,0.9999999997275947,0.5149961242314116,0.4906163475739605,0.23707374507599097,0.06683397715058523,0.02675050973440615,0.029003930431206335,0.06828737165807376,0.02095390572917607,0.03093647146596058,0.02229235470518975,0.05962813475667175,0.09114886955244028,0.04588952601977278,0.07187595253591442,0.014458955858710655,0.007847535304717226,0.2855294454480836,0.3006153163795367,0.2893725836115156,0.3264059578112611,0.2993031847780609,0.29519963749426603,0.30041683781903017,0.22240786575062702,0.2441686592270477,0.05444180281801763,0.1363663732487501,0.07739048162492236,0.007158018322995865
1669,Front,0.9999999999378418,0.726532826863366,0.7373672846101873,0.1941581980814841,0.9999999999358357,0.8340024086154153,0.8119821725349858,0.2067782202367705,0.9998221800130506,0.6129832415383275,0.6754773696759561,0.08568797116730517,0.9999999999427065,0.6550344520640677,0.7824784445842505,0.08546289842303867,0.999999999927225,0.7254704975738081,0.8131444122198409,0.055408039637094376,0.9994095066432209,0.8091401314419786,0.7031216587917868,0.021295369602638906,0.9992900244943943,0.7476954387197595,0.7429652476624956,0.038706377568159867,0.9999999997275947,0.630016099181324,0.9078603663384183,0.12630631015485824,0.32217105722320144,0.08850740745458564,0.11307579800302194,0.1997317404465219,0.09177735630595726,0.06983090454973438,0.07637949891584335,0.5439905560781153,0.42485970590326305,0.19535671480330918,0.5349815852469235,0.05009273234991514,0.047331208527891695,0.3748800657107782,0.38823445720897437,0.33120883361792935,0.3636844861985196,0.32034629653094937,0.3632678835220163,0.36487994916610644,0.36666461027106034,0.27967577818814326,0.056623108832273596,0.24159614587976377,0.10112530435773855,0.13194457586220232
1670,Side,,,,,0.7203079884042151,0.45630938040570657,0.5546085962351904,0.3490101494433361,,,,,,,,,,,,,0.7472689693689787,0.4374113703469503,0.37778077256935266,0.47314879506195134,,,,,0.5758648867949159,0.34339037622423285,0.3606213358932856,0.3093315422891018,0.9873784673922906,0.6470644087621569,0.7321787502258708,0.2398606245622099,0.1125029206345962,,,,0.9874133535882889,0.2598981209785934,0.2367029875317108,0.019951889491394505,0.013380587015610606,0.6973417459291612,0.7287874402885376,0.7391630233547306,0.6932552289832631,0.661963799922606,,,,0.7741578323994578,0.41685335184712397,0.5324634600218435,0.0268493221598835,0.0268493221598835
1671,Side,,,,,,,,,,,,,,,,,0.8134779127564603,0.245194561633836,0.4588689728083342,0.38697095808387594,0.9645704160128228,0.42896738427040293,0.36973624890496243,0.5964497963971342,0.7465388708744984,0.1914880881005933,0.28609348600794127,0.6136843473912418,0.7935167527121989,0.3912706457342275,0.40085274068916854,0.2682107553335384,0.15191334724621994,0.0682338548098644,0.07976699614393157,,,,,0.15841053574654684,0.2853677741649091,0.21705798759476957,0.05639037137369212,0.01779030300747166,0.01773804305535587,0.20322872912168563,0.1919366464776473,0.19466920539521992,,,,,0.2089761766136419,0.11376470904353146,0.02501515874784026,0.0843532134533003,0.014422126072129724,0.013280022769766033
1672,Side,0.36561412230447443,0.36943841560163876,0.31620611620645583,0.01910636942729301,,,,,0.5406318534443345,0.11210599551623777,0.1733494903975784,0.1403980113087358,0.5559757075423413,0.10296732606673886,0.18396280350401187,0.14601849598007702,0.7989957062223275,0.32623400975646405,0.506030791428624,0.2741010456764329,,,,,0.8413205534819593,0.3900993654740752,0.37222897821720596,0.2844571816944676,,,,,0.5102223487456267,0.31328965748933163,0.355974402581647,0.2529803828138174,0.1170110230159576,0.26748152653990453,0.29396092689485787,0.5530336075370765,,0.20262849460601454,0.16610699300954093,0.17127992115915738,0.08300937284450063,0.4751685881732869,0.44969405427126047,0.4560962474987087,0.5365853219138998,0.4688628411868383,0.41209668929323706,0.4135851311429738,0.4195373957496493,,0.25862479036764224,0.6457253553234216,0.10616429613674522,0.2890421181253447
1673,Side,0.35585529585058084,0.36706456861319425,0.28972819619643275,0.010346156503287627,,,,,,,,,,,,,0.8532130120913171,0.37907708791245875,0.5516830695465318,0.2210977561721186,,,,,0.9243876461042289,0.3302406320884568,0.4010650010345161,0.3050724972810358,,,,,0.5352665852077098,0.32844223350903196,0.3730531808741409,0.254357953753708,0.17528670020531428,,,0.7747637534674946,,0.2693841916194343,0.28728957567365615,0.06361703708401985,0.07285680792581477,0.5425596754181433,0.5134722996702605,0.5207824894497505,0.710921225791674,0.5664298972654893,,,0.6049817873211899,,0.301903999525475,0.5476071222905597,0.059349675444729175,0.3421996477570196
1674,Side,,,,,,,,,,,,,,,,,0.9784586273940427,0.33587837383056196,0.5503256284369655,0.3932257663753579,,,,,0.9833155836054968,0.3270082604856334,0.4131700393582134,0.3157266786210736,,,,,0.4136151250458922,0.25483915118706574,0.2900936416521164,,,,,0.6109561275841878,,0.22972639256343433,0.20992147866063754,0.11495837028817185,0.08135047158300865,0.5837943726510596,0.5524963476665934,0.5603621140507032,,,,,0.4329617973226453,,0.2528071067201551,0.7903655945068442,0.10277769545262905,0.2517315386760956
1675,Side,,,,,,,,,,,,,,,,,0.9766392547138752,0.35952046076220473,0.5018597973473109,0.25935575070706135,,,,,0.9982250617684678,0.4258350293052894,0.35432924603719984,0.13275634472662065,,,,,0.21807089850937644,0.07674317924917666,0.08935802972983586,,,,,0.5470503235422209,,0.10318312994542757,0.23942552004283083,0.00263207427006472,0.0,0.2893433066641562,0.29943029367801294,0.3036932155024626,,,,,0.20377242782933705,,0.003221669790807416,0.06032459364582087,0.002090117623515194,0.002090117623515194
1676,Front,0.9999999999378418,0.8102957134556229,0.7577293141950372,0.21356067265250184,0.9999999999358357,0.8433025558113674,0.8337093413392076,0.42080310384072067,0.9999999999407266,0.8625446184970328,0.9933731960107749,0.011765553707648795,0.9999999999427065,0.9118693042391715,0.9988685586618403,0.0010875334756076391,0.999999999927225,0.36313709728999144,0.5526791458285872,0.42201972620709377,0.9999999997047534,0.3628980275645934,0.191898293216946,0.8789878331695253,0.9999999996450124,0.5250808092586448,0.4704459279753156,0.16705233316913873,0.9991827837103833,0.39735257286999265,0.2747469321992217,0.28196227460584505,0.03146160622051545,0.0434168136844106,0.03184937063674632,0.02915305718187792,0.02806042487081291,0.013675098103488373,0.030408046132535876,0.046629427854508285,0.08019881829997011,0.08517803849819656,0.06805628415288577,0.014319277753069494,0.0,0.3819453603248952,0.34557271161118747,0.3426569789139568,0.37423058124011527,0.30484658957166055,0.35939148991408804,0.35317319743686626,0.17336615985103443,0.17985410654087758,0.13629267366823106,0.23791917440981722,0.0,0.0
1677,Front,0.9999999999378418,0.4757189364842838,0.49409474262456876,0.7708296981194265,0.9999999999358357,0.741937642128868,0.7815771809267502,0.1692663899871705,0.9998814533222758,0.5968903139574753,0.6971797166415764,0.14357106079095341,0.9999999999427065,0.7790064458335737,0.9610924280874228,0.04341054436811743,0.999999999927225,0.4564998995073002,0.5436559175856726,0.20263569703868659,0.9999999997047534,0.4082763954874128,0.17682980390484673,0.5809552845292867,0.9992900244943943,0.6316892134184311,0.6118237475354601,0.08727729160607171,0.9994551890494535,0.5301413153341994,0.47896879929050296,0.20662293734056597,0.12778712447992824,0.5210489619649875,0.05046115850894604,0.03591422016098678,0.0434021879087264,0.04340669182832865,0.03550613428897456,0.26494751247572745,0.5046396171328925,0.11729409151664222,0.021193482656581282,0.02733233104317148,0.0077001839707133484,0.47192896230321435,0.435660114180659,0.5033180195261472,0.4303861609687415,0.41187817176845065,0.42505530746985265,0.4486132907327957,0.3154168064470748,0.33923381223311655,0.09131542484713566,0.1811328656943802,0.02615824195987487,0.010245465315766986
1678,Side,,,,,0.28213025343072634,0.30115080956100954,0.2897990455094038,0.03153478378974969,0.11012980854068344,0.092746082637017,0.09399121427694959,0.0027518828302450964,0.026297696801518413,0.0,0.005131823967911528,0.0019788719642484503,,,,,0.741659285284423,0.1481242748389761,0.01597781189092351,0.7976013209348775,,,,,0.8771451918068253,0.258601156743271,0.3395928130858596,0.35480265678701317,0.1583625522920025,0.10040305892555278,0.11602556394280074,0.03163151938186754,0.04289314154513607,0.005436829014522587,0.027986093541570767,,0.5822880263098797,0.08575527658953035,0.06585273337087863,0.008607305043997615,0.019424645884580774,0.4692783317709404,0.4441207291649152,0.45044357621486497,0.36537602379097917,0.37490117550716623,0.38502019166270934,0.4329085416765452,,0.40160643091330755,0.029151932105323176,0.2455177289005978,0.02276995507108728,0.0907446547817033
1679,Side,0.46276727993145395,0.4279706999167139,0.3867351235534972,0.04395851941708458,0.6057747834067516,0.5822962665206546,0.5819220623279914,0.04978374751207405,0.22334182916108458,0.15354830902331973,0.17187172779885584,0.01372369562779916,0.21112638935423822,0.041953767501558464,0.12072198910961048,0.02395399824660549,0.995196856051583,0.1780188868677236,0.6460137187365381,0.6426259375052266,0.9498080894745181,0.3659275492867134,0.2928531753921531,0.6186467977493785,0.82889598834615,0.045492637373069994,0.3203982868670551,0.6395861220584027,0.9572323614935353,0.3548387096562614,0.3699144815146275,0.384519329042152,0.24476037345189103,0.15554669157071221,0.1781790799499114,0.22897006693171199,0.06911935148610147,0.1000736612940222,0.10967189198896697,0.12444720565438637,0.221462544442852,0.19031794602690238,0.16764718098734674,0.12023574012168609,0.03078550733469956,0.4062214833742648,0.39182914193982266,0.39740752540968904,0.3202391547357581,0.3550831311185838,0.3463771343243201,0.34803196362957944,0.29538771366110295,0.2523647979391498,0.21358421885991677,0.2834016102545416,0.25465438457104644,0.01083712511252952
1680,Front,0.9999999999378418,0.7953065653285875,0.754254233825466,0.2379681614123637,0.9999999999358357,0.4924394486489736,0.5941658430186231,0.37944374466813346,0.9999999999407266,0.946639240066148,0.9907412128399768,0.00850676434626447,0.9999999999427065,0.603856412502564,0.8425371678527475,0.16387325842539668,0.9998544501128116,0.3364141718346785,0.48248736235211664,0.25145670970823364,0.9997047531739877,0.28271238879188393,0.013898940044782617,0.5042905239381773,,,,,,,,,0.38608656118069684,0.15746162034109742,0.6634153702673468,0.352394751940661,0.14602770230670098,0.13794368246013156,0.25956133155361827,0.5436629577339419,0.5248251079784176,0.18541192004535376,0.09701236835242436,,,0.6983603365801672,0.6756249917213643,0.6475603890131387,0.7890898022840835,0.7056211052315675,0.7242627234960327,0.7682342814295307,0.36104676520585766,0.4053083887727806,0.2369007552337167,0.44662735910393575,,
1681,Front,0.9999999999378418,0.8864622896848573,0.8138947898143922,0.16124360255892797,0.9999999999358357,0.8320620901356842,0.840117135285623,0.2718844001266551,0.9999999999407266,0.8098493556289039,0.9758992618767968,0.04194722715699924,0.9999999999427065,0.6381418092554934,0.9016491549789019,0.1422348126613005,0.999999999927225,0.36199852653124376,0.5453390275145584,0.37064796417541557,0.9999999997047534,0.4078896480335251,0.2271893176194535,0.5910729680861365,0.9992900244943943,0.41823297016531585,0.39523233885856845,0.17122522586658653,0.9994551890494535,0.39347683498935804,0.27010012800145367,0.20800251820330498,0.24179929771638417,0.15824224298987202,0.20596776171621278,0.23809716725272412,0.1392465469082431,0.1305829212710086,0.14003195379513614,0.40142908989197484,0.24353389627987215,0.11977574221277358,0.10433985245233714,0.14431166864569767,0.08955966227985905,0.49144012346333193,0.43090517186047883,0.4394846964640487,0.49152287164539843,0.426181199591544,0.46769870090917437,0.4588322891162001,0.2727419370345425,0.28336538789092525,0.28493977657258984,0.36755570444652946,0.07653078676264671,0.015636574897673828
1682,Side,,,,,,,,,,,,,,,,,,,,,0.9940950690894319,0.42484207809560115,0.32083704805414753,0.6350707605469059,,,,,0.7921547260168471,0.2945560789282358,0.32285132876892686,0.3739801482537482,0.5505711051003516,0.33770196484359966,0.3834900134170386,,,,,,0.6562647493712869,0.31324370218406317,0.16556101961081487,0.03646279527177386,0.030316039361823546,0.651484741475187,0.6165577420539778,0.625335536118668,,,,,,0.5959585717676512,0.728460389490039,0.6111268536881796,0.026717215144981817,0.023783117607396004
1683,Side,,,,,,,,,,,,,,,,,,,,,0.9843519335741505,0.4221993038273688,0.327300951827639,0.6249752745878933,,,,,0.9204576407190258,0.396696678767116,0.37236254593768386,0.3085278416899609,0.31376643625467676,0.1944274532833616,0.22200238156346483,,,,,,0.6850127695792653,0.09171825809230479,0.10797714080964012,0.008127820476549506,0.005450862645397053,0.543176449196681,0.5140560073521813,0.5213745072468097,,,,,,0.4678217526418365,0.5791018033319175,0.8114288610207522,0.00266085162000024,0.00266085162000024
1684,Side,0.3417454002771167,0.3552631578706414,0.28932961626283027,0.017255472945478793,0.30182868140507996,0.36190285023672536,0.327704090099119,0.021046375139835937,0.0,0.0003629983664853894,0.0,0.002661216537961568,0.10931591611611573,0.00044454323180459303,0.08715775315622437,0.013775438611033254,0.9957062804020299,0.2778782398849455,0.6416077506690737,0.5328975497528196,0.9870091523510455,0.3411112543289215,0.284183805843744,0.636236930899584,0.7042953494127451,0.2662516460992307,0.4695745344841456,0.359031568660806,0.6880958864919383,0.16558344760803864,0.20970060647369504,0.47722095698551975,0.20709073433700045,0.12988519082669903,0.14925547769971556,0.013874894756872275,0.01056250619889586,0.05068429891858297,0.22542416495392406,0.33094626055148796,0.20589014805068975,0.03258405418925813,0.1247608933779618,0.012119115297804926,0.029005126113385866,0.30320035980677706,0.28694536852716146,0.29103054527696137,0.310667600765615,0.2552998436705392,0.2742964528219961,0.26958458922155015,0.23601375512222658,0.27443535886912046,0.17036012741072312,0.16061300512586113,0.009623731652803806,0.012387414122573137
1685,Side,0.35256091494576325,0.40497829622863685,0.3261645993287309,0.012911464233265866,0.5004812319216887,0.45470359959489465,0.4393979480326812,0.045712231358846195,0.07853713472357671,6.0499727747564906e-05,0.024735318125247322,0.01136697742132572,0.3026813337743393,0.0032785063345588733,0.20371028426865284,0.09205642782460087,0.9962157047524767,0.5559574040214347,0.7772135254133744,0.1680054622086584,0.9932093294971336,0.36753899701124537,0.41213844745272754,0.7633255811428056,,,,,,,,,0.1761632833257405,0.1551949098395997,0.17778257956705837,0.09710284925266305,0.07381387940032973,0.1321859997382601,0.11311605896757917,0.43488403686649924,0.5007008987621264,0.2287973636342088,0.3840952245212716,,,0.6130499481224592,0.7017345971989032,0.7117250350154167,0.5520796849207571,0.6312209065338369,0.5752365788858359,0.5188024989467781,0.4606906782006083,0.6261616890431208,0.21206956446578196,0.5971240564833209,,
1686,Side,0.3631277970932914,0.3395957677469075,0.31372480011401455,0.03430153867339498,0.26916907280916463,0.34878897361509503,0.31160693725171057,0.008827949125850856,0.6584671921843123,0.5277391251420087,0.5968391026707893,0.030289190741520634,0.0782055689195482,0.054623249607989366,0.07303486706181002,0.002180909605227875,0.9988356014119179,0.7934498693460952,0.9124705551825721,0.05074544910126844,0.9244168878286338,0.7663400798784104,0.7883246570596236,0.10702737022174257,0.898118565531374,0.7888183885556794,0.8429900063503467,0.02918931012118024,0.9754835192112546,0.3471468606316172,0.3929607643686113,0.35665530774267307,0.04406281350440721,0.029510041530234652,0.03612059431873181,0.13190588939138628,0.016795429525911777,0.052243906590680414,0.05701905324021432,0.2611535622644403,0.18568198630609803,0.003619678402187564,0.10897395373701829,0.060678391528497896,0.013157735557663613,0.424526659621039,0.43528751293671614,0.4414846034715961,0.40955969071102843,0.3334987776478075,0.39072797686392113,0.39227051959262127,0.2800917923323184,0.28133127276588643,0.3260483067559307,0.3428773096139481,0.0435445515378232,0.030018281131707087
1687,Side,,,,,0.3764517163698138,0.3875284356759314,0.37408417042173037,0.041516431842689,0.15784482246708287,0.07992014035453324,0.11981923674659448,0.016504331929113495,0.1754325655909572,0.029173149587176418,0.09650817697843833,0.020683334444746855,,,,,0.8904635367905331,0.36927936055373983,0.2653182968978089,0.552281995926544,,,,,0.952056660051197,0.3621131715245296,0.3901396563149276,0.29319943369642576,0.12950280907941256,0.08294197746675604,0.09634482196241087,0.036641039636791765,0.004271941291198114,0.04635220598803614,0.12347961181526237,,0.4421878465349179,0.15042638136886943,0.08481746455157384,0.06691306072044102,0.0038903963005521573,0.40475095739838374,0.38305169791492005,0.3885051188860458,0.28925437697059886,0.31130212283207437,0.26851813567952054,0.3427649798721947,,0.2905568874724374,0.17410785528233047,0.35539895592031023,0.26629902484035667,0.006499679065229847
1688,Side,,,,,,,,,,,,,,,,,,,,,0.9964570413355602,0.43373726953501746,0.38823391553775577,0.6466396339867045,,,,,0.8768727864677544,0.40570031599751355,0.43920923277405133,0.3238754130308047,0.39637515279553204,0.24440840834942287,0.2783369380976508,,,,,,0.8264639168451481,0.1503639751447761,0.14495107616372507,0.0,0.02027788126741124,0.6997168685302051,0.6622040779668731,0.6716317286615624,,,,,,0.5755990569027419,0.5144490860619778,0.5591066820023444,0.0,0.0027242141055265554
1689,Front,,,,,,,,,,,,,,,,,0.9998544501128116,0.3680932288280695,0.6039805396950692,0.22057158372226482,0.9999999997047534,0.45533066904374553,0.36909629314002995,0.3027208897666561,0.9992900244943943,0.6725128695874228,0.5946155622387048,0.0666881970608367,0.9994551890494535,0.5226283465194307,0.5634066802632193,0.22002501815583356,0.015580175866871533,0.055295866026843145,0.05619506587679307,,,0.08926986277132815,0.0977786538777191,0.19112273279272163,0.15716643904199776,0.18485426263406457,0.6506062434640048,0.015384438206502241,0.014641608809259063,0.6381214471763974,0.6076298172200019,0.6399289322774954,,,0.8814887424433865,0.8817887868762033,0.6613761861883277,0.6975124094079099,0.0987843432441777,0.17117187943348597,0.013857783038383626,0.0072898993757728224
1690,Side,,,,,0.4565928777377868,0.3257727819934582,0.39908998514258287,0.11505565561047067,,,,,,,,,,,,,0.32270445812733867,0.352842593763514,0.10473330068729866,0.3793557169265822,,,,,0.9833832740442973,0.29592749387061423,0.23052393750249833,0.347514723618471,0.5890432709382482,0.36097887401924306,0.40972589374712076,0.10087857516655686,0.04493244693348367,,,,0.5896137913297146,0.1502274103478579,0.13635116466776903,0.09308723272288695,0.06242826365032795,0.4100967989409909,0.3881109414874168,0.3936363897727314,0.498860058189702,0.4364579902133411,,,,0.453057226708856,0.2195727234730989,0.3095391187961007,0.06496009117268801,0.06496009117268801
1691,Side,,,,,0.6968238690601973,0.481399705574642,0.492652066835172,0.09862706547637723,,,,,,,,,,,,,0.8048420428683662,0.44598427224146026,0.281928587836503,0.49550965530813385,,,,,0.9855625167568611,0.48094925761845153,0.5013537474677022,0.3034675339425433,0.4153806368023807,0.2559073431099606,0.291297622612267,0.2530859910681138,0.12934109127253074,,,,0.48993963323691325,0.31272847093174017,0.19718680487819387,0.01424182030290127,0.09589950453897712,0.39654948653244926,0.375291075730971,0.38063401046747797,0.3579831333157652,0.38729592274483093,,,,0.3766042630175645,0.07207285336173579,0.43214171155259135,0.008410349585206202,0.046940457584123504
1692,Side,,,,,0.5386589669208431,0.37555198712862625,0.3806601447429166,0.23399231975225418,,,,,,,,,,,,,0.8455860641140877,0.41472218638554054,0.3000358842608619,0.32544694019508885,,,,,0.9640424949702964,0.25740862201076803,0.24871901849085704,0.3113355618953679,0.3795783759666587,0.23424581312833165,0.2668824692052513,0.18454319903255703,0.08457975323455162,,,,0.3842973007156782,0.13444444020171237,0.12663482966192588,0.09559294646719459,0.02530971195203407,0.2508898606576537,0.23743930769744895,0.24081967778069147,0.42404980860943453,0.3721982674275266,,,,0.26845577752305083,0.11543409691162802,0.2391271011169108,0.12444818084832371,0.009316241788113107
1693,Front,0.9999999999378418,0.9999999999321757,0.9406413066894466,0.08791873503763718,0.9999999999358357,0.9551050447641438,0.9999999999408181,0.06107931727325253,0.9999999999407266,0.9589811845266513,0.9929740057894691,0.004880588807325728,0.9999999999427065,0.702378306251257,0.9320630628738508,0.04814437196930385,0.9998544501128116,0.5604447123059108,0.640999433381589,0.10662993080739322,0.9994095066432209,0.5752868376579033,0.3902513414151595,0.16545442979238809,0.9992900244943943,0.691009218203579,0.5975452447179357,0.028991292243262377,0.9994551890494535,0.6270347623500665,0.4665515604000612,0.046631171538150586,0.17067427564223178,0.1191253059907714,0.0835704001209915,0.10021930233168724,0.07356239579948945,0.07143240185423907,0.06954777500730344,0.4104029032571176,0.11880397243902305,0.11518200633130049,0.15346452246414657,0.045801224580216696,0.031727183774759964,0.473431723907479,0.4374604201509198,0.4411488182182886,0.44883341089303297,0.3251704356759202,0.43320638636012093,0.39295409636502976,0.35755072716044795,0.48276469970593733,0.10976180687499652,0.1164873979528359,0.12823508332315087,0.10048967904898234
1694,Side,0.27349577323014074,0.27516277806055595,0.24421430495370303,0.013379158162817383,0.4687840872333151,0.49043222263545877,0.4489839531143746,0.0400199129713271,,,,,,,,,0.7332071901074735,0.14272319334654587,0.3609449568911613,0.5402700313689169,0.8207853555297359,0.3026298826670987,0.12241087948144831,0.7221355948318945,0.9960951363166146,0.15934394827251622,0.23450807161251802,0.8811283097989044,0.9997275943885244,0.3448214179032364,0.2785101710906114,0.40107835453010354,0.26144397398125707,0.1619072710744704,0.18534821917846456,0.1766292577006171,0.07906319796540796,,,0.14150792597912173,0.23251533840729516,0.5241284700056335,0.16476946426229203,0.03870408777198096,0.03963177025087848,0.5012100852120784,0.5182338579668375,0.5256118369821177,0.4434042736202175,0.41849978888589884,,,0.5184063370075566,0.3940217597210038,0.21156272834757164,0.19019462421916758,0.037707211875822,0.021206117070461855
1695,Side,0.6207110889718603,0.014378730330006868,0.22685831661170172,0.26929452886964844,,,,,,,,,,,,,0.8961502073432682,0.27071194157988665,0.43827426541140957,0.24599788479676624,,,,,0.5505857293040163,0.4045253202200092,0.4093963915988838,0.21066291872927018,,,,,0.45924215601171015,0.2824449860189444,0.32120874261315974,0.11292882862421584,0.06514575957812836,,,0.636914898855129,,0.08321920302579704,0.07503674705398175,0.0389820194888731,0.14576219736444473,0.3037553895775764,0.2874706423831261,0.29156329733881126,0.46381661570101773,0.36425333422926687,,,0.3184078430264521,,0.10800220632039279,0.18346600030760954,0.0021611085404433165,0.07269777172210999
1696,Side,,,,,,,,,,,,,,,,,0.8110035659114326,0.23280423278864082,0.4141872863080338,0.3712157227818446,0.904635370267306,0.4428258347013776,0.31968932542808565,0.3981971277788422,0.8988285406819921,0.07685861366713403,0.10372200798812178,0.8149962514331923,0.8084990463610735,0.28704311011346706,0.25679058861824716,0.3692834811406432,0.23074510092520317,0.10636652261796581,0.12274710581961709,,,,,0.2559863421006074,0.14009723145491076,0.5379272599318684,0.21380558523111326,0.08102772560570332,0.024063514726446175,0.49741239894101746,0.4519215581976545,0.4583554638980968,,,,,0.5534967902744637,0.43691890832583535,0.35183674158357225,0.4344600750719219,0.0,0.09460576880317575
1697,Side,,,,,0.5023419954762693,0.408671216351621,0.44864824658683355,0.15293327620915548,0.21723667831087445,0.18385867262484973,0.19712809443045598,0.00595951173145492,0.24338260569248407,0.16887086018176978,0.2074022933168807,0.006692801101880381,,,,,0.9805137286741915,0.2877401056924236,0.36328687155021916,0.7805002692220071,,,,,0.9771179512456774,0.33027249416670007,0.4580046340555709,0.39372551332901745,0.217158862314977,0.07784549429023174,0.09060047155426128,0.19984682564618803,0.0918318933127714,0.11576674549043245,0.12694744434730795,,0.38507061694011724,0.17272669857050693,0.15693865401017218,0.03011887283500931,0.020198999145157402,0.5182002178874299,0.5281783280358249,0.5356978842374643,0.4737296174639694,0.41487170807177115,0.4935324439620647,0.49481470839604874,,0.4123351150776975,0.11524728714121897,0.1916528399503131,0.0,0.0
1698,Side,0.3653654897833562,0.10248236570113385,0.28609397144443677,0.18182039467450933,0.45672120625879237,0.027097551182450313,0.3950774258819455,0.462523256096427,0.26542587871107665,0.102063040710142,0.15851165490051067,0.018576843231241105,0.7703105304932788,0.10168926427530066,0.2512474117321358,0.4696481624156836,0.9996361253911915,0.40533119011416974,0.6924864608385205,0.38330760281938014,0.9982285205201569,0.40801856385148777,0.4368686875820363,0.7014677127895689,0.955626552731407,0.3209625284136859,0.38947968873300026,0.34728731108548133,0.7763552163507611,0.36694293719116666,0.4198945808306067,0.3278202760521725,0.5248401646960891,0.6947306131880697,0.2195863587744149,0.46582829736929027,0.45995059557601325,0.08760450995078663,0.7077871076468322,0.36952628788005176,0.6990482606467004,0.22234786179426944,0.10237959725065915,0.043758041949613316,0.0,0.6010926680222691,0.6944048185044827,0.735415996694566,0.595609872350506,0.6024490392986886,0.6056100836807662,0.5848931563101903,0.597785303096467,0.6610830883779502,0.12644498513179436,0.5128076426800083,0.10074587500829128,0.0
1699,Side,,,,,,,,,,,,,,,,,,,,,0.9335695302823828,0.44675776714923554,0.3304537765632177,0.5371152348596122,,,,,0.19940070819956449,0.35865482080027095,0.16424859291776958,0.23485034070573615,0.5036925271493005,0.3093389034592292,0.35152142692387295,,,,,,0.28628284292980233,0.24087972109377784,0.17659699682184055,0.2062201762090329,0.17769432281895906,0.4442045245544714,0.42039010468504834,0.4263751041653336,,,,,,0.189327358139106,0.46690618933582323,0.15009281057132776,0.11082738326528094,0.1273674415576144
1700,Front,0.9999999999378418,0.8828676071023556,0.8196605451762973,0.13763589761094996,0.99987167141483,0.8548775591559695,0.8063017407733262,0.19300683922892123,0.9999999999407266,0.7354346904993989,0.9635855870756198,0.07658881781139704,0.9999999999427065,0.8055679039338981,0.9944541958972637,0.009133427063686477,0.999999999927225,0.31893376195037615,0.5506012583211017,0.4767814168800827,0.9994095066432209,0.4566842851323523,0.32448902587013917,0.5659882508388451,0.9996450120697039,0.30863162933624855,0.2830538127148192,0.3273040120685959,0.9997275943885244,0.47242263428105524,0.4317022592037161,0.21098666562941235,0.08327582879265706,0.05759453310717888,0.04047842461377193,0.04117186606346673,0.0372597059429255,0.06916757354327752,0.026434363684614628,0.16847178997846837,0.07100348183101646,0.05062873131933495,0.16117066253377269,0.03541807232615248,0.07547475154224882,0.7197904822936514,0.6180149293214042,0.6310616112013846,0.6851083442004376,0.5817859175875092,0.6955572331301814,0.6785400527759166,0.46176214896326395,0.44311470893476096,0.45706388860738195,0.4116243239892246,0.07183350877950838,0.06757163170738904
1701,Side,0.37301093980774414,0.3411557243393139,0.28150642765670636,0.02452803327511727,,,,,0.0757512891899857,0.00048399782198051925,0.014187625188099023,0.011942094006489717,0.10341469003647218,0.057568348518694794,0.09047037187350741,0.0021509502855823377,0.9957790553092365,0.32355501973588136,0.5738356888060167,0.3980378087269231,,,,,0.9911253102622913,0.4179336764983877,0.5242151738648982,0.23667095889534212,,,,,0.18571037391730985,0.1169493787456064,0.13467525937386063,0.075343265130363,0.020514203358951155,0.040383449455948656,0.057273425291592114,0.34921778866242076,,0.0433304736783438,0.05184750982684563,0.0,0.02176850767680501,0.21953892878320724,0.20777094514625377,0.21072893341681578,0.21261713745792873,0.17801778068396273,0.17684399037667997,0.16698299034230363,0.16358196865856206,,0.10046644062202073,0.09395057465569846,0.0,0.033681332196617404
1702,Front,0.9999999999378418,0.9289202386781794,0.8832138272533614,0.193633762098371,0.9999999999358357,0.7817476247302456,0.7769196819146074,0.30503441957742705,0.9999999999407266,0.8043438804038753,0.9777231038850448,0.02769524740472955,0.9999999999427065,0.685930206674487,0.9215506352158664,0.04620501780950081,0.999999999927225,0.5593061415471631,0.7987041295476209,0.163549113869382,0.9997047531739877,0.4911692664373359,0.34495332716656074,0.31864033216174154,0.9999999996450124,0.6219322398765753,0.857167959657379,0.17412745726900333,0.9994551890494535,0.6538071670947584,0.6727471848463189,0.06958454018917679,0.040506603521315,0.052504241744154884,0.08108854870946577,0.0868221840307681,0.03827135148959786,0.0612408485226323,0.06692323392675789,0.2954545048585523,0.2444651468833578,0.5411931532516293,0.1701626256807848,0.008279426668015235,0.008573102559562874,0.466798260935915,0.39112983717393246,0.4453475479282828,0.4167748113448503,0.3659492666540677,0.42659389163454037,0.42804562975719157,0.30952712284175776,0.3170877958042706,0.14563347210966587,0.12032692599613536,0.00986197983938093,0.0
1703,Side,,,,,0.2783445620610623,0.20232838216229568,0.20831206927339257,0.07466511520066137,0.15262877125525287,0.10647952083571424,0.1105746583180832,0.005266065814981735,0.17417210953511103,0.004556568125997079,0.04699256715129011,0.021301632671973075,,,,,0.6823147326004388,0.4252288255494889,0.4265278600654994,0.44922449484739263,,,,,0.6445110322406669,0.4666388408284158,0.5472467752745721,0.19914630002188238,0.25108990823531324,0.15650611929092206,0.17926047055305594,0.21019173940079622,0.06869161393234867,0.06802727530577327,0.08134110010553315,,0.2338555813244767,0.10790339580615234,0.07090573783982251,0.05590912368627798,0.07204666678801423,0.4918261179296632,0.4654586384743996,0.4720852685456536,0.44822892065555037,0.49622313095697207,0.44243587420828157,0.5249903189822485,,0.3976430890336083,0.14129288579125435,0.3818933598486831,0.07615320475785503,0.11535560359332862
1704,Side,0.4431874688933871,0.4712425393060742,0.40794447627942615,0.0215990738167778,0.429643888326619,0.49009768496653966,0.43795509514420544,0.01719499861220472,0.23810088315819447,0.19940710265597392,0.2160262130198854,0.003951564127821249,0.2159963332063712,0.1398088464025445,0.19268948917813863,0.0036663499375084035,0.955534531623933,0.18304199315631625,0.5052481389156824,0.613684537185788,0.7392973130382939,0.29102745905046873,0.1373961201137759,0.7214059619374031,,,,,,,,,0.3132108231930915,0.6676217816544118,0.10099500046431978,0.20820518800098745,0.09579278546937521,0.06601985146095601,0.07218414468517732,0.3500855039377081,0.7587088884816541,0.681508304520937,0.2819440425262501,,,0.8367136814504923,0.9127387518615409,0.961998412269211,0.9839265087322232,0.8531152774092271,0.9999999997899028,0.9999999997904347,0.9827022179171868,0.8631571982441989,0.3566123344944795,0.3326268794778007,,
1705,Side,,,,,,,,,,,,,,,,,0.9992722508551581,0.3219476257235317,0.6210858445736117,0.5176454847131091,,,,,0.9975150866178507,0.3420328025654236,0.4260784262194151,0.36195749516552783,,,,,0.41221349986356326,0.2539911224536476,0.28913781112502424,,,,,0.9277876658312014,,0.21572188652484928,0.19628047518359,0.0,0.11626161486898919,0.7889595664908478,0.7466623512716745,0.7572924154299578,,,,,0.6088352785593845,,0.4599458974604899,0.5811574317603516,0.0,0.21275218971715004
1706,Side,0.468361511656616,0.39460119367915075,0.36660895114986386,0.06321786050722637,,,,,,,,,,,,,0.986318317372366,0.42736588303346285,0.634714299735171,0.33337056694323974,,,,,0.9478168260746124,0.293188076122759,0.3539783629737705,0.3925724999482285,,,,,0.3369051313134309,0.20842711489833085,0.2377816864540087,0.20048545934754833,0.1640249406770638,,,0.34325931913889174,,0.16368843057434046,0.14866838144850303,0.010598836993861943,0.0071080315837660675,0.3256317532950125,0.3081741839387308,0.3125615905645182,0.3294268823981297,0.24738951612499935,,,0.2742456076184831,,0.22509481762855943,0.3157790076890876,0.014606337121289434,0.014606337121289434
1707,Side,,,,,0.36207892201719094,0.3524019804394218,0.35236902508621826,0.03852146855895994,0.10479521071040274,0.08978159597738632,0.09723506718678812,0.0022665367021258206,0.2452732897762534,0.16698155144660026,0.2007556551254159,0.003992607858545052,,,,,0.989075878066408,0.2989557818551659,0.3071716050618053,0.6269867927209545,,,,,0.9999999997275947,0.21799534910154456,0.3923326677231552,0.5091653150074748,0.15008409426516714,0.09539432309256234,0.11038011535992637,0.07772182151352058,0.08444289255229448,0.10658277381902762,0.11683737410992484,,0.2830081123786013,0.27345453393611646,0.14121762076936595,0.31227791397542853,0.08166087136194203,0.4017976871981406,0.38025675662095504,0.3856703866407587,0.28510128550297187,0.30179310640332274,0.29563063923187277,0.29741394749897404,,0.4147069804136976,0.15872761186638226,0.37899651962945174,0.18669341174554852,0.040297368269629104
1708,Side,,,,,0.35431504649635454,0.383781613784037,0.3627331731420711,0.030903820157517043,0.11392330033110526,0.10284953717086033,0.11604869226829066,0.0018028762601442793,0.05397043657305086,0.00044454323180459303,0.015590561744381955,0.005517141847550808,,,,,0.727487451807651,0.3514245197659259,0.24821759481729436,0.5898684345179078,,,,,0.8608008714625981,0.2981336831257448,0.3799044079145279,0.35413532897920263,0.34612249991726307,0.21400392210834987,0.24406741990263592,0.10762571898273522,0.0680785030078102,0.16072788745567143,0.15107559066180629,,0.4947247699495349,0.12147550738353254,0.10111980473123311,0.3153924505134968,0.05541143877549079,0.4831365273732176,0.4572349089044259,0.4637444595852429,0.4051076178791653,0.3982582445456965,0.41813164557525134,0.47727449169081176,,0.40975841371050026,0.0981465105985511,0.24231527433542668,0.14811259594225537,0.027402527280558656
1709,Side,0.4453630034531723,0.46554530653380727,0.398578906977905,0.01400021409574883,,,,,,,,,,,,,0.9902481623615276,0.3214118277194151,0.5557436242175471,0.40691146532229966,,,,,0.9815406457289522,0.2509278103525124,0.2949360252296617,0.3658090976099378,,,,,0.4109127569412307,0.11330507945675052,0.13056769512175312,0.060969668438401244,0.02402711098201218,,,0.5982515060233029,,0.2163082336240343,0.335505259804617,0.0,0.0,0.39476682546223096,0.4084721728814468,0.41428749944399285,0.4632414789979423,0.3328156692566825,,,0.3684729900902141,,0.365775292579079,0.4262209107601941,0.009544718770880534,0.0
1710,Side,0.4308801590980308,0.4356348344794062,0.3764132682736167,0.017601774685725484,0.2572345203556474,0.1930282349663436,0.23233124307993389,0.11768628170938664,0.19003022937644298,0.152398814196116,0.16949305347733182,0.00811881085072043,0.7196058209740114,0.13997555011447124,0.32557757269875837,0.572877416952228,0.9915581106912482,0.37586229988775943,0.6591184772158526,0.3690517007605278,0.9819899613280214,0.8820420264998038,0.9265689462222347,0.032223488646600386,,,,,,,,,0.30966494785581156,0.16827109922523323,0.19252102002348934,0.14925009509996984,0.0678549245402658,0.1842793252621674,0.5827562399725629,0.7392498221868997,0.3188506743684341,0.22271781286529016,0.12021506874182465,,,0.7049942623900999,0.7695035099836283,0.7804587585872558,0.8290868154433924,0.72011270325921,0.8036628443286056,0.6425033591915904,0.6811527906036285,0.47536915212449626,0.6648139165330141,0.9059279788771946,,
1711,Side,,,,,0.4818094321153796,0.4535661715205696,0.45571832258335077,0.0597821656413731,0.6590006519673404,0.22282049729428152,0.3883046323417712,0.15066373996392,0.2570757419355405,0.10596799288141986,0.18917296698503175,0.023118153065086217,,,,,0.9905521107202387,0.36193115892987415,0.32367902738833865,0.6774980412555477,,,,,0.956415145476324,0.3116689523396536,0.3516086451464569,0.3610515373729974,0.647044000900981,0.4344371932325118,0.49252226750901734,0.4418661907315728,0.206520939350898,0.7012609379713749,0.3180167939212316,,0.3367682169163291,0.2219306920743121,0.23213715235916185,0.0720892275717952,0.021545201790144408,0.7131429148409703,0.712105577763464,0.7222436649004473,0.7505138309912253,0.6526209059763661,0.7012959752850638,0.7325903631891602,,0.6359525571210105,0.4701648178426556,0.5055080691497017,0.04366833301313025,0.0536998882621757
1712,Side,0.41279214318667373,0.38191806834089,0.3570611419913517,0.019746300134448103,0.5077317933585029,0.5812926535138971,0.5145561037024672,0.01888499841937413,0.17473771559630505,0.12487143807097396,0.1478920955041632,0.010349815355199453,0.25432565599551243,0.114692153805585,0.2063487436813967,0.023862493072867176,0.9914125608768347,0.41973076147480204,0.6849199415379819,0.3775540233529682,0.2580454678895646,0.4330282325362234,0.334099893301453,0.4816482683335575,0.8927937519017413,0.3547228540431747,0.44228138710821113,0.34379088370214433,0.8861345679961495,0.12927076500332293,0.3501312232750065,0.9999999999974157,0.3009909316479465,0.4340765660980953,0.8027199690018384,0.10320791711310559,0.04603628424688219,0.10132220476204061,0.11104633679430044,0.29533843264447535,0.4554542788803269,0.3451132424296636,0.807948078127401,0.0,0.0,0.566834708756502,0.6895564272787124,0.6785606236421511,0.6226078163742204,0.5427535403674825,0.5633049669661708,0.5644105827211805,0.6052512778214654,0.6742870094358562,0.3627643484785255,0.40985529339612703,0.0,0.0
1713,Side,0.4574216807274103,0.3158572978624622,0.3759160843032872,0.11938408809996179,,,,,,,,,,,,,0.9995633504839848,0.31538410017310403,0.5635343973543089,0.4375350647418488,,,,,0.978700745126482,0.25864958695925716,0.3196166179064848,0.3581966933774726,,,,,0.48713697456656224,0.15593570247934743,0.1786175421000636,0.5804044204080736,0.0626754845315167,,,0.5625110469100619,,0.21069090015552303,0.35752781081571094,0.0,0.0,0.467494048230963,0.4703880615310282,0.4770848706909507,0.522778817376359,0.3659673310282399,,,0.4188668874016762,,0.29515806983184734,0.3993945148396577,0.0,0.0
1714,Front,0.9999999999378418,0.7489148127544143,0.882455411724538,0.36899394583236195,0.9998075071543273,0.7312324367234556,0.7196050858729659,0.2627593327551653,0.9999999999407266,0.709843305662179,0.8869066454814597,0.09689529647564898,0.9999999999427065,0.5410091131061897,0.7216257268104032,0.20022071808209602,0.999999999927225,0.7385975486746635,0.8981198844752639,0.06604112591114265,0.9994095066432209,0.5993940956169012,0.46208083775088993,0.19864593831074395,0.9999999996450124,0.5606368968897021,0.8572213850798815,0.1474871986146735,0.9999999997275947,0.7455727147608626,0.7588124791805612,0.052103226906736126,0.42629600258072814,0.1543421663309021,0.25206365858907814,0.22012001684501015,0.1515969656508417,0.1770667003295768,0.22704151633083086,0.308609889401576,0.2114492956484992,0.5759806493595901,0.22151337635332718,0.026688311596981016,0.0,0.505206917212509,0.4709702240586298,0.5174790156714524,0.39777928460626233,0.413156375027788,0.4030431477605022,0.49236272832739203,0.4880871359632852,0.500776884878,0.1900872016984802,0.19949142828663308,0.0,0.0
1715,Side,0.6289781202990441,0.5120048833076503,0.4542807504961442,0.06052343342563448,0.3684311838069662,0.37528435699349094,0.37467604686222095,0.023988119362386442,0.24041254221798278,0.16334926491842525,0.20697954080187989,0.015163974214158372,0.2762690500586531,0.1664814403108201,0.22436449127250646,0.00996065318587611,0.9910486863408013,0.37010247134350654,0.5884261128387994,0.3058875377166948,0.9731325654050392,0.5815392548290872,0.587216884912521,0.21140958066861057,0.8320908765239297,0.37465581226058564,0.3969603222986146,0.22408481331439875,0.9994551890494535,0.2622383876774051,0.2714603725894569,0.3662451174102658,0.31463416857483345,0.11611558623961195,0.13373547478981976,0.09679434686050754,0.1211292877526676,0.0977093913151643,0.09444953055570307,0.2635727185291831,0.07237658421130201,0.1014088997865678,0.1524580393373551,0.0,0.0,0.4350487930798364,0.46464976709950306,0.4712648814507046,0.4294659927648998,0.32086405711461485,0.4078243737898792,0.36445731025095884,0.34874176252622946,0.28151113370132413,0.4202012527512398,0.3145379465223681,0.0,0.0
1716,Side,0.391720537021897,0.37832338575838825,0.31571400434099123,0.03269868884625016,,,,,,,,,,,,,0.9710355868589596,0.4435067979074739,0.648401733702801,0.23902604931813834,,,,,0.9811856581536437,0.2480545911500027,0.3010687954567047,0.3476059223149261,,,,,0.5720732938270795,0.35071148700511445,0.39815331188186237,0.28435447084701476,0.18460479296301502,,,0.7215258652015636,,0.27905482787999547,0.2542319197923831,0.03260423679179188,0.021865790087616004,0.5448954409807468,0.5156828416055717,0.5230245023739992,0.7138144576082709,0.488032511348939,,,0.5901253262228742,,0.34122378541463344,0.4470031114153539,0.013548919603726374,0.013548919603726374
1717,Front,0.9999999999378418,0.7718393922428215,0.8642346477895269,0.1839004639878773,0.9999999999358357,0.9574468084465777,0.9616726200202781,0.1296400078699492,0.9999999999407266,0.4786738459387335,0.9174783859578907,0.17431730868120437,0.9999999999427065,0.6216937096787233,0.9121767381233388,0.1323660428456032,0.999999999927225,0.6538744892737341,0.8598520544853602,0.06225666388323668,0.9999999997047534,0.7845172102111306,0.6425983321083395,0.049827913891874236,0.9999999996450124,0.5977493115887854,0.8734298109573142,0.1387305438621543,0.9999999997275947,0.6886888080204705,0.6300162262408272,0.0652063359222756,0.3343485468028032,0.34536347627141323,0.13081761305225245,0.2142238211762363,0.09864491797157884,0.10263110382249173,0.11248722336367084,0.415237306436971,0.4222912127301227,0.5990739184631207,0.21251221615079968,0.04550840402129598,0.023931800912969203,0.6266949527206143,0.5251330194545253,0.5590399890556693,0.5627357627652573,0.491325272327802,0.5752858146523573,0.5763610975366947,0.5424400297680488,0.6194332341692145,0.4406984280082983,0.4254716146324628,0.12979630873534292,0.04548717778155786
1718,Side,0.5454997513335715,0.0,0.2790025461491892,0.9999999999922508,,,,,0.903917965686449,0.7841974710639363,0.8157134843886612,0.03666462285497905,0.9953592299189091,0.7031562569069151,0.8795639284501254,0.06850636904352289,0.9703806126940994,0.16911124504928593,0.4845814933758847,0.6648490792316604,,,,,0.5282215120595594,0.3550221477101028,0.35722442536753946,0.27778252595674047,,,,,0.1920883441429674,0.0754570243713445,0.0879083782659695,0.7568714043911016,0.36167582523993824,0.6126755002619284,0.6250871313967049,0.7627239044085101,,0.06731032818693389,0.0642612632951593,0.013825092738277353,0.009271696119968685,0.46383247773097125,0.3520899032624207,0.35710252811860754,0.25536607344696927,0.13820684321031892,0.12121430396687184,0.03731265845293182,0.3078593313701997,,0.06600903287947148,0.1760842790008839,0.010011374212300448,0.010011374212300448
1719,Side,0.34149676775599846,0.3128052088773193,0.2749197864818257,0.038728724919310314,,,,,0.04160986307618932,0.0003629983664853894,0.004709407560604542,0.0032768350289087444,0.0782055689195482,0.01872638363976848,0.05345510649986061,0.0033284711024896664,0.9877738155164999,0.2869868059549268,0.5604473045077207,0.3595185426564826,,,,,0.7234646784794234,0.25212498502022473,0.3416490799950191,0.27475740687039757,,,,,0.2493444948065448,0.15545008750870898,0.17807019553613498,0.0979371445714633,0.027005523564095857,0.10709860091422371,0.2147732480401861,0.2659728696590993,,0.09374153009446572,0.1011630248747787,0.005820873543875454,0.05085176173529476,0.3129730653784322,0.2961941458160574,0.300410995330393,0.31171338261027964,0.2643118387748404,0.2782314313229195,0.277655550226747,0.2689949206721638,,0.268662022998259,0.23755641359717242,0.029038620147138795,0.06240275840097145
1720,Side,0.2516161113717295,0.24355670101440882,0.19522769591564015,0.021195141767085868,0.4239332691418714,0.38157366516917074,0.39972193924121685,0.03572799821244055,0.3086953944455755,0.22191300137806805,0.23811624135092774,0.007582858819743973,0.03844390970330905,0.00022227161590229652,0.00944845439018923,0.003212931149813998,0.9965795792885103,0.6959346325968833,0.8344124502969147,0.08417858603278326,0.4413935634953079,0.5846332344601884,0.40765565925181235,0.2258431734499457,0.8111466095807077,0.4422363222529488,0.4430928563642991,0.18749333755695954,0.4780713700686269,0.47462882353618574,0.40746021087928097,0.1706376056415457,0.034761885847190664,0.02562064352925364,0.0317367742960729,0.060471525104423156,0.025784202233288006,0.004033873852885232,0.02044008472597226,0.10492159146593635,0.1896468957371165,0.10301767741129995,0.056467123557649455,0.020942861433925986,0.03428425372926834,0.3042952837527154,0.2879815920836794,0.2920815213154671,0.2796430706676055,0.24815728373064372,0.2414552641507263,0.2710566808806213,0.18891707060849564,0.2509968805122109,0.2143433002899786,0.4758358202204288,0.08447033058702487,0.04702605584951255
1721,Front,0.9998135255470031,0.47524416708659495,0.570213377224791,0.6550969013972451,0.9999999999358357,0.6972434095612708,0.7390954034114405,0.4274705874938015,0.9999999999407266,0.29584366868559236,0.5565939327999122,0.6375704628421619,0.9999999999427065,0.6378084018316399,0.8998536550763716,0.12784601060011594,0.9998544501128116,0.2567142187223418,0.49686989890691646,0.3896402557702961,0.9994095066432209,0.2504834343012451,0.13085786846870037,0.8621097748390131,0.9999999996450124,0.46635939180735303,0.5437824578505936,0.28614337533092393,0.9999999997275947,0.41404805912503434,0.4263426175726279,0.34028607625277624,0.01901199871226596,0.019861662255268364,0.0460491625101083,0.043344637528364434,0.03196713089200832,0.7459427369174819,0.061225097103266735,0.03966148508668568,0.06464352027464858,0.08275744049783276,0.05851141050567199,0.0,0.00791110714557928,0.485581783880579,0.5403630078605383,0.5329837886420826,0.6522568964170666,0.557825237210576,0.6190265666186977,0.6149337437956779,0.3884323190872178,0.3369955797201017,0.2359379469721966,0.25409507182621743,0.0,0.0165649792956409
1722,Side,,,,,0.9376965029876356,0.5071591060814158,0.5828076789311926,0.7220981886110963,,,,,,,,,,,,,0.41304989654176283,0.31146061619753374,0.1923772846409152,0.48551539016262696,,,,,0.9861073274350023,0.21465625185053624,0.30742218441453184,0.49221211768646794,0.47481870160163486,0.29186930173058545,0.3318310815731043,0.1325098300758637,0.08219854784580496,,,,0.48588454309425566,0.16643015738125663,0.15117713954158557,0.0,0.0,0.36754212713607187,0.3478376845843032,0.3527897715584254,0.49915421297479384,0.48542856174695115,,,,0.4154301120422813,0.27537198086599307,0.3725914965065641,0.0,0.0
1723,Side,,,,,0.5128007699382225,0.4056603773313488,0.4262374301688773,0.2059754649961555,,,,,,,,,,,,,0.9471508706976233,0.38449142707332135,0.3263236784494341,0.6984995685287426,,,,,0.9822936526880157,0.3071373203561423,0.3774649361853526,0.4699445001052344,0.48268603280814,0.15221573802800248,0.17442469409600947,0.13391598654073514,0.06058833956313702,,,,0.3817587892919288,0.20211100040339888,0.1838261268418525,0.07625281886208268,0.048174714156080635,0.396940547994093,0.2076036169154348,0.2105592229715647,0.41964751287026414,0.3684168296511864,,,,0.30449506164793166,0.08861093581707481,0.16155413679566474,0.14369354009349755,0.05780186802525413
1724,Side,,,,,0.4837343599304631,0.4740398768584209,0.4650936341203196,0.057702762782246585,,,,,,,,,,,,,0.20165338051324114,0.4006059043186408,0.23821858774256519,0.35798315223296423,,,,,0.7902478886433543,0.3553157235492626,0.3531158317859798,0.35858182457038035,0.34917010925541886,0.2158478246862811,0.2461457202048751,0.19734742714942405,0.0943725533016128,,,,0.2752339006502261,0.2137341863171353,0.17576427337605455,0.008393085709447246,0.005628760810507447,0.3794721182675316,0.35912809236589044,0.36424091833922295,0.392744274012894,0.4125636783932012,,,,0.40382853255353135,0.2982869938868362,0.10685171381619273,0.00902432989194036,0.00902432989194036
1725,Side,0.4965191446732646,0.49131850240834785,0.43254793718320167,0.016328822300863934,0.37080526144556913,0.38077077476376475,0.3603260075196034,0.01875671921087539,0.3655384979926774,0.13455139451058434,0.252569952401241,0.07065211556537837,0.3867308353164472,0.12358301844167685,0.26205347735257684,0.07373715231810343,0.8505931154318759,0.2496148951677975,0.4232990288205846,0.3571265423631377,0.9861234127587472,0.46615959775260013,0.3350070088753983,0.38823156292809746,0.8686545967807406,0.2060337603132986,0.15763373904324204,0.498574075141056,0.9931898662508336,0.39967801559837346,0.34059046060175796,0.21516041968566132,0.17799582905458172,0.08376758184056111,0.09727537753521893,0.5261568056386402,0.24646489263847088,0.10844743339016123,0.11889006328487804,0.4589601943798515,0.4951774892815839,0.5162785922690719,0.14348475515283762,0.0,0.006976831856100478,0.4762919627580307,0.5164513138188556,0.5238039151535473,0.4836442224176899,0.42338805134600865,0.5104079156608331,0.5116474551129145,0.5127665787434239,0.4915601312608203,0.3532147284271469,0.37986551013175857,0.0,0.03369574641227839
1726,Side,0.24658130281908372,0.07026587085795809,0.06054835904325655,0.1705013549822729,0.19210779594532515,0.16800481733119194,0.1753197810141152,0.05302027542000381,0.6126489241531238,0.1480428337982913,0.2573716243794092,0.2825659093222861,0.3234788586958016,0.12163814180253177,0.19431099401743945,0.04072470840117957,0.9965068043813037,0.7959279351151343,0.8783297284249512,0.04115840918569896,0.9946855621509636,0.7851617893009434,0.8078839180793865,0.08158342311954292,0.9925452605635264,0.7158505925586106,0.7663989805999232,0.09093862899558505,0.9970035409978194,0.7204698586416749,0.7581877972676372,0.07941102223029091,0.052533064829930844,0.6293895667056989,0.046774386888163585,0.15596911444322825,0.05312666247142102,0.028068531946046967,0.02760468488789773,0.13237214364653432,0.080782461131573,0.11974255767839355,0.06312894719182206,0.02690387290290835,0.01180925254547508,0.6632533255523845,0.6012477981577607,0.6174665360627463,0.6690720189671344,0.560666164131943,0.6023248458786804,0.6261036696393577,0.24608553722918505,0.22839736020875917,0.20813444126254455,0.28728685992487424,0.037275788304002536,0.06018850151135743
1727,Front,0.9999999999378418,0.7971378187196733,0.820647682015716,0.19759277241300238,0.9999999999358357,0.8424996654059614,0.8373150352173131,0.23120394795753654,0.9999999999407266,0.8714985782036725,0.9260852170096149,0.030327526142814778,0.9999999999427065,0.7977883973773178,0.9895209891706991,0.011605785370270348,0.999999999927225,0.3321947625522607,0.5426362081695512,0.37688550631978257,0.9999999997047534,0.3523269304916638,0.2117222177941004,0.6049257412234519,0.9996450120697039,0.3837543397351996,0.3425557726842195,0.26115511883896947,0.9997275943885244,0.46872577661029596,0.42067848442471534,0.1764397521358269,0.2207460213122278,0.04780059413546042,0.09029300115746877,0.05700712896244227,0.053007383186027865,0.10043256562475478,0.06480402146394616,0.1984100218189551,0.09444613844776811,0.05369493258486184,0.11528811466844821,0.018846961749864787,0.007722908138644348,0.48062549894690876,0.5154725331156799,0.4561124794500601,0.4760139506052825,0.36388185712489735,0.47886937500739346,0.42399227552067886,0.38284020771530036,0.302562039006759,0.4759519025495735,0.2619392528197044,0.006767084404161596,0.018825550141833926
1728,Front,0.9998135255470031,0.8116521974490197,0.7490242100275705,0.16535697078141096,0.9999999999358357,0.7894419911153858,0.7815654672339256,0.32189082070951563,0.9999999999407266,0.7048823279868787,0.9803792985279374,0.04720565402839114,0.9999999999427065,0.999999999944432,0.9999999999437952,0.0,0.9998544501128116,0.4934029870408276,0.6530973816886139,0.20520150437882306,0.9999999997047534,0.2882557689642738,0.0703966997578579,0.7253502602729559,0.9992900244943943,0.5961331257873738,0.6339621859399083,0.08825507689627378,0.9994551890494535,0.28608908232746466,0.2120303317587813,0.3346489862165844,0.23931771967148247,0.09353987547653758,0.05369709240023006,0.14048626394270236,0.05640529859028636,0.06347339616505442,0.8826460765995827,0.020554612274946055,0.09497567329619551,0.1773232407579793,0.03341508271502138,0.0,0.013833327953008161,0.5258603917596164,0.4736705354855365,0.5021958700505866,0.4544919012950549,0.390604235157594,0.45523696553960297,0.49575903835939944,0.290148018714559,0.2670562186196764,0.4004177997865922,0.60328533815305,0.012719563546168872,0.0304354487140546
1729,Front,0.9998756836772826,0.5384563211788893,0.5449556579264498,0.2228943063401812,0.9999999999358357,0.4222534457097381,0.6877845858315706,0.38221745667131923,0.9999999999407266,0.570512432659537,0.7799424908948088,0.16990998960822426,0.9999999999427065,0.6710380084090332,0.9847933113284231,0.03255986312699145,0.9998544501128116,0.6777175004569206,0.6746036342856486,0.049178070228718555,0.9999999997047534,0.281809978066146,0.23236154772020118,0.4533717003698224,0.9989350369190858,0.8410750628013243,0.7392980260853125,0.006877993023490569,0.9999999997275947,0.3665851767714158,0.5161731299049511,0.2600810014337037,0.13862045636975878,0.0438820667242788,0.04875497723659015,0.05970193390490146,0.78759505282193,0.04373201424789973,0.0056331894536401205,0.1630913028042639,0.12658462467263398,0.15298543516983334,0.03551272133195778,0.0,0.0,0.465818227168083,0.411740347924141,0.44775467567755917,0.42671487136464153,0.401938779409088,0.4209206457944973,0.4373215410753936,0.20374395136511345,0.17009250137367082,0.2874406854646805,0.4443965971883043,0.0,0.0
1730,Side,0.4015415216060702,0.4043000542319384,0.33964844746582556,0.02311513793234017,0.4436958613767279,0.4597216646286817,0.4219064595171766,0.03227624023863779,0.22944698001129468,0.15748079132691145,0.19694352619013075,0.007092975404119477,0.10421679843564702,0.0013891975993893533,0.05785401885698049,0.010743757642705347,0.9811512989606904,0.4925323152841381,0.6779246450154937,0.22908534948789647,0.9400649539592367,0.5246229211986191,0.48526903976345087,0.32435226867103506,0.612708554983064,0.536154674934984,0.5921212029718864,0.11731476638529462,0.7137019883645598,0.47194562038805404,0.46675691336814223,0.15991119848475324,0.16945918872371324,0.10711688417428979,0.12359285367417373,0.16835510540642407,0.06154739552185547,0.09753974149664323,0.10688245534390835,0.6480140477524939,0.3571272195658167,0.09172093665657395,0.09036300528766396,0.158544276890728,0.09289438759682903,0.27970139570665836,0.26470508454818725,0.26847363137123076,0.2668681674783784,0.22458102654697354,0.2508641000997695,0.25276074739575294,0.15191720765386532,0.11584782536549303,0.21839763848932328,0.31007314802355923,0.11191278049361324,0.12052201184969638
1731,Side,,,,,,,,,,,,,,,,,0.9991994759479512,0.3208760297152986,0.5757442013648508,0.404162034309211,0.36551520508842167,0.24977439730245102,0.0,0.6893474306494543,0.9772807948252469,0.2811564707122497,0.32901457967562325,0.34768349386219327,0.8191228545848211,0.11412557390053511,0.056997953473282945,0.8447643774155521,0.30269174848509456,0.13718277572548082,0.15748073487017328,,,0.06743662425173937,0.0737437828175369,0.439084514721805,0.27264991142936507,0.1999146578971095,0.4314191023917135,0.03018677484357221,0.011732150376213283,0.44709170908640716,0.4703819049625853,0.47707862647282595,,,0.4683636837965184,0.46970966999436076,0.44159628797600087,0.41963906469041407,0.277907078737825,0.6323839788897535,0.04484582776049098,0.05053937637167622
1732,Side,,,,,,,,,,,,,,,,,0.9983989519686777,0.304199316837171,0.5515045790502026,0.3601940474196383,,,,,0.7117500884942312,0.2192026816581346,0.23760100796684944,0.2157537494163986,,,,,0.36031781724695244,0.22259254988654317,0.25374783790349664,,,,,0.6925048425473393,,0.14554569282997643,0.1320672598371042,0.010513038120063887,0.011754795878452684,0.3841070035125378,0.3635144949927112,0.3686897691948418,,,,,0.36406504899070946,,0.21985920147623142,0.30986283491891686,0.0017962069827397236,0.012676663046903085
1733,Front,0.9999999999378418,0.8133478024407659,0.8099924844101897,0.36092859507950226,0.9999999999358357,0.6605780810477333,0.7642699994805856,0.4402372737076267,0.9999999999407266,0.811482848278088,0.9765806339813256,0.02993780955019686,0.9999999999427065,0.603856412502564,0.8473858849824796,0.10033340312069784,0.999999999927225,0.3741209563743807,0.5896902718989488,0.4617577266000919,0.9999999997047534,0.35451849939702723,0.2161557608835761,0.556002518399873,0.9996450120697039,0.5206512629881089,0.579399063227872,0.2145856542432287,0.9999999997275947,0.6393178700948471,0.6461198659356078,0.1611022561572898,0.22061919397476798,0.02723075448006178,0.05186129538168909,0.06313519035098322,0.036128051873062055,0.0119217325125759,0.050601065535860044,0.3398136485411375,0.2209082987325837,0.07818270864880664,0.09398593359143365,0.0,0.0,0.41241514889414294,0.4073481741184604,0.3769343125501129,0.3574918245599826,0.3127733941437542,0.380628880849946,0.350657958292212,0.2471169202598028,0.1943414271156187,0.13881296757770795,0.11296532011486378,0.0,0.0
1734,Front,0.9999999999378418,0.6617607161786652,0.7153385965561815,0.2959088475382499,0.9998075071543273,0.7071457245612774,0.7830992649451703,0.10670248527054009,0.9999999999407266,0.8033153850321668,0.9007812402971708,0.0734502262912717,0.9999999999427065,0.7203267392353674,0.9704051896050695,0.031435690720056766,0.999999999927225,0.2984394882929181,0.48209135239806455,0.37016324804958306,0.9994095066432209,0.4669975505693567,0.24854115594277507,0.24702627049950449,0.9999999996450124,0.40320842808552565,0.31596979470297193,0.23483290765244597,0.9999999997275947,0.7392522806785968,0.7022226877241271,0.04745414836779821,0.2006081668082726,0.09670872901800592,0.052932635718665966,0.12430342960082988,0.021503502007113637,0.10563441723398596,0.47063252912814846,0.2421198930209361,0.09660024530234218,0.024639592234141194,0.29082678166362386,0.0,0.0076112357758978365,0.30598757946030103,0.3124131729374587,0.30266111288156916,0.38900220799037255,0.29687184059717847,0.3268749503638751,0.2799347257182851,0.234052084584515,0.18795597423300864,0.17139424063329034,0.1857547877048042,0.0,0.0
1735,Front,0.9999999999378418,0.6521296798255474,0.7477325579306277,0.5383722764634575,0.9999999999358357,0.9334939113519675,0.8645463682597389,0.1327429573922076,0.9999999999407266,0.7406981668134371,0.8615750942759142,0.12503525544062344,0.9999999999427065,0.844187597196922,0.9669442256296,0.026138305805187157,0.9998544501128116,0.29803763978983067,0.4899045226271114,0.4545774320921977,0.9994095066432209,0.3723088822758599,0.2981510209979012,0.5274280940296296,0.9992900244943943,0.5017359032382535,0.5136496163559855,0.13628129020481994,0.9999999997275947,0.602051159704129,0.666362900167235,0.19994935948051007,0.042978576712755096,0.04353394532254964,0.026419469970318722,0.07977852771895051,0.03493347717223576,0.026802638834720165,0.029012324436630835,0.14389747221922275,0.19860570272221803,0.0342830469508459,0.4863837482054075,0.03707367658201367,0.030029153265294938,0.7266006090061378,0.659481423024626,0.5887519126963452,0.5417788228320908,0.4733239000813517,0.5939047852615479,0.5949329290082941,0.48826273805903064,0.5258557712623831,0.2706274039541409,0.40749643076291253,0.06661443572612216,0.06548401820741485
1736,Side,0.3304947786965133,0.28669289200442943,0.22559410508502917,0.05079330056474726,0.1773500160296856,0.04609929077705745,0.11599462600403913,0.14555463063004379,0.20502637661045425,0.08215863028119313,0.1352272283837398,0.01993790807834131,0.5754554829508735,0.07835074460555952,0.3611383856486651,0.10071383246427873,0.999999999927225,0.6272855133194504,0.7819904931745029,0.08000232382940843,0.8641865955523513,0.8921619182098643,0.8005195755750295,0.027144634591290975,0.9219027330770672,0.516880162784815,0.6292262558494621,0.11823958889781691,0.9945518929461861,0.7443801800283596,0.8626559623884497,0.06802420085706447,0.052688916976170085,0.037702350229805476,0.2830469942394931,0.10134010311324017,0.0770458470435372,0.023732563571185878,0.0548478231925772,0.05119914991117703,0.14769047283639578,0.08463120576125925,0.0813770422997438,0.0,0.009646449111145608,0.3096809961984534,0.28210303310856105,0.28687946741499054,0.31248525551112544,0.28741103141302365,0.27195782008976893,0.27526227265823355,0.2110406370797688,0.1750358337837086,0.1739385869380147,0.2531421533782156,0.0,0.010478049777293257
1737,Side,,,,,0.4514597368975644,0.4535661715205696,0.4115479676484097,0.04252665861615596,,,,,,,,,,,,,0.49040448760247907,0.35890163720775414,0.2648109000632949,0.4752661295227389,,,,,0.9926450555726924,0.21966489772704872,0.29773868657337627,0.524082609718193,0.7242790961744042,0.4428009381728142,0.501949215464578,0.13156092212899795,0.03983691455568564,,,,0.7164076501034304,0.3267401682151001,0.29625458169960533,0.15298305507115026,0.040079244211300935,0.878974091695883,0.8318510730931681,0.8436939499464833,0.9935025895315573,0.887318589833635,,,,0.9754274469703096,0.9999999993655693,0.9939740201805827,0.35598642556069865,0.05195594030647354
1738,Side,0.48446046739902654,0.43183667929789493,0.3964684190521699,0.03211258527464931,0.5202438241565452,0.47323698645301504,0.45884203274096025,0.04898490260905875,0.30211605712156264,0.001209994554951298,0.0998489075437227,0.09857524649685609,0.17892746647307622,0.07012669481717454,0.11510384249622088,0.010753607129325677,0.9934502582786222,0.26957337082113897,0.6970894323457376,0.5535933558479267,0.973427811935805,0.3728890034566914,0.5776478294816281,0.6395347040216873,0.9904153351116732,0.1560517179363072,0.40041932751980636,0.5781672308843383,0.8087714517001438,0.37052054138867563,0.5885499181838556,0.28994171686377934,0.24274694758078963,0.5704485894762286,0.10434344028654428,0.1994285647398293,0.05791639389892453,0.6504752649935286,0.1583864629156572,0.18880336476649448,0.38646302701552654,0.48245293830230734,0.05352857578244425,0.04081159251619795,0.02144426260242439,0.6880239033939505,0.6088169724871768,0.6819902537748082,0.6762564209563036,0.6438379744062884,0.6901372753447703,0.6765732778462729,0.47694023534465,0.5310245441789065,0.5125741080888891,0.7747045744757566,0.07075554250831977,0.013294607067338442
1739,Front,0.9999999999378418,0.7755018990249931,0.7676539516197426,0.25937162278190923,0.9999999999358357,0.650943396182862,0.7890773937992459,0.44968730946971236,0.9999999999407266,0.5576864903770533,0.8908058075130736,0.22628904114460552,0.9999999999427065,0.5864636585582094,0.8749699576264974,0.22744075944257125,0.999999999927225,0.41571227644392783,0.677654597494745,0.43551038100090533,0.9999999997047534,0.4104679643927763,0.3947404667979404,0.6557730991531187,0.9992900244943943,0.48443672928980985,0.5561813625579487,0.2112179635848789,0.9999999997275947,0.45477312024001115,0.552931734525352,0.33438152932103815,0.07769135452616749,0.13311957326138216,0.05424396997542321,0.23012576841173044,0.04870256456678006,0.02457724790246778,0.06927026314124005,0.23158396503740236,0.09282813009544796,0.26181073578354086,0.22629786781048852,0.025747700596317903,0.03708163111006163,0.8257029231757916,0.791903749176094,0.7873815580904278,0.884660380281487,0.7665624998728077,0.8306008987102836,0.8415632788699825,0.5903190027085126,0.5981248703593087,0.5896553286717156,0.7981560883863527,0.012905984554020321,0.018024092024219594
1740,Side,0.1839880656275492,0.0,0.06304965426657613,0.20437753472770295,0.37362848890769146,0.37086845976375826,0.35805844803591974,0.05196628345994359,0.487522968378429,0.000604997277475649,0.22929846116866,0.40253740252415887,0.20304801190540575,0.052289397641015256,0.12954207190994468,0.02052739304589706,0.8257768720743922,0.5438349741782978,0.6442312214741925,0.062180856476668954,0.8148804249144135,0.48324094363263875,0.41647444426855396,0.3615085884376597,0.8580049695214749,0.8301807733251417,0.8516914570729925,0.02642861812748855,0.9940070822680449,0.5396219664575981,0.5799206321488819,0.21210078163932622,0.19311599805154328,0.7357120960266458,0.14584066311754226,0.12288162743616386,0.06986663133067476,0.11985481355801375,0.08116389286700347,0.4394843757770445,0.14816122449865046,0.036542097129677036,0.09263585881175043,0.05234015244797424,0.05852177618349622,0.46982865217748343,0.45864472978265824,0.4323357061576321,0.5311995353591912,0.41996171928172543,0.4439305431914934,0.4515970651416164,0.2150329426304073,0.32908998344745677,0.08894964174413121,0.14006316707865485,0.0429793226792598,0.08519121430274339
1741,Front,0.9998756836772826,0.4768041236790013,0.6528728967722648,0.5303480473147422,0.9999999999358357,0.5381372942233281,0.6531842051519691,0.6511462629612482,0.9999999999407266,0.5183616673411361,0.6977143966747026,0.20980724193458566,0.9999999999427065,0.491775950183831,0.6692219613952333,0.20615521717691004,0.9998544501128116,0.2780791641364892,0.5082615760635922,0.3507154027244831,0.9994095066432209,0.3737914141824293,0.2182785868349274,0.5481152441226862,0.9992900244943943,0.43295821857817796,0.43202030287090804,0.26268993737564045,0.9994551890494535,0.44135710449935267,0.38300577613656445,0.30493227729971906,0.0033876589354284925,0.027576683879960404,0.030655104692351044,0.005458889169127539,0.0,0.013413355334135867,0.005274761204131175,0.0717724240305156,0.03189531815415535,0.07155223050490724,0.07252177004675164,0.0,0.014837187904923407,0.46879457460647783,0.4130407322824194,0.42799337946594196,0.3095594129528595,0.2884584069443629,0.3880614759138071,0.3819719250275881,0.35031806633409196,0.3639333972857428,0.18540638751680152,0.24819695694166577,0.0,0.03384045610871384
1742,Side,0.1099577324645725,0.1095360824667976,0.04387226715236242,0.018909342411399,,,,,,,,,,,,,0.891201513653213,0.31993838320809465,0.5220384715152894,0.3060755741681481,,,,,0.8090166841288546,0.4847958816901235,0.4899480984496973,0.19953019973793348,,,,,0.07324054076935001,0.04890147881151806,0.05797707982121401,0.037554002072066286,0.014923960313346996,,,0.6337589466421892,,0.11329419617351398,0.10255622210467162,0.023062803997139437,0.015466898803784806,0.3919850570771565,0.37097019519312224,0.37625161452409234,0.27081099941557324,0.24057080389045543,,,0.29031394965805873,,0.148926012994233,0.2297093274827406,0.046297573302072785,0.046297573302072785
1743,Side,0.23141471903086683,0.1922137818643371,0.13818482974245494,0.032726961268056486,0.21135707409615934,0.19503546097985844,0.18539630482176517,0.0773690367730304,0.25938000117009186,0.1424163591177678,0.17524908696577238,0.02519098597020692,0.16597914517211074,0.06312513891625221,0.11088774625941299,0.01141568760267478,0.999999999927225,0.8259326233456612,0.9497523990988366,0.05018365175461313,0.9908473572510045,0.7315328090285204,0.8299414783949359,0.17468645073567812,0.9889953848104381,0.8200646473829722,0.8913488597077751,0.03160124455320405,0.9874693541303541,0.6496929222676231,0.7788024479761374,0.13181683043999137,0.009202684539457473,0.0,0.02648945929933041,0.06311754730309153,0.0011458727530052047,0.0,0.0,0.0,0.028296712750689665,0.07570253958909948,0.07147020997939176,0.0,0.0,0.416258397283944,0.38198055197801417,0.3851006881947613,0.4106841119251803,0.3675259723838193,0.40460318619173163,0.4042591005158608,0.3256744591766352,0.30324479686458927,0.12959347609083408,0.22243526208718098,0.0,0.0
1744,Side,0.3390104425448153,0.3621134020372956,0.3036120095539468,0.016211117498018186,,,,,,,,,,,,,0.9965068043813037,0.46118813204332004,0.6798643595416541,0.35323840660398226,,,,,0.8345757895510914,0.4225427989690804,0.46934205561132175,0.2994090371241448,,,,,0.16951244918775182,0.10714910848391931,0.12362917435252413,0.03246918448388602,0.012514347850061096,,,0.4627421070637043,,0.17810282879819753,0.16185796624221577,0.0,0.0,0.40925209645318866,0.3873106510408469,0.3928247057708579,0.3759304806767698,0.33086523230277354,,,0.32717113550125143,,0.14492234512473698,0.22518523898175533,0.0,0.0
1745,Side,0.32713823966141603,0.16467715679838052,0.16398641205726391,0.17286569139326208,0.28046198265765404,0.19550381371634523,0.21598417855763027,0.10936618363216105,,,,,,,,,0.9993450257623647,0.7384635991736344,0.9451862740537146,0.0696130353917937,0.9722468258127409,0.7922521592888838,0.8343463621253328,0.11395203367118514,0.0,0.38417335086889903,0.4818046046623831,0.13183717239229578,0.9945518929461861,0.6318049012800784,0.739782924439776,0.1559005566500143,0.03265827296006489,0.024347889447233467,0.030302227143204102,0.03498355329966267,0.0003227711633073337,,,0.1570146234230423,0.09627657602997791,0.08732617112439232,0.07469701961165102,0.01015173182698817,0.011059538965958971,0.4135121487472781,0.3913431896596779,0.3969146547361004,0.436468408440785,0.36315552350522856,,,0.27342835854911834,0.32006700314925285,0.21710497699046383,0.2878613111267123,0.019476200404548585,0.0
1746,Side,,,,,,,,,,,,,,,,,,,,,0.9952760552124961,0.5464096944342909,0.38338039684076236,0.4154849442530383,,,,,,,,,0.5619293730090711,0.19716174419708624,0.2250842567668605,,,,,,0.3649412714757192,0.4672696769874394,0.20276440792597572,,,0.5030733670552411,0.5134403991416732,0.520750134760504,,,,,,0.39646484375999574,0.388380396257004,0.45132848200594516,,
1747,Side,,,,,0.30542187999323567,0.3547437441218558,0.3382701345951203,0.01012239627800305,,,,,,,,,,,,,0.5231768525175149,0.36051308493228607,0.14717378811415638,0.44125861442132225,,,,,0.9730318711596205,0.22825114780107017,0.1989903017463907,0.46432123882265464,0.49489409159503556,0.30401556434317034,0.34552138254721204,0.2049514929207106,0.09425091222000012,,,,0.452300743260278,0.2838098757351181,0.25858292396954674,0.015287828931967829,0.010252669321980466,0.6435886135269134,0.6090862639687916,0.6177576882784414,0.6942584190151774,0.6042992227970583,,,,0.6873435867132928,0.3692460426106666,0.47866786875402495,0.0,0.0
1748,Front,0.9999999999378418,0.5905453065253293,0.7556507578493662,0.7210770070932024,0.99987167141483,0.5277666264868347,0.723574565343863,0.43272403061144943,0.9999999999407266,0.6625325185635833,0.8813091780383047,0.12919876496217894,0.9999999999427065,0.231995999098022,0.7986804842626011,0.49177021503853446,0.999999999927225,0.3987006898132274,0.6027308481462211,0.23958143715440064,0.9994095066432209,0.3951269820552322,0.1761451251691055,0.39068714541436567,0.9999999996450124,0.5782952232384595,0.6080670221332758,0.10634837788297327,0.9999999997275947,0.43300936137183177,0.4131336562480186,0.2618970700151696,0.15236994591889638,0.2835865625100677,0.06276488781422841,0.07552566439101145,0.07182796678490093,0.09444609874716686,0.19510432088183197,0.34102343987505646,0.3219993069739778,0.26555401308261045,0.114700999639645,0.04143991793200288,0.03557902216163828,0.6902126628926767,0.6554361631048751,0.6924958250344514,0.6016972791389261,0.5917288633081978,0.6205459196565776,0.7362471384046276,0.3618294048998821,0.4846960255830461,0.36981912285238944,0.6385542066777159,0.018891808432298044,0.03256338630189457
1749,Front,0.9999999999378418,0.8951437872425974,0.8515672258365915,0.20290112598184273,0.9999999999358357,0.8472501003046131,0.823805367986018,0.2279944230700073,0.9999999999407266,0.9900780445888997,0.993242036428455,0.003848626939547675,0.9999999999427065,0.5741275838756319,0.9598299892487935,0.08404028772559707,0.9999272250200184,0.3713749916032834,0.5356166163418533,0.33666655967523157,0.9999999997047534,0.4240685831878258,0.19968887904996616,0.5655204685880735,0.9992900244943943,0.3876451574052649,0.3222532271090852,0.20951822381703433,0.9994551890494535,0.3868582672239665,0.30994751821186234,0.2976785595303409,0.1359592769792106,0.07461036141381604,0.06341352497478661,0.12129481649068086,0.033477952090474605,0.04171162634690799,0.05320455038824493,0.09154831940061509,0.14080352204510213,0.16303302162469616,0.13385363945248538,0.023328846899249363,0.003688651556876358,0.7929823608850876,0.7768377020101166,0.8065836180237281,0.8454735035282926,0.7129388224130515,0.7922281275274298,0.8095591984856324,0.6184339677620899,0.6227527765122759,0.5994885152763869,0.7837773537866318,0.03672327884928806,0.0
1750,Side,0.21351317751034846,0.20638903959533442,0.1408955250437893,0.011758759786629578,0.09284568494752353,0.031714171013534444,0.06213621713111914,0.10689872285471129,0.2689230039553717,0.17242422408055996,0.17858364265737356,0.012020036239120358,0.4667125014055969,0.26361413646012366,0.32907548649550733,0.026362124715382032,0.9987628265047113,0.5577657222853281,0.7698471793635547,0.17007787655495624,0.32979037486572516,0.8561299470893303,0.7052478960441213,0.0,0.9634362793882014,0.44253561591987695,0.48453627718854547,0.24559078137107823,0.9999999997275947,0.9662512670105389,0.9878568723577382,0.003229640702220655,0.13768615465246212,0.07951702982527745,0.0924844934376661,0.07405150135949445,0.04472760363750128,0.06428675469423578,0.06808808160504083,0.22405952785217195,0.1831770573468907,0.17324480236121445,0.061377995377329415,0.011607778285815116,0.0,0.5777968961493355,0.5057619646962703,0.5129623841688529,0.5301711005592608,0.4839289806243914,0.5163139568459615,0.5643861219949533,0.36003798305662726,0.32560866769687247,0.12895822845418778,0.44550549942412343,0.009217681370534478,0.0
1751,Side,0.22967429138303866,0.23412913726030052,0.1683078178758184,0.010064497265408902,0.0003849855630166982,0.0,0.0,0.024340191177193122,0.12411830951786386,0.10696351865769474,0.10926934661460024,0.0038709801818995085,0.13039990832299758,0.025394532116837377,0.057687862509060994,0.006994172147506868,0.9964340294740968,0.6576920500530646,0.829755330556664,0.1005900028607048,0.9955713017432619,0.9875596235021554,0.9999999998804291,0.0028239898016976083,0.9453319130474508,0.47731354001692117,0.6447459230354524,0.16297982466646654,0.8684282209565706,0.5750998747495617,0.6530051989062998,0.1242735176172868,0.0742110754856013,0.02386096392931757,0.034903271532708495,0.05824734914045137,0.016648605303662304,0.01916685751158827,0.03963359701827438,0.13753001128582196,0.06116614194310837,0.11196432582409081,0.03100760147397831,0.019593699544665062,0.9309724009014348,0.3814244060383899,0.3484936587933811,0.3701842167642792,0.37696203843214393,0.36324266564314817,0.37272692567635585,0.400727652584454,0.2394917523435735,0.20935811517806596,0.24488976068316295,0.48872334500668246,0.0,0.12491201409631036
1752,Side,0.3114122327006829,0.21093326097321394,0.16539509119951282,0.07383907552628997,0.09278152068702077,0.0030108390202722574,0.05220868220335662,0.08270055204364009,0.24515440695601,0.11591747836433436,0.14813337300148544,0.02533392570026469,0.5252091210882772,0.0015003334073405016,0.18709917679646973,0.38168666174870863,0.968488465106725,0.5007032348469155,0.7098208562670436,0.17197605994012558,0.9976380274586243,0.5641356194041423,0.8585522633673552,0.14226861463266238,0.9897053599610562,0.3845325032692127,0.5752761170404866,0.2303697739033615,0.998365567693172,0.5667521316220409,0.8629670605607376,0.1323534959384711,0.1574820462458038,0.11734771697952028,0.7243613136636675,0.20791762289061363,0.07925481621449589,0.07417042288960837,0.0706598079609433,0.23453781894537906,0.2771518806936537,0.1370644290468878,0.03925043644313861,0.0,0.02354355247751726,0.4656675333201412,0.3940113362133521,0.3988215288435514,0.4452034247702274,0.39200306729521456,0.40467256016514574,0.4433030919540953,0.2416785681530713,0.2377310299036901,0.14541196601187603,0.23053292398194572,0.0,0.013222007790718896
1753,Side,0.28536797611354,0.2025908844138232,0.15031342726670446,0.05171075900300526,0.172858517794491,0.10685133145277322,0.15350767423905082,0.06326139054918876,0.2341295714400966,0.16710024803877427,0.17201687377619693,0.011554288954444917,0.5985447461556925,0.0014447655033649274,0.16067790425435807,0.6589741022272808,0.9979623025254375,0.6558167570386567,0.7889459740161039,0.1176713675130189,0.992914082966367,0.9007348201043743,0.9081450137143794,0.022058322693235603,0.8395456156054146,0.4439722255211318,0.5426184260779942,0.20607657665017196,0.9929174609117634,0.9050146084965108,0.9391929571526493,0.007147447689876518,0.09010881715962474,0.10487151432162124,0.7397650651378073,0.059687978681097084,0.05886286482994039,0.026540524670881988,0.04127431256669232,0.20542814951788713,0.16795843967904558,0.11393338019320874,0.056842323827087766,0.02363329996046543,0.006196821454377351,0.43897813455675555,0.34914832749337843,0.3879245595735378,0.4014856558487208,0.37212508887317153,0.38897296515866714,0.4321391790996645,0.2742670517365094,0.2842211979134748,0.27083339903506964,0.5598868829605899,0.030595043427791683,0.012683004913671258
1754,Side,0.4579811038999265,0.4000271296527383,0.342109572239598,0.03703762780344676,,,,,0.12838598778208846,0.0003629983664853894,0.007465648921878486,0.019400724485287374,0.09281540047594732,0.0007223827516824637,0.014037666845238076,0.007976990685703829,0.9957062804020299,0.46333132405978616,0.5844296252782584,0.22288702681782202,,,,,0.5747248844250179,0.44259547465326254,0.42468651131012747,0.1077124248169795,,,,,0.16024715060560482,0.226713419599947,0.25839255442667886,0.09529035807251754,0.07334011395074932,0.05412214949416272,0.05908669547131974,0.4792457097243484,,0.07989454379605107,0.08925343526043575,0.01498033233104373,0.018308920801530456,0.29588748558645944,0.25204858702014626,0.2556369461311495,0.30522879721754453,0.24031768148203467,0.28322164958898915,0.28503637468801,0.22840842245206916,,0.09434407680036026,0.11421360715134332,0.010643048784567297,0.014004244956888347
1755,Side,,,,,,,,,,,,,,,,,,,,,0.9914378503125371,0.30050277167071654,0.17751987845370387,0.6675672781817448,,,,,0.9332606916553365,0.3027249418458812,0.2802661362373738,0.3966499324196979,0.3002104643309868,0.13371949853922213,0.1535772043316917,,,,,,0.4845638285598271,0.3014986741548723,0.14342377293194813,0.03774741468130392,0.03337131929907031,0.4555410587494821,0.4167414545259665,0.4226745089936016,,,,,,0.34755679034462783,0.23649260038058634,0.36182555360308566,0.024951650305237785,0.04949480833222937
1756,Side,,,,,,,,,,,,,,,,,0.8457171966490272,0.27901681064369316,0.4577433637473834,0.2997417743758917,0.9607322111128629,0.4232306303710692,0.3360512911534865,0.5774942937288512,0.8920837767511242,0.024003352087632983,0.0,0.6113211085783942,0.956142740137253,0.34058791960285084,0.3289676356517434,0.3461892130054576,0.22079139178178114,0.12151386746666894,0.13981998795230585,,,0.09359830772821978,0.10254357303236707,0.21919779714330512,0.4452607804546496,0.3689594942696901,0.18170614122193257,0.04425185346386362,0.07406598426879615,0.4498867063518439,0.4400007122619667,0.44626490355682585,,,0.30315456749158654,0.3049188268275248,0.4783728266417654,0.2615157905334179,0.4308769479847907,0.27793117548850116,0.10364666251533824,0.08285593098378553
1757,Front,0.9999999999378418,0.640124796483985,0.7979511819510545,0.25743551881833504,0.9999999999358357,0.8701993843924661,0.8664887157494753,0.22805757453452694,0.9999999999407266,0.9119728960667934,0.9916580901666924,0.010126558510248507,0.9999999999427065,0.7723938652604804,0.979342307857784,0.029392015439303677,0.9998544501128116,0.34411626814385393,0.5045780241918298,0.29893292148585365,0.9999999997047534,0.4033775944048358,0.26294760711944176,0.4358149815003227,0.9992900244943943,0.5316652699310627,0.5573468397995566,0.11249201023714406,0.9994551890494535,0.3684932323434205,0.2072251545843161,0.15647413267176538,0.42398596869311683,0.09322002472421814,0.11342100850400351,0.11401916502611525,0.04965147610921147,0.11507170245174635,0.20504219201216653,0.47262954774699323,0.544842409272122,0.16162617212909672,0.09705364690143962,0.10193386178258314,0.03051093667619638,0.7329799768372262,0.6544259247284466,0.6613290568729449,0.6642944282573852,0.6967050643212639,0.6342238561051329,0.7856895964703214,0.4520133384533458,0.5040713598626948,0.22701721780118636,0.5647044800657229,0.04589189215398949,0.0739480370908117
1758,Side,0.6318995524221842,0.6201844817810509,0.5369462297381472,0.030737804984287666,0.3665062559918828,0.430483072365149,0.3696829613080631,0.014502034502724503,0.21551775234333956,0.13346239941112817,0.17464860570173882,0.010033012796662319,0.21273060615258793,0.06434763280371485,0.12830386133397118,0.02688689009672335,0.9826795720120312,0.46855535459992254,0.6710142983426431,0.2526623555792878,0.9778565098972966,0.8179708649724137,0.7812683260687694,0.043822911992309685,0.7163649269732459,0.5069436130428023,0.5473860888637672,0.1542562318712492,0.9760283298893958,0.6663884085226648,0.6516619354573558,0.08333859886613841,0.2825857051731899,0.08506731192510512,0.09874032989217471,0.07904544214051751,0.010497468656580104,0.13274770861549404,0.5304911875475159,0.5126682024467445,0.24687100308300952,0.07862006777107934,0.23597003003060146,0.039184501652605966,0.03196657721038152,0.599881090242242,0.6134888497746921,0.622222952709425,0.6604124677383999,0.5078249308010789,0.627234491156421,0.584410397822171,0.4448443089090236,0.36708582901227466,0.5843970992346794,0.9459389478008801,0.02217011036466342,0.0664138565037954
1759,Side,0.4675534559629815,0.4007053716494367,0.3084339850687445,0.030694538391494306,0.3328841834884258,0.30549979925695836,0.29216400063888553,0.05870029646258321,0.12471104261011728,0.13279690240590494,0.1298801754001428,0.0016987858398480116,0.12902486535298358,0.05529006445569625,0.08676774258969963,0.005735847367243051,0.9980350774326442,0.4941397092964878,0.6962928908364276,0.25025390749571336,0.9873043988818113,0.7401701688320116,0.7018434368142656,0.15653638274123607,0.9769258072499374,0.36184604331606335,0.4542744493386246,0.2970392416754081,0.9891037861647768,0.5736688330705582,0.6166180154989344,0.17204882461992083,0.4547986718634663,0.18196343397357817,0.22963459936645533,0.26148822733612004,0.18577771273338423,0.18323893814258213,0.2257064967517131,0.4722199434765926,0.6016596424373739,0.23178210120955342,0.07672274965884832,0.06601580017071285,0.02958824337386163,0.7255211837688904,0.6521354680465777,0.7275747229221073,0.6537380259361306,0.7217102252419945,0.6408508700940745,0.7799328550927688,0.309297741414877,0.5011670988501906,0.18674730544692628,0.6050253016334954,0.00807177606898265,0.0428887468863158
1760,Front,0.9999999999378418,0.8482094410710656,0.8069990837087258,0.16123709787200852,0.99987167141483,0.7614077344599619,0.8045880182453733,0.19247193836991044,0.9999999999407266,0.8745840643187982,0.9785699076388416,0.021325659650399585,0.9999999999427065,0.7321627027821647,0.90450412133792,0.04538572322970891,0.9998544501128116,0.3052709128454041,0.5722605273277694,0.463895447065637,0.9994095066432209,0.43238365344641067,0.32301324831808553,0.5164727631532624,0.9992900244943943,0.49772536810141715,0.5300605366106527,0.17295275717251643,0.9999999997275947,0.4281795957051947,0.42298453267845787,0.27902347977126524,0.5605469997062872,0.14348378922731111,0.16192899040348002,0.1149331204437928,0.07700504710380694,0.16901740103501495,0.1820850008479173,0.2571119928541833,0.4427397663060513,0.1551634764654587,0.07805077690434593,0.0,0.028572861931888238,0.6493567562965231,0.5919924062879905,0.6747251546244621,0.6738639150371343,0.633559514575544,0.5885007592001545,0.7341528470925575,0.3478161888308031,0.5588473624882633,0.19595923562136117,0.6669685717062588,0.0,0.10042536935666359
1761,Front,0.9998756836772826,0.7233450894788833,0.6895401525666991,0.12612979175873432,0.9999999999358357,0.916967750507362,0.8629448170318542,0.127940778758733,0.9999999999407266,0.6690059894325727,0.7950894497194411,0.12329343921247703,0.9999999999427065,0.6692042675778392,0.912570711845736,0.15574344582387145,0.9998544501128116,0.3223494742266191,0.5782111728427158,0.4013213898507554,0.9999999997047534,0.3832022688936958,0.3366300758545089,0.646001816179395,0.9999999996450124,0.40632108222157776,0.41801767926307004,0.3113689140031381,0.9994551890494535,0.5164271659104152,0.46885145625970226,0.16902445297680851,0.45569673321408477,0.11562006621235942,0.13136961758061919,0.18045770329233346,0.9999999997072775,0.16141600688015664,0.9999999996384805,0.3949003348068589,0.31761013007551764,0.14283908363673714,0.20495845095759124,0.0038942395544375916,0.0026116429343826983,0.8312859034682857,0.8319246955914796,0.7889617141350147,0.8828123343746541,0.8760225207408792,0.9453309299284028,0.9980165682012978,0.47601565754341796,0.6971823655088579,0.5259670713035364,0.28138472153084154,0.0,0.0
1762,Front,0.9999999999378418,0.8296934345611982,0.8401120977539297,0.30128828930050877,0.9999999999358357,0.7659574467572623,0.8657919180492476,0.49309922740144413,0.9999999999407266,0.9169943734698411,0.9667250807257294,0.0244849885988058,0.9999999999427065,0.7613358523693411,0.9230436034391352,0.043970583194425115,0.9999272250200184,0.34431719239539765,0.573559957446728,0.39019332906088894,0.9994095066432209,0.39886554077614633,0.3302422279650053,0.637586361260465,0.9992900244943943,0.3690889500557231,0.40597440631144044,0.28277056467043127,0.9994551890494535,0.531989744169579,0.5534598364910706,0.17085166888640527,0.24037632148931112,0.07412228148226312,0.11360919175719404,0.19548866731605205,0.017754043249950464,0.10669522410501768,0.07686632753775409,0.4998366351352405,0.3002232478633009,0.0757613871321874,0.19455395274609769,0.0,0.08259996196920837,0.7072185310032088,0.7551524000780575,0.6234996392747713,0.7481314568054,0.5333262750077655,0.7890539535256237,0.6455778679734795,0.48641025426233647,0.47683971742335046,0.6326361825126054,0.4207163130190794,0.0,0.05935307030962692
1763,Front,0.9999999999378418,0.7977482365167018,0.7806749565835094,0.2668715653078874,0.999935835675333,0.814264686149186,0.7752551438635978,0.24665464797275946,0.9999999999407266,0.9303648133020531,0.958074209012799,0.025259463527200973,0.9999999999427065,0.7902311624366397,0.9625928577263957,0.0525108283041504,0.999999999927225,0.30701225635878293,0.6509186611574108,0.5046180723934518,0.9999999997047534,0.4082119375784316,0.21596115904037613,0.5639513237282386,0.9999999996450124,0.49485214889890744,0.6288830100681174,0.2326375359117037,0.9999999997275947,0.7099159262590236,0.6629093286549366,0.07307656356263367,0.5163468518502017,0.1419338411854063,0.16574007770590152,0.3299854011057391,0.10147231454987493,0.2744419361536121,0.20754904766853527,0.4762501257730473,0.22900764932248113,0.15245467067782267,0.203619569342429,0.07849221143138724,0.10135541079463155,0.7283000362285169,0.6490073487603858,0.6458006082914828,0.748191079785029,0.5748536186417356,0.7660838880792799,0.6241245976049205,0.31419015144136764,0.33226355478497643,0.4392964846963554,0.2526856421656434,0.09731963705574426,0.034260385532182344
1764,Front,0.9999999999378418,0.8478024958730465,0.8657207189705409,0.22706245731435537,0.9999999999358357,0.6693429679734147,0.7859275776578584,0.6653221363380591,0.9999999999407266,0.8350777420996384,0.9277490546990367,0.07095458660474457,0.9999999999427065,0.5860191153264047,0.9052976002462578,0.16423922320562442,0.999999999927225,0.3441832428943685,0.6479908475610175,0.43707266406300516,0.9994095066432209,0.3607064586592299,0.20560756528739912,0.6508473866255189,0.9992900244943943,0.46689812040782364,0.4833988406468585,0.207645826119974,0.9994551890494535,0.5450479994904867,0.5123505445933301,0.11940659472746368,0.36105594001328956,0.11389739267524479,0.14148525795486533,0.09747699038692308,0.04504431512091334,0.16435386668079016,0.17051985577731532,0.25131330963450427,0.2607059035991463,0.20608294611739936,0.2733246086108357,0.05957580879127056,0.08029818780792931,0.7692239349814278,0.7407774968520382,0.6891531935601692,0.7721182393208051,0.564009779673672,0.8036464227159709,0.672388034640211,0.6128182445345963,0.43582134633258574,0.6185211325049186,0.3978743134064691,0.010370481578493455,0.022880008120082843
1765,Front,0.9999999999378418,0.8898534996683495,0.8305924640653091,0.15420515789244651,0.9999999999358357,0.6922922520612677,0.770516088588303,0.39151415466090606,0.9999999999407266,0.9511767196472154,0.9708701785283507,0.013689819097408486,0.9999999999427065,0.7228272949142683,0.9373412643360884,0.07858025547675555,0.999999999927225,0.3895251489927315,0.5691744455568434,0.29733751698362687,0.9994095066432209,0.3291865411673851,0.12817918063649242,0.68510844484974,0.9999999996450124,0.4579791691333665,0.48432473262893866,0.20040732335886727,0.9999999997275947,0.4890584937994718,0.497215405968913,0.21169268221038934,0.7316579181296015,0.25979265290360565,0.2691648079034291,0.16843084084358237,0.05301125697522711,0.29567231822560514,0.2722555564340818,0.5741181149041334,0.3677118277656024,0.10036863039303354,0.16721897704686467,0.0,0.02316104869735488,0.8383799901744542,0.7388226355094898,0.7987946600379751,0.9999999998131028,0.7328037487189174,0.9701400372015732,0.803706094036336,0.5759652584734849,0.509641321600946,0.3947144453076942,0.509870646282607,0.0,0.027111640588796938
1766,Front,0.9998756836772826,0.7183939229029846,0.7081143627403261,0.10670625121919544,0.9999999999358357,0.7355145188856206,0.846052855036523,0.35440171087482436,0.9999999999407266,0.6638635125740296,0.8358565052332791,0.1696956225609288,0.9999999999427065,0.722605023298366,0.9421212957871515,0.05925663455165402,0.999999999927225,0.400776907079179,0.5881383255708411,0.3258396660814422,0.9999999997047534,0.528554853646477,0.42982674469243254,0.41964663725715623,0.9999999996450124,0.5529749790163428,0.5873652336900246,0.1932713017067712,0.9994551890494535,0.7396100410983477,0.6778545246565388,0.053691521608464486,0.2908660459308024,0.10021619761906744,0.13356459115838665,0.1846874619929905,0.061500235610762385,0.15182070381444987,0.056633615799467726,0.6199256397959002,0.27190431365680057,0.0996818842996826,0.18328452365890546,0.018237866301731093,0.0,0.7418895725473629,0.7695275574274879,0.6549355250718555,0.7952398295540583,0.5699392255816832,0.7829725496321608,0.6564683460567748,0.48163546430240267,0.36842891430226477,0.4542747646321694,0.30229349357584856,0.0033617900283916765,0.0
1767,Front,0.9999999999378418,0.7146635919211433,0.7890580738562921,0.28964095680497237,0.9999999999358357,0.6328783620612285,0.8071238762642631,0.3636412508676811,0.9999999999407266,0.7085123116517326,0.956814408200012,0.05190355056599199,0.9999999999427065,0.7091020226323015,0.9205339343618126,0.07583115414293243,0.999999999927225,0.36956667333939003,0.545295053570039,0.30837759212951626,0.9994095066432209,0.3989944565941088,0.24451215853938735,0.4545919779700818,0.9996450120697039,0.6791571889932265,0.6159673693251136,0.03853867074962531,0.9994551890494535,0.4412974777627275,0.35147340623471757,0.20760190086570765,0.5042436078640856,0.10790174410913263,0.18414356508745794,0.14032034344528094,0.05909281399301436,0.14792594073157092,0.2638285148116511,0.5409047160488986,0.49153835196983775,0.1883549227352494,0.05266907385191621,0.03291028922136752,0.009761612350970545,0.7135849214961614,0.6127576275717435,0.673695331859954,0.622481597691627,0.6318857626210079,0.61140900077469,0.7506655636978439,0.32122473066841756,0.42390534115730844,0.213399503357336,0.7870402501987666,0.03905656370098445,0.017331746839056018
1768,Front,0.9999999999378418,0.7051003797676954,0.8148030175205708,0.5257995551147997,0.9999999999358357,0.7059413889531686,0.7659942086596392,0.4899271866587802,0.9999999999407266,0.6734829692858925,0.7974154437919115,0.085043274141514,0.9999999999427065,0.676150255574786,0.9067511715223076,0.08458993564153246,0.9998544501128116,0.6113455226969831,0.7480299973748553,0.08645419988200276,0.9999999997047534,0.4569421167682775,0.30482848571977067,0.49042341560158614,0.9999999996450124,0.6246258828789281,0.6091842966967714,0.08970509163968415,0.9999999997275947,0.6661499015761642,0.696342816026107,0.1252102671893171,0.3617766241122607,0.20270095219856127,0.19944311512187707,0.23687342407554854,0.05158128275182579,0.1709880901765977,0.12873617000207532,0.40198737711744503,0.22563028707184227,0.21268151873754607,0.1863896809851934,0.06456923944950886,0.5115641769404348,0.5643136860800345,0.4707519395645131,0.5424743657242797,0.5895217909281905,0.4384162237934321,0.6056983937521189,0.4812643507471508,0.43517641664209306,0.36421574173880916,0.7378989718615485,0.43520165906094466,0.07237359548124885,0.3666645915720522
1769,Front,0.9999999999378418,0.6958084644129268,0.7542818476697296,0.284830732159014,0.9999999999358357,0.8046300012843148,0.7930464384532142,0.30639394380322355,0.9999999999407266,0.7140782866045086,0.9018634401619766,0.16227750272456534,0.9999999999427065,0.8342409423852943,0.9837689944409159,0.01420312564363486,0.999999999927225,0.3954189270380135,0.6284262656317886,0.39889104209716403,0.9999999997047534,0.3766275621776055,0.22405117812027375,0.6230942035398708,0.9999999996450124,0.5329821620655464,0.5498611690854357,0.15783176906875848,0.9994551890494535,0.5286506469185708,0.5872491905661856,0.19500366802884148,0.7261462285878052,0.20627016668484155,0.22247428931843238,0.3602784726413533,0.37039118290631035,0.28779327194348103,0.23999523822402444,0.4297315045024015,0.25207422456732403,0.12157770656839034,0.17876014277298394,0.01829074450739428,0.03678678576707027,0.8393272241302473,0.7003858446148242,0.7427555969290265,0.9170370722659855,0.7473790091498977,0.8851523796120139,0.7550494463304751,0.38371793333704446,0.4654488657339597,0.36134056752753463,0.3026502823206052,0.01130559603839774,0.0
1770,Front,0.9998756836772826,0.7776044492147582,0.7622263403880646,0.14920859886543883,0.9999999999358357,0.6016325437841809,0.7986514799058849,0.46896066694022764,0.9999999999407266,0.6290156693914323,0.8985536173356834,0.2505176409018329,0.9999999999427065,0.6216937096787233,0.9353014508394848,0.15386487768293067,0.999999999927225,0.7388654476767218,0.7878877428634472,0.0670219703370691,0.9999999997047534,0.391839628697187,0.3201644636593053,0.8816182142984762,0.9999999996450124,0.8635819465543169,0.9848976120578401,0.024459757970942974,0.9999999997275947,0.6182100053295444,0.6119366374066179,0.14963062279760525,0.5389021212440345,0.1802515514941059,0.2471125208467232,0.9110066693925558,0.07231047480517717,0.23954588923544604,0.20718484350916386,0.3056469526104664,0.3202881560067706,0.22984769721159604,0.20920599416393948,0.08820291853704221,0.07104364100457633,0.7389143585081945,0.6997625448587782,0.6612927632937632,0.8221150076099404,0.6759636873393986,0.7956293709530374,0.7129995770204501,0.43402879252418314,0.36355478322942436,0.2921659904355873,0.39156849161600155,0.04043010567608902,0.05747205868837247
1771,Side,0.3168821481652857,0.2512208355771012,0.235201274928024,0.058552379225975136,0.37901828678992505,0.02207948614866322,0.2007311654753353,0.46813230685209695,0.1445676012006065,0.0065944703244845745,0.08546677972619025,0.02446407920897833,0.3050876589718639,0.0577906201345971,0.17875884203081194,0.041572349902810384,0.9977439778038174,0.3694327238383609,0.6477446243705155,0.41427228666065624,0.9940950690894319,0.6800953976614608,0.6427701372769361,0.28927009381985647,0.9989350369190858,0.24727642761598967,0.32048311150082215,0.42877838434937576,0.0,0.6508854570001261,0.48660678846733596,0.009280870732521757,0.4113921570307448,0.09137278411363955,0.9999999995707817,0.13930474816133806,0.06947897591133809,0.9250568939064977,0.2148217265733432,0.18238410871935942,0.7274606319118911,0.4411104243212667,0.08344060260159786,0.023242334364361926,0.015587299515787604,0.8603378785963217,0.7732579485826835,0.7520829850798889,0.8464209847742983,0.8140760015027034,0.881013048020557,0.9113515193372601,0.5389827181921808,0.3285269980359632,0.5062949093259255,0.7266383866532706,0.05944792298742829,0.05944792298742829
1772,Front,0.9999999999378418,0.6673223005515924,0.7530971551064638,0.5341820700642957,0.9999999999358357,0.7023283821288419,0.8847603877430343,0.5261636575950256,0.9999999999407266,0.6367596345431206,0.802928459636982,0.26783438200092596,0.9999999999427065,0.7279395420800211,0.9012730439016327,0.03542680292851937,0.9998544501128116,0.45817426827016444,0.7007128917150139,0.28589813468706704,0.9994095066432209,0.40750290057963756,0.333175588905208,0.5114648950079889,0.9999999996450124,0.45414821019668694,0.5253559343641844,0.29844267677850994,0.9994551890494535,0.4993739192356225,0.43294658127442454,0.14450687045047464,0.5792069400969295,0.3237784237187203,0.10866152925233263,0.1502134701833026,0.028312263364384645,0.2484279844446499,0.17899568311838154,0.29875969975144356,0.11395823367573178,0.16375838142150223,0.20230120481899194,0.03656355896475875,0.10260877475038568,0.6654777034152222,0.6828174211236568,0.5940851831923729,0.6393697878820259,0.49325617384546144,0.6875162992181806,0.5674429988639609,0.5971003201362808,0.3269689830537517,0.9785002948286579,0.4666596425925162,0.021595891308500596,0.05135251724979427
1773,Front,0.9999999999378418,0.9652740097012157,0.9049832683495548,0.069781096263696,0.9999999999358357,0.7823497925343001,0.8241781525884765,0.44746130687303676,0.9999999999407266,0.8699860850099833,0.9729061257668066,0.028468868596417965,0.9999999999427065,0.6478661924512188,0.9446732054498401,0.09553934803858459,0.999999999927225,0.4565668742578148,0.6641230353097534,0.22249780007173897,0.9997047531739877,0.3919040866061683,0.2780130373538008,0.6775982206403637,0.9992900244943943,0.40931401889085867,0.39865414080512956,0.17990217753508297,0.9997275943885244,0.5157712718075385,0.4802085073751698,0.15746185622422382,0.3443673323451209,0.16706294539933916,0.08298362438113598,0.06934203570422476,0.032799623475836454,0.13135736209435,0.07937644313925235,0.6413851072958711,0.34427373478875833,0.040119441529081465,0.17696825169917924,0.03812048704449293,0.046154928513714444,0.6557118745393866,0.5144174439670505,0.6160736605828803,0.758422564140967,0.5917524671736591,0.703598786092521,0.6301629923919596,0.4370674835041714,0.3690669436112699,0.4600889972291465,0.4032510020711986,0.07214054725689582,0.03118500977741519
1774,Side,,,,,,,,,,,,,,,,,0.7975402080781937,0.4564329247567856,0.5802852366808882,0.1269361845134028,,,,,0.9602413912104217,0.5441158864752714,0.5883777302395488,0.18467670719155263,,,,,0.5042739365588417,0.30969067502511344,0.3519179158492893,,,,,0.6415188069969701,,0.10029353716311688,0.090660248944448,0.039077362906789835,0.026206944206483264,0.10662652791826371,0.10091013205847113,0.10234676693925154,,,,,0.1111530256521895,,0.2816619996330672,0.3796991294328397,0.09783961143408275,0.09783961143408275
1775,Side,0.4213078070349759,0.34881985890200623,0.338183826723277,0.04338158363721346,0.39493102339461467,0.45369998658813726,0.41396955428259835,0.022007036960871543,0.3258846541209243,0.1932361304257223,0.23138789154769984,0.014423338802953801,0.3684542225066773,0.23716381416775037,0.2859817451381933,0.006326039862930993,0.9845717195994053,0.4512758689671638,0.572408019768836,0.24024040351212705,0.9999999997047534,0.42368183573393814,0.1923493329910103,0.5570203755885794,0.98544550905735,0.41972943849995636,0.40597707135086414,0.19093411642695088,0.9858349220959314,0.12330809134080804,0.02395967009674987,0.7530837262812222,0.46430768166846553,0.08222334138974609,0.11848666195322012,0.1235697184544264,0.055685411169556505,0.07623228578399956,0.08342638627680878,0.6126735380076617,0.5557993291146358,0.12502436566143207,0.4957489364365553,0.030489297402505847,0.4697920727774622,0.5911846198874943,0.5756417361458638,0.5055951228195479,0.5778110284232402,0.5042744657543671,0.5581324551708909,0.5592511665878643,0.44856040285730214,0.467383411009689,0.29787724475120736,0.9119571966359805,0.05553922308904311,0.35276786884623457
1776,Side,0.34087518645320264,0.0949538795377812,0.15455817019080087,0.3313223794042797,0.4633942893510815,0.30904589854750125,0.3954756291719637,0.17463827815227295,0.3275443067792339,0.1794421924992775,0.23203121008597616,0.033035504732128705,0.14690042396316602,0.07723938652604805,0.11289223350318482,0.006763571745134463,0.0,0.03790770879124588,0.0,0.011796915232724173,0.9193976968056107,0.42890292636142163,0.3130923531575382,0.5163376992184966,,,,,,,,,0.515675018821818,0.24893360886843313,0.28343738414014374,0.4839693585014721,0.17892280740050032,0.18944204221062094,0.2948719095974502,0.04645496758679426,0.38961712156797984,0.24970976036969944,0.20286200503195082,,,0.7589101604762777,0.7150466487280787,0.7252266072316773,0.7460304916867844,0.5990481750370266,0.6401134748387243,0.7260453155073425,0.018333670755271148,0.3599243221450426,0.18400843934058708,0.4877856920937462,,
1777,Side,0.343175037273547,0.30568366791198565,0.2526886394422584,0.035248252600335636,0.37523259542026094,0.37033319949348764,0.33596774388085887,0.05441102909775414,0.4826625570219511,0.04555629499391637,0.16113949089947843,0.12634329026977775,0.6497078033316313,0.09502111579823176,0.22963183618972763,0.23292905353826734,0.9914853357840415,0.18987341770880223,0.5166093796217474,0.6417736481151064,0.2391496899205343,0.3433028232342849,0.11714413820458809,0.44776977218510294,0.9999999996450124,0.06746079252559195,0.19822758949692923,0.7632929065247767,0.9245437208050817,0.28608908232746466,0.2694211611572863,0.41476801198480245,0.9225952641890967,0.5627886573563421,0.6371898274300422,0.21460851953431326,0.08574808392852923,0.32430333099654346,0.35651256083120186,0.4181645626880457,0.6093211639824648,0.23035061873903528,0.19026208291275412,0.33054851889250647,0.05539083799680552,0.904801242752773,0.8562935948063642,0.8684844543503281,0.9473705227835766,0.9999999998394611,0.8096612869549886,0.8101431827037652,0.9999999997649777,0.9999999997492571,0.34475456044870156,0.5621870614957816,0.3833402616096583,0.015848864799607232
1778,Side,0.34665589256920337,0.32928648939709126,0.2760250830809263,0.03526921057796323,0.3047802373882079,0.3019536999664155,0.29027144355518775,0.023538645657983005,0.30502044927360433,0.1549398027615137,0.2057721675828612,0.05401030134380414,0.1586455826653692,0.06440320070769041,0.11897162477712153,0.008596855277175493,0.9978895276182309,0.2371575915720877,0.6772120121748604,0.6766290556688942,0.9831709474510864,0.22747196079492893,0.5124358268561173,0.6842729183090706,0.9517216894030092,0.12702023224428227,0.2474438616263667,0.623027694032713,0.94769817462607,0.29205175598997957,0.6198601822144768,0.30881284845175366,0.2191213927954849,0.9999999996191904,0.13753431521647788,0.25544368481693747,0.06787036732427253,0.17994632358309243,0.1567632349620627,0.2528287032561175,0.3290791448974878,0.5003498325657848,0.03374598140120552,0.04057937005035438,0.0,0.9295355203209981,0.9986896338466197,0.9522168776115745,0.8504595845875919,0.8058078520705846,0.8974337266513409,0.942599945813158,0.9052809340743854,0.8257469013179093,0.2671676372741619,0.3442292414729761,0.029698066004788314,0.0
1779,Front,0.9999999999378418,0.5653147042481474,0.7805038572917022,0.3748499458771849,0.9999999999358357,0.6597082831085435,0.8195418241500609,0.4564137772122814,0.9999999999407266,0.8302377638798331,0.9295956801920268,0.06268331546771058,0.9999999999427065,0.7776172482341843,0.9554299248828376,0.0358206304975342,0.9998544501128116,0.30694528160826834,0.5266161130414794,0.47210869572160236,0.9999999997047534,0.36960165009864626,0.28319613338717714,0.9196053013070961,0.9992900244943943,0.47934873695203223,0.4760720680924367,0.2634703758551687,0.9999999997275947,0.49925466576237226,0.48738729990285734,0.3562480841121978,0.04592592943429596,0.10377046788268,0.08029422546356274,0.0733804443397551,0.03649070414710678,0.03645523090141238,0.032410058761906425,0.13795968447346368,0.1762904761913223,0.22890722361454965,0.15965352516504386,0.0,0.0,0.9999999997772091,0.9999999997891532,0.9999999997861514,0.9490102266983492,0.8228932477279364,0.9859021320352267,0.9786280985079908,0.6753041504516998,0.6695334511286608,0.565803710983641,0.543520252626116,0.0,0.0
1780,Side,0.4393336648160533,0.3971785132666048,0.32949270202088315,0.056036095811122594,,,,,0.07747021515752057,0.0012704942826988629,0.010783404269431644,0.012466881580330302,0.07872121003330346,0.004889975549850523,0.04035777523279091,0.00425625942614001,0.9002256021468432,0.37586229988775943,0.591280509717804,0.258451928065766,,,,,0.5491657790027812,0.4291272596414984,0.5165141763559983,0.2040325415804953,,,,,0.1296501282504415,0.08303111034735133,0.0964452854548414,0.04668671516402234,0.046934501056739554,0.06067846423225607,0.22779225794838137,0.4699464390350262,,0.08610144119583651,0.0998924561533016,0.0,0.014979736105260663,0.33245238455523024,0.314629151709212,0.3191084562610472,0.4070079448781553,0.31241158700593646,0.4058804739422423,0.39914551397354403,0.2693097740312559,,0.24101817221979238,0.270494866108848,0.0,0.0
1781,Front,0.9999999999378418,0.8780520889257967,0.8510215686104559,0.25794877833861185,0.9999999999358357,0.8297203264532503,0.811326403799004,0.22384936975039105,0.9999999999407266,0.8884990017007383,0.9825626660027732,0.016889930402150873,0.9999999999427065,0.5582907312425932,0.8956517558526171,0.20393246635871207,0.999999999927225,0.3713080168527688,0.5794677463037908,0.38487361102388445,0.9999999997047534,0.28432383651641585,0.20442768271724482,0.8463402202024213,0.9992900244943943,0.6421046330275287,0.6176226624576974,0.06250709731222838,0.9999999997275947,0.471528233231678,0.4156347476756512,0.22633525213036232,0.18438136451557294,0.07030393944526776,0.04556344704357404,0.11582851247763143,0.057335322733836964,0.053251566704217136,0.08655203751304864,0.20352000471352785,0.2896525225642025,0.17800889162748085,0.03286883739240112,0.0037091852296209983,0.0,0.5256653860817951,0.48613249198937103,0.5378492428963582,0.472513236599357,0.4452458098023758,0.42555440267311295,0.4801815905374387,0.32675042675056465,0.3255201800222504,0.12718062113323844,0.16930640461862137,0.03388452190463091,0.0
1782,Side,,,,,0.41469361562947105,0.38565502472998425,0.4031436383395285,0.048250232462537124,,,,,,,,,,,,,0.7009152640387025,0.42129689310163093,0.27120843398405514,0.4104730508445842,,,,,0.9975483516759606,0.28340587917933296,0.2738195373134572,0.4113572192954718,0.6267572040391886,0.38379702777606006,0.43544470146338266,0.25370606232911463,0.12197255354424977,,,,0.6278129439820687,0.18519537634978245,0.168347849196902,0.03565975233477952,0.023914948971446574,0.37358832758511756,0.353559739852134,0.35859329044165167,0.4345101907937231,0.3733061903972182,,,,0.4097854281197418,0.24505012936869275,0.3383282298823056,0.019161912862928385,0.019161912862928385
1783,Side,0.2930134261379281,0.1945876288527816,0.15043973870132094,0.06393370049616497,0.3464870067150153,0.16251839956091804,0.19501485213389375,0.23475470056100492,0.5163890699711701,0.3157480791145412,0.3394155889008931,0.055423919312931405,0.5408502348721869,0.28100689040447835,0.33771795932554716,0.06340886883251767,0.9969434538245439,0.768334337903132,0.9439667665004229,0.03431457900872851,0.9991142601124552,0.8732757508783502,0.9492040771023964,0.02516611589515631,0.9946751860153795,0.5876930443800016,0.7884588322440771,0.12109733847808767,0.991827839555481,0.6330570627492065,0.827639159106108,0.10268618050762625,0.07537083297754624,0.050190374748822424,0.05942982078926445,0.10502389019379799,0.020458027147704314,0.060087250811796396,0.041325382637749646,0.18289449696847285,0.09654663578897404,0.1231573593237775,0.07002142705452358,0.024422117024776938,0.009198165234978722,0.3917737521476969,0.3707702186136289,0.37604879092296123,0.4130589411923322,0.3725700808989445,0.37618384241146563,0.3815749040252061,0.2734164188507919,0.19594839474314832,0.294820090118966,0.3714493628472279,0.02774961881302864,0.02637034822667123
1784,Front,0.9999999999378418,0.8061584372757624,0.8136613097435478,0.14751149727917226,0.9999999999358357,0.8477184530410999,0.9025302976579576,0.23955224444272666,0.9999999999407266,0.7822614797760142,0.831990132570215,0.046292017151983424,0.9999999999427065,0.6717603911607156,0.9254794730708069,0.07935462362506211,0.999999999927225,0.6266827405648192,0.7970416400225329,0.10849632250394323,0.9994095066432209,0.6070645867856731,0.43691255013350544,0.17330844158747305,0.9999999996450124,0.5278941697277688,0.7442627219846779,0.26004241223533825,0.9994551890494535,0.639258243358222,0.6138311772972129,0.02582856711641016,0.15549584242325357,0.047285245767861035,0.05901210159970597,0.06498403558206944,0.02792260765277052,0.08320569657261653,0.039039159922228533,0.49063286203265194,0.2244486449435775,0.5608301026606064,0.16211075043892506,0.032585324464388395,0.02296347858386934,0.3980522643064453,0.4294243731758714,0.46591924476089824,0.41812036482143766,0.36710505605303534,0.37973790241899397,0.42275844653074374,0.4153932988478286,0.3783866013750826,0.17248287724555014,0.22091157750563134,0.006276914626760835,0.0
1785,Front,0.9999999999378418,0.8257596309803472,0.8672941639752099,0.3649788032848276,0.9999999999358357,0.842232035270826,0.8813477318017154,0.4152810972954735,0.9999999999407266,0.8809970354600402,0.993149080942381,0.010416034014277438,0.9999999999427065,0.8134029783944541,0.996414312888584,0.00609316614393759,0.9998544501128116,0.25041859217397233,0.5018300209112103,0.408559186799745,0.9994095066432209,0.3391775170594831,0.19272101135581113,0.5476277095870348,0.9992900244943943,0.6479707888993194,0.560125636602966,0.059921246830819085,0.9994551890494535,0.5850575397659616,0.5252885272488412,0.06518048737512679,0.024947791834092414,0.07737945047117324,0.08082564671221408,0.08654113295216592,0.0368183642542455,0.0164541811637704,0.029538234742825013,0.14515359161461328,0.10261421885993806,0.10899517723147757,0.09589773616424105,0.006734498569391337,0.007664318706980967,0.3471434790417312,0.48955211829703643,0.4904917701438614,0.5327731334485877,0.4420223714195679,0.4630711009633353,0.47465817677753863,0.1980648232671911,0.2021158180230201,0.1136795251377405,0.20693035132653217,0.0,0.01715046863522367
1786,Side,,,,,,,,,,,,,,,,,,,,,0.997933273989391,0.4246487043686573,0.39014323087744457,0.6800236363923947,,,,,0.9724870604814801,0.3180490131585445,0.35324104458002525,0.44745006211067606,0.3059043859963409,0.18967065766731234,0.21664089995112443,,,,,,0.5989083518562003,0.19628829662619854,0.17849818709678936,0.10434356515634245,0.0699772396842747,0.5088912197505415,0.4816088565482366,0.4884654136460813,,,,,,0.43653721295549636,0.4582971909823463,0.5792944165796722,0.062713856641294,0.062713856641294
1787,Front,0.9998135255470031,0.7350108518220964,0.748484511523283,0.2487021885953213,0.999935835675333,0.7759266692910526,0.7679484013175808,0.2507505576214063,0.9999999999407266,0.5072297174355842,0.8951126541956756,0.32875880803478186,0.9999999999427065,0.7807290508568165,0.969823966304712,0.031159955358609846,0.9998544501128116,0.30346259458151076,0.5424925916054131,0.5004453926162361,0.9994095066432209,0.35194018303777613,0.19529921858480595,0.7381751136959734,0.9999999996450124,0.47132766667835935,0.540300674903563,0.31032627324939305,0.9999999997275947,0.4693220439765475,0.5218198761505172,0.34413121979499345,0.014246950928272807,0.06347958758778387,0.05991665248185261,0.07490283735970478,0.01721058755957614,0.01543111849002599,0.025197086131664683,0.024037124466630345,0.05549327041571153,0.15238616122430723,0.10213205872306655,0.051850990482889506,0.013532130880922314,0.658077349535772,0.5861883929214871,0.5821702172963574,0.6115861255204689,0.5219107486428458,0.5880864113477654,0.5819906389957249,0.40907867620948407,0.35714317357987646,0.28163201218674844,0.41781672121162006,0.058095229077242745,0.04569773612686152
1788,Side,,,,,0.5301892845344761,0.5584102769598279,0.5034445868497456,0.026110955376387586,0.2569497954918529,0.19626111681310052,0.22779082907619772,0.005579984052887539,0.28176922193870924,0.15103356300561047,0.22694237301259432,0.017475253959745175,,,,,0.8783584290291234,0.3796570838997255,0.3544902856305845,0.4776546670535011,,,,,0.9471533639479288,0.3717727028578037,0.4528794910520482,0.26392548635010304,0.254222489835743,0.04117372902361806,0.04926697500762858,0.13003769936573883,0.0587504822652084,0.10577955735978845,0.10130583915545814,,0.32641339423068577,0.10765540361199602,0.09848318014003334,0.011400702008824988,0.007645796421132206,0.6242360454572009,0.5204712508736675,0.5278810831491348,0.5516061671911987,0.4817652891661381,0.5333857510158705,0.5642149541861454,,0.4014170895963051,0.17439706537636518,0.34867424839081274,0.06652967818561423,0.06652967818561423
1789,Side,,,,,,,,,,,,,,,,,,,,,0.9946855621509636,0.38822998579423545,0.24412749486158178,0.6173192640988149,,,,,0.9724870604814801,0.3224017649321804,0.35340080629593024,0.3810281590043821,0.2533910138229744,0.12570118414158327,0.1445395982046053,,,,,,0.3135967778254148,0.3608426628537231,0.1461653192731636,0.033433503223718644,0.020020518127560408,0.3160967394226229,0.31432070833663656,0.31879562164946784,,,,,,0.2405798380098722,0.11503710606658227,0.14243460541418987,0.019000234074490634,0.047921475692950175
1790,Front,0.9999999999378418,0.6876695604525455,0.7895884890854672,0.3328620969420598,0.9999999999358357,0.691756991790997,0.7932716622851956,0.6869813272685935,0.9999999999407266,0.7413031640909128,0.9075408912901798,0.05675434246020081,0.9999999999427065,0.8551344742801101,0.9521223093954949,0.02736950524140183,0.9998544501128116,0.47009577386175766,0.6797408334183934,0.29195567291424845,0.9999999997047534,0.44134330279480827,0.38303883701753794,0.7769033335867072,0.9992900244943943,0.38716628753817994,0.5165166030352153,0.2713689525381544,0.9999999997275947,0.6851708305595867,0.7271873342147066,0.08418029048760416,0.18987170577466514,0.0897808395018628,0.06742546292897945,0.08159256809558006,0.020605752719862487,0.049643077397635745,0.02639328530735536,0.3697182220141212,0.2727557269308279,0.04957265583930438,0.24867733421644242,0.0,0.015341415978694062,0.7877360791279732,0.5808549356412442,0.7361315141605766,0.7572771419146982,0.5996015384369625,0.7645716553985666,0.6846386634833724,0.39146212208541864,0.46533142578926473,0.7205746848717969,0.34808652204092827,0.0,0.01124696102551607
1791,Side,,,,,,,,,,,,,,,,,0.9513135870059447,0.302792847076365,0.530591455801738,0.546594180245305,0.9427221727361317,0.42174809846449984,0.3128661395353169,0.6606600998737862,0.6616968403756842,0.07973183286964373,0.14632754382821406,0.9407430090792671,0.9861073274350023,0.2913362351504778,0.2980404085993575,0.5121278565589691,0.5182558800894522,0.3111474397353805,0.3404649273085779,,,0.9999999996715964,0.23561262813572767,0.4997701262211804,0.20246935181727016,0.9999999998053402,0.38324643981294676,0.05997619002020566,0.06343325167715304,0.9419211766931039,0.8711130140672447,0.9651862088108459,,,0.8701896270263805,0.9550078877644348,0.9084820742251759,0.671143522573174,0.5647590072213916,0.4482471497870601,0.08644171909976409,0.1583433863454701
1792,Side,0.40850323219738294,0.4490640260140353,0.37589302157238824,0.012463213795182329,0.3692011549329996,0.24655426199340597,0.2988230777814735,0.1648459514754822,,,,,,,,,0.9794774760949365,0.4268300850293462,0.618063894242101,0.30867589405598944,0.06879244166849978,0.3448498130498356,0.15030477177782137,0.4461511024559252,0.844515441659739,0.3789656410643502,0.3455708069439311,0.2456924735619254,0.7624625440581688,0.26337129567328293,0.3254133666296113,0.5724787069366195,0.20745115866860642,0.082560658935533,0.09591503004814422,0.047251521480478564,0.20608147211901542,,,0.4989937891941373,0.17312513166848192,0.16014284740628276,0.3062417800052532,0.0,0.0,0.31242327284707755,0.3259228981274561,0.3305629892099218,0.3865671977167267,0.25566497560877544,,,0.26733255957996976,0.3338520829471851,0.22994010066193432,0.2628006594761914,0.0,0.0
1793,Side,,,,,0.5438562720215684,0.43054997989893273,0.41725186537454495,0.09527197105106232,,,,,,,,,,,,,0.978447002958829,0.33724377979004483,0.29278758482246764,0.7271953359703405,,,,,0.9722146551424092,0.24596028857873944,0.2547026261343559,0.47455965365453234,0.7659625079244895,0.31411062121380307,0.35689972758369276,0.8048396701505875,0.12044809926628072,,,,0.5265679886972272,0.327236970739805,0.29831995239165093,0.052979544736893036,0.03553033955531822,0.8472644342464107,0.6506163018103095,0.6598789799390374,0.7282321744941849,0.7580255775664969,,,,0.8104474716058119,0.3661642301941735,0.47518546397667627,0.04899116769576131,0.04899116769576131
1794,Front,,,,,,,,,,,,,,,,,,,,,0.9999999997047534,0.6554724764306127,0.5810592416546609,0.10318228017265331,,,,,0.9999999997275947,0.6369328006298413,0.7707770056580892,0.07617051740831383,0.4685387232214132,0.2055709790324827,0.18063356930999405,,,,,,0.44934473107810796,0.4722323578459664,0.20409668191770994,0.04218279483451721,0.006722021941569979,0.6681843377960373,0.5833097969612504,0.6529283923110469,,,,,,0.5881254639182708,0.3475342749790489,0.34793317408452906,0.048388903521691964,0.009742804247171655
1795,Side,0.5864619591878131,0.6289338035384608,0.5465587814747672,0.020860575142957114,0.4884825152076687,0.5219456710476418,0.46928387285929485,0.03244227054115089,0.1012388121568823,0.1406618670130884,0.11999928122197326,0.0,0.13125931017925638,0.12919537674320986,0.13137343859608838,0.0005166453449320318,0.7773087838747319,0.27144866383554694,0.5792417887355427,0.3546554894578784,0.7903749628608283,0.3930643289678313,0.3592241768800017,0.6254643261796148,0.6386226479806092,0.19944929964088054,0.509971849187294,0.6057463482222938,0.9599564148842397,0.3512611054587525,0.4243275331585197,0.4677555571899565,0.41144620062403386,0.2035670050608141,0.23230375726994132,0.44323835109352294,0.20717118385867894,0.2770723630559218,0.3045188896457775,0.6025543666677039,0.4136826627316559,0.8804970599326231,0.45586525905602454,0.03161548194164335,0.0,0.6819247784672254,0.7527545445807086,0.763471341926529,0.7573256212165116,0.6584720260302079,0.7600574754245235,0.7606649571117422,0.721018630550635,0.7377432721805046,0.618188024741254,0.43777838466252966,0.06146439023774578,0.0
1796,Front,0.9999999999378418,0.852821486648615,0.8392018527318178,0.18074609963930932,0.9999999999358357,0.6243811052706822,0.6793215848860401,0.30679328176480264,0.9999999999407266,0.7553391009283478,0.8352003446206215,0.09272245539934147,0.9999999999427065,0.47054901086516177,0.783847010901374,0.35846736486866404,0.9998544501128116,0.2567142187223418,0.5632378073576163,0.4920224420649747,0.9994095066432209,0.3770143096314932,0.3926726236255959,0.5034348142127472,0.9992900244943943,0.4506764036603211,0.6136735129931875,0.2532621701423554,0.9999999997275947,0.5987120624531207,0.7502681741547889,0.22360114191912983,0.06505157088714718,0.07221118786459464,0.020218028134036923,0.035210905247288614,0.04017960884153999,0.06527135072002771,0.04930569134756111,0.42723533914472045,0.16574409197902476,0.014902807853882235,0.11151798483355135,0.0,0.0,0.48443454446776474,0.42740820599884005,0.4494781328501709,0.4656323804276129,0.4171699280783579,0.46644096260479145,0.4338790676719186,0.2845227454208373,0.22901426154270438,0.042102649487193396,0.20517427122275378,0.0,0.0
1797,Side,0.5576205867380891,0.460458491558569,0.44142875219951483,0.06308746974437103,,,,,0.26833027086311834,0.18694415873997555,0.2210614743434171,0.010699609631299884,0.24132004123746303,0.1694821071255011,0.20575940230296827,0.006062235813358256,0.9926497342993487,0.15819436071541126,0.5575116198539743,0.6646212766661629,,,,,0.8569400067955483,0.2521848437536104,0.4188425451395182,0.3737098679930738,,,,,0.1841996958867277,0.08079296931262706,0.09392263092602125,0.09284189739457507,0.015811248322564524,0.11031105483968215,0.12094160965552012,0.8201635790946417,,0.08018882920673157,0.07226386872618179,0.0,0.0,0.4708817224016588,0.4283691355237451,0.4344677306736015,0.47406554025915554,0.3471024538994306,0.47668681547649827,0.47801172933593444,0.43983363594297104,,0.12638417638185417,0.20423736848580487,0.007684392782010557,0.007684392782010557
1798,Front,0.9999999999378418,0.7497965273501223,0.7860095884268323,0.1457696740754739,0.9998075071543273,0.7543155358788761,0.7996585237747652,0.1443081060769791,0.9999999999407266,0.4487869804314365,0.8498328509172941,0.41325827602275517,0.9999999999427065,0.468548566322041,0.8299016148110923,0.4257450301996472,0.999999999927225,0.4252226910169966,0.5631010353363618,0.39801803586104284,0.9999999997047534,0.42638906791115183,0.24496464448538557,0.6775562121055915,0.9999999996450124,0.5527355440828005,0.5692904040053796,0.15266460353413489,0.9999999997275947,0.5225090930461804,0.5134670990026086,0.22443714796697908,0.02330081645420959,0.01698564332944183,0.030300065875912566,0.1546955293331063,0.053982147793128474,0.44915578166306575,0.47306102008497813,0.2910676999810032,0.1357785597477034,0.10700930587219395,0.08800707835655239,0.038887082910477995,0.010695300900216692,0.35200497791341445,0.407420793277317,0.4312423585053452,0.49081490192036203,0.430671003838808,0.413940620963042,0.4206871471782203,0.2788739199062994,0.2856459902522613,0.10106434942734945,0.19357077218339067,0.025562052588538973,0.004943784112470197
1799,Side,0.6046742913597294,0.5883749321358942,0.5564306264404411,0.026170673022331618,,,,,0.1477683598987749,0.15881178533735787,0.15308138607013488,0.0011125360635477978,0.3697146785625235,0.17464992219522948,0.23883260009484913,0.04755970824080288,0.9965068043813037,0.32462661574411444,0.5337273918679845,0.4110399139958629,,,,,0.986865459358585,0.5302885190631935,0.5592201595400977,0.23004750874858043,,,,,0.2746867177573657,0.21674206725997022,0.24715363929638068,0.23208093959899165,0.24549903297603343,0.1479951582362939,0.10237808265670187,0.5624799520811228,,0.14030946873333103,0.11547202876100793,0.0166939454789729,0.011195670977006989,0.3880575452539614,0.400524303655795,0.40622647818965435,0.4242099834865588,0.378575161791897,0.3787182213113948,0.3619351261759236,0.3323884996806816,,0.1760550802725885,0.23153486829565215,0.054226353030609846,0.054226353030609846
1800,Side,0.48533068122294065,0.13015463916643008,0.24416535732446218,0.48858046530866145,0.46775745906527066,0.17884383780417207,0.3770442592480221,0.19180172066426515,0.3650050382096494,0.17968419141026776,0.20704115289491834,0.026864615920439604,0.5693823764999781,0.16503667480745515,0.37887773795778407,0.16577371081489387,0.9191470780205845,0.2782800883880329,0.5777600157059201,0.32055716489673813,0.0,0.37669202008658675,0.18596652197289265,0.3469333377864592,0.9716009936203045,0.24158984794435592,0.41646229637162246,0.2561935132510395,0.8046853716140877,0.13779738834071925,0.2655831758887351,0.5881700366091236,0.6831732003326008,0.24548686982231782,0.8124485606133411,0.9999999993822904,0.3140210018812206,0.15806957781049108,0.1735160337657259,0.9030649163768829,0.7590706665579707,0.17470604196817993,0.46491434927675984,0.0346912342287969,0.004478955778525474,0.41646874030782616,0.5466957547467436,0.503687513751109,0.42903855907745914,0.3646057274627056,0.535420193000889,0.5365964068692015,0.5206716382524802,0.5160028573165999,0.18865714880025647,0.3076165667241963,0.024417728013804322,0.0163550977603759
1801,Front,0.9999999999378418,0.8317281605512936,0.8041828059013758,0.19289558250518507,0.9999999999358357,0.6267228689531164,0.7288575682513981,0.41884332177283673,0.9999999999407266,0.9750741121075035,0.999999999942982,0.0007933895206499703,0.9999999999427065,0.7175483440365887,0.9246101789076419,0.07161231346093766,0.9998544501128116,0.4591119147773684,0.6769162981104443,0.24331706565959746,0.9999999997047534,0.3674100811932828,0.28180301543603475,0.6007448740997716,,,,,,,,,0.3474713206432582,0.1737657575664372,0.2427764523335148,0.7004113347872597,0.12555933640717376,0.1166511012721463,0.18626296926663363,0.3881618935236675,0.38921524297998566,0.382480439956472,0.13847241215682984,,,0.4241740257353112,0.4419455346118463,0.5464345182470404,0.4985232692729612,0.5154514217045072,0.42306213211756016,0.5270903086485387,0.19723958822048532,0.26986318448980123,0.4485117786168256,0.27125765068971996,,
1802,Front,0.9999999999378418,0.7793678784061742,0.7735573819603775,0.21704483338013528,0.9999999999358357,0.8377492305073095,0.8571546263680644,0.5192701976457043,0.9999999999407266,0.8595196321096545,0.9768914289044612,0.028225777154164324,0.9999999999427065,0.771782618316749,0.9867415218591709,0.01562360265349743,0.9999272250200184,0.31866586294831784,0.489553962609128,0.3264633491097977,0.9999999997047534,0.25138584502698297,0.1907248173687547,0.9447759524194786,0.9999999996450124,0.6785586016593703,0.6628231163263001,0.06475837890797412,0.9999999997275947,0.47194562038805404,0.5039214628361418,0.218354887980734,0.3329619496582632,0.15071129913061992,0.17542134891909034,0.21641640444900825,0.08892046935148391,0.1276132539904953,0.1473404327452643,0.2068299981155659,0.12740542971885255,0.13408267287297898,0.07318648113445597,0.0563045600642827,0.03776023647488395,0.4889330038220434,0.458936848053643,0.5257991930275847,0.5010579149328063,0.4893857432060641,0.4614325536384838,0.5097522824366707,0.19970524182981894,0.1931145952519605,0.05799876928232118,0.12613919854190095,0.08562821659238162,0.08562821659238162
1803,Side,0.29164594727177734,0.23589256645171647,0.18896631298185917,0.0497045431259608,0.16464549245013504,0.009500869797303567,0.07012081236953115,0.16102109776541687,0.16027502814532182,0.0629197168574675,0.08438043428596242,0.010801609540440836,0.4263779076185185,0.1256945987927487,0.27964643243968285,0.0425413783906401,0.9989811512263314,0.7256044470748372,0.8488068792773973,0.08303712273206512,0.8018895775607056,0.8713420136089117,0.7377062895742833,0.021805278323182485,0.9985800493437773,0.07673889620036281,0.5098946932327063,0.2681727051581586,0.6202669570633979,0.46747361514116786,0.4564822750575842,0.24200964363560973,0.1660322785014551,0.0930783561046724,0.4988313118815529,0.14108427007953345,0.06577031837833525,0.07915229778003215,0.10818777272432346,0.1298926153488666,0.07835525391544902,0.17563976235730952,0.06131433822229043,0.04972816465177124,0.9999999997205284,0.4710586705161204,0.4401999438967955,0.45213500256293093,0.48737414900711595,0.4762923477946549,0.5109963697131952,0.49866517156737095,0.14514408863279843,0.10326471195589797,0.14276854973314848,0.24018581157776778,0.48216825691662296,0.4895602940816714
1804,Side,0.2080432620457457,0.0862723819800412,0.14764612610714206,0.05140324362492409,0.30901507858139143,0.3059012444596613,0.28967852558134555,0.03879299190080846,0.5757809258149618,0.0010889950994561683,0.17267109216146587,0.5830942908798875,0.2003552194224616,0.00011113580795114826,0.1115726481399589,0.07520308549171743,0.8894549158802522,0.5741075614108828,0.744576930924782,0.0910197926540739,0.9766755237742324,0.6249194275734871,0.6775387114788091,0.255287373846992,0.9964501238919241,0.6254639051463268,0.7316249040019106,0.10393428386097882,0.9637700896312255,0.4624053425280302,0.6927649976529272,0.2988216828382565,0.10038768151634819,0.613752090048977,0.09675610098977598,0.1628837091781445,0.0719792460660578,0.08574494245009182,0.914090325589847,0.35626303241374635,0.3060008708402451,0.05099110338148504,0.15220897289406912,0.060191540334794374,0.036023592468460666,0.42865071107604025,0.42100519677564674,0.3869039973289196,0.48214226495706125,0.3906823359959188,0.4395994996291797,0.47045406195296796,0.2211041779531301,0.20754265436219976,0.20735495630950093,0.43585720965956953,0.07125047560024957,0.06544694882391984
1805,Side,0.23240924911534006,0.021432447095670614,0.08334931049885588,0.26037123158471465,0.2880975296574849,0.31198983003398967,0.2980411212347791,0.027788215272249322,0.5429435125041228,0.30830661260159076,0.3907895274288139,0.07383815556267885,0.1724533058225935,0.10896865969610087,0.14404189647732793,0.003782191650191617,0.8273779200329395,0.47632442565961247,0.661259386260811,0.1727218167209096,0.9805137286741915,0.658308624425789,0.6410031249727335,0.2605154715772455,0.7600283987362343,0.6373757930900649,0.7392894983219106,0.09328032157330042,0.998365567693172,0.5852960467124623,0.6205862041222001,0.1851277221567754,0.10013125873196896,0.059133525296742644,0.06950982865365297,0.02945351125072181,0.03171978446839212,0.05017786995556984,0.053463159019313145,0.3811878832651036,0.18745795032966772,0.06359744615280218,0.12673103842939176,0.02859045843548403,0.02250282882438716,0.527772886714346,0.5018076587715925,0.5089517816790553,0.6343703988513053,0.4929160720038523,0.5612295079199966,0.5347002567991898,0.32049092915330785,0.28589078323726225,0.21006977641467403,0.35516670820624735,0.03314573302371083,0.01324281870217176
1806,Front,0.9999999999378418,0.7843868691817426,0.7973346471657291,0.3773316303955339,0.9999999999358357,0.7833534055410575,0.8445334423874274,0.37632532108578515,0.9999999999407266,0.782563978414752,0.8558682353705336,0.10754656954629324,0.9999999999427065,0.6712047121209599,0.8946142002243976,0.11521917821851863,0.9998544501128116,0.5725671421490477,0.6357017969193316,0.151777015351965,0.9994095066432209,0.6784839499369288,0.4522152631246464,0.13307984539020581,0.9992900244943943,0.6282772656154508,0.5265801313480736,0.0825194809597363,0.9994551890494535,0.6886291812838453,0.5730866390235431,0.09838887579906834,0.07409788402500708,0.008218901225588089,0.0,0.14606258396975655,0.05954644020717496,0.01919441444943525,0.02498164647171964,0.0950338905324225,0.0,0.016587932418951228,0.03406538697366327,0.06890104847997115,0.010339502313498488,0.0442753752606883,0.04076077845230134,0.02020241381503535,0.0,0.0,0.0,0.0,0.0,0.014006795546203045,0.02614292164394889,0.008681665550175603,0.03559280687612052,0.011728893895303398
1807,Front,0.9999999999378418,0.7482365707577159,0.8069395370533321,0.1951284182257328,0.9999999999358357,0.8368794325681198,0.8200805040780228,0.2903902355831669,0.9999999999407266,0.6406316171189648,0.9305071405793248,0.09743978318841137,0.9999999999427065,0.625916870380867,0.9773908331577881,0.049395248247617235,0.999999999927225,0.40164757883586844,0.5823494431277292,0.17425352968418972,0.9994095066432209,0.29676421294980243,0.015146805633653624,0.45651166468073395,0.9989350369190858,0.40787740928960386,0.4599810465025252,0.07735953303115248,0.9994551890494535,0.3335519646810833,0.13013230729349623,0.13625202373778933,0.10987615119221428,0.06917841020864764,0.06485968549410569,0.12619936066699913,0.11059106680059742,0.04704435178944481,0.03918709845354955,0.14958058399087784,0.18912681010416169,0.1013578190454726,0.0193826557825035,0.03791700844710353,0.013523265011313105,0.2561560665311106,0.21950332393614455,0.27420250056640777,0.2533741704595248,0.2293071227018263,0.2202147656584007,0.24648353127340722,0.15945561363689736,0.1478247717071985,0.11786167200693153,0.15858352135869083,0.03291737593956873,0.02746174193748518
1808,Side,0.332732471386578,0.27495930546154645,0.24142394139463813,0.025147352885718944,,,,,,,,,,,,,0.9903937121759411,0.26059875425218676,0.4997494179528479,0.3401854691118079,,,,,0.9701810433190694,0.19448102476987422,0.30260636258559354,0.2277702873307242,,,,,0.16792091304620543,0.0670337395867952,0.0784143217344056,0.0619757342892385,0.02649702253338009,,,0.7053769174886556,,0.12400566687959429,0.29349091180952963,0.014724448099041547,0.010187180263716523,0.35448835546032365,0.3221682944015574,0.3267549320342445,0.32179223240936294,0.2843621281787794,,,0.32083271070388725,,0.1230116333976551,0.2332940392175044,0.007216292613635022,0.02763971467032868
1809,Side,,,,,,,,,,,,,,,,,0.8643475728939417,0.3467952581644367,0.5726100904507605,0.232269150604284,,,,,0.7749378768992053,0.30940979287026155,0.3543627104571934,0.2570669411372378,,,,,0.20931569540411746,0.1312313644966932,0.15077277757157445,,,,,0.2740089945597804,,0.06284813470109166,0.05639663951466597,0.0,0.03645029693582487,0.034104800555865504,0.032276394956406704,0.03273590674054896,,,,,0.06547093378138388,,0.015007449831787898,0.0783832306584424,0.0,0.055491567337699554
1810,Side,0.5301466931545159,0.3577048290587558,0.3552719076992294,0.12589840259076115,,,,,,,,,,,,,0.9674696164058314,0.3697675975909337,0.5483571506993123,0.33819919717754654,,,,,0.9396521118425094,0.3803423919322194,0.390320260121124,0.27756032099785616,,,,,0.24105464328803677,0.1504344582434128,0.17241697722474245,0.1475404392937672,0.08764067119107909,,,0.6080680026763687,,0.12505849154401907,0.11332088733160742,0.022333549905444106,0.07167639589554126,0.2631923882373224,0.24908227973222294,0.2526284081927453,0.34817998985902904,0.25785674101506695,,,0.23403681343827457,,0.05517086752582593,0.12376732895846901,0.00972699411609571,0.09882252925392282
1811,Side,0.5689955245792518,0.40769126421543056,0.3721834264278032,0.10040830263290514,,,,,,,,,,,,,0.9925041844849353,0.40124573033278105,0.5470462962172432,0.28283541533464523,,,,,0.9989350369190858,0.37986352206513446,0.4045542619411478,0.23926245654210015,,,,,0.3396057699164843,0.21006108891851946,0.23962337198590866,0.15737286271150006,0.040738181560652564,,,0.3936486971184052,,0.12455608285972826,0.11286116908047823,0.050435414794844216,0.0020553328444773925,0.261498869116145,0.2474795525169789,0.2510028633101885,0.3066772920330579,0.22776893516783162,,,0.22022274364396877,,0.09807561952119896,0.17224909654433157,0.023140166800911372,0.005335161875005644
1812,Side,0.24260318248119075,0.2736706456678194,0.2063235513504935,0.017834213734049434,0.37170356109260805,0.44901645922326927,0.39431798638454396,0.014385191386284949,0.07023887143202899,0.02589388347595778,0.06307165310360754,0.008586271868483219,0.026297696801518413,0.00038897532782901893,0.017979065970620114,0.0018241646760187244,0.9974528781749907,0.3843011184525951,0.7208320305464511,0.3355154352782639,0.898139946590452,0.43225473762844807,0.2781242763617034,0.5053048062301799,0.8945686897782859,0.19513947083711602,0.37735409018825267,0.4049518931208114,0.6123672022303552,0.42036849320730013,0.4062888928946291,0.2037383963350493,0.3489132557761432,0.21569241999360694,0.24597056039783344,0.10123481358122234,0.03424786642881547,0.3073716010299246,0.12131190673572201,0.23359091173252855,0.5225315614398979,0.13735597584452033,0.07062864255877656,0.050001827925146465,0.048037865679277654,0.49749248958813036,0.47082122809924976,0.47752420415429364,0.492078598393234,0.4797143690834273,0.46144897960144515,0.5298436471645039,0.4474012115727038,0.42489847781431045,0.14951116776598877,0.3918519976686536,0.05135873716440963,0.04977513899919127
1813,Side,,,,,0.36041065124411864,0.27358490564207244,0.3418115405780978,0.07255233718350483,,,,,,,,,,,,,0.9958665482740285,0.14464354775398713,0.3410419900605586,0.9135170738867565,,,,,0.9999999997275947,0.251386321611628,0.49962458524514747,0.4035818183871231,0.24894633250521603,0.15520918639167164,0.17779867096084523,0.04107221327632429,0.04636756325439145,,,,0.37706425823558226,0.13649619193317758,0.055164598495872075,0.0,0.009780164037312801,0.2558336265153837,0.24211938347672915,0.24556638274746803,0.22293857282914836,0.22310433137878127,,,,0.2114682318326356,0.02592853024529367,0.16734522372059013,0.0,0.008600529063234469
1814,Front,0.9999999999378418,0.6566060770037571,0.7259378513779029,0.3600388393890254,0.9999999999358357,0.6368928140882582,0.8216201766869426,0.6157810581412776,0.9999999999407266,0.7120212958610913,0.8773908104430992,0.15420344654411464,0.9999999999427065,0.6179706601123598,0.9135105202178189,0.14308505201661997,0.9998544501128116,0.262741946268653,0.5849986516466382,0.43020670694772956,0.9997047531739877,0.3240943663578642,0.2369289147419015,0.5943600046642885,0.9999999996450124,0.39734227221373497,0.5151030708762757,0.2648197932309312,0.9991827837103833,0.5299028083876988,0.5887249206501436,0.14397647014898612,0.0606372392879817,0.03024778519468425,0.03590367822550807,0.043538634125963156,0.02793137422633338,0.022222369893326363,0.022240549084847353,0.02741476817265597,0.08792487073607554,0.057139678441018985,0.07853154265302806,0.01395636682992386,0.013970008422653482,0.36495092500064963,0.30486147407772474,0.31948319822893056,0.24370673377490698,0.2180957237841778,0.2839185188581475,0.27483757899810374,0.20531987253421494,0.17167967250541455,0.12819314623428582,0.19199876751821215,0.0,0.01352226139301407
1815,Side,0.2350198905870823,0.126288659785249,0.14447428685961278,0.03825051538881359,0.5061918511064363,0.06014987287166132,0.2326919639758504,0.6447234594071616,0.16839547150919357,0.0015729929214366874,0.05684880924765678,0.06347246593333776,0.9321072532982636,0.015447877305209606,0.27925001512438696,0.8522292704772848,0.9833345461768914,0.38175607793304156,0.6322985693737202,0.4083691119115739,0.8916445229135981,0.3359546216104193,0.17054240572585752,0.8069196066214014,0.9999999996450124,0.3347898958257638,0.34823354322477834,0.3101591196685551,0.9615908469186624,0.3048715043643866,0.2623818774320551,0.37810987642761945,0.8445047459957339,0.428349541484212,0.5481398417510533,0.10713932878233758,0.04191122818877812,0.05848219711775236,0.12096569843809553,0.694236965304519,0.5629673593898049,0.17279928089001853,0.15976638758206724,0.028409657981880557,0.026986609806599594,0.39374786814617224,0.3055566820752296,0.3244024597961544,0.48094765877416396,0.5683414609671049,0.4776042027033428,0.4894107187168339,0.3723458616416259,0.4677175526273859,0.15308350826641118,0.32664526438587294,0.010336931230065599,0.007142903371661803
1816,Side,,,,,0.8492139877543012,0.06844640706085599,0.23992799218043026,0.6961108256761279,0.4319246043250593,0.0,0.07561440109395792,0.1737847770732359,0.9940987738630629,0.047899533226944895,0.2478693339599583,0.9999999999966014,,,,,0.9403602004900026,0.3625112801107057,0.11288983994936548,0.5200576066434759,,,,,0.8891310267259247,0.35245364019125547,0.30773023306682895,0.29285718527854787,0.479407876667347,0.6741220520294695,0.7626759732643176,0.034535616976264394,0.049790515261162065,0.25815685387272186,0.28369596757455073,,0.5282538343351055,0.18311575988074824,0.17504817948670046,0.050885823906151165,0.026865942374042707,0.4087912987874664,0.3698867173145527,0.3751527114143675,0.4761243763182994,0.5787292408161832,0.41082644549860914,0.4123181033261927,,0.4691851507999838,0.21600165998399298,0.3369708252433177,0.0140251656652857,0.021520273213314987
1817,Side,0.09479114867635557,0.04734129136955092,0.03662479554390809,0.0369822177150021,0.08681424446026216,0.080489763141945,0.09900241000192732,0.05361447485431302,0.17550826861623445,0.15342730956782458,0.15453454585103032,0.004382295635707689,0.19199037468820954,0.11185819070283072,0.15263562480044573,0.008410190539348158,0.9951240811443764,0.6602370905726181,0.9064191113348726,0.05874337814768505,0.9926188364356011,0.545056078345684,0.8068137526998274,0.21381469785237076,0.9929002481388359,0.45492637373069994,0.8178290680187879,0.16098952465615907,0.9945518929461861,0.3899588575284742,0.8106113838060237,0.24146547660531623,0.03022300251498685,0.022874471776727044,0.02864150795630774,0.06203375604333869,0.03526896873720597,0.06363727721681965,0.01066806632744964,0.04605108614114579,0.09633863788460569,0.058791570134626374,0.02748025688772804,0.0,0.028757546407122202,0.49535022396925865,0.4687936667408952,0.4754677768603693,0.45941306077464394,0.38384002566901343,0.5002142574417094,0.49151092861545187,0.26057803661304046,0.25766203551309663,0.1079416758438009,0.13740131934458535,0.0,0.02243047145977194
1818,Side,,,,,0.3734359961261831,0.3216914224326447,0.3625801187890381,0.09662282542272378,0.2078714954532706,0.17351321918001614,0.1981718676819315,0.006475623045060986,0.23433023947322504,0.1593687486019466,0.20843118098669844,0.007227674427815773,,,,,0.9999999997047534,0.28599974214992907,0.229055439646235,0.9892135161958673,,,,,0.9618632522577325,0.4316379464294533,0.4698095200255794,0.328302385478244,0.32942092717185356,0.13664764861629325,0.15687758216239372,0.07664174731455618,0.03344700788873792,0.08417149430414281,0.0921661732273494,,0.6332687375155257,0.08093376454661617,0.07294550577260246,0.0426610179488453,0.03390369223075032,0.4706388284732102,0.47520606546337657,0.48197146746292524,0.4841680997275205,0.42383804597765834,0.489364789589639,0.4906576056076509,,0.4056853431558645,0.21553459210613046,0.30497608702666734,0.0235112484922625,0.08546242290349089
1819,Side,0.3773620089273146,0.4336001084893109,0.35732476215792086,0.0036768529790505576,0.5734359961133503,0.5748026227368658,0.5598605186610185,0.05327011675372457,0.16377215338961695,0.09395607719196829,0.15718585750856,0.009066680563556674,0.2628623811010163,0.18559679927841757,0.2234585839165177,0.0029390325894729304,0.9947602066083429,0.4234143727531033,0.7234341735126816,0.37184162073639515,0.9949808086817302,0.4631300760304801,0.43379389186637163,0.6007752255718907,0.9613063539363483,0.20070633304197855,0.39850026677194383,0.5743482858915495,0.9940070822680449,0.8308985748714507,0.8128109845866082,0.034164878581028416,0.4563894274927063,0.209012012034248,0.23844093597668103,0.5398480676464622,0.1886574932958151,0.3299785090490551,0.3112912076024278,0.2404580211314982,0.5321248536966585,0.23379376882455213,0.08794264686536944,0.012710029917857982,0.008523887492473587,0.8120759976305464,0.803518184089712,0.8149576919672334,0.7364481609324786,0.7168163150699728,0.7179158890655073,0.7957240999164782,0.6671216392199889,0.5510605630567269,0.17916040870749095,0.21260312626724398,0.018924217269751,0.018924217269751
1820,Side,0.434671805045085,0.3966359196692461,0.3619775973025804,0.056978888201245886,,,,,,,,,,,,,0.9994905755767782,0.32455964099359985,0.6175177036091105,0.4961499821478168,,,,,0.9769258072499374,0.3335927211580514,0.4122972473209038,0.3658166527942307,,,,,0.24767742059418826,0.15444145349539182,0.1769333435137914,0.1601919805164922,0.11116204620438011,,,0.4988128698702738,,0.1075814262668313,0.09732887498126186,0.019717627639306547,0.02048572873620134,0.2955991209571074,0.27975164262138935,0.2837344039115304,0.2831824677143483,0.24273826501621296,,,0.1759626909884948,,0.09351431783132909,0.16709488965272384,0.017797792721925415,0.006064191087537296
1821,Side,,,,,0.5836381135332924,0.38297872337863115,0.38533261118414075,0.1520937702543722,,,,,,,,,,,,,0.47062297004115045,0.4221348459183875,0.1598348925642942,0.32547135976605834,,,,,0.8098610730564261,0.25806451611364467,0.25577744208578107,0.2892047086672323,0.8716944513589375,0.5319920133044767,0.6024783001471014,0.28073462349849326,0.1035729779513067,,,,0.8716664125264617,0.19172234655284445,0.1446706519666534,0.1586094826958559,0.005271737220549422,0.26929162250521615,0.25485452560241095,0.25848283223065927,0.42037991019672666,0.40674861928412503,,,,0.3241849145413724,0.1853093961495303,0.33892230094942954,0.15960296044242703,0.004149328108606032
1822,Side,,,,,0.9575232594829949,0.4400508496962363,0.48091005267062864,0.5700670096177339,,,,,,,,,,,,,0.1609093592675206,0.31809978082260537,0.14366535771193406,0.2780947214949842,,,,,0.7526559518516325,0.27654880446744085,0.2810920526174529,0.275191841706025,0.6833510758254582,0.4180381572985729,0.4740385787578606,0.07543836195257629,0.03287674311206177,,,,0.6168935522649283,0.20684729198886875,0.1435293762708274,0.3001524886689669,0.025233644459261087,0.23780857878333914,0.22505933146448895,0.22826345060724912,0.4575294948009769,0.4009562967844028,,,,0.28812394190940255,0.26268146863819564,0.3330591468525889,0.24325804312423788,0.06331882971399987
1823,Side,,,,,,,,,,,,,,,,,,,,,0.906111602921136,0.3433672811432662,0.1828470196278224,0.6091275555597838,,,,,0.9417052571665203,0.28752012400646826,0.33986481760321546,0.27969137030412694,0.2615489567694851,0.06681425694898349,0.07816693836504553,,,,,,0.6661047884365453,0.20189832822347636,0.09218557890357952,0.011325036761665894,0.029494637503649643,0.33042268498598165,0.32950750677992685,0.3341986311304998,,,,,,0.27985780374226016,0.1980047193824985,0.23157006821153722,0.05529819683446399,0.05970481211512668
1824,Side,,,,,,,,,,,,,,,,,0.9982534021542643,0.3390931618552613,0.5920743145469907,0.4386424330412999,,,,,0.9641462545388195,0.2885789536520664,0.3864659094601364,0.4319657654587522,,,,,0.10012607424883557,0.09469255925928137,0.1095891429928045,,,,,0.44063278809999756,,0.1822438304463568,0.30469064762828085,0.004001683886963828,0.0026836996807536304,0.35447967893860516,0.3278544060140222,0.33252199554035805,,,,,0.3218718238449584,,0.175378391305146,0.22881849316051583,0.0,0.014904818998335477
1825,Side,0.425410243633428,0.21669831794515068,0.2759596464230181,0.2027955004543526,0.689894128925897,0.3749498193245718,0.49914320304475956,0.5739823652878463,0.289135202401213,0.12535543589295448,0.20106041252328763,0.03668156659233853,0.24223673655080574,0.0,0.07652625799806222,0.06882130228970997,0.9994178006695714,0.5856941932499032,0.8110116757398061,0.1941285407211604,0.9828757009203197,0.7742684026831075,0.7565331800829667,0.12124988361996093,0.9680511178672162,0.40883514902377377,0.6323833466608921,0.22290912318654776,0.9999999997275947,0.39651779855724056,0.7225149150714879,0.19893623334823382,0.08545878162943613,0.2583372067266473,0.2934964673651588,0.12984696019930095,0.058660094072374526,0.05699932696104419,0.8860010665935321,0.05293106633518124,0.6397523337594836,0.3398213138598047,0.26623409024995426,0.999999999583278,0.02986523425330198,0.2179358887953657,0.20941465099752596,0.20919682404897705,0.2870234452147293,0.2544968003759504,0.20794322767650586,0.22418116897858678,0.0574255982595412,0.05772671152551287,0.04334938443680745,0.1934454380033574,0.06080451242430032,0.02930533991663965
1826,Side,,,,,0.32223291624496425,0.3263080422637289,0.30085442808294216,0.030512234127535905,0.07782585501287263,0.07659265532841716,0.08094328990771288,0.002293401566741542,0.05248080668886898,0.0,0.01830546818071147,0.005819796597661163,,,,,0.6279893709394778,0.2665979115465645,0.2003135421207223,0.7974207382231292,,,,,0.7147916097208413,0.36109951700190207,0.4325521509755691,0.3495532461020287,0.09029668593497818,0.05922100029569307,0.06960842351377895,0.02917190664116586,0.026533060266778312,0.05091678169187084,0.045578193414439395,,0.4302051336274574,0.08861825646762318,0.04852251877902689,0.04306390523288708,0.010673662906343494,0.31791402689904946,0.30087224542394336,0.30515569599146714,0.3092637845133255,0.290412147490644,0.29036928735535605,0.29514010353501646,,0.26462757587839814,0.056676102995247196,0.12651043097898468,0.018414551333087354,0.0
1827,Side,,,,,0.31273660569055267,0.3081761006083115,0.2992332603825838,0.041166975497464814,0.0548870843426657,0.005868473591513795,0.04300570458772309,0.005361927958567883,0.0,0.0003334074238534448,0.0,0.0006047555824741132,,,,,0.9899616176587063,0.3237076189039765,0.20097783104501293,0.7996535503826006,,,,,0.7638245707535213,0.3955637707712382,0.43064198957671684,0.31008787725700504,0.1699096876433465,0.10738945064429861,0.12390006891633427,0.06727221939073728,0.021797707281843375,0.12469513421901239,0.08476333188469959,,0.5189220760334348,0.05865068894390165,0.031027878128756917,0.0,0.03239731747478766,0.33429279086807073,0.31637161053466406,0.320875722081356,0.28828312165926384,0.2835149371555682,0.2761919097782459,0.2820054630717293,,0.24430948538253833,0.04539494058622322,0.12998168930241877,0.0,0.05390503469550814
1828,Side,0.6382396817107011,0.5948182311045295,0.5640074022671924,0.04212885860906548,,,,,0.22654258785925296,0.12741242663637167,0.18484694492251666,0.011762748394387387,0.2523776784546592,0.1170260057725591,0.19529628918040376,0.012707000777925642,0.9231496979169529,0.2655548857902649,0.500811380253605,0.4350449333836262,,,,,0.9275825342820085,0.3301807733550711,0.3834775549886794,0.39247229348587076,,,,,0.1858968869286261,0.09411958068196241,0.10894332712125526,0.11189564198373218,0.050153255949962006,0.0783432848241655,0.08575025544047109,0.3993090868845291,,0.21997210090535563,0.20016954235743595,0.03677741905285197,0.02466450388363024,0.5241467669419597,0.521763103989033,0.5291913280870906,0.5073824554375554,0.4437784695285458,0.5178875564375031,0.5191081590845856,0.4266959218617943,,0.2779514481288966,0.3755062583107791,0.017126579550348124,0.017126579550348124
1829,Side,0.17342118348002106,0.10017634291235916,0.1006476882198566,0.06056432951608756,0.18164902148337192,0.2088853204731108,0.20195574956764917,0.037533225740499915,0.2355521308615048,0.1398148708246225,0.20225065376280765,0.01746634107901125,0.24979947288588292,0.09974438763615556,0.17290319945580956,0.017984441418921863,0.9977439778038174,0.8359788359228465,0.9882587221548902,0.00806374306555995,0.9917330968433028,0.8773365991441706,0.9390716287677293,0.05829524853711359,0.9517216894030092,0.6548545432386654,0.8021359542007048,0.05359535471399742,0.8945791335073333,0.642895474292356,0.7220611027522209,0.12307100289251191,0.03912960085407219,0.028263252888670844,0.03471531334477838,0.027811151097422812,0.02487847643759004,0.014650909816734737,0.004074373005102474,0.05864847482215794,0.079995398440763,0.0460988059615862,0.054190171788847344,0.018244122824882227,0.0048608003700039565,0.5131567857947049,0.4856457396881492,0.49255976898437615,0.4850939171203348,0.4125293633843163,0.4958285035659851,0.4848481385423225,0.3274878828677955,0.3449162469721688,0.2738051910432227,0.5252891143176541,0.02619901215008025,0.005764223895598382
1830,Side,0.36785181499453923,0.412710254990999,0.3320047418303175,0.01240487692392995,,,,,,,,,,,,,0.834946510382436,0.26716227980261453,0.5204908594655833,0.3515060814206554,,,,,0.8061767835263834,0.19041063089965218,0.24255820313622597,0.45838120930879356,,,,,0.3973241632175951,0.2449825904605673,0.27898411049678623,0.17494665651327243,0.06475025718184381,,,0.47170636714416914,,0.22738934732567034,0.19821037457451277,0.08407357245523518,0.05638331910547739,0.6252778157972234,0.5917564711948747,0.6001811751379187,0.5898496079963632,0.4510233543111859,,,0.5941706315565647,,0.38462043716146194,0.6206110389438193,0.035606622267239804,0.035606622267239804
1831,Front,0.9999999999378418,0.6894329896439614,0.8483802356475715,0.22569337930373612,0.9999999999358357,0.6802488959801787,0.8162375486867723,0.38401996314455267,0.9999999999407266,0.6649525076734858,0.8725379518499761,0.18397543817527753,0.9999999999427065,0.6512002666897532,0.8717090664825285,0.10893463409036218,0.999999999927225,0.27037706782731386,0.6111430593085161,0.46884608696230196,0.9999999997047534,0.23907438441155895,0.21722008992868921,0.9999999999951968,0.9996450120697039,0.42152520050152487,0.4504202679802419,0.21129182052338394,0.9991827837103833,0.3108938047635267,0.3412102361494052,0.3704902478830213,0.06242788088883844,0.015758546718540288,0.011495130585096304,0.012358572843743993,0.0033433717180654256,0.010372400035837908,0.025083756716164845,0.0732770332707083,0.09039579679340994,0.07053338678543523,0.026142698574531477,0.0,0.0,0.2712212759416205,0.265916336394079,0.29877820875293676,0.26213644197885466,0.25768967199441817,0.23632318126636917,0.2725814243195511,0.16109056367181934,0.14459277262507014,0.14669901766465857,0.2722748834126841,0.0,0.0
1832,Front,0.9999999999378418,0.8330846445446903,0.8602766109971393,0.19039001780551543,0.9998075071543273,0.7796065836491631,0.8008913369054445,0.24676361113894418,0.9999999999407266,0.7019783410549956,0.9804608684417525,0.04813464772692383,0.9999999999427065,0.9313180706306223,0.9919573047585968,0.004312847752830929,0.9998544501128116,0.463666197812359,0.6401407898240011,0.33903470309430683,0.9994095066432209,0.25344849811438386,0.1239433637031724,0.6847703230799603,0.9999999996450124,0.5505207709475325,0.5722749151077402,0.2176047017374658,0.9997275943885244,0.39419235582885975,0.45032724157608733,0.3578536898445098,0.19926879302677356,0.06054706062928281,0.049929416939867306,0.06653808125517977,0.026849386630253966,0.050736165440207766,0.08938132316658715,0.2582043180151259,0.2587249474448539,0.13924393583904954,0.029776432928291297,0.0,0.011569276303490052,0.4279272794979386,0.443308172846471,0.4760617690577593,0.4787515108438291,0.4476723437390665,0.42860985509991,0.4792983893298057,0.34818416846104655,0.30904160551857873,0.24556633446478107,0.2943927924114728,0.012431604982769065,0.010655661413801122
1833,Front,0.9999999999378418,0.9572707541401742,0.8911070306921787,0.0974509832607434,0.9999999999358357,0.8408938845951496,0.8850578840429956,0.1012258502615016,0.9999999999407266,0.911609897700308,0.9857734027815913,0.011461467661383515,0.9999999999427065,0.860524560965741,0.9935401411538877,0.006049830758425423,0.999999999927225,0.6148951844742552,0.784368183542781,0.13635962982387245,0.9999999997047534,0.6886682995559706,0.5287823742144272,0.17055478673549362,,,,,,,,,0.18527325367175596,0.07892305468506143,0.1454509577951371,0.08541690632425941,0.03760541321014958,0.04922784084128986,0.053698851735037016,0.447798735969711,0.2766191308851163,0.7255908768140661,0.16078243946842075,,,0.471914521154615,0.4368382354006174,0.45764292105330673,0.46229666626606725,0.4050511516811302,0.4594132426283595,0.4607818893742302,0.4952766793494528,0.528112423832792,0.48195990891980806,0.3217705828603311,,
1834,Side,,,,,0.022200834133962094,0.09768499932438879,0.08599209036652879,0.014579969339892281,,,,,,,,,,,,,0.9648656625435885,0.5022560267821156,0.5942600708209848,0.46346434878231535,,,,,0.998365567693172,0.32609862260293965,0.4864635974768041,0.4103609305612011,0.4183019904810769,0.257674856915538,0.2932898235670836,0.04051929676887163,0.018085278160216125,,,,0.41990981667798905,0.07985794676061135,0.08805157818118758,0.07980745651385175,0.07317696629753527,0.21031059269405813,0.19903555049941374,0.20186917491878426,0.19391009699484774,0.2172455165453314,,,,0.22602242375702342,0.10615115490351568,0.2842431420540487,0.046254191182417546,0.07513027948368775
1835,Side,0.3672302336917435,0.12703472598161727,0.29473033544454524,0.04543713804843843,,,,,,,,,,,,,0.842151226195899,0.27908378539420775,0.497982654722046,0.2604618269313847,,,,,0.9999999996450124,0.23877648747523186,0.3009075722805542,0.34973831902103736,,,,,0.3356021367456595,0.2076387608883651,0.2368931165280306,0.15942839805956166,0.07267825698852169,,,0.41855325580147074,,0.17340928425554988,0.23813678722505877,0.03341827663761727,0.14100897747463512,0.38830061837806823,0.36748328435634303,0.3727150613210601,0.4953694394516058,0.4334596551761031,,,0.4267816161795451,,0.20815762517951306,0.30360035334402535,0.008104276229559528,0.18799790836532607
1836,Front,0.9998135255470031,0.5723005968141414,0.6974117611612944,0.3953667349938489,0.9999999999358357,0.818546768311351,0.8282693892066867,0.26400185099849327,0.9999999999407266,0.9267953293649467,0.9722116698945142,0.021644139731604013,0.9999999999427065,0.8461880417400428,0.9750213564718909,0.020357941773131338,0.9997816752056049,0.20273256980759943,0.4950443932042866,0.6068119802428695,0.9999999997047534,0.35999742166043586,0.23354899735321694,0.7245629757466528,0.9999999996450124,0.414282293761865,0.49015820004911353,0.27643836258609605,0.9991827837103833,0.49686959629736627,0.4097898230229587,0.22860472475957663,0.08339565864079895,0.030701345556404223,0.031166804363858446,0.02330708947601527,0.02355415457173144,0.041115420991153055,0.026591176617353975,0.03856600660871818,0.16017518902179814,0.018878905155137432,0.08175654779558929,0.00390676878515493,0.0,0.27166139009472157,0.26993739194195865,0.2638468438667819,0.27255518797382033,0.23010059506131134,0.24355578189720986,0.2480934345899386,0.13912760158171716,0.12380497989945731,0.10603920254215654,0.18730264556402212,0.0,0.0
1837,Side,0.5054699154335237,0.39500813887716985,0.38270084179517405,0.10246769429017775,,,,,0.2539268567213605,0.002601488293145291,0.08778218942015523,0.10734569048746767,0.19227684197362915,0.0005001111357801671,0.08980584469620141,0.05485302935937205,0.9938869077218625,0.2968320942805684,0.6167455039438281,0.5102450535613257,,,,,0.9726659563462311,0.2504489404854275,0.4191284282554651,0.41869895061971596,,,,,0.2178319029241472,0.20679331820369348,0.2359402007893638,0.19539828913232396,0.04129700343720752,0.15258437590690044,0.3106487317081017,0.4726898912920101,,0.1188190310569912,0.0778135224228375,0.023252487597364785,0.07402331383456122,0.3978904179099325,0.25982648033976613,0.26352557157066675,0.37225801666310315,0.2997479334724117,0.3607635072448748,0.36856349706387065,0.29819320779807984,,0.21921435945970896,0.14411189290777218,0.01968014732635518,0.030466621200154205
1838,Side,,,,,,,,,,,,,,,,,,,,,0.983761440512618,0.5498259636102986,0.45524124317776143,0.2837817471630338,,,,,0.9945518929461861,0.30153240711337825,0.2752712565136102,0.29785937843211635,0.6998646070463055,0.428029379732382,0.48529988987724815,,,,,,0.7006941879276474,0.2633000693526911,0.23981586715714887,0.036737266731941734,0.024637576026794936,0.45002282896151924,0.4258964817333721,0.4319598742666936,,,,,,0.4958096102855794,0.3014457536949689,0.40205449385747083,0.02754771856140999,0.02754771856140999
1839,Side,,,,,,,,,,,,,,,,,,,,,0.9775612633665307,0.3207425550908377,0.15823595163806356,0.7172898657030449,,,,,0.9722146551424092,0.2813785701340779,0.24147460854522576,0.4061023332189738,0.26238172151020406,0.09995201309550136,0.08944349867179818,,,,,,0.4457864812441893,0.3743505728108495,0.14643224211869613,0.010424113798406283,0.012644480357726888,0.40319146087228036,0.34333590809730574,0.37895066564011526,,,,,,0.3664205119398832,0.1044809779994413,0.15090456582363623,0.011872778774752438,0.007489238171079039
1840,Side,0.3810914967440893,0.26146228972724755,0.2837582840561869,0.10294806894103285,,,,,0.15784482246708287,0.1540928065730478,0.1586389844880867,0.0026436049190878518,0.18597456169439816,0.1415314514257873,0.1694620887887607,0.0032563523001082678,0.993304708464209,0.4952782800552355,0.6737687640958068,0.28970670460620535,,,,,0.9268725591313905,0.5845205315105638,0.6304447193331331,0.1523978354853344,,,,,0.16301499531694846,0.07868984611190549,0.09155215775893569,0.14447986405850455,0.06559438953169697,0.08277647516408922,0.0906304823527413,0.6533969429481217,,0.12078906241540394,0.1126555851803803,0.0,0.08821004054608318,0.26536584805092567,0.28172129603749524,0.2857320988408412,0.2811045509674458,0.24941265073518634,0.21475669619997625,0.21674475949935862,0.22023957842559422,,0.24873743546128144,0.46834367012255596,0.0,0.031429817646535664
1841,Front,0.9998756836772826,0.6103499728289237,0.7496728526080693,0.17063338079009807,0.9999999999358357,0.7161113340883104,0.8275538503336396,0.39972271139210175,0.9999999999407266,0.6368201342708681,0.854914070197774,0.0956533563138347,0.9999999999427065,0.670537897273253,0.9193265011551737,0.0825579530812894,0.9998544501128116,0.293014533501238,0.5540169541549358,0.4993843959409069,0.9999999997047534,0.35986850584247326,0.22077835638048252,0.7584560801336345,0.9999999996450124,0.4472045971239551,0.5308566358191675,0.35271667091066333,0.9999999997275947,0.4138095521785338,0.43492811648635343,0.3654957137913174,0.017926246242071404,0.07900904175252069,0.04402982472120974,0.0854848377926312,0.029195779236648494,0.015647949240042546,0.013792402117965525,0.07060652095988537,0.13726363193376592,0.048425002868617374,0.026049594435347035,0.01371911155808428,0.0,0.5150599321266384,0.4772488089945158,0.4828469497953011,0.4330604654373051,0.3846565112788543,0.5161235712888519,0.5206580498967238,0.2744738368234619,0.2551698174376062,0.2966499683686197,0.39246264666537545,0.00634389132247118,0.0
1842,Side,,,,,,,,,,,,,,,,,0.9962884796596836,0.3411693791212129,0.6398623186990484,0.4039920461917574,0.9991142601124552,0.46796441920407594,0.27216523943181764,0.487141821027919,0.9978700741931592,0.11881958577045255,0.09750857961442155,0.5563162841757526,0.987741759469425,0.315842823903414,0.2368095550522969,0.38460536013745156,0.15526334649897583,0.038191762926592474,0.08435058148840052,,,,,0.13278108825348958,0.39350554099948537,0.34266733602538124,0.19279812443215982,0.0,0.0100771592756806,0.4654056646595221,0.3964746906664215,0.4565833809950486,,,,,0.5267390753139021,0.46417199926456126,0.4363629622596334,0.3645233005718854,0.0,0.021313218997377297
1843,Side,,,,,0.8205325633095584,0.07747892412167275,0.3634539850023734,0.3447507543270637,,,,,,,,,,,,,0.26985532912020843,0.3086889261113388,0.09056488594136755,0.5467898713458986,,,,,0.9711250337861277,0.3436288831707334,0.3927527007052488,0.44963636242201027,0.4696918029662018,0.28876736163205957,0.3283348214553235,0.16040399071063188,0.07314057449949267,,,,0.4686992298462774,0.10927052930586845,0.09887445235554486,0.0,0.0,0.225939202502013,0.21382556500981548,0.21686975154321214,0.3019496165438925,0.2673179263212192,,,,0.24140102918004777,0.11509018155091155,0.19147531283824532,0.0,0.0
1844,Side,,,,,,,,,,,,,,,,,,,,,0.754650132638131,0.5252675002884318,0.3360837706864904,0.21072113734049014,,,,,0.9972759463368903,0.41041082819090025,0.38438455915974606,0.21093926509668867,0.4113835186109243,0.25348895685380674,0.28857181000847165,,,,,,0.40577587546280763,0.1877881348646303,0.1707202970611914,0.12119214702342013,0.04586507066528963,0.31983276501001506,0.3026860874483977,0.3069953612773463,,,,,,0.358111673110092,0.32163530927722156,0.42486840830466743,0.22734625456976856,0.10134567705237243
1845,Side,,,,,,,,,,,,,,,,,,,,,0.9760850307126999,0.42374629364291944,0.24076399506944482,0.5977719990757046,,,,,0.8218469079755255,0.36008586247927454,0.31630188595994047,0.27757969663976617,0.4370045936951953,0.2689905389646704,0.30604396020327174,,,,,,0.568807905802032,0.13466068576096826,0.09199505537558367,0.1902826488572115,0.09653079072311936,0.35088395719935156,0.3320725822126356,0.336800224965903,,,,,,0.22739087873385788,0.40780548830077795,0.46194478646535325,0.3405702306717551,0.20356036256063917
1846,Side,,,,,0.37985242217646115,0.31051786429074546,0.3504064174289291,0.06242932269352305,0.10266137157829047,0.047734285192828706,0.07034705157844752,0.004582172907265942,0.13263435314927038,0.043843076236727986,0.08242931516031045,0.005265392365794807,,,,,0.9332742837516169,0.34317390741632237,0.2721020675085173,0.6991043495511219,,,,,0.9999999997275947,0.2582433963235201,0.3122255697392745,0.39587276680931116,0.1377613828518852,0.03171191959204054,0.038602376109220564,0.010514975538603758,0.0021106048290519858,0.021030808308960768,0.022658470777065558,,0.3002658997877755,0.21802413694793854,0.08539045521202272,0.040091346342869295,0.023568874350982198,0.2347481394706805,0.24297402026605253,0.24643318680876794,0.24012140299769033,0.21420937655547884,0.22011225761264475,0.2220867618087013,,0.17320647281826254,0.13961893937813943,0.20837505225590036,0.02296861292179336,0.017173723459590097
1847,Side,,,,,0.4028232274364567,0.3408269770948195,0.3531733775151552,0.060208921586410655,,,,,,,,,,,,,0.9999999997047534,0.326608224808134,0.2905214682514065,0.6279695518587434,,,,,,,,,0.1957226267872475,0.05113861929651451,0.06049860660997532,0.014124650445031651,0.0038211711359254982,,,,0.29815596922835963,0.22845865611901622,0.091259762121059,,,0.21612903747979845,0.21255743157031035,0.2155835639728134,0.21533451488803534,0.19291819563326523,,,,0.11873568019272983,0.15997371574716596,0.16603054481839968,,
1848,Front,,,,,0.9999999999358357,0.8621704803384069,0.8214035644224023,0.12811192850133263,0.9999999999407266,0.7871014579958193,0.9231040588851841,0.04153714941088092,0.9999999999427065,0.8000666814403162,0.9710738742968098,0.03239830107317199,,,,,0.9994095066432209,0.529263890645271,0.2903511891032423,0.21644846648956703,,,,,0.9991827837103833,0.7231530617898065,0.7074478569688409,0.033077778709740824,0.1585340859147298,0.039396095409903395,0.050631440273761076,0.06497108848340656,0.027916472233011507,0.025793043365630732,0.02790092280463118,,0.31183089510695405,0.3202415975937414,0.09245333938263763,0.0,0.03467202745496431,0.2596437111646146,0.22509610378546246,0.24520169033559142,0.2639089267846148,0.23464213400362302,0.2587232556043555,0.26060000524753857,,0.13936795080000325,0.08854124117080596,0.1426177342467703,0.007138108391877818,0.04674839182983746
1849,Side,0.5591745399950786,0.5093597395205264,0.49348881259345223,0.043294375064917935,0.4350978504693553,0.3900709219597169,0.4134652024724915,0.06143878202974899,0.20212198445841253,0.06739669671078731,0.10392668029400676,0.00958678995049655,0.18179213932727212,0.06190264502878958,0.11516715728197169,0.009625237934158232,0.9600465758707483,0.23327305604224274,0.48361587848803284,0.40052181840605344,0.7573073514150259,0.4230372566441254,0.17097249560949893,0.3873286723833325,0.9318423851857148,0.13348497544992907,0.4067973271415898,0.6989116480604297,0.9239989101269414,0.3720708365409295,0.29548340328243855,0.23298545257755243,0.17711603441783239,0.15513119278313894,0.11991087487935351,0.1967333472760006,0.09035646648479356,0.07576267559252817,0.08290942126539116,0.3614611658055354,0.34695772084535503,0.5253035111358249,0.14099774782939362,0.015833075750779375,0.012559897976114212,0.3331189333821419,0.32452355393058335,0.328851816364395,0.28873926570330377,0.25597063784561047,0.28976413686889013,0.2915622978294014,0.2870162922059063,0.26108681666830413,0.27793577837845074,0.28753358549965674,0.038496478907757196,0.03501290714362163
1850,Side,,,,,0.38126403590752234,0.07955305766897142,0.24829304082286457,0.28685693097528775,,,,,,,,,,,,,0.9991142601124552,0.32267629236027606,0.21269942242833614,0.7027107237638598,,,,,0.9787523832801001,0.26349054914653325,0.3071990323738101,0.37078397241939426,0.11747477253290542,0.03961967594737936,0.04751537000598784,0.12095305733112603,0.05444541796516769,,,,0.3914448573957437,0.17120651782038876,0.0735884916632541,0.003789912916145538,0.010070703125794838,0.18627367219691843,0.17800344383256805,0.18053763887415936,0.15890916271363745,0.1444505390065033,,,,0.11555009601759211,0.14326163390264623,0.1850579235861413,0.0,0.010670730080997098
1851,Side,,,,,0.0,0.003412284222975225,0.022290829238798583,0.03962756049618197,,,,,,,,,,,,,0.9949808086817302,0.36521851228791935,0.2888466038638852,0.724387521983756,,,,,0.9444293105572246,0.2594359310560231,0.3540103340481861,0.4451597163619613,0.05862658087841192,0.0295493506424094,0.03616490042291069,0.0,0.011488434508559162,,,,0.2388020901209284,0.21556091090754795,0.10070022354624893,0.01573645232950268,0.012339513553040606,0.24456716108661203,0.22285624140381435,0.22602899564830214,0.1560819583308487,0.18811631953563432,,,,0.10550344788582015,0.20861978917442972,0.22080661944570357,0.015543567447542619,0.0
1852,Side,0.3749999999766907,0.39826370046132237,0.3245493992987606,0.02279532256360256,0.3869746550922698,0.07125652347977676,0.24460474311429448,0.21671732910603742,0.11937644477983661,0.11882146529621747,0.11943954527650365,0.0017349279260197967,0.6412283716832115,0.01078017337126138,0.17418861372538996,0.38370528099202805,0.999999999927225,0.5398164891474236,0.7232813480095914,0.2596533553085971,0.9958665482740285,0.7205749645017031,0.7252524254009967,0.1542340523654999,0.9666311675659811,0.42194421163522416,0.4775146083849338,0.31423669626566303,0.9422500678446607,0.5711645101323019,0.6166020334935273,0.19681151562183202,0.2789173834479259,0.12525661594919493,0.6523922990055383,0.1575946245195308,0.11680886129097152,0.17388187510677147,0.17865854042424317,0.12351498724240054,0.1856295110208554,0.1974715491590055,0.10290953775648347,0.04181715156647443,0.026573667178595252,0.6021087174293076,0.5627751688773827,0.5742006635295663,0.6195222775506725,0.5826506256346838,0.5525380489681381,0.6349215905532497,0.23903128926392198,0.25491774705294973,0.23536586886196073,0.5320316665719639,0.023587034678729125,0.05035550549878279
1853,Side,0.41403530579226533,0.40185838304382404,0.3303734563753459,0.03039324079834658,0.5017003528712415,0.46808510635166023,0.4648500781490523,0.0722429528531739,0.19406081440376616,0.12511343698196423,0.15610742552808898,0.011627155449348654,0.22035063594474902,0.10830184484839396,0.16150540440262975,0.015877062926286146,0.9530601847789055,0.4303797468066184,0.7154845798445917,0.30169134889183336,0.9681133743820152,0.39996132522882805,0.35306663545519246,0.7147285988660617,0.9566915154573336,0.17921704775654154,0.3314329702708234,0.5662849640810662,0.969490601751705,0.3109534315001518,0.3018695927035906,0.4748700735195708,0.23207324701409246,0.11167567319614326,0.1287311580050851,0.21240141971142112,0.06773126787591449,0.18075353545972714,0.13207486247083752,0.03302575348159844,0.37270454150982707,0.22818680417710555,0.19289371073085035,0.08407892530240486,0.04664451114985743,0.5212862141699994,0.4868558562748014,0.4937871137290213,0.4231940290660547,0.4349464995049632,0.46119652383615073,0.5128503571989846,0.2692573768882808,0.3509089955601072,0.11472979233686109,0.3597961068716878,0.199917421522391,0.030946950844424965
1854,Front,0.9999999999378418,0.8463781876799797,0.819502935763064,0.1355745853699844,0.9999999999358357,0.7786029706424057,0.8158475833517735,0.2618440636930778,0.9999999999407266,0.870591082287459,0.9926904681780515,0.010862374876753319,0.9999999999427065,0.7648366303198022,0.9295722405562907,0.05573316958693039,0.9998544501128116,0.38309557294333296,0.5228556918262728,0.2022621835649473,0.9999999997047534,0.3850715482541529,0.14741539580486554,0.5656317455734446,0.9999999996450124,0.6157667903378566,0.59462044513076,0.08834106873907663,0.9994551890494535,0.34511955158636215,0.19997027794208463,0.2370687077248552,0.061181620505261006,0.04874627399978902,0.03617915375734477,0.11256347997472559,0.016915722433173713,0.04267735941311755,0.04561581092610305,0.08469084872062325,0.1198677518010276,0.10179845707939435,0.03529807005087854,0.03910661900028262,0.0,0.24936250945275237,0.24944486721912693,0.26064889772996314,0.29226245702357395,0.26380455544841175,0.24708976672715222,0.26845786629294743,0.18031439797576282,0.18347683457828068,0.10540997183714994,0.26353337626826984,0.007615390682237072,0.0
1855,Side,,,,,0.3749759383782499,0.3132610731758824,0.3460257208174352,0.05879315171349664,,,,,,,,,,,,,0.9625036902974595,0.44243908724749,0.40805532104664854,0.4949669327307268,,,,,0.9825660580270867,0.3032019557388824,0.3292158397225207,0.38454031231363034,0.7959768965841181,0.4861804348006435,0.5508431331973422,0.7087645025403545,0.3386710154101447,,,,0.7965408209659784,0.3093363024976082,0.28194033126714185,0.2638768168485485,0.1933782719118794,0.7749929597025564,0.7334445136197197,0.7438863983927231,0.7636504745822368,0.6872342478688938,,,,0.8615513790145622,0.20469198167607536,0.29272408941692313,0.2683054753770858,0.11860342033410037
1856,Front,,,,,,,,,,,,,,,,,0.9998544501128116,0.5179157457291597,0.6060372479606246,0.13784500410162695,,,,,0.9999999996450124,0.808332335639391,0.793377871795534,0.04189497851329318,,,,,0.1233069369334893,0.03210070610716922,0.027379827756096656,,,,,0.5067450740164803,,0.10667108185145867,0.30678628869663643,0.010948263191362089,0.005765045100850741,0.3295224366368281,0.35234253595333087,0.2940326109213321,,,,,0.2892590656246014,,0.07557291320967248,0.12203410324913463,0.007524995274534121,0.021291817393599446
1857,Side,,,,,,,,,,,,,,,,,0.976493704899462,0.21987810593932902,0.4903590015884543,0.46816485399082247,0.4050782402110781,0.22424906534586506,0.008888096513609315,0.8139376343045784,0.9574014906079515,0.2399138034095586,0.3142520927285138,0.36773942647772073,0.9994551890494535,0.19730487149261788,0.2724617236860711,0.769145143723483,0.16109815329726915,0.054714284767644034,0.06452881228260486,,,,,0.39218073763415323,0.22135342935334162,0.12032733086889588,0.3053023515933901,0.01597030207254219,0.23353341338429,0.34431392249020837,0.35976253010414583,0.36488438842503224,,,,,0.3240028720429871,0.29391772791763776,0.1509710034798263,0.3047636196341262,0.014880020717906804,0.12400694921766937
1858,Front,0.9999999999378418,0.6841427020697136,0.6786868868960568,0.13716044465836072,0.9999999999358357,0.7984076006424188,0.7747004451471209,0.23075651610365644,0.9999999999407266,0.5315506079901052,0.8772561646080421,0.2520509446018208,0.9999999999427065,0.6541453656004587,0.9544571848151259,0.09490083407036773,0.999999999927225,0.3166566204328808,0.42709441052917946,0.33773800042396945,0.9994095066432209,0.3708263503692905,0.08966879003331123,0.6197986650068585,0.9992900244943943,0.5123907577808936,0.3780637752295894,0.11872972164413635,0.9994551890494535,0.4570389362317668,0.2739746433886076,0.1838216148818165,0.02791643987885881,0.07041102249112212,0.10356195622992373,0.07157992121181565,0.019608341481364592,0.019594276238166113,0.023024412353453486,0.08076238466968871,0.04615580467932137,0.09379680355836792,0.070484453510703,0.0,0.005411427509052669,0.2739371756345788,0.35320551421767843,0.3675188493965875,0.43417671896125964,0.3714483847175726,0.36064740467880513,0.354519128337142,0.20655358348139857,0.20184575371895927,0.08887930225650481,0.2404987463565303,0.0,0.0
1859,Side,,,,,0.6216875200114413,0.2424059948988086,0.34808205259187214,0.9999999999897365,,,,,,,,,,,,,0.9867139058202796,0.4414077607037895,0.39069740795543334,0.5193657961555957,,,,,0.9948242982852563,0.24494663405611192,0.2667172192822543,0.5503046852695517,0.4000679746812313,0.27165972646783454,0.30905245602130077,0.1485426128423861,0.12314224801055292,,,,0.40172620010213617,0.3064541951031674,0.25304875612947786,0.052008905533449584,0.02439746355307979,0.5655524440350231,0.29236108129502825,0.2965233603308712,0.5176274497217985,0.6110694042975315,,,,0.6258338856280828,0.24677592573305462,0.3358800894899084,0.009747726229449683,0.017687981655586212
1860,Side,0.5092615613805779,0.5326912642069526,0.46785329423994115,0.011410908815108095,0.42906640998209394,0.4212498327029807,0.39274153372907566,0.06051672792955625,0.23845652301354653,0.17399721700199666,0.20486303008006235,0.008527349915208706,0.22418929756937156,0.11185819070283072,0.16423789229051614,0.01519756544805732,0.9623025979941559,0.3111646908906861,0.5618082306810945,0.3461293805332765,0.9955713017432619,0.5052210905952544,0.5348697999024501,0.5122738825562261,0.7507987217782037,0.31934634261227424,0.3529690342428524,0.24190065716088613,0.9937346769289748,0.295033092821237,0.35234792970544565,0.3272716196336755,0.2881842997265389,0.14835278959462037,0.7465088165823599,0.11379300876196184,0.058024054616709904,0.13038717507237277,0.10974580483425002,0.2941674572963206,0.06704321278032141,0.10566826112654369,0.16719536869021498,0.023698236700525125,0.019676268235726397,0.4259389129109421,0.40708529580752123,0.33953700175391394,0.4365312258597864,0.3260501342877036,0.405511397712335,0.34490264014004485,0.341779644279068,0.22302742288439886,0.34287891847131086,0.3259280648764447,0.0,0.01221019053638732
1861,Side,,,,,0.4932948347453773,0.5129800615206088,0.46962623928873043,0.060300222285368694,,,,,,,,,,,,,0.16327133151364887,0.39241974987801853,0.2022148850790792,0.3144536133412636,,,,,0.8193952599238914,0.36652555003479065,0.3613751879259326,0.30752848554842566,0.3512902293112277,0.2171305661411932,0.24759152432996587,0.20085086141772346,0.08388013231564401,,,,0.33625534925937856,0.18185329022246322,0.16838785442326867,0.038742672209488155,0.025982486367515576,0.34477969452928847,0.3262955775198836,0.3309409743551372,0.40517577901197716,0.39970129884848427,,,,0.3817899396933442,0.29290344887916236,0.0909559346338161,0.059946974512819176,0.059946974512819176
1862,Side,0.25472401788570836,0.26729517089885413,0.1926040788775975,0.01514179723264064,0.30285530957312445,0.22353807037176912,0.2675005250840946,0.056281098730461616,0.08161934680329444,0.002298989654407466,0.062370250819092775,0.013825831305142875,0.02394866506107777,0.00044454323180459303,0.008874249729099275,0.001636262317223786,0.9938141328146558,0.2624740472665947,0.641318967341561,0.477440945143802,0.9719515792819751,0.24764728630606886,0.0713927699092047,0.8799902692487724,0.9250976212548458,0.15718903387063396,0.26563709534957475,0.40619531300020467,0.9308090436037024,0.39455011624861064,0.36494737164383545,0.2831215541673849,0.19008541626853406,0.11959642138620363,0.13765879526444194,0.23346764147297103,0.11305208344506293,0.21398988206547598,0.1278092261059226,0.2621201220425583,0.5836360049400426,0.06178968178000307,0.003151705796034261,0.0,0.0,0.3142781466835769,0.29742883201103476,0.3016632594753575,0.29110239243993613,0.29690175775499517,0.2785493705659922,0.2838675589837617,0.2251686774573004,0.20377638597541542,0.07366881974448644,0.14329108143181532,0.0,0.00444033966396865
1863,Front,,,,,,,,,,,,,,,,,0.999999999927225,0.614292411719624,0.9286702350727188,0.025569217003738303,0.9994095066432209,0.623501353575899,0.5724285818577655,0.09699703256470663,0.9999999996450124,0.7822937866166471,0.999999999907413,0.029538000186012547,0.9999999997275947,0.709737046049148,0.7747269369479581,0.05904937936355461,0.12504739689351715,0.05090742411463135,0.07294732796683165,,,,,0.16099650893992584,0.21503760758833096,0.2543323306581267,0.09962428641805025,0.0,0.01687488686726378,0.2819428288825785,0.2507705162805019,0.269009820418494,,,,,0.24931258399178227,0.28518852629174085,0.25990551217394897,0.303219849497742,0.0,0.04248340293165972
1864,Side,,,,,0.4934231632663829,0.48019536996653306,0.44762236614327494,0.06217062868186533,,,,,,,,,,,,,0.7422497783459555,0.3511022302210195,0.26113577579137004,0.52212153409626,,,,,0.9839280847224384,0.2321268856817049,0.23653972618010763,0.4853819430730739,0.2549452474136184,0.15883872464183557,0.1818895977443891,0.32135922563828057,0.06719349744787934,,,,0.2621212393940895,0.1912709542604015,0.17390717597408847,0.0,0.0,0.4203904420898944,0.397852728168447,0.4035168680822591,0.38805080530776376,0.42994974707486394,,,,0.4621083803892943,0.21406453131253564,0.30331493896223294,0.0,0.0
1865,Side,0.4203132769505026,0.4040965816329289,0.355475928680135,0.05281744851449773,,,,,,,,,,,,,0.9824612472904111,0.35952046076220473,0.5898794924294236,0.40382988641941076,,,,,0.6510472131164186,0.29510355559109874,0.2525979752793534,0.322177957726179,,,,,0.4087059390169058,0.25186893428260193,0.28674584944001974,0.22497416664847636,0.10373933207499789,,,0.4413048012622303,,0.23005845956356422,0.19380895729774408,0.07495225863753296,0.0440139549751972,0.6718523886629288,0.6358334514629049,0.6448856694721858,0.5785083948352393,0.5048734822336145,,,0.3728756756050645,,0.28565796548253836,0.3633638548198612,0.03632635313451842,0.2694530320569268
1866,Side,0.5896941819623511,0.5838307107580147,0.5148332449907266,0.05975643210402213,,,,,,,,,,,,,0.9485481405320902,0.42562453952008406,0.5885815142764615,0.22284843289323036,,,,,,,,,,,,,0.8497389461131776,0.49787582323091095,0.5640252446604653,0.22312541247109535,0.1028632374993096,,,0.9999999991670607,,0.21923187701484737,0.18504056066286076,,,0.5014242693616457,0.4488898450211546,0.45528058890217366,0.630453036498579,0.549492345186521,,,0.5498081537683925,,0.3251367134341344,0.432658395414427,,
1867,Front,0.9998756836772826,0.6964867064096251,0.71961915672815,0.2105908175057413,0.9999999999358357,0.9385788839195384,0.904492142801428,0.14015373093097477,,,,,,,,,0.9998544501128116,0.3306543432904257,0.4274957717466577,0.2499346601333512,0.9994095066432209,0.3120407373783653,0.09037414542752815,0.4400660716988547,0.9992900244943943,0.606129534262772,0.5016029189760296,0.05640382896433022,0.9997275943885244,0.5429014369719813,0.3963247053094806,0.09108664029578142,0.11577127969527924,0.07306869501530841,0.09410371855586641,0.17876493824607767,0.08184152930306154,,,0.3436758554310623,0.2507858964573028,0.16696577027456516,0.04079154577489556,0.027810888321333,0.0023633530779730394,0.4615647541515454,0.4317961648911763,0.43188256726006075,0.39480059167243914,0.3470740821371564,,,0.33077488162085844,0.37217620943666824,0.05476664810252686,0.15618949264194595,0.032950434764603034,0.005596803455400929
1868,Side,0.3240924912777168,0.07487791643550745,0.13804405166165934,0.14347061324834293,0.3511068334712155,0.3089120834799336,0.3201386801629631,0.06827340201627569,0.8371762194987151,0.0005444975497280841,0.33645506369357503,0.9999999999967206,0.29328520681257675,0.17453878638727835,0.23019754575039786,0.012033922763530363,0.97234553518868,0.8039649051768827,0.8358410973272077,0.02574294776044925,0.9914378503125371,0.5198530359340044,0.4556911905485808,0.40940522022981296,0.7720979762967352,0.7633185681334059,0.8066886520031874,0.04640957700185021,0.9809316259926639,0.4426688927051059,0.4426493916353939,0.2952104374077308,0.3133279800667854,0.7222203705554948,0.18206342570084727,0.10486949282949311,0.05614356673728548,0.11147116008341706,0.1433322625405577,0.29961519907608647,0.14383250613317175,0.05802158343488597,0.19645870294854198,0.051861498183806205,0.04361416706894975,0.5075386979063339,0.46426184929567804,0.4792040515687376,0.6491211896577201,0.5123145517687075,0.5876318739050154,0.5009540302537789,0.34964450509846207,0.3774877893699743,0.18601518081153345,0.2040608992857215,0.012548989582567628,0.02528445526241616
1869,Side,,,,,,,,,,,,,,,,,0.9692889890859988,0.468019556595806,0.6020922264747467,0.20881753090888136,,,,,0.9737309190721576,0.3514306237069657,0.31505103373968824,0.1925912274392605,,,,,0.6591835336231756,0.3335429319000736,0.37880228233677155,,,,,0.3751036497781542,,0.16679576162547263,0.23213810884278008,0.10223944580789632,0.03758749596115538,0.38015907477656136,0.36194977916750903,0.36710277686194775,,,,,0.29479275963710383,,0.13306484656207604,0.27265243312837034,0.10423833036957081,0.11502628784247686
1870,Side,,,,,,,,,,,,,,,,,0.9298449893799691,0.2664925322974689,0.44405970027957103,0.28719747630878567,0.8190138763451392,0.4031197627689106,0.12726925805812622,0.4532883410564719,0.8874689382721094,0.2798994373111517,0.22953217517508875,0.20291307314290286,0.9136475072422647,0.15335996659988313,0.0,0.5379406174412347,0.3685345118704519,0.1881745948202619,0.21328479505125755,,,0.1634472092438957,0.17943593786035206,0.3921666465008104,0.23149072720116673,0.18644922212983728,0.39704292560662163,0.12263667780357324,0.07646823121763156,0.22943285734268354,0.21721155458032257,0.17497493029982344,,,0.2004363803875299,0.20246069957622007,0.16790783553363553,0.13159382813510914,0.33424175662763694,0.35471385538498823,0.26636776151483077,0.2596654203539006
1871,Front,0.9999999999378418,0.7778079218137678,0.7594786787538219,0.23261674374812827,0.9999999999358357,0.45885186668949196,0.4593179432652392,0.5884121032883577,0.9999999999407266,0.9024744388104255,0.9921924941500789,0.010950390892338223,0.9999999999427065,0.4768837519183771,0.7179001351111238,0.11005644968137963,0.9998544501128116,0.32563123700183305,0.579330315136736,0.35979178280289725,0.9994095066432209,0.3145545958286351,0.17228134241709783,0.6714705653667166,0.9992900244943943,0.44451095412160235,0.4630622158125187,0.1717293896336261,0.9994551890494535,0.2963448810269903,0.2616021931636294,0.35542748281019865,0.06961015044706802,0.051547558425555674,0.35037944126040654,0.06568678718863306,0.018924733801034772,0.04350785750400425,0.0596601845506194,0.06389267961241349,0.08732125596564037,0.11710703951133312,0.07052900826051124,0.033811294912644084,0.009163831861348533,0.4280174475015241,0.4448582414640551,0.45532424767711843,0.43399317129945486,0.40396668107501327,0.4208593530317411,0.41620154450402946,0.2613319109505982,0.2800874598141592,0.3719693939519569,0.5494525461901176,0.025843112342324316,0.028980311891598297
1872,Front,0.9999999999378418,0.9427563754108277,0.876155723371221,0.16627408615518252,0.9999999999358357,0.8206878093924335,0.7753277946554137,0.12974622013787512,0.9999999999407266,0.7031278358821993,0.9619962982159542,0.07639093809454789,0.9999999999427065,0.6810957990286121,0.9645611439748921,0.08517408288636452,0.9999272250200184,0.3930078360194891,0.5640193197818449,0.3026931462616558,0.9999999997047534,0.4393451076163887,0.3573080826519624,0.48768926723232986,0.9992900244943943,0.3208428109469147,0.28960827040779813,0.19297027415393567,0.9999999997275947,0.5026533897500057,0.5528043205867593,0.2615933099817347,0.17333632962029402,0.11779398881003107,0.16696509418273303,0.2976751526982519,0.05354418094567769,0.09279476478524899,0.063845418780839,0.11152495589499248,0.12194800873128359,0.17469220081179598,0.19770857377914713,0.013108316974218796,0.015787077295530617,0.764318454852377,0.8346877755655059,0.8429101710441951,0.9321843098274467,0.7783111132273487,0.8949856685715195,0.8837709955721303,0.6565789328162488,0.6465456407956398,0.7311837669829492,0.7927459567790612,0.012478906744651266,0.02480482461480799
1873,Side,,,,,,,,,,,,,,,,,0.8123135142411533,0.2525617841904385,0.4422544245726785,0.2926857705802276,0.6306465897163728,0.309655794746058,0.17677425288642779,0.5474559786541318,0.9762158320993203,0.17197414101688172,0.1610960182172258,0.4411601907164964,0.9346227183506883,0.25889929042639676,0.2880033547624658,0.3265940227755095,0.1650814523259516,0.05599251987329895,0.06596953720929588,,,,,0.22665753433234215,0.5150348957151013,0.3255739138904773,0.138278321407806,0.43970075874264575,0.0,0.36268805119326497,0.3628418179973553,0.36800751544821914,,,,,0.40620387440349953,0.37301188231912824,0.33429331032655024,0.3180215954374082,0.3990448860042296,0.0
1874,Side,0.1349453008369626,0.07006239825894855,0.02748821188942356,0.04775201220773884,0.4802694898633128,0.450689147567865,0.45876177300042237,0.0392027599239062,0.5579989330473595,0.3400084699413148,0.38943006235329125,0.05057504655747856,0.21416294257968588,0.1602578350655558,0.1791950257493299,0.0031128055983095913,0.7474710719199861,0.43627352485190046,0.6264939580081081,0.0916591680473253,0.6885149097465262,0.501418073965359,0.33344710348604617,0.3041101065347044,0.9925452605635264,0.7357236920426359,0.9077646734834818,0.04658203479360685,0.9959139196415379,0.42436348456118517,0.3870837771122739,0.2538542265042847,0.08881158365771126,0.032133242768576376,0.03907725807728919,0.03797106271495565,0.016310909086392187,0.048249707724133624,0.03881572334340107,0.10041001990466591,0.0024575741782820824,0.0,0.09775603697489033,0.0,0.006053550301678598,0.32272092723612306,0.2859999044275379,0.29007162081734883,0.29255483730150295,0.2349598585127309,0.29075451950577785,0.2478122847797981,0.27097860702969284,0.19072658187783756,0.1975401464192622,0.21705490328828186,0.017132665509946892,0.04959957150551088
1875,Front,0.9999999999378418,0.6734264785218783,0.7356023237100832,0.24206670141934775,0.9999999999358357,0.9494848119263023,0.9141057615117589,0.09868642080294864,0.9999999999407266,0.6500695746475849,0.822903563898418,0.1687693588043688,0.9999999999427065,0.6927094909595071,0.888819986102219,0.09082649176415648,0.9998544501128116,0.6134887147134492,0.738214587491337,0.10079320626073522,0.9999999997047534,0.6168621889508273,0.6421439956555394,0.30362969104453735,0.9999999996450124,0.7778043816127257,0.8996006616128482,0.0521316147934321,0.9999999997275947,0.41714864942954216,0.6808999745573683,0.40990029261646027,0.2732081836486623,0.09380142981569901,0.09888040316501136,0.30506060340966357,0.1416909936269271,0.05591849539198154,0.06106418231986153,0.4099257570536288,0.4344942534158737,0.2630721477307914,0.7788894263899082,0.05541903001295481,0.013538497539440301,0.7068890170225398,0.7098279900504322,0.6558485913863048,0.6417478176181243,0.5591942176938395,0.6890142924852213,0.6898016398828376,0.6736790116203734,0.7084274310853044,0.3818842769518013,0.5288167866440372,0.03110294139346561,0.05778983390349369
1876,Side,,,,,,,,,,,,,,,,,0.9515319117275648,0.409483624646073,0.580447850551764,0.32894263649184474,0.851786241260175,0.42503545182254504,0.31916883312636274,0.4218110226419473,0.7816826408300733,0.1713156949496399,0.16752750468323843,0.6519277418952133,0.9803868153145228,0.3330749507880821,0.30114347344645104,0.31598993489851906,0.09659635293505689,0.04349944860964168,0.07124044683131348,,,0.053037692230438416,0.05789288308840155,0.19052579715382081,0.24908478754327232,0.4502272448356953,0.15790732187458625,0.015643428455902473,0.028883617414662173,0.37699297930784986,0.3409350782021335,0.35492473387845375,,,0.36216592040788215,0.3637807759801563,0.2983720896063889,0.2222927132330466,0.32974680637027176,0.2454291363826409,0.02633625129959449,0.05087994250892335
1877,Front,0.9999999999378418,0.8922273466567939,0.810512103553573,0.11228447025892895,0.99987167141483,0.6558945536828653,0.7021257955678163,0.2771042893877979,0.9999999999407266,0.9999999999395002,0.9978195401697146,0.002187373437112667,0.9998854130285386,0.5859079795184536,0.6963821803024336,0.05258953192435369,0.999999999927225,0.39441430578029507,0.6185345617414255,0.36932222325306624,0.9999999997047534,0.5045765115054416,0.3535176836379029,0.39324432163438516,0.9992900244943943,0.4730635699465423,0.500849443489848,0.2524505802341541,0.9994551890494535,0.5748613678030612,0.5126620496924603,0.19153885154567202,0.23250593982796508,0.022052148905271428,0.037820228409037204,0.2086754703019763,0.013084189568854288,0.0149739486868983,0.02934693838890266,0.4591819444931145,0.21096942496408155,0.09248805986326038,0.17544422843675728,0.08342575206338713,0.050183327193491695,0.7821762801436443,0.730710068367452,0.6846594722669735,0.7573521820775376,0.5409139292319626,0.8074706345234529,0.6814388051408581,0.6648169457756089,0.6852278860222578,0.41722766931407773,0.43333648481994336,0.025677805521462906,0.040218496634921566
1878,Side,0.21475634011594003,0.11686109603114073,0.15673198398669289,0.06113013370579095,0.2153352582473317,0.13013515320954533,0.15946862856633642,0.08319987236440227,,,,,,,,,0.9236591222673997,0.4496015002042996,0.6073442516887211,0.2464686769069703,0.9917330968433028,0.5063168750479362,0.6097727410150157,0.2118694075685227,0.9783457575511725,0.32796600021980327,0.34745802341207277,0.3374696375129364,0.9689457910735646,0.24452924689973587,0.32651511905480846,0.25010448434305455,0.9088173916268503,0.5544525972131128,0.6277940835753992,0.20600070727926606,0.09737381053856421,,,0.8555315542802258,0.3990009166998054,0.19410234855093766,0.2102360679634805,0.17780418780884225,0.20756363305052128,0.44820021519039305,0.42417158081118395,0.43021041631757306,0.5868887108510175,0.48992434195278767,,,0.42798484196733577,0.37830727572872036,0.3147069077982732,0.9896383654841879,0.060945467747833805,0.4125061368065166
1879,Side,,,,,0.5604106512312859,0.5584771844936118,0.49577679915920486,0.028334824885251977,,,,,,,,,,,,,0.11809861230643677,0.3505865669491693,0.08427643837134598,0.32697619971453973,,,,,0.6954508306468398,0.3105956710804009,0.24990889032369765,0.3032822827251955,0.3904046336541284,0.24079605046004726,0.2742653756500791,0.24804788593242633,0.114673592861502,,,,0.40438291149603356,0.12022072996156613,0.11125949575401617,0.09337455707903508,0.02804433378041808,0.35518027385338247,0.33613856737962533,0.3409240966502967,0.3615452560152858,0.31850876304695586,,,,0.3905435072264269,0.2655770816010736,0.30416081896897484,0.2653217017983455,0.012037263443949842
1880,Front,0.9999999999378418,0.9773467172424479,0.999999999937344,0.06752342849282796,0.9999999999358357,0.974508229561454,0.9694491806142743,0.10618925113834318,,,,,,,,,0.999999999927225,0.7572165293177137,0.9303450187472341,0.10660443384666515,0.9999999997047534,0.710777362336549,0.595913791732834,0.1011860776411284,0.9999999996450124,0.564886866960081,0.8830625179489239,0.15915789719075984,0.9994551890494535,0.5556615586097631,0.4725843714884136,0.08311138992699603,0.10005621551509356,0.05228346317515128,0.07853765301436871,0.04103431487951505,0.016573224022718974,,,0.16538880142459594,0.18478151923155886,0.40974371984349267,0.11955269676666602,0.0,0.02096068315440815,0.26287171943835613,0.23623457909168594,0.24714257130188536,0.27836496864874344,0.24705943307669098,,,0.27084114363206496,0.25227538322108234,0.17895792576996897,0.24687876627512023,0.0,0.015750360475272538
1881,Front,0.9998756836772826,0.8750678241403235,0.8275930915685648,0.0908448785623378,0.9999999999358357,0.9549712296965761,0.9210564026725063,0.1731701598757972,,,,,,,,,0.999999999927225,0.669278681892085,0.8701173392704983,0.06963986058575419,0.9997047531739877,0.46010055430836005,0.2918323607417259,0.3372110866014211,0.9999999996450124,0.5648270082266953,0.9106281828850223,0.13563347261985512,0.9999999997275947,0.6648381133704109,0.5591105228135599,0.09890825037040024,0.13519271874334468,0.09847748459837469,0.12327759512795058,0.24160306905534598,0.11161949882542357,,,0.532197147042714,0.22173999188843968,0.5093785595377247,0.07740483162032132,0.0,0.0,0.42870320509823234,0.33435779842791336,0.37678608543550945,0.4020664933217078,0.3533152700544622,,,0.3257914052243453,0.3626042969326919,0.09207022532597188,0.08923807059448254,0.004103370248409386,0.045306591702506796
1882,Side,0.0,0.0640938686880023,0.0,0.0,,,,,,,,,,,,,0.9880649151453268,0.5091420534117512,0.6405225205808692,0.19052780825838514,,,,,0.9343272982128765,0.407697833089447,0.35892685678467073,0.17655646139627498,,,,,0.3061931242233245,0.18984535366735952,0.2168378033852014,0.09377795599681175,0.04156757884298689,,,0.3780976287066223,,0.013450173642007237,0.011196098645262031,0.00971813729442477,0.006517396848743908,0.0,0.0,0.0,0.09561985784768269,0.09008695635825231,,,0.01848978759678632,,0.004052430776997823,0.06600421288040453,0.00195858756807579,0.00195858756807579
1883,Front,0.9999999999378418,0.6729517091241893,0.8026919195876718,0.380267381149066,0.99987167141483,0.7237387929396668,0.7645968286595896,0.28969862295434523,0.9999999999407266,0.7809909854933154,0.9553840138270003,0.06152976778826785,0.9999999999427065,0.6010780173037854,0.7776607848143207,0.21478247178686674,0.999999999927225,0.2683008505613622,0.5630839175519274,0.6256002795123731,0.9994095066432209,0.24867861284976928,0.22077923364348168,0.8470745958777356,0.9996450120697039,0.5750029929022505,0.6526230312008358,0.0871833721247403,0.9999999997275947,0.4031363663226321,0.48701505931393163,0.3429049954254853,0.05629468905264579,0.0847568666202611,0.03376113851286708,0.062389348666619694,0.02710218560259036,0.02510560823376134,0.9518424290558246,0.12263839081593135,0.03637213221067514,0.19094561481294242,0.28604889888087576,0.006342398786469152,0.009753685273970747,0.48668990889235014,0.4902408449753676,0.47657282843024884,0.5131539601193656,0.4416332500542439,0.47132928055816237,0.45265275437860397,0.22857598139111643,0.21818650063927472,0.2076978280618931,0.2517940751766961,0.009091256026634005,0.018184449557887436
1884,Side,0.3560417702414196,0.22280249591543663,0.3017106266152211,0.04481697154230163,,,,,,,,,,,,,0.8329088129806484,0.3127051101525212,0.48582465814465864,0.2308219906111707,,,,,0.9968051114672327,0.297258469992981,0.3752920622310016,0.2974465639395177,,,,,0.3660628305353697,0.22606846941472392,0.25766561788408654,0.11854062371535208,0.04290890553362303,,,0.4438913408495864,,0.1427576825471007,0.12951615104569655,0.04041517488646135,0.027104137908976544,0.2828825146999415,0.26771679124059716,0.2715282150552443,0.30849468837665,0.25594000483341506,,,0.31124838250449943,,0.1954111535666712,0.2822368839098735,0.0679383869905407,0.0679383869905407
1885,Side,0.6317752361616251,0.4524552359975275,0.44538152638935935,0.17505641340937617,,,,,0.20312963071524334,0.10139754370491878,0.1368904800078833,0.018076522243100964,0.2783316145136741,0.1870971326857581,0.23951335435531834,0.0064538255325674925,0.9446182955429284,0.39019489649787714,0.6461418846930743,0.22821195330334607,,,,,0.881789137067167,0.25368131208825084,0.44699071525861583,0.30305344478665747,,,,,0.5040214215003047,0.25103973626000314,0.28581124339216835,0.3537586228786217,0.16378069960723304,0.30975999113598246,0.300048195408204,0.3573671426963251,,0.22878258977735652,0.27909112110430895,0.15815071999224936,0.3137567938519603,0.5610681875845843,0.5396720130740543,0.5473552022875411,0.5775157623856518,0.4141392184053537,0.5619367739205738,0.45529674431581524,0.6077837026125603,,0.3800308805411341,0.6589395833822586,0.14808201091568582,0.4555587613955874
1886,Front,0.9999999999378418,0.9553038523497487,0.9020317302961857,0.1557581034645049,0.9999999999358357,0.9999999999330924,0.963895858613658,0.10435880569945064,0.9999999999407266,0.8260027829375036,0.9933011756647787,0.010541074057163,0.9999999999427065,0.7369415425240641,0.9814243001541785,0.03457806926760702,0.9999272250200184,0.3598553345147775,0.5556505751244067,0.32737975922508256,0.9997047531739877,0.4569421167682775,0.3392049391066655,0.38913891849701493,0.9992900244943943,0.509517538578384,0.41853729494185266,0.12235257607743297,0.9994551890494535,0.4760002384785641,0.33118154595162413,0.1992999471201812,0.08273684141857986,0.06515135592593148,0.07984748724822212,0.1672801148746306,0.05232487255527719,0.07824499274614001,0.0708118865912225,0.3074865648449638,0.2864107908863479,0.17045078859507506,0.1581467612110636,0.038497722293259255,0.04377321181454027,0.5500047159508706,0.6467896063083077,0.6547699146220631,0.6114245563384451,0.5165550731780216,0.644785633920913,0.6134727439628652,0.543383125276358,0.6275394210844213,0.18376878211773345,0.22862356652970658,0.0,0.10696151683682724
1887,Side,,,,,0.38658966952925317,0.38685936033809315,0.3559095248293237,0.040501435601658,,,,,,,,,,,,,0.9999999997047534,0.45765115376707155,0.4235596871504259,0.4948066619275946,,,,,0.9550531187809714,0.2816170770805785,0.3233474200627084,0.4448855436702772,0.9999999993705964,0.6096210347737248,0.6899755577099613,0.554443324780222,0.28877502964993806,,,,0.9999999993723361,0.349067121483523,0.3182951618885865,0.1227115059336865,0.007710974449684875,0.782847246487505,0.7408777212104408,0.7514254308900524,0.8115273512000724,0.7381075659624806,,,,0.8703910860186534,0.24976828024230088,0.3436596741501567,0.09287165210446727,0.009523525985351349
1888,Side,0.33782943806950333,0.192688551262026,0.1947170068115242,0.10624590295327968,0.2837343599432959,0.1681386323987596,0.23067447016755785,0.12421758294925768,0.051093592552243876,0.00024199891099025962,0.022302400841906708,0.006031785080790349,0.14535350062190022,0.002167148255047391,0.04178767257379286,0.012551151317223086,0.9993450257623647,0.9999999999330252,0.9999999999301236,0.0,0.9852376731664488,0.999999999935542,0.9605888091549775,0.0015997007804299205,0.9716009936203045,0.9999999999401412,0.9821073042936942,0.0,0.9934622715899037,0.9999999999403733,0.9999999999015464,0.0,0.0,0.0045885741872645665,0.008031098848071223,0.010890814582224819,0.009690660046715302,0.012622918969810585,0.01340274190416167,0.025819476267557814,0.05760337596317521,0.019386401457961857,0.0,0.0,0.0,0.1110370573942956,0.10508420693986754,0.10658026718703364,0.1356354727339889,0.1433932823152054,0.08989968502839472,0.09220385881274341,0.057516360952881186,0.0,0.0,0.0,0.0,0.0
1889,Side,,,,,0.5267885787278287,0.23986350861502317,0.3702550330349491,0.14291637816807515,,,,,,,,,,,,,0.26158842625875783,0.39480469251032585,0.18103632714294832,0.3515008140856464,,,,,,,,,0.6264515179968684,0.3836120777975917,0.4352362405605398,0.16267511675039276,0.06648560030657182,,,,0.6332916734547256,0.3534602326570887,0.21221573334339733,,,0.6730902540480914,0.6370049531700895,0.6460738495859991,0.7305125905036391,0.7762192865249804,,,,0.7609353076778445,0.3202914965908544,0.7009777020991246,,
